history_id,opp_id,from_stage_num,to_stage_num,changed_at,changed_by,_synced_at
HIS-000001,OPP-00001,0,1,2026-02-24 14:39:04,USR-0032,2026-04-01 05:30:00
HIS-000002,OPP-00001,1,2,2026-03-04 23:49:42,USR-0032,2026-04-01 05:30:00
HIS-000003,OPP-00001,2,3,2026-03-07 12:21:30,USR-0032,2026-04-01 05:30:00
HIS-000004,OPP-00002,0,1,2026-03-16 07:34:07,USR-0028,2026-04-01 05:30:00
HIS-000005,OPP-00002,1,2,2026-03-18 21:52:47,USR-0028,2026-04-01 05:30:00
HIS-000006,OPP-00002,2,3,2026-03-19 01:24:46,USR-0028,2026-04-01 05:30:00
HIS-000007,OPP-00002,3,4,2026-03-31 12:27:49,USR-0028,2026-04-01 05:30:00
HIS-000008,OPP-00003,0,1,2026-03-18 08:06:23,USR-0028,2026-04-01 05:30:00
HIS-000009,OPP-00003,1,2,2026-03-30 20:33:21,USR-0028,2026-04-01 05:30:00
HIS-000010,OPP-00003,2,3,2026-03-31 13:09:43,USR-0028,2026-04-01 05:30:00
HIS-000011,OPP-00003,3,4,2026-03-31 23:13:44,USR-0028,2026-04-01 05:30:00
HIS-000012,OPP-00004,0,1,2025-10-29 18:43:48,USR-0024,2026-04-01 05:30:00
HIS-000013,OPP-00004,1,2,2025-11-08 02:15:32,USR-0024,2026-04-01 05:30:00
HIS-000014,OPP-00004,2,3,2025-11-09 07:05:05,USR-0024,2026-04-01 05:30:00
HIS-000015,OPP-00004,3,4,2025-11-11 22:36:06,USR-0024,2026-04-01 05:30:00
HIS-000016,OPP-00004,4,6,2025-11-21 09:18:34,USR-0024,2026-04-01 05:30:00
HIS-000017,OPP-00005,0,1,2026-01-31 13:42:33,USR-0033,2026-04-01 05:30:00
HIS-000018,OPP-00005,1,2,2026-02-26 17:08:45,USR-0033,2026-04-01 05:30:00
HIS-000019,OPP-00005,2,3,2026-02-28 18:24:53,USR-0033,2026-04-01 05:30:00
HIS-000020,OPP-00005,3,4,2026-03-03 15:58:10,USR-0033,2026-04-01 05:30:00
HIS-000021,OPP-00005,4,5,2026-03-12 17:50:24,USR-0033,2026-04-01 05:30:00
HIS-000022,OPP-00006,0,1,2026-03-17 21:57:25,USR-0028,2026-04-01 05:30:00
HIS-000023,OPP-00006,1,2,2026-03-25 15:45:24,USR-0028,2026-04-01 05:30:00
HIS-000024,OPP-00006,2,3,2026-03-26 09:40:31,USR-0028,2026-04-01 05:30:00
HIS-000025,OPP-00007,0,1,2025-12-10 23:55:22,USR-0028,2026-04-01 05:30:00
HIS-000026,OPP-00007,1,2,2025-12-20 00:22:18,USR-0028,2026-04-01 05:30:00
HIS-000027,OPP-00007,2,3,2025-12-21 17:08:02,USR-0028,2026-04-01 05:30:00
HIS-000028,OPP-00007,3,4,2025-12-24 15:47:40,USR-0028,2026-04-01 05:30:00
HIS-000029,OPP-00007,4,6,2025-12-28 19:33:44,USR-0028,2026-04-01 05:30:00
HIS-000035,OPP-00009,0,1,2025-11-19 16:27:58,USR-0036,2026-04-01 05:30:00
HIS-000036,OPP-00009,1,2,2025-12-15 15:48:36,USR-0036,2026-04-01 05:30:00
HIS-000037,OPP-00009,2,3,2025-12-16 20:05:17,USR-0036,2026-04-01 05:30:00
HIS-000038,OPP-00009,3,4,2025-12-28 21:35:57,USR-0036,2025-12-27 21:35:57
HIS-000039,OPP-00009,4,6,2026-02-19 20:44:03,USR-0036,2026-04-01 05:30:00
HIS-000040,OPP-00010,0,1,2025-09-17 15:55:26,USR-0029,2026-04-01 05:30:00
HIS-000041,OPP-00010,1,2,2025-09-29 03:02:39,USR-0029,2026-04-01 05:30:00
HIS-000042,OPP-00010,2,3,2025-09-30 06:51:16,USR-0029,2026-04-01 05:30:00
HIS-000043,OPP-00010,3,4,2025-10-04 10:27:25,USR-0029,2026-04-01 05:30:00
HIS-000044,OPP-00010,4,6,2025-10-09 00:04:27,USR-0029,2026-04-01 05:30:00
HIS-000045,OPP-00011,0,1,2025-09-29 15:30:04,USR-0033,2026-04-01 05:30:00
HIS-000046,OPP-00011,1,2,2025-10-23 11:32:30,USR-0033,2026-04-01 05:30:00
HIS-000047,OPP-00011,2,3,2025-12-04 15:21:58,USR-0033,2026-04-01 05:30:00
HIS-000048,OPP-00011,3,4,2025-12-13 22:03:34,USR-0033,2026-04-01 05:30:00
HIS-000049,OPP-00011,4,6,2025-12-21 04:39:20,USR-0033,2026-04-01 05:30:00
HIS-000050,OPP-00012,0,1,2025-12-24 16:48:06,USR-0029,2026-04-01 05:30:00
HIS-000051,OPP-00012,1,2,2026-01-02 03:38:19,USR-0029,2026-04-01 05:30:00
HIS-000052,OPP-00012,2,3,2026-01-09 16:10:56,USR-0029,2026-04-01 05:30:00
HIS-000053,OPP-00012,3,4,2026-01-24 19:57:27,USR-0029,2026-04-01 05:30:00
HIS-000054,OPP-00012,4,6,2026-01-26 03:14:24,USR-0029,2026-04-01 05:30:00
HIS-000055,OPP-00013,0,1,2026-03-15 01:03:31,USR-0035,2026-04-01 05:30:00
HIS-000056,OPP-00014,0,1,2025-11-30 22:23:52,USR-0024,2026-04-01 05:30:00
HIS-000057,OPP-00014,1,2,2025-12-04 15:36:35,USR-0024,2026-04-01 05:30:00
HIS-000058,OPP-00014,2,3,2025-12-09 14:47:18,USR-0024,2026-04-01 05:30:00
HIS-000059,OPP-00014,3,4,2025-12-19 14:28:02,USR-0024,2026-04-01 05:30:00
HIS-000060,OPP-00014,4,5,2025-12-20 10:39:16,USR-0024,2026-04-01 05:30:00
HIS-000061,OPP-00015,0,1,2025-12-24 13:37:06,USR-0029,2026-04-01 05:30:00
HIS-000062,OPP-00015,1,2,2025-12-27 21:40:17,USR-0029,2026-04-01 05:30:00
HIS-000063,OPP-00015,2,3,2026-01-01 10:33:28,USR-0029,2026-04-01 05:30:00
HIS-000064,OPP-00015,3,4,2026-01-02 07:03:18,USR-0029,2026-04-01 05:30:00
HIS-000065,OPP-00015,4,6,2026-01-09 00:16:13,USR-0029,2026-04-01 05:30:00
HIS-000066,OPP-00016,0,1,2026-03-12 20:16:21,USR-0029,2026-04-01 05:30:00
HIS-000067,OPP-00016,1,2,2026-03-24 15:54:43,USR-0029,2026-04-01 05:30:00
HIS-000068,OPP-00016,2,3,2026-03-25 09:33:25,USR-0029,2026-04-01 05:30:00
HIS-000069,OPP-00017,0,1,2025-09-17 06:09:04,USR-0026,2026-04-01 05:30:00
HIS-000070,OPP-00017,1,2,2025-09-20 04:11:37,USR-0026,2026-04-01 05:30:00
HIS-000071,OPP-00017,2,3,2025-09-21 11:41:05,USR-0026,2026-04-01 05:30:00
HIS-000072,OPP-00017,3,4,2025-09-23 16:50:08,USR-0026,2026-04-01 05:30:00
HIS-000073,OPP-00017,4,6,2025-09-30 03:28:42,USR-0026,2026-04-01 05:30:00
HIS-000074,OPP-00018,0,1,2025-12-06 03:59:13,USR-0023,2026-04-01 05:30:00
HIS-000075,OPP-00018,1,2,2025-12-14 05:45:57,USR-0023,2026-04-01 05:30:00
HIS-000076,OPP-00018,2,3,2025-12-15 22:51:11,USR-0023,2026-04-01 05:30:00
HIS-000077,OPP-00018,3,4,2025-12-16 10:18:09,USR-0023,2026-04-01 05:30:00
HIS-000078,OPP-00018,4,6,2025-12-19 14:28:23,USR-0023,2026-04-01 05:30:00
HIS-000079,OPP-00019,0,1,2025-12-18 11:00:44,USR-0034,2026-04-01 05:30:00
HIS-000080,OPP-00019,1,2,2026-02-09 15:50:08,USR-0034,2026-02-08 15:50:08
HIS-000081,OPP-00019,2,3,2026-02-22 05:43:50,USR-0034,2026-04-01 05:30:00
HIS-000082,OPP-00019,3,4,2026-03-05 03:05:01,USR-0034,2026-04-01 05:30:00
HIS-000083,OPP-00019,4,6,2026-03-21 22:49:32,USR-0034,2026-04-01 05:30:00
HIS-000084,OPP-00020,0,1,2026-03-09 01:56:32,USR-0023,2026-04-01 05:30:00
HIS-000085,OPP-00020,1,2,2026-03-23 19:17:19,USR-0023,2026-04-01 05:30:00
HIS-000086,OPP-00020,2,3,2026-03-29 17:56:47,USR-0023,2026-04-01 05:30:00
HIS-000087,OPP-00021,0,1,2025-11-07 05:35:11,USR-0034,2026-04-01 05:30:00
HIS-000088,OPP-00021,1,2,2025-11-10 10:01:13,USR-0034,2026-04-01 05:30:00
HIS-000089,OPP-00021,2,3,2025-11-17 10:56:03,USR-0034,2026-04-01 05:30:00
HIS-000090,OPP-00021,3,4,2025-11-24 03:54:57,USR-0034,2026-04-01 05:30:00
HIS-000091,OPP-00021,4,6,2025-11-24 06:55:26,USR-0034,2026-04-01 05:30:00
HIS-000092,OPP-00022,0,1,2026-01-03 09:47:07,USR-0024,2026-04-01 05:30:00
HIS-000093,OPP-00022,1,2,2026-01-24 20:34:24,USR-0024,2026-04-01 05:30:00
HIS-000094,OPP-00022,2,3,2026-01-25 20:15:34,USR-0024,2026-04-01 05:30:00
HIS-000095,OPP-00022,3,4,2026-01-29 11:43:32,USR-0024,2026-04-01 05:30:00
HIS-000096,OPP-00022,4,6,2026-02-13 00:19:07,USR-0024,2026-04-01 05:30:00
HIS-000097,OPP-00023,0,1,2025-12-10 01:10:14,USR-0028,2026-04-01 05:30:00
HIS-000098,OPP-00023,1,2,2025-12-24 17:34:36,USR-0028,2026-04-01 05:30:00
HIS-000099,OPP-00023,2,3,2025-12-25 20:28:40,USR-0028,2026-04-01 05:30:00
HIS-000100,OPP-00023,3,4,2025-12-27 12:43:22,USR-0028,2026-04-01 05:30:00
HIS-000101,OPP-00023,4,6,2026-01-06 04:01:37,USR-0028,2026-04-01 05:30:00
HIS-000102,OPP-00024,0,1,2025-10-28 12:52:36,USR-0024,2026-04-01 05:30:00
HIS-000103,OPP-00024,1,2,2025-11-04 03:22:17,USR-0024,2026-04-01 05:30:00
HIS-000104,OPP-00024,2,3,2025-11-26 18:49:46,USR-0024,2026-04-01 05:30:00
HIS-000105,OPP-00024,3,4,2025-12-02 09:05:42,USR-0024,2026-04-01 05:30:00
HIS-000106,OPP-00024,4,6,2025-12-17 05:04:42,USR-0024,2026-04-01 05:30:00
HIS-000107,OPP-00025,0,1,2025-11-09 17:14:57,USR-0025,2026-04-01 05:30:00
HIS-000108,OPP-00025,1,2,2025-11-16 20:29:45,USR-0025,2026-04-01 05:30:00
HIS-000109,OPP-00025,2,3,2025-11-21 08:06:06,USR-0025,2026-04-01 05:30:00
HIS-000110,OPP-00025,3,4,2025-11-23 12:32:34,USR-0025,2026-04-01 05:30:00
HIS-000111,OPP-00025,4,6,2025-11-23 17:40:14,USR-0025,2026-04-01 05:30:00
HIS-000112,OPP-00026,0,1,2025-10-27 05:38:58,USR-0029,2026-04-01 05:30:00
HIS-000113,OPP-00026,1,2,2025-11-04 22:09:57,USR-0029,2026-04-01 05:30:00
HIS-000114,OPP-00026,2,3,2025-11-06 09:37:17,USR-0029,2026-04-01 05:30:00
HIS-000115,OPP-00026,3,4,2025-11-14 03:16:48,USR-0029,2025-11-13 03:16:48
HIS-000116,OPP-00026,4,6,2025-11-15 10:50:49,USR-0029,2026-04-01 05:30:00
HIS-000117,OPP-00027,0,1,2025-10-03 22:01:31,USR-0028,2026-04-01 05:30:00
HIS-000118,OPP-00027,1,2,2025-10-06 05:01:26,USR-0028,2026-04-01 05:30:00
HIS-000119,OPP-00027,2,3,2025-10-06 06:25:31,USR-0028,2026-04-01 05:30:00
HIS-000120,OPP-00027,3,4,2025-10-10 13:37:56,USR-0028,2026-04-01 05:30:00
HIS-000121,OPP-00027,4,6,2025-10-11 08:24:57,USR-0028,2026-04-01 05:30:00
HIS-000122,OPP-00028,0,1,2025-09-24 16:01:42,USR-0026,2025-09-23 16:01:42
HIS-000123,OPP-00028,1,2,2025-09-29 01:48:55,USR-0026,2025-09-28 01:48:55
HIS-000124,OPP-00028,2,3,2025-10-05 09:20:43,USR-0026,2026-04-01 05:30:00
HIS-000125,OPP-00028,3,4,2025-10-07 18:40:38,USR-0026,2026-04-01 05:30:00
HIS-000126,OPP-00028,4,6,2025-10-14 11:12:44,USR-0026,2026-04-01 05:30:00
HIS-000127,OPP-00029,0,1,2025-12-13 14:20:38,USR-0024,2026-04-01 05:30:00
HIS-000128,OPP-00029,1,2,2026-01-01 10:09:25,USR-0024,2026-04-01 05:30:00
HIS-000129,OPP-00029,2,3,2026-01-03 02:41:55,USR-0024,2026-04-01 05:30:00
HIS-000130,OPP-00029,3,4,2026-01-10 19:50:39,USR-0024,2026-04-01 05:30:00
HIS-000131,OPP-00029,4,6,2026-01-15 18:15:35,USR-0024,2026-04-01 05:30:00
HIS-000132,OPP-00030,0,1,2025-11-15 11:37:22,USR-0024,2026-04-01 05:30:00
HIS-000133,OPP-00030,1,2,2025-11-17 06:18:36,USR-0024,2026-04-01 05:30:00
HIS-000134,OPP-00030,2,3,2025-11-20 19:41:05,USR-0024,2026-04-01 05:30:00
HIS-000135,OPP-00030,3,4,2025-11-22 22:06:33,USR-0024,2026-04-01 05:30:00
HIS-000136,OPP-00030,4,6,2025-11-23 00:38:04,USR-0024,2026-04-01 05:30:00
HIS-000137,OPP-00031,0,1,2026-03-16 21:51:12,USR-0025,2026-04-01 05:30:00
HIS-000138,OPP-00031,1,2,2026-03-21 13:02:29,USR-0025,2026-04-01 05:30:00
HIS-000139,OPP-00032,0,1,2025-12-06 14:39:33,USR-0026,2026-04-01 05:30:00
HIS-000140,OPP-00032,1,2,2025-12-11 07:31:44,USR-0026,2026-04-01 05:30:00
HIS-000141,OPP-00032,2,3,2025-12-13 08:18:51,USR-0026,2026-04-01 05:30:00
HIS-000142,OPP-00032,3,4,2025-12-18 23:25:52,USR-0026,2026-04-01 05:30:00
HIS-000143,OPP-00032,4,6,2025-12-25 10:36:59,USR-0026,2026-04-01 05:30:00
HIS-000144,OPP-00033,0,1,2026-01-30 21:39:46,USR-0024,2026-04-01 05:30:00
HIS-000145,OPP-00033,1,2,2026-02-15 04:27:06,USR-0024,2026-04-01 05:30:00
HIS-000146,OPP-00033,2,3,2026-02-16 09:34:35,USR-0024,2026-04-01 05:30:00
HIS-000147,OPP-00033,3,4,2026-02-21 02:26:49,USR-0024,2026-04-01 05:30:00
HIS-000148,OPP-00033,4,6,2026-02-21 03:11:59,USR-0024,2026-04-01 05:30:00
HIS-000149,OPP-00034,0,1,2026-01-30 01:46:21,USR-0025,2026-04-01 05:30:00
HIS-000150,OPP-00034,1,2,2026-02-21 03:06:06,USR-0025,2026-04-01 05:30:00
HIS-000151,OPP-00034,2,3,2026-02-26 22:49:00,USR-0025,2026-04-01 05:30:00
HIS-000152,OPP-00034,3,4,2026-03-03 00:12:35,USR-0025,2026-04-01 05:30:00
HIS-000153,OPP-00034,4,5,2026-03-13 11:37:53,USR-0025,2026-04-01 05:30:00
HIS-000154,OPP-00035,0,1,2025-12-22 11:35:16,USR-0026,2026-04-01 05:30:00
HIS-000155,OPP-00035,1,2,2026-01-05 12:34:56,USR-0026,2026-01-04 12:34:56
HIS-000156,OPP-00035,2,3,2026-01-13 17:14:10,USR-0026,2026-04-01 05:30:00
HIS-000157,OPP-00035,3,4,2026-01-21 11:16:50,USR-0026,2026-04-01 05:30:00
HIS-000158,OPP-00035,4,5,2026-02-03 12:38:39,USR-0026,2026-04-01 05:30:00
HIS-000159,OPP-00036,0,1,2025-10-04 05:18:09,USR-0026,2026-04-01 05:30:00
HIS-000160,OPP-00036,1,2,2025-10-11 09:46:52,USR-0026,2026-04-01 05:30:00
HIS-000161,OPP-00036,2,3,2025-10-14 02:11:16,USR-0026,2026-04-01 05:30:00
HIS-000162,OPP-00036,3,4,2025-10-16 11:48:41,USR-0026,2026-04-01 05:30:00
HIS-000163,OPP-00036,4,5,2025-10-16 18:27:32,USR-0026,2026-04-01 05:30:00
HIS-000164,OPP-00037,0,1,2025-12-04 15:22:06,USR-0024,2026-04-01 05:30:00
HIS-000165,OPP-00037,1,2,2025-12-05 07:12:31,USR-0024,2026-04-01 05:30:00
HIS-000166,OPP-00037,2,3,2025-12-05 15:22:21,USR-0024,2026-04-01 05:30:00
HIS-000167,OPP-00037,3,4,2025-12-06 12:16:48,USR-0024,2026-04-01 05:30:00
HIS-000168,OPP-00037,4,5,2025-12-16 21:09:15,USR-0024,2026-04-01 05:30:00
HIS-000169,OPP-00038,0,1,2025-11-29 01:05:19,USR-0029,2026-04-01 05:30:00
HIS-000170,OPP-00038,1,2,2025-12-03 18:46:41,USR-0029,2026-04-01 05:30:00
HIS-000171,OPP-00038,2,3,2025-12-07 09:02:45,USR-0029,2026-04-01 05:30:00
HIS-000172,OPP-00038,3,4,2025-12-10 18:32:39,USR-0029,2026-04-01 05:30:00
HIS-000173,OPP-00038,4,6,2025-12-19 15:06:13,USR-0029,2026-04-01 05:30:00
HIS-000174,OPP-00039,0,1,2025-10-20 17:12:43,USR-0025,2026-04-01 05:30:00
HIS-000175,OPP-00039,1,2,2025-11-01 11:55:02,USR-0025,2026-04-01 05:30:00
HIS-000176,OPP-00039,2,3,2025-11-12 08:12:49,USR-0025,2026-04-01 05:30:00
HIS-000177,OPP-00039,3,4,2025-11-14 19:20:44,USR-0025,2026-04-01 05:30:00
HIS-000178,OPP-00039,4,6,2025-11-15 18:54:44,USR-0025,2026-04-01 05:30:00
HIS-000184,OPP-00041,0,1,2025-11-15 10:16:45,USR-0029,2026-04-01 05:30:00
HIS-000185,OPP-00041,1,2,2025-11-30 18:35:51,USR-0029,2026-04-01 05:30:00
HIS-000186,OPP-00041,2,3,2025-12-06 05:28:07,USR-0029,2026-04-01 05:30:00
HIS-000187,OPP-00041,3,4,2025-12-17 16:40:14,USR-0029,2026-04-01 05:30:00
HIS-000188,OPP-00041,4,5,2025-12-26 03:34:35,USR-0029,2026-04-01 05:30:00
HIS-000189,OPP-00042,0,1,2025-11-21 14:17:07,USR-0029,2026-04-01 05:30:00
HIS-000190,OPP-00042,1,2,2025-11-25 10:14:10,USR-0029,2026-04-01 05:30:00
HIS-000191,OPP-00042,2,3,2025-11-25 23:15:25,USR-0029,2026-04-01 05:30:00
HIS-000192,OPP-00042,3,4,2025-11-29 14:17:01,USR-0029,2026-04-01 05:30:00
HIS-000193,OPP-00042,4,5,2025-12-02 18:32:01,USR-0029,2026-04-01 05:30:00
HIS-000194,OPP-00043,0,1,2025-10-26 23:06:55,USR-0026,2026-04-01 05:30:00
HIS-000195,OPP-00043,1,2,2025-11-09 00:38:54,USR-0026,2026-04-01 05:30:00
HIS-000196,OPP-00043,2,3,2025-11-11 21:11:24,USR-0026,2026-04-01 05:30:00
HIS-000197,OPP-00043,3,4,2025-11-18 18:38:35,USR-0026,2026-04-01 05:30:00
HIS-000198,OPP-00043,4,6,2025-11-21 02:22:08,USR-0026,2026-04-01 05:30:00
HIS-000199,OPP-00044,0,1,2025-09-26 13:22:41,USR-0028,2026-04-01 05:30:00
HIS-000200,OPP-00044,1,2,2025-10-13 02:04:59,USR-0028,2026-04-01 05:30:00
HIS-000201,OPP-00044,2,3,2025-10-19 07:25:35,USR-0028,2026-04-01 05:30:00
HIS-000202,OPP-00044,3,4,2025-10-25 20:14:49,USR-0028,2026-04-01 05:30:00
HIS-000203,OPP-00044,4,6,2025-10-27 21:10:02,USR-0028,2026-04-01 05:30:00
HIS-000204,OPP-00045,0,1,2025-10-26 22:38:53,USR-0023,2026-04-01 05:30:00
HIS-000205,OPP-00045,1,2,2025-11-08 21:59:49,USR-0023,2026-04-01 05:30:00
HIS-000206,OPP-00045,2,3,2025-11-18 03:31:32,USR-0023,2026-04-01 05:30:00
HIS-000207,OPP-00045,3,4,2025-11-22 15:18:48,USR-0023,2026-04-01 05:30:00
HIS-000208,OPP-00045,4,6,2025-12-06 03:14:35,USR-0023,2026-04-01 05:30:00
HIS-000209,OPP-00046,0,1,2025-12-29 04:25:40,USR-0034,2026-04-01 05:30:00
HIS-000210,OPP-00046,1,2,2026-01-19 09:23:41,USR-0034,2026-04-01 05:30:00
HIS-000211,OPP-00046,2,3,2026-02-05 15:08:44,USR-0034,2026-04-01 05:30:00
HIS-000212,OPP-00046,3,4,2026-03-04 22:07:26,USR-0034,2026-04-01 05:30:00
HIS-000213,OPP-00046,4,5,2026-03-06 07:16:39,USR-0034,2026-04-01 05:30:00
HIS-000214,OPP-00047,0,1,2025-09-21 03:59:05,USR-0033,2026-04-01 05:30:00
HIS-000215,OPP-00047,1,2,2025-10-19 14:46:21,USR-0033,2026-04-01 05:30:00
HIS-000216,OPP-00047,2,3,2025-10-27 22:52:34,USR-0033,2026-04-01 05:30:00
HIS-000217,OPP-00047,3,4,2025-11-04 01:01:38,USR-0033,2026-04-01 05:30:00
HIS-000218,OPP-00047,4,6,2025-11-12 10:02:05,USR-0033,2025-11-11 10:02:05
HIS-000219,OPP-00048,0,1,2025-10-28 00:09:39,USR-0025,2025-10-27 00:09:39
HIS-000220,OPP-00048,1,2,2025-10-31 20:17:03,USR-0025,2026-04-01 05:30:00
HIS-000221,OPP-00048,2,3,2025-11-02 18:38:08,USR-0025,2026-04-01 05:30:00
HIS-000222,OPP-00048,3,4,2025-11-05 16:46:48,USR-0025,2026-04-01 05:30:00
HIS-000223,OPP-00048,4,5,2025-11-14 00:45:17,USR-0025,2026-04-01 05:30:00
HIS-000224,OPP-00049,0,1,2026-01-28 19:17:34,USR-0035,2026-04-01 05:30:00
HIS-000225,OPP-00049,1,2,2026-03-25 04:50:22,USR-0035,2026-04-01 05:30:00
HIS-000226,OPP-00049,2,3,2026-03-29 21:43:27,USR-0035,2026-04-01 05:30:00
HIS-000227,OPP-00050,0,1,2026-03-01 02:55:38,USR-0026,2026-04-01 05:30:00
HIS-000228,OPP-00050,1,2,2026-03-23 22:11:43,USR-0026,2026-04-01 05:30:00
HIS-000229,OPP-00051,0,1,2026-02-08 02:15:12,USR-0024,2026-04-01 05:30:00
HIS-000230,OPP-00051,1,2,2026-02-11 08:41:24,USR-0024,2026-04-01 05:30:00
HIS-000231,OPP-00051,2,3,2026-02-11 22:32:38,USR-0024,2026-04-01 05:30:00
HIS-000232,OPP-00051,3,4,2026-02-19 15:27:51,USR-0024,2026-04-01 05:30:00
HIS-000233,OPP-00051,4,5,2026-02-23 18:06:29,USR-0024,2026-04-01 05:30:00
HIS-000234,OPP-00052,0,1,2026-01-11 04:35:50,USR-0023,2026-04-01 05:30:00
HIS-000235,OPP-00052,1,2,2026-01-12 12:27:42,USR-0023,2026-04-01 05:30:00
HIS-000236,OPP-00052,2,3,2026-01-15 01:43:53,USR-0023,2026-04-01 05:30:00
HIS-000237,OPP-00052,3,4,2026-01-19 01:46:59,USR-0023,2026-04-01 05:30:00
HIS-000238,OPP-00052,4,6,2026-01-19 13:02:35,USR-0023,2026-04-01 05:30:00
HIS-000239,OPP-00053,0,1,2026-01-13 22:51:23,USR-0032,2026-04-01 05:30:00
HIS-000240,OPP-00053,1,2,2026-02-15 11:28:03,USR-0032,2026-04-01 05:30:00
HIS-000241,OPP-00053,2,3,2026-03-08 14:58:41,USR-0032,2026-04-01 05:30:00
HIS-000242,OPP-00054,0,1,2026-03-30 16:39:21,USR-0035,2026-04-01 05:30:00
HIS-000248,OPP-00056,0,1,2026-01-06 20:56:41,USR-0036,2026-04-01 05:30:00
HIS-000249,OPP-00056,1,2,2026-02-01 16:23:19,USR-0036,2026-04-01 05:30:00
HIS-000250,OPP-00056,2,3,2026-02-11 17:24:38,USR-0036,2026-04-01 05:30:00
HIS-000251,OPP-00056,3,4,2026-02-17 00:44:38,USR-0036,2026-04-01 05:30:00
HIS-000252,OPP-00056,4,6,2026-02-21 00:44:36,USR-0036,2026-04-01 05:30:00
HIS-000253,OPP-00057,0,1,2026-03-30 07:39:31,USR-0036,2026-04-01 05:30:00
HIS-000254,OPP-00058,0,1,2025-11-20 12:39:30,USR-0029,2026-04-01 05:30:00
HIS-000255,OPP-00058,1,2,2025-11-25 17:12:18,USR-0029,2026-04-01 05:30:00
HIS-000256,OPP-00058,2,3,2025-11-28 11:23:35,USR-0029,2026-04-01 05:30:00
HIS-000257,OPP-00058,3,4,2025-11-28 13:57:57,USR-0029,2026-04-01 05:30:00
HIS-000258,OPP-00058,4,6,2025-12-02 21:04:24,USR-0029,2026-04-01 05:30:00
HIS-000259,OPP-00059,0,1,2025-11-16 18:39:29,USR-0034,2026-04-01 05:30:00
HIS-000260,OPP-00059,1,2,2025-12-19 14:17:45,USR-0034,2026-04-01 05:30:00
HIS-000261,OPP-00059,2,3,2026-01-01 07:53:23,USR-0034,2026-04-01 05:30:00
HIS-000262,OPP-00059,3,4,2026-01-09 01:45:59,USR-0034,2026-04-01 05:30:00
HIS-000263,OPP-00059,4,6,2026-01-28 16:13:33,USR-0034,2026-04-01 05:30:00
HIS-000264,OPP-00060,0,1,2025-09-12 23:32:18,USR-0025,2026-04-01 05:30:00
HIS-000265,OPP-00060,1,2,2025-09-29 09:25:40,USR-0025,2026-04-01 05:30:00
HIS-000266,OPP-00060,2,3,2025-09-30 11:49:44,USR-0025,2026-04-01 05:30:00
HIS-000267,OPP-00060,3,4,2025-10-12 07:31:16,USR-0025,2026-04-01 05:30:00
HIS-000268,OPP-00060,4,6,2025-10-13 19:33:55,USR-0025,2026-04-01 05:30:00
HIS-000269,OPP-00061,0,1,2025-11-14 10:40:39,USR-0026,2026-04-01 05:30:00
HIS-000270,OPP-00061,1,2,2025-12-02 08:06:37,USR-0026,2026-04-01 05:30:00
HIS-000271,OPP-00061,2,3,2025-12-05 10:42:40,USR-0026,2026-04-01 05:30:00
HIS-000272,OPP-00061,3,4,2025-12-07 06:35:15,USR-0026,2026-04-01 05:30:00
HIS-000273,OPP-00061,4,5,2025-12-09 16:28:54,USR-0026,2026-04-01 05:30:00
HIS-000279,OPP-00063,0,1,2026-03-02 12:12:03,USR-0029,2026-04-01 05:30:00
HIS-000280,OPP-00063,1,2,2026-03-23 19:05:49,USR-0029,2026-04-01 05:30:00
HIS-000281,OPP-00063,2,3,2026-03-25 08:29:04,USR-0029,2026-04-01 05:30:00
HIS-000282,OPP-00063,3,4,2026-03-30 23:46:40,USR-0029,2026-04-01 05:30:00
HIS-000283,OPP-00064,0,1,2025-10-29 04:39:53,USR-0029,2026-04-01 05:30:00
HIS-000284,OPP-00064,1,2,2025-11-19 23:10:28,USR-0029,2026-04-01 05:30:00
HIS-000285,OPP-00064,2,3,2026-01-02 19:14:26,USR-0029,2026-04-01 05:30:00
HIS-000286,OPP-00064,3,4,2026-01-24 21:53:55,USR-0029,2026-04-01 05:30:00
HIS-000287,OPP-00064,4,6,2026-02-27 10:22:19,USR-0029,2026-04-01 05:30:00
HIS-000288,OPP-00065,0,1,2025-11-11 09:13:00,USR-0032,2026-04-01 05:30:00
HIS-000289,OPP-00065,1,2,2025-11-30 02:45:21,USR-0032,2026-04-01 05:30:00
HIS-000290,OPP-00065,2,3,2025-12-07 14:09:54,USR-0032,2026-04-01 05:30:00
HIS-000291,OPP-00065,3,4,2025-12-29 10:23:26,USR-0032,2026-04-01 05:30:00
HIS-000292,OPP-00065,4,6,2026-01-01 12:51:36,USR-0032,2026-04-01 05:30:00
HIS-000293,OPP-00066,0,1,2026-02-02 11:55:52,USR-0029,2026-04-01 05:30:00
HIS-000294,OPP-00066,1,2,2026-02-23 04:18:12,USR-0029,2026-04-01 05:30:00
HIS-000295,OPP-00066,2,3,2026-02-23 19:00:34,USR-0029,2026-04-01 05:30:00
HIS-000296,OPP-00066,3,4,2026-02-28 15:42:24,USR-0029,2026-04-01 05:30:00
HIS-000297,OPP-00066,4,6,2026-03-02 17:54:08,USR-0029,2026-03-01 17:54:08
HIS-000298,OPP-00067,0,1,2026-01-23 00:07:05,USR-0023,2026-04-01 05:30:00
HIS-000299,OPP-00067,1,2,2026-02-11 08:47:51,USR-0023,2026-04-01 05:30:00
HIS-000300,OPP-00067,2,3,2026-02-18 12:42:52,USR-0023,2026-04-01 05:30:00
HIS-000301,OPP-00067,3,4,2026-02-23 06:00:04,USR-0023,2026-04-01 05:30:00
HIS-000302,OPP-00067,4,6,2026-03-11 16:38:48,USR-0023,2026-04-01 05:30:00
HIS-000303,OPP-00068,0,1,2026-01-25 20:28:15,USR-0028,2026-04-01 05:30:00
HIS-000304,OPP-00068,1,2,2026-02-02 13:28:30,USR-0028,2026-04-01 05:30:00
HIS-000305,OPP-00068,2,3,2026-02-06 10:15:10,USR-0028,2026-04-01 05:30:00
HIS-000306,OPP-00068,3,4,2026-02-16 19:07:31,USR-0028,2026-04-01 05:30:00
HIS-000307,OPP-00068,4,6,2026-02-17 00:36:54,USR-0028,2026-04-01 05:30:00
HIS-000308,OPP-00069,0,1,2026-01-12 11:54:04,USR-0023,2026-04-01 05:30:00
HIS-000309,OPP-00069,1,2,2026-01-24 04:47:52,USR-0023,2026-04-01 05:30:00
HIS-000310,OPP-00069,2,3,2026-01-25 23:51:18,USR-0023,2026-01-24 23:51:18
HIS-000311,OPP-00069,3,4,2026-02-15 14:08:55,USR-0023,2026-04-01 05:30:00
HIS-000312,OPP-00069,4,5,2026-02-18 11:09:35,USR-0023,2026-04-01 05:30:00
HIS-000313,OPP-00070,0,1,2025-12-28 06:55:05,USR-0034,2026-04-01 05:30:00
HIS-000314,OPP-00070,1,2,2026-01-03 20:10:50,USR-0034,2026-04-01 05:30:00
HIS-000315,OPP-00070,2,3,2026-01-28 05:57:36,USR-0034,2026-04-01 05:30:00
HIS-000316,OPP-00070,3,4,2026-02-04 08:01:02,USR-0034,2026-04-01 05:30:00
HIS-000317,OPP-00070,4,5,2026-02-10 03:55:48,USR-0034,2026-04-01 05:30:00
HIS-000318,OPP-00071,0,1,2026-02-17 06:13:52,USR-0023,2026-04-01 05:30:00
HIS-000319,OPP-00071,1,2,2026-02-27 10:34:28,USR-0023,2026-04-01 05:30:00
HIS-000320,OPP-00071,2,3,2026-03-01 22:31:14,USR-0023,2026-04-01 05:30:00
HIS-000321,OPP-00071,3,4,2026-03-05 05:35:46,USR-0023,2026-04-01 05:30:00
HIS-000322,OPP-00071,4,5,2026-03-08 10:13:33,USR-0023,2026-04-01 05:30:00
HIS-000323,OPP-00072,0,1,2026-01-03 13:41:41,USR-0023,2026-04-01 05:30:00
HIS-000324,OPP-00072,1,2,2026-01-31 17:37:26,USR-0023,2026-01-30 17:37:26
HIS-000325,OPP-00072,2,3,2026-02-01 02:07:33,USR-0023,2026-04-01 05:30:00
HIS-000326,OPP-00072,3,4,2026-02-05 03:45:45,USR-0023,2026-04-01 05:30:00
HIS-000327,OPP-00072,4,5,2026-02-05 07:52:34,USR-0023,2026-04-01 05:30:00
HIS-000328,OPP-00073,0,1,2025-10-04 14:59:16,USR-0033,2026-04-01 05:30:00
HIS-000329,OPP-00073,1,2,2025-11-02 10:19:12,USR-0033,2026-04-01 05:30:00
HIS-000330,OPP-00073,2,3,2025-11-30 22:08:39,USR-0033,2026-04-01 05:30:00
HIS-000331,OPP-00073,3,4,2026-01-01 19:46:19,USR-0033,2026-04-01 05:30:00
HIS-000332,OPP-00073,4,6,2026-01-13 05:53:56,USR-0033,2026-04-01 05:30:00
HIS-000333,OPP-00074,0,1,2026-01-23 02:19:12,USR-0024,2026-04-01 05:30:00
HIS-000334,OPP-00074,1,2,2026-01-28 10:43:45,USR-0024,2026-04-01 05:30:00
HIS-000335,OPP-00074,2,3,2026-02-01 12:20:46,USR-0024,2026-04-01 05:30:00
HIS-000336,OPP-00074,3,4,2026-02-03 09:10:32,USR-0024,2026-02-02 09:10:32
HIS-000337,OPP-00074,4,6,2026-02-03 19:57:49,USR-0024,2026-04-01 05:30:00
HIS-000338,OPP-00075,0,1,2026-03-08 17:48:16,USR-0026,2026-04-01 05:30:00
HIS-000339,OPP-00075,1,2,2026-03-13 23:34:12,USR-0026,2026-04-01 05:30:00
HIS-000340,OPP-00075,2,3,2026-03-18 09:45:58,USR-0026,2026-04-01 05:30:00
HIS-000341,OPP-00075,3,4,2026-03-28 13:41:56,USR-0026,2026-04-01 05:30:00
HIS-000342,OPP-00075,4,5,2026-03-29 19:22:44,USR-0026,2026-04-01 05:30:00
HIS-000343,OPP-00076,0,1,2026-03-09 08:09:52,USR-0026,2026-04-01 05:30:00
HIS-000344,OPP-00076,1,2,2026-03-23 00:57:37,USR-0026,2026-04-01 05:30:00
HIS-000345,OPP-00077,0,1,2026-02-04 06:17:45,USR-0025,2026-04-01 05:30:00
HIS-000346,OPP-00077,1,2,2026-02-15 11:09:20,USR-0025,2026-04-01 05:30:00
HIS-000347,OPP-00077,2,3,2026-02-16 15:36:42,USR-0025,2026-04-01 05:30:00
HIS-000348,OPP-00077,3,4,2026-02-19 08:46:13,USR-0025,2026-04-01 05:30:00
HIS-000349,OPP-00077,4,6,2026-03-01 03:41:07,USR-0025,2026-04-01 05:30:00
HIS-000350,OPP-00078,0,1,2025-10-08 18:28:58,USR-0025,2026-04-01 05:30:00
HIS-000351,OPP-00078,1,2,2025-10-18 07:26:08,USR-0025,2026-04-01 05:30:00
HIS-000352,OPP-00078,2,3,2025-10-23 13:43:45,USR-0025,2026-04-01 05:30:00
HIS-000353,OPP-00078,3,4,2025-11-02 16:53:31,USR-0025,2026-04-01 05:30:00
HIS-000354,OPP-00078,4,5,2025-11-09 00:06:30,USR-0025,2026-04-01 05:30:00
HIS-000355,OPP-00079,0,1,2025-10-01 02:30:36,USR-0024,2026-04-01 05:30:00
HIS-000356,OPP-00079,1,2,2025-10-03 22:07:30,USR-0024,2026-04-01 05:30:00
HIS-000357,OPP-00079,2,3,2025-10-04 06:20:57,USR-0024,2026-04-01 05:30:00
HIS-000358,OPP-00079,3,4,2025-10-10 03:36:28,USR-0024,2026-04-01 05:30:00
HIS-000359,OPP-00079,4,6,2025-10-12 20:33:49,USR-0024,2026-04-01 05:30:00
HIS-000360,OPP-00080,0,1,2025-12-09 01:34:30,USR-0036,2026-04-01 05:30:00
HIS-000361,OPP-00080,1,2,2025-12-27 23:20:01,USR-0036,2026-04-01 05:30:00
HIS-000362,OPP-00080,2,3,2026-01-08 19:28:41,USR-0036,2026-04-01 05:30:00
HIS-000363,OPP-00080,3,4,2026-01-22 03:42:30,USR-0036,2026-04-01 05:30:00
HIS-000364,OPP-00080,4,5,2026-02-04 00:18:07,USR-0036,2026-04-01 05:30:00
HIS-000365,OPP-00081,0,1,2026-01-10 08:47:08,USR-0036,2026-04-01 05:30:00
HIS-000366,OPP-00081,1,2,2026-03-26 18:52:47,USR-0036,2026-04-01 05:30:00
HIS-000367,OPP-00082,0,1,2025-10-09 23:08:13,USR-0023,2026-04-01 05:30:00
HIS-000368,OPP-00082,1,2,2025-10-22 04:04:34,USR-0023,2026-04-01 05:30:00
HIS-000369,OPP-00082,2,3,2025-10-22 11:10:45,USR-0023,2026-04-01 05:30:00
HIS-000370,OPP-00082,3,4,2025-10-23 06:38:08,USR-0023,2025-10-22 06:38:08
HIS-000371,OPP-00082,4,6,2025-11-04 16:05:40,USR-0023,2026-04-01 05:30:00
HIS-000372,OPP-00083,0,1,2025-10-06 15:09:48,USR-0034,2026-04-01 05:30:00
HIS-000373,OPP-00083,1,2,2025-10-28 03:53:29,USR-0034,2026-04-01 05:30:00
HIS-000374,OPP-00083,2,3,2025-10-30 07:36:14,USR-0034,2026-04-01 05:30:00
HIS-000375,OPP-00083,3,4,2025-11-04 08:36:52,USR-0034,2026-04-01 05:30:00
HIS-000376,OPP-00083,4,6,2025-12-18 14:30:50,USR-0034,2026-04-01 05:30:00
HIS-000377,OPP-00084,0,1,2026-03-07 03:53:25,USR-0033,2026-04-01 05:30:00
HIS-000378,OPP-00084,1,2,2026-03-18 20:51:21,USR-0033,2026-04-01 05:30:00
HIS-000379,OPP-00085,0,1,2025-11-15 21:48:00,USR-0030,2026-04-01 05:30:00
HIS-000380,OPP-00085,1,2,2025-12-10 07:45:41,USR-0030,2026-04-01 05:30:00
HIS-000381,OPP-00085,2,3,2025-12-15 01:16:17,USR-0030,2025-12-14 01:16:17
HIS-000382,OPP-00085,3,4,2026-01-08 03:37:14,USR-0030,2026-04-01 05:30:00
HIS-000383,OPP-00085,4,6,2026-01-14 02:22:00,USR-0030,2026-04-01 05:30:00
HIS-000384,OPP-00086,0,1,2025-12-10 13:31:30,USR-0033,2026-04-01 05:30:00
HIS-000385,OPP-00086,1,2,2025-12-23 14:43:54,USR-0033,2026-04-01 05:30:00
HIS-000386,OPP-00086,2,3,2026-01-08 13:47:33,USR-0033,2026-04-01 05:30:00
HIS-000387,OPP-00086,3,4,2026-01-26 23:26:31,USR-0033,2026-04-01 05:30:00
HIS-000388,OPP-00086,4,6,2026-01-31 05:51:58,USR-0033,2026-04-01 05:30:00
HIS-000389,OPP-00087,0,1,2026-01-24 05:36:07,USR-0026,2026-04-01 05:30:00
HIS-000390,OPP-00087,1,2,2026-01-28 12:15:39,USR-0026,2026-04-01 05:30:00
HIS-000391,OPP-00087,2,3,2026-01-31 09:33:15,USR-0026,2026-04-01 05:30:00
HIS-000392,OPP-00087,3,4,2026-02-04 08:58:28,USR-0026,2026-04-01 05:30:00
HIS-000393,OPP-00087,4,5,2026-02-06 22:01:53,USR-0026,2026-04-01 05:30:00
HIS-000394,OPP-00088,0,1,2025-12-28 00:39:27,USR-0026,2026-04-01 05:30:00
HIS-000395,OPP-00088,1,2,2026-01-03 07:04:36,USR-0026,2026-04-01 05:30:00
HIS-000396,OPP-00088,2,3,2026-02-05 02:38:18,USR-0026,2026-04-01 05:30:00
HIS-000397,OPP-00088,3,4,2026-02-08 07:08:07,USR-0026,2026-04-01 05:30:00
HIS-000398,OPP-00088,4,6,2026-02-10 16:03:09,USR-0026,2026-04-01 05:30:00
HIS-000399,OPP-00089,0,1,2025-10-05 04:21:07,USR-0024,2026-04-01 05:30:00
HIS-000400,OPP-00089,1,2,2025-10-18 07:36:41,USR-0024,2026-04-01 05:30:00
HIS-000401,OPP-00089,2,3,2025-10-22 04:59:41,USR-0024,2025-10-21 04:59:41
HIS-000402,OPP-00089,3,4,2025-10-22 12:58:45,USR-0024,2026-04-01 05:30:00
HIS-000403,OPP-00089,4,5,2025-10-27 23:27:00,USR-0024,2026-04-01 05:30:00
HIS-000404,OPP-00090,0,1,2025-10-07 17:34:31,USR-0030,2026-04-01 05:30:00
HIS-000405,OPP-00090,1,2,2025-10-15 18:12:57,USR-0030,2026-04-01 05:30:00
HIS-000406,OPP-00090,2,3,2025-10-30 04:33:22,USR-0030,2026-04-01 05:30:00
HIS-000407,OPP-00090,3,4,2025-11-04 11:30:33,USR-0030,2026-04-01 05:30:00
HIS-000408,OPP-00090,4,6,2025-11-15 08:23:42,USR-0030,2025-11-14 08:23:42
HIS-000409,OPP-00091,0,1,2025-10-18 16:55:19,USR-0029,2025-10-17 16:55:19
HIS-000410,OPP-00091,1,2,2025-10-30 14:38:02,USR-0029,2026-04-01 05:30:00
HIS-000411,OPP-00091,2,3,2025-10-31 03:45:54,USR-0029,2026-04-01 05:30:00
HIS-000412,OPP-00091,3,4,2025-11-02 21:22:39,USR-0029,2026-04-01 05:30:00
HIS-000413,OPP-00091,4,5,2025-11-03 18:36:08,USR-0029,2026-04-01 05:30:00
HIS-000414,OPP-00092,0,1,2025-09-16 19:34:25,USR-0025,2026-04-01 05:30:00
HIS-000415,OPP-00092,1,2,2025-10-01 02:13:36,USR-0025,2026-04-01 05:30:00
HIS-000416,OPP-00092,2,3,2025-10-07 03:22:53,USR-0025,2026-04-01 05:30:00
HIS-000417,OPP-00092,3,4,2025-10-12 03:27:19,USR-0025,2026-04-01 05:30:00
HIS-000418,OPP-00092,4,6,2025-10-17 02:47:04,USR-0025,2026-04-01 05:30:00
HIS-000419,OPP-00093,0,1,2025-12-22 06:34:41,USR-0023,2026-04-01 05:30:00
HIS-000420,OPP-00093,1,2,2025-12-29 06:04:35,USR-0023,2026-04-01 05:30:00
HIS-000421,OPP-00093,2,3,2025-12-30 13:51:11,USR-0023,2026-04-01 05:30:00
HIS-000422,OPP-00093,3,4,2026-01-02 02:05:27,USR-0023,2026-04-01 05:30:00
HIS-000423,OPP-00093,4,6,2026-01-03 19:02:42,USR-0023,2026-04-01 05:30:00
HIS-000424,OPP-00094,0,1,2025-09-29 15:02:00,USR-0028,2026-04-01 05:30:00
HIS-000425,OPP-00094,1,2,2025-10-16 12:13:35,USR-0028,2026-04-01 05:30:00
HIS-000426,OPP-00094,2,3,2025-10-19 01:31:16,USR-0028,2026-04-01 05:30:00
HIS-000427,OPP-00094,3,4,2025-10-22 19:26:25,USR-0028,2026-04-01 05:30:00
HIS-000428,OPP-00094,4,6,2025-11-01 06:40:24,USR-0028,2026-04-01 05:30:00
HIS-000429,OPP-00095,0,1,2026-03-12 17:27:57,USR-0030,2026-04-01 05:30:00
HIS-000430,OPP-00096,0,1,2026-01-04 11:29:44,USR-0023,2026-04-01 05:30:00
HIS-000431,OPP-00096,1,2,2026-01-17 00:04:05,USR-0023,2026-04-01 05:30:00
HIS-000432,OPP-00096,2,3,2026-01-22 02:20:46,USR-0023,2026-04-01 05:30:00
HIS-000433,OPP-00096,3,4,2026-01-28 17:29:15,USR-0023,2026-04-01 05:30:00
HIS-000434,OPP-00096,4,6,2026-01-28 19:57:42,USR-0023,2026-04-01 05:30:00
HIS-000435,OPP-00097,0,1,2025-10-24 10:59:59,USR-0034,2026-04-01 05:30:00
HIS-000436,OPP-00097,1,2,2025-11-16 18:06:29,USR-0034,2026-04-01 05:30:00
HIS-000437,OPP-00097,2,3,2025-11-25 05:35:40,USR-0034,2026-04-01 05:30:00
HIS-000438,OPP-00097,3,4,2025-11-26 21:47:35,USR-0034,2026-04-01 05:30:00
HIS-000439,OPP-00097,4,6,2025-12-06 16:45:41,USR-0034,2026-04-01 05:30:00
HIS-000440,OPP-00098,0,1,2026-03-02 00:18:26,USR-0023,2026-04-01 05:30:00
HIS-000441,OPP-00098,1,2,2026-03-15 22:44:10,USR-0023,2026-04-01 05:30:00
HIS-000442,OPP-00098,2,3,2026-03-22 13:52:47,USR-0023,2026-04-01 05:30:00
HIS-000443,OPP-00098,3,4,2026-03-25 04:11:04,USR-0023,2026-04-01 05:30:00
HIS-000444,OPP-00098,4,6,2026-03-31 06:10:06,USR-0023,2026-04-01 05:30:00
HIS-000445,OPP-00099,0,1,2026-03-25 08:54:36,USR-0026,2026-04-01 05:30:00
HIS-000446,OPP-00100,0,1,2025-10-02 20:52:04,USR-0026,2026-04-01 05:30:00
HIS-000447,OPP-00100,1,2,2025-10-10 12:17:41,USR-0026,2026-04-01 05:30:00
HIS-000448,OPP-00100,2,3,2025-10-13 12:10:06,USR-0026,2026-04-01 05:30:00
HIS-000449,OPP-00100,3,4,2025-10-14 13:19:59,USR-0026,2026-04-01 05:30:00
HIS-000450,OPP-00100,4,6,2025-10-15 01:55:37,USR-0026,2026-04-01 05:30:00
HIS-000456,OPP-00102,0,1,2026-03-19 04:35:36,USR-0034,2026-04-01 05:30:00
HIS-000457,OPP-00102,1,2,2026-03-26 12:53:52,USR-0034,2026-04-01 05:30:00
HIS-000458,OPP-00103,0,1,2026-01-13 02:51:28,USR-0025,2026-04-01 05:30:00
HIS-000459,OPP-00103,1,2,2026-02-08 02:04:51,USR-0025,2026-04-01 05:30:00
HIS-000460,OPP-00103,2,3,2026-02-09 06:32:43,USR-0025,2026-04-01 05:30:00
HIS-000461,OPP-00103,3,4,2026-02-21 03:03:14,USR-0025,2026-04-01 05:30:00
HIS-000462,OPP-00103,4,6,2026-02-22 00:36:23,USR-0025,2026-04-01 05:30:00
HIS-000463,OPP-00104,0,1,2025-10-19 04:07:06,USR-0025,2026-04-01 05:30:00
HIS-000464,OPP-00104,1,2,2025-10-27 09:44:02,USR-0025,2026-04-01 05:30:00
HIS-000465,OPP-00104,2,3,2025-11-16 20:42:56,USR-0025,2026-04-01 05:30:00
HIS-000466,OPP-00104,3,4,2025-12-02 11:57:33,USR-0025,2026-04-01 05:30:00
HIS-000467,OPP-00104,4,5,2025-12-13 09:16:10,USR-0025,2026-04-01 05:30:00
HIS-000468,OPP-00105,0,1,2025-10-31 14:28:47,USR-0024,2026-04-01 05:30:00
HIS-000469,OPP-00105,1,2,2025-11-17 09:05:10,USR-0024,2026-04-01 05:30:00
HIS-000470,OPP-00105,2,3,2025-11-21 23:48:37,USR-0024,2026-04-01 05:30:00
HIS-000471,OPP-00105,3,4,2025-11-25 22:24:19,USR-0024,2026-04-01 05:30:00
HIS-000472,OPP-00105,4,5,2025-12-01 17:30:34,USR-0024,2026-04-01 05:30:00
HIS-000473,OPP-00106,0,1,2025-12-22 04:19:31,USR-0028,2026-04-01 05:30:00
HIS-000474,OPP-00106,1,2,2026-01-05 09:59:44,USR-0028,2026-04-01 05:30:00
HIS-000475,OPP-00106,2,3,2026-01-11 11:55:47,USR-0028,2026-01-10 11:55:47
HIS-000476,OPP-00106,3,4,2026-01-14 15:02:29,USR-0028,2026-04-01 05:30:00
HIS-000477,OPP-00106,4,5,2026-01-22 03:04:29,USR-0028,2026-04-01 05:30:00
HIS-000478,OPP-00107,0,1,2025-12-30 20:03:23,USR-0030,2026-04-01 05:30:00
HIS-000479,OPP-00107,1,2,2026-01-12 14:59:13,USR-0030,2026-04-01 05:30:00
HIS-000480,OPP-00107,2,3,2026-02-02 04:15:31,USR-0030,2026-04-01 05:30:00
HIS-000481,OPP-00107,3,4,2026-02-05 18:10:28,USR-0030,2026-04-01 05:30:00
HIS-000482,OPP-00107,4,6,2026-02-15 23:43:25,USR-0030,2026-04-01 05:30:00
HIS-000483,OPP-00108,0,1,2026-02-01 15:55:38,USR-0035,2026-04-01 05:30:00
HIS-000484,OPP-00108,1,2,2026-02-11 18:07:31,USR-0035,2026-04-01 05:30:00
HIS-000485,OPP-00108,2,3,2026-02-19 06:52:19,USR-0035,2026-04-01 05:30:00
HIS-000486,OPP-00108,3,4,2026-03-17 16:53:38,USR-0035,2026-04-01 05:30:00
HIS-000487,OPP-00109,0,1,2025-12-14 08:14:22,USR-0024,2026-04-01 05:30:00
HIS-000488,OPP-00109,1,2,2026-01-04 09:50:47,USR-0024,2026-04-01 05:30:00
HIS-000489,OPP-00109,2,3,2026-01-05 21:24:13,USR-0024,2026-04-01 05:30:00
HIS-000490,OPP-00109,3,4,2026-01-13 10:50:18,USR-0024,2026-04-01 05:30:00
HIS-000491,OPP-00109,4,6,2026-01-15 07:14:36,USR-0024,2026-04-01 05:30:00
HIS-000492,OPP-00110,0,1,2025-11-06 06:06:11,USR-0025,2025-11-05 06:06:11
HIS-000493,OPP-00110,1,2,2025-11-21 06:25:27,USR-0025,2026-04-01 05:30:00
HIS-000494,OPP-00110,2,3,2025-11-25 08:46:43,USR-0025,2026-04-01 05:30:00
HIS-000495,OPP-00110,3,4,2025-11-29 10:11:13,USR-0025,2026-04-01 05:30:00
HIS-000496,OPP-00110,4,6,2025-12-07 05:43:25,USR-0025,2026-04-01 05:30:00
HIS-000497,OPP-00111,0,1,2026-01-21 09:05:25,USR-0024,2026-04-01 05:30:00
HIS-000498,OPP-00111,1,2,2026-02-02 19:18:08,USR-0024,2026-04-01 05:30:00
HIS-000499,OPP-00111,2,3,2026-02-03 20:01:18,USR-0024,2026-04-01 05:30:00
HIS-000500,OPP-00111,3,4,2026-02-05 00:58:51,USR-0024,2026-04-01 05:30:00
HIS-000501,OPP-00111,4,6,2026-02-10 04:49:27,USR-0024,2026-04-01 05:30:00
HIS-000502,OPP-00112,0,1,2026-02-08 03:07:37,USR-0026,2026-04-01 05:30:00
HIS-000503,OPP-00112,1,2,2026-02-17 00:55:35,USR-0026,2026-04-01 05:30:00
HIS-000504,OPP-00112,2,3,2026-02-17 02:36:35,USR-0026,2026-04-01 05:30:00
HIS-000505,OPP-00112,3,4,2026-02-18 02:12:49,USR-0026,2026-04-01 05:30:00
HIS-000506,OPP-00112,4,5,2026-02-18 04:48:24,USR-0026,2026-04-01 05:30:00
HIS-000507,OPP-00113,0,1,2025-11-02 20:18:57,USR-0024,2026-04-01 05:30:00
HIS-000508,OPP-00113,1,2,2025-11-06 07:24:31,USR-0024,2026-04-01 05:30:00
HIS-000509,OPP-00113,2,3,2025-11-08 11:28:31,USR-0024,2026-04-01 05:30:00
HIS-000510,OPP-00113,3,4,2025-11-09 14:41:38,USR-0024,2026-04-01 05:30:00
HIS-000511,OPP-00113,4,6,2025-11-21 12:08:42,USR-0024,2026-04-01 05:30:00
HIS-000512,OPP-00114,0,1,2025-11-09 11:50:26,USR-0033,2026-04-01 05:30:00
HIS-000513,OPP-00114,1,2,2026-01-29 04:42:57,USR-0033,2026-04-01 05:30:00
HIS-000514,OPP-00114,2,3,2026-02-01 19:39:09,USR-0033,2026-04-01 05:30:00
HIS-000515,OPP-00114,3,4,2026-03-21 02:51:28,USR-0033,2026-04-01 05:30:00
HIS-000516,OPP-00115,0,1,2025-11-01 20:07:50,USR-0032,2025-10-31 20:07:50
HIS-000517,OPP-00115,1,2,2025-12-04 17:43:35,USR-0032,2026-04-01 05:30:00
HIS-000518,OPP-00115,2,3,2025-12-11 03:03:47,USR-0032,2026-04-01 05:30:00
HIS-000519,OPP-00115,3,4,2025-12-12 12:11:55,USR-0032,2026-04-01 05:30:00
HIS-000520,OPP-00115,4,6,2025-12-25 07:40:22,USR-0032,2026-04-01 05:30:00
HIS-000521,OPP-00116,0,1,2026-02-21 07:14:13,USR-0032,2026-04-01 05:30:00
HIS-000522,OPP-00116,1,2,2026-03-13 00:34:10,USR-0032,2026-04-01 05:30:00
HIS-000523,OPP-00116,2,3,2026-03-25 18:09:02,USR-0032,2026-04-01 05:30:00
HIS-000524,OPP-00117,0,1,2026-01-09 22:17:55,USR-0029,2026-04-01 05:30:00
HIS-000525,OPP-00117,1,2,2026-01-17 02:28:20,USR-0029,2026-04-01 05:30:00
HIS-000526,OPP-00117,2,3,2026-01-22 13:42:32,USR-0029,2026-04-01 05:30:00
HIS-000527,OPP-00117,3,4,2026-01-23 06:55:58,USR-0029,2026-04-01 05:30:00
HIS-000528,OPP-00117,4,6,2026-01-27 03:27:02,USR-0029,2026-04-01 05:30:00
HIS-000529,OPP-00118,0,1,2026-03-29 01:11:34,USR-0025,2026-04-01 05:30:00
HIS-000530,OPP-00119,0,1,2026-01-11 06:37:47,USR-0026,2026-04-01 05:30:00
HIS-000531,OPP-00119,1,2,2026-02-05 10:31:29,USR-0026,2026-04-01 05:30:00
HIS-000532,OPP-00119,2,3,2026-02-13 01:54:10,USR-0026,2026-04-01 05:30:00
HIS-000533,OPP-00119,3,4,2026-02-19 09:41:18,USR-0026,2026-04-01 05:30:00
HIS-000534,OPP-00119,4,6,2026-02-24 06:39:07,USR-0026,2026-04-01 05:30:00
HIS-000535,OPP-00120,0,1,2025-12-11 02:25:36,USR-0023,2026-04-01 05:30:00
HIS-000536,OPP-00120,1,2,2025-12-22 03:56:37,USR-0023,2026-04-01 05:30:00
HIS-000537,OPP-00120,2,3,2025-12-28 23:22:24,USR-0023,2026-04-01 05:30:00
HIS-000538,OPP-00120,3,4,2025-12-30 22:20:51,USR-0023,2026-04-01 05:30:00
HIS-000539,OPP-00120,4,5,2026-01-03 12:19:22,USR-0023,2026-04-01 05:30:00
HIS-000540,OPP-00121,0,1,2026-01-31 16:50:41,USR-0028,2026-04-01 05:30:00
HIS-000541,OPP-00121,1,2,2026-02-16 10:16:17,USR-0028,2026-04-01 05:30:00
HIS-000542,OPP-00121,2,3,2026-02-21 14:47:07,USR-0028,2026-04-01 05:30:00
HIS-000543,OPP-00121,3,4,2026-03-08 10:42:59,USR-0028,2026-04-01 05:30:00
HIS-000544,OPP-00121,4,6,2026-03-08 23:17:36,USR-0028,2026-04-01 05:30:00
HIS-000545,OPP-00122,0,1,2025-12-25 03:02:36,USR-0036,2026-04-01 05:30:00
HIS-000546,OPP-00122,1,2,2026-01-06 11:05:30,USR-0036,2026-04-01 05:30:00
HIS-000547,OPP-00122,2,3,2026-01-12 23:24:39,USR-0036,2026-04-01 05:30:00
HIS-000548,OPP-00122,3,4,2026-01-15 14:09:14,USR-0036,2026-04-01 05:30:00
HIS-000549,OPP-00122,4,6,2026-01-29 11:22:06,USR-0036,2026-04-01 05:30:00
HIS-000550,OPP-00123,0,1,2025-12-22 10:57:18,USR-0029,2026-04-01 05:30:00
HIS-000551,OPP-00123,1,2,2026-01-05 05:16:22,USR-0029,2026-04-01 05:30:00
HIS-000552,OPP-00123,2,3,2026-01-06 21:06:56,USR-0029,2026-04-01 05:30:00
HIS-000553,OPP-00123,3,4,2026-01-11 09:41:36,USR-0029,2026-04-01 05:30:00
HIS-000554,OPP-00123,4,6,2026-01-17 10:44:23,USR-0029,2026-04-01 05:30:00
HIS-000555,OPP-00124,0,1,2025-12-06 03:09:43,USR-0028,2026-04-01 05:30:00
HIS-000556,OPP-00124,1,2,2025-12-07 20:04:17,USR-0028,2026-04-01 05:30:00
HIS-000557,OPP-00124,2,3,2025-12-18 08:10:31,USR-0028,2026-04-01 05:30:00
HIS-000558,OPP-00124,3,4,2025-12-20 10:18:07,USR-0028,2026-04-01 05:30:00
HIS-000559,OPP-00124,4,6,2025-12-21 07:28:43,USR-0028,2026-04-01 05:30:00
HIS-000560,OPP-00125,0,1,2025-09-25 16:09:15,USR-0024,2026-04-01 05:30:00
HIS-000561,OPP-00125,1,2,2025-10-04 00:21:24,USR-0024,2026-04-01 05:30:00
HIS-000562,OPP-00125,2,3,2025-10-08 19:24:37,USR-0024,2026-04-01 05:30:00
HIS-000563,OPP-00125,3,4,2025-10-12 07:27:00,USR-0024,2026-04-01 05:30:00
HIS-000564,OPP-00125,4,6,2025-10-19 01:21:24,USR-0024,2025-10-18 01:21:24
HIS-000565,OPP-00126,0,1,2026-01-14 00:23:54,USR-0029,2026-04-01 05:30:00
HIS-000566,OPP-00126,1,2,2026-01-27 09:44:38,USR-0029,2026-04-01 05:30:00
HIS-000567,OPP-00126,2,3,2026-01-28 00:30:01,USR-0029,2026-04-01 05:30:00
HIS-000568,OPP-00126,3,4,2026-01-30 10:12:53,USR-0029,2026-04-01 05:30:00
HIS-000569,OPP-00126,4,6,2026-02-14 16:38:06,USR-0029,2026-02-13 16:38:06
HIS-000570,OPP-00127,0,1,2025-12-31 05:21:45,USR-0029,2026-04-01 05:30:00
HIS-000571,OPP-00127,1,2,2026-01-08 08:06:25,USR-0029,2026-04-01 05:30:00
HIS-000572,OPP-00127,2,3,2026-01-27 21:26:43,USR-0029,2026-04-01 05:30:00
HIS-000573,OPP-00127,3,4,2026-01-28 16:49:48,USR-0029,2026-04-01 05:30:00
HIS-000574,OPP-00127,4,6,2026-01-31 06:13:10,USR-0029,2026-04-01 05:30:00
HIS-000575,OPP-00128,0,1,2026-03-30 12:36:00,USR-0033,2026-04-01 05:30:00
HIS-000576,OPP-00129,0,1,2025-12-13 18:45:19,USR-0023,2026-04-01 05:30:00
HIS-000577,OPP-00129,1,2,2025-12-27 17:50:38,USR-0023,2026-04-01 05:30:00
HIS-000578,OPP-00129,2,3,2026-01-02 06:46:30,USR-0023,2026-04-01 05:30:00
HIS-000579,OPP-00129,3,4,2026-01-02 08:43:50,USR-0023,2026-04-01 05:30:00
HIS-000580,OPP-00129,4,6,2026-01-05 03:52:36,USR-0023,2026-04-01 05:30:00
HIS-000581,OPP-00130,0,1,2025-11-27 15:59:44,USR-0024,2026-04-01 05:30:00
HIS-000582,OPP-00130,1,2,2025-12-04 07:40:56,USR-0024,2026-04-01 05:30:00
HIS-000583,OPP-00130,2,3,2025-12-07 10:27:46,USR-0024,2026-04-01 05:30:00
HIS-000584,OPP-00130,3,4,2025-12-12 12:58:28,USR-0024,2026-04-01 05:30:00
HIS-000585,OPP-00130,4,5,2025-12-15 08:05:06,USR-0024,2026-04-01 05:30:00
HIS-000586,OPP-00131,0,1,2025-11-07 08:17:57,USR-0025,2026-04-01 05:30:00
HIS-000587,OPP-00131,1,2,2025-11-10 17:19:37,USR-0025,2026-04-01 05:30:00
HIS-000588,OPP-00131,2,3,2025-11-17 04:58:05,USR-0025,2026-04-01 05:30:00
HIS-000589,OPP-00131,3,4,2025-11-17 05:33:20,USR-0025,2026-04-01 05:30:00
HIS-000590,OPP-00131,4,6,2025-11-22 19:34:00,USR-0025,2026-04-01 05:30:00
HIS-000591,OPP-00132,0,1,2025-11-19 02:28:15,USR-0025,2026-04-01 05:30:00
HIS-000592,OPP-00132,1,2,2025-11-30 06:31:56,USR-0025,2026-04-01 05:30:00
HIS-000593,OPP-00132,2,3,2025-12-04 04:09:59,USR-0025,2026-04-01 05:30:00
HIS-000594,OPP-00132,3,4,2025-12-07 21:56:05,USR-0025,2026-04-01 05:30:00
HIS-000595,OPP-00132,4,6,2025-12-13 06:19:08,USR-0025,2026-04-01 05:30:00
HIS-000596,OPP-00133,0,1,2026-03-07 12:00:08,USR-0029,2026-04-01 05:30:00
HIS-000597,OPP-00133,1,2,2026-03-13 00:45:57,USR-0029,2026-04-01 05:30:00
HIS-000598,OPP-00133,2,3,2026-03-13 19:08:21,USR-0029,2026-04-01 05:30:00
HIS-000599,OPP-00133,3,4,2026-03-13 23:57:52,USR-0029,2026-04-01 05:30:00
HIS-000600,OPP-00133,4,5,2026-03-24 01:25:02,USR-0029,2026-04-01 05:30:00
HIS-000601,OPP-00134,0,1,2026-01-15 13:51:43,USR-0026,2026-04-01 05:30:00
HIS-000602,OPP-00134,1,2,2026-01-16 20:07:31,USR-0026,2026-04-01 05:30:00
HIS-000603,OPP-00134,2,3,2026-01-18 15:35:57,USR-0026,2026-04-01 05:30:00
HIS-000604,OPP-00134,3,4,2026-01-18 22:40:34,USR-0026,2026-01-17 22:40:34
HIS-000605,OPP-00134,4,6,2026-01-21 01:53:23,USR-0026,2026-04-01 05:30:00
HIS-000606,OPP-00135,0,1,2025-10-10 05:41:09,USR-0025,2026-04-01 05:30:00
HIS-000607,OPP-00135,1,2,2025-10-14 15:18:06,USR-0025,2026-04-01 05:30:00
HIS-000608,OPP-00135,2,3,2025-10-16 22:13:50,USR-0025,2026-04-01 05:30:00
HIS-000609,OPP-00135,3,4,2025-11-07 19:11:15,USR-0025,2026-04-01 05:30:00
HIS-000610,OPP-00135,4,6,2025-11-11 21:30:42,USR-0025,2026-04-01 05:30:00
HIS-000611,OPP-00136,0,1,2025-11-13 07:12:13,USR-0034,2026-04-01 05:30:00
HIS-000612,OPP-00136,1,2,2025-12-27 15:50:20,USR-0034,2026-04-01 05:30:00
HIS-000613,OPP-00136,2,3,2026-01-11 11:03:36,USR-0034,2026-04-01 05:30:00
HIS-000614,OPP-00136,3,4,2026-01-28 23:11:01,USR-0034,2026-04-01 05:30:00
HIS-000615,OPP-00136,4,5,2026-02-02 21:14:44,USR-0034,2026-04-01 05:30:00
HIS-000616,OPP-00137,0,1,2026-01-18 08:26:27,USR-0026,2026-04-01 05:30:00
HIS-000617,OPP-00137,1,2,2026-01-24 12:05:44,USR-0026,2026-04-01 05:30:00
HIS-000618,OPP-00137,2,3,2026-01-25 10:58:40,USR-0026,2026-04-01 05:30:00
HIS-000619,OPP-00137,3,4,2026-01-27 01:30:56,USR-0026,2026-04-01 05:30:00
HIS-000620,OPP-00137,4,6,2026-01-30 12:08:34,USR-0026,2026-04-01 05:30:00
HIS-000621,OPP-00138,0,1,2026-02-16 18:11:58,USR-0025,2026-04-01 05:30:00
HIS-000622,OPP-00138,1,2,2026-03-05 07:56:05,USR-0025,2026-04-01 05:30:00
HIS-000623,OPP-00138,2,3,2026-03-16 13:26:22,USR-0025,2026-04-01 05:30:00
HIS-000624,OPP-00138,3,4,2026-03-23 08:47:46,USR-0025,2026-04-01 05:30:00
HIS-000625,OPP-00138,4,6,2026-03-27 03:57:16,USR-0025,2026-04-01 05:30:00
HIS-000626,OPP-00139,0,1,2026-01-08 01:25:36,USR-0034,2026-04-01 05:30:00
HIS-000627,OPP-00139,1,2,2026-01-26 19:33:29,USR-0034,2026-04-01 05:30:00
HIS-000628,OPP-00139,2,3,2026-01-30 16:38:01,USR-0034,2026-04-01 05:30:00
HIS-000629,OPP-00139,3,4,2026-03-01 13:25:45,USR-0034,2026-04-01 05:30:00
HIS-000630,OPP-00140,0,1,2025-09-18 15:49:18,USR-0024,2026-04-01 05:30:00
HIS-000631,OPP-00140,1,2,2025-10-17 14:27:51,USR-0024,2026-04-01 05:30:00
HIS-000632,OPP-00140,2,3,2025-10-26 16:06:12,USR-0024,2026-04-01 05:30:00
HIS-000633,OPP-00140,3,4,2025-10-29 16:21:09,USR-0024,2026-04-01 05:30:00
HIS-000634,OPP-00140,4,5,2025-10-30 20:21:32,USR-0024,2026-04-01 05:30:00
HIS-000635,OPP-00141,0,1,2025-10-11 22:19:04,USR-0025,2026-04-01 05:30:00
HIS-000636,OPP-00141,1,2,2025-11-06 11:30:11,USR-0025,2026-04-01 05:30:00
HIS-000637,OPP-00141,2,3,2025-11-08 21:44:51,USR-0025,2026-04-01 05:30:00
HIS-000638,OPP-00141,3,4,2025-11-13 22:50:11,USR-0025,2026-04-01 05:30:00
HIS-000639,OPP-00141,4,6,2025-11-29 20:39:31,USR-0025,2026-04-01 05:30:00
HIS-000640,OPP-00142,0,1,2025-10-22 03:55:13,USR-0034,2026-04-01 05:30:00
HIS-000641,OPP-00142,1,2,2025-11-14 01:23:03,USR-0034,2026-04-01 05:30:00
HIS-000642,OPP-00142,2,3,2025-11-28 23:56:37,USR-0034,2026-04-01 05:30:00
HIS-000643,OPP-00142,3,4,2025-12-09 19:43:11,USR-0034,2026-04-01 05:30:00
HIS-000644,OPP-00142,4,6,2025-12-18 03:14:45,USR-0034,2026-04-01 05:30:00
HIS-000645,OPP-00143,0,1,2025-11-09 05:16:58,USR-0030,2026-04-01 05:30:00
HIS-000646,OPP-00143,1,2,2025-11-29 02:14:24,USR-0030,2026-04-01 05:30:00
HIS-000647,OPP-00143,2,3,2026-01-24 15:13:14,USR-0030,2026-04-01 05:30:00
HIS-000648,OPP-00143,3,4,2026-03-04 14:19:32,USR-0030,2026-04-01 05:30:00
HIS-000649,OPP-00143,4,5,2026-03-13 10:13:14,USR-0030,2026-04-01 05:30:00
HIS-000650,OPP-00144,0,1,2026-03-17 07:18:35,USR-0030,2026-03-16 07:18:35
HIS-000651,OPP-00144,1,2,2026-03-26 20:56:53,USR-0030,2026-04-01 05:30:00
HIS-000652,OPP-00144,2,3,2026-03-30 15:44:20,USR-0030,2026-04-01 05:30:00
HIS-000653,OPP-00145,0,1,2025-10-19 10:17:36,USR-0029,2026-04-01 05:30:00
HIS-000654,OPP-00145,1,2,2025-10-27 17:35:07,USR-0029,2026-04-01 05:30:00
HIS-000655,OPP-00145,2,3,2025-10-30 06:45:22,USR-0029,2026-04-01 05:30:00
HIS-000656,OPP-00145,3,4,2025-10-30 10:48:34,USR-0029,2026-04-01 05:30:00
HIS-000657,OPP-00145,4,6,2025-11-03 06:59:18,USR-0029,2026-04-01 05:30:00
HIS-000658,OPP-00146,0,1,2025-11-30 12:21:27,USR-0023,2026-04-01 05:30:00
HIS-000659,OPP-00146,1,2,2025-12-04 13:30:18,USR-0023,2026-04-01 05:30:00
HIS-000660,OPP-00146,2,3,2025-12-22 13:02:31,USR-0023,2026-04-01 05:30:00
HIS-000661,OPP-00146,3,4,2025-12-28 07:57:37,USR-0023,2026-04-01 05:30:00
HIS-000662,OPP-00146,4,6,2026-01-08 14:37:20,USR-0023,2026-04-01 05:30:00
HIS-000663,OPP-00147,0,1,2025-09-28 12:45:51,USR-0026,2026-04-01 05:30:00
HIS-000664,OPP-00147,1,2,2025-10-06 06:48:16,USR-0026,2026-04-01 05:30:00
HIS-000665,OPP-00147,2,3,2025-10-08 23:04:04,USR-0026,2026-04-01 05:30:00
HIS-000666,OPP-00147,3,4,2025-10-09 18:46:43,USR-0026,2026-04-01 05:30:00
HIS-000667,OPP-00147,4,6,2025-10-16 11:30:56,USR-0026,2026-04-01 05:30:00
HIS-000668,OPP-00148,0,1,2025-09-17 00:23:47,USR-0026,2026-04-01 05:30:00
HIS-000669,OPP-00148,1,2,2025-09-21 14:33:17,USR-0026,2026-04-01 05:30:00
HIS-000670,OPP-00148,2,3,2025-09-23 19:46:37,USR-0026,2025-09-22 19:46:37
HIS-000671,OPP-00148,3,4,2025-09-25 14:09:16,USR-0026,2026-04-01 05:30:00
HIS-000672,OPP-00148,4,5,2025-10-02 12:50:30,USR-0026,2026-04-01 05:30:00
HIS-000673,OPP-00149,0,1,2026-01-24 02:27:04,USR-0026,2026-04-01 05:30:00
HIS-000674,OPP-00149,1,2,2026-02-22 16:53:19,USR-0026,2026-02-21 16:53:19
HIS-000675,OPP-00149,2,3,2026-02-26 07:24:23,USR-0026,2026-04-01 05:30:00
HIS-000676,OPP-00149,3,4,2026-03-12 00:24:51,USR-0026,2026-04-01 05:30:00
HIS-000677,OPP-00149,4,5,2026-03-18 11:21:55,USR-0026,2026-04-01 05:30:00
HIS-000678,OPP-00150,0,1,2025-09-23 00:09:33,USR-0023,2026-04-01 05:30:00
HIS-000679,OPP-00150,1,2,2025-09-30 19:00:03,USR-0023,2026-04-01 05:30:00
HIS-000680,OPP-00150,2,3,2025-10-08 23:54:16,USR-0023,2026-04-01 05:30:00
HIS-000681,OPP-00150,3,4,2025-10-09 09:05:43,USR-0023,2026-04-01 05:30:00
HIS-000682,OPP-00150,4,5,2025-10-12 17:34:19,USR-0023,2026-04-01 05:30:00
HIS-000683,OPP-00151,0,1,2025-12-15 08:43:20,USR-0034,2025-12-14 08:43:20
HIS-000684,OPP-00151,1,2,2025-12-19 09:52:35,USR-0034,2026-04-01 05:30:00
HIS-000685,OPP-00151,2,3,2026-01-07 08:06:26,USR-0034,2026-04-01 05:30:00
HIS-000686,OPP-00151,3,4,2026-01-18 13:14:01,USR-0034,2026-04-01 05:30:00
HIS-000687,OPP-00151,4,5,2026-02-12 01:16:18,USR-0034,2026-04-01 05:30:00
HIS-000688,OPP-00152,0,1,2025-12-29 14:09:07,USR-0030,2026-04-01 05:30:00
HIS-000689,OPP-00152,1,2,2026-01-18 01:17:40,USR-0030,2026-04-01 05:30:00
HIS-000690,OPP-00152,2,3,2026-01-21 16:31:43,USR-0030,2026-04-01 05:30:00
HIS-000691,OPP-00152,3,4,2026-01-22 00:59:08,USR-0030,2026-04-01 05:30:00
HIS-000692,OPP-00152,4,5,2026-02-06 02:59:16,USR-0030,2026-04-01 05:30:00
HIS-000693,OPP-00153,0,1,2026-02-23 04:33:56,USR-0028,2026-04-01 05:30:00
HIS-000694,OPP-00153,1,2,2026-03-10 12:04:57,USR-0028,2026-04-01 05:30:00
HIS-000695,OPP-00153,2,3,2026-03-17 08:00:48,USR-0028,2026-04-01 05:30:00
HIS-000696,OPP-00153,3,4,2026-03-24 01:35:24,USR-0028,2026-04-01 05:30:00
HIS-000697,OPP-00153,4,6,2026-03-27 21:46:17,USR-0028,2026-04-01 05:30:00
HIS-000698,OPP-00154,0,1,2026-02-26 21:03:02,USR-0032,2026-04-01 05:30:00
HIS-000699,OPP-00154,1,2,2026-03-29 09:14:50,USR-0032,2026-04-01 05:30:00
HIS-000700,OPP-00155,0,1,2025-09-15 17:57:42,USR-0025,2026-04-01 05:30:00
HIS-000701,OPP-00155,1,2,2025-10-11 12:01:03,USR-0025,2026-04-01 05:30:00
HIS-000702,OPP-00155,2,3,2025-11-04 04:02:50,USR-0025,2026-04-01 05:30:00
HIS-000703,OPP-00155,3,4,2025-11-15 07:31:24,USR-0025,2026-04-01 05:30:00
HIS-000704,OPP-00155,4,5,2025-11-25 12:23:02,USR-0025,2026-04-01 05:30:00
HIS-000705,OPP-00156,0,1,2026-03-05 12:56:31,USR-0026,2026-04-01 05:30:00
HIS-000706,OPP-00156,1,2,2026-03-16 06:37:00,USR-0026,2026-04-01 05:30:00
HIS-000707,OPP-00156,2,3,2026-03-18 08:45:00,USR-0026,2026-03-17 08:45:00
HIS-000708,OPP-00156,3,4,2026-03-27 06:42:47,USR-0026,2026-04-01 05:30:00
HIS-000709,OPP-00156,4,5,2026-03-27 12:27:58,USR-0026,2026-04-01 05:30:00
HIS-000710,OPP-00157,0,1,2026-02-26 22:45:01,USR-0033,2026-04-01 05:30:00
HIS-000711,OPP-00157,1,2,2026-03-12 22:10:20,USR-0033,2026-04-01 05:30:00
HIS-000712,OPP-00157,2,3,2026-03-15 23:38:37,USR-0033,2026-04-01 05:30:00
HIS-000713,OPP-00158,0,1,2025-10-27 02:08:12,USR-0034,2026-04-01 05:30:00
HIS-000714,OPP-00158,1,2,2025-11-29 07:30:03,USR-0034,2026-04-01 05:30:00
HIS-000715,OPP-00158,2,3,2025-12-02 22:19:03,USR-0034,2026-04-01 05:30:00
HIS-000716,OPP-00158,3,4,2025-12-11 23:38:56,USR-0034,2026-04-01 05:30:00
HIS-000717,OPP-00158,4,5,2025-12-17 18:07:03,USR-0034,2026-04-01 05:30:00
HIS-000718,OPP-00159,0,1,2026-03-27 00:05:14,USR-0028,2026-04-01 05:30:00
HIS-000719,OPP-00160,0,1,2025-09-11 20:23:47,USR-0028,2026-04-01 05:30:00
HIS-000720,OPP-00160,1,2,2025-09-30 16:30:14,USR-0028,2026-04-01 05:30:00
HIS-000721,OPP-00160,2,3,2025-10-10 21:37:23,USR-0028,2026-04-01 05:30:00
HIS-000722,OPP-00160,3,4,2025-10-25 03:35:07,USR-0028,2026-04-01 05:30:00
HIS-000723,OPP-00160,4,6,2025-11-28 03:36:11,USR-0028,2026-04-01 05:30:00
HIS-000724,OPP-00161,0,1,2025-11-29 09:24:31,USR-0026,2026-04-01 05:30:00
HIS-000725,OPP-00161,1,2,2025-12-04 17:53:38,USR-0026,2026-04-01 05:30:00
HIS-000726,OPP-00161,2,3,2025-12-09 18:57:52,USR-0026,2026-04-01 05:30:00
HIS-000727,OPP-00161,3,4,2025-12-14 13:23:44,USR-0026,2026-04-01 05:30:00
HIS-000728,OPP-00161,4,6,2025-12-22 07:58:06,USR-0026,2026-04-01 05:30:00
HIS-000729,OPP-00162,0,1,2026-02-09 07:17:33,USR-0028,2026-04-01 05:30:00
HIS-000730,OPP-00162,1,2,2026-02-18 01:20:23,USR-0028,2026-04-01 05:30:00
HIS-000731,OPP-00162,2,3,2026-02-23 16:51:55,USR-0028,2026-04-01 05:30:00
HIS-000732,OPP-00162,3,4,2026-02-28 10:12:07,USR-0028,2026-04-01 05:30:00
HIS-000733,OPP-00162,4,6,2026-03-04 18:58:01,USR-0028,2026-03-03 18:58:01
HIS-000734,OPP-00163,0,1,2026-01-06 13:49:07,USR-0026,2026-04-01 05:30:00
HIS-000735,OPP-00163,1,2,2026-01-07 21:34:30,USR-0026,2026-04-01 05:30:00
HIS-000736,OPP-00163,2,3,2026-01-28 01:28:35,USR-0026,2026-01-27 01:28:35
HIS-000737,OPP-00163,3,4,2026-01-30 03:20:58,USR-0026,2026-04-01 05:30:00
HIS-000738,OPP-00163,4,6,2026-01-30 17:14:03,USR-0026,2026-04-01 05:30:00
HIS-000739,OPP-00164,0,1,2026-02-03 08:52:22,USR-0033,2026-04-01 05:30:00
HIS-000740,OPP-00164,1,2,2026-03-11 11:49:02,USR-0033,2026-03-10 11:49:02
HIS-000741,OPP-00164,2,3,2026-03-13 01:00:33,USR-0033,2026-04-01 05:30:00
HIS-000742,OPP-00164,3,4,2026-03-13 14:10:39,USR-0033,2026-04-01 05:30:00
HIS-000743,OPP-00164,4,6,2026-03-17 17:28:00,USR-0033,2026-04-01 05:30:00
HIS-000744,OPP-00165,0,1,2026-01-25 18:06:02,USR-0033,2026-01-24 18:06:02
HIS-000745,OPP-00165,1,2,2026-01-30 18:12:57,USR-0033,2026-04-01 05:30:00
HIS-000746,OPP-00165,2,3,2026-02-03 03:13:31,USR-0033,2026-04-01 05:30:00
HIS-000747,OPP-00165,3,4,2026-02-25 00:56:34,USR-0033,2026-04-01 05:30:00
HIS-000748,OPP-00165,4,6,2026-03-04 10:11:18,USR-0033,2026-04-01 05:30:00
HIS-000749,OPP-00166,0,1,2026-02-19 08:18:28,USR-0033,2026-04-01 05:30:00
HIS-000750,OPP-00166,1,2,2026-03-14 17:49:10,USR-0033,2026-04-01 05:30:00
HIS-000751,OPP-00166,2,3,2026-03-22 18:24:22,USR-0033,2026-04-01 05:30:00
HIS-000752,OPP-00167,0,1,2026-02-17 09:24:40,USR-0034,2026-04-01 05:30:00
HIS-000753,OPP-00167,1,2,2026-03-03 10:11:46,USR-0034,2026-04-01 05:30:00
HIS-000754,OPP-00167,2,3,2026-03-04 23:04:14,USR-0034,2026-04-01 05:30:00
HIS-000755,OPP-00167,3,4,2026-03-13 01:23:32,USR-0034,2026-04-01 05:30:00
HIS-000756,OPP-00167,4,6,2026-03-13 02:39:50,USR-0034,2026-04-01 05:30:00
HIS-000757,OPP-00168,0,1,2026-01-22 21:11:18,USR-0023,2026-01-21 21:11:18
HIS-000758,OPP-00168,1,2,2026-01-23 19:12:09,USR-0023,2026-04-01 05:30:00
HIS-000759,OPP-00168,2,3,2026-02-03 01:06:03,USR-0023,2026-04-01 05:30:00
HIS-000760,OPP-00168,3,4,2026-02-08 13:28:55,USR-0023,2026-04-01 05:30:00
HIS-000761,OPP-00168,4,5,2026-02-08 15:07:55,USR-0023,2026-04-01 05:30:00
HIS-000762,OPP-00169,0,1,2026-03-14 10:10:54,USR-0025,2026-04-01 05:30:00
HIS-000763,OPP-00169,1,2,2026-03-20 14:09:29,USR-0025,2026-04-01 05:30:00
HIS-000764,OPP-00169,2,3,2026-03-26 04:35:11,USR-0025,2026-04-01 05:30:00
HIS-000765,OPP-00169,3,4,2026-03-29 12:04:08,USR-0025,2026-04-01 05:30:00
HIS-000766,OPP-00170,0,1,2026-03-17 08:23:02,USR-0024,2026-04-01 05:30:00
HIS-000767,OPP-00170,1,2,2026-03-28 17:47:53,USR-0024,2026-04-01 05:30:00
HIS-000768,OPP-00171,0,1,2026-02-01 02:49:53,USR-0033,2026-04-01 05:30:00
HIS-000769,OPP-00171,1,2,2026-02-11 18:17:47,USR-0033,2026-04-01 05:30:00
HIS-000770,OPP-00171,2,3,2026-02-17 15:42:20,USR-0033,2026-04-01 05:30:00
HIS-000771,OPP-00171,3,4,2026-03-05 00:25:53,USR-0033,2026-04-01 05:30:00
HIS-000772,OPP-00171,4,6,2026-03-21 16:29:01,USR-0033,2026-04-01 05:30:00
HIS-000773,OPP-00172,0,1,2025-11-19 13:47:08,USR-0036,2026-04-01 05:30:00
HIS-000774,OPP-00172,1,2,2025-12-13 03:45:15,USR-0036,2026-04-01 05:30:00
HIS-000775,OPP-00172,2,3,2026-03-04 00:09:02,USR-0036,2026-04-01 05:30:00
HIS-000776,OPP-00172,3,4,2026-03-25 07:12:55,USR-0036,2026-04-01 05:30:00
HIS-000777,OPP-00173,0,1,2025-11-15 02:11:26,USR-0024,2026-04-01 05:30:00
HIS-000778,OPP-00173,1,2,2025-11-18 21:52:03,USR-0024,2026-04-01 05:30:00
HIS-000779,OPP-00173,2,3,2025-12-02 00:38:47,USR-0024,2026-04-01 05:30:00
HIS-000780,OPP-00173,3,4,2025-12-05 04:28:32,USR-0024,2026-04-01 05:30:00
HIS-000781,OPP-00173,4,6,2025-12-19 04:21:10,USR-0024,2026-04-01 05:30:00
HIS-000782,OPP-00174,0,1,2026-02-13 19:02:04,USR-0032,2026-04-01 05:30:00
HIS-000783,OPP-00174,1,2,2026-03-06 02:05:18,USR-0032,2026-04-01 05:30:00
HIS-000784,OPP-00174,2,3,2026-03-18 06:36:46,USR-0032,2026-03-17 06:36:46
HIS-000785,OPP-00174,3,4,2026-03-27 20:46:54,USR-0032,2026-04-01 05:30:00
HIS-000786,OPP-00175,0,1,2026-02-08 07:26:42,USR-0025,2026-04-01 05:30:00
HIS-000787,OPP-00175,1,2,2026-02-16 16:08:09,USR-0025,2026-04-01 05:30:00
HIS-000788,OPP-00175,2,3,2026-02-24 00:41:32,USR-0025,2026-04-01 05:30:00
HIS-000789,OPP-00175,3,4,2026-02-24 19:50:09,USR-0025,2026-04-01 05:30:00
HIS-000790,OPP-00175,4,6,2026-02-26 23:00:30,USR-0025,2026-04-01 05:30:00
HIS-000791,OPP-00176,0,1,2025-10-15 16:41:48,USR-0029,2026-04-01 05:30:00
HIS-000792,OPP-00176,1,2,2025-10-26 16:31:00,USR-0029,2026-04-01 05:30:00
HIS-000793,OPP-00176,2,3,2025-11-08 20:03:10,USR-0029,2026-04-01 05:30:00
HIS-000794,OPP-00176,3,4,2025-11-09 09:55:34,USR-0029,2026-04-01 05:30:00
HIS-000795,OPP-00176,4,6,2025-11-09 11:28:18,USR-0029,2026-04-01 05:30:00
HIS-000796,OPP-00177,0,1,2026-01-02 23:12:23,USR-0024,2026-04-01 05:30:00
HIS-000797,OPP-00177,1,2,2026-01-15 10:48:09,USR-0024,2026-04-01 05:30:00
HIS-000798,OPP-00177,2,3,2026-01-18 21:09:06,USR-0024,2026-04-01 05:30:00
HIS-000799,OPP-00177,3,4,2026-01-19 12:51:50,USR-0024,2026-04-01 05:30:00
HIS-000800,OPP-00177,4,6,2026-01-20 00:48:02,USR-0024,2026-04-01 05:30:00
HIS-000801,OPP-00178,0,1,2025-10-04 06:04:52,USR-0024,2026-04-01 05:30:00
HIS-000802,OPP-00178,1,2,2025-10-09 05:42:59,USR-0024,2026-04-01 05:30:00
HIS-000803,OPP-00178,2,3,2025-10-12 20:52:44,USR-0024,2026-04-01 05:30:00
HIS-000804,OPP-00178,3,4,2025-10-17 08:42:38,USR-0024,2026-04-01 05:30:00
HIS-000805,OPP-00178,4,6,2025-10-21 13:34:22,USR-0024,2025-10-20 13:34:22
HIS-000806,OPP-00179,0,1,2025-10-22 01:21:38,USR-0023,2026-04-01 05:30:00
HIS-000807,OPP-00179,1,2,2025-10-29 21:27:46,USR-0023,2026-04-01 05:30:00
HIS-000808,OPP-00179,2,3,2025-11-02 09:53:53,USR-0023,2026-04-01 05:30:00
HIS-000809,OPP-00179,3,4,2025-11-10 01:40:15,USR-0023,2026-04-01 05:30:00
HIS-000810,OPP-00179,4,6,2025-11-10 06:02:15,USR-0023,2026-04-01 05:30:00
HIS-000811,OPP-00180,0,1,2026-01-25 00:04:16,USR-0023,2026-04-01 05:30:00
HIS-000812,OPP-00180,1,2,2026-02-08 14:06:56,USR-0023,2026-04-01 05:30:00
HIS-000813,OPP-00180,2,3,2026-02-13 14:14:07,USR-0023,2026-04-01 05:30:00
HIS-000814,OPP-00180,3,4,2026-02-16 18:37:05,USR-0023,2026-02-15 18:37:05
HIS-000815,OPP-00180,4,6,2026-02-23 16:44:49,USR-0023,2026-04-01 05:30:00
HIS-000816,OPP-00181,0,1,2026-02-15 05:40:13,USR-0023,2026-04-01 05:30:00
HIS-000817,OPP-00181,1,2,2026-03-05 18:24:32,USR-0023,2026-04-01 05:30:00
HIS-000818,OPP-00181,2,3,2026-03-10 07:26:16,USR-0023,2026-04-01 05:30:00
HIS-000819,OPP-00181,3,4,2026-03-15 15:32:47,USR-0023,2026-04-01 05:30:00
HIS-000820,OPP-00181,4,6,2026-03-25 03:02:18,USR-0023,2026-04-01 05:30:00
HIS-000821,OPP-00182,0,1,2026-01-10 19:00:21,USR-0025,2026-04-01 05:30:00
HIS-000822,OPP-00182,1,2,2026-01-14 11:02:12,USR-0025,2026-04-01 05:30:00
HIS-000823,OPP-00182,2,3,2026-01-20 15:15:42,USR-0025,2026-04-01 05:30:00
HIS-000824,OPP-00182,3,4,2026-02-01 15:14:21,USR-0025,2026-04-01 05:30:00
HIS-000825,OPP-00182,4,6,2026-02-13 22:06:31,USR-0025,2026-04-01 05:30:00
HIS-000831,OPP-00184,0,1,2026-02-28 08:54:35,USR-0028,2026-04-01 05:30:00
HIS-000832,OPP-00184,1,2,2026-03-04 16:12:37,USR-0028,2026-04-01 05:30:00
HIS-000833,OPP-00184,2,3,2026-03-04 19:50:37,USR-0028,2026-04-01 05:30:00
HIS-000834,OPP-00184,3,4,2026-03-10 00:11:53,USR-0028,2026-04-01 05:30:00
HIS-000835,OPP-00184,4,6,2026-03-19 13:00:18,USR-0028,2026-04-01 05:30:00
HIS-000841,OPP-00186,0,1,2026-01-24 10:49:18,USR-0030,2026-04-01 05:30:00
HIS-000842,OPP-00186,1,2,2026-01-31 00:21:08,USR-0030,2026-04-01 05:30:00
HIS-000843,OPP-00186,2,3,2026-02-01 11:09:29,USR-0030,2026-04-01 05:30:00
HIS-000844,OPP-00186,3,4,2026-02-21 20:13:26,USR-0030,2026-04-01 05:30:00
HIS-000845,OPP-00186,4,6,2026-03-17 00:14:42,USR-0030,2026-04-01 05:30:00
HIS-000846,OPP-00187,0,1,2026-03-19 17:46:50,USR-0024,2026-04-01 05:30:00
HIS-000847,OPP-00187,1,2,2026-03-23 22:11:20,USR-0024,2026-04-01 05:30:00
HIS-000848,OPP-00187,2,3,2026-03-25 17:06:03,USR-0024,2026-04-01 05:30:00
HIS-000849,OPP-00187,3,4,2026-03-28 21:55:33,USR-0024,2026-04-01 05:30:00
HIS-000850,OPP-00187,4,6,2026-03-30 17:33:02,USR-0024,2026-04-01 05:30:00
HIS-000851,OPP-00188,0,1,2025-11-28 04:41:42,USR-0024,2025-11-27 04:41:42
HIS-000852,OPP-00188,1,2,2025-12-01 02:35:44,USR-0024,2025-11-30 02:35:44
HIS-000853,OPP-00188,2,3,2025-12-05 11:47:28,USR-0024,2026-04-01 05:30:00
HIS-000854,OPP-00188,3,4,2025-12-12 00:12:15,USR-0024,2026-04-01 05:30:00
HIS-000855,OPP-00188,4,6,2025-12-31 02:59:57,USR-0024,2026-04-01 05:30:00
HIS-000856,OPP-00189,0,1,2026-01-23 04:59:08,USR-0036,2026-04-01 05:30:00
HIS-000857,OPP-00189,1,2,2026-02-25 23:02:30,USR-0036,2026-02-24 23:02:30
HIS-000858,OPP-00190,0,1,2025-12-02 16:04:39,USR-0035,2026-04-01 05:30:00
HIS-000859,OPP-00190,1,2,2026-01-07 11:47:01,USR-0035,2026-04-01 05:30:00
HIS-000860,OPP-00190,2,3,2026-03-14 13:54:19,USR-0035,2026-04-01 05:30:00
HIS-000861,OPP-00191,0,1,2026-03-30 02:04:33,USR-0032,2026-04-01 05:30:00
HIS-000862,OPP-00192,0,1,2026-03-18 16:05:29,USR-0023,2026-04-01 05:30:00
HIS-000863,OPP-00192,1,2,2026-03-27 02:22:58,USR-0023,2026-03-26 02:22:58
HIS-000864,OPP-00193,0,1,2025-11-28 04:56:45,USR-0023,2026-04-01 05:30:00
HIS-000865,OPP-00193,1,2,2025-12-05 17:45:56,USR-0023,2025-12-04 17:45:56
HIS-000866,OPP-00193,2,3,2025-12-18 14:54:18,USR-0023,2026-04-01 05:30:00
HIS-000867,OPP-00193,3,4,2025-12-22 20:05:58,USR-0023,2026-04-01 05:30:00
HIS-000868,OPP-00193,4,6,2025-12-23 00:13:08,USR-0023,2026-04-01 05:30:00
HIS-000869,OPP-00194,0,1,2025-12-28 23:21:25,USR-0024,2026-04-01 05:30:00
HIS-000870,OPP-00194,1,2,2026-01-04 19:02:07,USR-0024,2026-04-01 05:30:00
HIS-000871,OPP-00194,2,3,2026-01-05 19:21:28,USR-0024,2026-04-01 05:30:00
HIS-000872,OPP-00194,3,4,2026-01-09 16:07:39,USR-0024,2026-04-01 05:30:00
HIS-000873,OPP-00194,4,5,2026-01-16 22:47:15,USR-0024,2026-04-01 05:30:00
HIS-000874,OPP-00195,0,1,2026-03-20 14:06:01,USR-0028,2026-04-01 05:30:00
HIS-000875,OPP-00195,1,2,2026-03-30 06:23:58,USR-0028,2026-03-29 06:23:58
HIS-000876,OPP-00196,0,1,2026-03-02 08:43:19,USR-0028,2026-04-01 05:30:00
HIS-000877,OPP-00196,1,2,2026-03-07 00:54:30,USR-0028,2026-04-01 05:30:00
HIS-000878,OPP-00196,2,3,2026-03-08 06:46:16,USR-0028,2026-04-01 05:30:00
HIS-000879,OPP-00196,3,4,2026-03-16 04:49:39,USR-0028,2026-04-01 05:30:00
HIS-000880,OPP-00196,4,6,2026-03-25 11:41:49,USR-0028,2026-03-24 11:41:49
HIS-000881,OPP-00197,0,1,2026-03-23 18:31:45,USR-0024,2026-04-01 05:30:00
HIS-000882,OPP-00198,0,1,2026-03-24 04:42:11,USR-0029,2026-04-01 05:30:00
HIS-000883,OPP-00198,1,2,2026-03-30 00:20:33,USR-0029,2026-04-01 05:30:00
HIS-000884,OPP-00199,0,1,2025-09-16 06:55:37,USR-0029,2026-04-01 05:30:00
HIS-000885,OPP-00199,1,2,2025-09-20 19:29:28,USR-0029,2026-04-01 05:30:00
HIS-000886,OPP-00199,2,3,2025-09-27 20:08:37,USR-0029,2026-04-01 05:30:00
HIS-000887,OPP-00199,3,4,2025-10-06 21:24:03,USR-0029,2026-04-01 05:30:00
HIS-000888,OPP-00199,4,6,2025-10-13 04:39:17,USR-0029,2026-04-01 05:30:00
HIS-000889,OPP-00200,0,1,2026-02-04 13:00:39,USR-0028,2026-04-01 05:30:00
HIS-000890,OPP-00200,1,2,2026-02-09 20:26:27,USR-0028,2026-04-01 05:30:00
HIS-000891,OPP-00200,2,3,2026-02-10 06:18:35,USR-0028,2026-04-01 05:30:00
HIS-000892,OPP-00200,3,4,2026-02-13 04:26:29,USR-0028,2026-04-01 05:30:00
HIS-000893,OPP-00200,4,6,2026-02-24 10:51:19,USR-0028,2026-04-01 05:30:00
HIS-000894,OPP-00201,0,1,2025-10-10 23:28:19,USR-0028,2026-04-01 05:30:00
HIS-000895,OPP-00201,1,2,2025-10-18 21:25:03,USR-0028,2026-04-01 05:30:00
HIS-000896,OPP-00201,2,3,2025-10-28 16:48:25,USR-0028,2026-04-01 05:30:00
HIS-000897,OPP-00201,3,4,2025-11-11 17:15:57,USR-0028,2026-04-01 05:30:00
HIS-000898,OPP-00201,4,5,2025-11-14 15:21:55,USR-0028,2026-04-01 05:30:00
HIS-000899,OPP-00202,0,1,2025-10-28 16:42:53,USR-0036,2026-04-01 05:30:00
HIS-000900,OPP-00202,1,2,2025-12-02 00:26:45,USR-0036,2026-04-01 05:30:00
HIS-000901,OPP-00202,2,3,2026-01-20 17:35:00,USR-0036,2026-04-01 05:30:00
HIS-000902,OPP-00202,3,4,2026-02-06 02:58:57,USR-0036,2026-04-01 05:30:00
HIS-000903,OPP-00202,4,6,2026-02-24 06:38:24,USR-0036,2026-04-01 05:30:00
HIS-000904,OPP-00203,0,1,2025-10-26 06:15:48,USR-0025,2026-04-01 05:30:00
HIS-000905,OPP-00203,1,2,2025-11-03 21:25:23,USR-0025,2026-04-01 05:30:00
HIS-000906,OPP-00203,2,3,2025-11-09 10:40:22,USR-0025,2026-04-01 05:30:00
HIS-000907,OPP-00203,3,4,2025-11-09 11:56:16,USR-0025,2026-04-01 05:30:00
HIS-000908,OPP-00203,4,6,2025-11-16 07:22:43,USR-0025,2026-04-01 05:30:00
HIS-000909,OPP-00204,0,1,2025-10-28 17:49:17,USR-0029,2026-04-01 05:30:00
HIS-000910,OPP-00204,1,2,2025-11-10 19:44:50,USR-0029,2026-04-01 05:30:00
HIS-000911,OPP-00204,2,3,2025-11-10 21:54:05,USR-0029,2026-04-01 05:30:00
HIS-000912,OPP-00204,3,4,2025-11-13 06:24:35,USR-0029,2026-04-01 05:30:00
HIS-000913,OPP-00204,4,6,2025-11-15 09:56:16,USR-0029,2026-04-01 05:30:00
HIS-000914,OPP-00205,0,1,2025-12-09 13:31:42,USR-0032,2026-04-01 05:30:00
HIS-000915,OPP-00205,1,2,2026-01-08 02:15:49,USR-0032,2026-04-01 05:30:00
HIS-000916,OPP-00205,2,3,2026-01-15 02:34:52,USR-0032,2026-04-01 05:30:00
HIS-000917,OPP-00205,3,4,2026-02-01 11:25:14,USR-0032,2026-04-01 05:30:00
HIS-000918,OPP-00205,4,6,2026-02-03 00:45:25,USR-0032,2026-04-01 05:30:00
HIS-000919,OPP-00206,0,1,2025-12-04 22:46:09,USR-0032,2026-04-01 05:30:00
HIS-000920,OPP-00206,1,2,2026-01-09 07:45:59,USR-0032,2026-04-01 05:30:00
HIS-000921,OPP-00206,2,3,2026-01-15 10:03:40,USR-0032,2026-04-01 05:30:00
HIS-000922,OPP-00206,3,4,2026-01-23 14:48:25,USR-0032,2026-01-22 14:48:25
HIS-000923,OPP-00206,4,6,2026-02-20 23:47:57,USR-0032,2026-02-19 23:47:57
HIS-000924,OPP-00207,0,1,2025-09-22 19:14:41,USR-0029,2026-04-01 05:30:00
HIS-000925,OPP-00207,1,2,2025-09-23 20:32:34,USR-0029,2026-04-01 05:30:00
HIS-000926,OPP-00207,2,3,2025-10-01 16:31:03,USR-0029,2026-04-01 05:30:00
HIS-000927,OPP-00207,3,4,2025-10-06 17:08:41,USR-0029,2026-04-01 05:30:00
HIS-000928,OPP-00207,4,6,2025-10-18 19:24:55,USR-0029,2026-04-01 05:30:00
HIS-000929,OPP-00208,0,1,2026-01-11 23:02:14,USR-0030,2026-04-01 05:30:00
HIS-000930,OPP-00208,1,2,2026-01-23 19:22:03,USR-0030,2026-04-01 05:30:00
HIS-000931,OPP-00208,2,3,2026-02-12 12:02:22,USR-0030,2026-04-01 05:30:00
HIS-000932,OPP-00208,3,4,2026-02-27 16:09:18,USR-0030,2026-04-01 05:30:00
HIS-000933,OPP-00209,0,1,2025-11-16 00:28:54,USR-0028,2026-04-01 05:30:00
HIS-000934,OPP-00209,1,2,2025-11-30 20:11:11,USR-0028,2026-04-01 05:30:00
HIS-000935,OPP-00209,2,3,2025-12-01 19:12:21,USR-0028,2026-04-01 05:30:00
HIS-000936,OPP-00209,3,4,2025-12-10 20:31:13,USR-0028,2026-04-01 05:30:00
HIS-000937,OPP-00209,4,6,2025-12-13 09:38:32,USR-0028,2026-04-01 05:30:00
HIS-000938,OPP-00210,0,1,2025-09-23 13:50:47,USR-0030,2025-09-22 13:50:47
HIS-000939,OPP-00210,1,2,2025-10-10 11:42:11,USR-0030,2026-04-01 05:30:00
HIS-000940,OPP-00210,2,3,2025-10-16 11:10:33,USR-0030,2026-04-01 05:30:00
HIS-000941,OPP-00210,3,4,2025-10-17 23:00:47,USR-0030,2025-10-16 23:00:47
HIS-000942,OPP-00210,4,5,2025-10-23 14:43:15,USR-0030,2026-04-01 05:30:00
HIS-000943,OPP-00211,0,1,2025-11-29 18:07:11,USR-0026,2026-04-01 05:30:00
HIS-000944,OPP-00211,1,2,2025-12-09 05:47:01,USR-0026,2026-04-01 05:30:00
HIS-000945,OPP-00211,2,3,2025-12-11 01:58:24,USR-0026,2026-04-01 05:30:00
HIS-000946,OPP-00211,3,4,2025-12-11 03:57:29,USR-0026,2026-04-01 05:30:00
HIS-000947,OPP-00211,4,6,2025-12-24 02:41:25,USR-0026,2026-04-01 05:30:00
HIS-000948,OPP-00212,0,1,2025-09-23 05:19:28,USR-0032,2026-04-01 05:30:00
HIS-000949,OPP-00212,1,2,2025-10-09 13:33:14,USR-0032,2026-04-01 05:30:00
HIS-000950,OPP-00212,2,3,2025-10-12 17:59:10,USR-0032,2026-04-01 05:30:00
HIS-000951,OPP-00212,3,4,2025-10-13 01:46:48,USR-0032,2026-04-01 05:30:00
HIS-000952,OPP-00212,4,6,2025-10-13 10:43:55,USR-0032,2026-04-01 05:30:00
HIS-000953,OPP-00213,0,1,2026-01-03 08:27:59,USR-0026,2026-04-01 05:30:00
HIS-000954,OPP-00213,1,2,2026-01-06 18:48:33,USR-0026,2026-04-01 05:30:00
HIS-000955,OPP-00213,2,3,2026-01-14 20:24:57,USR-0026,2026-04-01 05:30:00
HIS-000956,OPP-00213,3,4,2026-01-16 16:32:03,USR-0026,2026-04-01 05:30:00
HIS-000957,OPP-00213,4,5,2026-01-19 22:49:57,USR-0026,2026-01-18 22:49:57
HIS-000958,OPP-00214,0,1,2026-02-02 19:57:27,USR-0026,2026-04-01 05:30:00
HIS-000959,OPP-00214,1,2,2026-02-06 18:14:31,USR-0026,2026-04-01 05:30:00
HIS-000960,OPP-00214,2,3,2026-02-08 00:06:41,USR-0026,2026-04-01 05:30:00
HIS-000961,OPP-00214,3,4,2026-02-13 00:13:15,USR-0026,2026-04-01 05:30:00
HIS-000962,OPP-00214,4,5,2026-02-17 12:31:17,USR-0026,2026-04-01 05:30:00
HIS-000963,OPP-00215,0,1,2025-10-26 01:09:58,USR-0028,2026-04-01 05:30:00
HIS-000964,OPP-00215,1,2,2025-10-31 11:12:54,USR-0028,2026-04-01 05:30:00
HIS-000965,OPP-00215,2,3,2025-11-11 05:55:54,USR-0028,2026-04-01 05:30:00
HIS-000966,OPP-00215,3,4,2025-11-19 16:58:32,USR-0028,2025-11-18 16:58:32
HIS-000967,OPP-00215,4,5,2025-11-20 01:21:52,USR-0028,2026-04-01 05:30:00
HIS-000968,OPP-00216,0,1,2026-01-10 23:22:34,USR-0024,2026-04-01 05:30:00
HIS-000969,OPP-00216,1,2,2026-01-17 17:47:18,USR-0024,2026-04-01 05:30:00
HIS-000970,OPP-00216,2,3,2026-01-20 23:14:59,USR-0024,2026-04-01 05:30:00
HIS-000971,OPP-00216,3,4,2026-01-23 10:08:07,USR-0024,2026-04-01 05:30:00
HIS-000972,OPP-00216,4,5,2026-01-28 10:25:52,USR-0024,2026-04-01 05:30:00
HIS-000973,OPP-00217,0,1,2025-11-26 12:18:46,USR-0034,2026-04-01 05:30:00
HIS-000974,OPP-00217,1,2,2025-12-13 12:51:16,USR-0034,2025-12-12 12:51:16
HIS-000975,OPP-00217,2,3,2026-01-03 21:34:31,USR-0034,2026-04-01 05:30:00
HIS-000976,OPP-00217,3,4,2026-01-24 05:19:42,USR-0034,2026-04-01 05:30:00
HIS-000977,OPP-00217,4,6,2026-02-14 02:54:37,USR-0034,2026-04-01 05:30:00
HIS-000978,OPP-00218,0,1,2025-10-01 00:35:00,USR-0025,2026-04-01 05:30:00
HIS-000979,OPP-00218,1,2,2025-10-08 14:49:16,USR-0025,2026-04-01 05:30:00
HIS-000980,OPP-00218,2,3,2025-10-14 19:44:45,USR-0025,2026-04-01 05:30:00
HIS-000981,OPP-00218,3,4,2025-10-17 17:32:21,USR-0025,2026-04-01 05:30:00
HIS-000982,OPP-00218,4,6,2025-10-28 20:55:55,USR-0025,2026-04-01 05:30:00
HIS-000983,OPP-00219,0,1,2026-02-27 08:35:42,USR-0026,2026-04-01 05:30:00
HIS-000984,OPP-00219,1,2,2026-03-13 02:16:46,USR-0026,2026-04-01 05:30:00
HIS-000985,OPP-00219,2,3,2026-03-16 01:05:40,USR-0026,2026-04-01 05:30:00
HIS-000986,OPP-00219,3,4,2026-03-20 18:54:20,USR-0026,2026-04-01 05:30:00
HIS-000987,OPP-00219,4,5,2026-03-21 03:59:34,USR-0026,2026-04-01 05:30:00
HIS-000988,OPP-00220,0,1,2025-09-30 14:16:53,USR-0024,2026-04-01 05:30:00
HIS-000989,OPP-00220,1,2,2025-10-08 14:50:34,USR-0024,2026-04-01 05:30:00
HIS-000990,OPP-00220,2,3,2025-10-09 14:27:32,USR-0024,2026-04-01 05:30:00
HIS-000991,OPP-00220,3,4,2025-10-26 04:53:26,USR-0024,2026-04-01 05:30:00
HIS-000992,OPP-00220,4,6,2025-10-28 14:27:35,USR-0024,2026-04-01 05:30:00
HIS-000993,OPP-00221,0,1,2025-09-10 13:55:36,USR-0023,2026-04-01 05:30:00
HIS-000994,OPP-00221,1,2,2025-09-15 19:39:38,USR-0023,2026-04-01 05:30:00
HIS-000995,OPP-00221,2,3,2025-09-22 14:53:21,USR-0023,2026-04-01 05:30:00
HIS-000996,OPP-00221,3,4,2025-09-24 10:00:11,USR-0023,2026-04-01 05:30:00
HIS-000997,OPP-00221,4,5,2025-09-30 22:05:08,USR-0023,2026-04-01 05:30:00
HIS-000998,OPP-00222,0,1,2026-03-28 21:14:41,USR-0025,2026-04-01 05:30:00
HIS-000999,OPP-00223,0,1,2026-02-25 15:10:52,USR-0026,2026-04-01 05:30:00
HIS-001000,OPP-00223,1,2,2026-03-15 07:47:30,USR-0026,2026-04-01 05:30:00
HIS-001001,OPP-00223,2,3,2026-03-21 13:34:57,USR-0026,2026-04-01 05:30:00
HIS-001002,OPP-00223,3,4,2026-03-24 06:26:56,USR-0026,2026-03-23 06:26:56
HIS-001003,OPP-00224,0,1,2025-11-11 15:55:06,USR-0030,2026-04-01 05:30:00
HIS-001004,OPP-00224,1,2,2025-11-20 19:20:41,USR-0030,2026-04-01 05:30:00
HIS-001005,OPP-00224,2,3,2025-11-20 21:12:15,USR-0030,2026-04-01 05:30:00
HIS-001006,OPP-00224,3,4,2025-12-26 08:16:21,USR-0030,2026-04-01 05:30:00
HIS-001007,OPP-00224,4,5,2026-01-06 12:42:51,USR-0030,2026-04-01 05:30:00
HIS-001008,OPP-00225,0,1,2025-12-11 17:57:34,USR-0026,2026-04-01 05:30:00
HIS-001009,OPP-00225,1,2,2026-01-06 04:21:10,USR-0026,2026-04-01 05:30:00
HIS-001010,OPP-00225,2,3,2026-01-11 20:23:55,USR-0026,2026-04-01 05:30:00
HIS-001011,OPP-00225,3,4,2026-01-14 12:38:01,USR-0026,2026-04-01 05:30:00
HIS-001012,OPP-00225,4,6,2026-01-23 22:00:38,USR-0026,2026-04-01 05:30:00
HIS-001013,OPP-00226,0,1,2026-03-21 10:21:26,USR-0028,2026-04-01 05:30:00
HIS-001014,OPP-00226,1,2,2026-03-26 00:46:42,USR-0028,2026-04-01 05:30:00
HIS-001015,OPP-00227,0,1,2025-11-05 19:06:08,USR-0029,2026-04-01 05:30:00
HIS-001016,OPP-00227,1,2,2025-11-20 04:32:37,USR-0029,2026-04-01 05:30:00
HIS-001017,OPP-00227,2,3,2025-11-27 14:51:58,USR-0029,2025-11-26 14:51:58
HIS-001018,OPP-00227,3,4,2025-11-27 22:56:23,USR-0029,2026-04-01 05:30:00
HIS-001019,OPP-00227,4,5,2025-12-08 09:22:34,USR-0029,2026-04-01 05:30:00
HIS-001020,OPP-00228,0,1,2025-10-30 12:50:22,USR-0033,2026-04-01 05:30:00
HIS-001021,OPP-00228,1,2,2025-12-02 22:30:03,USR-0033,2026-04-01 05:30:00
HIS-001022,OPP-00228,2,3,2026-01-11 16:52:00,USR-0033,2026-04-01 05:30:00
HIS-001023,OPP-00228,3,4,2026-01-14 07:28:30,USR-0033,2026-04-01 05:30:00
HIS-001024,OPP-00228,4,5,2026-01-15 17:32:21,USR-0033,2026-04-01 05:30:00
HIS-001025,OPP-00229,0,1,2025-12-12 23:33:17,USR-0034,2026-04-01 05:30:00
HIS-001026,OPP-00229,1,2,2025-12-14 21:20:17,USR-0034,2026-04-01 05:30:00
HIS-001027,OPP-00229,2,3,2025-12-27 05:05:45,USR-0034,2026-04-01 05:30:00
HIS-001028,OPP-00229,3,4,2025-12-30 21:22:30,USR-0034,2026-04-01 05:30:00
HIS-001029,OPP-00229,4,5,2026-01-09 13:49:55,USR-0034,2026-04-01 05:30:00
HIS-001030,OPP-00230,0,1,2025-12-10 21:52:25,USR-0026,2026-04-01 05:30:00
HIS-001031,OPP-00230,1,2,2026-01-04 07:49:08,USR-0026,2026-04-01 05:30:00
HIS-001032,OPP-00230,2,3,2026-01-09 01:03:21,USR-0026,2026-04-01 05:30:00
HIS-001033,OPP-00230,3,4,2026-01-15 03:14:59,USR-0026,2026-04-01 05:30:00
HIS-001034,OPP-00230,4,5,2026-01-15 05:22:28,USR-0026,2026-04-01 05:30:00
HIS-001035,OPP-00231,0,1,2025-11-13 06:10:45,USR-0034,2026-04-01 05:30:00
HIS-001036,OPP-00231,1,2,2025-11-18 06:40:21,USR-0034,2026-04-01 05:30:00
HIS-001037,OPP-00231,2,3,2025-11-20 20:11:48,USR-0034,2026-04-01 05:30:00
HIS-001038,OPP-00231,3,4,2025-11-26 14:01:46,USR-0034,2026-04-01 05:30:00
HIS-001039,OPP-00231,4,6,2025-11-26 18:14:38,USR-0034,2026-04-01 05:30:00
HIS-001040,OPP-00232,0,1,2025-12-11 08:23:50,USR-0024,2026-04-01 05:30:00
HIS-001041,OPP-00232,1,2,2025-12-20 12:12:34,USR-0024,2025-12-19 12:12:34
HIS-001042,OPP-00232,2,3,2025-12-21 20:39:09,USR-0024,2026-04-01 05:30:00
HIS-001043,OPP-00232,3,4,2025-12-25 21:14:27,USR-0024,2026-04-01 05:30:00
HIS-001044,OPP-00232,4,6,2026-01-01 03:12:56,USR-0024,2026-04-01 05:30:00
HIS-001045,OPP-00233,0,1,2025-09-15 16:32:53,USR-0025,2026-04-01 05:30:00
HIS-001046,OPP-00233,1,2,2025-09-18 22:26:15,USR-0025,2025-09-17 22:26:15
HIS-001047,OPP-00233,2,3,2025-09-20 10:31:00,USR-0025,2026-04-01 05:30:00
HIS-001048,OPP-00233,3,4,2025-09-30 14:14:25,USR-0025,2026-04-01 05:30:00
HIS-001049,OPP-00233,4,6,2025-10-01 08:02:27,USR-0025,2026-04-01 05:30:00
HIS-001050,OPP-00234,0,1,2025-11-12 10:03:59,USR-0028,2026-04-01 05:30:00
HIS-001051,OPP-00234,1,2,2025-11-19 14:42:30,USR-0028,2026-04-01 05:30:00
HIS-001052,OPP-00234,2,3,2025-11-20 15:15:46,USR-0028,2025-11-19 15:15:46
HIS-001053,OPP-00234,3,4,2025-11-23 07:03:17,USR-0028,2026-04-01 05:30:00
HIS-001054,OPP-00234,4,6,2025-12-05 22:20:48,USR-0028,2026-04-01 05:30:00
HIS-001055,OPP-00235,0,1,2025-11-04 11:29:41,USR-0028,2026-04-01 05:30:00
HIS-001056,OPP-00235,1,2,2025-11-06 03:26:37,USR-0028,2026-04-01 05:30:00
HIS-001057,OPP-00235,2,3,2025-11-06 10:14:12,USR-0028,2026-04-01 05:30:00
HIS-001058,OPP-00235,3,4,2025-11-09 02:13:00,USR-0028,2026-04-01 05:30:00
HIS-001059,OPP-00235,4,6,2025-11-10 20:44:46,USR-0028,2026-04-01 05:30:00
HIS-001060,OPP-00236,0,1,2025-12-23 01:41:15,USR-0029,2026-04-01 05:30:00
HIS-001061,OPP-00236,1,2,2026-01-09 22:21:27,USR-0029,2026-04-01 05:30:00
HIS-001062,OPP-00236,2,3,2026-01-10 14:28:57,USR-0029,2026-04-01 05:30:00
HIS-001063,OPP-00236,3,4,2026-01-16 04:49:08,USR-0029,2026-04-01 05:30:00
HIS-001064,OPP-00236,4,5,2026-01-21 05:59:06,USR-0029,2026-04-01 05:30:00
HIS-001065,OPP-00237,0,1,2026-01-30 11:12:09,USR-0032,2026-04-01 05:30:00
HIS-001066,OPP-00237,1,2,2026-02-11 11:37:21,USR-0032,2026-04-01 05:30:00
HIS-001067,OPP-00237,2,3,2026-02-19 19:44:56,USR-0032,2026-04-01 05:30:00
HIS-001068,OPP-00237,3,4,2026-02-24 23:23:46,USR-0032,2026-04-01 05:30:00
HIS-001069,OPP-00237,4,6,2026-03-10 06:35:21,USR-0032,2026-04-01 05:30:00
HIS-001070,OPP-00238,0,1,2026-01-27 12:46:50,USR-0029,2026-04-01 05:30:00
HIS-001071,OPP-00238,1,2,2026-02-10 11:35:20,USR-0029,2026-04-01 05:30:00
HIS-001072,OPP-00238,2,3,2026-02-11 15:26:00,USR-0029,2026-04-01 05:30:00
HIS-001073,OPP-00238,3,4,2026-02-21 18:08:45,USR-0029,2026-04-01 05:30:00
HIS-001074,OPP-00238,4,5,2026-03-06 15:08:37,USR-0029,2026-04-01 05:30:00
HIS-001075,OPP-00239,0,1,2025-10-19 03:19:53,USR-0035,2026-04-01 05:30:00
HIS-001076,OPP-00239,1,2,2025-10-31 09:07:55,USR-0035,2026-04-01 05:30:00
HIS-001077,OPP-00239,2,3,2025-11-09 15:39:59,USR-0035,2026-04-01 05:30:00
HIS-001078,OPP-00239,3,4,2025-11-13 11:14:09,USR-0035,2026-04-01 05:30:00
HIS-001079,OPP-00239,4,6,2025-12-23 04:52:20,USR-0035,2025-12-22 04:52:20
HIS-001080,OPP-00240,0,1,2026-03-09 14:28:58,USR-0029,2026-04-01 05:30:00
HIS-001081,OPP-00240,1,2,2026-03-23 23:54:20,USR-0029,2026-04-01 05:30:00
HIS-001082,OPP-00240,2,3,2026-03-25 19:06:12,USR-0029,2026-04-01 05:30:00
HIS-001083,OPP-00240,3,4,2026-03-29 05:47:52,USR-0029,2026-04-01 05:30:00
HIS-001084,OPP-00241,0,1,2025-12-19 13:12:58,USR-0034,2026-04-01 05:30:00
HIS-001085,OPP-00241,1,2,2026-01-01 09:51:04,USR-0034,2026-04-01 05:30:00
HIS-001086,OPP-00241,2,3,2026-01-04 17:53:16,USR-0034,2026-04-01 05:30:00
HIS-001087,OPP-00241,3,4,2026-02-09 15:14:18,USR-0034,2026-04-01 05:30:00
HIS-001088,OPP-00241,4,6,2026-02-23 00:29:48,USR-0034,2026-04-01 05:30:00
HIS-001089,OPP-00242,0,1,2025-12-02 06:35:26,USR-0030,2026-04-01 05:30:00
HIS-001090,OPP-00242,1,2,2026-03-02 13:18:29,USR-0030,2026-04-01 05:30:00
HIS-001091,OPP-00242,2,3,2026-03-08 04:25:35,USR-0030,2026-04-01 05:30:00
HIS-001092,OPP-00242,3,4,2026-03-16 16:23:06,USR-0030,2026-04-01 05:30:00
HIS-001093,OPP-00243,0,1,2026-03-10 00:48:51,USR-0025,2026-04-01 05:30:00
HIS-001094,OPP-00243,1,2,2026-03-16 16:52:23,USR-0025,2026-04-01 05:30:00
HIS-001095,OPP-00243,2,3,2026-03-27 15:58:54,USR-0025,2026-04-01 05:30:00
HIS-001096,OPP-00243,3,4,2026-03-31 09:20:03,USR-0025,2026-04-01 05:30:00
HIS-001097,OPP-00244,0,1,2026-03-30 02:18:02,USR-0036,2026-04-01 05:30:00
HIS-001098,OPP-00245,0,1,2025-12-03 21:29:16,USR-0033,2026-04-01 05:30:00
HIS-001099,OPP-00245,1,2,2026-01-14 08:48:43,USR-0033,2026-04-01 05:30:00
HIS-001100,OPP-00245,2,3,2026-01-20 07:49:57,USR-0033,2026-04-01 05:30:00
HIS-001101,OPP-00245,3,4,2026-01-23 07:31:34,USR-0033,2026-04-01 05:30:00
HIS-001102,OPP-00245,4,5,2026-01-25 10:56:27,USR-0033,2026-04-01 05:30:00
HIS-001103,OPP-00246,0,1,2026-01-24 19:42:42,USR-0028,2026-04-01 05:30:00
HIS-001104,OPP-00246,1,2,2026-02-08 18:24:31,USR-0028,2026-04-01 05:30:00
HIS-001105,OPP-00246,2,3,2026-02-14 08:37:42,USR-0028,2026-02-13 08:37:42
HIS-001106,OPP-00246,3,4,2026-02-19 01:52:23,USR-0028,2026-04-01 05:30:00
HIS-001107,OPP-00246,4,6,2026-03-02 19:10:57,USR-0028,2026-04-01 05:30:00
HIS-001108,OPP-00247,0,1,2026-01-22 10:21:41,USR-0025,2026-04-01 05:30:00
HIS-001109,OPP-00247,1,2,2026-02-04 09:15:41,USR-0025,2026-04-01 05:30:00
HIS-001110,OPP-00247,2,3,2026-02-17 12:49:01,USR-0025,2026-04-01 05:30:00
HIS-001111,OPP-00247,3,4,2026-02-24 08:01:01,USR-0025,2026-04-01 05:30:00
HIS-001112,OPP-00247,4,5,2026-02-25 05:26:24,USR-0025,2026-04-01 05:30:00
HIS-001113,OPP-00248,0,1,2026-01-15 19:12:46,USR-0028,2026-04-01 05:30:00
HIS-001114,OPP-00248,1,2,2026-02-04 07:07:08,USR-0028,2026-04-01 05:30:00
HIS-001115,OPP-00248,2,3,2026-02-07 07:18:57,USR-0028,2026-04-01 05:30:00
HIS-001116,OPP-00248,3,4,2026-02-20 13:25:44,USR-0028,2026-02-19 13:25:44
HIS-001117,OPP-00248,4,6,2026-02-26 11:16:17,USR-0028,2026-04-01 05:30:00
HIS-001118,OPP-00249,0,1,2026-02-08 02:39:31,USR-0026,2026-04-01 05:30:00
HIS-001119,OPP-00249,1,2,2026-02-21 19:32:35,USR-0026,2026-04-01 05:30:00
HIS-001120,OPP-00249,2,3,2026-02-27 10:15:59,USR-0026,2026-04-01 05:30:00
HIS-001121,OPP-00249,3,4,2026-03-05 20:20:49,USR-0026,2026-04-01 05:30:00
HIS-001122,OPP-00249,4,6,2026-03-12 14:31:33,USR-0026,2026-04-01 05:30:00
HIS-001123,OPP-00250,0,1,2025-12-26 11:48:52,USR-0035,2026-04-01 05:30:00
HIS-001124,OPP-00250,1,2,2026-02-23 05:26:04,USR-0035,2026-04-01 05:30:00
HIS-001125,OPP-00250,2,3,2026-02-25 05:52:24,USR-0035,2026-04-01 05:30:00
HIS-001126,OPP-00251,0,1,2025-12-08 12:45:37,USR-0025,2026-04-01 05:30:00
HIS-001127,OPP-00251,1,2,2025-12-13 00:54:49,USR-0025,2026-04-01 05:30:00
HIS-001128,OPP-00251,2,3,2025-12-14 05:23:17,USR-0025,2026-04-01 05:30:00
HIS-001129,OPP-00251,3,4,2025-12-18 12:18:26,USR-0025,2026-04-01 05:30:00
HIS-001130,OPP-00251,4,6,2025-12-20 10:27:56,USR-0025,2026-04-01 05:30:00
HIS-001131,OPP-00252,0,1,2026-03-06 05:58:33,USR-0028,2026-04-01 05:30:00
HIS-001132,OPP-00252,1,2,2026-03-23 13:05:56,USR-0028,2026-04-01 05:30:00
HIS-001133,OPP-00252,2,3,2026-03-24 06:43:19,USR-0028,2026-04-01 05:30:00
HIS-001134,OPP-00252,3,4,2026-03-25 00:28:38,USR-0028,2026-04-01 05:30:00
HIS-001135,OPP-00252,4,6,2026-03-28 15:15:53,USR-0028,2026-04-01 05:30:00
HIS-001136,OPP-00253,0,1,2025-10-21 22:11:11,USR-0025,2026-04-01 05:30:00
HIS-001137,OPP-00253,1,2,2025-11-10 02:41:04,USR-0025,2025-11-09 02:41:04
HIS-001138,OPP-00253,2,3,2025-11-10 18:22:29,USR-0025,2026-04-01 05:30:00
HIS-001139,OPP-00253,3,4,2025-11-24 14:57:25,USR-0025,2026-04-01 05:30:00
HIS-001140,OPP-00253,4,6,2025-11-24 17:27:24,USR-0025,2026-04-01 05:30:00
HIS-001141,OPP-00254,0,1,2025-11-24 18:32:16,USR-0024,2026-04-01 05:30:00
HIS-001142,OPP-00254,1,2,2025-12-11 04:26:49,USR-0024,2026-04-01 05:30:00
HIS-001143,OPP-00254,2,3,2025-12-13 13:36:09,USR-0024,2026-04-01 05:30:00
HIS-001144,OPP-00254,3,4,2025-12-16 15:09:26,USR-0024,2026-04-01 05:30:00
HIS-001145,OPP-00254,4,5,2025-12-20 12:50:09,USR-0024,2026-04-01 05:30:00
HIS-001146,OPP-00255,0,1,2026-02-25 19:42:33,USR-0030,2026-04-01 05:30:00
HIS-001147,OPP-00255,1,2,2026-03-30 03:28:54,USR-0030,2026-04-01 05:30:00
HIS-001148,OPP-00256,0,1,2025-12-13 10:26:23,USR-0023,2026-04-01 05:30:00
HIS-001149,OPP-00256,1,2,2025-12-30 13:00:48,USR-0023,2026-04-01 05:30:00
HIS-001150,OPP-00256,2,3,2026-01-03 02:55:47,USR-0023,2026-04-01 05:30:00
HIS-001151,OPP-00256,3,4,2026-01-10 17:21:45,USR-0023,2026-04-01 05:30:00
HIS-001152,OPP-00256,4,6,2026-01-12 07:19:11,USR-0023,2026-04-01 05:30:00
HIS-001153,OPP-00257,0,1,2025-10-01 19:01:01,USR-0023,2026-04-01 05:30:00
HIS-001154,OPP-00257,1,2,2025-10-14 13:10:49,USR-0023,2026-04-01 05:30:00
HIS-001155,OPP-00257,2,3,2025-10-24 04:36:27,USR-0023,2026-04-01 05:30:00
HIS-001156,OPP-00257,3,4,2025-10-29 12:49:13,USR-0023,2026-04-01 05:30:00
HIS-001157,OPP-00257,4,6,2025-11-04 11:58:36,USR-0023,2026-04-01 05:30:00
HIS-001158,OPP-00258,0,1,2026-02-15 12:34:56,USR-0025,2026-04-01 05:30:00
HIS-001159,OPP-00258,1,2,2026-03-09 10:55:11,USR-0025,2026-04-01 05:30:00
HIS-001160,OPP-00258,2,3,2026-03-13 13:28:21,USR-0025,2026-04-01 05:30:00
HIS-001161,OPP-00258,3,4,2026-03-14 08:21:43,USR-0025,2026-03-13 08:21:43
HIS-001162,OPP-00258,4,6,2026-03-15 03:01:58,USR-0025,2026-03-14 03:01:58
HIS-001163,OPP-00259,0,1,2026-03-24 13:18:30,USR-0033,2026-03-23 13:18:30
HIS-001164,OPP-00260,0,1,2026-01-30 20:37:20,USR-0033,2026-04-01 05:30:00
HIS-001165,OPP-00260,1,2,2026-03-24 13:42:42,USR-0033,2026-04-01 05:30:00
HIS-001166,OPP-00261,0,1,2025-10-01 03:04:26,USR-0025,2026-04-01 05:30:00
HIS-001167,OPP-00261,1,2,2025-10-03 18:13:14,USR-0025,2026-04-01 05:30:00
HIS-001168,OPP-00261,2,3,2025-10-08 13:25:15,USR-0025,2026-04-01 05:30:00
HIS-001169,OPP-00261,3,4,2025-10-08 20:21:10,USR-0025,2026-04-01 05:30:00
HIS-001170,OPP-00261,4,6,2025-10-16 22:50:43,USR-0025,2026-04-01 05:30:00
HIS-001171,OPP-00262,0,1,2026-01-10 22:28:11,USR-0029,2026-04-01 05:30:00
HIS-001172,OPP-00262,1,2,2026-01-19 17:11:24,USR-0029,2026-04-01 05:30:00
HIS-001173,OPP-00262,2,3,2026-02-02 09:58:13,USR-0029,2026-04-01 05:30:00
HIS-001174,OPP-00262,3,4,2026-02-06 17:41:23,USR-0029,2026-04-01 05:30:00
HIS-001175,OPP-00262,4,5,2026-02-13 19:42:32,USR-0029,2026-04-01 05:30:00
HIS-001176,OPP-00263,0,1,2026-03-25 06:23:27,USR-0023,2026-04-01 05:30:00
HIS-001177,OPP-00264,0,1,2025-12-13 05:58:34,USR-0033,2026-04-01 05:30:00
HIS-001178,OPP-00264,1,2,2025-12-30 02:38:12,USR-0033,2026-04-01 05:30:00
HIS-001179,OPP-00264,2,3,2026-01-13 09:19:21,USR-0033,2026-01-12 09:19:21
HIS-001180,OPP-00264,3,4,2026-01-19 23:46:24,USR-0033,2026-04-01 05:30:00
HIS-001181,OPP-00264,4,6,2026-01-31 07:20:12,USR-0033,2026-04-01 05:30:00
HIS-001182,OPP-00265,0,1,2025-10-31 18:32:46,USR-0026,2026-04-01 05:30:00
HIS-001183,OPP-00265,1,2,2025-11-09 00:55:04,USR-0026,2026-04-01 05:30:00
HIS-001184,OPP-00265,2,3,2025-11-15 07:23:25,USR-0026,2026-04-01 05:30:00
HIS-001185,OPP-00265,3,4,2025-11-17 12:01:12,USR-0026,2026-04-01 05:30:00
HIS-001186,OPP-00265,4,5,2025-11-18 23:27:35,USR-0026,2026-04-01 05:30:00
HIS-001187,OPP-00266,0,1,2025-10-09 23:52:48,USR-0026,2026-04-01 05:30:00
HIS-001188,OPP-00266,1,2,2025-10-27 13:01:56,USR-0026,2026-04-01 05:30:00
HIS-001189,OPP-00266,2,3,2025-11-24 13:14:46,USR-0026,2026-04-01 05:30:00
HIS-001190,OPP-00266,3,4,2025-11-29 11:45:33,USR-0026,2026-04-01 05:30:00
HIS-001191,OPP-00266,4,5,2025-12-08 17:25:00,USR-0026,2026-04-01 05:30:00
HIS-001192,OPP-00267,0,1,2026-01-05 23:58:07,USR-0028,2026-04-01 05:30:00
HIS-001193,OPP-00267,1,2,2026-01-15 06:24:53,USR-0028,2026-04-01 05:30:00
HIS-001194,OPP-00267,2,3,2026-01-18 19:13:45,USR-0028,2026-04-01 05:30:00
HIS-001195,OPP-00267,3,4,2026-02-03 10:01:56,USR-0028,2026-04-01 05:30:00
HIS-001196,OPP-00267,4,6,2026-02-04 00:00:31,USR-0028,2026-04-01 05:30:00
HIS-001197,OPP-00268,0,1,2025-10-05 18:15:07,USR-0028,2026-04-01 05:30:00
HIS-001198,OPP-00268,1,2,2025-10-14 06:02:44,USR-0028,2025-10-13 06:02:44
HIS-001199,OPP-00268,2,3,2025-10-17 09:38:36,USR-0028,2026-04-01 05:30:00
HIS-001200,OPP-00268,3,4,2025-10-18 20:25:36,USR-0028,2025-10-17 20:25:36
HIS-001201,OPP-00268,4,6,2025-10-24 00:58:36,USR-0028,2026-04-01 05:30:00
HIS-001202,OPP-00269,0,1,2025-12-08 02:58:11,USR-0035,2026-04-01 05:30:00
HIS-001203,OPP-00269,1,2,2026-01-02 21:06:39,USR-0035,2026-04-01 05:30:00
HIS-001204,OPP-00269,2,3,2026-01-09 17:15:53,USR-0035,2026-04-01 05:30:00
HIS-001205,OPP-00269,3,4,2026-01-18 21:27:31,USR-0035,2026-04-01 05:30:00
HIS-001206,OPP-00269,4,6,2026-01-19 12:06:09,USR-0035,2026-01-18 12:06:09
HIS-001207,OPP-00270,0,1,2026-02-21 12:24:37,USR-0026,2026-04-01 05:30:00
HIS-001208,OPP-00270,1,2,2026-02-27 11:09:18,USR-0026,2026-04-01 05:30:00
HIS-001209,OPP-00270,2,3,2026-02-28 14:06:52,USR-0026,2026-04-01 05:30:00
HIS-001210,OPP-00270,3,4,2026-03-01 13:43:01,USR-0026,2026-04-01 05:30:00
HIS-001211,OPP-00270,4,6,2026-03-09 07:16:58,USR-0026,2026-04-01 05:30:00
HIS-001212,OPP-00271,0,1,2025-11-24 01:49:57,USR-0034,2026-04-01 05:30:00
HIS-001213,OPP-00271,1,2,2026-01-18 04:12:49,USR-0034,2026-01-17 04:12:49
HIS-001214,OPP-00271,2,3,2026-01-18 16:25:41,USR-0034,2026-04-01 05:30:00
HIS-001215,OPP-00271,3,4,2026-01-26 03:48:32,USR-0034,2026-04-01 05:30:00
HIS-001216,OPP-00271,4,6,2026-01-29 02:14:26,USR-0034,2026-04-01 05:30:00
HIS-001217,OPP-00272,0,1,2026-01-07 06:44:54,USR-0023,2026-04-01 05:30:00
HIS-001218,OPP-00272,1,2,2026-01-08 10:30:06,USR-0023,2026-04-01 05:30:00
HIS-001219,OPP-00272,2,3,2026-01-21 12:26:14,USR-0023,2026-04-01 05:30:00
HIS-001220,OPP-00272,3,4,2026-01-27 04:59:26,USR-0023,2026-04-01 05:30:00
HIS-001221,OPP-00272,4,6,2026-02-04 16:00:52,USR-0023,2026-04-01 05:30:00
HIS-001222,OPP-00273,0,1,2026-02-21 03:37:24,USR-0034,2026-04-01 05:30:00
HIS-001223,OPP-00273,1,2,2026-03-03 20:56:26,USR-0034,2026-04-01 05:30:00
HIS-001224,OPP-00273,2,3,2026-03-08 00:44:03,USR-0034,2026-04-01 05:30:00
HIS-001225,OPP-00273,3,4,2026-03-16 03:03:14,USR-0034,2026-04-01 05:30:00
HIS-001226,OPP-00273,4,6,2026-03-29 17:17:43,USR-0034,2026-04-01 05:30:00
HIS-001227,OPP-00274,0,1,2026-01-09 00:50:21,USR-0035,2026-01-08 00:50:21
HIS-001228,OPP-00274,1,2,2026-03-08 03:52:29,USR-0035,2026-04-01 05:30:00
HIS-001229,OPP-00274,2,3,2026-03-18 00:54:18,USR-0035,2026-04-01 05:30:00
HIS-001230,OPP-00274,3,4,2026-03-23 12:36:53,USR-0035,2026-04-01 05:30:00
HIS-001231,OPP-00275,0,1,2025-11-09 11:15:42,USR-0025,2026-04-01 05:30:00
HIS-001232,OPP-00275,1,2,2025-11-17 23:36:51,USR-0025,2026-04-01 05:30:00
HIS-001233,OPP-00275,2,3,2025-11-20 17:10:13,USR-0025,2026-04-01 05:30:00
HIS-001234,OPP-00275,3,4,2025-11-23 18:33:06,USR-0025,2026-04-01 05:30:00
HIS-001235,OPP-00275,4,6,2025-11-24 13:28:34,USR-0025,2026-04-01 05:30:00
HIS-001236,OPP-00276,0,1,2025-12-25 19:39:54,USR-0023,2026-04-01 05:30:00
HIS-001237,OPP-00276,1,2,2026-01-13 01:41:30,USR-0023,2026-04-01 05:30:00
HIS-001238,OPP-00276,2,3,2026-01-14 23:15:37,USR-0023,2026-04-01 05:30:00
HIS-001239,OPP-00276,3,4,2026-01-18 16:48:25,USR-0023,2026-04-01 05:30:00
HIS-001240,OPP-00276,4,6,2026-01-21 14:59:45,USR-0023,2026-04-01 05:30:00
HIS-001241,OPP-00277,0,1,2026-03-29 13:18:24,USR-0034,2026-04-01 05:30:00
HIS-001242,OPP-00278,0,1,2025-11-11 01:39:32,USR-0024,2026-04-01 05:30:00
HIS-001243,OPP-00278,1,2,2025-11-18 22:26:37,USR-0024,2026-04-01 05:30:00
HIS-001244,OPP-00278,2,3,2025-11-21 00:35:33,USR-0024,2026-04-01 05:30:00
HIS-001245,OPP-00278,3,4,2025-11-27 07:19:56,USR-0024,2026-04-01 05:30:00
HIS-001246,OPP-00278,4,5,2025-11-29 18:52:47,USR-0024,2026-04-01 05:30:00
HIS-001247,OPP-00279,0,1,2025-09-10 15:23:51,USR-0028,2026-04-01 05:30:00
HIS-001248,OPP-00279,1,2,2025-09-18 15:05:06,USR-0028,2026-04-01 05:30:00
HIS-001249,OPP-00279,2,3,2025-09-19 10:22:18,USR-0028,2026-04-01 05:30:00
HIS-001250,OPP-00279,3,4,2025-09-23 15:19:22,USR-0028,2026-04-01 05:30:00
HIS-001251,OPP-00279,4,6,2025-09-25 11:38:33,USR-0028,2026-04-01 05:30:00
HIS-001252,OPP-00280,0,1,2026-03-24 08:28:45,USR-0028,2026-04-01 05:30:00
HIS-001253,OPP-00280,1,2,2026-03-28 08:03:19,USR-0028,2026-04-01 05:30:00
HIS-001254,OPP-00280,2,3,2026-03-29 23:07:57,USR-0028,2026-04-01 05:30:00
HIS-001255,OPP-00280,3,4,2026-03-30 05:32:45,USR-0028,2026-04-01 05:30:00
HIS-001256,OPP-00281,0,1,2026-01-04 22:11:57,USR-0023,2026-04-01 05:30:00
HIS-001257,OPP-00281,1,2,2026-01-11 11:58:27,USR-0023,2026-04-01 05:30:00
HIS-001258,OPP-00281,2,3,2026-01-16 13:50:54,USR-0023,2026-04-01 05:30:00
HIS-001259,OPP-00281,3,4,2026-01-22 01:25:36,USR-0023,2026-04-01 05:30:00
HIS-001260,OPP-00281,4,6,2026-01-27 15:12:05,USR-0023,2026-01-26 15:12:05
HIS-001261,OPP-00282,0,1,2025-12-26 08:12:54,USR-0023,2026-04-01 05:30:00
HIS-001262,OPP-00282,1,2,2026-01-05 05:30:19,USR-0023,2026-04-01 05:30:00
HIS-001263,OPP-00282,2,3,2026-01-07 20:46:59,USR-0023,2026-04-01 05:30:00
HIS-001264,OPP-00282,3,4,2026-01-12 00:12:49,USR-0023,2026-04-01 05:30:00
HIS-001265,OPP-00282,4,5,2026-01-12 01:46:04,USR-0023,2026-04-01 05:30:00
HIS-001266,OPP-00283,0,1,2025-12-04 10:11:03,USR-0036,2026-04-01 05:30:00
HIS-001267,OPP-00283,1,2,2026-01-09 22:07:57,USR-0036,2026-01-08 22:07:57
HIS-001268,OPP-00283,2,3,2026-01-10 13:37:07,USR-0036,2026-04-01 05:30:00
HIS-001269,OPP-00283,3,4,2026-01-16 11:51:13,USR-0036,2026-04-01 05:30:00
HIS-001270,OPP-00283,4,6,2026-01-17 17:32:56,USR-0036,2026-04-01 05:30:00
HIS-001271,OPP-00284,0,1,2026-02-25 18:50:22,USR-0029,2026-04-01 05:30:00
HIS-001272,OPP-00284,1,2,2026-03-11 05:13:46,USR-0029,2026-04-01 05:30:00
HIS-001273,OPP-00284,2,3,2026-03-14 03:52:36,USR-0029,2026-04-01 05:30:00
HIS-001274,OPP-00284,3,4,2026-03-18 08:22:54,USR-0029,2026-04-01 05:30:00
HIS-001275,OPP-00284,4,5,2026-03-22 21:58:42,USR-0029,2026-04-01 05:30:00
HIS-001276,OPP-00285,0,1,2025-12-03 20:51:18,USR-0023,2026-04-01 05:30:00
HIS-001277,OPP-00285,1,2,2025-12-06 03:57:45,USR-0023,2026-04-01 05:30:00
HIS-001278,OPP-00285,2,3,2025-12-16 06:40:36,USR-0023,2026-04-01 05:30:00
HIS-001279,OPP-00285,3,4,2025-12-19 14:46:14,USR-0023,2026-04-01 05:30:00
HIS-001280,OPP-00285,4,5,2026-01-05 20:37:21,USR-0023,2026-04-01 05:30:00
HIS-001281,OPP-00286,0,1,2025-12-27 16:35:02,USR-0028,2026-04-01 05:30:00
HIS-001282,OPP-00286,1,2,2026-01-11 17:40:09,USR-0028,2026-04-01 05:30:00
HIS-001283,OPP-00286,2,3,2026-01-26 04:39:18,USR-0028,2026-01-25 04:39:18
HIS-001284,OPP-00286,3,4,2026-01-27 23:23:43,USR-0028,2026-04-01 05:30:00
HIS-001285,OPP-00286,4,6,2026-01-30 22:18:00,USR-0028,2026-04-01 05:30:00
HIS-001286,OPP-00287,0,1,2026-02-11 09:46:08,USR-0035,2026-04-01 05:30:00
HIS-001287,OPP-00287,1,2,2026-03-30 16:54:30,USR-0035,2026-04-01 05:30:00
HIS-001288,OPP-00288,0,1,2026-01-30 00:37:38,USR-0029,2026-04-01 05:30:00
HIS-001289,OPP-00288,1,2,2026-02-07 21:13:33,USR-0029,2026-04-01 05:30:00
HIS-001290,OPP-00288,2,3,2026-02-07 23:16:57,USR-0029,2026-04-01 05:30:00
HIS-001291,OPP-00288,3,4,2026-02-08 12:01:12,USR-0029,2026-04-01 05:30:00
HIS-001292,OPP-00288,4,6,2026-02-10 12:55:57,USR-0029,2026-04-01 05:30:00
HIS-001293,OPP-00289,0,1,2025-11-08 04:57:05,USR-0025,2026-04-01 05:30:00
HIS-001294,OPP-00289,1,2,2025-11-21 18:21:32,USR-0025,2026-04-01 05:30:00
HIS-001295,OPP-00289,2,3,2025-11-23 04:46:16,USR-0025,2026-04-01 05:30:00
HIS-001296,OPP-00289,3,4,2025-11-30 10:48:09,USR-0025,2026-04-01 05:30:00
HIS-001297,OPP-00289,4,5,2025-12-02 16:54:55,USR-0025,2026-04-01 05:30:00
HIS-001298,OPP-00290,0,1,2025-10-01 19:58:53,USR-0024,2026-04-01 05:30:00
HIS-001299,OPP-00290,1,2,2025-10-31 12:03:38,USR-0024,2026-04-01 05:30:00
HIS-001300,OPP-00290,2,3,2025-11-05 12:59:16,USR-0024,2026-04-01 05:30:00
HIS-001301,OPP-00290,3,4,2025-11-07 01:21:45,USR-0024,2026-04-01 05:30:00
HIS-001302,OPP-00290,4,6,2025-11-17 05:18:43,USR-0024,2026-04-01 05:30:00
HIS-001303,OPP-00291,0,1,2025-11-28 19:27:18,USR-0034,2026-04-01 05:30:00
HIS-001304,OPP-00291,1,2,2025-12-09 19:57:23,USR-0034,2026-04-01 05:30:00
HIS-001305,OPP-00291,2,3,2025-12-15 08:00:19,USR-0034,2026-04-01 05:30:00
HIS-001306,OPP-00291,3,4,2026-01-13 08:03:45,USR-0034,2026-04-01 05:30:00
HIS-001307,OPP-00291,4,6,2026-01-15 16:08:32,USR-0034,2026-04-01 05:30:00
HIS-001308,OPP-00292,0,1,2025-11-21 14:56:32,USR-0034,2026-04-01 05:30:00
HIS-001309,OPP-00292,1,2,2025-11-24 10:54:06,USR-0034,2025-11-23 10:54:06
HIS-001310,OPP-00292,2,3,2025-12-28 11:01:04,USR-0034,2026-04-01 05:30:00
HIS-001311,OPP-00292,3,4,2026-01-04 07:58:44,USR-0034,2026-04-01 05:30:00
HIS-001312,OPP-00292,4,5,2026-01-07 16:52:43,USR-0034,2026-04-01 05:30:00
HIS-001313,OPP-00293,0,1,2026-03-23 23:02:33,USR-0025,2026-04-01 05:30:00
HIS-001314,OPP-00294,0,1,2026-01-23 09:22:30,USR-0029,2026-04-01 05:30:00
HIS-001315,OPP-00294,1,2,2026-02-01 09:40:11,USR-0029,2026-04-01 05:30:00
HIS-001316,OPP-00294,2,3,2026-02-06 06:14:15,USR-0029,2026-04-01 05:30:00
HIS-001317,OPP-00294,3,4,2026-02-06 20:17:12,USR-0029,2026-04-01 05:30:00
HIS-001318,OPP-00294,4,5,2026-02-19 15:14:29,USR-0029,2026-04-01 05:30:00
HIS-001319,OPP-00295,0,1,2026-02-11 09:27:01,USR-0032,2026-04-01 05:30:00
HIS-001320,OPP-00295,1,2,2026-02-22 15:50:09,USR-0032,2026-04-01 05:30:00
HIS-001321,OPP-00295,2,3,2026-03-17 20:57:23,USR-0032,2026-04-01 05:30:00
HIS-001322,OPP-00296,0,1,2026-02-20 04:20:50,USR-0029,2026-04-01 05:30:00
HIS-001323,OPP-00296,1,2,2026-03-01 10:37:26,USR-0029,2026-04-01 05:30:00
HIS-001324,OPP-00296,2,3,2026-03-02 03:27:45,USR-0029,2026-04-01 05:30:00
HIS-001325,OPP-00296,3,4,2026-03-06 17:28:08,USR-0029,2026-04-01 05:30:00
HIS-001326,OPP-00296,4,5,2026-03-17 02:54:48,USR-0029,2026-04-01 05:30:00
HIS-001327,OPP-00297,0,1,2025-12-10 07:42:17,USR-0032,2026-04-01 05:30:00
HIS-001328,OPP-00297,1,2,2026-02-11 14:28:13,USR-0032,2026-04-01 05:30:00
HIS-001329,OPP-00297,2,3,2026-03-20 19:12:23,USR-0032,2026-04-01 05:30:00
HIS-001330,OPP-00297,3,4,2026-03-28 05:53:04,USR-0032,2026-04-01 05:30:00
HIS-001331,OPP-00298,0,1,2026-02-26 17:20:25,USR-0029,2026-04-01 05:30:00
HIS-001332,OPP-00298,1,2,2026-03-16 03:50:16,USR-0029,2026-03-15 03:50:16
HIS-001333,OPP-00298,2,3,2026-03-21 15:20:30,USR-0029,2026-04-01 05:30:00
HIS-001334,OPP-00298,3,4,2026-03-26 12:57:55,USR-0029,2026-04-01 05:30:00
HIS-001340,OPP-00300,0,1,2026-01-10 15:30:39,USR-0023,2026-04-01 05:30:00
HIS-001341,OPP-00300,1,2,2026-01-13 22:19:02,USR-0023,2026-04-01 05:30:00
HIS-001342,OPP-00300,2,3,2026-01-16 11:25:24,USR-0023,2026-04-01 05:30:00
HIS-001343,OPP-00300,3,4,2026-01-22 10:29:49,USR-0023,2026-04-01 05:30:00
HIS-001344,OPP-00300,4,5,2026-01-25 02:22:08,USR-0023,2026-04-01 05:30:00
HIS-001345,OPP-00301,0,1,2025-12-28 05:22:46,USR-0023,2026-04-01 05:30:00
HIS-001346,OPP-00301,1,2,2025-12-29 15:45:21,USR-0023,2026-04-01 05:30:00
HIS-001347,OPP-00301,2,3,2026-01-02 08:53:39,USR-0023,2026-04-01 05:30:00
HIS-001348,OPP-00301,3,4,2026-01-05 13:51:29,USR-0023,2026-04-01 05:30:00
HIS-001349,OPP-00301,4,6,2026-01-06 15:53:14,USR-0023,2026-04-01 05:30:00
HIS-001350,OPP-00302,0,1,2026-03-21 02:53:28,USR-0028,2026-04-01 05:30:00
HIS-001351,OPP-00302,1,2,2026-03-22 02:17:03,USR-0028,2026-04-01 05:30:00
HIS-001352,OPP-00302,2,3,2026-03-22 12:29:24,USR-0028,2026-04-01 05:30:00
HIS-001353,OPP-00302,3,4,2026-03-30 17:24:04,USR-0028,2026-04-01 05:30:00
HIS-001354,OPP-00303,0,1,2025-12-01 23:45:50,USR-0025,2026-04-01 05:30:00
HIS-001355,OPP-00303,1,2,2025-12-19 23:30:28,USR-0025,2026-04-01 05:30:00
HIS-001356,OPP-00303,2,3,2025-12-30 01:06:39,USR-0025,2026-04-01 05:30:00
HIS-001357,OPP-00303,3,4,2025-12-30 15:14:09,USR-0025,2026-04-01 05:30:00
HIS-001358,OPP-00303,4,6,2026-01-06 12:12:36,USR-0025,2026-04-01 05:30:00
HIS-001359,OPP-00304,0,1,2026-03-31 21:36:36,USR-0034,2026-04-01 05:30:00
HIS-001360,OPP-00305,0,1,2025-10-06 21:17:46,USR-0032,2026-04-01 05:30:00
HIS-001361,OPP-00305,1,2,2025-10-21 01:13:43,USR-0032,2026-04-01 05:30:00
HIS-001362,OPP-00305,2,3,2025-10-27 10:51:48,USR-0032,2025-10-26 10:51:48
HIS-001363,OPP-00305,3,4,2025-11-16 21:08:13,USR-0032,2026-04-01 05:30:00
HIS-001364,OPP-00305,4,5,2025-11-27 09:20:33,USR-0032,2026-04-01 05:30:00
HIS-001365,OPP-00306,0,1,2026-02-17 15:06:41,USR-0035,2026-04-01 05:30:00
HIS-001366,OPP-00307,0,1,2025-10-11 23:52:53,USR-0025,2026-04-01 05:30:00
HIS-001367,OPP-00307,1,2,2025-11-15 15:56:17,USR-0025,2026-04-01 05:30:00
HIS-001368,OPP-00307,2,3,2025-12-02 16:03:35,USR-0025,2026-04-01 05:30:00
HIS-001369,OPP-00307,3,4,2025-12-11 16:15:07,USR-0025,2026-04-01 05:30:00
HIS-001370,OPP-00307,4,6,2026-01-12 17:42:30,USR-0025,2026-04-01 05:30:00
HIS-001371,OPP-00308,0,1,2026-01-17 09:10:51,USR-0026,2026-04-01 05:30:00
HIS-001372,OPP-00308,1,2,2026-01-25 22:18:09,USR-0026,2026-04-01 05:30:00
HIS-001373,OPP-00308,2,3,2026-02-05 09:13:49,USR-0026,2026-04-01 05:30:00
HIS-001374,OPP-00308,3,4,2026-02-19 19:26:11,USR-0026,2026-04-01 05:30:00
HIS-001375,OPP-00308,4,6,2026-02-26 21:01:12,USR-0026,2026-04-01 05:30:00
HIS-001376,OPP-00309,0,1,2026-03-10 07:26:27,USR-0029,2026-04-01 05:30:00
HIS-001377,OPP-00309,1,2,2026-03-21 12:32:29,USR-0029,2026-04-01 05:30:00
HIS-001378,OPP-00310,0,1,2025-12-15 20:02:26,USR-0024,2026-04-01 05:30:00
HIS-001379,OPP-00310,1,2,2026-01-18 08:49:16,USR-0024,2026-04-01 05:30:00
HIS-001380,OPP-00310,2,3,2026-01-26 19:06:48,USR-0024,2026-04-01 05:30:00
HIS-001381,OPP-00310,3,4,2026-01-31 08:25:46,USR-0024,2026-04-01 05:30:00
HIS-001382,OPP-00310,4,5,2026-02-16 01:48:49,USR-0024,2026-04-01 05:30:00
HIS-001383,OPP-00311,0,1,2026-03-13 10:27:30,USR-0024,2026-04-01 05:30:00
HIS-001384,OPP-00311,1,2,2026-03-30 07:47:33,USR-0024,2026-04-01 05:30:00
HIS-001385,OPP-00312,0,1,2025-11-27 11:40:40,USR-0029,2026-04-01 05:30:00
HIS-001386,OPP-00312,1,2,2025-12-25 00:11:06,USR-0029,2026-04-01 05:30:00
HIS-001387,OPP-00312,2,3,2025-12-27 02:19:00,USR-0029,2026-04-01 05:30:00
HIS-001388,OPP-00312,3,4,2026-01-10 22:37:23,USR-0029,2026-04-01 05:30:00
HIS-001389,OPP-00312,4,6,2026-01-14 22:37:37,USR-0029,2026-04-01 05:30:00
HIS-001390,OPP-00313,0,1,2025-11-18 04:18:28,USR-0028,2026-04-01 05:30:00
HIS-001391,OPP-00313,1,2,2025-12-01 02:35:03,USR-0028,2026-04-01 05:30:00
HIS-001392,OPP-00313,2,3,2025-12-06 06:39:17,USR-0028,2026-04-01 05:30:00
HIS-001393,OPP-00313,3,4,2025-12-11 06:20:32,USR-0028,2026-04-01 05:30:00
HIS-001394,OPP-00313,4,6,2025-12-16 16:37:49,USR-0028,2026-04-01 05:30:00
HIS-001395,OPP-00314,0,1,2025-09-09 12:23:06,USR-0029,2026-04-01 05:30:00
HIS-001396,OPP-00314,1,2,2025-09-13 05:38:55,USR-0029,2026-04-01 05:30:00
HIS-001397,OPP-00314,2,3,2025-09-16 03:23:26,USR-0029,2026-04-01 05:30:00
HIS-001398,OPP-00314,3,4,2025-10-01 00:34:29,USR-0029,2026-04-01 05:30:00
HIS-001399,OPP-00314,4,6,2025-10-03 16:54:59,USR-0029,2026-04-01 05:30:00
HIS-001400,OPP-00315,0,1,2025-12-08 12:14:45,USR-0032,2026-04-01 05:30:00
HIS-001401,OPP-00315,1,2,2025-12-10 06:06:56,USR-0032,2026-04-01 05:30:00
HIS-001402,OPP-00315,2,3,2025-12-20 14:18:35,USR-0032,2026-04-01 05:30:00
HIS-001403,OPP-00315,3,4,2025-12-27 19:40:51,USR-0032,2026-04-01 05:30:00
HIS-001404,OPP-00315,4,5,2026-01-02 14:47:37,USR-0032,2026-04-01 05:30:00
HIS-001405,OPP-00316,0,1,2026-01-05 20:32:48,USR-0034,2026-04-01 05:30:00
HIS-001406,OPP-00316,1,2,2026-01-21 15:45:18,USR-0034,2026-04-01 05:30:00
HIS-001407,OPP-00316,2,3,2026-02-17 19:11:58,USR-0034,2026-04-01 05:30:00
HIS-001408,OPP-00316,3,4,2026-02-25 13:14:01,USR-0034,2026-04-01 05:30:00
HIS-001409,OPP-00316,4,5,2026-02-28 13:22:54,USR-0034,2026-04-01 05:30:00
HIS-001410,OPP-00317,0,1,2026-03-30 21:15:07,USR-0026,2026-04-01 05:30:00
HIS-001411,OPP-00318,0,1,2025-12-20 23:11:17,USR-0025,2026-04-01 05:30:00
HIS-001412,OPP-00318,1,2,2026-01-04 11:01:20,USR-0025,2026-04-01 05:30:00
HIS-001413,OPP-00318,2,3,2026-01-07 20:07:47,USR-0025,2026-04-01 05:30:00
HIS-001414,OPP-00318,3,4,2026-01-08 02:43:07,USR-0025,2026-04-01 05:30:00
HIS-001415,OPP-00318,4,6,2026-01-19 06:07:16,USR-0025,2026-04-01 05:30:00
HIS-001421,OPP-00320,0,1,2026-03-05 23:10:56,USR-0036,2026-04-01 05:30:00
HIS-001422,OPP-00320,1,2,2026-03-31 12:13:55,USR-0036,2026-04-01 05:30:00
HIS-001423,OPP-00321,0,1,2025-10-06 22:45:05,USR-0026,2026-04-01 05:30:00
HIS-001424,OPP-00321,1,2,2025-10-12 13:24:23,USR-0026,2026-04-01 05:30:00
HIS-001425,OPP-00321,2,3,2025-10-19 12:46:41,USR-0026,2026-04-01 05:30:00
HIS-001426,OPP-00321,3,4,2025-10-22 02:42:45,USR-0026,2026-04-01 05:30:00
HIS-001427,OPP-00321,4,6,2025-10-31 02:27:43,USR-0026,2026-04-01 05:30:00
HIS-001428,OPP-00322,0,1,2026-02-22 09:48:08,USR-0029,2026-04-01 05:30:00
HIS-001429,OPP-00322,1,2,2026-03-03 03:13:40,USR-0029,2026-03-02 03:13:40
HIS-001430,OPP-00322,2,3,2026-03-11 13:51:51,USR-0029,2026-04-01 05:30:00
HIS-001431,OPP-00322,3,4,2026-03-19 15:42:22,USR-0029,2026-04-01 05:30:00
HIS-001432,OPP-00322,4,6,2026-03-20 23:56:10,USR-0029,2026-04-01 05:30:00
HIS-001433,OPP-00323,0,1,2026-03-12 08:21:03,USR-0025,2026-04-01 05:30:00
HIS-001434,OPP-00323,1,2,2026-03-16 12:14:06,USR-0025,2026-04-01 05:30:00
HIS-001435,OPP-00323,2,3,2026-03-17 05:18:24,USR-0025,2026-04-01 05:30:00
HIS-001436,OPP-00323,3,4,2026-03-19 06:00:45,USR-0025,2026-04-01 05:30:00
HIS-001437,OPP-00323,4,6,2026-03-20 00:42:42,USR-0025,2026-04-01 05:30:00
HIS-001438,OPP-00324,0,1,2025-09-29 07:21:39,USR-0025,2026-04-01 05:30:00
HIS-001439,OPP-00324,1,2,2025-10-01 03:36:28,USR-0025,2026-04-01 05:30:00
HIS-001440,OPP-00324,2,3,2025-10-03 11:51:25,USR-0025,2026-04-01 05:30:00
HIS-001441,OPP-00324,3,4,2025-10-09 00:10:58,USR-0025,2026-04-01 05:30:00
HIS-001442,OPP-00324,4,5,2025-10-11 06:13:06,USR-0025,2026-04-01 05:30:00
HIS-001443,OPP-00325,0,1,2026-01-21 20:40:54,USR-0025,2026-04-01 05:30:00
HIS-001444,OPP-00325,1,2,2026-02-03 11:31:58,USR-0025,2026-04-01 05:30:00
HIS-001445,OPP-00325,2,3,2026-02-07 08:39:37,USR-0025,2026-04-01 05:30:00
HIS-001446,OPP-00325,3,4,2026-03-02 01:38:34,USR-0025,2026-04-01 05:30:00
HIS-001447,OPP-00325,4,6,2026-03-08 05:41:02,USR-0025,2026-04-01 05:30:00
HIS-001448,OPP-00326,0,1,2026-03-10 10:27:14,USR-0024,2026-04-01 05:30:00
HIS-001449,OPP-00326,1,2,2026-03-23 22:36:53,USR-0024,2026-04-01 05:30:00
HIS-001450,OPP-00326,2,3,2026-03-25 05:10:46,USR-0024,2026-04-01 05:30:00
HIS-001451,OPP-00326,3,4,2026-03-27 03:09:03,USR-0024,2026-04-01 05:30:00
HIS-001452,OPP-00327,0,1,2026-01-30 20:19:09,USR-0023,2026-04-01 05:30:00
HIS-001453,OPP-00327,1,2,2026-02-09 15:16:58,USR-0023,2026-04-01 05:30:00
HIS-001454,OPP-00327,2,3,2026-02-10 19:44:41,USR-0023,2026-04-01 05:30:00
HIS-001455,OPP-00327,3,4,2026-02-17 10:20:01,USR-0023,2026-02-16 10:20:01
HIS-001456,OPP-00327,4,6,2026-02-21 05:34:04,USR-0023,2026-04-01 05:30:00
HIS-001457,OPP-00328,0,1,2026-01-27 04:56:32,USR-0028,2026-04-01 05:30:00
HIS-001458,OPP-00328,1,2,2026-02-24 05:11:52,USR-0028,2026-04-01 05:30:00
HIS-001459,OPP-00328,2,3,2026-03-13 11:24:09,USR-0028,2026-04-01 05:30:00
HIS-001460,OPP-00329,0,1,2026-03-11 15:05:35,USR-0028,2026-04-01 05:30:00
HIS-001461,OPP-00329,1,2,2026-03-22 08:21:46,USR-0028,2026-04-01 05:30:00
HIS-001462,OPP-00329,2,3,2026-03-26 16:57:02,USR-0028,2026-04-01 05:30:00
HIS-001463,OPP-00329,3,4,2026-03-27 16:12:24,USR-0028,2026-04-01 05:30:00
HIS-001464,OPP-00329,4,6,2026-03-27 16:27:49,USR-0028,2026-04-01 05:30:00
HIS-001465,OPP-00330,0,1,2025-12-30 10:50:56,USR-0030,2026-04-01 05:30:00
HIS-001466,OPP-00330,1,2,2026-01-24 08:43:38,USR-0030,2026-04-01 05:30:00
HIS-001467,OPP-00330,2,3,2026-01-27 13:47:58,USR-0030,2026-04-01 05:30:00
HIS-001468,OPP-00330,3,4,2026-01-31 22:02:33,USR-0030,2026-04-01 05:30:00
HIS-001469,OPP-00330,4,6,2026-02-12 14:16:19,USR-0030,2026-04-01 05:30:00
HIS-001470,OPP-00331,0,1,2025-11-30 20:42:21,USR-0029,2026-04-01 05:30:00
HIS-001471,OPP-00331,1,2,2025-12-09 17:41:10,USR-0029,2025-12-08 17:41:10
HIS-001472,OPP-00331,2,3,2025-12-10 14:17:25,USR-0029,2026-04-01 05:30:00
HIS-001473,OPP-00331,3,4,2025-12-12 20:37:35,USR-0029,2026-04-01 05:30:00
HIS-001474,OPP-00331,4,6,2025-12-22 23:45:41,USR-0029,2026-04-01 05:30:00
HIS-001475,OPP-00332,0,1,2026-03-01 15:06:37,USR-0024,2026-04-01 05:30:00
HIS-001476,OPP-00332,1,2,2026-03-09 04:13:06,USR-0024,2026-04-01 05:30:00
HIS-001477,OPP-00332,2,3,2026-03-17 12:34:22,USR-0024,2026-04-01 05:30:00
HIS-001478,OPP-00332,3,4,2026-03-17 22:55:57,USR-0024,2026-04-01 05:30:00
HIS-001479,OPP-00332,4,6,2026-03-24 01:11:37,USR-0024,2026-04-01 05:30:00
HIS-001480,OPP-00333,0,1,2025-12-18 15:41:20,USR-0032,2026-04-01 05:30:00
HIS-001481,OPP-00333,1,2,2026-01-01 19:19:57,USR-0032,2026-04-01 05:30:00
HIS-001482,OPP-00333,2,3,2026-01-03 18:09:48,USR-0032,2026-04-01 05:30:00
HIS-001483,OPP-00333,3,4,2026-01-06 23:17:35,USR-0032,2026-04-01 05:30:00
HIS-001484,OPP-00333,4,5,2026-01-14 10:56:04,USR-0032,2026-04-01 05:30:00
HIS-001485,OPP-00334,0,1,2025-12-06 02:44:30,USR-0034,2026-04-01 05:30:00
HIS-001486,OPP-00334,1,2,2026-01-08 09:50:43,USR-0034,2026-04-01 05:30:00
HIS-001487,OPP-00334,2,3,2026-01-10 17:00:53,USR-0034,2026-04-01 05:30:00
HIS-001488,OPP-00334,3,4,2026-01-11 06:31:12,USR-0034,2026-04-01 05:30:00
HIS-001489,OPP-00334,4,6,2026-01-24 03:04:49,USR-0034,2026-04-01 05:30:00
HIS-001490,OPP-00335,0,1,2025-09-10 11:27:30,USR-0026,2026-04-01 05:30:00
HIS-001491,OPP-00335,1,2,2025-09-26 00:13:36,USR-0026,2026-04-01 05:30:00
HIS-001492,OPP-00335,2,3,2025-10-06 20:37:06,USR-0026,2026-04-01 05:30:00
HIS-001493,OPP-00335,3,4,2025-10-07 07:32:10,USR-0026,2026-04-01 05:30:00
HIS-001494,OPP-00335,4,6,2025-10-16 08:56:37,USR-0026,2026-04-01 05:30:00
HIS-001495,OPP-00336,0,1,2025-10-20 10:31:59,USR-0024,2026-04-01 05:30:00
HIS-001496,OPP-00336,1,2,2025-10-24 23:08:32,USR-0024,2026-04-01 05:30:00
HIS-001497,OPP-00336,2,3,2025-11-07 20:43:58,USR-0024,2025-11-06 20:43:58
HIS-001498,OPP-00336,3,4,2025-11-09 11:53:56,USR-0024,2026-04-01 05:30:00
HIS-001499,OPP-00336,4,6,2025-11-16 22:52:14,USR-0024,2026-04-01 05:30:00
HIS-001500,OPP-00337,0,1,2025-11-09 04:19:59,USR-0036,2025-11-08 04:19:59
HIS-001501,OPP-00337,1,2,2026-01-21 20:30:46,USR-0036,2026-04-01 05:30:00
HIS-001502,OPP-00337,2,3,2026-01-25 02:35:30,USR-0036,2026-04-01 05:30:00
HIS-001503,OPP-00337,3,4,2026-02-05 09:16:50,USR-0036,2026-04-01 05:30:00
HIS-001504,OPP-00337,4,6,2026-02-05 18:36:42,USR-0036,2026-04-01 05:30:00
HIS-001505,OPP-00338,0,1,2025-10-30 09:57:03,USR-0023,2026-04-01 05:30:00
HIS-001506,OPP-00338,1,2,2025-11-15 16:37:37,USR-0023,2026-04-01 05:30:00
HIS-001507,OPP-00338,2,3,2025-12-09 03:49:41,USR-0023,2026-04-01 05:30:00
HIS-001508,OPP-00338,3,4,2025-12-11 21:22:32,USR-0023,2026-04-01 05:30:00
HIS-001509,OPP-00338,4,6,2025-12-16 10:17:51,USR-0023,2026-04-01 05:30:00
HIS-001510,OPP-00339,0,1,2026-02-25 03:25:44,USR-0026,2026-04-01 05:30:00
HIS-001511,OPP-00339,1,2,2026-03-11 16:32:47,USR-0026,2026-04-01 05:30:00
HIS-001512,OPP-00339,2,3,2026-03-12 13:47:51,USR-0026,2026-04-01 05:30:00
HIS-001513,OPP-00339,3,4,2026-03-14 15:09:26,USR-0026,2026-04-01 05:30:00
HIS-001514,OPP-00339,4,6,2026-03-18 19:24:26,USR-0026,2026-04-01 05:30:00
HIS-001515,OPP-00340,0,1,2025-10-13 09:47:03,USR-0025,2026-04-01 05:30:00
HIS-001516,OPP-00340,1,2,2025-10-30 11:09:03,USR-0025,2026-04-01 05:30:00
HIS-001517,OPP-00340,2,3,2025-11-01 16:00:48,USR-0025,2026-04-01 05:30:00
HIS-001518,OPP-00340,3,4,2025-11-02 00:37:54,USR-0025,2025-11-01 00:37:54
HIS-001519,OPP-00340,4,6,2025-11-02 21:07:59,USR-0025,2026-04-01 05:30:00
HIS-001520,OPP-00341,0,1,2025-12-01 23:53:50,USR-0023,2026-04-01 05:30:00
HIS-001521,OPP-00341,1,2,2025-12-08 19:02:11,USR-0023,2026-04-01 05:30:00
HIS-001522,OPP-00341,2,3,2025-12-14 16:31:22,USR-0023,2026-04-01 05:30:00
HIS-001523,OPP-00341,3,4,2025-12-15 08:26:02,USR-0023,2026-04-01 05:30:00
HIS-001524,OPP-00341,4,6,2025-12-18 06:41:50,USR-0023,2026-04-01 05:30:00
HIS-001525,OPP-00342,0,1,2025-12-08 21:44:56,USR-0025,2026-04-01 05:30:00
HIS-001526,OPP-00342,1,2,2025-12-11 14:41:00,USR-0025,2026-04-01 05:30:00
HIS-001527,OPP-00342,2,3,2025-12-18 21:23:50,USR-0025,2026-04-01 05:30:00
HIS-001528,OPP-00342,3,4,2026-01-02 12:26:57,USR-0025,2026-04-01 05:30:00
HIS-001529,OPP-00342,4,6,2026-01-03 01:45:17,USR-0025,2026-04-01 05:30:00
HIS-001530,OPP-00343,0,1,2025-10-14 07:43:02,USR-0025,2026-04-01 05:30:00
HIS-001531,OPP-00343,1,2,2025-11-10 03:30:49,USR-0025,2026-04-01 05:30:00
HIS-001532,OPP-00343,2,3,2025-11-19 18:33:36,USR-0025,2026-04-01 05:30:00
HIS-001533,OPP-00343,3,4,2025-11-21 14:23:12,USR-0025,2026-04-01 05:30:00
HIS-001534,OPP-00343,4,5,2025-11-25 02:12:17,USR-0025,2026-04-01 05:30:00
HIS-001535,OPP-00344,0,1,2025-11-18 07:54:34,USR-0025,2026-04-01 05:30:00
HIS-001536,OPP-00344,1,2,2025-12-04 10:29:07,USR-0025,2026-04-01 05:30:00
HIS-001537,OPP-00344,2,3,2025-12-04 19:06:09,USR-0025,2026-04-01 05:30:00
HIS-001538,OPP-00344,3,4,2025-12-06 07:13:03,USR-0025,2026-04-01 05:30:00
HIS-001539,OPP-00344,4,6,2025-12-09 22:52:12,USR-0025,2026-04-01 05:30:00
HIS-001540,OPP-00345,0,1,2025-10-27 01:33:10,USR-0024,2026-04-01 05:30:00
HIS-001541,OPP-00345,1,2,2025-10-28 12:53:44,USR-0024,2026-04-01 05:30:00
HIS-001542,OPP-00345,2,3,2025-10-30 09:47:50,USR-0024,2026-04-01 05:30:00
HIS-001543,OPP-00345,3,4,2025-11-02 02:34:14,USR-0024,2026-04-01 05:30:00
HIS-001544,OPP-00345,4,6,2025-11-06 16:06:26,USR-0024,2026-04-01 05:30:00
HIS-001545,OPP-00346,0,1,2025-11-03 19:52:24,USR-0023,2026-04-01 05:30:00
HIS-001546,OPP-00346,1,2,2025-11-14 12:38:25,USR-0023,2025-11-13 12:38:25
HIS-001547,OPP-00346,2,3,2025-11-16 12:52:26,USR-0023,2026-04-01 05:30:00
HIS-001548,OPP-00346,3,4,2025-11-21 09:14:07,USR-0023,2026-04-01 05:30:00
HIS-001549,OPP-00346,4,6,2025-12-04 07:00:04,USR-0023,2026-04-01 05:30:00
HIS-001550,OPP-00347,0,1,2025-12-23 23:30:21,USR-0025,2026-04-01 05:30:00
HIS-001551,OPP-00347,1,2,2026-01-06 14:03:15,USR-0025,2026-04-01 05:30:00
HIS-001552,OPP-00347,2,3,2026-01-09 22:00:11,USR-0025,2026-04-01 05:30:00
HIS-001553,OPP-00347,3,4,2026-01-18 10:38:43,USR-0025,2026-04-01 05:30:00
HIS-001554,OPP-00347,4,6,2026-01-18 23:41:13,USR-0025,2026-04-01 05:30:00
HIS-001555,OPP-00348,0,1,2026-01-24 16:56:27,USR-0025,2026-04-01 05:30:00
HIS-001556,OPP-00348,1,2,2026-02-05 20:03:03,USR-0025,2026-04-01 05:30:00
HIS-001557,OPP-00348,2,3,2026-02-06 16:08:18,USR-0025,2026-04-01 05:30:00
HIS-001558,OPP-00348,3,4,2026-02-08 17:03:25,USR-0025,2026-04-01 05:30:00
HIS-001559,OPP-00348,4,6,2026-02-16 22:37:41,USR-0025,2026-04-01 05:30:00
HIS-001560,OPP-00349,0,1,2025-12-13 22:35:27,USR-0023,2026-04-01 05:30:00
HIS-001561,OPP-00349,1,2,2025-12-19 00:16:03,USR-0023,2025-12-18 00:16:03
HIS-001562,OPP-00349,2,3,2025-12-20 10:00:44,USR-0023,2025-12-19 10:00:44
HIS-001563,OPP-00349,3,4,2025-12-28 06:28:49,USR-0023,2026-04-01 05:30:00
HIS-001564,OPP-00349,4,6,2026-01-14 13:29:52,USR-0023,2026-04-01 05:30:00
HIS-001565,OPP-00350,0,1,2025-11-11 13:40:33,USR-0026,2026-04-01 05:30:00
HIS-001566,OPP-00350,1,2,2025-11-17 17:43:05,USR-0026,2026-04-01 05:30:00
HIS-001567,OPP-00350,2,3,2025-11-22 08:29:02,USR-0026,2026-04-01 05:30:00
HIS-001568,OPP-00350,3,4,2025-12-07 03:32:44,USR-0026,2026-04-01 05:30:00
HIS-001569,OPP-00350,4,6,2026-01-07 11:34:28,USR-0026,2026-04-01 05:30:00
HIS-001570,OPP-00351,0,1,2026-02-20 23:37:43,USR-0033,2026-04-01 05:30:00
HIS-001571,OPP-00351,1,2,2026-03-28 01:12:27,USR-0033,2026-04-01 05:30:00
HIS-001572,OPP-00351,2,3,2026-03-28 13:07:46,USR-0033,2026-04-01 05:30:00
HIS-001573,OPP-00352,0,1,2025-10-31 12:21:31,USR-0030,2026-04-01 05:30:00
HIS-001574,OPP-00352,1,2,2025-11-01 00:36:57,USR-0030,2026-04-01 05:30:00
HIS-001575,OPP-00352,2,3,2025-11-27 23:34:12,USR-0030,2026-04-01 05:30:00
HIS-001576,OPP-00352,3,4,2026-01-03 07:37:10,USR-0030,2026-04-01 05:30:00
HIS-001577,OPP-00352,4,5,2026-01-14 04:59:23,USR-0030,2026-04-01 05:30:00
HIS-001578,OPP-00353,0,1,2025-10-21 01:37:10,USR-0025,2026-04-01 05:30:00
HIS-001579,OPP-00353,1,2,2025-11-07 09:58:29,USR-0025,2026-04-01 05:30:00
HIS-001580,OPP-00353,2,3,2025-11-14 19:29:09,USR-0025,2026-04-01 05:30:00
HIS-001581,OPP-00353,3,4,2025-11-18 16:21:14,USR-0025,2026-04-01 05:30:00
HIS-001582,OPP-00353,4,5,2025-11-21 06:06:20,USR-0025,2025-11-20 06:06:20
HIS-001583,OPP-00354,0,1,2026-02-18 02:31:08,USR-0030,2026-04-01 05:30:00
HIS-001584,OPP-00354,1,2,2026-03-07 15:19:25,USR-0030,2026-04-01 05:30:00
HIS-001585,OPP-00354,2,3,2026-03-17 05:18:46,USR-0030,2026-04-01 05:30:00
HIS-001586,OPP-00354,3,4,2026-03-28 09:55:51,USR-0030,2026-04-01 05:30:00
HIS-001587,OPP-00355,0,1,2025-09-18 09:06:36,USR-0026,2026-04-01 05:30:00
HIS-001588,OPP-00355,1,2,2025-09-22 00:32:15,USR-0026,2025-09-21 00:32:15
HIS-001589,OPP-00355,2,3,2025-10-08 02:05:25,USR-0026,2026-04-01 05:30:00
HIS-001590,OPP-00355,3,4,2025-10-24 17:35:01,USR-0026,2026-04-01 05:30:00
HIS-001591,OPP-00355,4,6,2025-10-24 18:59:02,USR-0026,2026-04-01 05:30:00
HIS-001592,OPP-00356,0,1,2026-03-17 11:02:58,USR-0026,2026-04-01 05:30:00
HIS-001593,OPP-00356,1,2,2026-03-28 05:23:04,USR-0026,2026-04-01 05:30:00
HIS-001594,OPP-00356,2,3,2026-03-31 01:02:15,USR-0026,2026-04-01 05:30:00
HIS-001595,OPP-00357,0,1,2025-12-22 10:05:19,USR-0030,2026-04-01 05:30:00
HIS-001596,OPP-00357,1,2,2025-12-28 14:03:51,USR-0030,2026-04-01 05:30:00
HIS-001597,OPP-00357,2,3,2026-01-03 17:10:05,USR-0030,2026-04-01 05:30:00
HIS-001598,OPP-00357,3,4,2026-01-11 18:13:26,USR-0030,2026-04-01 05:30:00
HIS-001599,OPP-00357,4,6,2026-01-22 21:16:43,USR-0030,2026-04-01 05:30:00
HIS-001600,OPP-00358,0,1,2025-10-24 16:17:39,USR-0028,2026-04-01 05:30:00
HIS-001601,OPP-00358,1,2,2025-11-21 10:23:43,USR-0028,2026-04-01 05:30:00
HIS-001602,OPP-00358,2,3,2025-11-24 00:52:11,USR-0028,2026-04-01 05:30:00
HIS-001603,OPP-00358,3,4,2025-12-17 04:28:22,USR-0028,2026-04-01 05:30:00
HIS-001604,OPP-00358,4,6,2025-12-17 17:43:07,USR-0028,2026-04-01 05:30:00
HIS-001605,OPP-00359,0,1,2025-09-20 15:58:56,USR-0024,2026-04-01 05:30:00
HIS-001606,OPP-00359,1,2,2025-09-28 22:11:46,USR-0024,2026-04-01 05:30:00
HIS-001607,OPP-00359,2,3,2025-10-07 03:30:17,USR-0024,2026-04-01 05:30:00
HIS-001608,OPP-00359,3,4,2025-10-07 14:13:48,USR-0024,2026-04-01 05:30:00
HIS-001609,OPP-00359,4,5,2025-10-19 11:14:36,USR-0024,2026-04-01 05:30:00
HIS-001610,OPP-00360,0,1,2026-02-02 05:37:56,USR-0026,2026-04-01 05:30:00
HIS-001611,OPP-00360,1,2,2026-02-14 04:57:58,USR-0026,2026-04-01 05:30:00
HIS-001612,OPP-00360,2,3,2026-02-15 23:45:57,USR-0026,2026-04-01 05:30:00
HIS-001613,OPP-00360,3,4,2026-02-16 14:48:30,USR-0026,2026-04-01 05:30:00
HIS-001614,OPP-00360,4,5,2026-02-18 10:28:17,USR-0026,2026-04-01 05:30:00
HIS-001615,OPP-00361,0,1,2026-03-04 00:47:35,USR-0023,2026-04-01 05:30:00
HIS-001616,OPP-00361,1,2,2026-03-28 21:37:44,USR-0023,2026-04-01 05:30:00
HIS-001617,OPP-00361,2,3,2026-03-29 00:53:42,USR-0023,2026-04-01 05:30:00
HIS-001618,OPP-00361,3,4,2026-03-31 09:15:09,USR-0023,2026-04-01 05:30:00
HIS-001619,OPP-00362,0,1,2026-01-26 05:17:47,USR-0033,2026-04-01 05:30:00
HIS-001620,OPP-00362,1,2,2026-02-09 03:37:41,USR-0033,2026-04-01 05:30:00
HIS-001621,OPP-00362,2,3,2026-02-13 12:37:34,USR-0033,2026-04-01 05:30:00
HIS-001622,OPP-00362,3,4,2026-03-05 13:05:26,USR-0033,2026-04-01 05:30:00
HIS-001623,OPP-00362,4,6,2026-03-05 15:34:22,USR-0033,2026-03-04 15:34:22
HIS-001624,OPP-00363,0,1,2026-01-02 06:20:36,USR-0024,2026-04-01 05:30:00
HIS-001625,OPP-00363,1,2,2026-02-11 02:21:40,USR-0024,2026-04-01 05:30:00
HIS-001626,OPP-00363,2,3,2026-02-20 07:36:46,USR-0024,2026-04-01 05:30:00
HIS-001627,OPP-00363,3,4,2026-03-23 03:31:07,USR-0024,2026-03-22 03:31:07
HIS-001628,OPP-00364,0,1,2026-02-02 02:25:55,USR-0028,2026-04-01 05:30:00
HIS-001629,OPP-00364,1,2,2026-02-04 07:43:13,USR-0028,2026-04-01 05:30:00
HIS-001630,OPP-00364,2,3,2026-02-06 13:02:59,USR-0028,2026-04-01 05:30:00
HIS-001631,OPP-00364,3,4,2026-02-14 15:59:47,USR-0028,2026-02-13 15:59:47
HIS-001632,OPP-00364,4,6,2026-02-16 03:27:18,USR-0028,2026-04-01 05:30:00
HIS-001633,OPP-00365,0,1,2025-09-14 09:31:00,USR-0026,2026-04-01 05:30:00
HIS-001634,OPP-00365,1,2,2025-10-02 01:11:50,USR-0026,2026-04-01 05:30:00
HIS-001635,OPP-00365,2,3,2025-10-08 08:22:53,USR-0026,2026-04-01 05:30:00
HIS-001636,OPP-00365,3,4,2025-10-16 23:51:49,USR-0026,2026-04-01 05:30:00
HIS-001637,OPP-00365,4,6,2025-10-18 18:04:52,USR-0026,2026-04-01 05:30:00
HIS-001638,OPP-00366,0,1,2025-09-20 02:31:23,USR-0034,2026-04-01 05:30:00
HIS-001639,OPP-00366,1,2,2025-10-17 01:04:33,USR-0034,2026-04-01 05:30:00
HIS-001640,OPP-00366,2,3,2025-10-17 10:31:11,USR-0034,2026-04-01 05:30:00
HIS-001641,OPP-00366,3,4,2025-10-17 23:57:41,USR-0034,2026-04-01 05:30:00
HIS-001642,OPP-00366,4,5,2025-10-18 21:12:20,USR-0034,2026-04-01 05:30:00
HIS-001643,OPP-00367,0,1,2026-03-21 11:13:57,USR-0034,2026-04-01 05:30:00
HIS-001644,OPP-00368,0,1,2025-09-15 03:13:15,USR-0025,2026-04-01 05:30:00
HIS-001645,OPP-00368,1,2,2025-09-22 03:12:23,USR-0025,2026-04-01 05:30:00
HIS-001646,OPP-00368,2,3,2025-09-26 00:35:19,USR-0025,2026-04-01 05:30:00
HIS-001647,OPP-00368,3,4,2025-09-27 02:23:52,USR-0025,2026-04-01 05:30:00
HIS-001648,OPP-00368,4,6,2025-09-28 02:39:05,USR-0025,2026-04-01 05:30:00
HIS-001649,OPP-00369,0,1,2025-11-15 01:26:03,USR-0026,2026-04-01 05:30:00
HIS-001650,OPP-00369,1,2,2025-11-21 19:41:19,USR-0026,2026-04-01 05:30:00
HIS-001651,OPP-00369,2,3,2025-11-24 05:46:41,USR-0026,2026-04-01 05:30:00
HIS-001652,OPP-00369,3,4,2025-12-05 01:10:59,USR-0026,2026-04-01 05:30:00
HIS-001653,OPP-00369,4,5,2025-12-07 12:23:49,USR-0026,2026-04-01 05:30:00
HIS-001654,OPP-00370,0,1,2026-03-26 09:39:00,USR-0025,2026-04-01 05:30:00
HIS-001655,OPP-00371,0,1,2025-12-28 14:35:01,USR-0034,2026-04-01 05:30:00
HIS-001656,OPP-00371,1,2,2026-02-17 12:46:48,USR-0034,2026-04-01 05:30:00
HIS-001657,OPP-00371,2,3,2026-03-02 09:39:56,USR-0034,2026-04-01 05:30:00
HIS-001658,OPP-00371,3,4,2026-03-06 00:44:25,USR-0034,2026-04-01 05:30:00
HIS-001659,OPP-00371,4,5,2026-03-06 03:20:41,USR-0034,2026-03-05 03:20:41
HIS-001660,OPP-00372,0,1,2025-12-29 17:25:57,USR-0023,2026-04-01 05:30:00
HIS-001661,OPP-00372,1,2,2026-01-31 03:14:17,USR-0023,2026-04-01 05:30:00
HIS-001662,OPP-00372,2,3,2026-02-01 02:40:45,USR-0023,2026-04-01 05:30:00
HIS-001663,OPP-00372,3,4,2026-02-06 01:02:22,USR-0023,2026-04-01 05:30:00
HIS-001664,OPP-00372,4,6,2026-02-09 17:39:54,USR-0023,2026-04-01 05:30:00
HIS-001665,OPP-00373,0,1,2026-02-24 03:00:01,USR-0026,2026-04-01 05:30:00
HIS-001666,OPP-00373,1,2,2026-03-11 02:11:59,USR-0026,2026-04-01 05:30:00
HIS-001667,OPP-00373,2,3,2026-03-11 16:26:18,USR-0026,2026-04-01 05:30:00
HIS-001668,OPP-00373,3,4,2026-03-15 12:20:51,USR-0026,2026-04-01 05:30:00
HIS-001669,OPP-00373,4,5,2026-03-17 02:56:28,USR-0026,2026-04-01 05:30:00
HIS-001670,OPP-00374,0,1,2026-01-02 21:57:15,USR-0023,2026-04-01 05:30:00
HIS-001671,OPP-00374,1,2,2026-01-09 11:04:49,USR-0023,2026-04-01 05:30:00
HIS-001672,OPP-00374,2,3,2026-01-09 12:10:12,USR-0023,2026-04-01 05:30:00
HIS-001673,OPP-00374,3,4,2026-01-10 19:53:11,USR-0023,2026-04-01 05:30:00
HIS-001674,OPP-00374,4,5,2026-01-12 14:07:53,USR-0023,2026-01-11 14:07:53
HIS-001675,OPP-00375,0,1,2026-02-18 15:14:35,USR-0026,2026-04-01 05:30:00
HIS-001676,OPP-00375,1,2,2026-03-05 06:27:11,USR-0026,2026-04-01 05:30:00
HIS-001677,OPP-00375,2,3,2026-03-09 13:46:11,USR-0026,2026-04-01 05:30:00
HIS-001678,OPP-00375,3,4,2026-03-09 15:52:55,USR-0026,2026-03-08 15:52:55
HIS-001679,OPP-00375,4,6,2026-03-09 19:13:50,USR-0026,2026-04-01 05:30:00
HIS-001680,OPP-00376,0,1,2026-02-13 13:08:11,USR-0036,2026-04-01 05:30:00
HIS-001681,OPP-00376,1,2,2026-03-09 20:59:29,USR-0036,2026-04-01 05:30:00
HIS-001682,OPP-00376,2,3,2026-03-16 08:13:26,USR-0036,2026-04-01 05:30:00
HIS-001683,OPP-00376,3,4,2026-03-25 23:06:42,USR-0036,2026-04-01 05:30:00
HIS-001684,OPP-00377,0,1,2025-12-07 04:12:22,USR-0029,2026-04-01 05:30:00
HIS-001685,OPP-00377,1,2,2025-12-17 07:30:15,USR-0029,2026-04-01 05:30:00
HIS-001686,OPP-00377,2,3,2025-12-19 05:54:52,USR-0029,2026-04-01 05:30:00
HIS-001687,OPP-00377,3,4,2025-12-20 07:45:23,USR-0029,2026-04-01 05:30:00
HIS-001688,OPP-00377,4,5,2025-12-27 07:13:33,USR-0029,2026-04-01 05:30:00
HIS-001689,OPP-00378,0,1,2025-10-07 01:20:27,USR-0032,2026-04-01 05:30:00
HIS-001690,OPP-00378,1,2,2025-10-22 00:48:41,USR-0032,2026-04-01 05:30:00
HIS-001691,OPP-00378,2,3,2025-11-20 17:58:25,USR-0032,2026-04-01 05:30:00
HIS-001692,OPP-00378,3,4,2025-11-29 23:26:50,USR-0032,2026-04-01 05:30:00
HIS-001693,OPP-00378,4,5,2025-12-12 18:20:51,USR-0032,2026-04-01 05:30:00
HIS-001694,OPP-00379,0,1,2026-01-29 01:42:36,USR-0024,2026-04-01 05:30:00
HIS-001695,OPP-00379,1,2,2026-02-05 16:10:02,USR-0024,2026-04-01 05:30:00
HIS-001696,OPP-00379,2,3,2026-02-07 04:02:47,USR-0024,2026-04-01 05:30:00
HIS-001697,OPP-00379,3,4,2026-02-09 22:37:40,USR-0024,2026-04-01 05:30:00
HIS-001698,OPP-00379,4,6,2026-02-17 05:54:04,USR-0024,2026-04-01 05:30:00
HIS-001699,OPP-00380,0,1,2025-11-29 19:30:12,USR-0025,2026-04-01 05:30:00
HIS-001700,OPP-00380,1,2,2025-12-11 11:38:24,USR-0025,2026-04-01 05:30:00
HIS-001701,OPP-00380,2,3,2025-12-18 20:28:17,USR-0025,2026-04-01 05:30:00
HIS-001702,OPP-00380,3,4,2025-12-24 09:54:19,USR-0025,2026-04-01 05:30:00
HIS-001703,OPP-00380,4,6,2025-12-26 07:24:27,USR-0025,2026-04-01 05:30:00
HIS-001704,OPP-00381,0,1,2025-10-05 18:31:31,USR-0033,2026-04-01 05:30:00
HIS-001705,OPP-00381,1,2,2025-10-08 16:47:07,USR-0033,2026-04-01 05:30:00
HIS-001706,OPP-00381,2,3,2025-10-16 12:17:00,USR-0033,2026-04-01 05:30:00
HIS-001707,OPP-00381,3,4,2025-11-03 11:05:02,USR-0033,2026-04-01 05:30:00
HIS-001708,OPP-00381,4,6,2025-11-04 12:53:53,USR-0033,2026-04-01 05:30:00
HIS-001709,OPP-00382,0,1,2026-01-25 09:42:06,USR-0026,2026-04-01 05:30:00
HIS-001710,OPP-00382,1,2,2026-01-29 13:23:35,USR-0026,2026-04-01 05:30:00
HIS-001711,OPP-00382,2,3,2026-02-01 15:42:13,USR-0026,2026-04-01 05:30:00
HIS-001712,OPP-00382,3,4,2026-02-13 14:26:58,USR-0026,2026-04-01 05:30:00
HIS-001713,OPP-00382,4,6,2026-02-16 01:32:03,USR-0026,2026-04-01 05:30:00
HIS-001714,OPP-00383,0,1,2026-03-10 02:45:16,USR-0025,2026-04-01 05:30:00
HIS-001715,OPP-00383,1,2,2026-03-13 23:08:01,USR-0025,2026-04-01 05:30:00
HIS-001716,OPP-00383,2,3,2026-03-15 08:49:56,USR-0025,2026-04-01 05:30:00
HIS-001717,OPP-00383,3,4,2026-03-17 05:32:49,USR-0025,2026-04-01 05:30:00
HIS-001718,OPP-00383,4,6,2026-03-20 17:18:03,USR-0025,2026-04-01 05:30:00
HIS-001719,OPP-00384,0,1,2026-01-08 16:53:02,USR-0034,2026-04-01 05:30:00
HIS-001720,OPP-00384,1,2,2026-02-19 08:37:52,USR-0034,2026-04-01 05:30:00
HIS-001721,OPP-00384,2,3,2026-03-12 22:48:01,USR-0034,2026-03-11 22:48:01
HIS-001722,OPP-00384,3,4,2026-03-22 10:17:40,USR-0034,2026-04-01 05:30:00
HIS-001723,OPP-00385,0,1,2025-12-07 23:15:10,USR-0029,2026-04-01 05:30:00
HIS-001724,OPP-00385,1,2,2025-12-13 07:45:31,USR-0029,2026-04-01 05:30:00
HIS-001725,OPP-00385,2,3,2025-12-14 08:23:12,USR-0029,2026-04-01 05:30:00
HIS-001726,OPP-00385,3,4,2025-12-21 12:44:23,USR-0029,2026-04-01 05:30:00
HIS-001727,OPP-00385,4,6,2025-12-26 00:07:22,USR-0029,2026-04-01 05:30:00
HIS-001728,OPP-00386,0,1,2025-09-18 08:26:43,USR-0024,2026-04-01 05:30:00
HIS-001729,OPP-00386,1,2,2025-10-04 10:18:50,USR-0024,2026-04-01 05:30:00
HIS-001730,OPP-00386,2,3,2025-10-08 13:08:59,USR-0024,2026-04-01 05:30:00
HIS-001731,OPP-00386,3,4,2025-10-15 06:07:06,USR-0024,2026-04-01 05:30:00
HIS-001732,OPP-00386,4,6,2025-10-16 23:45:54,USR-0024,2026-04-01 05:30:00
HIS-001733,OPP-00387,0,1,2026-03-05 15:55:42,USR-0029,2026-04-01 05:30:00
HIS-001734,OPP-00387,1,2,2026-03-21 17:59:27,USR-0029,2026-04-01 05:30:00
HIS-001735,OPP-00387,2,3,2026-03-27 21:46:26,USR-0029,2026-04-01 05:30:00
HIS-001736,OPP-00388,0,1,2025-12-19 21:43:25,USR-0029,2026-04-01 05:30:00
HIS-001737,OPP-00388,1,2,2025-12-26 16:50:16,USR-0029,2026-04-01 05:30:00
HIS-001738,OPP-00388,2,3,2026-01-02 00:35:53,USR-0029,2026-04-01 05:30:00
HIS-001739,OPP-00388,3,4,2026-01-04 21:11:29,USR-0029,2026-04-01 05:30:00
HIS-001740,OPP-00388,4,6,2026-01-06 23:38:20,USR-0029,2026-01-05 23:38:20
HIS-001741,OPP-00389,0,1,2026-01-01 23:28:39,USR-0023,2026-04-01 05:30:00
HIS-001742,OPP-00389,1,2,2026-01-04 03:16:14,USR-0023,2026-04-01 05:30:00
HIS-001743,OPP-00389,2,3,2026-01-10 13:15:57,USR-0023,2026-04-01 05:30:00
HIS-001744,OPP-00389,3,4,2026-01-12 09:54:13,USR-0023,2026-04-01 05:30:00
HIS-001745,OPP-00389,4,6,2026-01-17 10:52:23,USR-0023,2026-04-01 05:30:00
HIS-001746,OPP-00390,0,1,2026-02-19 21:19:00,USR-0025,2026-04-01 05:30:00
HIS-001747,OPP-00390,1,2,2026-03-03 18:37:05,USR-0025,2026-04-01 05:30:00
HIS-001748,OPP-00390,2,3,2026-03-04 11:31:43,USR-0025,2026-04-01 05:30:00
HIS-001749,OPP-00391,0,1,2026-01-04 22:31:19,USR-0035,2026-04-01 05:30:00
HIS-001750,OPP-00391,1,2,2026-02-01 21:54:49,USR-0035,2026-04-01 05:30:00
HIS-001751,OPP-00391,2,3,2026-02-25 15:19:24,USR-0035,2026-04-01 05:30:00
HIS-001752,OPP-00392,0,1,2025-11-18 00:32:40,USR-0030,2026-04-01 05:30:00
HIS-001753,OPP-00392,1,2,2025-12-18 10:46:39,USR-0030,2026-04-01 05:30:00
HIS-001754,OPP-00392,2,3,2026-01-05 08:04:50,USR-0030,2026-01-04 08:04:50
HIS-001755,OPP-00392,3,4,2026-02-11 13:33:41,USR-0030,2026-04-01 05:30:00
HIS-001756,OPP-00392,4,6,2026-02-21 16:41:17,USR-0030,2026-04-01 05:30:00
HIS-001757,OPP-00393,0,1,2026-03-03 01:20:47,USR-0023,2026-04-01 05:30:00
HIS-001758,OPP-00393,1,2,2026-03-19 20:32:55,USR-0023,2026-04-01 05:30:00
HIS-001759,OPP-00393,2,3,2026-03-24 06:27:45,USR-0023,2026-04-01 05:30:00
HIS-001760,OPP-00393,3,4,2026-03-29 19:22:28,USR-0023,2026-04-01 05:30:00
HIS-001761,OPP-00394,0,1,2025-10-15 13:00:41,USR-0036,2026-04-01 05:30:00
HIS-001762,OPP-00394,1,2,2025-11-09 07:46:53,USR-0036,2026-04-01 05:30:00
HIS-001763,OPP-00394,2,3,2026-01-03 05:23:34,USR-0036,2026-04-01 05:30:00
HIS-001764,OPP-00394,3,4,2026-02-12 09:59:22,USR-0036,2026-04-01 05:30:00
HIS-001765,OPP-00394,4,6,2026-02-18 13:45:21,USR-0036,2026-04-01 05:30:00
HIS-001766,OPP-00395,0,1,2025-09-25 02:06:52,USR-0023,2026-04-01 05:30:00
HIS-001767,OPP-00395,1,2,2025-09-30 02:40:22,USR-0023,2026-04-01 05:30:00
HIS-001768,OPP-00395,2,3,2025-10-04 09:41:24,USR-0023,2026-04-01 05:30:00
HIS-001769,OPP-00395,3,4,2025-10-15 02:48:23,USR-0023,2026-04-01 05:30:00
HIS-001770,OPP-00395,4,5,2025-10-16 07:55:04,USR-0023,2026-04-01 05:30:00
HIS-001771,OPP-00396,0,1,2025-11-22 22:45:12,USR-0023,2026-04-01 05:30:00
HIS-001772,OPP-00396,1,2,2025-12-14 16:22:04,USR-0023,2026-04-01 05:30:00
HIS-001773,OPP-00396,2,3,2025-12-21 18:39:21,USR-0023,2026-04-01 05:30:00
HIS-001774,OPP-00396,3,4,2025-12-22 11:09:18,USR-0023,2025-12-21 11:09:18
HIS-001775,OPP-00396,4,6,2025-12-22 16:43:37,USR-0023,2026-04-01 05:30:00
HIS-001776,OPP-00397,0,1,2026-02-02 23:47:15,USR-0026,2026-04-01 05:30:00
HIS-001777,OPP-00397,1,2,2026-02-05 10:47:10,USR-0026,2026-04-01 05:30:00
HIS-001778,OPP-00397,2,3,2026-02-05 23:38:43,USR-0026,2026-04-01 05:30:00
HIS-001779,OPP-00397,3,4,2026-02-08 07:53:30,USR-0026,2026-04-01 05:30:00
HIS-001780,OPP-00397,4,6,2026-02-20 11:27:33,USR-0026,2026-04-01 05:30:00
HIS-001781,OPP-00398,0,1,2025-09-23 23:41:41,USR-0026,2026-04-01 05:30:00
HIS-001782,OPP-00398,1,2,2025-09-27 05:23:08,USR-0026,2026-04-01 05:30:00
HIS-001783,OPP-00398,2,3,2025-10-02 09:53:17,USR-0026,2026-04-01 05:30:00
HIS-001784,OPP-00398,3,4,2025-10-04 11:39:55,USR-0026,2026-04-01 05:30:00
HIS-001785,OPP-00398,4,6,2025-10-05 13:24:27,USR-0026,2025-10-04 13:24:27
HIS-001786,OPP-00399,0,1,2026-03-03 19:10:43,USR-0025,2026-04-01 05:30:00
HIS-001787,OPP-00399,1,2,2026-03-15 11:52:07,USR-0025,2026-03-14 11:52:07
HIS-001788,OPP-00399,2,3,2026-03-20 05:00:45,USR-0025,2026-04-01 05:30:00
HIS-001789,OPP-00399,3,4,2026-03-30 04:12:42,USR-0025,2026-04-01 05:30:00
HIS-001790,OPP-00400,0,1,2025-11-28 13:57:38,USR-0029,2025-11-27 13:57:38
HIS-001791,OPP-00400,1,2,2025-12-16 09:13:09,USR-0029,2026-04-01 05:30:00
HIS-001792,OPP-00400,2,3,2025-12-17 09:49:53,USR-0029,2026-04-01 05:30:00
HIS-001793,OPP-00400,3,4,2025-12-28 22:48:21,USR-0029,2026-04-01 05:30:00
HIS-001794,OPP-00400,4,5,2026-01-10 04:11:00,USR-0029,2026-04-01 05:30:00
HIS-001795,OPP-00401,0,1,2026-03-18 03:33:14,USR-0034,2026-04-01 05:30:00
HIS-001796,OPP-00402,0,1,2026-02-26 14:31:22,USR-0024,2026-04-01 05:30:00
HIS-001797,OPP-00402,1,2,2026-03-03 01:29:46,USR-0024,2026-04-01 05:30:00
HIS-001798,OPP-00402,2,3,2026-03-08 17:32:31,USR-0024,2026-04-01 05:30:00
HIS-001799,OPP-00402,3,4,2026-03-13 00:14:11,USR-0024,2026-04-01 05:30:00
HIS-001800,OPP-00402,4,6,2026-03-14 07:59:44,USR-0024,2026-04-01 05:30:00
HIS-001801,OPP-00403,0,1,2025-12-15 05:29:53,USR-0034,2026-04-01 05:30:00
HIS-001802,OPP-00403,1,2,2026-01-08 23:48:27,USR-0034,2026-04-01 05:30:00
HIS-001803,OPP-00403,2,3,2026-01-11 22:44:57,USR-0034,2026-04-01 05:30:00
HIS-001804,OPP-00403,3,4,2026-01-18 04:27:55,USR-0034,2026-04-01 05:30:00
HIS-001805,OPP-00403,4,6,2026-02-05 17:26:36,USR-0034,2026-04-01 05:30:00
HIS-001806,OPP-00404,0,1,2025-09-11 02:14:23,USR-0023,2026-04-01 05:30:00
HIS-001807,OPP-00404,1,2,2025-09-21 14:58:15,USR-0023,2026-04-01 05:30:00
HIS-001808,OPP-00404,2,3,2025-10-01 22:07:11,USR-0023,2026-04-01 05:30:00
HIS-001809,OPP-00404,3,4,2025-10-02 17:27:19,USR-0023,2026-04-01 05:30:00
HIS-001810,OPP-00404,4,6,2025-10-03 23:08:53,USR-0023,2026-04-01 05:30:00
HIS-001811,OPP-00405,0,1,2025-11-19 14:58:36,USR-0030,2026-04-01 05:30:00
HIS-001812,OPP-00405,1,2,2025-11-29 20:14:31,USR-0030,2026-04-01 05:30:00
HIS-001813,OPP-00405,2,3,2025-12-06 03:09:26,USR-0030,2026-04-01 05:30:00
HIS-001814,OPP-00405,3,4,2025-12-16 18:34:02,USR-0030,2026-04-01 05:30:00
HIS-001815,OPP-00405,4,6,2025-12-27 12:20:52,USR-0030,2026-04-01 05:30:00
HIS-001816,OPP-00406,0,1,2026-02-04 11:13:54,USR-0029,2026-04-01 05:30:00
HIS-001817,OPP-00406,1,2,2026-02-11 09:01:27,USR-0029,2026-04-01 05:30:00
HIS-001818,OPP-00406,2,3,2026-02-15 13:07:31,USR-0029,2026-04-01 05:30:00
HIS-001819,OPP-00406,3,4,2026-02-19 07:48:04,USR-0029,2026-04-01 05:30:00
HIS-001820,OPP-00406,4,5,2026-02-19 08:43:03,USR-0029,2026-02-18 08:43:03
HIS-001821,OPP-00407,0,1,2025-12-28 21:46:40,USR-0034,2026-04-01 05:30:00
HIS-001822,OPP-00407,1,2,2026-01-11 06:23:37,USR-0034,2026-04-01 05:30:00
HIS-001823,OPP-00407,2,3,2026-01-13 21:12:36,USR-0034,2026-04-01 05:30:00
HIS-001824,OPP-00407,3,4,2026-01-13 21:59:42,USR-0034,2026-04-01 05:30:00
HIS-001825,OPP-00407,4,6,2026-02-22 01:34:54,USR-0034,2026-04-01 05:30:00
HIS-001826,OPP-00408,0,1,2025-10-10 20:36:33,USR-0029,2026-04-01 05:30:00
HIS-001827,OPP-00408,1,2,2025-10-17 10:04:12,USR-0029,2026-04-01 05:30:00
HIS-001828,OPP-00408,2,3,2025-10-24 00:46:35,USR-0029,2026-04-01 05:30:00
HIS-001829,OPP-00408,3,4,2025-10-24 20:48:05,USR-0029,2026-04-01 05:30:00
HIS-001830,OPP-00408,4,6,2025-11-04 07:12:09,USR-0029,2026-04-01 05:30:00
HIS-001831,OPP-00409,0,1,2026-01-26 22:48:48,USR-0026,2026-04-01 05:30:00
HIS-001832,OPP-00409,1,2,2026-02-12 01:15:00,USR-0026,2026-04-01 05:30:00
HIS-001833,OPP-00409,2,3,2026-03-06 22:15:42,USR-0026,2026-04-01 05:30:00
HIS-001834,OPP-00409,3,4,2026-03-13 12:45:31,USR-0026,2026-04-01 05:30:00
HIS-001835,OPP-00409,4,6,2026-03-14 16:09:38,USR-0026,2026-04-01 05:30:00
HIS-001836,OPP-00410,0,1,2026-03-16 09:51:16,USR-0026,2026-03-15 09:51:16
HIS-001837,OPP-00410,1,2,2026-03-16 20:14:17,USR-0026,2026-04-01 05:30:00
HIS-001838,OPP-00410,2,3,2026-03-26 16:57:22,USR-0026,2026-04-01 05:30:00
HIS-001839,OPP-00411,0,1,2026-03-21 12:25:23,USR-0028,2026-04-01 05:30:00
HIS-001840,OPP-00411,1,2,2026-03-24 11:10:35,USR-0028,2026-04-01 05:30:00
HIS-001841,OPP-00411,2,3,2026-03-26 17:25:15,USR-0028,2026-04-01 05:30:00
HIS-001842,OPP-00412,0,1,2025-12-19 02:00:01,USR-0032,2026-04-01 05:30:00
HIS-001843,OPP-00412,1,2,2026-01-18 17:55:06,USR-0032,2026-04-01 05:30:00
HIS-001844,OPP-00412,2,3,2026-01-22 10:40:37,USR-0032,2026-04-01 05:30:00
HIS-001845,OPP-00412,3,4,2026-02-01 18:45:12,USR-0032,2026-04-01 05:30:00
HIS-001846,OPP-00412,4,5,2026-02-07 02:41:19,USR-0032,2026-04-01 05:30:00
HIS-001847,OPP-00413,0,1,2026-01-13 10:04:17,USR-0029,2026-01-12 10:04:17
HIS-001848,OPP-00413,1,2,2026-01-20 01:25:54,USR-0029,2026-04-01 05:30:00
HIS-001849,OPP-00413,2,3,2026-02-09 19:14:04,USR-0029,2026-04-01 05:30:00
HIS-001850,OPP-00413,3,4,2026-02-12 22:40:07,USR-0029,2026-04-01 05:30:00
HIS-001851,OPP-00413,4,6,2026-02-14 05:28:46,USR-0029,2026-04-01 05:30:00
HIS-001852,OPP-00414,0,1,2025-10-30 08:01:09,USR-0029,2026-04-01 05:30:00
HIS-001853,OPP-00414,1,2,2025-11-06 22:42:55,USR-0029,2026-04-01 05:30:00
HIS-001854,OPP-00414,2,3,2025-11-08 16:01:21,USR-0029,2026-04-01 05:30:00
HIS-001855,OPP-00414,3,4,2025-11-16 02:00:03,USR-0029,2025-11-15 02:00:03
HIS-001856,OPP-00414,4,6,2025-11-24 03:20:59,USR-0029,2026-04-01 05:30:00
HIS-001857,OPP-00415,0,1,2026-02-07 21:22:06,USR-0032,2026-04-01 05:30:00
HIS-001858,OPP-00415,1,2,2026-03-05 18:29:02,USR-0032,2026-04-01 05:30:00
HIS-001859,OPP-00415,2,3,2026-03-16 15:39:10,USR-0032,2026-04-01 05:30:00
HIS-001860,OPP-00415,3,4,2026-03-17 14:32:05,USR-0032,2026-04-01 05:30:00
HIS-001861,OPP-00415,4,6,2026-03-30 23:06:08,USR-0032,2026-04-01 05:30:00
HIS-001862,OPP-00416,0,1,2025-10-07 17:09:19,USR-0033,2026-04-01 05:30:00
HIS-001863,OPP-00416,1,2,2025-11-18 21:52:08,USR-0033,2026-04-01 05:30:00
HIS-001864,OPP-00416,2,3,2025-12-18 02:36:47,USR-0033,2026-04-01 05:30:00
HIS-001865,OPP-00416,3,4,2025-12-19 00:28:02,USR-0033,2026-04-01 05:30:00
HIS-001866,OPP-00416,4,6,2025-12-19 11:37:56,USR-0033,2026-04-01 05:30:00
HIS-001867,OPP-00417,0,1,2026-01-17 23:59:43,USR-0030,2026-04-01 05:30:00
HIS-001868,OPP-00417,1,2,2026-01-25 21:20:21,USR-0030,2026-04-01 05:30:00
HIS-001869,OPP-00417,2,3,2026-01-26 12:20:47,USR-0030,2026-04-01 05:30:00
HIS-001870,OPP-00417,3,4,2026-03-03 04:39:25,USR-0030,2026-04-01 05:30:00
HIS-001871,OPP-00417,4,6,2026-03-06 15:54:19,USR-0030,2026-04-01 05:30:00
HIS-001872,OPP-00418,0,1,2026-02-04 04:37:25,USR-0029,2026-02-03 04:37:25
HIS-001873,OPP-00418,1,2,2026-02-16 11:41:58,USR-0029,2026-04-01 05:30:00
HIS-001874,OPP-00418,2,3,2026-02-28 11:27:55,USR-0029,2026-04-01 05:30:00
HIS-001875,OPP-00418,3,4,2026-03-03 00:25:00,USR-0029,2026-04-01 05:30:00
HIS-001876,OPP-00418,4,5,2026-03-03 15:35:41,USR-0029,2026-04-01 05:30:00
HIS-001877,OPP-00419,0,1,2025-12-04 14:08:56,USR-0028,2025-12-03 14:08:56
HIS-001878,OPP-00419,1,2,2025-12-17 00:27:45,USR-0028,2026-04-01 05:30:00
HIS-001879,OPP-00419,2,3,2025-12-22 23:02:54,USR-0028,2026-04-01 05:30:00
HIS-001880,OPP-00419,3,4,2025-12-23 04:26:17,USR-0028,2026-04-01 05:30:00
HIS-001881,OPP-00419,4,6,2026-01-02 10:16:23,USR-0028,2026-04-01 05:30:00
HIS-001882,OPP-00420,0,1,2025-12-16 04:42:06,USR-0036,2026-04-01 05:30:00
HIS-001883,OPP-00420,1,2,2026-01-29 14:58:00,USR-0036,2026-04-01 05:30:00
HIS-001884,OPP-00420,2,3,2026-02-13 17:52:22,USR-0036,2026-04-01 05:30:00
HIS-001885,OPP-00420,3,4,2026-02-13 21:33:06,USR-0036,2026-04-01 05:30:00
HIS-001886,OPP-00420,4,6,2026-03-16 10:16:35,USR-0036,2026-04-01 05:30:00
HIS-001887,OPP-00421,0,1,2025-09-20 06:00:05,USR-0028,2026-04-01 05:30:00
HIS-001888,OPP-00421,1,2,2025-10-09 03:54:37,USR-0028,2026-04-01 05:30:00
HIS-001889,OPP-00421,2,3,2025-10-10 13:59:33,USR-0028,2026-04-01 05:30:00
HIS-001890,OPP-00421,3,4,2025-10-20 16:37:24,USR-0028,2026-04-01 05:30:00
HIS-001891,OPP-00421,4,5,2025-10-30 03:56:04,USR-0028,2026-04-01 05:30:00
HIS-001892,OPP-00422,0,1,2025-11-06 09:53:17,USR-0030,2026-04-01 05:30:00
HIS-001893,OPP-00422,1,2,2025-12-26 06:52:49,USR-0030,2026-04-01 05:30:00
HIS-001894,OPP-00422,2,3,2026-01-04 16:54:27,USR-0030,2026-04-01 05:30:00
HIS-001895,OPP-00422,3,4,2026-01-11 14:47:24,USR-0030,2026-04-01 05:30:00
HIS-001896,OPP-00422,4,5,2026-01-13 18:51:03,USR-0030,2026-04-01 05:30:00
HIS-001897,OPP-00423,0,1,2026-01-03 23:44:01,USR-0025,2026-04-01 05:30:00
HIS-001898,OPP-00423,1,2,2026-02-04 05:07:57,USR-0025,2026-04-01 05:30:00
HIS-001899,OPP-00423,2,3,2026-03-01 04:00:14,USR-0025,2026-04-01 05:30:00
HIS-001900,OPP-00423,3,4,2026-03-10 20:07:03,USR-0025,2026-04-01 05:30:00
HIS-001901,OPP-00423,4,5,2026-03-12 23:46:54,USR-0025,2026-04-01 05:30:00
HIS-001902,OPP-00424,0,1,2025-11-22 00:28:12,USR-0025,2026-04-01 05:30:00
HIS-001903,OPP-00424,1,2,2026-01-08 19:56:43,USR-0025,2026-04-01 05:30:00
HIS-001904,OPP-00424,2,3,2026-01-11 15:45:08,USR-0025,2026-04-01 05:30:00
HIS-001905,OPP-00424,3,4,2026-01-11 23:00:07,USR-0025,2026-04-01 05:30:00
HIS-001906,OPP-00424,4,5,2026-01-12 12:23:22,USR-0025,2026-04-01 05:30:00
HIS-001907,OPP-00425,0,1,2025-11-08 00:45:54,USR-0023,2026-04-01 05:30:00
HIS-001908,OPP-00425,1,2,2025-11-21 05:43:24,USR-0023,2026-04-01 05:30:00
HIS-001909,OPP-00425,2,3,2025-11-21 11:24:07,USR-0023,2026-04-01 05:30:00
HIS-001910,OPP-00425,3,4,2025-11-22 08:41:49,USR-0023,2026-04-01 05:30:00
HIS-001911,OPP-00425,4,6,2025-11-24 08:51:12,USR-0023,2026-04-01 05:30:00
HIS-001912,OPP-00426,0,1,2026-03-02 18:43:13,USR-0024,2026-04-01 05:30:00
HIS-001913,OPP-00426,1,2,2026-03-08 00:32:27,USR-0024,2026-04-01 05:30:00
HIS-001914,OPP-00426,2,3,2026-03-10 21:06:27,USR-0024,2026-04-01 05:30:00
HIS-001915,OPP-00426,3,4,2026-03-13 07:29:02,USR-0024,2026-04-01 05:30:00
HIS-001916,OPP-00426,4,6,2026-03-24 08:50:40,USR-0024,2026-04-01 05:30:00
HIS-001917,OPP-00427,0,1,2025-12-10 03:11:08,USR-0035,2026-04-01 05:30:00
HIS-001918,OPP-00427,1,2,2026-03-08 17:38:59,USR-0035,2026-04-01 05:30:00
HIS-001919,OPP-00428,0,1,2025-12-08 08:19:07,USR-0028,2026-04-01 05:30:00
HIS-001920,OPP-00428,1,2,2025-12-28 20:01:39,USR-0028,2026-04-01 05:30:00
HIS-001921,OPP-00428,2,3,2025-12-31 21:46:35,USR-0028,2026-04-01 05:30:00
HIS-001922,OPP-00428,3,4,2026-01-02 19:49:31,USR-0028,2026-04-01 05:30:00
HIS-001923,OPP-00428,4,6,2026-01-06 03:40:23,USR-0028,2026-04-01 05:30:00
HIS-001924,OPP-00429,0,1,2026-01-13 19:03:48,USR-0032,2026-04-01 05:30:00
HIS-001925,OPP-00429,1,2,2026-01-17 18:18:23,USR-0032,2026-04-01 05:30:00
HIS-001926,OPP-00429,2,3,2026-02-09 14:23:55,USR-0032,2026-04-01 05:30:00
HIS-001927,OPP-00429,3,4,2026-02-09 21:59:01,USR-0032,2026-04-01 05:30:00
HIS-001928,OPP-00429,4,6,2026-02-10 12:36:33,USR-0032,2026-04-01 05:30:00
HIS-001929,OPP-00430,0,1,2026-03-20 00:26:30,USR-0028,2026-04-01 05:30:00
HIS-001930,OPP-00430,1,2,2026-03-23 18:37:34,USR-0028,2026-04-01 05:30:00
HIS-001931,OPP-00430,2,3,2026-03-30 08:04:27,USR-0028,2026-04-01 05:30:00
HIS-001932,OPP-00431,0,1,2025-12-22 02:40:11,USR-0024,2026-04-01 05:30:00
HIS-001933,OPP-00431,1,2,2026-01-10 22:43:28,USR-0024,2026-04-01 05:30:00
HIS-001934,OPP-00431,2,3,2026-01-13 01:19:16,USR-0024,2026-04-01 05:30:00
HIS-001935,OPP-00431,3,4,2026-01-13 04:55:40,USR-0024,2026-04-01 05:30:00
HIS-001936,OPP-00431,4,6,2026-01-19 14:36:13,USR-0024,2026-04-01 05:30:00
HIS-001937,OPP-00432,0,1,2026-02-21 04:05:05,USR-0034,2026-04-01 05:30:00
HIS-001938,OPP-00432,1,2,2026-03-17 03:55:32,USR-0034,2026-04-01 05:30:00
HIS-001939,OPP-00433,0,1,2025-09-28 10:40:54,USR-0033,2026-04-01 05:30:00
HIS-001940,OPP-00433,1,2,2025-10-24 12:56:29,USR-0033,2026-04-01 05:30:00
HIS-001941,OPP-00433,2,3,2025-11-01 21:35:44,USR-0033,2026-04-01 05:30:00
HIS-001942,OPP-00433,3,4,2025-11-19 10:32:23,USR-0033,2026-04-01 05:30:00
HIS-001943,OPP-00433,4,5,2025-12-07 23:52:29,USR-0033,2025-12-06 23:52:29
HIS-001944,OPP-00434,0,1,2025-11-03 13:03:31,USR-0028,2026-04-01 05:30:00
HIS-001945,OPP-00434,1,2,2025-11-05 09:42:12,USR-0028,2026-04-01 05:30:00
HIS-001946,OPP-00434,2,3,2025-11-20 15:26:50,USR-0028,2026-04-01 05:30:00
HIS-001947,OPP-00434,3,4,2025-11-25 00:01:41,USR-0028,2026-04-01 05:30:00
HIS-001948,OPP-00434,4,6,2025-11-25 10:20:58,USR-0028,2026-04-01 05:30:00
HIS-001949,OPP-00435,0,1,2026-03-18 23:09:54,USR-0025,2026-04-01 05:30:00
HIS-001950,OPP-00435,1,2,2026-03-27 07:12:30,USR-0025,2026-04-01 05:30:00
HIS-001951,OPP-00436,0,1,2026-02-05 17:09:00,USR-0025,2026-04-01 05:30:00
HIS-001952,OPP-00436,1,2,2026-02-07 19:56:57,USR-0025,2026-04-01 05:30:00
HIS-001953,OPP-00436,2,3,2026-02-08 17:41:38,USR-0025,2026-04-01 05:30:00
HIS-001954,OPP-00436,3,4,2026-02-18 03:52:42,USR-0025,2026-04-01 05:30:00
HIS-001955,OPP-00436,4,6,2026-02-20 02:46:48,USR-0025,2026-04-01 05:30:00
HIS-001956,OPP-00437,0,1,2026-01-11 15:08:29,USR-0034,2026-04-01 05:30:00
HIS-001957,OPP-00437,1,2,2026-02-07 09:23:28,USR-0034,2026-04-01 05:30:00
HIS-001958,OPP-00437,2,3,2026-03-12 14:08:04,USR-0034,2026-04-01 05:30:00
HIS-001959,OPP-00437,3,4,2026-03-24 10:29:33,USR-0034,2026-04-01 05:30:00
HIS-001960,OPP-00438,0,1,2026-02-09 04:16:27,USR-0025,2026-04-01 05:30:00
HIS-001961,OPP-00438,1,2,2026-02-10 16:18:59,USR-0025,2026-04-01 05:30:00
HIS-001962,OPP-00438,2,3,2026-02-17 12:46:45,USR-0025,2026-04-01 05:30:00
HIS-001963,OPP-00438,3,4,2026-02-21 13:54:04,USR-0025,2026-04-01 05:30:00
HIS-001964,OPP-00438,4,6,2026-02-23 22:19:05,USR-0025,2026-04-01 05:30:00
HIS-001965,OPP-00439,0,1,2026-02-05 07:22:17,USR-0034,2026-04-01 05:30:00
HIS-001966,OPP-00439,1,2,2026-02-17 05:16:23,USR-0034,2026-04-01 05:30:00
HIS-001967,OPP-00439,2,3,2026-02-23 13:22:41,USR-0034,2026-04-01 05:30:00
HIS-001968,OPP-00439,3,4,2026-03-04 18:20:44,USR-0034,2026-04-01 05:30:00
HIS-001969,OPP-00440,0,1,2025-10-04 12:06:19,USR-0023,2026-04-01 05:30:00
HIS-001970,OPP-00440,1,2,2025-10-14 01:01:12,USR-0023,2026-04-01 05:30:00
HIS-001971,OPP-00440,2,3,2025-10-14 10:25:30,USR-0023,2026-04-01 05:30:00
HIS-001972,OPP-00440,3,4,2025-10-14 18:54:42,USR-0023,2026-04-01 05:30:00
HIS-001973,OPP-00440,4,6,2025-10-21 05:58:36,USR-0023,2026-04-01 05:30:00
HIS-001974,OPP-00441,0,1,2026-01-12 07:14:23,USR-0036,2026-01-11 07:14:23
HIS-001975,OPP-00441,1,2,2026-02-22 21:31:17,USR-0036,2026-04-01 05:30:00
HIS-001976,OPP-00441,2,3,2026-02-24 16:40:23,USR-0036,2026-04-01 05:30:00
HIS-001977,OPP-00441,3,4,2026-03-19 18:26:18,USR-0036,2026-04-01 05:30:00
HIS-001978,OPP-00442,0,1,2026-02-27 11:52:19,USR-0023,2026-04-01 05:30:00
HIS-001979,OPP-00442,1,2,2026-03-10 11:52:52,USR-0023,2026-03-09 11:52:52
HIS-001980,OPP-00442,2,3,2026-03-10 13:22:28,USR-0023,2026-04-01 05:30:00
HIS-001981,OPP-00442,3,4,2026-03-10 19:56:46,USR-0023,2026-04-01 05:30:00
HIS-001982,OPP-00442,4,6,2026-03-15 22:19:00,USR-0023,2026-04-01 05:30:00
HIS-001983,OPP-00443,0,1,2025-11-30 07:06:03,USR-0029,2026-04-01 05:30:00
HIS-001984,OPP-00443,1,2,2025-12-07 17:34:03,USR-0029,2026-04-01 05:30:00
HIS-001985,OPP-00443,2,3,2025-12-15 08:16:52,USR-0029,2026-04-01 05:30:00
HIS-001986,OPP-00443,3,4,2025-12-17 16:20:28,USR-0029,2026-04-01 05:30:00
HIS-001987,OPP-00443,4,6,2025-12-20 22:50:04,USR-0029,2026-04-01 05:30:00
HIS-001993,OPP-00445,0,1,2025-12-14 07:23:01,USR-0023,2026-04-01 05:30:00
HIS-001994,OPP-00445,1,2,2025-12-22 15:06:24,USR-0023,2026-04-01 05:30:00
HIS-001995,OPP-00445,2,3,2025-12-27 01:19:59,USR-0023,2026-04-01 05:30:00
HIS-001996,OPP-00445,3,4,2025-12-29 01:45:59,USR-0023,2026-04-01 05:30:00
HIS-001997,OPP-00445,4,5,2026-01-09 04:40:56,USR-0023,2026-04-01 05:30:00
HIS-001998,OPP-00446,0,1,2025-10-15 12:44:05,USR-0023,2026-04-01 05:30:00
HIS-001999,OPP-00446,1,2,2025-12-03 14:19:22,USR-0023,2026-04-01 05:30:00
HIS-002000,OPP-00446,2,3,2025-12-06 23:20:04,USR-0023,2026-04-01 05:30:00
HIS-002001,OPP-00446,3,4,2025-12-10 00:23:02,USR-0023,2026-04-01 05:30:00
HIS-002002,OPP-00446,4,6,2025-12-29 23:14:22,USR-0023,2026-04-01 05:30:00
HIS-002003,OPP-00447,0,1,2026-02-24 13:20:31,USR-0028,2026-04-01 05:30:00
HIS-002004,OPP-00447,1,2,2026-02-28 07:22:39,USR-0028,2026-04-01 05:30:00
HIS-002005,OPP-00447,2,3,2026-03-16 05:56:11,USR-0028,2026-04-01 05:30:00
HIS-002006,OPP-00447,3,4,2026-03-17 09:28:53,USR-0028,2026-04-01 05:30:00
HIS-002007,OPP-00447,4,6,2026-03-29 23:46:40,USR-0028,2026-04-01 05:30:00
HIS-002008,OPP-00448,0,1,2026-02-23 08:29:03,USR-0026,2026-04-01 05:30:00
HIS-002009,OPP-00448,1,2,2026-02-25 09:38:48,USR-0026,2026-02-24 09:38:48
HIS-002010,OPP-00448,2,3,2026-02-26 23:08:53,USR-0026,2026-04-01 05:30:00
HIS-002011,OPP-00448,3,4,2026-02-28 01:35:44,USR-0026,2026-04-01 05:30:00
HIS-002012,OPP-00448,4,6,2026-03-09 07:08:25,USR-0026,2026-04-01 05:30:00
HIS-002013,OPP-00449,0,1,2025-12-23 22:33:33,USR-0036,2026-04-01 05:30:00
HIS-002014,OPP-00449,1,2,2026-01-24 22:54:10,USR-0036,2026-04-01 05:30:00
HIS-002015,OPP-00449,2,3,2026-01-28 07:15:08,USR-0036,2026-04-01 05:30:00
HIS-002016,OPP-00449,3,4,2026-01-28 22:08:22,USR-0036,2026-04-01 05:30:00
HIS-002017,OPP-00449,4,6,2026-02-26 07:06:01,USR-0036,2026-04-01 05:30:00
HIS-002018,OPP-00450,0,1,2025-10-12 16:22:51,USR-0032,2026-04-01 05:30:00
HIS-002019,OPP-00450,1,2,2025-11-28 01:43:33,USR-0032,2026-04-01 05:30:00
HIS-002020,OPP-00450,2,3,2025-12-01 12:10:35,USR-0032,2026-04-01 05:30:00
HIS-002021,OPP-00450,3,4,2025-12-02 11:23:37,USR-0032,2026-04-01 05:30:00
HIS-002022,OPP-00450,4,5,2025-12-11 05:45:56,USR-0032,2026-04-01 05:30:00
HIS-002023,OPP-00451,0,1,2026-02-04 22:04:02,USR-0029,2026-04-01 05:30:00
HIS-002024,OPP-00451,1,2,2026-02-12 19:15:49,USR-0029,2026-04-01 05:30:00
HIS-002025,OPP-00451,2,3,2026-02-12 23:32:44,USR-0029,2026-04-01 05:30:00
HIS-002026,OPP-00451,3,4,2026-02-19 00:16:44,USR-0029,2026-04-01 05:30:00
HIS-002027,OPP-00451,4,6,2026-02-19 17:14:28,USR-0029,2026-04-01 05:30:00
HIS-002028,OPP-00452,0,1,2025-12-24 04:04:21,USR-0033,2026-04-01 05:30:00
HIS-002029,OPP-00452,1,2,2026-01-23 07:01:14,USR-0033,2026-04-01 05:30:00
HIS-002030,OPP-00452,2,3,2026-02-17 10:08:56,USR-0033,2026-04-01 05:30:00
HIS-002031,OPP-00452,3,4,2026-03-08 20:20:33,USR-0033,2026-04-01 05:30:00
HIS-002032,OPP-00452,4,6,2026-03-24 10:29:00,USR-0033,2026-04-01 05:30:00
HIS-002033,OPP-00453,0,1,2026-01-03 03:06:16,USR-0030,2026-04-01 05:30:00
HIS-002034,OPP-00453,1,2,2026-01-26 19:31:57,USR-0030,2026-04-01 05:30:00
HIS-002035,OPP-00453,2,3,2026-01-31 01:32:43,USR-0030,2026-04-01 05:30:00
HIS-002036,OPP-00453,3,4,2026-03-22 16:39:50,USR-0030,2026-04-01 05:30:00
HIS-002037,OPP-00453,4,6,2026-03-30 13:38:47,USR-0030,2026-04-01 05:30:00
HIS-002038,OPP-00454,0,1,2025-12-16 07:34:58,USR-0029,2026-04-01 05:30:00
HIS-002039,OPP-00454,1,2,2025-12-28 21:12:33,USR-0029,2026-04-01 05:30:00
HIS-002040,OPP-00454,2,3,2026-01-08 00:24:37,USR-0029,2026-04-01 05:30:00
HIS-002041,OPP-00454,3,4,2026-01-12 00:11:00,USR-0029,2026-04-01 05:30:00
HIS-002042,OPP-00454,4,5,2026-01-12 18:49:53,USR-0029,2026-04-01 05:30:00
HIS-002043,OPP-00455,0,1,2026-01-31 11:33:23,USR-0032,2026-04-01 05:30:00
HIS-002044,OPP-00455,1,2,2026-02-15 22:31:05,USR-0032,2026-04-01 05:30:00
HIS-002045,OPP-00455,2,3,2026-02-19 15:54:37,USR-0032,2026-04-01 05:30:00
HIS-002046,OPP-00455,3,4,2026-02-27 06:09:51,USR-0032,2026-04-01 05:30:00
HIS-002047,OPP-00455,4,6,2026-03-01 14:07:21,USR-0032,2026-04-01 05:30:00
HIS-002048,OPP-00456,0,1,2025-11-22 01:41:13,USR-0025,2026-04-01 05:30:00
HIS-002049,OPP-00456,1,2,2025-11-25 12:03:31,USR-0025,2026-04-01 05:30:00
HIS-002050,OPP-00456,2,3,2025-12-10 10:43:33,USR-0025,2025-12-09 10:43:33
HIS-002051,OPP-00456,3,4,2025-12-16 05:03:48,USR-0025,2026-04-01 05:30:00
HIS-002052,OPP-00456,4,6,2025-12-25 02:38:31,USR-0025,2026-04-01 05:30:00
HIS-002053,OPP-00457,0,1,2025-11-28 09:01:53,USR-0030,2026-04-01 05:30:00
HIS-002054,OPP-00457,1,2,2025-12-24 14:00:43,USR-0030,2026-04-01 05:30:00
HIS-002055,OPP-00457,2,3,2025-12-25 02:35:57,USR-0030,2026-04-01 05:30:00
HIS-002056,OPP-00457,3,4,2026-01-18 03:49:55,USR-0030,2026-04-01 05:30:00
HIS-002057,OPP-00457,4,5,2026-01-18 15:10:12,USR-0030,2026-04-01 05:30:00
HIS-002058,OPP-00458,0,1,2025-12-25 08:05:18,USR-0035,2026-04-01 05:30:00
HIS-002059,OPP-00458,1,2,2026-01-16 07:58:57,USR-0035,2026-04-01 05:30:00
HIS-002060,OPP-00458,2,3,2026-01-27 03:01:54,USR-0035,2026-04-01 05:30:00
HIS-002061,OPP-00458,3,4,2026-02-12 11:10:39,USR-0035,2026-04-01 05:30:00
HIS-002062,OPP-00458,4,6,2026-02-24 23:58:29,USR-0035,2026-04-01 05:30:00
HIS-002063,OPP-00459,0,1,2025-11-30 03:44:28,USR-0030,2026-04-01 05:30:00
HIS-002064,OPP-00459,1,2,2025-12-20 23:33:46,USR-0030,2026-04-01 05:30:00
HIS-002065,OPP-00459,2,3,2025-12-30 04:06:40,USR-0030,2026-04-01 05:30:00
HIS-002066,OPP-00459,3,4,2026-01-14 16:42:54,USR-0030,2026-04-01 05:30:00
HIS-002067,OPP-00459,4,6,2026-01-25 16:11:28,USR-0030,2026-04-01 05:30:00
HIS-002068,OPP-00460,0,1,2025-09-19 19:08:11,USR-0026,2026-04-01 05:30:00
HIS-002069,OPP-00460,1,2,2025-09-23 16:51:13,USR-0026,2026-04-01 05:30:00
HIS-002070,OPP-00460,2,3,2025-10-02 07:54:20,USR-0026,2025-10-01 07:54:20
HIS-002071,OPP-00460,3,4,2025-10-04 02:28:30,USR-0026,2026-04-01 05:30:00
HIS-002072,OPP-00460,4,6,2025-10-04 06:47:28,USR-0026,2026-04-01 05:30:00
HIS-002073,OPP-00461,0,1,2026-01-30 18:49:34,USR-0033,2026-04-01 05:30:00
HIS-002074,OPP-00461,1,2,2026-03-10 03:08:54,USR-0033,2026-04-01 05:30:00
HIS-002075,OPP-00461,2,3,2026-03-12 03:29:33,USR-0033,2026-04-01 05:30:00
HIS-002076,OPP-00461,3,4,2026-03-18 11:54:52,USR-0033,2026-04-01 05:30:00
HIS-002077,OPP-00461,4,6,2026-03-19 15:54:17,USR-0033,2026-04-01 05:30:00
HIS-002078,OPP-00462,0,1,2026-01-22 04:21:46,USR-0023,2026-04-01 05:30:00
HIS-002079,OPP-00462,1,2,2026-02-08 13:15:04,USR-0023,2026-04-01 05:30:00
HIS-002080,OPP-00462,2,3,2026-02-15 01:54:57,USR-0023,2026-04-01 05:30:00
HIS-002081,OPP-00462,3,4,2026-02-26 08:44:07,USR-0023,2026-04-01 05:30:00
HIS-002082,OPP-00462,4,6,2026-03-03 08:07:07,USR-0023,2026-04-01 05:30:00
HIS-002083,OPP-00463,0,1,2025-10-16 19:17:34,USR-0024,2026-04-01 05:30:00
HIS-002084,OPP-00463,1,2,2025-10-21 15:24:00,USR-0024,2026-04-01 05:30:00
HIS-002085,OPP-00463,2,3,2025-10-21 19:09:58,USR-0024,2026-04-01 05:30:00
HIS-002086,OPP-00463,3,4,2025-11-05 15:40:35,USR-0024,2026-04-01 05:30:00
HIS-002087,OPP-00463,4,6,2025-11-08 08:26:09,USR-0024,2026-04-01 05:30:00
HIS-002088,OPP-00464,0,1,2025-10-19 08:09:33,USR-0025,2026-04-01 05:30:00
HIS-002089,OPP-00464,1,2,2025-11-18 03:21:40,USR-0025,2026-04-01 05:30:00
HIS-002090,OPP-00464,2,3,2025-11-29 14:31:35,USR-0025,2026-04-01 05:30:00
HIS-002091,OPP-00464,3,4,2025-12-07 09:28:32,USR-0025,2026-04-01 05:30:00
HIS-002092,OPP-00464,4,5,2025-12-17 19:45:54,USR-0025,2026-04-01 05:30:00
HIS-002093,OPP-00465,0,1,2025-11-03 11:40:16,USR-0034,2026-04-01 05:30:00
HIS-002094,OPP-00465,1,2,2025-11-23 03:38:38,USR-0034,2026-04-01 05:30:00
HIS-002095,OPP-00465,2,3,2026-01-18 21:40:45,USR-0034,2026-04-01 05:30:00
HIS-002096,OPP-00465,3,4,2026-02-01 13:25:40,USR-0034,2026-04-01 05:30:00
HIS-002097,OPP-00465,4,6,2026-02-15 20:15:07,USR-0034,2026-04-01 05:30:00
HIS-002098,OPP-00466,0,1,2025-10-08 04:29:04,USR-0036,2026-04-01 05:30:00
HIS-002099,OPP-00466,1,2,2025-11-22 18:32:35,USR-0036,2026-04-01 05:30:00
HIS-002100,OPP-00466,2,3,2025-12-24 21:39:52,USR-0036,2026-04-01 05:30:00
HIS-002101,OPP-00466,3,4,2026-01-20 11:13:52,USR-0036,2026-04-01 05:30:00
HIS-002102,OPP-00466,4,5,2026-02-06 16:00:07,USR-0036,2026-04-01 05:30:00
HIS-002103,OPP-00467,0,1,2025-11-25 22:24:10,USR-0028,2026-04-01 05:30:00
HIS-002104,OPP-00467,1,2,2025-12-08 07:16:50,USR-0028,2026-04-01 05:30:00
HIS-002105,OPP-00467,2,3,2025-12-09 17:47:10,USR-0028,2026-04-01 05:30:00
HIS-002106,OPP-00467,3,4,2025-12-19 04:24:01,USR-0028,2026-04-01 05:30:00
HIS-002107,OPP-00467,4,6,2025-12-20 03:35:13,USR-0028,2025-12-19 03:35:13
HIS-002108,OPP-00468,0,1,2026-02-28 22:44:55,USR-0023,2026-04-01 05:30:00
HIS-002109,OPP-00468,1,2,2026-03-07 16:08:49,USR-0023,2026-04-01 05:30:00
HIS-002110,OPP-00468,2,3,2026-03-15 03:00:49,USR-0023,2026-04-01 05:30:00
HIS-002111,OPP-00469,0,1,2026-02-18 23:04:00,USR-0026,2026-04-01 05:30:00
HIS-002112,OPP-00469,1,2,2026-02-21 17:27:20,USR-0026,2026-04-01 05:30:00
HIS-002113,OPP-00469,2,3,2026-02-22 15:35:04,USR-0026,2026-04-01 05:30:00
HIS-002114,OPP-00469,3,4,2026-02-26 05:04:03,USR-0026,2026-04-01 05:30:00
HIS-002115,OPP-00469,4,5,2026-03-04 04:44:50,USR-0026,2026-04-01 05:30:00
HIS-002116,OPP-00470,0,1,2025-12-25 02:43:08,USR-0026,2026-04-01 05:30:00
HIS-002117,OPP-00470,1,2,2026-01-05 05:18:30,USR-0026,2026-04-01 05:30:00
HIS-002118,OPP-00470,2,3,2026-01-14 22:17:21,USR-0026,2026-04-01 05:30:00
HIS-002119,OPP-00470,3,4,2026-01-16 15:02:01,USR-0026,2026-04-01 05:30:00
HIS-002120,OPP-00470,4,6,2026-01-18 07:07:19,USR-0026,2026-04-01 05:30:00
HIS-002121,OPP-00471,0,1,2026-02-21 17:43:31,USR-0032,2026-04-01 05:30:00
HIS-002122,OPP-00471,1,2,2026-02-26 04:20:16,USR-0032,2026-04-01 05:30:00
HIS-002123,OPP-00471,2,3,2026-03-08 03:33:55,USR-0032,2026-03-07 03:33:55
HIS-002124,OPP-00472,0,1,2025-09-12 07:59:47,USR-0026,2026-04-01 05:30:00
HIS-002125,OPP-00472,1,2,2025-09-21 19:17:02,USR-0026,2026-04-01 05:30:00
HIS-002126,OPP-00472,2,3,2025-09-27 10:24:20,USR-0026,2026-04-01 05:30:00
HIS-002127,OPP-00472,3,4,2025-10-01 09:46:46,USR-0026,2026-04-01 05:30:00
HIS-002128,OPP-00472,4,6,2025-10-02 07:30:46,USR-0026,2026-04-01 05:30:00
HIS-002129,OPP-00473,0,1,2025-10-24 00:21:45,USR-0023,2026-04-01 05:30:00
HIS-002130,OPP-00473,1,2,2025-10-27 01:48:12,USR-0023,2026-04-01 05:30:00
HIS-002131,OPP-00473,2,3,2025-10-30 02:18:59,USR-0023,2026-04-01 05:30:00
HIS-002132,OPP-00473,3,4,2025-11-01 22:33:21,USR-0023,2026-04-01 05:30:00
HIS-002133,OPP-00473,4,6,2025-11-03 09:27:08,USR-0023,2026-04-01 05:30:00
HIS-002134,OPP-00474,0,1,2025-12-11 11:53:58,USR-0028,2026-04-01 05:30:00
HIS-002135,OPP-00474,1,2,2025-12-17 05:31:14,USR-0028,2026-04-01 05:30:00
HIS-002136,OPP-00474,2,3,2025-12-22 12:41:06,USR-0028,2026-04-01 05:30:00
HIS-002137,OPP-00474,3,4,2025-12-27 09:16:01,USR-0028,2026-04-01 05:30:00
HIS-002138,OPP-00474,4,6,2026-01-02 19:09:38,USR-0028,2026-04-01 05:30:00
HIS-002139,OPP-00475,0,1,2025-11-27 00:14:03,USR-0025,2026-04-01 05:30:00
HIS-002140,OPP-00475,1,2,2025-12-04 14:29:38,USR-0025,2026-04-01 05:30:00
HIS-002141,OPP-00475,2,3,2025-12-10 06:51:33,USR-0025,2026-04-01 05:30:00
HIS-002142,OPP-00475,3,4,2025-12-21 21:50:15,USR-0025,2026-04-01 05:30:00
HIS-002143,OPP-00475,4,6,2025-12-25 00:30:43,USR-0025,2026-04-01 05:30:00
HIS-002144,OPP-00476,0,1,2025-09-07 20:15:53,USR-0025,2026-04-01 05:30:00
HIS-002145,OPP-00476,1,2,2025-09-17 05:53:04,USR-0025,2026-04-01 05:30:00
HIS-002146,OPP-00476,2,3,2025-09-19 00:43:34,USR-0025,2026-04-01 05:30:00
HIS-002147,OPP-00476,3,4,2025-10-01 11:16:45,USR-0025,2026-04-01 05:30:00
HIS-002148,OPP-00476,4,6,2025-10-04 15:43:01,USR-0025,2026-04-01 05:30:00
HIS-002149,OPP-00477,0,1,2026-02-02 09:43:05,USR-0026,2026-04-01 05:30:00
HIS-002150,OPP-00477,1,2,2026-02-05 05:34:21,USR-0026,2026-04-01 05:30:00
HIS-002151,OPP-00477,2,3,2026-02-06 19:00:56,USR-0026,2026-04-01 05:30:00
HIS-002152,OPP-00477,3,4,2026-02-07 02:13:41,USR-0026,2026-04-01 05:30:00
HIS-002153,OPP-00477,4,6,2026-02-07 17:06:49,USR-0026,2026-04-01 05:30:00
HIS-002154,OPP-00478,0,1,2026-01-22 10:02:31,USR-0036,2026-04-01 05:30:00
HIS-002155,OPP-00478,1,2,2026-02-07 00:38:03,USR-0036,2026-04-01 05:30:00
HIS-002156,OPP-00479,0,1,2025-11-25 09:06:20,USR-0023,2026-04-01 05:30:00
HIS-002157,OPP-00479,1,2,2025-11-29 14:13:36,USR-0023,2026-04-01 05:30:00
HIS-002158,OPP-00479,2,3,2025-11-29 23:08:22,USR-0023,2026-04-01 05:30:00
HIS-002159,OPP-00479,3,4,2025-12-03 17:30:02,USR-0023,2026-04-01 05:30:00
HIS-002160,OPP-00479,4,6,2025-12-06 08:06:17,USR-0023,2026-04-01 05:30:00
HIS-002161,OPP-00480,0,1,2026-03-11 23:27:30,USR-0033,2026-04-01 05:30:00
HIS-002162,OPP-00480,1,2,2026-03-22 02:29:20,USR-0033,2026-04-01 05:30:00
HIS-002168,OPP-00482,0,1,2026-01-04 08:44:18,USR-0026,2026-04-01 05:30:00
HIS-002169,OPP-00482,1,2,2026-01-06 09:14:03,USR-0026,2026-04-01 05:30:00
HIS-002170,OPP-00482,2,3,2026-01-10 07:57:27,USR-0026,2026-04-01 05:30:00
HIS-002171,OPP-00482,3,4,2026-01-23 00:37:17,USR-0026,2026-04-01 05:30:00
HIS-002172,OPP-00482,4,6,2026-01-25 08:38:04,USR-0026,2026-04-01 05:30:00
HIS-002173,OPP-00483,0,1,2025-09-26 08:59:04,USR-0037,2026-04-01 05:30:00
HIS-002174,OPP-00483,1,2,2025-10-07 16:49:08,USR-0037,2026-04-01 05:30:00
HIS-002175,OPP-00483,2,3,2025-10-27 01:04:19,USR-0037,2026-04-01 05:30:00
HIS-002176,OPP-00483,3,4,2025-11-08 09:13:54,USR-0037,2026-04-01 05:30:00
HIS-002177,OPP-00483,4,5,2025-11-11 08:12:48,USR-0037,2026-04-01 05:30:00
HIS-002178,OPP-00484,0,1,2026-01-22 16:59:30,USR-0037,2026-04-01 05:30:00
HIS-002179,OPP-00484,1,2,2026-02-01 07:16:13,USR-0037,2026-04-01 05:30:00
HIS-002180,OPP-00484,2,3,2026-02-04 10:56:54,USR-0037,2026-04-01 05:30:00
HIS-002181,OPP-00484,3,4,2026-02-25 20:42:45,USR-0037,2026-04-01 05:30:00
HIS-002182,OPP-00484,4,6,2026-03-13 09:35:38,USR-0037,2026-04-01 05:30:00
HIS-002183,OPP-00485,0,1,2025-12-28 13:38:30,USR-0037,2026-04-01 05:30:00
HIS-002184,OPP-00485,1,2,2026-01-28 02:58:38,USR-0037,2026-04-01 05:30:00
HIS-002185,OPP-00485,2,3,2026-01-29 15:36:45,USR-0037,2026-04-01 05:30:00
HIS-002186,OPP-00485,3,4,2026-02-02 19:18:58,USR-0037,2026-04-01 05:30:00
HIS-002187,OPP-00485,4,5,2026-02-12 16:55:46,USR-0037,2026-04-01 05:30:00
HIS-002188,OPP-00486,0,1,2025-11-13 11:37:06,USR-0040,2026-04-01 05:30:00
HIS-002189,OPP-00486,1,2,2025-11-15 18:07:22,USR-0040,2026-04-01 05:30:00
HIS-002190,OPP-00486,2,3,2025-11-25 07:55:01,USR-0040,2026-04-01 05:30:00
HIS-002191,OPP-00486,3,4,2025-12-10 07:54:14,USR-0040,2026-04-01 05:30:00
HIS-002192,OPP-00486,4,6,2026-02-04 11:48:50,USR-0040,2026-04-01 05:30:00
HIS-002193,OPP-00487,0,1,2025-09-20 19:36:55,USR-0037,2026-04-01 05:30:00
HIS-002194,OPP-00487,1,2,2025-10-01 10:28:08,USR-0037,2026-04-01 05:30:00
HIS-002195,OPP-00487,2,3,2025-10-21 12:19:41,USR-0037,2026-04-01 05:30:00
HIS-002196,OPP-00487,3,4,2025-10-31 18:50:49,USR-0037,2026-04-01 05:30:00
HIS-002197,OPP-00487,4,6,2025-11-18 06:55:17,USR-0037,2026-04-01 05:30:00
HIS-002198,OPP-00488,0,1,2026-02-22 21:48:24,USR-0037,2026-04-01 05:30:00
HIS-002199,OPP-00488,1,2,2026-03-09 00:19:55,USR-0037,2026-04-01 05:30:00
HIS-002200,OPP-00488,2,3,2026-03-14 11:35:55,USR-0037,2026-04-01 05:30:00
HIS-002201,OPP-00488,3,4,2026-03-26 16:49:00,USR-0037,2026-04-01 05:30:00
HIS-002202,OPP-00489,0,1,2026-02-11 12:15:09,USR-0037,2026-04-01 05:30:00
HIS-002203,OPP-00489,1,2,2026-03-07 02:33:50,USR-0037,2026-04-01 05:30:00
HIS-002204,OPP-00489,2,3,2026-03-10 11:12:21,USR-0037,2026-04-01 05:30:00
HIS-002205,OPP-00489,3,4,2026-03-31 22:57:02,USR-0037,2026-04-01 05:30:00
HIS-002206,OPP-00490,0,1,2026-01-25 18:26:10,USR-0038,2026-04-01 05:30:00
HIS-002207,OPP-00490,1,2,2026-02-11 05:08:02,USR-0038,2026-04-01 05:30:00
HIS-002208,OPP-00490,2,3,2026-02-14 22:10:06,USR-0038,2026-04-01 05:30:00
HIS-002209,OPP-00490,3,4,2026-03-02 03:22:14,USR-0038,2026-04-01 05:30:00
HIS-002210,OPP-00490,4,6,2026-03-02 13:31:35,USR-0038,2026-04-01 05:30:00
HIS-002211,OPP-00491,0,1,2025-10-08 03:55:49,USR-0040,2026-04-01 05:30:00
HIS-002212,OPP-00491,1,2,2025-11-27 13:13:28,USR-0040,2026-04-01 05:30:00
HIS-002213,OPP-00491,2,3,2025-12-08 19:59:21,USR-0040,2026-04-01 05:30:00
HIS-002214,OPP-00491,3,4,2025-12-23 15:51:01,USR-0040,2025-12-22 15:51:01
HIS-002215,OPP-00491,4,5,2026-01-11 15:27:21,USR-0040,2026-04-01 05:30:00
HIS-002216,OPP-00492,0,1,2025-10-05 03:04:49,USR-0037,2026-04-01 05:30:00
HIS-002217,OPP-00492,1,2,2025-10-19 14:43:35,USR-0037,2026-04-01 05:30:00
HIS-002218,OPP-00492,2,3,2025-10-24 00:43:01,USR-0037,2026-04-01 05:30:00
HIS-002219,OPP-00492,3,4,2025-11-01 06:03:11,USR-0037,2026-04-01 05:30:00
HIS-002220,OPP-00492,4,5,2025-11-26 01:03:57,USR-0037,2026-04-01 05:30:00
HIS-002221,OPP-00493,0,1,2025-09-21 06:28:15,USR-0039,2026-04-01 05:30:00
HIS-002222,OPP-00493,1,2,2025-10-23 00:49:04,USR-0039,2026-04-01 05:30:00
HIS-002223,OPP-00493,2,3,2025-10-23 23:19:21,USR-0039,2026-04-01 05:30:00
HIS-002224,OPP-00493,3,4,2025-10-25 22:22:12,USR-0039,2026-04-01 05:30:00
HIS-002225,OPP-00493,4,6,2025-11-04 16:56:56,USR-0039,2026-04-01 05:30:00
HIS-002226,OPP-00494,0,1,2026-03-23 13:46:40,USR-0038,2026-04-01 05:30:00
HIS-002227,OPP-00495,0,1,2026-03-19 13:27:21,USR-0037,2026-04-01 05:30:00
HIS-002228,OPP-00495,1,2,2026-03-24 09:23:40,USR-0037,2026-04-01 05:30:00
HIS-002229,OPP-00496,0,1,2025-10-18 14:34:33,USR-0038,2026-04-01 05:30:00
HIS-002230,OPP-00496,1,2,2025-11-01 20:28:39,USR-0038,2026-04-01 05:30:00
HIS-002231,OPP-00496,2,3,2025-11-05 12:17:17,USR-0038,2026-04-01 05:30:00
HIS-002232,OPP-00496,3,4,2025-11-11 01:33:54,USR-0038,2026-04-01 05:30:00
HIS-002233,OPP-00496,4,5,2025-11-25 23:48:26,USR-0038,2026-04-01 05:30:00
HIS-002234,OPP-00497,0,1,2025-11-10 00:36:24,USR-0039,2026-04-01 05:30:00
HIS-002235,OPP-00497,1,2,2026-02-25 04:04:41,USR-0039,2026-04-01 05:30:00
HIS-002236,OPP-00497,2,3,2026-03-02 11:48:59,USR-0039,2026-04-01 05:30:00
HIS-002237,OPP-00497,3,4,2026-03-09 12:09:17,USR-0039,2026-04-01 05:30:00
HIS-002238,OPP-00497,4,5,2026-03-19 05:01:36,USR-0039,2026-04-01 05:30:00
HIS-002239,OPP-00498,0,1,2026-03-30 02:34:44,USR-0038,2026-04-01 05:30:00
HIS-002240,OPP-00499,0,1,2026-01-26 11:50:05,USR-0038,2026-04-01 05:30:00
HIS-002241,OPP-00499,1,2,2026-02-14 17:45:39,USR-0038,2026-04-01 05:30:00
HIS-002242,OPP-00499,2,3,2026-03-01 07:43:18,USR-0038,2026-04-01 05:30:00
HIS-002243,OPP-00499,3,4,2026-03-07 00:42:35,USR-0038,2026-04-01 05:30:00
HIS-002244,OPP-00499,4,6,2026-03-09 00:59:01,USR-0038,2026-04-01 05:30:00
HIS-002245,OPP-00500,0,1,2026-01-23 02:07:00,USR-0037,2026-04-01 05:30:00
HIS-002246,OPP-00500,1,2,2026-02-07 09:40:23,USR-0037,2026-04-01 05:30:00
HIS-002247,OPP-00500,2,3,2026-02-10 23:24:08,USR-0037,2026-04-01 05:30:00
HIS-002248,OPP-00500,3,4,2026-02-16 02:08:49,USR-0037,2026-04-01 05:30:00
HIS-002249,OPP-00500,4,6,2026-02-23 22:32:59,USR-0037,2026-04-01 05:30:00
HIS-002250,OPP-00501,0,1,2025-12-02 08:28:10,USR-0038,2026-04-01 05:30:00
HIS-002251,OPP-00501,1,2,2026-01-15 08:58:24,USR-0038,2026-04-01 05:30:00
HIS-002252,OPP-00501,2,3,2026-01-29 14:30:48,USR-0038,2026-04-01 05:30:00
HIS-002253,OPP-00502,0,1,2026-03-17 08:03:05,USR-0040,2026-04-01 05:30:00
HIS-002254,OPP-00503,0,1,2026-02-16 08:07:42,USR-0040,2026-04-01 05:30:00
HIS-002255,OPP-00503,1,2,2026-03-11 09:21:56,USR-0040,2026-04-01 05:30:00
HIS-002256,OPP-00503,2,3,2026-03-31 14:19:35,USR-0040,2026-04-01 05:30:00
HIS-002257,OPP-00504,0,1,2025-10-27 11:40:15,USR-0038,2026-04-01 05:30:00
HIS-002258,OPP-00504,1,2,2025-11-04 17:58:32,USR-0038,2026-04-01 05:30:00
HIS-002259,OPP-00504,2,3,2025-11-05 08:53:07,USR-0038,2025-11-04 08:53:07
HIS-002260,OPP-00504,3,4,2025-11-06 09:16:06,USR-0038,2026-04-01 05:30:00
HIS-002261,OPP-00504,4,6,2025-11-16 00:27:44,USR-0038,2026-04-01 05:30:00
HIS-002262,OPP-00505,0,1,2026-01-29 19:19:07,USR-0038,2026-01-28 19:19:07
HIS-002263,OPP-00505,1,2,2026-03-04 12:01:10,USR-0038,2026-04-01 05:30:00
HIS-002264,OPP-00506,0,1,2026-02-06 15:59:39,USR-0037,2026-04-01 05:30:00
HIS-002265,OPP-00506,1,2,2026-03-04 11:58:41,USR-0037,2026-03-03 11:58:41
HIS-002266,OPP-00506,2,3,2026-03-11 16:33:11,USR-0037,2026-04-01 05:30:00
HIS-002267,OPP-00506,3,4,2026-03-12 02:36:14,USR-0037,2026-04-01 05:30:00
HIS-002268,OPP-00506,4,6,2026-03-18 08:54:11,USR-0037,2026-04-01 05:30:00
HIS-002269,OPP-00507,0,1,2025-12-06 20:25:46,USR-0039,2026-04-01 05:30:00
HIS-002270,OPP-00507,1,2,2025-12-19 07:10:06,USR-0039,2026-04-01 05:30:00
HIS-002271,OPP-00507,2,3,2025-12-19 13:49:22,USR-0039,2026-04-01 05:30:00
HIS-002272,OPP-00507,3,4,2025-12-23 19:12:35,USR-0039,2026-04-01 05:30:00
HIS-002273,OPP-00507,4,6,2026-02-07 02:41:06,USR-0039,2026-04-01 05:30:00
HIS-002274,OPP-00508,0,1,2025-09-07 06:28:34,USR-0037,2026-04-01 05:30:00
HIS-002275,OPP-00508,1,2,2025-09-16 05:17:29,USR-0037,2026-04-01 05:30:00
HIS-002276,OPP-00508,2,3,2025-09-18 08:55:30,USR-0037,2026-04-01 05:30:00
HIS-002277,OPP-00508,3,4,2025-09-21 21:18:56,USR-0037,2026-04-01 05:30:00
HIS-002278,OPP-00508,4,5,2025-09-29 20:45:51,USR-0037,2026-04-01 05:30:00
HIS-002279,OPP-00509,0,1,2026-03-19 18:29:55,USR-0038,2026-04-01 05:30:00
HIS-002280,OPP-00510,0,1,2025-10-21 11:42:23,USR-0037,2026-04-01 05:30:00
HIS-002281,OPP-00510,1,2,2025-12-02 18:45:20,USR-0037,2026-04-01 05:30:00
HIS-002282,OPP-00510,2,3,2025-12-03 09:09:47,USR-0037,2026-04-01 05:30:00
HIS-002283,OPP-00510,3,4,2025-12-11 17:51:45,USR-0037,2026-04-01 05:30:00
HIS-002284,OPP-00510,4,6,2025-12-15 06:19:17,USR-0037,2026-04-01 05:30:00
HIS-002285,OPP-00511,0,1,2025-10-22 05:04:14,USR-0038,2026-04-01 05:30:00
HIS-002286,OPP-00511,1,2,2025-11-22 21:50:51,USR-0038,2026-04-01 05:30:00
HIS-002287,OPP-00511,2,3,2025-12-01 15:32:51,USR-0038,2026-04-01 05:30:00
HIS-002288,OPP-00511,3,4,2026-01-10 12:02:09,USR-0038,2026-04-01 05:30:00
HIS-002289,OPP-00511,4,5,2026-02-03 09:25:13,USR-0038,2026-04-01 05:30:00
HIS-002290,OPP-00512,0,1,2025-11-17 07:44:39,USR-0037,2026-04-01 05:30:00
HIS-002291,OPP-00512,1,2,2025-12-01 16:47:00,USR-0037,2026-04-01 05:30:00
HIS-002292,OPP-00512,2,3,2025-12-23 03:15:08,USR-0037,2026-04-01 05:30:00
HIS-002293,OPP-00512,3,4,2025-12-26 05:43:47,USR-0037,2026-04-01 05:30:00
HIS-002294,OPP-00512,4,5,2025-12-31 16:44:04,USR-0037,2026-04-01 05:30:00
HIS-002295,OPP-00513,0,1,2025-10-20 15:28:10,USR-0038,2026-04-01 05:30:00
HIS-002296,OPP-00513,1,2,2025-10-31 06:32:59,USR-0038,2026-04-01 05:30:00
HIS-002297,OPP-00513,2,3,2025-11-01 06:43:49,USR-0038,2026-04-01 05:30:00
HIS-002298,OPP-00513,3,4,2025-11-01 14:51:16,USR-0038,2026-04-01 05:30:00
HIS-002299,OPP-00513,4,5,2025-11-11 08:08:22,USR-0038,2026-04-01 05:30:00
HIS-002300,OPP-00514,0,1,2026-03-29 13:51:25,USR-0038,2026-04-01 05:30:00
HIS-002301,OPP-00515,0,1,2025-10-27 14:36:44,USR-0040,2026-04-01 05:30:00
HIS-002302,OPP-00515,1,2,2026-02-17 12:20:43,USR-0040,2026-04-01 05:30:00
HIS-002303,OPP-00515,2,3,2026-02-18 13:25:21,USR-0040,2026-04-01 05:30:00
HIS-002304,OPP-00516,0,1,2025-09-08 09:09:35,USR-0038,2026-04-01 05:30:00
HIS-002305,OPP-00516,1,2,2025-09-16 09:28:53,USR-0038,2026-04-01 05:30:00
HIS-002306,OPP-00516,2,3,2025-09-18 15:58:16,USR-0038,2026-04-01 05:30:00
HIS-002307,OPP-00516,3,4,2025-09-20 22:52:32,USR-0038,2025-09-19 22:52:32
HIS-002308,OPP-00516,4,6,2025-10-26 03:28:59,USR-0038,2026-04-01 05:30:00
HIS-002309,OPP-00517,0,1,2026-02-26 14:49:44,USR-0038,2026-04-01 05:30:00
HIS-002310,OPP-00517,1,2,2026-03-14 00:37:48,USR-0038,2026-04-01 05:30:00
HIS-002311,OPP-00517,2,3,2026-03-27 15:23:45,USR-0038,2026-04-01 05:30:00
HIS-002312,OPP-00518,0,1,2026-03-25 17:43:58,USR-0037,2026-04-01 05:30:00
HIS-002313,OPP-00519,0,1,2026-03-08 20:11:45,USR-0037,2026-04-01 05:30:00
HIS-002314,OPP-00519,1,2,2026-03-21 15:23:58,USR-0037,2026-04-01 05:30:00
HIS-002315,OPP-00520,0,1,2025-09-22 04:13:19,USR-0038,2026-04-01 05:30:00
HIS-002316,OPP-00520,1,2,2025-10-07 08:43:34,USR-0038,2026-04-01 05:30:00
HIS-002317,OPP-00520,2,3,2025-10-08 16:10:39,USR-0038,2026-04-01 05:30:00
HIS-002318,OPP-00520,3,4,2025-11-23 05:54:14,USR-0038,2026-04-01 05:30:00
HIS-002319,OPP-00520,4,6,2025-11-24 22:24:47,USR-0038,2026-04-01 05:30:00
HIS-002320,OPP-00521,0,1,2026-01-20 10:14:00,USR-0038,2026-04-01 05:30:00
HIS-002321,OPP-00521,1,2,2026-02-09 06:38:50,USR-0038,2026-04-01 05:30:00
HIS-002322,OPP-00521,2,3,2026-03-19 13:27:23,USR-0038,2026-04-01 05:30:00
HIS-002323,OPP-00521,3,4,2026-03-27 09:16:20,USR-0038,2026-04-01 05:30:00
HIS-002324,OPP-00521,4,6,2026-03-28 11:25:39,USR-0038,2026-04-01 05:30:00
HIS-002325,OPP-00522,0,1,2026-01-06 06:30:31,USR-0037,2026-04-01 05:30:00
HIS-002326,OPP-00522,1,2,2026-02-07 02:15:47,USR-0037,2026-04-01 05:30:00
HIS-002327,OPP-00522,2,3,2026-02-08 18:10:31,USR-0037,2026-04-01 05:30:00
HIS-002328,OPP-00522,3,4,2026-03-05 04:48:09,USR-0037,2026-04-01 05:30:00
HIS-002329,OPP-00522,4,6,2026-03-10 17:41:57,USR-0037,2026-04-01 05:30:00
HIS-002330,OPP-00523,0,1,2026-01-20 14:19:42,USR-0037,2026-04-01 05:30:00
HIS-002331,OPP-00523,1,2,2026-02-11 12:40:28,USR-0037,2026-04-01 05:30:00
HIS-002332,OPP-00523,2,3,2026-02-20 17:22:06,USR-0037,2026-04-01 05:30:00
HIS-002333,OPP-00523,3,4,2026-03-07 13:00:16,USR-0037,2026-04-01 05:30:00
HIS-002334,OPP-00523,4,5,2026-03-12 09:09:14,USR-0037,2026-04-01 05:30:00
HIS-002335,OPP-00524,0,1,2026-03-18 08:44:11,USR-0037,2026-04-01 05:30:00
HIS-002336,OPP-00525,0,1,2026-01-10 20:28:18,USR-0037,2026-04-01 05:30:00
HIS-002337,OPP-00525,1,2,2026-03-10 02:26:24,USR-0037,2026-04-01 05:30:00
HIS-002338,OPP-00525,2,3,2026-03-12 02:21:41,USR-0037,2026-04-01 05:30:00
HIS-002339,OPP-00525,3,4,2026-03-16 22:02:47,USR-0037,2026-04-01 05:30:00
HIS-002340,OPP-00525,4,6,2026-03-27 07:45:13,USR-0037,2026-04-01 05:30:00
HIS-002341,OPP-00526,0,1,2025-12-12 10:10:28,USR-0037,2026-04-01 05:30:00
HIS-002342,OPP-00526,1,2,2026-02-08 13:23:57,USR-0037,2026-04-01 05:30:00
HIS-002343,OPP-00526,2,3,2026-02-16 19:03:40,USR-0037,2026-04-01 05:30:00
HIS-002344,OPP-00526,3,4,2026-02-23 07:22:21,USR-0037,2026-04-01 05:30:00
HIS-002345,OPP-00526,4,6,2026-03-12 21:48:12,USR-0037,2026-04-01 05:30:00
HIS-002346,OPP-00527,0,1,2025-12-19 08:58:29,USR-0037,2026-04-01 05:30:00
HIS-002347,OPP-00527,1,2,2026-02-27 22:28:27,USR-0037,2026-04-01 05:30:00
HIS-002348,OPP-00527,2,3,2026-03-27 07:18:18,USR-0037,2026-04-01 05:30:00
HIS-002349,OPP-00527,3,4,2026-03-27 09:50:33,USR-0037,2026-04-01 05:30:00
HIS-002350,OPP-00528,0,1,2026-03-04 21:00:27,USR-0037,2026-04-01 05:30:00
HIS-002351,OPP-00528,1,2,2026-03-16 06:41:04,USR-0037,2026-04-01 05:30:00
HIS-002352,OPP-00528,2,3,2026-03-26 16:01:50,USR-0037,2026-04-01 05:30:00
HIS-002353,OPP-00528,3,4,2026-03-28 02:21:57,USR-0037,2026-04-01 05:30:00
HIS-002354,OPP-00528,4,6,2026-03-31 22:10:54,USR-0037,2026-04-01 05:30:00
HIS-002355,OPP-00529,0,1,2026-02-20 23:55:07,USR-0037,2026-04-01 05:30:00
HIS-002356,OPP-00529,1,2,2026-03-03 16:23:47,USR-0037,2026-04-01 05:30:00
HIS-002357,OPP-00529,2,3,2026-03-08 04:42:04,USR-0037,2026-04-01 05:30:00
HIS-002358,OPP-00529,3,4,2026-03-16 04:58:58,USR-0037,2026-04-01 05:30:00
HIS-002359,OPP-00529,4,6,2026-03-16 19:21:44,USR-0037,2026-04-01 05:30:00
HIS-002360,OPP-00530,0,1,2025-11-10 02:51:02,USR-0037,2026-04-01 05:30:00
HIS-002361,OPP-00530,1,2,2025-11-30 10:12:18,USR-0037,2026-04-01 05:30:00
HIS-002362,OPP-00530,2,3,2025-12-04 04:57:31,USR-0037,2026-04-01 05:30:00
HIS-002363,OPP-00530,3,4,2025-12-15 20:06:48,USR-0037,2026-04-01 05:30:00
HIS-002364,OPP-00530,4,5,2025-12-17 10:17:40,USR-0037,2026-04-01 05:30:00
HIS-002365,OPP-00531,0,1,2025-12-27 04:52:21,USR-0039,2026-04-01 05:30:00
HIS-002366,OPP-00531,1,2,2026-01-19 01:16:39,USR-0039,2026-04-01 05:30:00
HIS-002367,OPP-00531,2,3,2026-02-18 10:40:57,USR-0039,2026-04-01 05:30:00
HIS-002368,OPP-00531,3,4,2026-03-25 05:07:18,USR-0039,2026-04-01 05:30:00
HIS-002369,OPP-00532,0,1,2026-01-07 12:57:33,USR-0038,2026-04-01 05:30:00
HIS-002370,OPP-00532,1,2,2026-01-21 03:17:51,USR-0038,2026-04-01 05:30:00
HIS-002371,OPP-00532,2,3,2026-01-23 20:52:24,USR-0038,2026-04-01 05:30:00
HIS-002372,OPP-00532,3,4,2026-01-28 03:35:20,USR-0038,2026-04-01 05:30:00
HIS-002373,OPP-00532,4,6,2026-02-10 18:22:26,USR-0038,2026-04-01 05:30:00
HIS-002374,OPP-00533,0,1,2026-01-21 06:52:04,USR-0037,2026-04-01 05:30:00
HIS-002375,OPP-00533,1,2,2026-02-19 08:22:22,USR-0037,2026-04-01 05:30:00
HIS-002376,OPP-00533,2,3,2026-02-20 02:03:11,USR-0037,2026-04-01 05:30:00
HIS-002377,OPP-00533,3,4,2026-02-26 10:12:15,USR-0037,2026-04-01 05:30:00
HIS-002378,OPP-00533,4,6,2026-03-29 06:21:35,USR-0037,2026-04-01 05:30:00
HIS-002379,OPP-00534,0,1,2025-12-01 09:22:56,USR-0039,2026-04-01 05:30:00
HIS-002380,OPP-00534,1,2,2025-12-24 22:24:37,USR-0039,2026-04-01 05:30:00
HIS-002381,OPP-00534,2,3,2026-01-03 17:12:18,USR-0039,2026-04-01 05:30:00
HIS-002382,OPP-00534,3,4,2026-01-07 11:24:47,USR-0039,2026-04-01 05:30:00
HIS-002383,OPP-00534,4,5,2026-02-14 13:22:13,USR-0039,2026-04-01 05:30:00
HIS-002384,OPP-00535,0,1,2026-03-10 08:51:43,USR-0040,2026-04-01 05:30:00
HIS-002385,OPP-00536,0,1,2025-11-16 14:04:32,USR-0037,2026-04-01 05:30:00
HIS-002386,OPP-00536,1,2,2026-01-06 19:45:27,USR-0037,2026-04-01 05:30:00
HIS-002387,OPP-00536,2,3,2026-01-10 07:55:16,USR-0037,2026-04-01 05:30:00
HIS-002388,OPP-00536,3,4,2026-01-25 02:13:53,USR-0037,2026-04-01 05:30:00
HIS-002389,OPP-00536,4,5,2026-01-29 13:28:56,USR-0037,2026-04-01 05:30:00
HIS-002390,OPP-00537,0,1,2026-02-11 12:56:47,USR-0039,2026-04-01 05:30:00
HIS-002391,OPP-00537,1,2,2026-03-20 10:35:14,USR-0039,2026-04-01 05:30:00
HIS-002392,OPP-00537,2,3,2026-03-25 09:28:14,USR-0039,2026-04-01 05:30:00
HIS-002393,OPP-00538,0,1,2025-09-29 19:17:12,USR-0038,2026-04-01 05:30:00
HIS-002394,OPP-00538,1,2,2025-10-28 03:35:26,USR-0038,2026-04-01 05:30:00
HIS-002395,OPP-00538,2,3,2025-11-06 20:10:00,USR-0038,2026-04-01 05:30:00
HIS-002396,OPP-00538,3,4,2025-11-09 02:52:57,USR-0038,2026-04-01 05:30:00
HIS-002397,OPP-00538,4,6,2025-11-20 01:51:56,USR-0038,2026-04-01 05:30:00
HIS-002398,OPP-00539,0,1,2025-10-11 04:11:25,USR-0040,2026-04-01 05:30:00
HIS-002399,OPP-00539,1,2,2025-11-16 21:35:42,USR-0040,2026-04-01 05:30:00
HIS-002400,OPP-00539,2,3,2025-11-20 08:13:12,USR-0040,2026-04-01 05:30:00
HIS-002401,OPP-00539,3,4,2025-12-18 10:52:03,USR-0040,2026-04-01 05:30:00
HIS-002402,OPP-00539,4,6,2026-01-03 11:07:40,USR-0040,2026-04-01 05:30:00
HIS-002403,OPP-00540,0,1,2025-11-17 05:03:01,USR-0037,2026-04-01 05:30:00
HIS-002404,OPP-00540,1,2,2025-11-27 02:15:58,USR-0037,2026-04-01 05:30:00
HIS-002405,OPP-00540,2,3,2025-12-22 22:14:21,USR-0037,2026-04-01 05:30:00
HIS-002406,OPP-00540,3,4,2026-01-31 05:44:39,USR-0037,2026-04-01 05:30:00
HIS-002407,OPP-00540,4,5,2026-02-23 23:11:14,USR-0037,2026-04-01 05:30:00
HIS-002408,OPP-00541,0,1,2026-02-16 05:24:51,USR-0038,2026-04-01 05:30:00
HIS-002409,OPP-00541,1,2,2026-03-19 09:41:37,USR-0038,2026-04-01 05:30:00
HIS-002410,OPP-00542,0,1,2026-02-26 16:10:35,USR-0037,2026-04-01 05:30:00
HIS-002411,OPP-00542,1,2,2026-03-18 10:03:08,USR-0037,2026-04-01 05:30:00
HIS-002412,OPP-00542,2,3,2026-03-30 22:29:00,USR-0037,2026-04-01 05:30:00
HIS-002413,OPP-00543,0,1,2026-02-21 15:29:40,USR-0037,2026-04-01 05:30:00
HIS-002414,OPP-00543,1,2,2026-03-08 06:24:18,USR-0037,2026-03-07 06:24:18
HIS-002415,OPP-00543,2,3,2026-03-10 15:57:56,USR-0037,2026-04-01 05:30:00
HIS-002416,OPP-00543,3,4,2026-03-22 11:27:31,USR-0037,2026-04-01 05:30:00
HIS-002417,OPP-00544,0,1,2026-03-01 20:53:14,USR-0038,2026-04-01 05:30:00
HIS-002418,OPP-00544,1,2,2026-03-13 19:20:08,USR-0038,2026-04-01 05:30:00
HIS-002419,OPP-00544,2,3,2026-03-18 03:04:29,USR-0038,2026-04-01 05:30:00
HIS-002420,OPP-00544,3,4,2026-03-27 08:59:44,USR-0038,2026-04-01 05:30:00
HIS-002421,OPP-00545,0,1,2025-09-27 23:26:29,USR-0038,2026-04-01 05:30:00
HIS-002422,OPP-00545,1,2,2025-12-07 05:30:52,USR-0038,2025-12-06 05:30:52
HIS-002423,OPP-00545,2,3,2025-12-21 19:08:51,USR-0038,2026-04-01 05:30:00
HIS-002424,OPP-00545,3,4,2025-12-23 01:37:07,USR-0038,2026-04-01 05:30:00
HIS-002425,OPP-00545,4,6,2026-02-17 01:07:56,USR-0038,2026-04-01 05:30:00
HIS-002426,OPP-00546,0,1,2025-10-31 01:36:30,USR-0037,2026-04-01 05:30:00
HIS-002427,OPP-00546,1,2,2025-11-16 21:52:19,USR-0037,2026-04-01 05:30:00
HIS-002428,OPP-00546,2,3,2025-11-18 14:58:10,USR-0037,2026-04-01 05:30:00
HIS-002429,OPP-00546,3,4,2025-11-27 19:44:37,USR-0037,2026-04-01 05:30:00
HIS-002430,OPP-00546,4,6,2025-11-29 12:50:17,USR-0037,2026-04-01 05:30:00
HIS-002431,OPP-00547,0,1,2025-09-13 12:22:56,USR-0040,2026-04-01 05:30:00
HIS-002432,OPP-00547,1,2,2025-10-06 18:38:26,USR-0040,2026-04-01 05:30:00
HIS-002433,OPP-00547,2,3,2025-11-04 14:11:07,USR-0040,2026-04-01 05:30:00
HIS-002434,OPP-00547,3,4,2025-12-02 04:52:06,USR-0040,2026-04-01 05:30:00
HIS-002435,OPP-00547,4,6,2025-12-16 11:57:17,USR-0040,2026-04-01 05:30:00
HIS-002436,OPP-00548,0,1,2026-02-08 05:00:57,USR-0037,2026-04-01 05:30:00
HIS-002437,OPP-00548,1,2,2026-02-26 19:03:56,USR-0037,2026-04-01 05:30:00
HIS-002438,OPP-00548,2,3,2026-03-12 21:27:14,USR-0037,2026-04-01 05:30:00
HIS-002439,OPP-00548,3,4,2026-03-29 11:00:34,USR-0037,2026-04-01 05:30:00
HIS-002440,OPP-00549,0,1,2026-02-17 18:47:01,USR-0039,2026-04-01 05:30:00
HIS-002441,OPP-00549,1,2,2026-03-29 11:35:49,USR-0039,2026-04-01 05:30:00
HIS-002442,OPP-00550,0,1,2025-11-22 01:00:02,USR-0038,2025-11-21 01:00:02
HIS-002443,OPP-00550,1,2,2026-01-14 14:51:16,USR-0038,2026-04-01 05:30:00
HIS-002444,OPP-00550,2,3,2026-01-25 20:14:52,USR-0038,2026-04-01 05:30:00
HIS-002445,OPP-00550,3,4,2026-02-18 04:38:10,USR-0038,2026-04-01 05:30:00
HIS-002446,OPP-00550,4,5,2026-02-21 03:11:41,USR-0038,2026-04-01 05:30:00
HIS-002447,OPP-00551,0,1,2026-02-02 13:19:03,USR-0038,2026-04-01 05:30:00
HIS-002448,OPP-00551,1,2,2026-03-07 21:30:50,USR-0038,2026-04-01 05:30:00
HIS-002449,OPP-00551,2,3,2026-03-15 09:26:25,USR-0038,2026-04-01 05:30:00
HIS-002450,OPP-00551,3,4,2026-03-25 14:28:02,USR-0038,2026-04-01 05:30:00
HIS-002451,OPP-00551,4,6,2026-03-29 05:53:00,USR-0038,2026-04-01 05:30:00
HIS-002452,OPP-00552,0,1,2026-01-17 16:48:43,USR-0040,2026-04-01 05:30:00
HIS-002453,OPP-00552,1,2,2026-02-19 17:29:21,USR-0040,2026-04-01 05:30:00
HIS-002454,OPP-00552,2,3,2026-02-24 20:25:43,USR-0040,2026-04-01 05:30:00
HIS-002455,OPP-00552,3,4,2026-03-01 10:57:26,USR-0040,2026-04-01 05:30:00
HIS-002456,OPP-00552,4,5,2026-03-12 10:15:35,USR-0040,2026-04-01 05:30:00
HIS-002457,OPP-00553,0,1,2025-09-26 15:27:35,USR-0037,2026-04-01 05:30:00
HIS-002458,OPP-00553,1,2,2025-10-05 16:43:07,USR-0037,2026-04-01 05:30:00
HIS-002459,OPP-00553,2,3,2025-10-10 06:13:36,USR-0037,2026-04-01 05:30:00
HIS-002460,OPP-00553,3,4,2025-10-15 09:40:56,USR-0037,2026-04-01 05:30:00
HIS-002461,OPP-00553,4,5,2025-11-06 05:14:21,USR-0037,2026-04-01 05:30:00
HIS-002462,OPP-00554,0,1,2026-02-19 22:52:09,USR-0040,2026-04-01 05:30:00
HIS-002463,OPP-00554,1,2,2026-02-28 21:05:39,USR-0040,2026-04-01 05:30:00
HIS-002464,OPP-00555,0,1,2025-12-17 03:29:13,USR-0038,2026-04-01 05:30:00
HIS-002465,OPP-00555,1,2,2026-01-21 22:29:57,USR-0038,2026-04-01 05:30:00
HIS-002466,OPP-00555,2,3,2026-02-18 10:36:51,USR-0038,2026-04-01 05:30:00
HIS-002467,OPP-00555,3,4,2026-02-27 12:55:14,USR-0038,2026-04-01 05:30:00
HIS-002468,OPP-00555,4,5,2026-03-09 08:00:51,USR-0038,2026-04-01 05:30:00
HIS-002469,OPP-00556,0,1,2026-02-08 17:27:52,USR-0040,2026-04-01 05:30:00
HIS-002470,OPP-00556,1,2,2026-02-20 19:43:47,USR-0040,2026-04-01 05:30:00
HIS-002471,OPP-00556,2,3,2026-03-28 14:32:18,USR-0040,2026-04-01 05:30:00
HIS-002472,OPP-00556,3,4,2026-03-29 10:24:53,USR-0040,2026-04-01 05:30:00
HIS-002473,OPP-00557,0,1,2025-09-21 23:03:35,USR-0037,2026-04-01 05:30:00
HIS-002474,OPP-00557,1,2,2025-10-04 17:17:18,USR-0037,2026-04-01 05:30:00
HIS-002475,OPP-00557,2,3,2025-10-18 18:15:44,USR-0037,2026-04-01 05:30:00
HIS-002476,OPP-00557,3,4,2025-11-10 02:14:30,USR-0037,2026-04-01 05:30:00
HIS-002477,OPP-00557,4,5,2025-12-13 23:42:01,USR-0037,2026-04-01 05:30:00
HIS-002478,OPP-00558,0,1,2026-03-25 08:15:34,USR-0038,2026-04-01 05:30:00
HIS-002479,OPP-00559,0,1,2025-10-11 06:06:35,USR-0037,2026-04-01 05:30:00
HIS-002480,OPP-00559,1,2,2025-10-31 14:23:42,USR-0037,2026-04-01 05:30:00
HIS-002481,OPP-00559,2,3,2025-11-02 18:19:44,USR-0037,2026-04-01 05:30:00
HIS-002482,OPP-00559,3,4,2025-11-08 00:05:29,USR-0037,2026-04-01 05:30:00
HIS-002483,OPP-00559,4,6,2025-11-27 09:59:57,USR-0037,2026-04-01 05:30:00
HIS-002484,OPP-00560,0,1,2025-10-28 20:51:26,USR-0037,2026-04-01 05:30:00
HIS-002485,OPP-00560,1,2,2025-11-24 01:53:53,USR-0037,2026-04-01 05:30:00
HIS-002486,OPP-00560,2,3,2025-12-01 01:25:04,USR-0037,2026-04-01 05:30:00
HIS-002487,OPP-00560,3,4,2025-12-12 02:47:03,USR-0037,2026-04-01 05:30:00
HIS-002488,OPP-00560,4,6,2025-12-15 08:41:21,USR-0037,2026-04-01 05:30:00
HIS-002489,OPP-00561,0,1,2025-12-02 18:12:09,USR-0037,2026-04-01 05:30:00
HIS-002490,OPP-00561,1,2,2026-01-19 08:11:14,USR-0037,2026-04-01 05:30:00
HIS-002491,OPP-00561,2,3,2026-01-19 19:06:22,USR-0037,2026-04-01 05:30:00
HIS-002492,OPP-00561,3,4,2026-01-26 07:38:01,USR-0037,2026-04-01 05:30:00
HIS-002493,OPP-00561,4,5,2026-01-27 19:02:26,USR-0037,2026-04-01 05:30:00
HIS-002494,OPP-00562,0,1,2025-10-11 20:03:20,USR-0038,2026-04-01 05:30:00
HIS-002495,OPP-00562,1,2,2025-11-14 14:40:37,USR-0038,2026-04-01 05:30:00
HIS-002496,OPP-00562,2,3,2025-11-18 16:09:00,USR-0038,2026-04-01 05:30:00
HIS-002497,OPP-00562,3,4,2025-11-21 19:46:23,USR-0038,2026-04-01 05:30:00
HIS-002498,OPP-00562,4,6,2025-12-06 13:47:03,USR-0038,2026-04-01 05:30:00
HIS-002499,OPP-00563,0,1,2026-01-15 05:53:41,USR-0037,2026-04-01 05:30:00
HIS-002500,OPP-00563,1,2,2026-03-07 16:23:31,USR-0037,2026-04-01 05:30:00
HIS-002501,OPP-00563,2,3,2026-03-17 07:16:43,USR-0037,2026-04-01 05:30:00
HIS-002502,OPP-00563,3,4,2026-03-29 04:55:29,USR-0037,2026-04-01 05:30:00
HIS-002503,OPP-00564,0,1,2026-03-25 16:09:45,USR-0038,2026-04-01 05:30:00
HIS-002504,OPP-00565,0,1,2026-02-18 01:00:52,USR-0039,2026-04-01 05:30:00
HIS-002505,OPP-00565,1,2,2026-02-24 18:46:03,USR-0039,2026-04-01 05:30:00
HIS-002506,OPP-00565,2,3,2026-03-04 02:07:27,USR-0039,2026-04-01 05:30:00
HIS-002507,OPP-00565,3,4,2026-03-23 15:37:51,USR-0039,2026-04-01 05:30:00
HIS-002508,OPP-00566,0,1,2026-03-04 19:08:29,USR-0037,2026-04-01 05:30:00
HIS-002509,OPP-00566,1,2,2026-03-29 03:39:56,USR-0037,2026-04-01 05:30:00
HIS-002510,OPP-00567,0,1,2025-11-08 22:34:22,USR-0040,2026-04-01 05:30:00
HIS-002511,OPP-00567,1,2,2025-11-28 21:14:55,USR-0040,2026-04-01 05:30:00
HIS-002512,OPP-00567,2,3,2026-01-19 08:51:58,USR-0040,2026-01-18 08:51:58
HIS-002513,OPP-00567,3,4,2026-02-20 08:46:06,USR-0040,2026-04-01 05:30:00
HIS-002514,OPP-00567,4,5,2026-02-20 20:07:29,USR-0040,2026-04-01 05:30:00
HIS-002515,OPP-00568,0,1,2025-12-21 17:19:39,USR-0037,2025-12-20 17:19:39
HIS-002516,OPP-00568,1,2,2026-02-15 00:37:20,USR-0037,2026-04-01 05:30:00
HIS-002517,OPP-00568,2,3,2026-02-17 00:00:48,USR-0037,2026-04-01 05:30:00
HIS-002518,OPP-00568,3,4,2026-02-24 17:24:11,USR-0037,2026-04-01 05:30:00
HIS-002519,OPP-00568,4,5,2026-03-04 02:43:39,USR-0037,2026-04-01 05:30:00
HIS-002520,OPP-00569,0,1,2025-10-24 15:23:30,USR-0038,2026-04-01 05:30:00
HIS-002521,OPP-00569,1,2,2025-10-29 06:37:10,USR-0038,2026-04-01 05:30:00
HIS-002522,OPP-00569,2,3,2025-10-30 04:57:31,USR-0038,2026-04-01 05:30:00
HIS-002523,OPP-00569,3,4,2025-11-03 00:55:23,USR-0038,2026-04-01 05:30:00
HIS-002524,OPP-00569,4,5,2025-12-02 08:52:11,USR-0038,2026-04-01 05:30:00
HIS-002525,OPP-00570,0,1,2025-12-17 21:54:56,USR-0038,2026-04-01 05:30:00
HIS-002526,OPP-00570,1,2,2026-01-21 19:13:45,USR-0038,2026-04-01 05:30:00
HIS-002527,OPP-00570,2,3,2026-01-28 23:26:48,USR-0038,2026-04-01 05:30:00
HIS-002528,OPP-00570,3,4,2026-02-19 06:41:43,USR-0038,2026-04-01 05:30:00
HIS-002529,OPP-00570,4,5,2026-02-24 14:42:11,USR-0038,2026-04-01 05:30:00
HIS-002530,OPP-00571,0,1,2026-02-19 17:30:35,USR-0038,2026-04-01 05:30:00
HIS-002531,OPP-00571,1,2,2026-02-27 21:06:40,USR-0038,2026-04-01 05:30:00
HIS-002532,OPP-00571,2,3,2026-03-10 02:32:50,USR-0038,2026-04-01 05:30:00
HIS-002533,OPP-00571,3,4,2026-03-18 01:26:47,USR-0038,2026-04-01 05:30:00
HIS-002534,OPP-00571,4,5,2026-03-23 05:54:56,USR-0038,2026-04-01 05:30:00
HIS-002535,OPP-00572,0,1,2026-03-02 04:43:10,USR-0039,2026-04-01 05:30:00
HIS-002536,OPP-00572,1,2,2026-03-28 03:51:39,USR-0039,2026-04-01 05:30:00
HIS-002537,OPP-00573,0,1,2026-02-14 21:27:56,USR-0039,2026-04-01 05:30:00
HIS-002538,OPP-00574,0,1,2026-03-26 07:38:26,USR-0040,2026-04-01 05:30:00
HIS-002539,OPP-00575,0,1,2026-01-26 20:23:44,USR-0040,2026-04-01 05:30:00
HIS-002540,OPP-00575,1,2,2026-03-04 20:00:42,USR-0040,2026-04-01 05:30:00
HIS-002541,OPP-00575,2,3,2026-03-06 05:29:12,USR-0040,2026-04-01 05:30:00
HIS-002542,OPP-00576,0,1,2025-12-25 11:02:30,USR-0039,2026-04-01 05:30:00
HIS-002543,OPP-00576,1,2,2026-02-13 17:11:10,USR-0039,2026-02-12 17:11:10
HIS-002544,OPP-00576,2,3,2026-02-17 03:51:05,USR-0039,2026-04-01 05:30:00
HIS-002545,OPP-00576,3,4,2026-02-24 00:21:44,USR-0039,2026-04-01 05:30:00
HIS-002546,OPP-00577,0,1,2025-11-29 21:04:44,USR-0037,2026-04-01 05:30:00
HIS-002547,OPP-00577,1,2,2026-01-11 15:08:26,USR-0037,2026-04-01 05:30:00
HIS-002548,OPP-00577,2,3,2026-01-13 18:45:16,USR-0037,2026-04-01 05:30:00
HIS-002549,OPP-00577,3,4,2026-01-24 16:17:21,USR-0037,2026-04-01 05:30:00
HIS-002550,OPP-00577,4,5,2026-01-28 08:58:10,USR-0037,2026-04-01 05:30:00
HIS-002551,OPP-00578,0,1,2026-03-01 11:34:01,USR-0038,2026-04-01 05:30:00
HIS-002552,OPP-00578,1,2,2026-03-09 03:15:32,USR-0038,2026-04-01 05:30:00
HIS-002553,OPP-00578,2,3,2026-03-10 12:55:55,USR-0038,2026-04-01 05:30:00
HIS-002554,OPP-00578,3,4,2026-03-21 12:55:01,USR-0038,2026-04-01 05:30:00
HIS-002555,OPP-00579,0,1,2025-11-30 03:37:32,USR-0039,2026-04-01 05:30:00
HIS-002556,OPP-00579,1,2,2025-12-08 12:18:25,USR-0039,2025-12-07 12:18:25
HIS-002557,OPP-00579,2,3,2025-12-14 01:38:44,USR-0039,2026-04-01 05:30:00
HIS-002558,OPP-00579,3,4,2025-12-22 02:29:54,USR-0039,2026-04-01 05:30:00
HIS-002559,OPP-00579,4,5,2026-01-09 22:43:17,USR-0039,2026-04-01 05:30:00
HIS-002560,OPP-00580,0,1,2025-12-13 15:12:19,USR-0039,2026-04-01 05:30:00
HIS-002561,OPP-00580,1,2,2026-01-19 19:24:39,USR-0039,2026-01-18 19:24:39
HIS-002562,OPP-00580,2,3,2026-02-04 04:57:02,USR-0039,2026-04-01 05:30:00
HIS-002563,OPP-00580,3,4,2026-02-26 04:22:54,USR-0039,2026-04-01 05:30:00
HIS-002564,OPP-00580,4,5,2026-03-08 13:07:28,USR-0039,2026-04-01 05:30:00
HIS-002565,OPP-00581,0,1,2025-12-14 06:54:33,USR-0038,2026-04-01 05:30:00
HIS-002566,OPP-00581,1,2,2025-12-18 00:09:14,USR-0038,2026-04-01 05:30:00
HIS-002567,OPP-00581,2,3,2025-12-20 00:00:04,USR-0038,2026-04-01 05:30:00
HIS-002568,OPP-00581,3,4,2025-12-25 08:33:35,USR-0038,2026-04-01 05:30:00
HIS-002569,OPP-00581,4,5,2026-01-13 13:07:07,USR-0038,2026-04-01 05:30:00
HIS-002570,OPP-00582,0,1,2026-01-23 07:18:19,USR-0038,2026-04-01 05:30:00
HIS-002571,OPP-00582,1,2,2026-02-24 01:55:01,USR-0038,2026-04-01 05:30:00
HIS-002572,OPP-00582,2,3,2026-03-05 22:29:54,USR-0038,2026-04-01 05:30:00
HIS-002573,OPP-00582,3,4,2026-03-09 01:33:43,USR-0038,2026-04-01 05:30:00
HIS-002574,OPP-00582,4,5,2026-03-14 07:09:00,USR-0038,2026-04-01 05:30:00
HIS-002575,OPP-00583,0,1,2026-03-21 11:25:10,USR-0037,2026-04-01 05:30:00
HIS-002576,OPP-00584,0,1,2026-03-23 05:12:49,USR-0039,2026-04-01 05:30:00
HIS-002577,OPP-00585,0,1,2026-01-04 11:07:13,USR-0037,2026-04-01 05:30:00
HIS-002578,OPP-00585,1,2,2026-01-22 02:32:13,USR-0037,2026-04-01 05:30:00
HIS-002579,OPP-00585,2,3,2026-01-24 05:47:25,USR-0037,2026-04-01 05:30:00
HIS-002580,OPP-00585,3,4,2026-01-30 05:54:46,USR-0037,2026-04-01 05:30:00
HIS-002581,OPP-00585,4,5,2026-02-14 01:18:26,USR-0037,2026-04-01 05:30:00
HIS-002582,OPP-00586,0,1,2025-10-22 16:35:54,USR-0038,2026-04-01 05:30:00
HIS-002583,OPP-00586,1,2,2025-11-08 07:45:07,USR-0038,2026-04-01 05:30:00
HIS-002584,OPP-00586,2,3,2025-11-11 04:41:31,USR-0038,2026-04-01 05:30:00
HIS-002585,OPP-00586,3,4,2025-11-18 01:01:51,USR-0038,2026-04-01 05:30:00
HIS-002586,OPP-00586,4,5,2025-11-23 07:40:03,USR-0038,2026-04-01 05:30:00
HIS-002587,OPP-00587,0,1,2025-12-21 08:11:33,USR-0038,2026-04-01 05:30:00
HIS-002588,OPP-00587,1,2,2026-01-11 02:39:14,USR-0038,2026-04-01 05:30:00
HIS-002589,OPP-00587,2,3,2026-01-13 12:08:29,USR-0038,2026-04-01 05:30:00
HIS-002590,OPP-00587,3,4,2026-01-14 02:08:08,USR-0038,2026-04-01 05:30:00
HIS-002591,OPP-00587,4,6,2026-01-14 16:00:36,USR-0038,2026-04-01 05:30:00
HIS-002592,OPP-00588,0,1,2026-01-03 19:14:59,USR-0039,2026-04-01 05:30:00
HIS-002593,OPP-00588,1,2,2026-01-17 10:23:11,USR-0039,2026-04-01 05:30:00
HIS-002594,OPP-00588,2,3,2026-03-07 20:32:24,USR-0039,2026-04-01 05:30:00
HIS-002595,OPP-00588,3,4,2026-03-21 19:15:11,USR-0039,2026-04-01 05:30:00
HIS-002596,OPP-00589,0,1,2026-03-03 09:25:48,USR-0040,2026-04-01 05:30:00
HIS-002597,OPP-00589,1,2,2026-03-13 01:51:10,USR-0040,2026-04-01 05:30:00
HIS-002598,OPP-00590,0,1,2026-03-19 17:12:40,USR-0037,2026-04-01 05:30:00
HIS-002599,OPP-00590,1,2,2026-03-23 11:57:08,USR-0037,2026-04-01 05:30:00
HIS-002600,OPP-00591,0,1,2025-10-04 11:19:53,USR-0039,2026-04-01 05:30:00
HIS-002601,OPP-00591,1,2,2025-10-11 18:34:35,USR-0039,2026-04-01 05:30:00
HIS-002602,OPP-00591,2,3,2025-10-20 17:12:43,USR-0039,2026-04-01 05:30:00
HIS-002603,OPP-00591,3,4,2025-11-11 21:22:22,USR-0039,2026-04-01 05:30:00
HIS-002604,OPP-00591,4,6,2025-11-22 12:17:17,USR-0039,2026-04-01 05:30:00
HIS-002605,OPP-00592,0,1,2026-02-28 03:25:37,USR-0038,2026-04-01 05:30:00
HIS-002606,OPP-00592,1,2,2026-03-22 13:27:32,USR-0038,2026-04-01 05:30:00
HIS-002607,OPP-00592,2,3,2026-03-29 06:08:34,USR-0038,2026-04-01 05:30:00
HIS-002608,OPP-00592,3,4,2026-03-31 13:44:17,USR-0038,2026-04-01 05:30:00
HIS-002609,OPP-00593,0,1,2025-09-23 04:35:48,USR-0040,2026-04-01 05:30:00
HIS-002610,OPP-00593,1,2,2025-10-06 07:09:11,USR-0040,2025-10-05 07:09:11
HIS-002611,OPP-00593,2,3,2025-10-12 06:47:28,USR-0040,2026-04-01 05:30:00
HIS-002612,OPP-00593,3,4,2025-10-29 20:41:37,USR-0040,2026-04-01 05:30:00
HIS-002613,OPP-00593,4,5,2025-11-30 15:26:55,USR-0040,2026-04-01 05:30:00
HIS-002614,OPP-00594,0,1,2026-02-01 05:06:54,USR-0038,2026-01-31 05:06:54
HIS-002615,OPP-00594,1,2,2026-03-01 12:09:19,USR-0038,2026-04-01 05:30:00
HIS-002616,OPP-00594,2,3,2026-03-16 10:56:36,USR-0038,2026-04-01 05:30:00
HIS-002617,OPP-00594,3,4,2026-03-28 19:40:17,USR-0038,2026-04-01 05:30:00
HIS-002618,OPP-00594,4,6,2026-03-30 05:07:39,USR-0038,2026-04-01 05:30:00
HIS-002619,OPP-00595,0,1,2025-09-12 07:13:02,USR-0038,2026-04-01 05:30:00
HIS-002620,OPP-00595,1,2,2025-10-17 10:31:08,USR-0038,2026-04-01 05:30:00
HIS-002621,OPP-00595,2,3,2025-11-03 07:02:25,USR-0038,2026-04-01 05:30:00
HIS-002622,OPP-00595,3,4,2025-11-06 04:18:15,USR-0038,2026-04-01 05:30:00
HIS-002623,OPP-00595,4,5,2025-11-19 22:02:05,USR-0038,2026-04-01 05:30:00
HIS-002624,OPP-00596,0,1,2025-11-21 20:29:39,USR-0037,2026-04-01 05:30:00
HIS-002625,OPP-00596,1,2,2025-12-08 21:09:01,USR-0037,2026-04-01 05:30:00
HIS-002626,OPP-00596,2,3,2026-01-01 14:11:10,USR-0037,2026-04-01 05:30:00
HIS-002627,OPP-00596,3,4,2026-01-01 14:28:13,USR-0037,2026-04-01 05:30:00
HIS-002628,OPP-00596,4,5,2026-01-21 16:05:49,USR-0037,2026-04-01 05:30:00
HIS-002629,OPP-00597,0,1,2025-10-25 22:55:35,USR-0037,2026-04-01 05:30:00
HIS-002630,OPP-00597,1,2,2025-11-18 17:31:32,USR-0037,2026-04-01 05:30:00
HIS-002631,OPP-00597,2,3,2025-11-25 11:00:36,USR-0037,2026-04-01 05:30:00
HIS-002632,OPP-00597,3,4,2025-11-25 19:30:12,USR-0037,2026-04-01 05:30:00
HIS-002633,OPP-00597,4,6,2025-11-27 15:56:49,USR-0037,2026-04-01 05:30:00
HIS-002634,OPP-00598,0,1,2026-03-16 06:27:13,USR-0038,2026-04-01 05:30:00
HIS-002635,OPP-00598,1,2,2026-03-27 22:21:05,USR-0038,2026-04-01 05:30:00
HIS-002636,OPP-00598,2,3,2026-03-31 08:36:14,USR-0038,2026-04-01 05:30:00
HIS-002637,OPP-00599,0,1,2025-10-15 03:41:28,USR-0039,2026-04-01 05:30:00
HIS-002638,OPP-00599,1,2,2025-11-11 08:41:15,USR-0039,2026-04-01 05:30:00
HIS-002639,OPP-00599,2,3,2025-11-17 01:32:38,USR-0039,2026-04-01 05:30:00
HIS-002640,OPP-00599,3,4,2025-12-07 03:58:41,USR-0039,2026-04-01 05:30:00
HIS-002641,OPP-00599,4,6,2025-12-15 10:17:07,USR-0039,2026-04-01 05:30:00
HIS-002642,OPP-00600,0,1,2025-09-23 22:37:40,USR-0038,2026-04-01 05:30:00
HIS-002643,OPP-00600,1,2,2025-11-06 16:33:47,USR-0038,2026-04-01 05:30:00
HIS-002644,OPP-00600,2,3,2025-11-20 15:07:57,USR-0038,2026-04-01 05:30:00
HIS-002645,OPP-00600,3,4,2025-11-26 05:26:43,USR-0038,2026-04-01 05:30:00
HIS-002646,OPP-00600,4,5,2025-11-28 18:40:23,USR-0038,2026-04-01 05:30:00
HIS-002647,OPP-00601,0,1,2026-02-11 05:52:35,USR-0040,2026-04-01 05:30:00
HIS-002648,OPP-00601,1,2,2026-03-30 10:56:29,USR-0040,2026-04-01 05:30:00
HIS-002649,OPP-00602,0,1,2025-09-17 03:00:53,USR-0039,2026-04-01 05:30:00
HIS-002650,OPP-00602,1,2,2025-09-30 11:55:26,USR-0039,2026-04-01 05:30:00
HIS-002651,OPP-00602,2,3,2025-10-05 09:27:00,USR-0039,2026-04-01 05:30:00
HIS-002652,OPP-00602,3,4,2025-10-08 01:54:21,USR-0039,2026-04-01 05:30:00
HIS-002653,OPP-00602,4,5,2025-11-30 04:28:49,USR-0039,2026-04-01 05:30:00
HIS-002654,OPP-00603,0,1,2025-10-04 08:59:11,USR-0039,2026-04-01 05:30:00
HIS-002655,OPP-00603,1,2,2025-12-12 04:17:21,USR-0039,2026-04-01 05:30:00
HIS-002656,OPP-00603,2,3,2026-01-11 08:59:26,USR-0039,2026-04-01 05:30:00
HIS-002657,OPP-00603,3,4,2026-01-29 01:03:48,USR-0039,2026-04-01 05:30:00
HIS-002658,OPP-00603,4,5,2026-02-04 22:04:33,USR-0039,2026-04-01 05:30:00
HIS-002659,OPP-00604,0,1,2026-02-05 11:35:16,USR-0039,2026-04-01 05:30:00
HIS-002660,OPP-00604,1,2,2026-03-15 13:41:34,USR-0039,2026-04-01 05:30:00
HIS-002661,OPP-00605,0,1,2025-12-12 22:26:31,USR-0038,2026-04-01 05:30:00
HIS-002662,OPP-00605,1,2,2026-01-25 18:03:10,USR-0038,2026-04-01 05:30:00
HIS-002663,OPP-00605,2,3,2026-01-28 14:31:20,USR-0038,2026-04-01 05:30:00
HIS-002664,OPP-00605,3,4,2026-01-29 11:31:47,USR-0038,2026-04-01 05:30:00
HIS-002665,OPP-00605,4,5,2026-01-31 08:52:56,USR-0038,2026-04-01 05:30:00
HIS-002666,OPP-00606,0,1,2025-09-05 23:33:03,USR-0039,2026-04-01 05:30:00
HIS-002667,OPP-00606,1,2,2025-10-17 23:44:59,USR-0039,2026-04-01 05:30:00
HIS-002668,OPP-00606,2,3,2025-10-21 04:13:39,USR-0039,2026-04-01 05:30:00
HIS-002669,OPP-00606,3,4,2025-10-22 02:44:32,USR-0039,2026-04-01 05:30:00
HIS-002670,OPP-00606,4,6,2025-10-23 07:15:11,USR-0039,2026-04-01 05:30:00
HIS-002671,OPP-00607,0,1,2025-11-26 21:29:36,USR-0039,2026-04-01 05:30:00
HIS-002672,OPP-00607,1,2,2025-12-20 01:43:53,USR-0039,2026-04-01 05:30:00
HIS-002673,OPP-00607,2,3,2025-12-30 22:35:33,USR-0039,2026-04-01 05:30:00
HIS-002674,OPP-00607,3,4,2026-01-06 06:34:22,USR-0039,2026-04-01 05:30:00
HIS-002675,OPP-00607,4,6,2026-01-10 09:27:52,USR-0039,2026-01-09 09:27:52
HIS-002676,OPP-00608,0,1,2025-09-20 03:09:28,USR-0040,2025-09-19 03:09:28
HIS-002677,OPP-00608,1,2,2025-10-05 20:57:44,USR-0040,2026-04-01 05:30:00
HIS-002678,OPP-00608,2,3,2025-10-14 04:14:59,USR-0040,2026-04-01 05:30:00
HIS-002679,OPP-00608,3,4,2025-10-16 07:50:48,USR-0040,2026-04-01 05:30:00
HIS-002680,OPP-00608,4,6,2025-10-18 07:33:22,USR-0040,2026-04-01 05:30:00
HIS-002681,OPP-00609,0,1,2025-12-13 00:33:27,USR-0037,2026-04-01 05:30:00
HIS-002682,OPP-00609,1,2,2026-01-20 02:17:49,USR-0037,2026-04-01 05:30:00
HIS-002683,OPP-00609,2,3,2026-01-23 10:41:30,USR-0037,2026-04-01 05:30:00
HIS-002684,OPP-00610,0,1,2026-02-22 04:55:34,USR-0037,2026-04-01 05:30:00
HIS-002685,OPP-00610,1,2,2026-03-13 01:26:31,USR-0037,2026-04-01 05:30:00
HIS-002686,OPP-00610,2,3,2026-03-17 01:21:33,USR-0037,2026-04-01 05:30:00
HIS-002687,OPP-00610,3,4,2026-03-22 17:08:50,USR-0037,2026-04-01 05:30:00
HIS-002688,OPP-00611,0,1,2026-03-22 14:32:32,USR-0038,2026-03-21 14:32:32
HIS-002689,OPP-00612,0,1,2025-09-21 21:59:31,USR-0040,2026-04-01 05:30:00
HIS-002690,OPP-00612,1,2,2025-10-18 19:51:42,USR-0040,2026-04-01 05:30:00
HIS-002691,OPP-00612,2,3,2025-11-08 19:08:28,USR-0040,2026-04-01 05:30:00
HIS-002692,OPP-00612,3,4,2025-11-17 23:39:17,USR-0040,2026-04-01 05:30:00
HIS-002693,OPP-00612,4,6,2025-11-30 23:39:54,USR-0040,2026-04-01 05:30:00
HIS-002694,OPP-00613,0,1,2026-02-15 11:48:48,USR-0038,2026-04-01 05:30:00
HIS-002695,OPP-00613,1,2,2026-03-03 11:46:12,USR-0038,2026-04-01 05:30:00
HIS-002696,OPP-00613,2,3,2026-03-03 23:29:34,USR-0038,2026-03-02 23:29:34
HIS-002697,OPP-00613,3,4,2026-03-09 07:17:30,USR-0038,2026-04-01 05:30:00
HIS-002698,OPP-00613,4,5,2026-03-23 16:09:39,USR-0038,2026-04-01 05:30:00
HIS-002699,OPP-00614,0,1,2026-01-15 06:20:14,USR-0040,2026-04-01 05:30:00
HIS-002700,OPP-00614,1,2,2026-03-08 09:29:10,USR-0040,2026-03-07 09:29:10
HIS-002701,OPP-00614,2,3,2026-03-25 09:13:27,USR-0040,2026-04-01 05:30:00
HIS-002702,OPP-00615,0,1,2025-09-21 20:53:47,USR-0038,2026-04-01 05:30:00
HIS-002703,OPP-00615,1,2,2025-10-16 05:25:46,USR-0038,2026-04-01 05:30:00
HIS-002704,OPP-00615,2,3,2025-10-18 02:08:46,USR-0038,2026-04-01 05:30:00
HIS-002705,OPP-00615,3,4,2025-10-24 12:48:11,USR-0038,2025-10-23 12:48:11
HIS-002706,OPP-00615,4,5,2025-11-10 10:29:03,USR-0038,2026-04-01 05:30:00
HIS-002707,OPP-00616,0,1,2025-10-15 11:34:30,USR-0038,2026-04-01 05:30:00
HIS-002708,OPP-00616,1,2,2025-11-07 12:47:27,USR-0038,2026-04-01 05:30:00
HIS-002709,OPP-00616,2,3,2025-11-16 00:05:14,USR-0038,2026-04-01 05:30:00
HIS-002710,OPP-00616,3,4,2025-12-08 19:24:42,USR-0038,2026-04-01 05:30:00
HIS-002711,OPP-00616,4,6,2025-12-11 02:13:18,USR-0038,2026-04-01 05:30:00
HIS-002712,OPP-00617,0,1,2025-10-16 04:42:35,USR-0037,2026-04-01 05:30:00
HIS-002713,OPP-00617,1,2,2025-10-20 20:15:28,USR-0037,2026-04-01 05:30:00
HIS-002714,OPP-00617,2,3,2025-11-12 03:44:35,USR-0037,2026-04-01 05:30:00
HIS-002715,OPP-00617,3,4,2025-11-18 17:31:33,USR-0037,2026-04-01 05:30:00
HIS-002716,OPP-00617,4,6,2025-12-05 23:36:30,USR-0037,2026-04-01 05:30:00
HIS-002722,OPP-00619,0,1,2025-12-29 18:53:31,USR-0038,2026-04-01 05:30:00
HIS-002723,OPP-00619,1,2,2026-01-08 09:45:00,USR-0038,2026-04-01 05:30:00
HIS-002724,OPP-00619,2,3,2026-01-10 14:15:46,USR-0038,2026-04-01 05:30:00
HIS-002725,OPP-00619,3,4,2026-01-18 18:09:46,USR-0038,2026-04-01 05:30:00
HIS-002726,OPP-00619,4,6,2026-01-20 12:21:14,USR-0038,2026-04-01 05:30:00
HIS-002727,OPP-00620,0,1,2026-01-02 02:48:35,USR-0038,2026-04-01 05:30:00
HIS-002728,OPP-00620,1,2,2026-01-18 01:32:06,USR-0038,2026-04-01 05:30:00
HIS-002729,OPP-00620,2,3,2026-01-19 18:01:50,USR-0038,2026-04-01 05:30:00
HIS-002730,OPP-00620,3,4,2026-01-31 04:47:14,USR-0038,2026-04-01 05:30:00
HIS-002731,OPP-00620,4,6,2026-02-09 20:40:02,USR-0038,2026-04-01 05:30:00
HIS-002737,OPP-00622,0,1,2025-10-06 15:30:16,USR-0039,2026-04-01 05:30:00
HIS-002738,OPP-00622,1,2,2025-11-26 00:23:52,USR-0039,2026-04-01 05:30:00
HIS-002739,OPP-00622,2,3,2025-12-06 20:32:59,USR-0039,2026-04-01 05:30:00
HIS-002740,OPP-00622,3,4,2026-01-02 17:05:01,USR-0039,2026-04-01 05:30:00
HIS-002741,OPP-00622,4,6,2026-01-09 05:47:34,USR-0039,2026-04-01 05:30:00
