hs_contact_id,sf_lead_id,match_confidence
HS-000001,LEAD-000001,high
HS-000002,LEAD-000002,high
HS-000003,LEAD-000003,high
HS-000004,LEAD-000004,high
HS-000005,LEAD-000005,high
HS-000006,LEAD-000006,high
HS-000007,,low
HS-000008,LEAD-000008,high
HS-000009,LEAD-000009,high
HS-000010,LEAD-000010,high
HS-000011,LEAD-000011,high
HS-000012,LEAD-000012,high
HS-000013,LEAD-000013,high
HS-000014,LEAD-000014,high
HS-000015,LEAD-000015,high
HS-000016,LEAD-000016,high
HS-000017,,low
HS-000018,LEAD-000018,high
HS-000019,LEAD-000019,high
HS-000020,LEAD-000020,high
HS-000021,LEAD-000021,high
HS-000022,LEAD-000022,high
HS-000023,LEAD-000023,high
HS-000024,LEAD-000024,high
HS-000025,LEAD-000025,high
HS-000026,LEAD-000026,high
HS-000027,LEAD-000027,high
HS-000028,LEAD-000028,high
HS-000029,,low
HS-000030,LEAD-000030,high
HS-000031,LEAD-000031,high
HS-000032,LEAD-000032,high
HS-000033,LEAD-000033,high
HS-000034,LEAD-000034,high
HS-000035,LEAD-000035,high
HS-000036,LEAD-000036,high
HS-000037,LEAD-000037,high
HS-000038,LEAD-000038,high
HS-000039,LEAD-000039,high
HS-000040,LEAD-000040,high
HS-000041,LEAD-000041,high
HS-000042,LEAD-000042,high
HS-000043,LEAD-000043,high
HS-000044,LEAD-000044,high
HS-000045,LEAD-000045,high
HS-000046,LEAD-000046,high
HS-000047,LEAD-000047,high
HS-000048,LEAD-000048,high
HS-000049,LEAD-000049,high
HS-000050,LEAD-000050,high
HS-000051,LEAD-000051,high
HS-000052,LEAD-000052,high
HS-000053,LEAD-000053,high
HS-000054,LEAD-000054,high
HS-000055,LEAD-000055,high
HS-000056,LEAD-000056,high
HS-000057,LEAD-000057,high
HS-000058,LEAD-000058,high
HS-000059,LEAD-000059,high
HS-000060,LEAD-000060,high
HS-000061,,low
HS-000062,LEAD-000062,high
HS-000063,LEAD-000063,high
HS-000064,LEAD-000064,high
HS-000065,LEAD-000065,high
HS-000066,LEAD-000066,high
HS-000067,,low
HS-000068,LEAD-000068,high
HS-000069,LEAD-000069,high
HS-000070,LEAD-000070,high
HS-000071,LEAD-000071,high
HS-000072,LEAD-000072,high
HS-000073,LEAD-000073,high
HS-000074,LEAD-000074,high
HS-000075,LEAD-000075,high
HS-000076,LEAD-000076,high
HS-000077,LEAD-000077,high
HS-000078,LEAD-000078,high
HS-000079,LEAD-000079,high
HS-000080,LEAD-000080,high
HS-000081,LEAD-000081,high
HS-000082,,low
HS-000083,LEAD-000083,high
HS-000084,LEAD-000084,high
HS-000085,LEAD-000085,high
HS-000086,LEAD-000086,high
HS-000087,LEAD-000087,high
HS-000088,LEAD-000088,high
HS-000089,LEAD-000089,high
HS-000090,LEAD-000090,high
HS-000091,,low
HS-000092,LEAD-000092,high
HS-000093,,low
HS-000094,LEAD-000094,high
HS-000095,LEAD-000095,high
HS-000096,LEAD-000096,high
HS-000097,LEAD-000097,high
HS-000098,LEAD-000098,high
HS-000099,LEAD-000099,high
HS-000100,LEAD-000100,high
HS-000101,LEAD-000101,high
HS-000102,LEAD-000102,high
HS-000103,,low
HS-000104,LEAD-000104,high
HS-000105,LEAD-000105,high
HS-000106,LEAD-000106,high
HS-000107,,low
HS-000108,LEAD-000108,high
HS-000109,LEAD-000109,high
HS-000110,LEAD-000110,high
HS-000111,LEAD-000111,high
HS-000112,LEAD-000112,high
HS-000113,LEAD-000113,high
HS-000114,LEAD-000114,high
HS-000115,LEAD-000115,high
HS-000116,LEAD-000116,high
HS-000117,,low
HS-000118,LEAD-000118,high
HS-000119,LEAD-000119,high
HS-000120,LEAD-000120,high
HS-000121,LEAD-000121,high
HS-000122,LEAD-000122,high
HS-000123,LEAD-000123,high
HS-000124,LEAD-000124,high
HS-000125,LEAD-000125,high
HS-000126,LEAD-000126,high
HS-000127,LEAD-000127,high
HS-000128,LEAD-000128,high
HS-000129,LEAD-000129,high
HS-000130,LEAD-000130,high
HS-000131,LEAD-000131,high
HS-000132,LEAD-000132,high
HS-000133,LEAD-000133,high
HS-000134,LEAD-000134,high
HS-000135,,low
HS-000136,LEAD-000136,high
HS-000137,LEAD-000137,high
HS-000138,LEAD-000138,high
HS-000139,LEAD-000139,high
HS-000140,LEAD-000140,high
HS-000141,LEAD-000141,high
HS-000142,LEAD-000142,high
HS-000143,LEAD-000143,high
HS-000144,LEAD-000144,high
HS-000145,LEAD-000145,high
HS-000146,LEAD-000146,high
HS-000147,LEAD-000147,high
HS-000148,LEAD-000148,high
HS-000149,LEAD-000149,high
HS-000150,LEAD-000150,high
HS-000151,LEAD-000151,high
HS-000152,LEAD-000152,high
HS-000153,LEAD-000153,high
HS-000154,LEAD-000154,high
HS-000155,LEAD-000155,high
HS-000156,LEAD-000156,high
HS-000157,,low
HS-000158,,low
HS-000159,LEAD-000159,high
HS-000160,,low
HS-000161,LEAD-000161,high
HS-000162,LEAD-000162,high
HS-000163,LEAD-000163,high
HS-000164,,low
HS-000165,LEAD-000165,high
HS-000166,LEAD-000166,high
HS-000167,LEAD-000167,high
HS-000168,LEAD-000168,high
HS-000169,LEAD-000169,high
HS-000170,LEAD-000170,high
HS-000171,LEAD-000171,high
HS-000172,LEAD-000172,high
HS-000173,LEAD-000173,high
HS-000174,LEAD-000174,high
HS-000175,,low
HS-000176,LEAD-000176,high
HS-000177,LEAD-000177,high
HS-000178,LEAD-000178,high
HS-000179,LEAD-000179,high
HS-000180,LEAD-000180,high
HS-000181,LEAD-000181,high
HS-000182,LEAD-000182,high
HS-000183,LEAD-000183,high
HS-000184,LEAD-000184,high
HS-000185,LEAD-000185,high
HS-000186,LEAD-000186,high
HS-000187,LEAD-000187,high
HS-000188,LEAD-000188,high
HS-000189,LEAD-000189,high
HS-000190,LEAD-000190,high
HS-000191,LEAD-000191,high
HS-000192,LEAD-000192,high
HS-000193,LEAD-000193,high
HS-000194,LEAD-000194,high
HS-000195,LEAD-000195,high
HS-000196,LEAD-000196,high
HS-000197,LEAD-000197,high
HS-000198,LEAD-000198,high
HS-000199,LEAD-000199,high
HS-000200,LEAD-000200,high
HS-000201,LEAD-000201,high
HS-000202,,low
HS-000203,LEAD-000203,high
HS-000204,LEAD-000204,high
HS-000205,LEAD-000205,high
HS-000206,LEAD-000206,high
HS-000207,LEAD-000207,high
HS-000208,LEAD-000208,high
HS-000209,LEAD-000209,high
HS-000210,LEAD-000210,high
HS-000211,,low
HS-000212,LEAD-000212,high
HS-000213,LEAD-000213,high
HS-000214,LEAD-000214,high
HS-000215,LEAD-000215,high
HS-000216,LEAD-000216,high
HS-000217,LEAD-000217,high
HS-000218,LEAD-000218,high
HS-000219,,low
HS-000220,LEAD-000220,high
HS-000221,LEAD-000221,high
HS-000222,LEAD-000222,high
HS-000223,LEAD-000223,high
HS-000224,LEAD-000224,high
HS-000225,,low
HS-000226,LEAD-000226,high
HS-000227,LEAD-000227,high
HS-000228,LEAD-000228,high
HS-000229,LEAD-000229,high
HS-000230,LEAD-000230,high
HS-000231,,low
HS-000232,LEAD-000232,high
HS-000233,LEAD-000233,high
HS-000234,LEAD-000234,high
HS-000235,LEAD-000235,high
HS-000236,LEAD-000236,high
HS-000237,,low
HS-000238,LEAD-000238,high
HS-000239,LEAD-000239,high
HS-000240,LEAD-000240,high
HS-000241,LEAD-000241,high
HS-000242,LEAD-000242,high
HS-000243,LEAD-000243,high
HS-000244,LEAD-000244,high
HS-000245,LEAD-000245,high
HS-000246,LEAD-000246,high
HS-000247,LEAD-000247,high
HS-000248,LEAD-000248,high
HS-000249,LEAD-000249,high
HS-000250,LEAD-000250,high
HS-000251,LEAD-000251,high
HS-000252,LEAD-000252,high
HS-000253,LEAD-000253,high
HS-000254,LEAD-000254,high
HS-000255,LEAD-000255,high
HS-000256,LEAD-000256,high
HS-000257,LEAD-000257,high
HS-000258,LEAD-000258,high
HS-000259,LEAD-000259,high
HS-000260,LEAD-000260,high
HS-000261,LEAD-000261,high
HS-000262,LEAD-000262,high
HS-000263,LEAD-000263,high
HS-000264,LEAD-000264,high
HS-000265,LEAD-000265,high
HS-000266,LEAD-000266,high
HS-000267,LEAD-000267,high
HS-000268,LEAD-000268,high
HS-000269,LEAD-000269,high
HS-000270,LEAD-000270,high
HS-000271,LEAD-000271,high
HS-000272,LEAD-000272,high
HS-000273,LEAD-000273,high
HS-000274,LEAD-000274,high
HS-000275,LEAD-000275,high
HS-000276,LEAD-000276,high
HS-000277,LEAD-000277,high
HS-000278,LEAD-000278,high
HS-000279,LEAD-000279,high
HS-000280,LEAD-000280,high
HS-000281,LEAD-000281,high
HS-000282,LEAD-000282,high
HS-000283,LEAD-000283,high
HS-000284,,low
HS-000285,LEAD-000285,high
HS-000286,LEAD-000286,high
HS-000287,LEAD-000287,high
HS-000288,LEAD-000288,high
HS-000289,LEAD-000289,high
HS-000290,LEAD-000290,high
HS-000291,LEAD-000291,high
HS-000292,LEAD-000292,high
HS-000293,LEAD-000293,high
HS-000294,LEAD-000294,high
HS-000295,LEAD-000295,high
HS-000296,LEAD-000296,high
HS-000297,LEAD-000297,high
HS-000298,LEAD-000298,high
HS-000299,LEAD-000299,high
HS-000300,,low
HS-000301,LEAD-000301,high
HS-000302,LEAD-000302,high
HS-000303,LEAD-000303,high
HS-000304,LEAD-000304,high
HS-000305,,low
HS-000306,LEAD-000306,high
HS-000307,LEAD-000307,high
HS-000308,,low
HS-000309,,low
HS-000310,,low
HS-000311,LEAD-000311,high
HS-000312,LEAD-000312,high
HS-000313,LEAD-000313,high
HS-000314,LEAD-000314,high
HS-000315,LEAD-000315,high
HS-000316,LEAD-000316,high
HS-000317,LEAD-000317,high
HS-000318,LEAD-000318,high
HS-000319,LEAD-000319,high
HS-000320,LEAD-000320,high
HS-000321,LEAD-000321,high
HS-000322,,low
HS-000323,LEAD-000323,high
HS-000324,LEAD-000324,high
HS-000325,LEAD-000325,high
HS-000326,LEAD-000326,high
HS-000327,LEAD-000327,high
HS-000328,LEAD-000328,high
HS-000329,LEAD-000329,high
HS-000330,,low
HS-000331,LEAD-000331,high
HS-000332,LEAD-000332,high
HS-000333,LEAD-000333,high
HS-000334,LEAD-000334,high
HS-000335,LEAD-000335,high
HS-000336,LEAD-000336,high
HS-000337,LEAD-000337,high
HS-000338,LEAD-000338,high
HS-000339,LEAD-000339,high
HS-000340,LEAD-000340,high
HS-000341,LEAD-000341,high
HS-000342,LEAD-000342,high
HS-000343,LEAD-000343,high
HS-000344,LEAD-000344,high
HS-000345,LEAD-000345,high
HS-000346,LEAD-000346,high
HS-000347,LEAD-000347,high
HS-000348,LEAD-000348,high
HS-000349,LEAD-000349,high
HS-000350,LEAD-000350,high
HS-000351,,low
HS-000352,LEAD-000352,high
HS-000353,LEAD-000353,high
HS-000354,LEAD-000354,high
HS-000355,LEAD-000355,high
HS-000356,LEAD-000356,high
HS-000357,LEAD-000357,high
HS-000358,LEAD-000358,high
HS-000359,LEAD-000359,high
HS-000360,LEAD-000360,high
HS-000361,LEAD-000361,high
HS-000362,LEAD-000362,high
HS-000363,LEAD-000363,high
HS-000364,LEAD-000364,high
HS-000365,LEAD-000365,high
HS-000366,LEAD-000366,high
HS-000367,LEAD-000367,high
HS-000368,,low
HS-000369,LEAD-000369,high
HS-000370,LEAD-000370,high
HS-000371,LEAD-000371,high
HS-000372,LEAD-000372,high
HS-000373,LEAD-000373,high
HS-000374,LEAD-000374,high
HS-000375,LEAD-000375,high
HS-000376,LEAD-000376,high
HS-000377,LEAD-000377,high
HS-000378,LEAD-000378,high
HS-000379,LEAD-000379,high
HS-000380,LEAD-000380,high
HS-000381,LEAD-000381,high
HS-000382,LEAD-000382,high
HS-000383,LEAD-000383,high
HS-000384,LEAD-000384,high
HS-000385,,low
HS-000386,LEAD-000386,high
HS-000387,LEAD-000387,high
HS-000388,LEAD-000388,high
HS-000389,LEAD-000389,high
HS-000390,LEAD-000390,high
HS-000391,LEAD-000391,high
HS-000392,LEAD-000392,high
HS-000393,LEAD-000393,high
HS-000394,LEAD-000394,high
HS-000395,LEAD-000395,high
HS-000396,,low
HS-000397,LEAD-000397,high
HS-000398,LEAD-000398,high
HS-000399,LEAD-000399,high
HS-000400,LEAD-000400,high
HS-000401,LEAD-000401,high
HS-000402,LEAD-000402,high
HS-000403,LEAD-000403,high
HS-000404,LEAD-000404,high
HS-000405,LEAD-000405,high
HS-000406,LEAD-000406,high
HS-000407,LEAD-000407,high
HS-000408,LEAD-000408,high
HS-000409,,low
HS-000410,LEAD-000410,high
HS-000411,LEAD-000411,high
HS-000412,LEAD-000412,high
HS-000413,LEAD-000413,high
HS-000414,,low
HS-000415,LEAD-000415,high
HS-000416,LEAD-000416,high
HS-000417,LEAD-000417,high
HS-000418,LEAD-000418,high
HS-000419,LEAD-000419,high
HS-000420,LEAD-000420,high
HS-000421,LEAD-000421,high
HS-000422,LEAD-000422,high
HS-000423,LEAD-000423,high
HS-000424,LEAD-000424,high
HS-000425,LEAD-000425,high
HS-000426,,low
HS-000427,LEAD-000427,high
HS-000428,,low
HS-000429,LEAD-000429,high
HS-000430,LEAD-000430,high
HS-000431,,low
HS-000432,LEAD-000432,high
HS-000433,LEAD-000433,high
HS-000434,LEAD-000434,high
HS-000435,LEAD-000435,high
HS-000436,LEAD-000436,high
HS-000437,LEAD-000437,high
HS-000438,LEAD-000438,high
HS-000439,LEAD-000439,high
HS-000440,LEAD-000440,high
HS-000441,LEAD-000441,high
HS-000442,LEAD-000442,high
HS-000443,LEAD-000443,high
HS-000444,LEAD-000444,high
HS-000445,LEAD-000445,high
HS-000446,LEAD-000446,high
HS-000447,,low
HS-000448,LEAD-000448,high
HS-000449,LEAD-000449,high
HS-000450,LEAD-000450,high
HS-000451,,low
HS-000452,LEAD-000452,high
HS-000453,LEAD-000453,high
HS-000454,LEAD-000454,high
HS-000455,LEAD-000455,high
HS-000456,LEAD-000456,high
HS-000457,LEAD-000457,high
HS-000458,LEAD-000458,high
HS-000459,LEAD-000459,high
HS-000460,LEAD-000460,high
HS-000461,LEAD-000461,high
HS-000462,LEAD-000462,high
HS-000463,LEAD-000463,high
HS-000464,LEAD-000464,high
HS-000465,,low
HS-000466,LEAD-000466,high
HS-000467,LEAD-000467,high
HS-000468,LEAD-000468,high
HS-000469,LEAD-000469,high
HS-000470,LEAD-000470,high
HS-000471,LEAD-000471,high
HS-000472,LEAD-000472,high
HS-000473,LEAD-000473,high
HS-000474,LEAD-000474,high
HS-000475,LEAD-000475,high
HS-000476,LEAD-000476,high
HS-000477,LEAD-000477,high
HS-000478,LEAD-000478,high
HS-000479,LEAD-000479,high
HS-000480,,low
HS-000481,,low
HS-000482,LEAD-000482,high
HS-000483,LEAD-000483,high
HS-000484,LEAD-000484,high
HS-000485,LEAD-000485,high
HS-000486,LEAD-000486,high
HS-000487,LEAD-000487,high
HS-000488,,low
HS-000489,LEAD-000489,high
HS-000490,LEAD-000490,high
HS-000491,LEAD-000491,high
HS-000492,LEAD-000492,high
HS-000493,LEAD-000493,high
HS-000494,LEAD-000494,high
HS-000495,LEAD-000495,high
HS-000496,,low
HS-000497,LEAD-000497,high
HS-000498,LEAD-000498,high
HS-000499,,low
HS-000500,LEAD-000500,high
HS-000501,LEAD-000501,high
HS-000502,LEAD-000502,high
HS-000503,LEAD-000503,high
HS-000504,LEAD-000504,high
HS-000505,LEAD-000505,high
HS-000506,LEAD-000506,high
HS-000507,LEAD-000507,high
HS-000508,LEAD-000508,high
HS-000509,LEAD-000509,high
HS-000510,LEAD-000510,high
HS-000511,LEAD-000511,high
HS-000512,,low
HS-000513,LEAD-000513,high
HS-000514,,low
HS-000515,LEAD-000515,high
HS-000516,LEAD-000516,high
HS-000517,LEAD-000517,high
HS-000518,LEAD-000518,high
HS-000519,LEAD-000519,high
HS-000520,LEAD-000520,high
HS-000521,LEAD-000521,high
HS-000522,LEAD-000522,high
HS-000523,,low
HS-000524,LEAD-000524,high
HS-000525,LEAD-000525,high
HS-000526,LEAD-000526,high
HS-000527,LEAD-000527,high
HS-000528,LEAD-000528,high
HS-000529,LEAD-000529,high
HS-000530,LEAD-000530,high
HS-000531,LEAD-000531,high
HS-000532,LEAD-000532,high
HS-000533,LEAD-000533,high
HS-000534,LEAD-000534,high
HS-000535,LEAD-000535,high
HS-000536,LEAD-000536,high
HS-000537,LEAD-000537,high
HS-000538,LEAD-000538,high
HS-000539,LEAD-000539,high
HS-000540,LEAD-000540,high
HS-000541,LEAD-000541,high
HS-000542,LEAD-000542,high
HS-000543,LEAD-000543,high
HS-000544,LEAD-000544,high
HS-000545,LEAD-000545,high
HS-000546,,low
HS-000547,,low
HS-000548,LEAD-000548,high
HS-000549,LEAD-000549,high
HS-000550,LEAD-000550,high
HS-000551,LEAD-000551,high
HS-000552,LEAD-000552,high
HS-000553,LEAD-000553,high
HS-000554,LEAD-000554,high
HS-000555,LEAD-000555,high
HS-000556,LEAD-000556,high
HS-000557,LEAD-000557,high
HS-000558,LEAD-000558,high
HS-000559,LEAD-000559,high
HS-000560,LEAD-000560,high
HS-000561,LEAD-000561,high
HS-000562,LEAD-000562,high
HS-000563,LEAD-000563,high
HS-000564,LEAD-000564,high
HS-000565,LEAD-000565,high
HS-000566,LEAD-000566,high
HS-000567,LEAD-000567,high
HS-000568,LEAD-000568,high
HS-000569,LEAD-000569,high
HS-000570,LEAD-000570,high
HS-000571,LEAD-000571,high
HS-000572,LEAD-000572,high
HS-000573,LEAD-000573,high
HS-000574,LEAD-000574,high
HS-000575,LEAD-000575,high
HS-000576,LEAD-000576,high
HS-000577,LEAD-000577,high
HS-000578,LEAD-000578,high
HS-000579,LEAD-000579,high
HS-000580,LEAD-000580,high
HS-000581,LEAD-000581,high
HS-000582,LEAD-000582,high
HS-000583,LEAD-000583,high
HS-000584,LEAD-000584,high
HS-000585,LEAD-000585,high
HS-000586,LEAD-000586,high
HS-000587,LEAD-000587,high
HS-000588,LEAD-000588,high
HS-000589,LEAD-000589,high
HS-000590,LEAD-000590,high
HS-000591,,low
HS-000592,LEAD-000592,high
HS-000593,LEAD-000593,high
HS-000594,LEAD-000594,high
HS-000595,LEAD-000595,high
HS-000596,LEAD-000596,high
HS-000597,LEAD-000597,high
HS-000598,LEAD-000598,high
HS-000599,LEAD-000599,high
HS-000600,LEAD-000600,high
HS-000601,LEAD-000601,high
HS-000602,LEAD-000602,high
HS-000603,LEAD-000603,high
HS-000604,LEAD-000604,high
HS-000605,LEAD-000605,high
HS-000606,LEAD-000606,high
HS-000607,,low
HS-000608,LEAD-000608,high
HS-000609,LEAD-000609,high
HS-000610,,low
HS-000611,LEAD-000611,high
HS-000612,LEAD-000612,high
HS-000613,LEAD-000613,high
HS-000614,LEAD-000614,high
HS-000615,LEAD-000615,high
HS-000616,LEAD-000616,high
HS-000617,LEAD-000617,high
HS-000618,LEAD-000618,high
HS-000619,,low
HS-000620,LEAD-000620,high
HS-000621,LEAD-000621,high
HS-000622,LEAD-000622,high
HS-000623,LEAD-000623,high
HS-000624,LEAD-000624,high
HS-000625,LEAD-000625,high
HS-000626,LEAD-000626,high
HS-000627,LEAD-000627,high
HS-000628,LEAD-000628,high
HS-000629,LEAD-000629,high
HS-000630,LEAD-000630,high
HS-000631,LEAD-000631,high
HS-000632,LEAD-000632,high
HS-000633,LEAD-000633,high
HS-000634,LEAD-000634,high
HS-000635,LEAD-000635,high
HS-000636,LEAD-000636,high
HS-000637,LEAD-000637,high
HS-000638,LEAD-000638,high
HS-000639,LEAD-000639,high
HS-000640,LEAD-000640,high
HS-000641,LEAD-000641,high
HS-000642,LEAD-000642,high
HS-000643,LEAD-000643,high
HS-000644,LEAD-000644,high
HS-000645,LEAD-000645,high
HS-000646,LEAD-000646,high
HS-000647,,low
HS-000648,LEAD-000648,high
HS-000649,LEAD-000649,high
HS-000650,LEAD-000650,high
HS-000651,LEAD-000651,high
HS-000652,LEAD-000652,high
HS-000653,LEAD-000653,high
HS-000654,LEAD-000654,high
HS-000655,LEAD-000655,high
HS-000656,LEAD-000656,high
HS-000657,LEAD-000657,high
HS-000658,LEAD-000658,high
HS-000659,LEAD-000659,high
HS-000660,LEAD-000660,high
HS-000661,LEAD-000661,high
HS-000662,LEAD-000662,high
HS-000663,LEAD-000663,high
HS-000664,LEAD-000664,high
HS-000665,,low
HS-000666,LEAD-000666,high
HS-000667,LEAD-000667,high
HS-000668,,low
HS-000669,LEAD-000669,high
HS-000670,LEAD-000670,high
HS-000671,LEAD-000671,high
HS-000672,LEAD-000672,high
HS-000673,LEAD-000673,high
HS-000674,LEAD-000674,high
HS-000675,LEAD-000675,high
HS-000676,LEAD-000676,high
HS-000677,LEAD-000677,high
HS-000678,LEAD-000678,high
HS-000679,LEAD-000679,high
HS-000680,LEAD-000680,high
HS-000681,LEAD-000681,high
HS-000682,LEAD-000682,high
HS-000683,LEAD-000683,high
HS-000684,LEAD-000684,high
HS-000685,LEAD-000685,high
HS-000686,LEAD-000686,high
HS-000687,LEAD-000687,high
HS-000688,LEAD-000688,high
HS-000689,LEAD-000689,high
HS-000690,LEAD-000690,high
HS-000691,LEAD-000691,high
HS-000692,LEAD-000692,high
HS-000693,LEAD-000693,high
HS-000694,LEAD-000694,high
HS-000695,LEAD-000695,high
HS-000696,LEAD-000696,high
HS-000697,LEAD-000697,high
HS-000698,LEAD-000698,high
HS-000699,LEAD-000699,high
HS-000700,LEAD-000700,high
HS-000701,LEAD-000701,high
HS-000702,LEAD-000702,high
HS-000703,LEAD-000703,high
HS-000704,LEAD-000704,high
HS-000705,LEAD-000705,high
HS-000706,LEAD-000706,high
HS-000707,LEAD-000707,high
HS-000708,LEAD-000708,high
HS-000709,LEAD-000709,high
HS-000710,,low
HS-000711,,low
HS-000712,LEAD-000712,high
HS-000713,LEAD-000713,high
HS-000714,LEAD-000714,high
HS-000715,LEAD-000715,high
HS-000716,LEAD-000716,high
HS-000717,LEAD-000717,high
HS-000718,LEAD-000718,high
HS-000719,LEAD-000719,high
HS-000720,LEAD-000720,high
HS-000721,LEAD-000721,high
HS-000722,LEAD-000722,high
HS-000723,LEAD-000723,high
HS-000724,LEAD-000724,high
HS-000725,LEAD-000725,high
HS-000726,LEAD-000726,high
HS-000727,LEAD-000727,high
HS-000728,LEAD-000728,high
HS-000729,LEAD-000729,high
HS-000730,LEAD-000730,high
HS-000731,LEAD-000731,high
HS-000732,LEAD-000732,high
HS-000733,LEAD-000733,high
HS-000734,LEAD-000734,high
HS-000735,LEAD-000735,high
HS-000736,LEAD-000736,high
HS-000737,LEAD-000737,high
HS-000738,LEAD-000738,high
HS-000739,LEAD-000739,high
HS-000740,LEAD-000740,high
HS-000741,LEAD-000741,high
HS-000742,LEAD-000742,high
HS-000743,LEAD-000743,high
HS-000744,LEAD-000744,high
HS-000745,LEAD-000745,high
HS-000746,LEAD-000746,high
HS-000747,LEAD-000747,high
HS-000748,LEAD-000748,high
HS-000749,LEAD-000749,high
HS-000750,LEAD-000750,high
HS-000751,LEAD-000751,high
HS-000752,LEAD-000752,high
HS-000753,LEAD-000753,high
HS-000754,LEAD-000754,high
HS-000755,LEAD-000755,high
HS-000756,LEAD-000756,high
HS-000757,LEAD-000757,high
HS-000758,LEAD-000758,high
HS-000759,LEAD-000759,high
HS-000760,LEAD-000760,high
HS-000761,LEAD-000761,high
HS-000762,LEAD-000762,high
HS-000763,LEAD-000763,high
HS-000764,LEAD-000764,high
HS-000765,LEAD-000765,high
HS-000766,LEAD-000766,high
HS-000767,LEAD-000767,high
HS-000768,LEAD-000768,high
HS-000769,LEAD-000769,high
HS-000770,LEAD-000770,high
HS-000771,LEAD-000771,high
HS-000772,LEAD-000772,high
HS-000773,LEAD-000773,high
HS-000774,LEAD-000774,high
HS-000775,LEAD-000775,high
HS-000776,,low
HS-000777,LEAD-000777,high
HS-000778,LEAD-000778,high
HS-000779,LEAD-000779,high
HS-000780,LEAD-000780,high
HS-000781,LEAD-000781,high
HS-000782,,low
HS-000783,LEAD-000783,high
HS-000784,LEAD-000784,high
HS-000785,LEAD-000785,high
HS-000786,LEAD-000786,high
HS-000787,LEAD-000787,high
HS-000788,LEAD-000788,high
HS-000789,LEAD-000789,high
HS-000790,LEAD-000790,high
HS-000791,LEAD-000791,high
HS-000792,LEAD-000792,high
HS-000793,LEAD-000793,high
HS-000794,LEAD-000794,high
HS-000795,LEAD-000795,high
HS-000796,LEAD-000796,high
HS-000797,LEAD-000797,high
HS-000798,,low
HS-000799,LEAD-000799,high
HS-000800,LEAD-000800,high
HS-000801,LEAD-000801,high
HS-000802,LEAD-000802,high
HS-000803,LEAD-000803,high
HS-000804,,low
HS-000805,LEAD-000805,high
HS-000806,LEAD-000806,high
HS-000807,LEAD-000807,high
HS-000808,LEAD-000808,high
HS-000809,LEAD-000809,high
HS-000810,LEAD-000810,high
HS-000811,LEAD-000811,high
HS-000812,LEAD-000812,high
HS-000813,LEAD-000813,high
HS-000814,LEAD-000814,high
HS-000815,LEAD-000815,high
HS-000816,LEAD-000816,high
HS-000817,LEAD-000817,high
HS-000818,LEAD-000818,high
HS-000819,LEAD-000819,high
HS-000820,LEAD-000820,high
HS-000821,LEAD-000821,high
HS-000822,LEAD-000822,high
HS-000823,LEAD-000823,high
HS-000824,LEAD-000824,high
HS-000825,LEAD-000825,high
HS-000826,LEAD-000826,high
HS-000827,LEAD-000827,high
HS-000828,LEAD-000828,high
HS-000829,LEAD-000829,high
HS-000830,LEAD-000830,high
HS-000831,LEAD-000831,high
HS-000832,LEAD-000832,high
HS-000833,LEAD-000833,high
HS-000834,LEAD-000834,high
HS-000835,LEAD-000835,high
HS-000836,LEAD-000836,high
HS-000837,LEAD-000837,high
HS-000838,LEAD-000838,high
HS-000839,LEAD-000839,high
HS-000840,LEAD-000840,high
HS-000841,LEAD-000841,high
HS-000842,LEAD-000842,high
HS-000843,LEAD-000843,high
HS-000844,LEAD-000844,high
HS-000845,LEAD-000845,high
HS-000846,LEAD-000846,high
HS-000847,LEAD-000847,high
HS-000848,,low
HS-000849,LEAD-000849,high
HS-000850,LEAD-000850,high
HS-000851,LEAD-000851,high
HS-000852,LEAD-000852,high
HS-000853,LEAD-000853,high
HS-000854,LEAD-000854,high
HS-000855,LEAD-000855,high
HS-000856,LEAD-000856,high
HS-000857,,low
HS-000858,LEAD-000858,high
HS-000859,,low
HS-000860,LEAD-000860,high
HS-000861,LEAD-000861,high
HS-000862,LEAD-000862,high
HS-000863,LEAD-000863,high
HS-000864,LEAD-000864,high
HS-000865,LEAD-000865,high
HS-000866,LEAD-000866,high
HS-000867,LEAD-000867,high
HS-000868,LEAD-000868,high
HS-000869,LEAD-000869,high
HS-000870,,low
HS-000871,LEAD-000871,high
HS-000872,LEAD-000872,high
HS-000873,LEAD-000873,high
HS-000874,LEAD-000874,high
HS-000875,LEAD-000875,high
HS-000876,LEAD-000876,high
HS-000877,LEAD-000877,high
HS-000878,LEAD-000878,high
HS-000879,LEAD-000879,high
HS-000880,LEAD-000880,high
HS-000881,LEAD-000881,high
HS-000882,,low
HS-000883,,low
HS-000884,LEAD-000884,high
HS-000885,LEAD-000885,high
HS-000886,LEAD-000886,high
HS-000887,LEAD-000887,high
HS-000888,LEAD-000888,high
HS-000889,LEAD-000889,high
HS-000890,LEAD-000890,high
HS-000891,LEAD-000891,high
HS-000892,LEAD-000892,high
HS-000893,LEAD-000893,high
HS-000894,LEAD-000894,high
HS-000895,LEAD-000895,high
HS-000896,LEAD-000896,high
HS-000897,LEAD-000897,high
HS-000898,LEAD-000898,high
HS-000899,LEAD-000899,high
HS-000900,LEAD-000900,high
HS-000901,LEAD-000901,high
HS-000902,LEAD-000902,high
HS-000903,LEAD-000903,high
HS-000904,LEAD-000904,high
HS-000905,LEAD-000905,high
HS-000906,LEAD-000906,high
HS-000907,LEAD-000907,high
HS-000908,LEAD-000908,high
HS-000909,LEAD-000909,high
HS-000910,LEAD-000910,high
HS-000911,LEAD-000911,high
HS-000912,LEAD-000912,high
HS-000913,LEAD-000913,high
HS-000914,LEAD-000914,high
HS-000915,LEAD-000915,high
HS-000916,LEAD-000916,high
HS-000917,LEAD-000917,high
HS-000918,LEAD-000918,high
HS-000919,LEAD-000919,high
HS-000920,LEAD-000920,high
HS-000921,LEAD-000921,high
HS-000922,LEAD-000922,high
HS-000923,LEAD-000923,high
HS-000924,LEAD-000924,high
HS-000925,LEAD-000925,high
HS-000926,LEAD-000926,high
HS-000927,LEAD-000927,high
HS-000928,LEAD-000928,high
HS-000929,LEAD-000929,high
HS-000930,LEAD-000930,high
HS-000931,LEAD-000931,high
HS-000932,LEAD-000932,high
HS-000933,LEAD-000933,high
HS-000934,LEAD-000934,high
HS-000935,LEAD-000935,high
HS-000936,LEAD-000936,high
HS-000937,LEAD-000937,high
HS-000938,LEAD-000938,high
HS-000939,LEAD-000939,high
HS-000940,,low
HS-000941,LEAD-000941,high
HS-000942,LEAD-000942,high
HS-000943,LEAD-000943,high
HS-000944,LEAD-000944,high
HS-000945,LEAD-000945,high
HS-000946,LEAD-000946,high
HS-000947,LEAD-000947,high
HS-000948,LEAD-000948,high
HS-000949,,low
HS-000950,LEAD-000950,high
HS-000951,LEAD-000951,high
HS-000952,LEAD-000952,high
HS-000953,,low
HS-000954,LEAD-000954,high
HS-000955,LEAD-000955,high
HS-000956,LEAD-000956,high
HS-000957,,low
HS-000958,LEAD-000958,high
HS-000959,LEAD-000959,high
HS-000960,LEAD-000960,high
HS-000961,LEAD-000961,high
HS-000962,LEAD-000962,high
HS-000963,LEAD-000963,high
HS-000964,LEAD-000964,high
HS-000965,LEAD-000965,high
HS-000966,,low
HS-000967,LEAD-000967,high
HS-000968,LEAD-000968,high
HS-000969,LEAD-000969,high
HS-000970,LEAD-000970,high
HS-000971,LEAD-000971,high
HS-000972,LEAD-000972,high
HS-000973,LEAD-000973,high
HS-000974,,low
HS-000975,LEAD-000975,high
HS-000976,LEAD-000976,high
HS-000977,,low
HS-000978,LEAD-000978,high
HS-000979,,low
HS-000980,LEAD-000980,high
HS-000981,LEAD-000981,high
HS-000982,LEAD-000982,high
HS-000983,LEAD-000983,high
HS-000984,LEAD-000984,high
HS-000985,LEAD-000985,high
HS-000986,LEAD-000986,high
HS-000987,LEAD-000987,high
HS-000988,,low
HS-000989,LEAD-000989,high
HS-000990,,low
HS-000991,LEAD-000991,high
HS-000992,LEAD-000992,high
HS-000993,LEAD-000993,high
HS-000994,LEAD-000994,high
HS-000995,LEAD-000995,high
HS-000996,LEAD-000996,high
HS-000997,LEAD-000997,high
HS-000998,LEAD-000998,high
HS-000999,LEAD-000999,high
HS-001000,LEAD-001000,high
HS-001001,LEAD-001001,high
HS-001002,LEAD-001002,high
HS-001003,LEAD-001003,high
HS-001004,LEAD-001004,high
HS-001005,LEAD-001005,high
HS-001006,LEAD-001006,high
HS-001007,LEAD-001007,high
HS-001008,LEAD-001008,high
HS-001009,,low
HS-001010,LEAD-001010,high
HS-001011,LEAD-001011,high
HS-001012,LEAD-001012,high
HS-001013,LEAD-001013,high
HS-001014,LEAD-001014,high
HS-001015,LEAD-001015,high
HS-001016,LEAD-001016,high
HS-001017,LEAD-001017,high
HS-001018,LEAD-001018,high
HS-001019,,low
HS-001020,LEAD-001020,high
HS-001021,,low
HS-001022,LEAD-001022,high
HS-001023,LEAD-001023,high
HS-001024,LEAD-001024,high
HS-001025,LEAD-001025,high
HS-001026,,low
HS-001027,,low
HS-001028,LEAD-001028,high
HS-001029,,low
HS-001030,LEAD-001030,high
HS-001031,LEAD-001031,high
HS-001032,,low
HS-001033,LEAD-001033,high
HS-001034,LEAD-001034,high
HS-001035,LEAD-001035,high
HS-001036,LEAD-001036,high
HS-001037,LEAD-001037,high
HS-001038,LEAD-001038,high
HS-001039,,low
HS-001040,LEAD-001040,high
HS-001041,LEAD-001041,high
HS-001042,LEAD-001042,high
HS-001043,LEAD-001043,high
HS-001044,LEAD-001044,high
HS-001045,LEAD-001045,high
HS-001046,LEAD-001046,high
HS-001047,LEAD-001047,high
HS-001048,LEAD-001048,high
HS-001049,LEAD-001049,high
HS-001050,LEAD-001050,high
HS-001051,LEAD-001051,high
HS-001052,LEAD-001052,high
HS-001053,LEAD-001053,high
HS-001054,LEAD-001054,high
HS-001055,LEAD-001055,high
HS-001056,LEAD-001056,high
HS-001057,LEAD-001057,high
HS-001058,LEAD-001058,high
HS-001059,LEAD-001059,high
HS-001060,LEAD-001060,high
HS-001061,LEAD-001061,high
HS-001062,LEAD-001062,high
HS-001063,LEAD-001063,high
HS-001064,LEAD-001064,high
HS-001065,,low
HS-001066,,low
HS-001067,LEAD-001067,high
HS-001068,LEAD-001068,high
HS-001069,LEAD-001069,high
HS-001070,LEAD-001070,high
HS-001071,LEAD-001071,high
HS-001072,LEAD-001072,high
HS-001073,LEAD-001073,high
HS-001074,LEAD-001074,high
HS-001075,,low
HS-001076,LEAD-001076,high
HS-001077,,low
HS-001078,LEAD-001078,high
HS-001079,LEAD-001079,high
HS-001080,LEAD-001080,high
HS-001081,LEAD-001081,high
HS-001082,LEAD-001082,high
HS-001083,LEAD-001083,high
HS-001084,LEAD-001084,high
HS-001085,LEAD-001085,high
HS-001086,LEAD-001086,high
HS-001087,LEAD-001087,high
HS-001088,LEAD-001088,high
HS-001089,LEAD-001089,high
HS-001090,LEAD-001090,high
HS-001091,,low
HS-001092,LEAD-001092,high
HS-001093,LEAD-001093,high
HS-001094,LEAD-001094,high
HS-001095,LEAD-001095,high
HS-001096,LEAD-001096,high
HS-001097,LEAD-001097,high
HS-001098,LEAD-001098,high
HS-001099,LEAD-001099,high
HS-001100,LEAD-001100,high
HS-001101,LEAD-001101,high
HS-001102,LEAD-001102,high
HS-001103,LEAD-001103,high
HS-001104,LEAD-001104,high
HS-001105,LEAD-001105,high
HS-001106,LEAD-001106,high
HS-001107,LEAD-001107,high
HS-001108,LEAD-001108,high
HS-001109,LEAD-001109,high
HS-001110,LEAD-001110,high
HS-001111,LEAD-001111,high
HS-001112,LEAD-001112,high
HS-001113,LEAD-001113,high
HS-001114,LEAD-001114,high
HS-001115,LEAD-001115,high
HS-001116,LEAD-001116,high
HS-001117,LEAD-001117,high
HS-001118,LEAD-001118,high
HS-001119,LEAD-001119,high
HS-001120,LEAD-001120,high
HS-001121,LEAD-001121,high
HS-001122,LEAD-001122,high
HS-001123,LEAD-001123,high
HS-001124,LEAD-001124,high
HS-001125,LEAD-001125,high
HS-001126,LEAD-001126,high
HS-001127,LEAD-001127,high
HS-001128,LEAD-001128,high
HS-001129,LEAD-001129,high
HS-001130,LEAD-001130,high
HS-001131,LEAD-001131,high
HS-001132,LEAD-001132,high
HS-001133,LEAD-001133,high
HS-001134,LEAD-001134,high
HS-001135,LEAD-001135,high
HS-001136,LEAD-001136,high
HS-001137,LEAD-001137,high
HS-001138,LEAD-001138,high
HS-001139,LEAD-001139,high
HS-001140,LEAD-001140,high
HS-001141,LEAD-001141,high
HS-001142,LEAD-001142,high
HS-001143,LEAD-001143,high
HS-001144,LEAD-001144,high
HS-001145,LEAD-001145,high
HS-001146,LEAD-001146,high
HS-001147,LEAD-001147,high
HS-001148,LEAD-001148,high
HS-001149,LEAD-001149,high
HS-001150,LEAD-001150,high
HS-001151,LEAD-001151,high
HS-001152,LEAD-001152,high
HS-001153,,low
HS-001154,LEAD-001154,high
HS-001155,LEAD-001155,high
HS-001156,,low
HS-001157,LEAD-001157,high
HS-001158,LEAD-001158,high
HS-001159,LEAD-001159,high
HS-001160,LEAD-001160,high
HS-001161,LEAD-001161,high
HS-001162,LEAD-001162,high
HS-001163,LEAD-001163,high
HS-001164,LEAD-001164,high
HS-001165,LEAD-001165,high
HS-001166,LEAD-001166,high
HS-001167,LEAD-001167,high
HS-001168,LEAD-001168,high
HS-001169,LEAD-001169,high
HS-001170,LEAD-001170,high
HS-001171,LEAD-001171,high
HS-001172,LEAD-001172,high
HS-001173,LEAD-001173,high
HS-001174,LEAD-001174,high
HS-001175,,low
HS-001176,LEAD-001176,high
HS-001177,LEAD-001177,high
HS-001178,LEAD-001178,high
HS-001179,LEAD-001179,high
HS-001180,LEAD-001180,high
HS-001181,LEAD-001181,high
HS-001182,LEAD-001182,high
HS-001183,LEAD-001183,high
HS-001184,LEAD-001184,high
HS-001185,LEAD-001185,high
HS-001186,LEAD-001186,high
HS-001187,LEAD-001187,high
HS-001188,LEAD-001188,high
HS-001189,LEAD-001189,high
HS-001190,LEAD-001190,high
HS-001191,LEAD-001191,high
HS-001192,LEAD-001192,high
HS-001193,LEAD-001193,high
HS-001194,LEAD-001194,high
HS-001195,LEAD-001195,high
HS-001196,,low
HS-001197,LEAD-001197,high
HS-001198,LEAD-001198,high
HS-001199,LEAD-001199,high
HS-001200,LEAD-001200,high
HS-001201,LEAD-001201,high
HS-001202,LEAD-001202,high
HS-001203,LEAD-001203,high
HS-001204,,low
HS-001205,LEAD-001205,high
HS-001206,LEAD-001206,high
HS-001207,LEAD-001207,high
HS-001208,LEAD-001208,high
HS-001209,LEAD-001209,high
HS-001210,LEAD-001210,high
HS-001211,LEAD-001211,high
HS-001212,LEAD-001212,high
HS-001213,LEAD-001213,high
HS-001214,,low
HS-001215,,low
HS-001216,LEAD-001216,high
HS-001217,LEAD-001217,high
HS-001218,,low
HS-001219,LEAD-001219,high
HS-001220,LEAD-001220,high
HS-001221,LEAD-001221,high
HS-001222,LEAD-001222,high
HS-001223,LEAD-001223,high
HS-001224,LEAD-001224,high
HS-001225,LEAD-001225,high
HS-001226,LEAD-001226,high
HS-001227,LEAD-001227,high
HS-001228,LEAD-001228,high
HS-001229,,low
HS-001230,LEAD-001230,high
HS-001231,LEAD-001231,high
HS-001232,LEAD-001232,high
HS-001233,LEAD-001233,high
HS-001234,,low
HS-001235,,low
HS-001236,LEAD-001236,high
HS-001237,LEAD-001237,high
HS-001238,LEAD-001238,high
HS-001239,LEAD-001239,high
HS-001240,LEAD-001240,high
HS-001241,,low
HS-001242,LEAD-001242,high
HS-001243,,low
HS-001244,LEAD-001244,high
HS-001245,LEAD-001245,high
HS-001246,LEAD-001246,high
HS-001247,LEAD-001247,high
HS-001248,LEAD-001248,high
HS-001249,LEAD-001249,high
HS-001250,LEAD-001250,high
HS-001251,LEAD-001251,high
HS-001252,LEAD-001252,high
HS-001253,LEAD-001253,high
HS-001254,,low
HS-001255,LEAD-001255,high
HS-001256,LEAD-001256,high
HS-001257,LEAD-001257,high
HS-001258,LEAD-001258,high
HS-001259,,low
HS-001260,LEAD-001260,high
HS-001261,LEAD-001261,high
HS-001262,LEAD-001262,high
HS-001263,LEAD-001263,high
HS-001264,,low
HS-001265,LEAD-001265,high
HS-001266,LEAD-001266,high
HS-001267,LEAD-001267,high
HS-001268,LEAD-001268,high
HS-001269,LEAD-001269,high
HS-001270,LEAD-001270,high
HS-001271,LEAD-001271,high
HS-001272,LEAD-001272,high
HS-001273,LEAD-001273,high
HS-001274,LEAD-001274,high
HS-001275,LEAD-001275,high
HS-001276,LEAD-001276,high
HS-001277,,low
HS-001278,LEAD-001278,high
HS-001279,LEAD-001279,high
HS-001280,LEAD-001280,high
HS-001281,LEAD-001281,high
HS-001282,LEAD-001282,high
HS-001283,LEAD-001283,high
HS-001284,LEAD-001284,high
HS-001285,LEAD-001285,high
HS-001286,LEAD-001286,high
HS-001287,LEAD-001287,high
HS-001288,LEAD-001288,high
HS-001289,LEAD-001289,high
HS-001290,LEAD-001290,high
HS-001291,LEAD-001291,high
HS-001292,LEAD-001292,high
HS-001293,,low
HS-001294,,low
HS-001295,LEAD-001295,high
HS-001296,LEAD-001296,high
HS-001297,LEAD-001297,high
HS-001298,LEAD-001298,high
HS-001299,LEAD-001299,high
HS-001300,LEAD-001300,high
HS-001301,LEAD-001301,high
HS-001302,LEAD-001302,high
HS-001303,LEAD-001303,high
HS-001304,,low
HS-001305,LEAD-001305,high
HS-001306,LEAD-001306,high
HS-001307,LEAD-001307,high
HS-001308,LEAD-001308,high
HS-001309,LEAD-001309,high
HS-001310,LEAD-001310,high
HS-001311,LEAD-001311,high
HS-001312,LEAD-001312,high
HS-001313,LEAD-001313,high
HS-001314,,low
HS-001315,LEAD-001315,high
HS-001316,LEAD-001316,high
HS-001317,LEAD-001317,high
HS-001318,LEAD-001318,high
HS-001319,LEAD-001319,high
HS-001320,LEAD-001320,high
HS-001321,LEAD-001321,high
HS-001322,LEAD-001322,high
HS-001323,LEAD-001323,high
HS-001324,LEAD-001324,high
HS-001325,LEAD-001325,high
HS-001326,LEAD-001326,high
HS-001327,LEAD-001327,high
HS-001328,LEAD-001328,high
HS-001329,LEAD-001329,high
HS-001330,LEAD-001330,high
HS-001331,LEAD-001331,high
HS-001332,LEAD-001332,high
HS-001333,LEAD-001333,high
HS-001334,LEAD-001334,high
HS-001335,LEAD-001335,high
HS-001336,LEAD-001336,high
HS-001337,LEAD-001337,high
HS-001338,LEAD-001338,high
HS-001339,LEAD-001339,high
HS-001340,LEAD-001340,high
HS-001341,LEAD-001341,high
HS-001342,LEAD-001342,high
HS-001343,LEAD-001343,high
HS-001344,LEAD-001344,high
HS-001345,LEAD-001345,high
HS-001346,LEAD-001346,high
HS-001347,LEAD-001347,high
HS-001348,LEAD-001348,high
HS-001349,LEAD-001349,high
HS-001350,LEAD-001350,high
HS-001351,,low
HS-001352,LEAD-001352,high
HS-001353,LEAD-001353,high
HS-001354,LEAD-001354,high
HS-001355,LEAD-001355,high
HS-001356,,low
HS-001357,LEAD-001357,high
HS-001358,LEAD-001358,high
HS-001359,LEAD-001359,high
HS-001360,LEAD-001360,high
HS-001361,LEAD-001361,high
HS-001362,LEAD-001362,high
HS-001363,LEAD-001363,high
HS-001364,,low
HS-001365,LEAD-001365,high
HS-001366,LEAD-001366,high
HS-001367,,low
HS-001368,LEAD-001368,high
HS-001369,LEAD-001369,high
HS-001370,LEAD-001370,high
HS-001371,LEAD-001371,high
HS-001372,LEAD-001372,high
HS-001373,LEAD-001373,high
HS-001374,LEAD-001374,high
HS-001375,,low
HS-001376,LEAD-001376,high
HS-001377,,low
HS-001378,LEAD-001378,high
HS-001379,LEAD-001379,high
HS-001380,LEAD-001380,high
HS-001381,LEAD-001381,high
HS-001382,LEAD-001382,high
HS-001383,LEAD-001383,high
HS-001384,LEAD-001384,high
HS-001385,LEAD-001385,high
HS-001386,LEAD-001386,high
HS-001387,LEAD-001387,high
HS-001388,LEAD-001388,high
HS-001389,LEAD-001389,high
HS-001390,LEAD-001390,high
HS-001391,,low
HS-001392,LEAD-001392,high
HS-001393,LEAD-001393,high
HS-001394,LEAD-001394,high
HS-001395,LEAD-001395,high
HS-001396,LEAD-001396,high
HS-001397,LEAD-001397,high
HS-001398,LEAD-001398,high
HS-001399,LEAD-001399,high
HS-001400,LEAD-001400,high
HS-001401,LEAD-001401,high
HS-001402,LEAD-001402,high
HS-001403,LEAD-001403,high
HS-001404,LEAD-001404,high
HS-001405,LEAD-001405,high
HS-001406,LEAD-001406,high
HS-001407,LEAD-001407,high
HS-001408,LEAD-001408,high
HS-001409,LEAD-001409,high
HS-001410,LEAD-001410,high
HS-001411,LEAD-001411,high
HS-001412,LEAD-001412,high
HS-001413,LEAD-001413,high
HS-001414,,low
HS-001415,LEAD-001415,high
HS-001416,LEAD-001416,high
HS-001417,LEAD-001417,high
HS-001418,LEAD-001418,high
HS-001419,LEAD-001419,high
HS-001420,,low
HS-001421,LEAD-001421,high
HS-001422,LEAD-001422,high
HS-001423,LEAD-001423,high
HS-001424,LEAD-001424,high
HS-001425,LEAD-001425,high
HS-001426,LEAD-001426,high
HS-001427,LEAD-001427,high
HS-001428,LEAD-001428,high
HS-001429,LEAD-001429,high
HS-001430,LEAD-001430,high
HS-001431,LEAD-001431,high
HS-001432,LEAD-001432,high
HS-001433,LEAD-001433,high
HS-001434,LEAD-001434,high
HS-001435,LEAD-001435,high
HS-001436,LEAD-001436,high
HS-001437,LEAD-001437,high
HS-001438,LEAD-001438,high
HS-001439,LEAD-001439,high
HS-001440,LEAD-001440,high
HS-001441,LEAD-001441,high
HS-001442,LEAD-001442,high
HS-001443,LEAD-001443,high
HS-001444,LEAD-001444,high
HS-001445,LEAD-001445,high
HS-001446,LEAD-001446,high
HS-001447,LEAD-001447,high
HS-001448,LEAD-001448,high
HS-001449,LEAD-001449,high
HS-001450,LEAD-001450,high
HS-001451,LEAD-001451,high
HS-001452,LEAD-001452,high
HS-001453,LEAD-001453,high
HS-001454,LEAD-001454,high
HS-001455,LEAD-001455,high
HS-001456,LEAD-001456,high
HS-001457,LEAD-001457,high
HS-001458,LEAD-001458,high
HS-001459,LEAD-001459,high
HS-001460,LEAD-001460,high
HS-001461,LEAD-001461,high
HS-001462,LEAD-001462,high
HS-001463,LEAD-001463,high
HS-001464,LEAD-001464,high
HS-001465,LEAD-001465,high
HS-001466,LEAD-001466,high
HS-001467,LEAD-001467,high
HS-001468,LEAD-001468,high
HS-001469,LEAD-001469,high
HS-001470,LEAD-001470,high
HS-001471,LEAD-001471,high
HS-001472,LEAD-001472,high
HS-001473,LEAD-001473,high
HS-001474,LEAD-001474,high
HS-001475,LEAD-001475,high
HS-001476,LEAD-001476,high
HS-001477,LEAD-001477,high
HS-001478,LEAD-001478,high
HS-001479,LEAD-001479,high
HS-001480,LEAD-001480,high
HS-001481,LEAD-001481,high
HS-001482,LEAD-001482,high
HS-001483,,low
HS-001484,LEAD-001484,high
HS-001485,LEAD-001485,high
HS-001486,LEAD-001486,high
HS-001487,LEAD-001487,high
HS-001488,LEAD-001488,high
HS-001489,LEAD-001489,high
HS-001490,,low
HS-001491,LEAD-001491,high
HS-001492,LEAD-001492,high
HS-001493,LEAD-001493,high
HS-001494,LEAD-001494,high
HS-001495,LEAD-001495,high
HS-001496,LEAD-001496,high
HS-001497,LEAD-001497,high
HS-001498,LEAD-001498,high
HS-001499,LEAD-001499,high
HS-001500,LEAD-001500,high
HS-001501,LEAD-001501,high
HS-001502,LEAD-001502,high
HS-001503,,low
HS-001504,LEAD-001504,high
HS-001505,LEAD-001505,high
HS-001506,LEAD-001506,high
HS-001507,LEAD-001507,high
HS-001508,LEAD-001508,high
HS-001509,LEAD-001509,high
HS-001510,,low
HS-001511,LEAD-001511,high
HS-001512,LEAD-001512,high
HS-001513,LEAD-001513,high
HS-001514,LEAD-001514,high
HS-001515,LEAD-001515,high
HS-001516,LEAD-001516,high
HS-001517,LEAD-001517,high
HS-001518,LEAD-001518,high
HS-001519,LEAD-001519,high
HS-001520,LEAD-001520,high
HS-001521,LEAD-001521,high
HS-001522,LEAD-001522,high
HS-001523,LEAD-001523,high
HS-001524,LEAD-001524,high
HS-001525,LEAD-001525,high
HS-001526,,low
HS-001527,LEAD-001527,high
HS-001528,,low
HS-001529,LEAD-001529,high
HS-001530,LEAD-001530,high
HS-001531,LEAD-001531,high
HS-001532,,low
HS-001533,LEAD-001533,high
HS-001534,LEAD-001534,high
HS-001535,LEAD-001535,high
HS-001536,LEAD-001536,high
HS-001537,LEAD-001537,high
HS-001538,,low
HS-001539,LEAD-001539,high
HS-001540,LEAD-001540,high
HS-001541,LEAD-001541,high
HS-001542,LEAD-001542,high
HS-001543,LEAD-001543,high
HS-001544,LEAD-001544,high
HS-001545,LEAD-001545,high
HS-001546,LEAD-001546,high
HS-001547,LEAD-001547,high
HS-001548,LEAD-001548,high
HS-001549,LEAD-001549,high
HS-001550,LEAD-001550,high
HS-001551,LEAD-001551,high
HS-001552,LEAD-001552,high
HS-001553,LEAD-001553,high
HS-001554,LEAD-001554,high
HS-001555,LEAD-001555,high
HS-001556,LEAD-001556,high
HS-001557,LEAD-001557,high
HS-001558,LEAD-001558,high
HS-001559,LEAD-001559,high
HS-001560,LEAD-001560,high
HS-001561,LEAD-001561,high
HS-001562,LEAD-001562,high
HS-001563,LEAD-001563,high
HS-001564,LEAD-001564,high
HS-001565,LEAD-001565,high
HS-001566,LEAD-001566,high
HS-001567,LEAD-001567,high
HS-001568,LEAD-001568,high
HS-001569,LEAD-001569,high
HS-001570,LEAD-001570,high
HS-001571,,low
HS-001572,LEAD-001572,high
HS-001573,LEAD-001573,high
HS-001574,LEAD-001574,high
HS-001575,LEAD-001575,high
HS-001576,LEAD-001576,high
HS-001577,LEAD-001577,high
HS-001578,LEAD-001578,high
HS-001579,LEAD-001579,high
HS-001580,LEAD-001580,high
HS-001581,LEAD-001581,high
HS-001582,LEAD-001582,high
HS-001583,LEAD-001583,high
HS-001584,LEAD-001584,high
HS-001585,LEAD-001585,high
HS-001586,LEAD-001586,high
HS-001587,LEAD-001587,high
HS-001588,LEAD-001588,high
HS-001589,LEAD-001589,high
HS-001590,LEAD-001590,high
HS-001591,LEAD-001591,high
HS-001592,LEAD-001592,high
HS-001593,LEAD-001593,high
HS-001594,LEAD-001594,high
HS-001595,LEAD-001595,high
HS-001596,LEAD-001596,high
HS-001597,,low
HS-001598,LEAD-001598,high
HS-001599,LEAD-001599,high
HS-001600,LEAD-001600,high
HS-001601,LEAD-001601,high
HS-001602,LEAD-001602,high
HS-001603,LEAD-001603,high
HS-001604,LEAD-001604,high
HS-001605,,low
HS-001606,,low
HS-001607,LEAD-001607,high
HS-001608,LEAD-001608,high
HS-001609,LEAD-001609,high
HS-001610,LEAD-001610,high
HS-001611,LEAD-001611,high
HS-001612,LEAD-001612,high
HS-001613,LEAD-001613,high
HS-001614,LEAD-001614,high
HS-001615,LEAD-001615,high
HS-001616,LEAD-001616,high
HS-001617,LEAD-001617,high
HS-001618,LEAD-001618,high
HS-001619,LEAD-001619,high
HS-001620,LEAD-001620,high
HS-001621,LEAD-001621,high
HS-001622,LEAD-001622,high
HS-001623,LEAD-001623,high
HS-001624,LEAD-001624,high
HS-001625,LEAD-001625,high
HS-001626,LEAD-001626,high
HS-001627,LEAD-001627,high
HS-001628,LEAD-001628,high
HS-001629,LEAD-001629,high
HS-001630,LEAD-001630,high
HS-001631,LEAD-001631,high
HS-001632,LEAD-001632,high
HS-001633,LEAD-001633,high
HS-001634,LEAD-001634,high
HS-001635,LEAD-001635,high
HS-001636,LEAD-001636,high
HS-001637,LEAD-001637,high
HS-001638,LEAD-001638,high
HS-001639,LEAD-001639,high
HS-001640,LEAD-001640,high
HS-001641,,low
HS-001642,LEAD-001642,high
HS-001643,LEAD-001643,high
HS-001644,LEAD-001644,high
HS-001645,LEAD-001645,high
HS-001646,LEAD-001646,high
HS-001647,LEAD-001647,high
HS-001648,,low
HS-001649,LEAD-001649,high
HS-001650,,low
HS-001651,,low
HS-001652,LEAD-001652,high
HS-001653,LEAD-001653,high
HS-001654,LEAD-001654,high
HS-001655,LEAD-001655,high
HS-001656,LEAD-001656,high
HS-001657,LEAD-001657,high
HS-001658,LEAD-001658,high
HS-001659,LEAD-001659,high
HS-001660,LEAD-001660,high
HS-001661,,low
HS-001662,LEAD-001662,high
HS-001663,LEAD-001663,high
HS-001664,LEAD-001664,high
HS-001665,LEAD-001665,high
HS-001666,LEAD-001666,high
HS-001667,LEAD-001667,high
HS-001668,LEAD-001668,high
HS-001669,LEAD-001669,high
HS-001670,LEAD-001670,high
HS-001671,LEAD-001671,high
HS-001672,LEAD-001672,high
HS-001673,LEAD-001673,high
HS-001674,LEAD-001674,high
HS-001675,LEAD-001675,high
HS-001676,LEAD-001676,high
HS-001677,LEAD-001677,high
HS-001678,LEAD-001678,high
HS-001679,LEAD-001679,high
HS-001680,LEAD-001680,high
HS-001681,LEAD-001681,high
HS-001682,LEAD-001682,high
HS-001683,LEAD-001683,high
HS-001684,,low
HS-001685,LEAD-001685,high
HS-001686,LEAD-001686,high
HS-001687,LEAD-001687,high
HS-001688,LEAD-001688,high
HS-001689,LEAD-001689,high
HS-001690,LEAD-001690,high
HS-001691,LEAD-001691,high
HS-001692,LEAD-001692,high
HS-001693,LEAD-001693,high
HS-001694,LEAD-001694,high
HS-001695,LEAD-001695,high
HS-001696,LEAD-001696,high
HS-001697,LEAD-001697,high
HS-001698,LEAD-001698,high
HS-001699,LEAD-001699,high
HS-001700,LEAD-001700,high
HS-001701,LEAD-001701,high
HS-001702,LEAD-001702,high
HS-001703,LEAD-001703,high
HS-001704,LEAD-001704,high
HS-001705,LEAD-001705,high
HS-001706,LEAD-001706,high
HS-001707,LEAD-001707,high
HS-001708,LEAD-001708,high
HS-001709,LEAD-001709,high
HS-001710,LEAD-001710,high
HS-001711,LEAD-001711,high
HS-001712,LEAD-001712,high
HS-001713,LEAD-001713,high
HS-001714,LEAD-001714,high
HS-001715,LEAD-001715,high
HS-001716,LEAD-001716,high
HS-001717,LEAD-001717,high
HS-001718,LEAD-001718,high
HS-001719,LEAD-001719,high
HS-001720,LEAD-001720,high
HS-001721,LEAD-001721,high
HS-001722,LEAD-001722,high
HS-001723,LEAD-001723,high
HS-001724,LEAD-001724,high
HS-001725,LEAD-001725,high
HS-001726,LEAD-001726,high
HS-001727,LEAD-001727,high
HS-001728,LEAD-001728,high
HS-001729,LEAD-001729,high
HS-001730,LEAD-001730,high
HS-001731,LEAD-001731,high
HS-001732,LEAD-001732,high
HS-001733,LEAD-001733,high
HS-001734,LEAD-001734,high
HS-001735,,low
HS-001736,LEAD-001736,high
HS-001737,LEAD-001737,high
HS-001738,LEAD-001738,high
HS-001739,LEAD-001739,high
HS-001740,LEAD-001740,high
HS-001741,LEAD-001741,high
HS-001742,LEAD-001742,high
HS-001743,LEAD-001743,high
HS-001744,LEAD-001744,high
HS-001745,LEAD-001745,high
HS-001746,LEAD-001746,high
HS-001747,LEAD-001747,high
HS-001748,LEAD-001748,high
HS-001749,LEAD-001749,high
HS-001750,LEAD-001750,high
HS-001751,LEAD-001751,high
HS-001752,LEAD-001752,high
HS-001753,LEAD-001753,high
HS-001754,LEAD-001754,high
HS-001755,,low
HS-001756,LEAD-001756,high
HS-001757,LEAD-001757,high
HS-001758,LEAD-001758,high
HS-001759,LEAD-001759,high
HS-001760,LEAD-001760,high
HS-001761,LEAD-001761,high
HS-001762,LEAD-001762,high
HS-001763,LEAD-001763,high
HS-001764,LEAD-001764,high
HS-001765,LEAD-001765,high
HS-001766,LEAD-001766,high
HS-001767,LEAD-001767,high
HS-001768,LEAD-001768,high
HS-001769,LEAD-001769,high
HS-001770,LEAD-001770,high
HS-001771,LEAD-001771,high
HS-001772,LEAD-001772,high
HS-001773,LEAD-001773,high
HS-001774,LEAD-001774,high
HS-001775,LEAD-001775,high
HS-001776,LEAD-001776,high
HS-001777,LEAD-001777,high
HS-001778,LEAD-001778,high
HS-001779,LEAD-001779,high
HS-001780,,low
HS-001781,LEAD-001781,high
HS-001782,LEAD-001782,high
HS-001783,LEAD-001783,high
HS-001784,LEAD-001784,high
HS-001785,LEAD-001785,high
HS-001786,LEAD-001786,high
HS-001787,,low
HS-001788,LEAD-001788,high
HS-001789,LEAD-001789,high
HS-001790,LEAD-001790,high
HS-001791,LEAD-001791,high
HS-001792,LEAD-001792,high
HS-001793,LEAD-001793,high
HS-001794,LEAD-001794,high
HS-001795,LEAD-001795,high
HS-001796,LEAD-001796,high
HS-001797,LEAD-001797,high
HS-001798,LEAD-001798,high
HS-001799,LEAD-001799,high
HS-001800,LEAD-001800,high
HS-001801,LEAD-001801,high
HS-001802,LEAD-001802,high
HS-001803,LEAD-001803,high
HS-001804,LEAD-001804,high
HS-001805,LEAD-001805,high
HS-001806,LEAD-001806,high
HS-001807,LEAD-001807,high
HS-001808,LEAD-001808,high
HS-001809,LEAD-001809,high
HS-001810,,low
HS-001811,LEAD-001811,high
HS-001812,LEAD-001812,high
HS-001813,LEAD-001813,high
HS-001814,LEAD-001814,high
HS-001815,LEAD-001815,high
HS-001816,LEAD-001816,high
HS-001817,LEAD-001817,high
HS-001818,LEAD-001818,high
HS-001819,LEAD-001819,high
HS-001820,,low
HS-001821,LEAD-001821,high
HS-001822,,low
HS-001823,LEAD-001823,high
HS-001824,LEAD-001824,high
HS-001825,LEAD-001825,high
HS-001826,LEAD-001826,high
HS-001827,LEAD-001827,high
HS-001828,LEAD-001828,high
HS-001829,LEAD-001829,high
HS-001830,LEAD-001830,high
HS-001831,LEAD-001831,high
HS-001832,LEAD-001832,high
HS-001833,LEAD-001833,high
HS-001834,LEAD-001834,high
HS-001835,LEAD-001835,high
HS-001836,LEAD-001836,high
HS-001837,LEAD-001837,high
HS-001838,LEAD-001838,high
HS-001839,LEAD-001839,high
HS-001840,LEAD-001840,high
HS-001841,LEAD-001841,high
HS-001842,LEAD-001842,high
HS-001843,LEAD-001843,high
HS-001844,,low
HS-001845,LEAD-001845,high
HS-001846,LEAD-001846,high
HS-001847,LEAD-001847,high
HS-001848,LEAD-001848,high
HS-001849,LEAD-001849,high
HS-001850,LEAD-001850,high
HS-001851,LEAD-001851,high
HS-001852,LEAD-001852,high
HS-001853,LEAD-001853,high
HS-001854,LEAD-001854,high
HS-001855,LEAD-001855,high
HS-001856,LEAD-001856,high
HS-001857,LEAD-001857,high
HS-001858,LEAD-001858,high
HS-001859,LEAD-001859,high
HS-001860,LEAD-001860,high
HS-001861,LEAD-001861,high
HS-001862,LEAD-001862,high
HS-001863,LEAD-001863,high
HS-001864,LEAD-001864,high
HS-001865,LEAD-001865,high
HS-001866,LEAD-001866,high
HS-001867,LEAD-001867,high
HS-001868,LEAD-001868,high
HS-001869,LEAD-001869,high
HS-001870,LEAD-001870,high
HS-001871,LEAD-001871,high
HS-001872,LEAD-001872,high
HS-001873,LEAD-001873,high
HS-001874,LEAD-001874,high
HS-001875,LEAD-001875,high
HS-001876,LEAD-001876,high
HS-001877,LEAD-001877,high
HS-001878,LEAD-001878,high
HS-001879,LEAD-001879,high
HS-001880,LEAD-001880,high
HS-001881,LEAD-001881,high
HS-001882,LEAD-001882,high
HS-001883,LEAD-001883,high
HS-001884,LEAD-001884,high
HS-001885,LEAD-001885,high
HS-001886,,low
HS-001887,LEAD-001887,high
HS-001888,,low
HS-001889,LEAD-001889,high
HS-001890,LEAD-001890,high
HS-001891,LEAD-001891,high
HS-001892,LEAD-001892,high
HS-001893,LEAD-001893,high
HS-001894,LEAD-001894,high
HS-001895,LEAD-001895,high
HS-001896,LEAD-001896,high
HS-001897,LEAD-001897,high
HS-001898,LEAD-001898,high
HS-001899,LEAD-001899,high
HS-001900,LEAD-001900,high
HS-001901,,low
HS-001902,LEAD-001902,high
HS-001903,LEAD-001903,high
HS-001904,LEAD-001904,high
HS-001905,LEAD-001905,high
HS-001906,LEAD-001906,high
HS-001907,LEAD-001907,high
HS-001908,LEAD-001908,high
HS-001909,LEAD-001909,high
HS-001910,LEAD-001910,high
HS-001911,LEAD-001911,high
HS-001912,LEAD-001912,high
HS-001913,LEAD-001913,high
HS-001914,LEAD-001914,high
HS-001915,LEAD-001915,high
HS-001916,LEAD-001916,high
HS-001917,LEAD-001917,high
HS-001918,,low
HS-001919,,low
HS-001920,LEAD-001920,high
HS-001921,LEAD-001921,high
HS-001922,LEAD-001922,high
HS-001923,LEAD-001923,high
HS-001924,LEAD-001924,high
HS-001925,LEAD-001925,high
HS-001926,,low
HS-001927,LEAD-001927,high
HS-001928,,low
HS-001929,LEAD-001929,high
HS-001930,LEAD-001930,high
HS-001931,LEAD-001931,high
HS-001932,,low
HS-001933,LEAD-001933,high
HS-001934,LEAD-001934,high
HS-001935,LEAD-001935,high
HS-001936,LEAD-001936,high
HS-001937,LEAD-001937,high
HS-001938,LEAD-001938,high
HS-001939,LEAD-001939,high
HS-001940,LEAD-001940,high
HS-001941,LEAD-001941,high
HS-001942,LEAD-001942,high
HS-001943,LEAD-001943,high
HS-001944,,low
HS-001945,LEAD-001945,high
HS-001946,LEAD-001946,high
HS-001947,LEAD-001947,high
HS-001948,LEAD-001948,high
HS-001949,LEAD-001949,high
HS-001950,LEAD-001950,high
HS-001951,LEAD-001951,high
HS-001952,LEAD-001952,high
HS-001953,LEAD-001953,high
HS-001954,LEAD-001954,high
HS-001955,LEAD-001955,high
HS-001956,LEAD-001956,high
HS-001957,,low
HS-001958,LEAD-001958,high
HS-001959,LEAD-001959,high
HS-001960,,low
HS-001961,LEAD-001961,high
HS-001962,LEAD-001962,high
HS-001963,LEAD-001963,high
HS-001964,LEAD-001964,high
HS-001965,LEAD-001965,high
HS-001966,LEAD-001966,high
HS-001967,LEAD-001967,high
HS-001968,LEAD-001968,high
HS-001969,LEAD-001969,high
HS-001970,,low
HS-001971,LEAD-001971,high
HS-001972,LEAD-001972,high
HS-001973,LEAD-001973,high
HS-001974,LEAD-001974,high
HS-001975,LEAD-001975,high
HS-001976,LEAD-001976,high
HS-001977,LEAD-001977,high
HS-001978,LEAD-001978,high
HS-001979,LEAD-001979,high
HS-001980,LEAD-001980,high
HS-001981,LEAD-001981,high
HS-001982,LEAD-001982,high
HS-001983,LEAD-001983,high
HS-001984,LEAD-001984,high
HS-001985,LEAD-001985,high
HS-001986,LEAD-001986,high
HS-001987,LEAD-001987,high
HS-001988,LEAD-001988,high
HS-001989,LEAD-001989,high
HS-001990,LEAD-001990,high
HS-001991,LEAD-001991,high
HS-001992,LEAD-001992,high
HS-001993,LEAD-001993,high
HS-001994,LEAD-001994,high
HS-001995,LEAD-001995,high
HS-001996,LEAD-001996,high
HS-001997,LEAD-001997,high
HS-001998,LEAD-001998,high
HS-001999,,low
HS-002000,LEAD-002000,high
HS-002001,LEAD-002001,high
HS-002002,LEAD-002002,high
HS-002003,LEAD-002003,high
HS-002004,LEAD-002004,high
HS-002005,,low
HS-002006,LEAD-002006,high
HS-002007,LEAD-002007,high
HS-002008,LEAD-002008,high
HS-002009,LEAD-002009,high
HS-002010,LEAD-002010,high
HS-002011,LEAD-002011,high
HS-002012,LEAD-002012,high
HS-002013,LEAD-002013,high
HS-002014,LEAD-002014,high
HS-002015,LEAD-002015,high
HS-002016,LEAD-002016,high
HS-002017,LEAD-002017,high
HS-002018,LEAD-002018,high
HS-002019,,low
HS-002020,LEAD-002020,high
HS-002021,LEAD-002021,high
HS-002022,,low
HS-002023,LEAD-002023,high
HS-002024,LEAD-002024,high
HS-002025,LEAD-002025,high
HS-002026,LEAD-002026,high
HS-002027,LEAD-002027,high
HS-002028,LEAD-002028,high
HS-002029,LEAD-002029,high
HS-002030,LEAD-002030,high
HS-002031,LEAD-002031,high
HS-002032,LEAD-002032,high
HS-002033,LEAD-002033,high
HS-002034,LEAD-002034,high
HS-002035,LEAD-002035,high
HS-002036,LEAD-002036,high
HS-002037,LEAD-002037,high
HS-002038,LEAD-002038,high
HS-002039,LEAD-002039,high
HS-002040,LEAD-002040,high
HS-002041,LEAD-002041,high
HS-002042,,low
HS-002043,LEAD-002043,high
HS-002044,LEAD-002044,high
HS-002045,LEAD-002045,high
HS-002046,LEAD-002046,high
HS-002047,LEAD-002047,high
HS-002048,LEAD-002048,high
HS-002049,LEAD-002049,high
HS-002050,LEAD-002050,high
HS-002051,LEAD-002051,high
HS-002052,LEAD-002052,high
HS-002053,LEAD-002053,high
HS-002054,LEAD-002054,high
HS-002055,LEAD-002055,high
HS-002056,LEAD-002056,high
HS-002057,LEAD-002057,high
HS-002058,LEAD-002058,high
HS-002059,LEAD-002059,high
HS-002060,LEAD-002060,high
HS-002061,LEAD-002061,high
HS-002062,LEAD-002062,high
HS-002063,LEAD-002063,high
HS-002064,,low
HS-002065,LEAD-002065,high
HS-002066,LEAD-002066,high
HS-002067,LEAD-002067,high
HS-002068,LEAD-002068,high
HS-002069,LEAD-002069,high
HS-002070,LEAD-002070,high
HS-002071,LEAD-002071,high
HS-002072,LEAD-002072,high
HS-002073,LEAD-002073,high
HS-002074,LEAD-002074,high
HS-002075,LEAD-002075,high
HS-002076,LEAD-002076,high
HS-002077,LEAD-002077,high
HS-002078,LEAD-002078,high
HS-002079,LEAD-002079,high
HS-002080,LEAD-002080,high
HS-002081,LEAD-002081,high
HS-002082,LEAD-002082,high
HS-002083,LEAD-002083,high
HS-002084,LEAD-002084,high
HS-002085,LEAD-002085,high
HS-002086,LEAD-002086,high
HS-002087,LEAD-002087,high
HS-002088,LEAD-002088,high
HS-002089,LEAD-002089,high
HS-002090,LEAD-002090,high
HS-002091,LEAD-002091,high
HS-002092,LEAD-002092,high
HS-002093,LEAD-002093,high
HS-002094,LEAD-002094,high
HS-002095,LEAD-002095,high
HS-002096,LEAD-002096,high
HS-002097,LEAD-002097,high
HS-002098,LEAD-002098,high
HS-002099,LEAD-002099,high
HS-002100,,low
HS-002101,LEAD-002101,high
HS-002102,LEAD-002102,high
HS-002103,LEAD-002103,high
HS-002104,,low
HS-002105,LEAD-002105,high
HS-002106,LEAD-002106,high
HS-002107,LEAD-002107,high
HS-002108,LEAD-002108,high
HS-002109,LEAD-002109,high
HS-002110,LEAD-002110,high
HS-002111,LEAD-002111,high
HS-002112,LEAD-002112,high
HS-002113,,low
HS-002114,LEAD-002114,high
HS-002115,LEAD-002115,high
HS-002116,LEAD-002116,high
HS-002117,LEAD-002117,high
HS-002118,LEAD-002118,high
HS-002119,LEAD-002119,high
HS-002120,LEAD-002120,high
HS-002121,LEAD-002121,high
HS-002122,LEAD-002122,high
HS-002123,LEAD-002123,high
HS-002124,,low
HS-002125,LEAD-002125,high
HS-002126,LEAD-002126,high
HS-002127,LEAD-002127,high
HS-002128,LEAD-002128,high
HS-002129,LEAD-002129,high
HS-002130,LEAD-002130,high
HS-002131,LEAD-002131,high
HS-002132,LEAD-002132,high
HS-002133,LEAD-002133,high
HS-002134,LEAD-002134,high
HS-002135,LEAD-002135,high
HS-002136,LEAD-002136,high
HS-002137,LEAD-002137,high
HS-002138,LEAD-002138,high
HS-002139,LEAD-002139,high
HS-002140,LEAD-002140,high
HS-002141,,low
HS-002142,LEAD-002142,high
HS-002143,LEAD-002143,high
HS-002144,LEAD-002144,high
HS-002145,LEAD-002145,high
HS-002146,LEAD-002146,high
HS-002147,LEAD-002147,high
HS-002148,LEAD-002148,high
HS-002149,LEAD-002149,high
HS-002150,LEAD-002150,high
HS-002151,LEAD-002151,high
HS-002152,LEAD-002152,high
HS-002153,LEAD-002153,high
HS-002154,LEAD-002154,high
HS-002155,LEAD-002155,high
HS-002156,LEAD-002156,high
HS-002157,LEAD-002157,high
HS-002158,LEAD-002158,high
HS-002159,LEAD-002159,high
HS-002160,LEAD-002160,high
HS-002161,LEAD-002161,high
HS-002162,LEAD-002162,high
HS-002163,LEAD-002163,high
HS-002164,LEAD-002164,high
HS-002165,LEAD-002165,high
HS-002166,LEAD-002166,high
HS-002167,LEAD-002167,high
HS-002168,LEAD-002168,high
HS-002169,LEAD-002169,high
HS-002170,LEAD-002170,high
HS-002171,,low
HS-002172,LEAD-002172,high
HS-002173,LEAD-002173,high
HS-002174,LEAD-002174,high
HS-002175,LEAD-002175,high
HS-002176,LEAD-002176,high
HS-002177,LEAD-002177,high
HS-002178,,low
HS-002179,LEAD-002179,high
HS-002180,LEAD-002180,high
HS-002181,LEAD-002181,high
HS-002182,LEAD-002182,high
HS-002183,LEAD-002183,high
HS-002184,LEAD-002184,high
HS-002185,LEAD-002185,high
HS-002186,LEAD-002186,high
HS-002187,LEAD-002187,high
HS-002188,LEAD-002188,high
HS-002189,LEAD-002189,high
HS-002190,LEAD-002190,high
HS-002191,LEAD-002191,high
HS-002192,LEAD-002192,high
HS-002193,LEAD-002193,high
HS-002194,LEAD-002194,high
HS-002195,LEAD-002195,high
HS-002196,LEAD-002196,high
HS-002197,LEAD-002197,high
HS-002198,LEAD-002198,high
HS-002199,LEAD-002199,high
HS-002200,LEAD-002200,high
HS-002201,,low
HS-002202,LEAD-002202,high
HS-002203,LEAD-002203,high
HS-002204,LEAD-002204,high
HS-002205,LEAD-002205,high
HS-002206,LEAD-002206,high
HS-002207,LEAD-002207,high
HS-002208,LEAD-002208,high
HS-002209,LEAD-002209,high
HS-002210,LEAD-002210,high
HS-002211,LEAD-002211,high
HS-002212,LEAD-002212,high
HS-002213,LEAD-002213,high
HS-002214,LEAD-002214,high
HS-002215,LEAD-002215,high
HS-002216,LEAD-002216,high
HS-002217,,low
HS-002218,LEAD-002218,high
HS-002219,LEAD-002219,high
HS-002220,LEAD-002220,high
HS-002221,LEAD-002221,high
HS-002222,LEAD-002222,high
HS-002223,LEAD-002223,high
HS-002224,,low
HS-002225,,low
HS-002226,LEAD-002226,high
HS-002227,LEAD-002227,high
HS-002228,LEAD-002228,high
HS-002229,LEAD-002229,high
HS-002230,LEAD-002230,high
HS-002231,LEAD-002231,high
HS-002232,LEAD-002232,high
HS-002233,LEAD-002233,high
HS-002234,LEAD-002234,high
HS-002235,LEAD-002235,high
HS-002236,,low
HS-002237,LEAD-002237,high
HS-002238,LEAD-002238,high
HS-002239,LEAD-002239,high
HS-002240,LEAD-002240,high
HS-002241,LEAD-002241,high
HS-002242,LEAD-002242,high
HS-002243,,low
HS-002244,LEAD-002244,high
HS-002245,LEAD-002245,high
HS-002246,LEAD-002246,high
HS-002247,LEAD-002247,high
HS-002248,,low
HS-002249,LEAD-002249,high
HS-002250,LEAD-002250,high
HS-002251,LEAD-002251,high
HS-002252,LEAD-002252,high
HS-002253,LEAD-002253,high
HS-002254,LEAD-002254,high
HS-002255,LEAD-002255,high
HS-002256,,low
HS-002257,LEAD-002257,high
HS-002258,LEAD-002258,high
HS-002259,LEAD-002259,high
HS-002260,LEAD-002260,high
HS-002261,LEAD-002261,high
HS-002262,LEAD-002262,high
HS-002263,LEAD-002263,high
HS-002264,LEAD-002264,high
HS-002265,LEAD-002265,high
HS-002266,LEAD-002266,high
HS-002267,,low
HS-002268,LEAD-002268,high
HS-002269,LEAD-002269,high
HS-002270,LEAD-002270,high
HS-002271,LEAD-002271,high
HS-002272,LEAD-002272,high
HS-002273,,low
HS-002274,LEAD-002274,high
HS-002275,LEAD-002275,high
HS-002276,LEAD-002276,high
HS-002277,LEAD-002277,high
HS-002278,LEAD-002278,high
HS-002279,LEAD-002279,high
HS-002280,LEAD-002280,high
HS-002281,LEAD-002281,high
HS-002282,LEAD-002282,high
HS-002283,LEAD-002283,high
HS-002284,LEAD-002284,high
HS-002285,LEAD-002285,high
HS-002286,LEAD-002286,high
HS-002287,LEAD-002287,high
HS-002288,LEAD-002288,high
HS-002289,LEAD-002289,high
HS-002290,LEAD-002290,high
HS-002291,LEAD-002291,high
HS-002292,LEAD-002292,high
HS-002293,LEAD-002293,high
HS-002294,LEAD-002294,high
HS-002295,LEAD-002295,high
HS-002296,LEAD-002296,high
HS-002297,LEAD-002297,high
HS-002298,,low
HS-002299,LEAD-002299,high
HS-002300,LEAD-002300,high
HS-002301,LEAD-002301,high
HS-002302,LEAD-002302,high
HS-002303,LEAD-002303,high
HS-002304,LEAD-002304,high
HS-002305,,low
HS-002306,LEAD-002306,high
HS-002307,,low
HS-002308,LEAD-002308,high
HS-002309,LEAD-002309,high
HS-002310,LEAD-002310,high
HS-002311,LEAD-002311,high
HS-002312,LEAD-002312,high
HS-002313,,low
HS-002314,LEAD-002314,high
HS-002315,LEAD-002315,high
HS-002316,LEAD-002316,high
HS-002317,LEAD-002317,high
HS-002318,LEAD-002318,high
HS-002319,LEAD-002319,high
HS-002320,LEAD-002320,high
HS-002321,LEAD-002321,high
HS-002322,LEAD-002322,high
HS-002323,LEAD-002323,high
HS-002324,,low
HS-002325,LEAD-002325,high
HS-002326,LEAD-002326,high
HS-002327,LEAD-002327,high
HS-002328,LEAD-002328,high
HS-002329,LEAD-002329,high
HS-002330,LEAD-002330,high
HS-002331,LEAD-002331,high
HS-002332,LEAD-002332,high
HS-002333,LEAD-002333,high
HS-002334,LEAD-002334,high
HS-002335,LEAD-002335,high
HS-002336,LEAD-002336,high
HS-002337,LEAD-002337,high
HS-002338,LEAD-002338,high
HS-002339,LEAD-002339,high
HS-002340,LEAD-002340,high
HS-002341,LEAD-002341,high
HS-002342,,low
HS-002343,LEAD-002343,high
HS-002344,LEAD-002344,high
HS-002345,LEAD-002345,high
HS-002346,,low
HS-002347,LEAD-002347,high
HS-002348,LEAD-002348,high
HS-002349,LEAD-002349,high
HS-002350,LEAD-002350,high
HS-002351,LEAD-002351,high
HS-002352,LEAD-002352,high
HS-002353,LEAD-002353,high
HS-002354,LEAD-002354,high
HS-002355,LEAD-002355,high
HS-002356,LEAD-002356,high
HS-002357,LEAD-002357,high
HS-002358,,low
HS-002359,LEAD-002359,high
HS-002360,LEAD-002360,high
HS-002361,LEAD-002361,high
HS-002362,LEAD-002362,high
HS-002363,LEAD-002363,high
HS-002364,LEAD-002364,high
HS-002365,LEAD-002365,high
HS-002366,LEAD-002366,high
HS-002367,LEAD-002367,high
HS-002368,LEAD-002368,high
HS-002369,LEAD-002369,high
HS-002370,LEAD-002370,high
HS-002371,LEAD-002371,high
HS-002372,LEAD-002372,high
HS-002373,,low
HS-002374,LEAD-002374,high
HS-002375,LEAD-002375,high
HS-002376,LEAD-002376,high
HS-002377,LEAD-002377,high
HS-002378,LEAD-002378,high
HS-002379,LEAD-002379,high
HS-002380,LEAD-002380,high
HS-002381,LEAD-002381,high
HS-002382,LEAD-002382,high
HS-002383,LEAD-002383,high
HS-002384,,low
HS-002385,,low
HS-002386,LEAD-002386,high
HS-002387,LEAD-002387,high
HS-002388,,low
HS-002389,LEAD-002389,high
HS-002390,LEAD-002390,high
HS-002391,LEAD-002391,high
HS-002392,LEAD-002392,high
HS-002393,LEAD-002393,high
HS-002394,,low
HS-002395,,low
HS-002396,LEAD-002396,high
HS-002397,LEAD-002397,high
HS-002398,LEAD-002398,high
HS-002399,LEAD-002399,high
HS-002400,LEAD-002400,high
HS-002401,LEAD-002401,high
HS-002402,,low
HS-002403,LEAD-002403,high
HS-002404,LEAD-002404,high
HS-002405,LEAD-002405,high
HS-002406,LEAD-002406,high
HS-002407,LEAD-002407,high
HS-002408,LEAD-002408,high
HS-002409,LEAD-002409,high
HS-002410,LEAD-002410,high
HS-002411,LEAD-002411,high
HS-002412,,low
HS-002413,LEAD-002413,high
HS-002414,,low
HS-002415,LEAD-002415,high
HS-002416,LEAD-002416,high
HS-002417,LEAD-002417,high
HS-002418,LEAD-002418,high
HS-002419,LEAD-002419,high
HS-002420,LEAD-002420,high
HS-002421,,low
HS-002422,LEAD-002422,high
HS-002423,LEAD-002423,high
HS-002424,LEAD-002424,high
HS-002425,LEAD-002425,high
HS-002426,LEAD-002426,high
HS-002427,LEAD-002427,high
HS-002428,LEAD-002428,high
HS-002429,LEAD-002429,high
HS-002430,LEAD-002430,high
HS-002431,LEAD-002431,high
HS-002432,LEAD-002432,high
HS-002433,LEAD-002433,high
HS-002434,LEAD-002434,high
HS-002435,LEAD-002435,high
HS-002436,LEAD-002436,high
HS-002437,LEAD-002437,high
HS-002438,LEAD-002438,high
HS-002439,LEAD-002439,high
HS-002440,LEAD-002440,high
HS-002441,LEAD-002441,high
HS-002442,,low
HS-002443,LEAD-002443,high
HS-002444,LEAD-002444,high
HS-002445,LEAD-002445,high
HS-002446,LEAD-002446,high
HS-002447,LEAD-002447,high
HS-002448,LEAD-002448,high
HS-002449,LEAD-002449,high
HS-002450,LEAD-002450,high
HS-002451,LEAD-002451,high
HS-002452,LEAD-002452,high
HS-002453,LEAD-002453,high
HS-002454,LEAD-002454,high
HS-002455,LEAD-002455,high
HS-002456,LEAD-002456,high
HS-002457,LEAD-002457,high
HS-002458,LEAD-002458,high
HS-002459,LEAD-002459,high
HS-002460,,low
HS-002461,LEAD-002461,high
HS-002462,LEAD-002462,high
HS-002463,LEAD-002463,high
HS-002464,LEAD-002464,high
HS-002465,LEAD-002465,high
HS-002466,LEAD-002466,high
HS-002467,LEAD-002467,high
HS-002468,LEAD-002468,high
HS-002469,LEAD-002469,high
HS-002470,LEAD-002470,high
HS-002471,LEAD-002471,high
HS-002472,LEAD-002472,high
HS-002473,LEAD-002473,high
HS-002474,LEAD-002474,high
HS-002475,,low
HS-002476,LEAD-002476,high
HS-002477,LEAD-002477,high
HS-002478,LEAD-002478,high
HS-002479,LEAD-002479,high
HS-002480,LEAD-002480,high
HS-002481,LEAD-002481,high
HS-002482,LEAD-002482,high
HS-002483,LEAD-002483,high
HS-002484,LEAD-002484,high
HS-002485,LEAD-002485,high
HS-002486,LEAD-002486,high
HS-002487,LEAD-002487,high
HS-002488,LEAD-002488,high
HS-002489,LEAD-002489,high
HS-002490,LEAD-002490,high
HS-002491,LEAD-002491,high
HS-002492,LEAD-002492,high
HS-002493,LEAD-002493,high
HS-002494,LEAD-002494,high
HS-002495,LEAD-002495,high
HS-002496,LEAD-002496,high
HS-002497,LEAD-002497,high
HS-002498,LEAD-002498,high
HS-002499,LEAD-002499,high
HS-002500,LEAD-002500,high
HS-002501,LEAD-002501,high
HS-002502,LEAD-002502,high
HS-002503,LEAD-002503,high
HS-002504,LEAD-002504,high
HS-002505,LEAD-002505,high
HS-002506,LEAD-002506,high
HS-002507,LEAD-002507,high
HS-002508,LEAD-002508,high
HS-002509,LEAD-002509,high
HS-002510,LEAD-002510,high
HS-002511,LEAD-002511,high
HS-002512,LEAD-002512,high
HS-002513,LEAD-002513,high
HS-002514,LEAD-002514,high
HS-002515,LEAD-002515,high
HS-002516,LEAD-002516,high
HS-002517,LEAD-002517,high
HS-002518,LEAD-002518,high
HS-002519,LEAD-002519,high
HS-002520,,low
HS-002521,LEAD-002521,high
HS-002522,LEAD-002522,high
HS-002523,LEAD-002523,high
HS-002524,LEAD-002524,high
HS-002525,LEAD-002525,high
HS-002526,LEAD-002526,high
HS-002527,LEAD-002527,high
HS-002528,,low
HS-002529,LEAD-002529,high
HS-002530,LEAD-002530,high
HS-002531,LEAD-002531,high
HS-002532,LEAD-002532,high
HS-002533,LEAD-002533,high
HS-002534,LEAD-002534,high
HS-002535,LEAD-002535,high
HS-002536,LEAD-002536,high
HS-002537,LEAD-002537,high
HS-002538,LEAD-002538,high
HS-002539,LEAD-002539,high
HS-002540,LEAD-002540,high
HS-002541,LEAD-002541,high
HS-002542,LEAD-002542,high
HS-002543,LEAD-002543,high
HS-002544,LEAD-002544,high
HS-002545,LEAD-002545,high
HS-002546,LEAD-002546,high
HS-002547,LEAD-002547,high
HS-002548,LEAD-002548,high
HS-002549,LEAD-002549,high
HS-002550,LEAD-002550,high
HS-002551,,low
HS-002552,LEAD-002552,high
HS-002553,LEAD-002553,high
HS-002554,LEAD-002554,high
HS-002555,LEAD-002555,high
HS-002556,LEAD-002556,high
HS-002557,,low
HS-002558,LEAD-002558,high
HS-002559,,low
HS-002560,LEAD-002560,high
HS-002561,LEAD-002561,high
HS-002562,LEAD-002562,high
HS-002563,LEAD-002563,high
HS-002564,,low
HS-002565,LEAD-002565,high
HS-002566,LEAD-002566,high
HS-002567,LEAD-002567,high
HS-002568,,low
HS-002569,LEAD-002569,high
HS-002570,LEAD-002570,high
HS-002571,LEAD-002571,high
HS-002572,LEAD-002572,high
HS-002573,LEAD-002573,high
HS-002574,LEAD-002574,high
HS-002575,LEAD-002575,high
HS-002576,LEAD-002576,high
HS-002577,LEAD-002577,high
HS-002578,LEAD-002578,high
HS-002579,LEAD-002579,high
HS-002580,LEAD-002580,high
HS-002581,LEAD-002581,high
HS-002582,LEAD-002582,high
HS-002583,LEAD-002583,high
HS-002584,,low
HS-002585,LEAD-002585,high
HS-002586,LEAD-002586,high
HS-002587,LEAD-002587,high
HS-002588,LEAD-002588,high
HS-002589,LEAD-002589,high
HS-002590,LEAD-002590,high
HS-002591,LEAD-002591,high
HS-002592,LEAD-002592,high
HS-002593,LEAD-002593,high
HS-002594,LEAD-002594,high
HS-002595,LEAD-002595,high
HS-002596,LEAD-002596,high
HS-002597,LEAD-002597,high
HS-002598,LEAD-002598,high
HS-002599,LEAD-002599,high
HS-002600,LEAD-002600,high
HS-002601,LEAD-002601,high
HS-002602,LEAD-002602,high
HS-002603,LEAD-002603,high
HS-002604,LEAD-002604,high
HS-002605,LEAD-002605,high
HS-002606,LEAD-002606,high
HS-002607,LEAD-002607,high
HS-002608,LEAD-002608,high
HS-002609,LEAD-002609,high
HS-002610,LEAD-002610,high
HS-002611,LEAD-002611,high
HS-002612,LEAD-002612,high
HS-002613,LEAD-002613,high
HS-002614,LEAD-002614,high
HS-002615,LEAD-002615,high
HS-002616,LEAD-002616,high
HS-002617,LEAD-002617,high
HS-002618,LEAD-002618,high
HS-002619,LEAD-002619,high
HS-002620,LEAD-002620,high
HS-002621,LEAD-002621,high
HS-002622,LEAD-002622,high
HS-002623,LEAD-002623,high
HS-002624,LEAD-002624,high
HS-002625,LEAD-002625,high
HS-002626,LEAD-002626,high
HS-002627,LEAD-002627,high
HS-002628,,low
HS-002629,LEAD-002629,high
HS-002630,LEAD-002630,high
HS-002631,LEAD-002631,high
HS-002632,LEAD-002632,high
HS-002633,LEAD-002633,high
HS-002634,LEAD-002634,high
HS-002635,LEAD-002635,high
HS-002636,LEAD-002636,high
HS-002637,LEAD-002637,high
HS-002638,LEAD-002638,high
HS-002639,LEAD-002639,high
HS-002640,LEAD-002640,high
HS-002641,LEAD-002641,high
HS-002642,,low
HS-002643,LEAD-002643,high
HS-002644,LEAD-002644,high
HS-002645,,low
HS-002646,LEAD-002646,high
HS-002647,LEAD-002647,high
HS-002648,LEAD-002648,high
HS-002649,LEAD-002649,high
HS-002650,LEAD-002650,high
HS-002651,LEAD-002651,high
HS-002652,,low
HS-002653,LEAD-002653,high
HS-002654,LEAD-002654,high
HS-002655,LEAD-002655,high
HS-002656,,low
HS-002657,LEAD-002657,high
HS-002658,LEAD-002658,high
HS-002659,LEAD-002659,high
HS-002660,LEAD-002660,high
HS-002661,LEAD-002661,high
HS-002662,LEAD-002662,high
HS-002663,LEAD-002663,high
HS-002664,LEAD-002664,high
HS-002665,LEAD-002665,high
HS-002666,LEAD-002666,high
HS-002667,LEAD-002667,high
HS-002668,LEAD-002668,high
HS-002669,LEAD-002669,high
HS-002670,LEAD-002670,high
HS-002671,LEAD-002671,high
HS-002672,LEAD-002672,high
HS-002673,LEAD-002673,high
HS-002674,LEAD-002674,high
HS-002675,LEAD-002675,high
HS-002676,LEAD-002676,high
HS-002677,LEAD-002677,high
HS-002678,,low
HS-002679,LEAD-002679,high
HS-002680,LEAD-002680,high
HS-002681,LEAD-002681,high
HS-002682,LEAD-002682,high
HS-002683,LEAD-002683,high
HS-002684,LEAD-002684,high
HS-002685,LEAD-002685,high
HS-002686,LEAD-002686,high
HS-002687,LEAD-002687,high
HS-002688,LEAD-002688,high
HS-002689,LEAD-002689,high
HS-002690,LEAD-002690,high
HS-002691,LEAD-002691,high
HS-002692,LEAD-002692,high
HS-002693,LEAD-002693,high
HS-002694,LEAD-002694,high
HS-002695,LEAD-002695,high
HS-002696,LEAD-002696,high
HS-002697,LEAD-002697,high
HS-002698,LEAD-002698,high
HS-002699,LEAD-002699,high
HS-002700,LEAD-002700,high
HS-002701,LEAD-002701,high
HS-002702,LEAD-002702,high
HS-002703,LEAD-002703,high
HS-002704,LEAD-002704,high
HS-002705,LEAD-002705,high
HS-002706,LEAD-002706,high
HS-002707,LEAD-002707,high
HS-002708,LEAD-002708,high
HS-002709,LEAD-002709,high
HS-002710,LEAD-002710,high
HS-002711,LEAD-002711,high
HS-002712,LEAD-002712,high
HS-002713,LEAD-002713,high
HS-002714,LEAD-002714,high
HS-002715,LEAD-002715,high
HS-002716,LEAD-002716,high
HS-002717,LEAD-002717,high
HS-002718,LEAD-002718,high
HS-002719,LEAD-002719,high
HS-002720,LEAD-002720,high
HS-002721,LEAD-002721,high
HS-002722,LEAD-002722,high
HS-002723,LEAD-002723,high
HS-002724,LEAD-002724,high
HS-002725,LEAD-002725,high
HS-002726,LEAD-002726,high
HS-002727,LEAD-002727,high
HS-002728,LEAD-002728,high
HS-002729,LEAD-002729,high
HS-002730,LEAD-002730,high
HS-002731,,low
HS-002732,LEAD-002732,high
HS-002733,,low
HS-002734,LEAD-002734,high
HS-002735,LEAD-002735,high
HS-002736,LEAD-002736,high
HS-002737,LEAD-002737,high
HS-002738,LEAD-002738,high
HS-002739,LEAD-002739,high
HS-002740,LEAD-002740,high
HS-002741,LEAD-002741,high
HS-002742,LEAD-002742,high
HS-002743,LEAD-002743,high
HS-002744,LEAD-002744,high
HS-002745,LEAD-002745,high
HS-002746,LEAD-002746,high
HS-002747,LEAD-002747,high
HS-002748,LEAD-002748,high
HS-002749,LEAD-002749,high
HS-002750,LEAD-002750,high
HS-002751,LEAD-002751,high
HS-002752,LEAD-002752,high
HS-002753,LEAD-002753,high
HS-002754,LEAD-002754,high
HS-002755,,low
HS-002756,LEAD-002756,high
HS-002757,LEAD-002757,high
HS-002758,,low
HS-002759,LEAD-002759,high
HS-002760,LEAD-002760,high
HS-002761,LEAD-002761,high
HS-002762,LEAD-002762,high
HS-002763,LEAD-002763,high
HS-002764,LEAD-002764,high
HS-002765,LEAD-002765,high
HS-002766,LEAD-002766,high
HS-002767,LEAD-002767,high
HS-002768,LEAD-002768,high
HS-002769,LEAD-002769,high
HS-002770,LEAD-002770,high
HS-002771,LEAD-002771,high
HS-002772,LEAD-002772,high
HS-002773,LEAD-002773,high
HS-002774,LEAD-002774,high
HS-002775,LEAD-002775,high
HS-002776,LEAD-002776,high
HS-002777,LEAD-002777,high
HS-002778,,low
HS-002779,LEAD-002779,high
HS-002780,LEAD-002780,high
HS-002781,LEAD-002781,high
HS-002782,LEAD-002782,high
HS-002783,LEAD-002783,high
HS-002784,LEAD-002784,high
HS-002785,LEAD-002785,high
HS-002786,LEAD-002786,high
HS-002787,LEAD-002787,high
HS-002788,LEAD-002788,high
HS-002789,LEAD-002789,high
HS-002790,LEAD-002790,high
HS-002791,LEAD-002791,high
HS-002792,LEAD-002792,high
HS-002793,LEAD-002793,high
HS-002794,LEAD-002794,high
HS-002795,LEAD-002795,high
HS-002796,LEAD-002796,high
HS-002797,LEAD-002797,high
HS-002798,LEAD-002798,high
HS-002799,LEAD-002799,high
HS-002800,LEAD-002800,high
HS-002801,LEAD-002801,high
HS-002802,LEAD-002802,high
HS-002803,LEAD-002803,high
HS-002804,LEAD-002804,high
HS-002805,LEAD-002805,high
HS-002806,LEAD-002806,high
HS-002807,LEAD-002807,high
HS-002808,LEAD-002808,high
HS-002809,LEAD-002809,high
HS-002810,LEAD-002810,high
HS-002811,LEAD-002811,high
HS-002812,LEAD-002812,high
HS-002813,LEAD-002813,high
HS-002814,,low
HS-002815,LEAD-002815,high
HS-002816,LEAD-002816,high
HS-002817,LEAD-002817,high
HS-002818,LEAD-002818,high
HS-002819,LEAD-002819,high
HS-002820,LEAD-002820,high
HS-002821,,low
HS-002822,LEAD-002822,high
HS-002823,LEAD-002823,high
HS-002824,LEAD-002824,high
HS-002825,LEAD-002825,high
HS-002826,LEAD-002826,high
HS-002827,LEAD-002827,high
HS-002828,LEAD-002828,high
HS-002829,LEAD-002829,high
HS-002830,LEAD-002830,high
HS-002831,LEAD-002831,high
HS-002832,LEAD-002832,high
HS-002833,LEAD-002833,high
HS-002834,,low
HS-002835,LEAD-002835,high
HS-002836,LEAD-002836,high
HS-002837,LEAD-002837,high
HS-002838,LEAD-002838,high
HS-002839,LEAD-002839,high
HS-002840,LEAD-002840,high
HS-002841,LEAD-002841,high
HS-002842,LEAD-002842,high
HS-002843,LEAD-002843,high
HS-002844,LEAD-002844,high
HS-002845,LEAD-002845,high
HS-002846,LEAD-002846,high
HS-002847,LEAD-002847,high
HS-002848,LEAD-002848,high
HS-002849,LEAD-002849,high
HS-002850,LEAD-002850,high
HS-002851,LEAD-002851,high
HS-002852,LEAD-002852,high
HS-002853,LEAD-002853,high
HS-002854,LEAD-002854,high
HS-002855,,low
HS-002856,,low
HS-002857,LEAD-002857,high
HS-002858,LEAD-002858,high
HS-002859,LEAD-002859,high
HS-002860,,low
HS-002861,LEAD-002861,high
HS-002862,LEAD-002862,high
HS-002863,LEAD-002863,high
HS-002864,LEAD-002864,high
HS-002865,LEAD-002865,high
HS-002866,LEAD-002866,high
HS-002867,LEAD-002867,high
HS-002868,LEAD-002868,high
HS-002869,LEAD-002869,high
HS-002870,LEAD-002870,high
HS-002871,LEAD-002871,high
HS-002872,LEAD-002872,high
HS-002873,LEAD-002873,high
HS-002874,LEAD-002874,high
HS-002875,LEAD-002875,high
HS-002876,LEAD-002876,high
HS-002877,LEAD-002877,high
HS-002878,LEAD-002878,high
HS-002879,LEAD-002879,high
HS-002880,LEAD-002880,high
HS-002881,LEAD-002881,high
HS-002882,,low
HS-002883,LEAD-002883,high
HS-002884,LEAD-002884,high
HS-002885,LEAD-002885,high
HS-002886,LEAD-002886,high
HS-002887,LEAD-002887,high
HS-002888,LEAD-002888,high
HS-002889,LEAD-002889,high
HS-002890,LEAD-002890,high
HS-002891,LEAD-002891,high
HS-002892,LEAD-002892,high
HS-002893,LEAD-002893,high
HS-002894,LEAD-002894,high
HS-002895,LEAD-002895,high
HS-002896,LEAD-002896,high
HS-002897,,low
HS-002898,LEAD-002898,high
HS-002899,,low
HS-002900,LEAD-002900,high
HS-002901,LEAD-002901,high
HS-002902,LEAD-002902,high
HS-002903,LEAD-002903,high
HS-002904,LEAD-002904,high
HS-002905,LEAD-002905,high
HS-002906,LEAD-002906,high
HS-002907,,low
HS-002908,LEAD-002908,high
HS-002909,LEAD-002909,high
HS-002910,LEAD-002910,high
HS-002911,LEAD-002911,high
HS-002912,LEAD-002912,high
HS-002913,LEAD-002913,high
HS-002914,LEAD-002914,high
HS-002915,LEAD-002915,high
HS-002916,,low
HS-002917,LEAD-002917,high
HS-002918,LEAD-002918,high
HS-002919,,low
HS-002920,LEAD-002920,high
HS-002921,LEAD-002921,high
HS-002922,LEAD-002922,high
HS-002923,LEAD-002923,high
HS-002924,LEAD-002924,high
HS-002925,LEAD-002925,high
HS-002926,LEAD-002926,high
HS-002927,LEAD-002927,high
HS-002928,LEAD-002928,high
HS-002929,LEAD-002929,high
HS-002930,,low
HS-002931,LEAD-002931,high
HS-002932,LEAD-002932,high
HS-002933,LEAD-002933,high
HS-002934,LEAD-002934,high
HS-002935,LEAD-002935,high
HS-002936,LEAD-002936,high
HS-002937,LEAD-002937,high
HS-002938,LEAD-002938,high
HS-002939,LEAD-002939,high
HS-002940,LEAD-002940,high
HS-002941,LEAD-002941,high
HS-002942,,low
HS-002943,LEAD-002943,high
HS-002944,,low
HS-002945,LEAD-002945,high
HS-002946,LEAD-002946,high
HS-002947,LEAD-002947,high
HS-002948,LEAD-002948,high
HS-002949,LEAD-002949,high
HS-002950,LEAD-002950,high
HS-002951,LEAD-002951,high
HS-002952,LEAD-002952,high
HS-002953,LEAD-002953,high
HS-002954,LEAD-002954,high
HS-002955,LEAD-002955,high
HS-002956,LEAD-002956,high
HS-002957,,low
HS-002958,LEAD-002958,high
HS-002959,LEAD-002959,high
HS-002960,LEAD-002960,high
HS-002961,LEAD-002961,high
HS-002962,LEAD-002962,high
HS-002963,LEAD-002963,high
HS-002964,LEAD-002964,high
HS-002965,LEAD-002965,high
HS-002966,LEAD-002966,high
HS-002967,LEAD-002967,high
HS-002968,LEAD-002968,high
HS-002969,LEAD-002969,high
HS-002970,LEAD-002970,high
HS-002971,LEAD-002971,high
HS-002972,LEAD-002972,high
HS-002973,LEAD-002973,high
HS-002974,LEAD-002974,high
HS-002975,LEAD-002975,high
HS-002976,LEAD-002976,high
HS-002977,LEAD-002977,high
HS-002978,LEAD-002978,high
HS-002979,LEAD-002979,high
HS-002980,,low
HS-002981,LEAD-002981,high
HS-002982,LEAD-002982,high
HS-002983,LEAD-002983,high
HS-002984,LEAD-002984,high
HS-002985,LEAD-002985,high
HS-002986,LEAD-002986,high
HS-002987,LEAD-002987,high
HS-002988,LEAD-002988,high
HS-002989,LEAD-002989,high
HS-002990,LEAD-002990,high
HS-002991,LEAD-002991,high
HS-002992,LEAD-002992,high
HS-002993,,low
HS-002994,LEAD-002994,high
HS-002995,LEAD-002995,high
HS-002996,LEAD-002996,high
HS-002997,LEAD-002997,high
HS-002998,LEAD-002998,high
HS-002999,LEAD-002999,high
HS-003000,LEAD-003000,high
HS-003001,LEAD-003001,high
HS-003002,LEAD-003002,high
HS-003003,LEAD-003003,high
HS-003004,LEAD-003004,high
HS-003005,LEAD-003005,high
HS-003006,LEAD-003006,high
HS-003007,LEAD-003007,high
HS-003008,LEAD-003008,high
HS-003009,LEAD-003009,high
HS-003010,LEAD-003010,high
HS-003011,LEAD-003011,high
HS-003012,LEAD-003012,high
HS-003013,LEAD-003013,high
HS-003014,LEAD-003014,high
HS-003015,LEAD-003015,high
HS-003016,LEAD-003016,high
HS-003017,LEAD-003017,high
HS-003018,LEAD-003018,high
HS-003019,LEAD-003019,high
HS-003020,LEAD-003020,high
HS-003021,LEAD-003021,high
HS-003022,LEAD-003022,high
HS-003023,LEAD-003023,high
HS-003024,LEAD-003024,high
HS-003025,LEAD-003025,high
HS-003026,LEAD-003026,high
HS-003027,LEAD-003027,high
HS-003028,LEAD-003028,high
HS-003029,LEAD-003029,high
HS-003030,LEAD-003030,high
HS-003031,LEAD-003031,high
HS-003032,LEAD-003032,high
HS-003033,LEAD-003033,high
HS-003034,,low
HS-003035,LEAD-003035,high
HS-003036,LEAD-003036,high
HS-003037,LEAD-003037,high
HS-003038,LEAD-003038,high
HS-003039,LEAD-003039,high
HS-003040,LEAD-003040,high
HS-003041,LEAD-003041,high
HS-003042,,low
HS-003043,LEAD-003043,high
HS-003044,LEAD-003044,high
HS-003045,LEAD-003045,high
HS-003046,LEAD-003046,high
HS-003047,LEAD-003047,high
HS-003048,LEAD-003048,high
HS-003049,LEAD-003049,high
HS-003050,LEAD-003050,high
HS-003051,LEAD-003051,high
HS-003052,,low
HS-003053,LEAD-003053,high
HS-003054,LEAD-003054,high
HS-003055,LEAD-003055,high
HS-003056,LEAD-003056,high
HS-003057,LEAD-003057,high
HS-003058,LEAD-003058,high
HS-003059,LEAD-003059,high
HS-003060,LEAD-003060,high
HS-003061,LEAD-003061,high
HS-003062,LEAD-003062,high
HS-003063,LEAD-003063,high
HS-003064,LEAD-003064,high
HS-003065,LEAD-003065,high
HS-003066,LEAD-003066,high
HS-003067,LEAD-003067,high
HS-003068,LEAD-003068,high
HS-003069,LEAD-003069,high
HS-003070,LEAD-003070,high
HS-003071,LEAD-003071,high
HS-003072,,low
HS-003073,LEAD-003073,high
HS-003074,LEAD-003074,high
HS-003075,LEAD-003075,high
HS-003076,LEAD-003076,high
HS-003077,LEAD-003077,high
HS-003078,LEAD-003078,high
HS-003079,LEAD-003079,high
HS-003080,LEAD-003080,high
HS-003081,LEAD-003081,high
HS-003082,LEAD-003082,high
HS-003083,LEAD-003083,high
HS-003084,LEAD-003084,high
HS-003085,LEAD-003085,high
HS-003086,LEAD-003086,high
HS-003087,LEAD-003087,high
HS-003088,LEAD-003088,high
HS-003089,,low
HS-003090,LEAD-003090,high
HS-003091,LEAD-003091,high
HS-003092,LEAD-003092,high
HS-003093,LEAD-003093,high
HS-003094,LEAD-003094,high
HS-003095,,low
HS-003096,LEAD-003096,high
HS-003097,LEAD-003097,high
HS-003098,,low
HS-003099,LEAD-003099,high
HS-003100,LEAD-003100,high
HS-003101,LEAD-003101,high
HS-003102,LEAD-003102,high
HS-003103,,low
HS-003104,LEAD-003104,high
HS-003105,LEAD-003105,high
HS-003106,LEAD-003106,high
HS-003107,LEAD-003107,high
HS-003108,LEAD-003108,high
HS-003109,LEAD-003109,high
HS-003110,LEAD-003110,high
HS-003111,LEAD-003111,high
HS-003112,LEAD-003112,high
HS-003113,,low
HS-003114,LEAD-003114,high
HS-003115,LEAD-003115,high
HS-003116,LEAD-003116,high
HS-003117,LEAD-003117,high
HS-003118,LEAD-003118,high
HS-003119,LEAD-003119,high
HS-003120,LEAD-003120,high
HS-003121,LEAD-003121,high
HS-003122,LEAD-003122,high
HS-003123,LEAD-003123,high
HS-003124,LEAD-003124,high
HS-003125,LEAD-003125,high
HS-003126,LEAD-003126,high
HS-003127,LEAD-003127,high
HS-003128,LEAD-003128,high
HS-003129,LEAD-003129,high
HS-003130,LEAD-003130,high
HS-003131,LEAD-003131,high
HS-003132,LEAD-003132,high
HS-003133,LEAD-003133,high
HS-003134,LEAD-003134,high
HS-003135,LEAD-003135,high
HS-003136,LEAD-003136,high
HS-003137,LEAD-003137,high
HS-003138,LEAD-003138,high
HS-003139,LEAD-003139,high
HS-003140,LEAD-003140,high
HS-003141,LEAD-003141,high
HS-003142,LEAD-003142,high
HS-003143,LEAD-003143,high
HS-003144,LEAD-003144,high
HS-003145,LEAD-003145,high
HS-003146,LEAD-003146,high
HS-003147,LEAD-003147,high
HS-003148,,low
HS-003149,LEAD-003149,high
HS-003150,LEAD-003150,high
HS-003151,LEAD-003151,high
HS-003152,LEAD-003152,high
HS-003153,LEAD-003153,high
HS-003154,LEAD-003154,high
HS-003155,LEAD-003155,high
HS-003156,LEAD-003156,high
HS-003157,LEAD-003157,high
HS-003158,LEAD-003158,high
HS-003159,LEAD-003159,high
HS-003160,LEAD-003160,high
HS-003161,LEAD-003161,high
HS-003162,LEAD-003162,high
HS-003163,LEAD-003163,high
HS-003164,LEAD-003164,high
HS-003165,LEAD-003165,high
HS-003166,LEAD-003166,high
HS-003167,LEAD-003167,high
HS-003168,LEAD-003168,high
HS-003169,LEAD-003169,high
HS-003170,LEAD-003170,high
HS-003171,LEAD-003171,high
HS-003172,LEAD-003172,high
HS-003173,LEAD-003173,high
HS-003174,LEAD-003174,high
HS-003175,LEAD-003175,high
HS-003176,LEAD-003176,high
HS-003177,LEAD-003177,high
HS-003178,LEAD-003178,high
HS-003179,LEAD-003179,high
HS-003180,LEAD-003180,high
HS-003181,LEAD-003181,high
HS-003182,,low
HS-003183,LEAD-003183,high
HS-003184,LEAD-003184,high
HS-003185,LEAD-003185,high
HS-003186,LEAD-003186,high
HS-003187,LEAD-003187,high
HS-003188,LEAD-003188,high
HS-003189,,low
HS-003190,LEAD-003190,high
HS-003191,LEAD-003191,high
HS-003192,LEAD-003192,high
HS-003193,LEAD-003193,high
HS-003194,LEAD-003194,high
HS-003195,LEAD-003195,high
HS-003196,LEAD-003196,high
HS-003197,LEAD-003197,high
HS-003198,,low
HS-003199,LEAD-003199,high
HS-003200,LEAD-003200,high
HS-003201,LEAD-003201,high
HS-003202,LEAD-003202,high
HS-003203,LEAD-003203,high
HS-003204,LEAD-003204,high
HS-003205,LEAD-003205,high
HS-003206,LEAD-003206,high
HS-003207,LEAD-003207,high
HS-003208,LEAD-003208,high
HS-003209,LEAD-003209,high
HS-003210,LEAD-003210,high
HS-003211,LEAD-003211,high
HS-003212,LEAD-003212,high
HS-003213,LEAD-003213,high
HS-003214,LEAD-003214,high
HS-003215,LEAD-003215,high
HS-003216,LEAD-003216,high
HS-003217,LEAD-003217,high
HS-003218,LEAD-003218,high
HS-003219,LEAD-003219,high
HS-003220,LEAD-003220,high
HS-003221,LEAD-003221,high
HS-003222,LEAD-003222,high
HS-003223,LEAD-003223,high
HS-003224,LEAD-003224,high
HS-003225,LEAD-003225,high
HS-003226,LEAD-003226,high
HS-003227,LEAD-003227,high
HS-003228,LEAD-003228,high
HS-003229,LEAD-003229,high
HS-003230,LEAD-003230,high
HS-003231,LEAD-003231,high
HS-003232,LEAD-003232,high
HS-003233,LEAD-003233,high
HS-003234,LEAD-003234,high
HS-003235,LEAD-003235,high
HS-003236,LEAD-003236,high
HS-003237,LEAD-003237,high
HS-003238,LEAD-003238,high
HS-003239,,low
HS-003240,LEAD-003240,high
HS-003241,LEAD-003241,high
HS-003242,LEAD-003242,high
HS-003243,LEAD-003243,high
HS-003244,LEAD-003244,high
HS-003245,LEAD-003245,high
HS-003246,LEAD-003246,high
HS-003247,LEAD-003247,high
HS-003248,,low
HS-003249,LEAD-003249,high
HS-003250,LEAD-003250,high
HS-003251,LEAD-003251,high
HS-003252,LEAD-003252,high
HS-003253,,low
HS-003254,,low
HS-003255,LEAD-003255,high
HS-003256,,low
HS-003257,LEAD-003257,high
HS-003258,LEAD-003258,high
HS-003259,LEAD-003259,high
HS-003260,LEAD-003260,high
HS-003261,LEAD-003261,high
HS-003262,LEAD-003262,high
HS-003263,LEAD-003263,high
HS-003264,,low
HS-003265,LEAD-003265,high
HS-003266,LEAD-003266,high
HS-003267,LEAD-003267,high
HS-003268,LEAD-003268,high
HS-003269,LEAD-003269,high
HS-003270,LEAD-003270,high
HS-003271,LEAD-003271,high
HS-003272,LEAD-003272,high
HS-003273,LEAD-003273,high
HS-003274,LEAD-003274,high
HS-003275,LEAD-003275,high
HS-003276,LEAD-003276,high
HS-003277,LEAD-003277,high
HS-003278,,low
HS-003279,LEAD-003279,high
HS-003280,LEAD-003280,high
HS-003281,,low
HS-003282,LEAD-003282,high
HS-003283,LEAD-003283,high
HS-003284,LEAD-003284,high
HS-003285,LEAD-003285,high
HS-003286,LEAD-003286,high
HS-003287,LEAD-003287,high
HS-003288,LEAD-003288,high
HS-003289,LEAD-003289,high
HS-003290,LEAD-003290,high
HS-003291,LEAD-003291,high
HS-003292,LEAD-003292,high
HS-003293,LEAD-003293,high
HS-003294,LEAD-003294,high
HS-003295,LEAD-003295,high
HS-003296,LEAD-003296,high
HS-003297,LEAD-003297,high
HS-003298,LEAD-003298,high
HS-003299,LEAD-003299,high
HS-003300,LEAD-003300,high
HS-003301,LEAD-003301,high
HS-003302,LEAD-003302,high
HS-003303,LEAD-003303,high
HS-003304,LEAD-003304,high
HS-003305,LEAD-003305,high
HS-003306,LEAD-003306,high
HS-003307,LEAD-003307,high
HS-003308,LEAD-003308,high
HS-003309,LEAD-003309,high
HS-003310,LEAD-003310,high
HS-003311,,low
HS-003312,LEAD-003312,high
HS-003313,LEAD-003313,high
HS-003314,LEAD-003314,high
HS-003315,,low
HS-003316,LEAD-003316,high
HS-003317,LEAD-003317,high
HS-003318,,low
HS-003319,LEAD-003319,high
HS-003320,LEAD-003320,high
HS-003321,LEAD-003321,high
HS-003322,LEAD-003322,high
HS-003323,LEAD-003323,high
HS-003324,LEAD-003324,high
HS-003325,LEAD-003325,high
HS-003326,,low
HS-003327,LEAD-003327,high
HS-003328,LEAD-003328,high
HS-003329,LEAD-003329,high
HS-003330,,low
HS-003331,LEAD-003331,high
HS-003332,,low
HS-003333,LEAD-003333,high
HS-003334,LEAD-003334,high
HS-003335,LEAD-003335,high
HS-003336,LEAD-003336,high
HS-003337,LEAD-003337,high
HS-003338,LEAD-003338,high
HS-003339,LEAD-003339,high
HS-003340,LEAD-003340,high
HS-003341,LEAD-003341,high
HS-003342,LEAD-003342,high
HS-003343,LEAD-003343,high
HS-003344,LEAD-003344,high
HS-003345,LEAD-003345,high
HS-003346,LEAD-003346,high
HS-003347,LEAD-003347,high
HS-003348,LEAD-003348,high
HS-003349,LEAD-003349,high
HS-003350,,low
HS-003351,LEAD-003351,high
HS-003352,LEAD-003352,high
HS-003353,LEAD-003353,high
HS-003354,LEAD-003354,high
HS-003355,LEAD-003355,high
HS-003356,LEAD-003356,high
HS-003357,LEAD-003357,high
HS-003358,,low
HS-003359,LEAD-003359,high
HS-003360,LEAD-003360,high
HS-003361,LEAD-003361,high
HS-003362,LEAD-003362,high
HS-003363,LEAD-003363,high
HS-003364,LEAD-003364,high
HS-003365,LEAD-003365,high
HS-003366,LEAD-003366,high
HS-003367,LEAD-003367,high
HS-003368,LEAD-003368,high
HS-003369,LEAD-003369,high
HS-003370,LEAD-003370,high
HS-003371,LEAD-003371,high
HS-003372,LEAD-003372,high
HS-003373,LEAD-003373,high
HS-003374,LEAD-003374,high
HS-003375,LEAD-003375,high
HS-003376,LEAD-003376,high
HS-003377,LEAD-003377,high
HS-003378,LEAD-003378,high
HS-003379,LEAD-003379,high
HS-003380,LEAD-003380,high
HS-003381,LEAD-003381,high
HS-003382,LEAD-003382,high
HS-003383,LEAD-003383,high
HS-003384,LEAD-003384,high
HS-003385,LEAD-003385,high
HS-003386,LEAD-003386,high
HS-003387,LEAD-003387,high
HS-003388,LEAD-003388,high
HS-003389,LEAD-003389,high
HS-003390,LEAD-003390,high
HS-003391,LEAD-003391,high
HS-003392,LEAD-003392,high
HS-003393,LEAD-003393,high
HS-003394,LEAD-003394,high
HS-003395,LEAD-003395,high
HS-003396,LEAD-003396,high
HS-003397,LEAD-003397,high
HS-003398,LEAD-003398,high
HS-003399,LEAD-003399,high
HS-003400,LEAD-003400,high
HS-003401,LEAD-003401,high
HS-003402,LEAD-003402,high
HS-003403,LEAD-003403,high
HS-003404,LEAD-003404,high
HS-003405,LEAD-003405,high
HS-003406,LEAD-003406,high
HS-003407,LEAD-003407,high
HS-003408,LEAD-003408,high
HS-003409,,low
HS-003410,LEAD-003410,high
HS-003411,,low
HS-003412,LEAD-003412,high
HS-003413,LEAD-003413,high
HS-003414,LEAD-003414,high
HS-003415,,low
HS-003416,LEAD-003416,high
HS-003417,LEAD-003417,high
HS-003418,LEAD-003418,high
HS-003419,LEAD-003419,high
HS-003420,LEAD-003420,high
HS-003421,LEAD-003421,high
HS-003422,LEAD-003422,high
HS-003423,LEAD-003423,high
HS-003424,LEAD-003424,high
HS-003425,LEAD-003425,high
HS-003426,LEAD-003426,high
HS-003427,,low
HS-003428,LEAD-003428,high
HS-003429,LEAD-003429,high
HS-003430,LEAD-003430,high
HS-003431,LEAD-003431,high
HS-003432,LEAD-003432,high
HS-003433,LEAD-003433,high
HS-003434,LEAD-003434,high
HS-003435,LEAD-003435,high
HS-003436,LEAD-003436,high
HS-003437,LEAD-003437,high
HS-003438,LEAD-003438,high
HS-003439,LEAD-003439,high
HS-003440,LEAD-003440,high
HS-003441,LEAD-003441,high
HS-003442,LEAD-003442,high
HS-003443,LEAD-003443,high
HS-003444,LEAD-003444,high
HS-003445,LEAD-003445,high
HS-003446,LEAD-003446,high
HS-003447,LEAD-003447,high
HS-003448,LEAD-003448,high
HS-003449,LEAD-003449,high
HS-003450,LEAD-003450,high
HS-003451,LEAD-003451,high
HS-003452,LEAD-003452,high
HS-003453,LEAD-003453,high
HS-003454,LEAD-003454,high
HS-003455,LEAD-003455,high
HS-003456,LEAD-003456,high
HS-003457,LEAD-003457,high
HS-003458,LEAD-003458,high
HS-003459,LEAD-003459,high
HS-003460,LEAD-003460,high
HS-003461,LEAD-003461,high
HS-003462,LEAD-003462,high
HS-003463,LEAD-003463,high
HS-003464,LEAD-003464,high
HS-003465,LEAD-003465,high
HS-003466,LEAD-003466,high
HS-003467,LEAD-003467,high
HS-003468,LEAD-003468,high
HS-003469,LEAD-003469,high
HS-003470,LEAD-003470,high
HS-003471,LEAD-003471,high
HS-003472,LEAD-003472,high
HS-003473,LEAD-003473,high
HS-003474,LEAD-003474,high
HS-003475,LEAD-003475,high
HS-003476,LEAD-003476,high
HS-003477,LEAD-003477,high
HS-003478,LEAD-003478,high
HS-003479,LEAD-003479,high
HS-003480,LEAD-003480,high
HS-003481,LEAD-003481,high
HS-003482,LEAD-003482,high
HS-003483,LEAD-003483,high
HS-003484,LEAD-003484,high
HS-003485,LEAD-003485,high
HS-003486,LEAD-003486,high
HS-003487,LEAD-003487,high
HS-003488,LEAD-003488,high
HS-003489,LEAD-003489,high
HS-003490,LEAD-003490,high
HS-003491,LEAD-003491,high
HS-003492,LEAD-003492,high
HS-003493,LEAD-003493,high
HS-003494,LEAD-003494,high
HS-003495,LEAD-003495,high
HS-003496,LEAD-003496,high
HS-003497,LEAD-003497,high
HS-003498,LEAD-003498,high
HS-003499,LEAD-003499,high
HS-003500,,low
HS-003501,LEAD-003501,high
HS-003502,LEAD-003502,high
HS-003503,,low
HS-003504,LEAD-003504,high
HS-003505,LEAD-003505,high
HS-003506,LEAD-003506,high
HS-003507,,low
HS-003508,LEAD-003508,high
HS-003509,LEAD-003509,high
HS-003510,LEAD-003510,high
HS-003511,LEAD-003511,high
HS-003512,LEAD-003512,high
HS-003513,LEAD-003513,high
HS-003514,LEAD-003514,high
HS-003515,LEAD-003515,high
HS-003516,LEAD-003516,high
HS-003517,LEAD-003517,high
HS-003518,,low
HS-003519,LEAD-003519,high
HS-003520,LEAD-003520,high
HS-003521,LEAD-003521,high
HS-003522,LEAD-003522,high
HS-003523,LEAD-003523,high
HS-003524,,low
HS-003525,LEAD-003525,high
HS-003526,,low
HS-003527,LEAD-003527,high
HS-003528,LEAD-003528,high
HS-003529,LEAD-003529,high
HS-003530,LEAD-003530,high
HS-003531,LEAD-003531,high
HS-003532,LEAD-003532,high
HS-003533,LEAD-003533,high
HS-003534,LEAD-003534,high
HS-003535,LEAD-003535,high
HS-003536,LEAD-003536,high
HS-003537,,low
HS-003538,LEAD-003538,high
HS-003539,LEAD-003539,high
HS-003540,LEAD-003540,high
HS-003541,LEAD-003541,high
HS-003542,LEAD-003542,high
HS-003543,LEAD-003543,high
HS-003544,LEAD-003544,high
HS-003545,LEAD-003545,high
HS-003546,LEAD-003546,high
HS-003547,LEAD-003547,high
HS-003548,LEAD-003548,high
HS-003549,LEAD-003549,high
HS-003550,LEAD-003550,high
HS-003551,LEAD-003551,high
HS-003552,LEAD-003552,high
HS-003553,,low
HS-003554,LEAD-003554,high
HS-003555,LEAD-003555,high
HS-003556,LEAD-003556,high
HS-003557,LEAD-003557,high
HS-003558,LEAD-003558,high
HS-003559,LEAD-003559,high
HS-003560,LEAD-003560,high
HS-003561,LEAD-003561,high
HS-003562,LEAD-003562,high
HS-003563,LEAD-003563,high
HS-003564,LEAD-003564,high
HS-003565,LEAD-003565,high
HS-003566,LEAD-003566,high
HS-003567,,low
HS-003568,LEAD-003568,high
HS-003569,LEAD-003569,high
HS-003570,,low
HS-003571,LEAD-003571,high
HS-003572,LEAD-003572,high
HS-003573,LEAD-003573,high
HS-003574,LEAD-003574,high
HS-003575,LEAD-003575,high
HS-003576,LEAD-003576,high
HS-003577,LEAD-003577,high
HS-003578,LEAD-003578,high
HS-003579,LEAD-003579,high
HS-003580,LEAD-003580,high
HS-003581,LEAD-003581,high
HS-003582,LEAD-003582,high
HS-003583,,low
HS-003584,LEAD-003584,high
HS-003585,LEAD-003585,high
HS-003586,LEAD-003586,high
HS-003587,LEAD-003587,high
HS-003588,LEAD-003588,high
HS-003589,LEAD-003589,high
HS-003590,LEAD-003590,high
HS-003591,,low
HS-003592,LEAD-003592,high
HS-003593,LEAD-003593,high
HS-003594,,low
HS-003595,LEAD-003595,high
HS-003596,LEAD-003596,high
HS-003597,LEAD-003597,high
HS-003598,LEAD-003598,high
HS-003599,LEAD-003599,high
HS-003600,LEAD-003600,high
HS-003601,LEAD-003601,high
HS-003602,LEAD-003602,high
HS-003603,LEAD-003603,high
HS-003604,LEAD-003604,high
HS-003605,LEAD-003605,high
HS-003606,LEAD-003606,high
HS-003607,LEAD-003607,high
HS-003608,,low
HS-003609,LEAD-003609,high
HS-003610,,low
HS-003611,LEAD-003611,high
HS-003612,LEAD-003612,high
HS-003613,LEAD-003613,high
HS-003614,LEAD-003614,high
HS-003615,LEAD-003615,high
HS-003616,LEAD-003616,high
HS-003617,LEAD-003617,high
HS-003618,LEAD-003618,high
HS-003619,LEAD-003619,high
HS-003620,LEAD-003620,high
HS-003621,LEAD-003621,high
HS-003622,LEAD-003622,high
HS-003623,LEAD-003623,high
HS-003624,LEAD-003624,high
HS-003625,LEAD-003625,high
HS-003626,LEAD-003626,high
HS-003627,LEAD-003627,high
HS-003628,LEAD-003628,high
HS-003629,LEAD-003629,high
HS-003630,LEAD-003630,high
HS-003631,LEAD-003631,high
HS-003632,LEAD-003632,high
HS-003633,LEAD-003633,high
HS-003634,LEAD-003634,high
HS-003635,LEAD-003635,high
HS-003636,LEAD-003636,high
HS-003637,LEAD-003637,high
HS-003638,,low
HS-003639,LEAD-003639,high
HS-003640,LEAD-003640,high
HS-003641,,low
HS-003642,LEAD-003642,high
HS-003643,LEAD-003643,high
HS-003644,,low
HS-003645,,low
HS-003646,LEAD-003646,high
HS-003647,LEAD-003647,high
HS-003648,LEAD-003648,high
HS-003649,LEAD-003649,high
HS-003650,LEAD-003650,high
HS-003651,LEAD-003651,high
HS-003652,LEAD-003652,high
HS-003653,LEAD-003653,high
HS-003654,LEAD-003654,high
HS-003655,LEAD-003655,high
HS-003656,,low
HS-003657,LEAD-003657,high
HS-003658,LEAD-003658,high
HS-003659,LEAD-003659,high
HS-003660,LEAD-003660,high
HS-003661,,low
HS-003662,LEAD-003662,high
HS-003663,LEAD-003663,high
HS-003664,,low
HS-003665,,low
HS-003666,LEAD-003666,high
HS-003667,LEAD-003667,high
HS-003668,LEAD-003668,high
HS-003669,LEAD-003669,high
HS-003670,LEAD-003670,high
HS-003671,LEAD-003671,high
HS-003672,LEAD-003672,high
HS-003673,LEAD-003673,high
HS-003674,LEAD-003674,high
HS-003675,LEAD-003675,high
HS-003676,LEAD-003676,high
HS-003677,LEAD-003677,high
HS-003678,LEAD-003678,high
HS-003679,LEAD-003679,high
HS-003680,LEAD-003680,high
HS-003681,LEAD-003681,high
HS-003682,LEAD-003682,high
HS-003683,LEAD-003683,high
HS-003684,LEAD-003684,high
HS-003685,LEAD-003685,high
HS-003686,LEAD-003686,high
HS-003687,LEAD-003687,high
HS-003688,LEAD-003688,high
HS-003689,LEAD-003689,high
HS-003690,LEAD-003690,high
HS-003691,LEAD-003691,high
HS-003692,LEAD-003692,high
HS-003693,LEAD-003693,high
HS-003694,LEAD-003694,high
HS-003695,LEAD-003695,high
HS-003696,LEAD-003696,high
HS-003697,LEAD-003697,high
HS-003698,LEAD-003698,high
HS-003699,LEAD-003699,high
HS-003700,LEAD-003700,high
HS-003701,LEAD-003701,high
HS-003702,LEAD-003702,high
HS-003703,LEAD-003703,high
HS-003704,LEAD-003704,high
HS-003705,LEAD-003705,high
HS-003706,LEAD-003706,high
HS-003707,,low
HS-003708,LEAD-003708,high
HS-003709,,low
HS-003710,LEAD-003710,high
HS-003711,LEAD-003711,high
HS-003712,LEAD-003712,high
HS-003713,LEAD-003713,high
HS-003714,LEAD-003714,high
HS-003715,LEAD-003715,high
HS-003716,LEAD-003716,high
HS-003717,,low
HS-003718,LEAD-003718,high
HS-003719,LEAD-003719,high
HS-003720,LEAD-003720,high
HS-003721,LEAD-003721,high
HS-003722,LEAD-003722,high
HS-003723,LEAD-003723,high
HS-003724,LEAD-003724,high
HS-003725,LEAD-003725,high
HS-003726,LEAD-003726,high
HS-003727,LEAD-003727,high
HS-003728,LEAD-003728,high
HS-003729,LEAD-003729,high
HS-003730,LEAD-003730,high
HS-003731,LEAD-003731,high
HS-003732,LEAD-003732,high
HS-003733,LEAD-003733,high
HS-003734,LEAD-003734,high
HS-003735,LEAD-003735,high
HS-003736,LEAD-003736,high
HS-003737,LEAD-003737,high
HS-003738,LEAD-003738,high
HS-003739,LEAD-003739,high
HS-003740,LEAD-003740,high
HS-003741,LEAD-003741,high
HS-003742,LEAD-003742,high
HS-003743,LEAD-003743,high
HS-003744,LEAD-003744,high
HS-003745,LEAD-003745,high
HS-003746,LEAD-003746,high
HS-003747,LEAD-003747,high
HS-003748,LEAD-003748,high
HS-003749,LEAD-003749,high
HS-003750,LEAD-003750,high
HS-003751,LEAD-003751,high
HS-003752,LEAD-003752,high
HS-003753,LEAD-003753,high
HS-003754,LEAD-003754,high
HS-003755,,low
HS-003756,LEAD-003756,high
HS-003757,LEAD-003757,high
HS-003758,LEAD-003758,high
HS-003759,LEAD-003759,high
HS-003760,LEAD-003760,high
HS-003761,LEAD-003761,high
HS-003762,LEAD-003762,high
HS-003763,LEAD-003763,high
HS-003764,LEAD-003764,high
HS-003765,LEAD-003765,high
HS-003766,LEAD-003766,high
HS-003767,LEAD-003767,high
HS-003768,LEAD-003768,high
HS-003769,LEAD-003769,high
HS-003770,LEAD-003770,high
HS-003771,LEAD-003771,high
HS-003772,LEAD-003772,high
HS-003773,,low
HS-003774,LEAD-003774,high
HS-003775,LEAD-003775,high
HS-003776,LEAD-003776,high
HS-003777,,low
HS-003778,LEAD-003778,high
HS-003779,LEAD-003779,high
HS-003780,LEAD-003780,high
HS-003781,LEAD-003781,high
HS-003782,LEAD-003782,high
HS-003783,LEAD-003783,high
HS-003784,LEAD-003784,high
HS-003785,LEAD-003785,high
HS-003786,LEAD-003786,high
HS-003787,LEAD-003787,high
HS-003788,LEAD-003788,high
HS-003789,LEAD-003789,high
HS-003790,,low
HS-003791,,low
HS-003792,LEAD-003792,high
HS-003793,LEAD-003793,high
HS-003794,LEAD-003794,high
HS-003795,LEAD-003795,high
HS-003796,LEAD-003796,high
HS-003797,LEAD-003797,high
HS-003798,,low
HS-003799,,low
HS-003800,LEAD-003800,high
HS-003801,LEAD-003801,high
HS-003802,LEAD-003802,high
HS-003803,LEAD-003803,high
HS-003804,LEAD-003804,high
HS-003805,,low
HS-003806,LEAD-003806,high
HS-003807,LEAD-003807,high
HS-003808,LEAD-003808,high
HS-003809,LEAD-003809,high
HS-003810,LEAD-003810,high
HS-003811,LEAD-003811,high
HS-003812,LEAD-003812,high
HS-003813,LEAD-003813,high
HS-003814,LEAD-003814,high
HS-003815,LEAD-003815,high
HS-003816,LEAD-003816,high
HS-003817,LEAD-003817,high
HS-003818,LEAD-003818,high
HS-003819,LEAD-003819,high
HS-003820,LEAD-003820,high
HS-003821,LEAD-003821,high
HS-003822,LEAD-003822,high
HS-003823,LEAD-003823,high
HS-003824,LEAD-003824,high
HS-003825,LEAD-003825,high
HS-003826,LEAD-003826,high
HS-003827,LEAD-003827,high
HS-003828,LEAD-003828,high
HS-003829,LEAD-003829,high
HS-003830,LEAD-003830,high
HS-003831,,low
HS-003832,LEAD-003832,high
HS-003833,LEAD-003833,high
HS-003834,LEAD-003834,high
HS-003835,LEAD-003835,high
HS-003836,LEAD-003836,high
HS-003837,LEAD-003837,high
HS-003838,LEAD-003838,high
HS-003839,LEAD-003839,high
HS-003840,LEAD-003840,high
HS-003841,LEAD-003841,high
HS-003842,LEAD-003842,high
HS-003843,LEAD-003843,high
HS-003844,LEAD-003844,high
HS-003845,LEAD-003845,high
HS-003846,LEAD-003846,high
HS-003847,LEAD-003847,high
HS-003848,LEAD-003848,high
HS-003849,LEAD-003849,high
HS-003850,LEAD-003850,high
HS-003851,,low
HS-003852,LEAD-003852,high
HS-003853,LEAD-003853,high
HS-003854,LEAD-003854,high
HS-003855,LEAD-003855,high
HS-003856,LEAD-003856,high
HS-003857,LEAD-003857,high
HS-003858,LEAD-003858,high
HS-003859,LEAD-003859,high
HS-003860,LEAD-003860,high
HS-003861,LEAD-003861,high
HS-003862,LEAD-003862,high
HS-003863,LEAD-003863,high
HS-003864,LEAD-003864,high
HS-003865,LEAD-003865,high
HS-003866,LEAD-003866,high
HS-003867,LEAD-003867,high
HS-003868,LEAD-003868,high
HS-003869,LEAD-003869,high
HS-003870,LEAD-003870,high
HS-003871,LEAD-003871,high
HS-003872,LEAD-003872,high
HS-003873,LEAD-003873,high
HS-003874,LEAD-003874,high
HS-003875,LEAD-003875,high
HS-003876,LEAD-003876,high
HS-003877,LEAD-003877,high
HS-003878,LEAD-003878,high
HS-003879,LEAD-003879,high
HS-003880,LEAD-003880,high
HS-003881,LEAD-003881,high
HS-003882,LEAD-003882,high
HS-003883,LEAD-003883,high
HS-003884,LEAD-003884,high
HS-003885,,low
HS-003886,LEAD-003886,high
HS-003887,LEAD-003887,high
HS-003888,LEAD-003888,high
HS-003889,LEAD-003889,high
HS-003890,LEAD-003890,high
HS-003891,,low
HS-003892,LEAD-003892,high
HS-003893,LEAD-003893,high
HS-003894,LEAD-003894,high
HS-003895,LEAD-003895,high
HS-003896,LEAD-003896,high
HS-003897,LEAD-003897,high
HS-003898,LEAD-003898,high
HS-003899,LEAD-003899,high
HS-003900,LEAD-003900,high
HS-003901,,low
HS-003902,LEAD-003902,high
HS-003903,LEAD-003903,high
HS-003904,LEAD-003904,high
HS-003905,LEAD-003905,high
HS-003906,LEAD-003906,high
HS-003907,LEAD-003907,high
HS-003908,LEAD-003908,high
HS-003909,LEAD-003909,high
HS-003910,LEAD-003910,high
HS-003911,LEAD-003911,high
HS-003912,LEAD-003912,high
HS-003913,LEAD-003913,high
HS-003914,LEAD-003914,high
HS-003915,LEAD-003915,high
HS-003916,LEAD-003916,high
HS-003917,LEAD-003917,high
HS-003918,LEAD-003918,high
HS-003919,LEAD-003919,high
HS-003920,LEAD-003920,high
HS-003921,LEAD-003921,high
HS-003922,,low
HS-003923,LEAD-003923,high
HS-003924,,low
HS-003925,LEAD-003925,high
HS-003926,LEAD-003926,high
HS-003927,LEAD-003927,high
HS-003928,LEAD-003928,high
HS-003929,LEAD-003929,high
HS-003930,LEAD-003930,high
HS-003931,LEAD-003931,high
HS-003932,LEAD-003932,high
HS-003933,LEAD-003933,high
HS-003934,LEAD-003934,high
HS-003935,LEAD-003935,high
HS-003936,LEAD-003936,high
HS-003937,LEAD-003937,high
HS-003938,LEAD-003938,high
HS-003939,LEAD-003939,high
HS-003940,LEAD-003940,high
HS-003941,LEAD-003941,high
HS-003942,LEAD-003942,high
HS-003943,LEAD-003943,high
HS-003944,LEAD-003944,high
HS-003945,LEAD-003945,high
HS-003946,LEAD-003946,high
HS-003947,LEAD-003947,high
HS-003948,LEAD-003948,high
HS-003949,LEAD-003949,high
HS-003950,LEAD-003950,high
HS-003951,LEAD-003951,high
HS-003952,LEAD-003952,high
HS-003953,LEAD-003953,high
HS-003954,LEAD-003954,high
HS-003955,LEAD-003955,high
HS-003956,LEAD-003956,high
HS-003957,LEAD-003957,high
HS-003958,LEAD-003958,high
HS-003959,LEAD-003959,high
HS-003960,LEAD-003960,high
HS-003961,LEAD-003961,high
HS-003962,LEAD-003962,high
HS-003963,LEAD-003963,high
HS-003964,,low
HS-003965,LEAD-003965,high
HS-003966,LEAD-003966,high
HS-003967,LEAD-003967,high
HS-003968,LEAD-003968,high
HS-003969,LEAD-003969,high
HS-003970,LEAD-003970,high
HS-003971,LEAD-003971,high
HS-003972,,low
HS-003973,LEAD-003973,high
HS-003974,,low
HS-003975,,low
HS-003976,LEAD-003976,high
HS-003977,LEAD-003977,high
HS-003978,,low
HS-003979,LEAD-003979,high
HS-003980,LEAD-003980,high
HS-003981,LEAD-003981,high
HS-003982,LEAD-003982,high
HS-003983,LEAD-003983,high
HS-003984,LEAD-003984,high
HS-003985,LEAD-003985,high
HS-003986,LEAD-003986,high
HS-003987,LEAD-003987,high
HS-003988,LEAD-003988,high
HS-003989,LEAD-003989,high
HS-003990,LEAD-003990,high
HS-003991,LEAD-003991,high
HS-003992,LEAD-003992,high
HS-003993,LEAD-003993,high
HS-003994,LEAD-003994,high
HS-003995,LEAD-003995,high
HS-003996,LEAD-003996,high
HS-003997,LEAD-003997,high
HS-003998,LEAD-003998,high
HS-003999,LEAD-003999,high
HS-004000,LEAD-004000,high
HS-004001,LEAD-004001,high
HS-004002,,low
HS-004003,LEAD-004003,high
HS-004004,LEAD-004004,high
HS-004005,LEAD-004005,high
HS-004006,LEAD-004006,high
HS-004007,LEAD-004007,high
HS-004008,LEAD-004008,high
HS-004009,LEAD-004009,high
HS-004010,,low
HS-004011,LEAD-004011,high
HS-004012,LEAD-004012,high
HS-004013,LEAD-004013,high
HS-004014,LEAD-004014,high
HS-004015,LEAD-004015,high
HS-004016,LEAD-004016,high
HS-004017,,low
HS-004018,LEAD-004018,high
HS-004019,LEAD-004019,high
HS-004020,LEAD-004020,high
HS-004021,,low
HS-004022,LEAD-004022,high
HS-004023,LEAD-004023,high
HS-004024,LEAD-004024,high
HS-004025,LEAD-004025,high
HS-004026,LEAD-004026,high
HS-004027,LEAD-004027,high
HS-004028,LEAD-004028,high
HS-004029,LEAD-004029,high
HS-004030,LEAD-004030,high
HS-004031,LEAD-004031,high
HS-004032,LEAD-004032,high
HS-004033,,low
HS-004034,LEAD-004034,high
HS-004035,LEAD-004035,high
HS-004036,LEAD-004036,high
HS-004037,LEAD-004037,high
HS-004038,LEAD-004038,high
HS-004039,LEAD-004039,high
HS-004040,LEAD-004040,high
HS-004041,LEAD-004041,high
HS-004042,LEAD-004042,high
HS-004043,LEAD-004043,high
HS-004044,LEAD-004044,high
HS-004045,LEAD-004045,high
HS-004046,LEAD-004046,high
HS-004047,LEAD-004047,high
HS-004048,LEAD-004048,high
HS-004049,LEAD-004049,high
HS-004050,LEAD-004050,high
HS-004051,,low
HS-004052,LEAD-004052,high
HS-004053,,low
HS-004054,LEAD-004054,high
HS-004055,LEAD-004055,high
HS-004056,LEAD-004056,high
HS-004057,LEAD-004057,high
HS-004058,LEAD-004058,high
HS-004059,LEAD-004059,high
HS-004060,LEAD-004060,high
HS-004061,,low
HS-004062,LEAD-004062,high
HS-004063,LEAD-004063,high
HS-004064,LEAD-004064,high
HS-004065,LEAD-004065,high
HS-004066,LEAD-004066,high
HS-004067,LEAD-004067,high
HS-004068,LEAD-004068,high
HS-004069,LEAD-004069,high
HS-004070,LEAD-004070,high
HS-004071,LEAD-004071,high
HS-004072,LEAD-004072,high
HS-004073,,low
HS-004074,LEAD-004074,high
HS-004075,,low
HS-004076,LEAD-004076,high
HS-004077,LEAD-004077,high
HS-004078,LEAD-004078,high
HS-004079,LEAD-004079,high
HS-004080,,low
HS-004081,LEAD-004081,high
HS-004082,LEAD-004082,high
HS-004083,LEAD-004083,high
HS-004084,LEAD-004084,high
HS-004085,LEAD-004085,high
HS-004086,LEAD-004086,high
HS-004087,LEAD-004087,high
HS-004088,,low
HS-004089,LEAD-004089,high
HS-004090,LEAD-004090,high
HS-004091,,low
HS-004092,,low
HS-004093,LEAD-004093,high
HS-004094,LEAD-004094,high
HS-004095,LEAD-004095,high
HS-004096,LEAD-004096,high
HS-004097,LEAD-004097,high
HS-004098,LEAD-004098,high
HS-004099,LEAD-004099,high
HS-004100,LEAD-004100,high
HS-004101,LEAD-004101,high
HS-004102,LEAD-004102,high
HS-004103,LEAD-004103,high
HS-004104,LEAD-004104,high
HS-004105,LEAD-004105,high
HS-004106,LEAD-004106,high
HS-004107,LEAD-004107,high
HS-004108,LEAD-004108,high
HS-004109,LEAD-004109,high
HS-004110,LEAD-004110,high
HS-004111,LEAD-004111,high
HS-004112,LEAD-004112,high
HS-004113,LEAD-004113,high
HS-004114,LEAD-004114,high
HS-004115,LEAD-004115,high
HS-004116,LEAD-004116,high
HS-004117,LEAD-004117,high
HS-004118,LEAD-004118,high
HS-004119,LEAD-004119,high
HS-004120,LEAD-004120,high
HS-004121,LEAD-004121,high
HS-004122,LEAD-004122,high
HS-004123,,low
HS-004124,LEAD-004124,high
HS-004125,LEAD-004125,high
HS-004126,LEAD-004126,high
HS-004127,LEAD-004127,high
HS-004128,LEAD-004128,high
HS-004129,LEAD-004129,high
HS-004130,LEAD-004130,high
HS-004131,LEAD-004131,high
HS-004132,LEAD-004132,high
HS-004133,LEAD-004133,high
HS-004134,LEAD-004134,high
HS-004135,LEAD-004135,high
HS-004136,LEAD-004136,high
HS-004137,LEAD-004137,high
HS-004138,LEAD-004138,high
HS-004139,LEAD-004139,high
HS-004140,LEAD-004140,high
HS-004141,LEAD-004141,high
HS-004142,,low
HS-004143,,low
HS-004144,LEAD-004144,high
HS-004145,LEAD-004145,high
HS-004146,LEAD-004146,high
HS-004147,LEAD-004147,high
HS-004148,LEAD-004148,high
HS-004149,LEAD-004149,high
HS-004150,LEAD-004150,high
HS-004151,LEAD-004151,high
HS-004152,LEAD-004152,high
HS-004153,,low
HS-004154,LEAD-004154,high
HS-004155,,low
HS-004156,LEAD-004156,high
HS-004157,LEAD-004157,high
HS-004158,LEAD-004158,high
HS-004159,LEAD-004159,high
HS-004160,LEAD-004160,high
HS-004161,LEAD-004161,high
HS-004162,LEAD-004162,high
HS-004163,LEAD-004163,high
HS-004164,LEAD-004164,high
HS-004165,LEAD-004165,high
HS-004166,LEAD-004166,high
HS-004167,LEAD-004167,high
HS-004168,LEAD-004168,high
HS-004169,LEAD-004169,high
HS-004170,LEAD-004170,high
HS-004171,LEAD-004171,high
HS-004172,,low
HS-004173,LEAD-004173,high
HS-004174,LEAD-004174,high
HS-004175,LEAD-004175,high
HS-004176,LEAD-004176,high
HS-004177,LEAD-004177,high
HS-004178,LEAD-004178,high
HS-004179,LEAD-004179,high
HS-004180,LEAD-004180,high
HS-004181,LEAD-004181,high
HS-004182,LEAD-004182,high
HS-004183,LEAD-004183,high
HS-004184,LEAD-004184,high
HS-004185,LEAD-004185,high
HS-004186,,low
HS-004187,LEAD-004187,high
HS-004188,,low
HS-004189,LEAD-004189,high
HS-004190,LEAD-004190,high
HS-004191,LEAD-004191,high
HS-004192,LEAD-004192,high
HS-004193,LEAD-004193,high
HS-004194,LEAD-004194,high
HS-004195,LEAD-004195,high
HS-004196,LEAD-004196,high
HS-004197,LEAD-004197,high
HS-004198,,low
HS-004199,LEAD-004199,high
HS-004200,LEAD-004200,high
HS-004201,LEAD-004201,high
HS-004202,LEAD-004202,high
HS-004203,LEAD-004203,high
HS-004204,LEAD-004204,high
HS-004205,LEAD-004205,high
HS-004206,LEAD-004206,high
HS-004207,,low
HS-004208,LEAD-004208,high
HS-004209,LEAD-004209,high
HS-004210,LEAD-004210,high
HS-004211,LEAD-004211,high
HS-004212,LEAD-004212,high
HS-004213,LEAD-004213,high
HS-004214,LEAD-004214,high
HS-004215,LEAD-004215,high
HS-004216,LEAD-004216,high
HS-004217,LEAD-004217,high
HS-004218,,low
HS-004219,LEAD-004219,high
HS-004220,LEAD-004220,high
HS-004221,,low
HS-004222,LEAD-004222,high
HS-004223,LEAD-004223,high
HS-004224,LEAD-004224,high
HS-004225,LEAD-004225,high
HS-004226,LEAD-004226,high
HS-004227,LEAD-004227,high
HS-004228,LEAD-004228,high
HS-004229,LEAD-004229,high
HS-004230,LEAD-004230,high
HS-004231,LEAD-004231,high
HS-004232,,low
HS-004233,,low
HS-004234,LEAD-004234,high
HS-004235,LEAD-004235,high
HS-004236,LEAD-004236,high
HS-004237,LEAD-004237,high
HS-004238,LEAD-004238,high
HS-004239,LEAD-004239,high
HS-004240,LEAD-004240,high
HS-004241,LEAD-004241,high
HS-004242,LEAD-004242,high
HS-004243,LEAD-004243,high
HS-004244,LEAD-004244,high
HS-004245,LEAD-004245,high
HS-004246,LEAD-004246,high
HS-004247,LEAD-004247,high
HS-004248,LEAD-004248,high
HS-004249,LEAD-004249,high
HS-004250,LEAD-004250,high
HS-004251,LEAD-004251,high
HS-004252,LEAD-004252,high
HS-004253,LEAD-004253,high
HS-004254,LEAD-004254,high
HS-004255,LEAD-004255,high
HS-004256,LEAD-004256,high
HS-004257,LEAD-004257,high
HS-004258,LEAD-004258,high
HS-004259,LEAD-004259,high
HS-004260,LEAD-004260,high
HS-004261,LEAD-004261,high
HS-004262,LEAD-004262,high
HS-004263,LEAD-004263,high
HS-004264,LEAD-004264,high
HS-004265,LEAD-004265,high
HS-004266,LEAD-004266,high
HS-004267,LEAD-004267,high
HS-004268,LEAD-004268,high
HS-004269,LEAD-004269,high
HS-004270,LEAD-004270,high
HS-004271,LEAD-004271,high
HS-004272,LEAD-004272,high
HS-004273,LEAD-004273,high
HS-004274,LEAD-004274,high
HS-004275,LEAD-004275,high
HS-004276,LEAD-004276,high
HS-004277,LEAD-004277,high
HS-004278,LEAD-004278,high
HS-004279,LEAD-004279,high
HS-004280,LEAD-004280,high
HS-004281,LEAD-004281,high
HS-004282,LEAD-004282,high
HS-004283,LEAD-004283,high
HS-004284,LEAD-004284,high
HS-004285,LEAD-004285,high
HS-004286,,low
HS-004287,LEAD-004287,high
HS-004288,LEAD-004288,high
HS-004289,LEAD-004289,high
HS-004290,LEAD-004290,high
HS-004291,LEAD-004291,high
HS-004292,LEAD-004292,high
HS-004293,LEAD-004293,high
HS-004294,LEAD-004294,high
HS-004295,LEAD-004295,high
HS-004296,LEAD-004296,high
HS-004297,LEAD-004297,high
HS-004298,LEAD-004298,high
HS-004299,LEAD-004299,high
HS-004300,LEAD-004300,high
HS-004301,LEAD-004301,high
HS-004302,LEAD-004302,high
HS-004303,LEAD-004303,high
HS-004304,LEAD-004304,high
HS-004305,LEAD-004305,high
HS-004306,LEAD-004306,high
HS-004307,LEAD-004307,high
HS-004308,LEAD-004308,high
HS-004309,,low
HS-004310,LEAD-004310,high
HS-004311,,low
HS-004312,LEAD-004312,high
HS-004313,LEAD-004313,high
HS-004314,LEAD-004314,high
HS-004315,LEAD-004315,high
HS-004316,LEAD-004316,high
HS-004317,LEAD-004317,high
HS-004318,LEAD-004318,high
HS-004319,LEAD-004319,high
HS-004320,LEAD-004320,high
HS-004321,LEAD-004321,high
HS-004322,LEAD-004322,high
HS-004323,LEAD-004323,high
HS-004324,LEAD-004324,high
HS-004325,LEAD-004325,high
HS-004326,,low
HS-004327,LEAD-004327,high
HS-004328,LEAD-004328,high
HS-004329,LEAD-004329,high
HS-004330,LEAD-004330,high
HS-004331,LEAD-004331,high
HS-004332,LEAD-004332,high
HS-004333,LEAD-004333,high
HS-004334,LEAD-004334,high
HS-004335,LEAD-004335,high
HS-004336,LEAD-004336,high
HS-004337,LEAD-004337,high
HS-004338,LEAD-004338,high
HS-004339,LEAD-004339,high
HS-004340,LEAD-004340,high
HS-004341,LEAD-004341,high
HS-004342,LEAD-004342,high
HS-004343,LEAD-004343,high
HS-004344,LEAD-004344,high
HS-004345,LEAD-004345,high
HS-004346,LEAD-004346,high
HS-004347,LEAD-004347,high
HS-004348,LEAD-004348,high
HS-004349,LEAD-004349,high
HS-004350,LEAD-004350,high
HS-004351,,low
HS-004352,LEAD-004352,high
HS-004353,,low
HS-004354,LEAD-004354,high
HS-004355,LEAD-004355,high
HS-004356,,low
HS-004357,LEAD-004357,high
HS-004358,LEAD-004358,high
HS-004359,LEAD-004359,high
HS-004360,,low
HS-004361,LEAD-004361,high
HS-004362,LEAD-004362,high
HS-004363,LEAD-004363,high
HS-004364,,low
HS-004365,LEAD-004365,high
HS-004366,LEAD-004366,high
HS-004367,LEAD-004367,high
HS-004368,LEAD-004368,high
HS-004369,LEAD-004369,high
HS-004370,LEAD-004370,high
HS-004371,LEAD-004371,high
HS-004372,LEAD-004372,high
HS-004373,LEAD-004373,high
HS-004374,LEAD-004374,high
HS-004375,LEAD-004375,high
HS-004376,LEAD-004376,high
HS-004377,LEAD-004377,high
HS-004378,LEAD-004378,high
HS-004379,LEAD-004379,high
HS-004380,LEAD-004380,high
HS-004381,,low
HS-004382,LEAD-004382,high
HS-004383,LEAD-004383,high
HS-004384,LEAD-004384,high
HS-004385,LEAD-004385,high
HS-004386,LEAD-004386,high
HS-004387,LEAD-004387,high
HS-004388,LEAD-004388,high
HS-004389,LEAD-004389,high
HS-004390,LEAD-004390,high
HS-004391,LEAD-004391,high
HS-004392,LEAD-004392,high
HS-004393,LEAD-004393,high
HS-004394,,low
HS-004395,LEAD-004395,high
HS-004396,LEAD-004396,high
HS-004397,LEAD-004397,high
HS-004398,LEAD-004398,high
HS-004399,LEAD-004399,high
HS-004400,LEAD-004400,high
HS-004401,LEAD-004401,high
HS-004402,LEAD-004402,high
HS-004403,LEAD-004403,high
HS-004404,LEAD-004404,high
HS-004405,LEAD-004405,high
HS-004406,LEAD-004406,high
HS-004407,LEAD-004407,high
HS-004408,LEAD-004408,high
HS-004409,LEAD-004409,high
HS-004410,LEAD-004410,high
HS-004411,LEAD-004411,high
HS-004412,LEAD-004412,high
HS-004413,LEAD-004413,high
HS-004414,LEAD-004414,high
HS-004415,LEAD-004415,high
HS-004416,LEAD-004416,high
HS-004417,LEAD-004417,high
HS-004418,LEAD-004418,high
HS-004419,LEAD-004419,high
HS-004420,LEAD-004420,high
HS-004421,LEAD-004421,high
HS-004422,LEAD-004422,high
HS-004423,LEAD-004423,high
HS-004424,LEAD-004424,high
HS-004425,LEAD-004425,high
HS-004426,LEAD-004426,high
HS-004427,LEAD-004427,high
HS-004428,LEAD-004428,high
HS-004429,LEAD-004429,high
HS-004430,LEAD-004430,high
HS-004431,LEAD-004431,high
HS-004432,LEAD-004432,high
HS-004433,,low
HS-004434,LEAD-004434,high
HS-004435,LEAD-004435,high
HS-004436,LEAD-004436,high
HS-004437,LEAD-004437,high
HS-004438,,low
HS-004439,LEAD-004439,high
HS-004440,LEAD-004440,high
HS-004441,LEAD-004441,high
HS-004442,,low
HS-004443,,low
HS-004444,LEAD-004444,high
HS-004445,LEAD-004445,high
HS-004446,LEAD-004446,high
HS-004447,LEAD-004447,high
HS-004448,LEAD-004448,high
HS-004449,LEAD-004449,high
HS-004450,LEAD-004450,high
HS-004451,LEAD-004451,high
HS-004452,LEAD-004452,high
HS-004453,LEAD-004453,high
HS-004454,LEAD-004454,high
HS-004455,LEAD-004455,high
HS-004456,,low
HS-004457,LEAD-004457,high
HS-004458,,low
HS-004459,LEAD-004459,high
HS-004460,LEAD-004460,high
HS-004461,LEAD-004461,high
HS-004462,LEAD-004462,high
HS-004463,LEAD-004463,high
HS-004464,LEAD-004464,high
HS-004465,LEAD-004465,high
HS-004466,LEAD-004466,high
HS-004467,LEAD-004467,high
HS-004468,,low
HS-004469,LEAD-004469,high
HS-004470,LEAD-004470,high
HS-004471,,low
HS-004472,LEAD-004472,high
HS-004473,LEAD-004473,high
HS-004474,LEAD-004474,high
HS-004475,LEAD-004475,high
HS-004476,LEAD-004476,high
HS-004477,LEAD-004477,high
HS-004478,LEAD-004478,high
HS-004479,LEAD-004479,high
HS-004480,LEAD-004480,high
HS-004481,LEAD-004481,high
HS-004482,LEAD-004482,high
HS-004483,LEAD-004483,high
HS-004484,LEAD-004484,high
HS-004485,LEAD-004485,high
HS-004486,LEAD-004486,high
HS-004487,LEAD-004487,high
HS-004488,LEAD-004488,high
HS-004489,LEAD-004489,high
HS-004490,LEAD-004490,high
HS-004491,LEAD-004491,high
HS-004492,LEAD-004492,high
HS-004493,LEAD-004493,high
HS-004494,,low
HS-004495,LEAD-004495,high
HS-004496,LEAD-004496,high
HS-004497,LEAD-004497,high
HS-004498,,low
HS-004499,,low
HS-004500,LEAD-004500,high
HS-004501,LEAD-004501,high
HS-004502,LEAD-004502,high
HS-004503,LEAD-004503,high
HS-004504,LEAD-004504,high
HS-004505,LEAD-004505,high
HS-004506,LEAD-004506,high
HS-004507,LEAD-004507,high
HS-004508,LEAD-004508,high
HS-004509,LEAD-004509,high
HS-004510,LEAD-004510,high
HS-004511,LEAD-004511,high
HS-004512,LEAD-004512,high
HS-004513,,low
HS-004514,LEAD-004514,high
HS-004515,LEAD-004515,high
HS-004516,LEAD-004516,high
HS-004517,LEAD-004517,high
HS-004518,LEAD-004518,high
HS-004519,LEAD-004519,high
HS-004520,LEAD-004520,high
HS-004521,LEAD-004521,high
HS-004522,LEAD-004522,high
HS-004523,LEAD-004523,high
HS-004524,LEAD-004524,high
HS-004525,LEAD-004525,high
HS-004526,LEAD-004526,high
HS-004527,LEAD-004527,high
HS-004528,LEAD-004528,high
HS-004529,LEAD-004529,high
HS-004530,LEAD-004530,high
HS-004531,LEAD-004531,high
HS-004532,LEAD-004532,high
HS-004533,LEAD-004533,high
HS-004534,LEAD-004534,high
HS-004535,LEAD-004535,high
HS-004536,LEAD-004536,high
HS-004537,LEAD-004537,high
HS-004538,LEAD-004538,high
HS-004539,LEAD-004539,high
HS-004540,LEAD-004540,high
HS-004541,LEAD-004541,high
HS-004542,LEAD-004542,high
HS-004543,LEAD-004543,high
HS-004544,LEAD-004544,high
HS-004545,LEAD-004545,high
HS-004546,LEAD-004546,high
HS-004547,LEAD-004547,high
HS-004548,LEAD-004548,high
HS-004549,LEAD-004549,high
HS-004550,LEAD-004550,high
HS-004551,LEAD-004551,high
HS-004552,LEAD-004552,high
HS-004553,LEAD-004553,high
HS-004554,LEAD-004554,high
HS-004555,LEAD-004555,high
HS-004556,LEAD-004556,high
HS-004557,LEAD-004557,high
HS-004558,LEAD-004558,high
HS-004559,LEAD-004559,high
HS-004560,LEAD-004560,high
HS-004561,LEAD-004561,high
HS-004562,LEAD-004562,high
HS-004563,LEAD-004563,high
HS-004564,LEAD-004564,high
HS-004565,LEAD-004565,high
HS-004566,LEAD-004566,high
HS-004567,LEAD-004567,high
HS-004568,LEAD-004568,high
HS-004569,LEAD-004569,high
HS-004570,LEAD-004570,high
HS-004571,LEAD-004571,high
HS-004572,LEAD-004572,high
HS-004573,,low
HS-004574,LEAD-004574,high
HS-004575,LEAD-004575,high
HS-004576,LEAD-004576,high
HS-004577,LEAD-004577,high
HS-004578,LEAD-004578,high
HS-004579,LEAD-004579,high
HS-004580,LEAD-004580,high
HS-004581,LEAD-004581,high
HS-004582,LEAD-004582,high
HS-004583,LEAD-004583,high
HS-004584,LEAD-004584,high
HS-004585,LEAD-004585,high
HS-004586,LEAD-004586,high
HS-004587,LEAD-004587,high
HS-004588,LEAD-004588,high
HS-004589,LEAD-004589,high
HS-004590,LEAD-004590,high
HS-004591,LEAD-004591,high
HS-004592,LEAD-004592,high
HS-004593,,low
HS-004594,LEAD-004594,high
HS-004595,LEAD-004595,high
HS-004596,LEAD-004596,high
HS-004597,LEAD-004597,high
HS-004598,LEAD-004598,high
HS-004599,LEAD-004599,high
HS-004600,LEAD-004600,high
HS-004601,LEAD-004601,high
HS-004602,LEAD-004602,high
HS-004603,LEAD-004603,high
HS-004604,LEAD-004604,high
HS-004605,LEAD-004605,high
HS-004606,LEAD-004606,high
HS-004607,LEAD-004607,high
HS-004608,,low
HS-004609,,low
HS-004610,LEAD-004610,high
HS-004611,LEAD-004611,high
HS-004612,LEAD-004612,high
HS-004613,LEAD-004613,high
HS-004614,LEAD-004614,high
HS-004615,LEAD-004615,high
HS-004616,LEAD-004616,high
HS-004617,LEAD-004617,high
HS-004618,LEAD-004618,high
HS-004619,LEAD-004619,high
HS-004620,LEAD-004620,high
HS-004621,LEAD-004621,high
HS-004622,LEAD-004622,high
HS-004623,LEAD-004623,high
HS-004624,LEAD-004624,high
HS-004625,LEAD-004625,high
HS-004626,,low
HS-004627,LEAD-004627,high
HS-004628,LEAD-004628,high
HS-004629,LEAD-004629,high
HS-004630,LEAD-004630,high
HS-004631,LEAD-004631,high
HS-004632,LEAD-004632,high
HS-004633,LEAD-004633,high
HS-004634,LEAD-004634,high
HS-004635,LEAD-004635,high
HS-004636,LEAD-004636,high
HS-004637,LEAD-004637,high
HS-004638,LEAD-004638,high
HS-004639,LEAD-004639,high
HS-004640,LEAD-004640,high
HS-004641,LEAD-004641,high
HS-004642,LEAD-004642,high
HS-004643,LEAD-004643,high
HS-004644,LEAD-004644,high
HS-004645,LEAD-004645,high
HS-004646,LEAD-004646,high
HS-004647,LEAD-004647,high
HS-004648,LEAD-004648,high
HS-004649,LEAD-004649,high
HS-004650,LEAD-004650,high
HS-004651,LEAD-004651,high
HS-004652,LEAD-004652,high
HS-004653,LEAD-004653,high
HS-004654,LEAD-004654,high
HS-004655,,low
HS-004656,,low
HS-004657,,low
HS-004658,LEAD-004658,high
HS-004659,LEAD-004659,high
HS-004660,LEAD-004660,high
HS-004661,LEAD-004661,high
HS-004662,LEAD-004662,high
HS-004663,LEAD-004663,high
HS-004664,LEAD-004664,high
HS-004665,LEAD-004665,high
HS-004666,LEAD-004666,high
HS-004667,LEAD-004667,high
HS-004668,LEAD-004668,high
HS-004669,LEAD-004669,high
HS-004670,LEAD-004670,high
HS-004671,LEAD-004671,high
HS-004672,LEAD-004672,high
HS-004673,LEAD-004673,high
HS-004674,LEAD-004674,high
HS-004675,LEAD-004675,high
HS-004676,LEAD-004676,high
HS-004677,LEAD-004677,high
HS-004678,LEAD-004678,high
HS-004679,LEAD-004679,high
HS-004680,LEAD-004680,high
HS-004681,LEAD-004681,high
HS-004682,LEAD-004682,high
HS-004683,LEAD-004683,high
HS-004684,LEAD-004684,high
HS-004685,,low
HS-004686,LEAD-004686,high
HS-004687,LEAD-004687,high
HS-004688,LEAD-004688,high
HS-004689,LEAD-004689,high
HS-004690,LEAD-004690,high
HS-004691,LEAD-004691,high
HS-004692,LEAD-004692,high
HS-004693,LEAD-004693,high
HS-004694,LEAD-004694,high
HS-004695,LEAD-004695,high
HS-004696,LEAD-004696,high
HS-004697,LEAD-004697,high
HS-004698,,low
HS-004699,LEAD-004699,high
HS-004700,LEAD-004700,high
HS-004701,LEAD-004701,high
HS-004702,LEAD-004702,high
HS-004703,LEAD-004703,high
HS-004704,,low
HS-004705,LEAD-004705,high
HS-004706,LEAD-004706,high
HS-004707,LEAD-004707,high
HS-004708,LEAD-004708,high
HS-004709,,low
HS-004710,LEAD-004710,high
HS-004711,LEAD-004711,high
HS-004712,LEAD-004712,high
HS-004713,LEAD-004713,high
HS-004714,LEAD-004714,high
HS-004715,LEAD-004715,high
HS-004716,LEAD-004716,high
HS-004717,LEAD-004717,high
HS-004718,LEAD-004718,high
HS-004719,LEAD-004719,high
HS-004720,LEAD-004720,high
HS-004721,,low
HS-004722,LEAD-004722,high
HS-004723,LEAD-004723,high
HS-004724,LEAD-004724,high
HS-004725,LEAD-004725,high
HS-004726,LEAD-004726,high
HS-004727,LEAD-004727,high
HS-004728,LEAD-004728,high
HS-004729,LEAD-004729,high
HS-004730,LEAD-004730,high
HS-004731,LEAD-004731,high
HS-004732,LEAD-004732,high
HS-004733,LEAD-004733,high
HS-004734,LEAD-004734,high
HS-004735,LEAD-004735,high
HS-004736,LEAD-004736,high
HS-004737,LEAD-004737,high
HS-004738,LEAD-004738,high
HS-004739,LEAD-004739,high
HS-004740,LEAD-004740,high
HS-004741,LEAD-004741,high
HS-004742,LEAD-004742,high
HS-004743,LEAD-004743,high
HS-004744,LEAD-004744,high
HS-004745,LEAD-004745,high
HS-004746,LEAD-004746,high
HS-004747,LEAD-004747,high
HS-004748,LEAD-004748,high
HS-004749,LEAD-004749,high
HS-004750,LEAD-004750,high
HS-004751,LEAD-004751,high
HS-004752,LEAD-004752,high
HS-004753,LEAD-004753,high
HS-004754,LEAD-004754,high
HS-004755,LEAD-004755,high
HS-004756,LEAD-004756,high
HS-004757,LEAD-004757,high
HS-004758,LEAD-004758,high
HS-004759,LEAD-004759,high
HS-004760,LEAD-004760,high
HS-004761,LEAD-004761,high
HS-004762,LEAD-004762,high
HS-004763,LEAD-004763,high
HS-004764,LEAD-004764,high
HS-004765,LEAD-004765,high
HS-004766,LEAD-004766,high
HS-004767,LEAD-004767,high
HS-004768,LEAD-004768,high
HS-004769,LEAD-004769,high
HS-004770,LEAD-004770,high
HS-004771,LEAD-004771,high
HS-004772,LEAD-004772,high
HS-004773,LEAD-004773,high
HS-004774,LEAD-004774,high
HS-004775,LEAD-004775,high
HS-004776,LEAD-004776,high
HS-004777,LEAD-004777,high
HS-004778,LEAD-004778,high
HS-004779,LEAD-004779,high
HS-004780,LEAD-004780,high
HS-004781,LEAD-004781,high
HS-004782,LEAD-004782,high
HS-004783,LEAD-004783,high
HS-004784,LEAD-004784,high
HS-004785,LEAD-004785,high
HS-004786,LEAD-004786,high
HS-004787,LEAD-004787,high
HS-004788,LEAD-004788,high
HS-004789,LEAD-004789,high
HS-004790,LEAD-004790,high
HS-004791,LEAD-004791,high
HS-004792,LEAD-004792,high
HS-004793,LEAD-004793,high
HS-004794,LEAD-004794,high
HS-004795,LEAD-004795,high
HS-004796,LEAD-004796,high
HS-004797,,low
HS-004798,LEAD-004798,high
HS-004799,LEAD-004799,high
HS-004800,LEAD-004800,high
HS-004801,LEAD-004801,high
HS-004802,,low
HS-004803,LEAD-004803,high
HS-004804,LEAD-004804,high
HS-004805,LEAD-004805,high
HS-004806,LEAD-004806,high
HS-004807,LEAD-004807,high
HS-004808,,low
HS-004809,LEAD-004809,high
HS-004810,LEAD-004810,high
HS-004811,LEAD-004811,high
HS-004812,LEAD-004812,high
HS-004813,LEAD-004813,high
HS-004814,LEAD-004814,high
HS-004815,LEAD-004815,high
HS-004816,LEAD-004816,high
HS-004817,LEAD-004817,high
HS-004818,LEAD-004818,high
HS-004819,LEAD-004819,high
HS-004820,LEAD-004820,high
HS-004821,LEAD-004821,high
HS-004822,LEAD-004822,high
HS-004823,LEAD-004823,high
HS-004824,LEAD-004824,high
HS-004825,LEAD-004825,high
HS-004826,LEAD-004826,high
HS-004827,LEAD-004827,high
HS-004828,LEAD-004828,high
HS-004829,LEAD-004829,high
HS-004830,LEAD-004830,high
HS-004831,LEAD-004831,high
HS-004832,LEAD-004832,high
HS-004833,LEAD-004833,high
HS-004834,LEAD-004834,high
HS-004835,LEAD-004835,high
HS-004836,LEAD-004836,high
HS-004837,LEAD-004837,high
HS-004838,LEAD-004838,high
HS-004839,,low
HS-004840,LEAD-004840,high
HS-004841,LEAD-004841,high
HS-004842,LEAD-004842,high
HS-004843,,low
HS-004844,,low
HS-004845,LEAD-004845,high
HS-004846,LEAD-004846,high
HS-004847,,low
HS-004848,LEAD-004848,high
HS-004849,LEAD-004849,high
HS-004850,LEAD-004850,high
HS-004851,LEAD-004851,high
HS-004852,LEAD-004852,high
HS-004853,LEAD-004853,high
HS-004854,LEAD-004854,high
HS-004855,LEAD-004855,high
HS-004856,LEAD-004856,high
HS-004857,LEAD-004857,high
HS-004858,LEAD-004858,high
HS-004859,LEAD-004859,high
HS-004860,LEAD-004860,high
HS-004861,LEAD-004861,high
HS-004862,LEAD-004862,high
HS-004863,LEAD-004863,high
HS-004864,LEAD-004864,high
HS-004865,LEAD-004865,high
HS-004866,LEAD-004866,high
HS-004867,LEAD-004867,high
HS-004868,LEAD-004868,high
HS-004869,LEAD-004869,high
HS-004870,LEAD-004870,high
HS-004871,LEAD-004871,high
HS-004872,LEAD-004872,high
HS-004873,LEAD-004873,high
HS-004874,LEAD-004874,high
HS-004875,LEAD-004875,high
HS-004876,,low
HS-004877,LEAD-004877,high
HS-004878,LEAD-004878,high
HS-004879,LEAD-004879,high
HS-004880,LEAD-004880,high
HS-004881,LEAD-004881,high
HS-004882,LEAD-004882,high
HS-004883,LEAD-004883,high
HS-004884,LEAD-004884,high
HS-004885,LEAD-004885,high
HS-004886,LEAD-004886,high
HS-004887,LEAD-004887,high
HS-004888,LEAD-004888,high
HS-004889,LEAD-004889,high
HS-004890,LEAD-004890,high
HS-004891,LEAD-004891,high
HS-004892,LEAD-004892,high
HS-004893,LEAD-004893,high
HS-004894,LEAD-004894,high
HS-004895,LEAD-004895,high
HS-004896,LEAD-004896,high
HS-004897,LEAD-004897,high
HS-004898,LEAD-004898,high
HS-004899,LEAD-004899,high
HS-004900,LEAD-004900,high
HS-004901,LEAD-004901,high
HS-004902,LEAD-004902,high
HS-004903,LEAD-004903,high
HS-004904,LEAD-004904,high
HS-004905,LEAD-004905,high
HS-004906,LEAD-004906,high
HS-004907,LEAD-004907,high
HS-004908,LEAD-004908,high
HS-004909,LEAD-004909,high
HS-004910,LEAD-004910,high
HS-004911,LEAD-004911,high
HS-004912,LEAD-004912,high
HS-004913,LEAD-004913,high
HS-004914,LEAD-004914,high
HS-004915,,low
HS-004916,LEAD-004916,high
HS-004917,LEAD-004917,high
HS-004918,LEAD-004918,high
HS-004919,LEAD-004919,high
HS-004920,LEAD-004920,high
HS-004921,LEAD-004921,high
HS-004922,LEAD-004922,high
HS-004923,,low
HS-004924,LEAD-004924,high
HS-004925,LEAD-004925,high
HS-004926,LEAD-004926,high
HS-004927,LEAD-004927,high
HS-004928,LEAD-004928,high
HS-004929,LEAD-004929,high
HS-004930,LEAD-004930,high
HS-004931,LEAD-004931,high
HS-004932,,low
HS-004933,LEAD-004933,high
HS-004934,LEAD-004934,high
HS-004935,LEAD-004935,high
HS-004936,LEAD-004936,high
HS-004937,LEAD-004937,high
HS-004938,LEAD-004938,high
HS-004939,LEAD-004939,high
HS-004940,,low
HS-004941,LEAD-004941,high
HS-004942,LEAD-004942,high
HS-004943,LEAD-004943,high
HS-004944,LEAD-004944,high
HS-004945,LEAD-004945,high
HS-004946,LEAD-004946,high
HS-004947,LEAD-004947,high
HS-004948,LEAD-004948,high
HS-004949,LEAD-004949,high
HS-004950,LEAD-004950,high
HS-004951,LEAD-004951,high
HS-004952,LEAD-004952,high
HS-004953,LEAD-004953,high
HS-004954,LEAD-004954,high
HS-004955,LEAD-004955,high
HS-004956,LEAD-004956,high
HS-004957,LEAD-004957,high
HS-004958,LEAD-004958,high
HS-004959,LEAD-004959,high
HS-004960,LEAD-004960,high
HS-004961,LEAD-004961,high
HS-004962,LEAD-004962,high
HS-004963,LEAD-004963,high
HS-004964,LEAD-004964,high
HS-004965,LEAD-004965,high
HS-004966,LEAD-004966,high
HS-004967,,low
HS-004968,LEAD-004968,high
HS-004969,,low
HS-004970,LEAD-004970,high
HS-004971,LEAD-004971,high
HS-004972,LEAD-004972,high
HS-004973,LEAD-004973,high
HS-004974,LEAD-004974,high
HS-004975,LEAD-004975,high
HS-004976,LEAD-004976,high
HS-004977,LEAD-004977,high
HS-004978,LEAD-004978,high
HS-004979,LEAD-004979,high
HS-004980,,low
HS-004981,LEAD-004981,high
HS-004982,,low
HS-004983,LEAD-004983,high
HS-004984,LEAD-004984,high
HS-004985,LEAD-004985,high
HS-004986,LEAD-004986,high
HS-004987,LEAD-004987,high
HS-004988,LEAD-004988,high
HS-004989,LEAD-004989,high
HS-004990,LEAD-004990,high
HS-004991,LEAD-004991,high
HS-004992,LEAD-004992,high
HS-004993,LEAD-004993,high
HS-004994,LEAD-004994,high
HS-004995,LEAD-004995,high
HS-004996,LEAD-004996,high
HS-004997,LEAD-004997,high
HS-004998,LEAD-004998,high
HS-004999,LEAD-004999,high
HS-005000,LEAD-005000,high
HS-005001,LEAD-005001,high
HS-005002,LEAD-005002,high
HS-005003,LEAD-005003,high
HS-005004,,low
HS-005005,LEAD-005005,high
HS-005006,,low
HS-005007,LEAD-005007,high
HS-005008,LEAD-005008,high
HS-005009,LEAD-005009,high
HS-005010,LEAD-005010,high
HS-005011,LEAD-005011,high
HS-005012,,low
HS-005013,LEAD-005013,high
HS-005014,LEAD-005014,high
HS-005015,LEAD-005015,high
HS-005016,LEAD-005016,high
HS-005017,LEAD-005017,high
HS-005018,LEAD-005018,high
HS-005019,LEAD-005019,high
HS-005020,LEAD-005020,high
HS-005021,LEAD-005021,high
HS-005022,LEAD-005022,high
HS-005023,LEAD-005023,high
HS-005024,LEAD-005024,high
HS-005025,LEAD-005025,high
HS-005026,LEAD-005026,high
HS-005027,LEAD-005027,high
HS-005028,LEAD-005028,high
HS-005029,LEAD-005029,high
HS-005030,LEAD-005030,high
HS-005031,LEAD-005031,high
HS-005032,LEAD-005032,high
HS-005033,LEAD-005033,high
HS-005034,LEAD-005034,high
HS-005035,LEAD-005035,high
HS-005036,LEAD-005036,high
HS-005037,,low
HS-005038,LEAD-005038,high
HS-005039,LEAD-005039,high
HS-005040,LEAD-005040,high
HS-005041,LEAD-005041,high
HS-005042,LEAD-005042,high
HS-005043,LEAD-005043,high
HS-005044,LEAD-005044,high
HS-005045,LEAD-005045,high
HS-005046,LEAD-005046,high
HS-005047,LEAD-005047,high
HS-005048,LEAD-005048,high
HS-005049,LEAD-005049,high
HS-005050,LEAD-005050,high
HS-005051,LEAD-005051,high
HS-005052,LEAD-005052,high
HS-005053,LEAD-005053,high
HS-005054,LEAD-005054,high
HS-005055,LEAD-005055,high
HS-005056,LEAD-005056,high
HS-005057,LEAD-005057,high
HS-005058,LEAD-005058,high
HS-005059,LEAD-005059,high
HS-005060,,low
HS-005061,LEAD-005061,high
HS-005062,LEAD-005062,high
HS-005063,LEAD-005063,high
HS-005064,LEAD-005064,high
HS-005065,,low
HS-005066,LEAD-005066,high
HS-005067,LEAD-005067,high
HS-005068,LEAD-005068,high
HS-005069,LEAD-005069,high
HS-005070,LEAD-005070,high
HS-005071,LEAD-005071,high
HS-005072,LEAD-005072,high
HS-005073,LEAD-005073,high
HS-005074,LEAD-005074,high
HS-005075,,low
HS-005076,LEAD-005076,high
HS-005077,LEAD-005077,high
HS-005078,LEAD-005078,high
HS-005079,LEAD-005079,high
HS-005080,LEAD-005080,high
HS-005081,LEAD-005081,high
HS-005082,LEAD-005082,high
HS-005083,LEAD-005083,high
HS-005084,LEAD-005084,high
HS-005085,LEAD-005085,high
HS-005086,LEAD-005086,high
HS-005087,LEAD-005087,high
HS-005088,,low
HS-005089,LEAD-005089,high
HS-005090,,low
HS-005091,LEAD-005091,high
HS-005092,LEAD-005092,high
HS-005093,,low
HS-005094,LEAD-005094,high
HS-005095,LEAD-005095,high
HS-005096,LEAD-005096,high
HS-005097,LEAD-005097,high
HS-005098,LEAD-005098,high
HS-005099,,low
HS-005100,LEAD-005100,high
HS-005101,LEAD-005101,high
HS-005102,LEAD-005102,high
HS-005103,LEAD-005103,high
HS-005104,LEAD-005104,high
HS-005105,LEAD-005105,high
HS-005106,LEAD-005106,high
HS-005107,LEAD-005107,high
HS-005108,,low
HS-005109,,low
HS-005110,LEAD-005110,high
HS-005111,LEAD-005111,high
HS-005112,LEAD-005112,high
HS-005113,LEAD-005113,high
HS-005114,LEAD-005114,high
HS-005115,LEAD-005115,high
HS-005116,LEAD-005116,high
HS-005117,LEAD-005117,high
HS-005118,LEAD-005118,high
HS-005119,LEAD-005119,high
HS-005120,LEAD-005120,high
HS-005121,LEAD-005121,high
HS-005122,LEAD-005122,high
HS-005123,LEAD-005123,high
HS-005124,LEAD-005124,high
HS-005125,LEAD-005125,high
HS-005126,LEAD-005126,high
HS-005127,LEAD-005127,high
HS-005128,LEAD-005128,high
HS-005129,LEAD-005129,high
HS-005130,LEAD-005130,high
HS-005131,LEAD-005131,high
HS-005132,LEAD-005132,high
HS-005133,LEAD-005133,high
HS-005134,LEAD-005134,high
HS-005135,LEAD-005135,high
HS-005136,,low
HS-005137,LEAD-005137,high
HS-005138,LEAD-005138,high
HS-005139,LEAD-005139,high
HS-005140,LEAD-005140,high
HS-005141,LEAD-005141,high
HS-005142,LEAD-005142,high
HS-005143,LEAD-005143,high
HS-005144,LEAD-005144,high
HS-005145,LEAD-005145,high
HS-005146,LEAD-005146,high
HS-005147,LEAD-005147,high
HS-005148,LEAD-005148,high
HS-005149,LEAD-005149,high
HS-005150,LEAD-005150,high
HS-005151,LEAD-005151,high
HS-005152,LEAD-005152,high
HS-005153,LEAD-005153,high
HS-005154,LEAD-005154,high
HS-005155,LEAD-005155,high
HS-005156,LEAD-005156,high
HS-005157,LEAD-005157,high
HS-005158,LEAD-005158,high
HS-005159,LEAD-005159,high
HS-005160,LEAD-005160,high
HS-005161,LEAD-005161,high
HS-005162,LEAD-005162,high
HS-005163,LEAD-005163,high
HS-005164,LEAD-005164,high
HS-005165,LEAD-005165,high
HS-005166,LEAD-005166,high
HS-005167,LEAD-005167,high
HS-005168,,low
HS-005169,LEAD-005169,high
HS-005170,LEAD-005170,high
HS-005171,LEAD-005171,high
HS-005172,LEAD-005172,high
HS-005173,LEAD-005173,high
HS-005174,LEAD-005174,high
HS-005175,LEAD-005175,high
HS-005176,LEAD-005176,high
HS-005177,LEAD-005177,high
HS-005178,LEAD-005178,high
HS-005179,LEAD-005179,high
HS-005180,LEAD-005180,high
HS-005181,LEAD-005181,high
HS-005182,LEAD-005182,high
HS-005183,LEAD-005183,high
HS-005184,LEAD-005184,high
HS-005185,LEAD-005185,high
HS-005186,LEAD-005186,high
HS-005187,LEAD-005187,high
HS-005188,LEAD-005188,high
HS-005189,LEAD-005189,high
HS-005190,LEAD-005190,high
HS-005191,LEAD-005191,high
HS-005192,LEAD-005192,high
HS-005193,LEAD-005193,high
HS-005194,LEAD-005194,high
HS-005195,LEAD-005195,high
HS-005196,LEAD-005196,high
HS-005197,LEAD-005197,high
HS-005198,LEAD-005198,high
HS-005199,LEAD-005199,high
HS-005200,LEAD-005200,high
HS-005201,LEAD-005201,high
HS-005202,LEAD-005202,high
HS-005203,LEAD-005203,high
HS-005204,LEAD-005204,high
HS-005205,LEAD-005205,high
HS-005206,LEAD-005206,high
HS-005207,LEAD-005207,high
HS-005208,LEAD-005208,high
HS-005209,LEAD-005209,high
HS-005210,LEAD-005210,high
HS-005211,LEAD-005211,high
HS-005212,LEAD-005212,high
HS-005213,LEAD-005213,high
HS-005214,LEAD-005214,high
HS-005215,LEAD-005215,high
HS-005216,LEAD-005216,high
HS-005217,LEAD-005217,high
HS-005218,LEAD-005218,high
HS-005219,LEAD-005219,high
HS-005220,LEAD-005220,high
HS-005221,LEAD-005221,high
HS-005222,LEAD-005222,high
HS-005223,LEAD-005223,high
HS-005224,LEAD-005224,high
HS-005225,LEAD-005225,high
HS-005226,,low
HS-005227,LEAD-005227,high
HS-005228,LEAD-005228,high
HS-005229,LEAD-005229,high
HS-005230,LEAD-005230,high
HS-005231,LEAD-005231,high
HS-005232,LEAD-005232,high
HS-005233,LEAD-005233,high
HS-005234,LEAD-005234,high
HS-005235,LEAD-005235,high
HS-005236,LEAD-005236,high
HS-005237,LEAD-005237,high
HS-005238,,low
HS-005239,,low
HS-005240,LEAD-005240,high
HS-005241,LEAD-005241,high
HS-005242,LEAD-005242,high
HS-005243,LEAD-005243,high
HS-005244,LEAD-005244,high
HS-005245,LEAD-005245,high
HS-005246,LEAD-005246,high
HS-005247,LEAD-005247,high
HS-005248,LEAD-005248,high
HS-005249,LEAD-005249,high
HS-005250,,low
HS-005251,LEAD-005251,high
HS-005252,LEAD-005252,high
HS-005253,LEAD-005253,high
HS-005254,LEAD-005254,high
HS-005255,LEAD-005255,high
HS-005256,LEAD-005256,high
HS-005257,LEAD-005257,high
HS-005258,,low
HS-005259,LEAD-005259,high
HS-005260,LEAD-005260,high
HS-005261,LEAD-005261,high
HS-005262,LEAD-005262,high
HS-005263,LEAD-005263,high
HS-005264,LEAD-005264,high
HS-005265,LEAD-005265,high
HS-005266,LEAD-005266,high
HS-005267,LEAD-005267,high
HS-005268,LEAD-005268,high
HS-005269,LEAD-005269,high
HS-005270,LEAD-005270,high
HS-005271,LEAD-005271,high
HS-005272,LEAD-005272,high
HS-005273,LEAD-005273,high
HS-005274,LEAD-005274,high
HS-005275,LEAD-005275,high
HS-005276,,low
HS-005277,LEAD-005277,high
HS-005278,LEAD-005278,high
HS-005279,LEAD-005279,high
HS-005280,LEAD-005280,high
HS-005281,LEAD-005281,high
HS-005282,LEAD-005282,high
HS-005283,LEAD-005283,high
HS-005284,LEAD-005284,high
HS-005285,LEAD-005285,high
HS-005286,LEAD-005286,high
HS-005287,LEAD-005287,high
HS-005288,LEAD-005288,high
HS-005289,LEAD-005289,high
HS-005290,LEAD-005290,high
HS-005291,LEAD-005291,high
HS-005292,,low
HS-005293,LEAD-005293,high
HS-005294,LEAD-005294,high
HS-005295,LEAD-005295,high
HS-005296,LEAD-005296,high
HS-005297,LEAD-005297,high
HS-005298,LEAD-005298,high
HS-005299,LEAD-005299,high
HS-005300,LEAD-005300,high
HS-005301,LEAD-005301,high
HS-005302,LEAD-005302,high
HS-005303,LEAD-005303,high
HS-005304,LEAD-005304,high
HS-005305,LEAD-005305,high
HS-005306,,low
HS-005307,LEAD-005307,high
HS-005308,LEAD-005308,high
HS-005309,LEAD-005309,high
HS-005310,LEAD-005310,high
HS-005311,,low
HS-005312,LEAD-005312,high
HS-005313,LEAD-005313,high
HS-005314,LEAD-005314,high
HS-005315,LEAD-005315,high
HS-005316,LEAD-005316,high
HS-005317,LEAD-005317,high
HS-005318,LEAD-005318,high
HS-005319,LEAD-005319,high
HS-005320,LEAD-005320,high
HS-005321,LEAD-005321,high
HS-005322,LEAD-005322,high
HS-005323,LEAD-005323,high
HS-005324,,low
HS-005325,LEAD-005325,high
HS-005326,LEAD-005326,high
HS-005327,,low
HS-005328,LEAD-005328,high
HS-005329,LEAD-005329,high
HS-005330,LEAD-005330,high
HS-005331,LEAD-005331,high
HS-005332,LEAD-005332,high
HS-005333,LEAD-005333,high
HS-005334,LEAD-005334,high
HS-005335,LEAD-005335,high
HS-005336,LEAD-005336,high
HS-005337,LEAD-005337,high
HS-005338,,low
HS-005339,LEAD-005339,high
HS-005340,LEAD-005340,high
HS-005341,LEAD-005341,high
HS-005342,LEAD-005342,high
HS-005343,LEAD-005343,high
HS-005344,LEAD-005344,high
HS-005345,LEAD-005345,high
HS-005346,LEAD-005346,high
HS-005347,LEAD-005347,high
HS-005348,LEAD-005348,high
HS-005349,LEAD-005349,high
HS-005350,LEAD-005350,high
HS-005351,LEAD-005351,high
HS-005352,LEAD-005352,high
HS-005353,,low
HS-005354,LEAD-005354,high
HS-005355,LEAD-005355,high
HS-005356,LEAD-005356,high
HS-005357,LEAD-005357,high
HS-005358,LEAD-005358,high
HS-005359,LEAD-005359,high
HS-005360,LEAD-005360,high
HS-005361,LEAD-005361,high
HS-005362,LEAD-005362,high
HS-005363,LEAD-005363,high
HS-005364,LEAD-005364,high
HS-005365,LEAD-005365,high
HS-005366,LEAD-005366,high
HS-005367,LEAD-005367,high
HS-005368,LEAD-005368,high
HS-005369,LEAD-005369,high
HS-005370,LEAD-005370,high
HS-005371,LEAD-005371,high
HS-005372,LEAD-005372,high
HS-005373,LEAD-005373,high
HS-005374,LEAD-005374,high
HS-005375,,low
HS-005376,LEAD-005376,high
HS-005377,LEAD-005377,high
HS-005378,LEAD-005378,high
HS-005379,,low
HS-005380,LEAD-005380,high
HS-005381,LEAD-005381,high
HS-005382,LEAD-005382,high
HS-005383,LEAD-005383,high
HS-005384,,low
HS-005385,LEAD-005385,high
HS-005386,LEAD-005386,high
HS-005387,LEAD-005387,high
HS-005388,LEAD-005388,high
HS-005389,LEAD-005389,high
HS-005390,LEAD-005390,high
HS-005391,LEAD-005391,high
HS-005392,LEAD-005392,high
HS-005393,LEAD-005393,high
HS-005394,LEAD-005394,high
HS-005395,LEAD-005395,high
HS-005396,LEAD-005396,high
HS-005397,LEAD-005397,high
HS-005398,,low
HS-005399,LEAD-005399,high
HS-005400,LEAD-005400,high
HS-005401,LEAD-005401,high
HS-005402,LEAD-005402,high
HS-005403,LEAD-005403,high
HS-005404,LEAD-005404,high
HS-005405,LEAD-005405,high
HS-005406,LEAD-005406,high
HS-005407,LEAD-005407,high
HS-005408,LEAD-005408,high
HS-005409,LEAD-005409,high
HS-005410,LEAD-005410,high
HS-005411,LEAD-005411,high
HS-005412,LEAD-005412,high
HS-005413,LEAD-005413,high
HS-005414,LEAD-005414,high
HS-005415,LEAD-005415,high
HS-005416,LEAD-005416,high
HS-005417,,low
HS-005418,LEAD-005418,high
HS-005419,LEAD-005419,high
HS-005420,LEAD-005420,high
HS-005421,LEAD-005421,high
HS-005422,LEAD-005422,high
HS-005423,LEAD-005423,high
HS-005424,LEAD-005424,high
HS-005425,LEAD-005425,high
HS-005426,LEAD-005426,high
HS-005427,LEAD-005427,high
HS-005428,LEAD-005428,high
HS-005429,LEAD-005429,high
HS-005430,LEAD-005430,high
HS-005431,LEAD-005431,high
HS-005432,LEAD-005432,high
HS-005433,LEAD-005433,high
HS-005434,LEAD-005434,high
HS-005435,,low
HS-005436,LEAD-005436,high
HS-005437,LEAD-005437,high
HS-005438,LEAD-005438,high
HS-005439,,low
HS-005440,LEAD-005440,high
HS-005441,LEAD-005441,high
HS-005442,LEAD-005442,high
HS-005443,LEAD-005443,high
HS-005444,LEAD-005444,high
HS-005445,LEAD-005445,high
HS-005446,LEAD-005446,high
HS-005447,LEAD-005447,high
HS-005448,LEAD-005448,high
HS-005449,LEAD-005449,high
HS-005450,LEAD-005450,high
HS-005451,LEAD-005451,high
HS-005452,LEAD-005452,high
HS-005453,LEAD-005453,high
HS-005454,LEAD-005454,high
HS-005455,LEAD-005455,high
HS-005456,LEAD-005456,high
HS-005457,LEAD-005457,high
HS-005458,LEAD-005458,high
HS-005459,LEAD-005459,high
HS-005460,LEAD-005460,high
HS-005461,LEAD-005461,high
HS-005462,LEAD-005462,high
HS-005463,LEAD-005463,high
HS-005464,LEAD-005464,high
HS-005465,LEAD-005465,high
HS-005466,LEAD-005466,high
HS-005467,LEAD-005467,high
HS-005468,LEAD-005468,high
HS-005469,LEAD-005469,high
HS-005470,LEAD-005470,high
HS-005471,LEAD-005471,high
HS-005472,LEAD-005472,high
HS-005473,LEAD-005473,high
HS-005474,LEAD-005474,high
HS-005475,LEAD-005475,high
HS-005476,LEAD-005476,high
HS-005477,LEAD-005477,high
HS-005478,LEAD-005478,high
HS-005479,LEAD-005479,high
HS-005480,LEAD-005480,high
HS-005481,LEAD-005481,high
HS-005482,LEAD-005482,high
HS-005483,LEAD-005483,high
HS-005484,LEAD-005484,high
HS-005485,LEAD-005485,high
HS-005486,LEAD-005486,high
HS-005487,LEAD-005487,high
HS-005488,LEAD-005488,high
HS-005489,LEAD-005489,high
HS-005490,LEAD-005490,high
HS-005491,LEAD-005491,high
HS-005492,LEAD-005492,high
HS-005493,LEAD-005493,high
HS-005494,LEAD-005494,high
HS-005495,LEAD-005495,high
HS-005496,LEAD-005496,high
HS-005497,LEAD-005497,high
HS-005498,LEAD-005498,high
HS-005499,LEAD-005499,high
HS-005500,LEAD-005500,high
HS-005501,LEAD-005501,high
HS-005502,LEAD-005502,high
HS-005503,LEAD-005503,high
HS-005504,LEAD-005504,high
HS-005505,,low
HS-005506,LEAD-005506,high
HS-005507,LEAD-005507,high
HS-005508,LEAD-005508,high
HS-005509,LEAD-005509,high
HS-005510,LEAD-005510,high
HS-005511,LEAD-005511,high
HS-005512,LEAD-005512,high
HS-005513,LEAD-005513,high
HS-005514,,low
HS-005515,LEAD-005515,high
HS-005516,LEAD-005516,high
HS-005517,LEAD-005517,high
HS-005518,LEAD-005518,high
HS-005519,LEAD-005519,high
HS-005520,LEAD-005520,high
HS-005521,LEAD-005521,high
HS-005522,LEAD-005522,high
HS-005523,LEAD-005523,high
HS-005524,LEAD-005524,high
HS-005525,,low
HS-005526,LEAD-005526,high
HS-005527,LEAD-005527,high
HS-005528,LEAD-005528,high
HS-005529,LEAD-005529,high
HS-005530,LEAD-005530,high
HS-005531,LEAD-005531,high
HS-005532,LEAD-005532,high
HS-005533,LEAD-005533,high
HS-005534,LEAD-005534,high
HS-005535,LEAD-005535,high
HS-005536,LEAD-005536,high
HS-005537,LEAD-005537,high
HS-005538,LEAD-005538,high
HS-005539,LEAD-005539,high
HS-005540,,low
HS-005541,LEAD-005541,high
HS-005542,LEAD-005542,high
HS-005543,LEAD-005543,high
HS-005544,,low
HS-005545,LEAD-005545,high
HS-005546,LEAD-005546,high
HS-005547,LEAD-005547,high
HS-005548,LEAD-005548,high
HS-005549,LEAD-005549,high
HS-005550,LEAD-005550,high
HS-005551,,low
HS-005552,LEAD-005552,high
HS-005553,LEAD-005553,high
HS-005554,LEAD-005554,high
HS-005555,LEAD-005555,high
HS-005556,LEAD-005556,high
HS-005557,LEAD-005557,high
HS-005558,LEAD-005558,high
HS-005559,LEAD-005559,high
HS-005560,LEAD-005560,high
HS-005561,LEAD-005561,high
HS-005562,LEAD-005562,high
HS-005563,LEAD-005563,high
HS-005564,LEAD-005564,high
HS-005565,LEAD-005565,high
HS-005566,,low
HS-005567,LEAD-005567,high
HS-005568,LEAD-005568,high
HS-005569,LEAD-005569,high
HS-005570,LEAD-005570,high
HS-005571,LEAD-005571,high
HS-005572,LEAD-005572,high
HS-005573,LEAD-005573,high
HS-005574,LEAD-005574,high
HS-005575,LEAD-005575,high
HS-005576,LEAD-005576,high
HS-005577,LEAD-005577,high
HS-005578,LEAD-005578,high
HS-005579,LEAD-005579,high
HS-005580,LEAD-005580,high
HS-005581,LEAD-005581,high
HS-005582,,low
HS-005583,LEAD-005583,high
HS-005584,LEAD-005584,high
HS-005585,LEAD-005585,high
HS-005586,LEAD-005586,high
HS-005587,LEAD-005587,high
HS-005588,LEAD-005588,high
HS-005589,,low
HS-005590,LEAD-005590,high
HS-005591,LEAD-005591,high
HS-005592,LEAD-005592,high
HS-005593,LEAD-005593,high
HS-005594,LEAD-005594,high
HS-005595,LEAD-005595,high
HS-005596,LEAD-005596,high
HS-005597,LEAD-005597,high
HS-005598,LEAD-005598,high
HS-005599,LEAD-005599,high
HS-005600,LEAD-005600,high
HS-005601,LEAD-005601,high
HS-005602,LEAD-005602,high
HS-005603,LEAD-005603,high
HS-005604,LEAD-005604,high
HS-005605,LEAD-005605,high
HS-005606,LEAD-005606,high
HS-005607,LEAD-005607,high
HS-005608,LEAD-005608,high
HS-005609,LEAD-005609,high
HS-005610,LEAD-005610,high
HS-005611,LEAD-005611,high
HS-005612,LEAD-005612,high
HS-005613,LEAD-005613,high
HS-005614,LEAD-005614,high
HS-005615,LEAD-005615,high
HS-005616,LEAD-005616,high
HS-005617,LEAD-005617,high
HS-005618,LEAD-005618,high
HS-005619,LEAD-005619,high
HS-005620,LEAD-005620,high
HS-005621,LEAD-005621,high
HS-005622,LEAD-005622,high
HS-005623,LEAD-005623,high
HS-005624,LEAD-005624,high
HS-005625,LEAD-005625,high
HS-005626,LEAD-005626,high
HS-005627,LEAD-005627,high
HS-005628,LEAD-005628,high
HS-005629,LEAD-005629,high
HS-005630,LEAD-005630,high
HS-005631,LEAD-005631,high
HS-005632,LEAD-005632,high
HS-005633,LEAD-005633,high
HS-005634,LEAD-005634,high
HS-005635,LEAD-005635,high
HS-005636,LEAD-005636,high
HS-005637,LEAD-005637,high
HS-005638,LEAD-005638,high
HS-005639,LEAD-005639,high
HS-005640,,low
HS-005641,LEAD-005641,high
HS-005642,LEAD-005642,high
HS-005643,LEAD-005643,high
HS-005644,,low
HS-005645,,low
HS-005646,LEAD-005646,high
HS-005647,LEAD-005647,high
HS-005648,LEAD-005648,high
HS-005649,,low
HS-005650,LEAD-005650,high
HS-005651,LEAD-005651,high
HS-005652,LEAD-005652,high
HS-005653,LEAD-005653,high
HS-005654,LEAD-005654,high
HS-005655,LEAD-005655,high
HS-005656,LEAD-005656,high
HS-005657,LEAD-005657,high
HS-005658,LEAD-005658,high
HS-005659,LEAD-005659,high
HS-005660,LEAD-005660,high
HS-005661,LEAD-005661,high
HS-005662,LEAD-005662,high
HS-005663,LEAD-005663,high
HS-005664,LEAD-005664,high
HS-005665,LEAD-005665,high
HS-005666,LEAD-005666,high
HS-005667,LEAD-005667,high
HS-005668,LEAD-005668,high
HS-005669,LEAD-005669,high
HS-005670,LEAD-005670,high
HS-005671,LEAD-005671,high
HS-005672,LEAD-005672,high
HS-005673,LEAD-005673,high
HS-005674,,low
HS-005675,LEAD-005675,high
HS-005676,,low
HS-005677,LEAD-005677,high
HS-005678,LEAD-005678,high
HS-005679,LEAD-005679,high
HS-005680,LEAD-005680,high
HS-005681,LEAD-005681,high
HS-005682,LEAD-005682,high
HS-005683,LEAD-005683,high
HS-005684,LEAD-005684,high
HS-005685,LEAD-005685,high
HS-005686,LEAD-005686,high
HS-005687,LEAD-005687,high
HS-005688,LEAD-005688,high
HS-005689,LEAD-005689,high
HS-005690,LEAD-005690,high
HS-005691,LEAD-005691,high
HS-005692,LEAD-005692,high
HS-005693,LEAD-005693,high
HS-005694,LEAD-005694,high
HS-005695,LEAD-005695,high
HS-005696,,low
HS-005697,LEAD-005697,high
HS-005698,LEAD-005698,high
HS-005699,LEAD-005699,high
HS-005700,,low
HS-005701,LEAD-005701,high
HS-005702,LEAD-005702,high
HS-005703,,low
HS-005704,LEAD-005704,high
HS-005705,LEAD-005705,high
HS-005706,LEAD-005706,high
HS-005707,LEAD-005707,high
HS-005708,LEAD-005708,high
HS-005709,LEAD-005709,high
HS-005710,LEAD-005710,high
HS-005711,LEAD-005711,high
HS-005712,LEAD-005712,high
HS-005713,LEAD-005713,high
HS-005714,LEAD-005714,high
HS-005715,LEAD-005715,high
HS-005716,LEAD-005716,high
HS-005717,LEAD-005717,high
HS-005718,LEAD-005718,high
HS-005719,LEAD-005719,high
HS-005720,,low
HS-005721,LEAD-005721,high
HS-005722,LEAD-005722,high
HS-005723,,low
HS-005724,LEAD-005724,high
HS-005725,LEAD-005725,high
HS-005726,LEAD-005726,high
HS-005727,LEAD-005727,high
HS-005728,LEAD-005728,high
HS-005729,LEAD-005729,high
HS-005730,LEAD-005730,high
HS-005731,LEAD-005731,high
HS-005732,LEAD-005732,high
HS-005733,LEAD-005733,high
HS-005734,LEAD-005734,high
HS-005735,LEAD-005735,high
HS-005736,LEAD-005736,high
HS-005737,LEAD-005737,high
HS-005738,LEAD-005738,high
HS-005739,LEAD-005739,high
HS-005740,LEAD-005740,high
HS-005741,LEAD-005741,high
HS-005742,LEAD-005742,high
HS-005743,LEAD-005743,high
HS-005744,LEAD-005744,high
HS-005745,,low
HS-005746,LEAD-005746,high
HS-005747,LEAD-005747,high
HS-005748,LEAD-005748,high
HS-005749,LEAD-005749,high
HS-005750,LEAD-005750,high
HS-005751,,low
HS-005752,,low
HS-005753,LEAD-005753,high
HS-005754,LEAD-005754,high
HS-005755,LEAD-005755,high
HS-005756,LEAD-005756,high
HS-005757,LEAD-005757,high
HS-005758,LEAD-005758,high
HS-005759,LEAD-005759,high
HS-005760,LEAD-005760,high
HS-005761,,low
HS-005762,LEAD-005762,high
HS-005763,LEAD-005763,high
HS-005764,,low
HS-005765,LEAD-005765,high
HS-005766,LEAD-005766,high
HS-005767,LEAD-005767,high
HS-005768,LEAD-005768,high
HS-005769,LEAD-005769,high
HS-005770,LEAD-005770,high
HS-005771,LEAD-005771,high
HS-005772,LEAD-005772,high
HS-005773,LEAD-005773,high
HS-005774,LEAD-005774,high
HS-005775,LEAD-005775,high
HS-005776,LEAD-005776,high
HS-005777,LEAD-005777,high
HS-005778,LEAD-005778,high
HS-005779,LEAD-005779,high
HS-005780,LEAD-005780,high
HS-005781,LEAD-005781,high
HS-005782,LEAD-005782,high
HS-005783,LEAD-005783,high
HS-005784,LEAD-005784,high
HS-005785,LEAD-005785,high
HS-005786,LEAD-005786,high
HS-005787,LEAD-005787,high
HS-005788,LEAD-005788,high
HS-005789,LEAD-005789,high
HS-005790,LEAD-005790,high
HS-005791,LEAD-005791,high
HS-005792,LEAD-005792,high
HS-005793,LEAD-005793,high
HS-005794,LEAD-005794,high
HS-005795,LEAD-005795,high
HS-005796,LEAD-005796,high
HS-005797,LEAD-005797,high
HS-005798,LEAD-005798,high
HS-005799,LEAD-005799,high
HS-005800,LEAD-005800,high
HS-005801,LEAD-005801,high
HS-005802,LEAD-005802,high
HS-005803,LEAD-005803,high
HS-005804,LEAD-005804,high
HS-005805,LEAD-005805,high
HS-005806,LEAD-005806,high
HS-005807,LEAD-005807,high
HS-005808,LEAD-005808,high
HS-005809,LEAD-005809,high
HS-005810,LEAD-005810,high
HS-005811,LEAD-005811,high
HS-005812,LEAD-005812,high
HS-005813,LEAD-005813,high
HS-005814,LEAD-005814,high
HS-005815,LEAD-005815,high
HS-005816,LEAD-005816,high
HS-005817,LEAD-005817,high
HS-005818,,low
HS-005819,LEAD-005819,high
HS-005820,LEAD-005820,high
HS-005821,LEAD-005821,high
HS-005822,LEAD-005822,high
HS-005823,LEAD-005823,high
HS-005824,,low
HS-005825,LEAD-005825,high
HS-005826,LEAD-005826,high
HS-005827,LEAD-005827,high
HS-005828,LEAD-005828,high
HS-005829,LEAD-005829,high
HS-005830,,low
HS-005831,LEAD-005831,high
HS-005832,LEAD-005832,high
HS-005833,LEAD-005833,high
HS-005834,LEAD-005834,high
HS-005835,LEAD-005835,high
HS-005836,LEAD-005836,high
HS-005837,,low
HS-005838,LEAD-005838,high
HS-005839,LEAD-005839,high
HS-005840,LEAD-005840,high
HS-005841,LEAD-005841,high
HS-005842,LEAD-005842,high
HS-005843,LEAD-005843,high
HS-005844,LEAD-005844,high
HS-005845,LEAD-005845,high
HS-005846,LEAD-005846,high
HS-005847,LEAD-005847,high
HS-005848,,low
HS-005849,,low
HS-005850,LEAD-005850,high
HS-005851,LEAD-005851,high
HS-005852,LEAD-005852,high
HS-005853,LEAD-005853,high
HS-005854,LEAD-005854,high
HS-005855,LEAD-005855,high
HS-005856,LEAD-005856,high
HS-005857,LEAD-005857,high
HS-005858,LEAD-005858,high
HS-005859,,low
HS-005860,LEAD-005860,high
HS-005861,LEAD-005861,high
HS-005862,LEAD-005862,high
HS-005863,LEAD-005863,high
HS-005864,LEAD-005864,high
HS-005865,,low
HS-005866,LEAD-005866,high
HS-005867,LEAD-005867,high
HS-005868,LEAD-005868,high
HS-005869,LEAD-005869,high
HS-005870,,low
HS-005871,LEAD-005871,high
HS-005872,LEAD-005872,high
HS-005873,,low
HS-005874,LEAD-005874,high
HS-005875,LEAD-005875,high
HS-005876,LEAD-005876,high
HS-005877,LEAD-005877,high
HS-005878,LEAD-005878,high
HS-005879,LEAD-005879,high
HS-005880,LEAD-005880,high
HS-005881,LEAD-005881,high
HS-005882,LEAD-005882,high
HS-005883,LEAD-005883,high
HS-005884,LEAD-005884,high
HS-005885,LEAD-005885,high
HS-005886,LEAD-005886,high
HS-005887,,low
HS-005888,LEAD-005888,high
HS-005889,LEAD-005889,high
HS-005890,,low
HS-005891,LEAD-005891,high
HS-005892,LEAD-005892,high
HS-005893,LEAD-005893,high
HS-005894,LEAD-005894,high
HS-005895,LEAD-005895,high
HS-005896,LEAD-005896,high
HS-005897,LEAD-005897,high
HS-005898,LEAD-005898,high
HS-005899,LEAD-005899,high
HS-005900,LEAD-005900,high
HS-005901,LEAD-005901,high
HS-005902,LEAD-005902,high
HS-005903,LEAD-005903,high
HS-005904,LEAD-005904,high
HS-005905,LEAD-005905,high
HS-005906,LEAD-005906,high
HS-005907,LEAD-005907,high
HS-005908,LEAD-005908,high
HS-005909,LEAD-005909,high
HS-005910,LEAD-005910,high
HS-005911,LEAD-005911,high
HS-005912,LEAD-005912,high
HS-005913,LEAD-005913,high
HS-005914,LEAD-005914,high
HS-005915,LEAD-005915,high
HS-005916,LEAD-005916,high
HS-005917,,low
HS-005918,LEAD-005918,high
HS-005919,LEAD-005919,high
HS-005920,LEAD-005920,high
HS-005921,LEAD-005921,high
HS-005922,LEAD-005922,high
HS-005923,LEAD-005923,high
HS-005924,LEAD-005924,high
HS-005925,LEAD-005925,high
HS-005926,LEAD-005926,high
HS-005927,LEAD-005927,high
HS-005928,LEAD-005928,high
HS-005929,LEAD-005929,high
HS-005930,,low
HS-005931,LEAD-005931,high
HS-005932,LEAD-005932,high
HS-005933,LEAD-005933,high
HS-005934,LEAD-005934,high
HS-005935,LEAD-005935,high
HS-005936,LEAD-005936,high
HS-005937,LEAD-005937,high
HS-005938,LEAD-005938,high
HS-005939,LEAD-005939,high
HS-005940,LEAD-005940,high
HS-005941,LEAD-005941,high
HS-005942,LEAD-005942,high
HS-005943,LEAD-005943,high
HS-005944,LEAD-005944,high
HS-005945,LEAD-005945,high
HS-005946,,low
HS-005947,LEAD-005947,high
HS-005948,LEAD-005948,high
HS-005949,LEAD-005949,high
HS-005950,LEAD-005950,high
HS-005951,LEAD-005951,high
HS-005952,LEAD-005952,high
HS-005953,LEAD-005953,high
HS-005954,LEAD-005954,high
HS-005955,LEAD-005955,high
HS-005956,LEAD-005956,high
HS-005957,LEAD-005957,high
HS-005958,LEAD-005958,high
HS-005959,LEAD-005959,high
HS-005960,LEAD-005960,high
HS-005961,,low
HS-005962,LEAD-005962,high
HS-005963,LEAD-005963,high
HS-005964,LEAD-005964,high
HS-005965,LEAD-005965,high
HS-005966,LEAD-005966,high
HS-005967,LEAD-005967,high
HS-005968,LEAD-005968,high
HS-005969,LEAD-005969,high
HS-005970,LEAD-005970,high
HS-005971,LEAD-005971,high
HS-005972,LEAD-005972,high
HS-005973,LEAD-005973,high
HS-005974,LEAD-005974,high
HS-005975,LEAD-005975,high
HS-005976,LEAD-005976,high
HS-005977,,low
HS-005978,LEAD-005978,high
HS-005979,LEAD-005979,high
HS-005980,LEAD-005980,high
HS-005981,LEAD-005981,high
HS-005982,LEAD-005982,high
HS-005983,LEAD-005983,high
HS-005984,LEAD-005984,high
HS-005985,LEAD-005985,high
HS-005986,LEAD-005986,high
HS-005987,LEAD-005987,high
HS-005988,LEAD-005988,high
HS-005989,LEAD-005989,high
HS-005990,LEAD-005990,high
HS-005991,LEAD-005991,high
HS-005992,LEAD-005992,high
HS-005993,LEAD-005993,high
HS-005994,LEAD-005994,high
HS-005995,LEAD-005995,high
HS-005996,LEAD-005996,high
HS-005997,LEAD-005997,high
HS-005998,LEAD-005998,high
HS-005999,LEAD-005999,high
HS-006000,LEAD-006000,high
