score_event_id,hs_contact_id,old_score,new_score,changed_at,_synced_at
SCR-0000001,HS-000001,0,5,2026-01-21 14:48:56,2026-04-01 06:30:00
SCR-0000002,HS-000001,5,7,2026-01-31 10:55:56,2026-04-01 06:30:00
SCR-0000003,HS-000002,0,14,2026-02-20 01:42:21,2026-04-01 06:30:00
SCR-0000004,HS-000002,14,22,2026-03-08 09:39:45,2026-04-01 06:30:00
SCR-0000005,HS-000003,0,22,2026-03-16 10:06:21,2026-04-01 06:30:00
SCR-0000006,HS-000003,22,48,2026-03-24 07:20:50,2026-04-01 06:30:00
SCR-0000007,HS-000003,48,64,2026-03-26 03:39:51,2026-04-01 06:30:00
SCR-0000008,HS-000004,0,14,2025-11-03 02:19:14,2026-04-01 06:30:00
SCR-0000009,HS-000004,14,29,2025-11-17 15:50:27,2026-04-01 06:30:00
SCR-0000010,HS-000005,0,22,2025-11-12 15:19:17,2026-04-01 06:30:00
SCR-0000011,HS-000006,0,19,2026-02-09 01:00:14,2026-04-01 06:30:00
SCR-0000012,HS-000006,19,43,2026-02-18 19:11:20,2026-04-01 06:30:00
SCR-0000013,HS-000006,43,58,2026-02-20 10:51:29,2026-04-01 06:30:00
SCR-0000014,HS-000007,0,22,2025-12-13 19:17:29,2026-04-01 06:30:00
SCR-0000015,HS-000007,22,46,2025-12-20 12:12:24,2026-04-01 06:30:00
SCR-0000016,HS-000007,46,79,2025-12-23 08:34:49,2026-04-01 06:30:00
SCR-0000017,HS-000008,0,14,2026-01-05 00:42:13,2026-04-01 06:30:00
SCR-0000018,HS-000009,0,9,2026-02-28 22:17:30,2026-04-01 06:30:00
SCR-0000019,HS-000009,9,44,2026-03-07 13:12:14,2026-04-01 06:30:00
SCR-0000020,HS-000009,44,62,2026-03-09 02:47:15,2026-04-01 06:30:00
SCR-0000021,HS-000010,0,17,2025-12-19 11:51:49,2026-04-01 06:30:00
SCR-0000022,HS-000010,17,24,2026-01-03 20:50:05,2026-04-01 06:30:00
SCR-0000023,HS-000011,0,12,2026-02-03 10:29:53,2026-04-01 06:30:00
SCR-0000024,HS-000011,12,43,2026-02-09 09:06:38,2026-04-01 06:30:00
SCR-0000025,HS-000011,43,69,2026-02-11 03:59:23,2026-04-01 06:30:00
SCR-0000026,HS-000012,0,12,2025-11-18 11:49:37,2026-04-01 06:30:00
SCR-0000027,HS-000012,12,33,2025-11-25 02:58:46,2026-04-01 06:30:00
SCR-0000028,HS-000013,0,16,2026-03-05 00:31:31,2026-04-01 06:30:00
SCR-0000029,HS-000013,16,46,2026-03-09 17:31:41,2026-04-01 06:30:00
SCR-0000030,HS-000013,46,68,2026-03-10 20:59:06,2026-04-01 06:30:00
SCR-0000031,HS-000014,0,6,2025-10-20 16:26:46,2026-04-01 06:30:00
SCR-0000032,HS-000015,0,20,2026-03-06 13:34:11,2026-04-01 06:30:00
SCR-0000033,HS-000015,20,27,2026-03-12 03:41:19,2026-04-01 06:30:00
SCR-0000034,HS-000016,0,24,2026-02-20 20:50:03,2026-04-01 06:30:00
SCR-0000035,HS-000016,24,40,2026-02-27 10:35:00,2026-04-01 06:30:00
SCR-0000036,HS-000017,0,20,2025-11-22 14:07:34,2026-04-01 06:30:00
SCR-0000037,HS-000017,20,41,2025-12-05 14:14:12,2026-04-01 06:30:00
SCR-0000038,HS-000017,41,66,2025-12-06 19:52:33,2026-04-01 06:30:00
SCR-0000039,HS-000018,0,16,2025-11-26 15:38:12,2026-04-01 06:30:00
SCR-0000040,HS-000018,16,30,2025-12-11 09:52:05,2026-04-01 06:30:00
SCR-0000041,HS-000019,0,18,2025-09-24 05:17:54,2026-04-01 06:30:00
SCR-0000042,HS-000019,18,44,2025-09-30 16:42:14,2026-04-01 06:30:00
SCR-0000043,HS-000019,44,66,2025-09-30 20:12:28,2026-04-01 06:30:00
SCR-0000044,HS-000020,0,12,2025-10-23 19:54:25,2026-04-01 06:30:00
SCR-0000045,HS-000020,12,23,2025-11-07 04:48:39,2026-04-01 06:30:00
SCR-0000046,HS-000021,0,16,2025-10-15 16:50:07,2026-04-01 06:30:00
SCR-0000047,HS-000022,0,18,2026-01-22 00:54:13,2026-04-01 06:30:00
SCR-0000048,HS-000022,18,31,2026-02-06 15:35:45,2026-04-01 06:30:00
SCR-0000049,HS-000023,0,11,2025-10-16 08:53:49,2026-04-01 06:30:00
SCR-0000050,HS-000024,0,7,2026-01-18 09:23:56,2026-04-01 06:30:00
SCR-0000051,HS-000024,7,48,2026-01-24 02:41:29,2026-04-01 06:30:00
SCR-0000052,HS-000024,48,79,2026-01-26 16:24:24,2026-04-01 06:30:00
SCR-0000053,HS-000025,0,15,2025-10-16 10:34:07,2026-04-01 06:30:00
SCR-0000054,HS-000025,15,37,2025-10-29 06:35:19,2026-04-01 06:30:00
SCR-0000055,HS-000026,0,6,2026-01-03 03:56:51,2026-04-01 06:30:00
SCR-0000056,HS-000026,6,47,2026-01-09 18:11:46,2026-04-01 06:30:00
SCR-0000057,HS-000026,47,63,2026-01-10 13:43:40,2026-04-01 06:30:00
SCR-0000058,HS-000027,0,7,2025-12-26 03:31:30,2026-04-01 06:30:00
SCR-0000059,HS-000027,7,33,2025-12-29 12:16:25,2026-04-01 06:30:00
SCR-0000060,HS-000028,0,23,2025-09-18 12:43:52,2026-04-01 06:30:00
SCR-0000061,HS-000028,23,27,2025-10-06 03:41:03,2026-04-01 06:30:00
SCR-0000062,HS-000029,0,20,2025-11-18 12:57:56,2026-04-01 06:30:00
SCR-0000063,HS-000029,20,43,2025-11-26 00:55:59,2026-04-01 06:30:00
SCR-0000064,HS-000029,43,55,2025-11-26 06:31:00,2026-04-01 06:30:00
SCR-0000065,HS-000030,0,20,2025-10-21 01:37:43,2026-04-01 06:30:00
SCR-0000066,HS-000030,20,23,2025-11-09 15:22:16,2026-04-01 06:30:00
SCR-0000067,HS-000031,0,22,2026-01-08 02:38:03,2026-04-01 06:30:00
SCR-0000068,HS-000032,0,17,2026-02-01 05:21:22,2026-04-01 06:30:00
SCR-0000069,HS-000032,17,46,2026-02-07 12:33:25,2026-04-01 06:30:00
SCR-0000070,HS-000032,46,63,2026-02-09 22:27:53,2026-04-01 06:30:00
SCR-0000071,HS-000033,0,6,2025-08-28 19:39:00,2026-04-01 06:30:00
SCR-0000072,HS-000033,6,42,2025-09-02 09:35:17,2026-04-01 06:30:00
SCR-0000073,HS-000033,42,59,2025-09-04 17:41:09,2026-04-01 06:30:00
SCR-0000074,HS-000034,0,23,2026-03-05 21:21:28,2026-04-01 06:30:00
SCR-0000075,HS-000034,23,47,2026-03-11 18:20:37,2026-04-01 06:30:00
SCR-0000076,HS-000034,47,88,2026-03-13 06:27:47,2026-04-01 06:30:00
SCR-0000077,HS-000035,0,20,2026-01-24 12:51:11,2026-04-01 06:30:00
SCR-0000078,HS-000035,20,42,2026-02-04 02:40:04,2026-04-01 06:30:00
SCR-0000079,HS-000035,42,83,2026-02-06 03:57:19,2026-04-01 06:30:00
SCR-0000080,HS-000036,0,9,2026-01-04 11:34:27,2026-04-01 06:30:00
SCR-0000081,HS-000036,9,11,2026-01-15 03:05:21,2026-04-01 06:30:00
SCR-0000082,HS-000037,0,13,2026-03-26 22:20:36,2026-04-01 06:30:00
SCR-0000083,HS-000037,13,19,2026-03-31 07:55:58,2026-04-01 06:30:00
SCR-0000084,HS-000038,0,18,2025-09-19 06:57:30,2026-04-01 06:30:00
SCR-0000085,HS-000038,18,43,2025-09-24 07:26:28,2026-04-01 06:30:00
SCR-0000086,HS-000038,43,76,2025-09-26 22:43:26,2026-04-01 06:30:00
SCR-0000087,HS-000039,0,17,2025-09-19 07:16:50,2026-04-01 06:30:00
SCR-0000088,HS-000039,17,29,2025-09-25 14:22:20,2026-04-01 06:30:00
SCR-0000089,HS-000040,0,17,2025-12-26 15:04:16,2026-04-01 06:30:00
SCR-0000090,HS-000040,17,43,2026-01-04 21:08:43,2026-04-01 06:30:00
SCR-0000091,HS-000040,43,62,2026-01-05 14:16:17,2026-04-01 06:30:00
SCR-0000092,HS-000041,0,22,2025-11-15 00:11:42,2026-04-01 06:30:00
SCR-0000093,HS-000042,0,9,2025-10-11 19:46:53,2026-04-01 06:30:00
SCR-0000094,HS-000042,9,44,2025-10-17 03:41:17,2026-04-01 06:30:00
SCR-0000095,HS-000042,44,77,2025-10-18 11:31:10,2026-04-01 06:30:00
SCR-0000096,HS-000043,0,9,2026-02-28 03:17:58,2026-04-01 06:30:00
SCR-0000097,HS-000043,9,44,2026-03-03 12:19:04,2026-04-01 06:30:00
SCR-0000098,HS-000043,44,82,2026-03-05 13:27:25,2026-04-01 06:30:00
SCR-0000099,HS-000044,0,8,2025-11-10 11:19:32,2026-04-01 06:30:00
SCR-0000100,HS-000044,8,43,2025-11-21 09:26:24,2026-04-01 06:30:00
SCR-0000101,HS-000044,43,77,2025-11-22 05:17:41,2026-04-01 06:30:00
SCR-0000102,HS-000045,0,16,2026-02-10 15:26:05,2026-04-01 06:30:00
SCR-0000103,HS-000045,16,47,2026-02-27 07:47:31,2026-04-01 06:30:00
SCR-0000104,HS-000045,47,88,2026-03-01 02:38:50,2026-04-01 06:30:00
SCR-0000105,HS-000046,0,18,2025-10-14 07:06:13,2026-04-01 06:30:00
SCR-0000106,HS-000046,18,46,2025-10-16 11:41:23,2026-04-01 06:30:00
SCR-0000107,HS-000046,46,53,2025-10-19 01:30:51,2026-04-01 06:30:00
SCR-0000108,HS-000047,0,11,2026-01-05 09:18:21,2026-04-01 06:30:00
SCR-0000109,HS-000047,11,45,2026-01-15 16:52:23,2026-04-01 06:30:00
SCR-0000110,HS-000047,45,62,2026-01-16 04:26:16,2026-04-01 06:30:00
SCR-0000111,HS-000048,0,22,2025-12-16 01:43:18,2026-04-01 06:30:00
SCR-0000112,HS-000048,22,44,2025-12-20 00:38:23,2026-04-01 06:30:00
SCR-0000113,HS-000048,44,52,2025-12-22 04:55:41,2026-04-01 06:30:00
SCR-0000114,HS-000049,0,12,2026-02-22 15:21:41,2026-04-01 06:30:00
SCR-0000115,HS-000049,12,48,2026-02-26 02:55:45,2026-04-01 06:30:00
SCR-0000116,HS-000049,48,59,2026-02-27 16:42:51,2026-04-01 06:30:00
SCR-0000117,HS-000050,0,17,2025-11-23 06:28:11,2026-04-01 06:30:00
SCR-0000118,HS-000050,17,40,2025-11-28 19:19:00,2026-04-01 06:30:00
SCR-0000119,HS-000050,40,55,2025-12-01 13:41:42,2026-04-01 06:30:00
SCR-0000120,HS-000051,0,13,2026-03-08 01:54:34,2026-04-01 06:30:00
SCR-0000121,HS-000051,13,43,2026-03-12 09:15:40,2026-04-01 06:30:00
SCR-0000122,HS-000051,43,79,2026-03-12 21:49:20,2026-04-01 06:30:00
SCR-0000123,HS-000052,0,18,2025-11-27 08:42:33,2026-04-01 06:30:00
SCR-0000124,HS-000052,18,48,2025-12-02 03:54:16,2026-04-01 06:30:00
SCR-0000125,HS-000052,48,64,2025-12-05 03:31:54,2026-04-01 06:30:00
SCR-0000126,HS-000053,0,17,2025-12-01 01:52:35,2026-04-01 06:30:00
SCR-0000127,HS-000053,17,25,2025-12-06 03:22:38,2026-04-01 06:30:00
SCR-0000128,HS-000054,0,21,2025-10-16 15:43:47,2026-04-01 06:30:00
SCR-0000129,HS-000054,21,40,2025-10-20 10:00:11,2026-04-01 06:30:00
SCR-0000130,HS-000055,0,7,2025-10-18 16:18:08,2026-04-01 06:30:00
SCR-0000131,HS-000055,7,46,2025-10-29 09:43:54,2026-04-01 06:30:00
SCR-0000132,HS-000056,0,13,2025-12-15 18:35:40,2026-04-01 06:30:00
SCR-0000133,HS-000057,0,5,2025-09-05 04:33:16,2026-04-01 06:30:00
SCR-0000134,HS-000057,5,44,2025-09-10 17:47:33,2026-04-01 06:30:00
SCR-0000135,HS-000057,44,74,2025-09-10 21:17:02,2026-04-01 06:30:00
SCR-0000136,HS-000058,0,10,2026-01-21 09:49:51,2026-04-01 06:30:00
SCR-0000137,HS-000058,10,28,2026-02-05 17:20:24,2026-04-01 06:30:00
SCR-0000138,HS-000059,0,14,2025-11-06 13:01:25,2026-04-01 06:30:00
SCR-0000139,HS-000059,14,47,2025-11-10 05:25:32,2026-04-01 06:30:00
SCR-0000140,HS-000059,47,88,2025-11-10 10:40:43,2026-04-01 06:30:00
SCR-0000141,HS-000060,0,19,2025-11-25 15:42:08,2026-04-01 06:30:00
SCR-0000142,HS-000060,19,25,2025-11-28 16:48:30,2026-04-01 06:30:00
SCR-0000143,HS-000061,0,9,2026-03-20 11:55:51,2026-04-01 06:30:00
SCR-0000144,HS-000061,9,44,2026-03-26 06:05:03,2026-04-01 06:30:00
SCR-0000145,HS-000061,44,68,2026-03-28 05:06:17,2026-04-01 06:30:00
SCR-0000146,HS-000062,0,18,2025-12-19 15:57:21,2026-04-01 06:30:00
SCR-0000147,HS-000063,0,16,2026-03-13 11:28:05,2026-04-01 06:30:00
SCR-0000148,HS-000063,16,28,2026-03-30 19:29:45,2026-04-01 06:30:00
SCR-0000149,HS-000064,0,17,2025-09-29 04:51:28,2026-04-01 06:30:00
SCR-0000150,HS-000064,17,46,2025-10-06 23:01:21,2026-04-01 06:30:00
SCR-0000151,HS-000064,46,82,2025-10-08 14:58:11,2026-04-01 06:30:00
SCR-0000152,HS-000065,0,5,2026-01-04 17:24:23,2026-04-01 06:30:00
SCR-0000153,HS-000065,5,43,2026-01-12 11:21:46,2026-04-01 06:30:00
SCR-0000154,HS-000065,43,53,2026-01-13 15:52:44,2026-04-01 06:30:00
SCR-0000155,HS-000066,0,10,2025-09-21 00:35:07,2026-04-01 06:30:00
SCR-0000156,HS-000066,10,47,2025-10-02 14:34:52,2026-04-01 06:30:00
SCR-0000157,HS-000066,47,79,2025-10-04 22:25:28,2026-04-01 06:30:00
SCR-0000158,HS-000067,0,17,2025-10-13 23:56:48,2026-04-01 06:30:00
SCR-0000159,HS-000067,17,23,2025-11-01 04:20:01,2026-04-01 06:30:00
SCR-0000160,HS-000068,0,20,2025-10-21 00:45:07,2026-04-01 06:30:00
SCR-0000161,HS-000069,0,19,2026-01-05 00:54:32,2026-04-01 06:30:00
SCR-0000162,HS-000070,0,12,2025-11-18 13:27:07,2026-04-01 06:30:00
SCR-0000163,HS-000070,12,47,2025-11-22 05:27:54,2026-04-01 06:30:00
SCR-0000164,HS-000070,47,68,2025-11-25 00:26:17,2026-04-01 06:30:00
SCR-0000165,HS-000071,0,11,2025-09-24 03:06:35,2026-04-01 06:30:00
SCR-0000166,HS-000071,11,32,2025-09-28 17:10:18,2026-04-01 06:30:00
SCR-0000167,HS-000072,0,10,2025-09-02 06:50:28,2026-04-01 06:30:00
SCR-0000168,HS-000072,10,37,2025-09-20 21:56:07,2026-04-01 06:30:00
SCR-0000169,HS-000073,0,24,2025-11-05 07:49:19,2026-04-01 06:30:00
SCR-0000170,HS-000073,24,44,2025-11-16 23:48:39,2026-04-01 06:30:00
SCR-0000171,HS-000073,44,83,2025-11-19 10:45:26,2026-04-01 06:30:00
SCR-0000172,HS-000074,0,18,2025-08-21 09:52:09,2026-04-01 06:30:00
SCR-0000173,HS-000074,18,45,2025-09-04 08:41:27,2026-04-01 06:30:00
SCR-0000174,HS-000074,45,76,2025-09-04 22:30:33,2026-04-01 06:30:00
SCR-0000175,HS-000075,0,18,2025-12-25 05:05:28,2026-04-01 06:30:00
SCR-0000176,HS-000075,18,49,2026-01-06 12:02:45,2026-04-01 06:30:00
SCR-0000177,HS-000076,0,10,2025-09-03 03:22:01,2026-04-01 06:30:00
SCR-0000178,HS-000076,10,48,2025-09-05 10:03:50,2026-04-01 06:30:00
SCR-0000179,HS-000076,48,51,2025-09-06 11:17:25,2026-04-01 06:30:00
SCR-0000180,HS-000077,0,7,2025-12-11 20:39:16,2026-04-01 06:30:00
SCR-0000181,HS-000077,7,11,2025-12-23 16:39:44,2026-04-01 06:30:00
SCR-0000182,HS-000078,0,13,2026-02-11 08:54:05,2026-04-01 06:30:00
SCR-0000183,HS-000078,13,47,2026-02-16 12:05:45,2026-04-01 06:30:00
SCR-0000184,HS-000078,47,84,2026-02-19 00:40:44,2026-04-01 06:30:00
SCR-0000185,HS-000079,0,7,2025-11-01 04:48:08,2026-04-01 06:30:00
SCR-0000186,HS-000079,7,31,2025-11-07 16:04:01,2026-04-01 06:30:00
SCR-0000187,HS-000080,0,12,2025-10-25 16:09:45,2026-04-01 06:30:00
SCR-0000188,HS-000080,12,37,2025-10-28 14:18:34,2026-04-01 06:30:00
SCR-0000189,HS-000081,0,5,2025-09-27 15:29:32,2026-04-01 06:30:00
SCR-0000190,HS-000081,5,41,2025-09-30 17:33:05,2026-04-01 06:30:00
SCR-0000191,HS-000081,41,84,2025-10-02 05:38:24,2026-04-01 06:30:00
SCR-0000192,HS-000082,0,17,2025-12-13 09:18:24,2026-04-01 06:30:00
SCR-0000193,HS-000082,17,47,2025-12-28 12:26:50,2026-04-01 06:30:00
SCR-0000194,HS-000082,47,66,2025-12-29 23:41:35,2026-04-01 06:30:00
SCR-0000195,HS-000083,0,17,2025-09-13 03:27:49,2026-04-01 06:30:00
SCR-0000196,HS-000084,0,6,2026-03-24 18:19:05,2026-04-01 06:30:00
SCR-0000197,HS-000084,6,26,2026-04-03 04:17:04,2026-04-01 06:30:00
SCR-0000198,HS-000085,0,8,2025-09-06 17:34:48,2026-04-01 06:30:00
SCR-0000199,HS-000085,8,40,2025-09-12 04:19:17,2026-04-01 06:30:00
SCR-0000200,HS-000085,40,89,2025-09-13 10:39:11,2026-04-01 06:30:00
SCR-0000201,HS-000086,0,18,2025-10-27 19:53:32,2026-04-01 06:30:00
SCR-0000202,HS-000086,18,48,2025-11-01 00:24:12,2026-04-01 06:30:00
SCR-0000203,HS-000086,48,71,2025-11-01 09:46:00,2026-04-01 06:30:00
SCR-0000204,HS-000087,0,16,2026-02-16 21:35:09,2026-04-01 06:30:00
SCR-0000205,HS-000087,16,47,2026-02-24 00:03:21,2026-04-01 06:30:00
SCR-0000206,HS-000087,47,85,2026-02-25 02:54:46,2026-04-01 06:30:00
SCR-0000207,HS-000088,0,21,2026-01-03 19:04:07,2026-04-01 06:30:00
SCR-0000208,HS-000089,0,22,2026-02-28 04:27:22,2026-04-01 06:30:00
SCR-0000209,HS-000089,22,45,2026-03-10 17:09:29,2026-04-01 06:30:00
SCR-0000210,HS-000090,0,22,2025-10-29 18:30:08,2026-04-01 06:30:00
SCR-0000211,HS-000090,22,46,2025-11-02 10:10:09,2026-04-01 06:30:00
SCR-0000212,HS-000090,46,52,2025-11-05 02:09:50,2026-04-01 06:30:00
SCR-0000213,HS-000091,0,22,2025-10-10 21:39:26,2026-04-01 06:30:00
SCR-0000214,HS-000091,22,43,2025-10-19 07:38:33,2026-04-01 06:30:00
SCR-0000215,HS-000091,43,79,2025-10-21 05:44:49,2026-04-01 06:30:00
SCR-0000216,HS-000092,0,6,2025-09-04 17:36:31,2026-04-01 06:30:00
SCR-0000217,HS-000093,0,21,2025-11-15 14:58:28,2026-04-01 06:30:00
SCR-0000218,HS-000093,21,34,2025-12-03 06:21:34,2026-04-01 06:30:00
SCR-0000219,HS-000094,0,22,2025-09-20 01:24:03,2026-04-01 06:30:00
SCR-0000220,HS-000094,22,30,2025-10-06 12:53:19,2026-04-01 06:30:00
SCR-0000221,HS-000095,0,19,2025-11-23 14:05:13,2026-04-01 06:30:00
SCR-0000222,HS-000095,19,28,2025-12-04 06:04:54,2026-04-01 06:30:00
SCR-0000223,HS-000096,0,9,2025-10-23 11:26:39,2026-04-01 06:30:00
SCR-0000224,HS-000096,9,15,2025-10-31 03:22:43,2026-04-01 06:30:00
SCR-0000225,HS-000097,0,22,2026-01-17 01:52:02,2026-04-01 06:30:00
SCR-0000226,HS-000097,22,42,2026-01-22 07:44:36,2026-04-01 06:30:00
SCR-0000227,HS-000097,42,66,2026-01-23 21:34:16,2026-04-01 06:30:00
SCR-0000228,HS-000098,0,7,2025-09-22 02:56:02,2026-04-01 06:30:00
SCR-0000229,HS-000098,7,34,2025-09-27 21:30:36,2026-04-01 06:30:00
SCR-0000230,HS-000099,0,19,2025-12-02 12:04:27,2026-04-01 06:30:00
SCR-0000231,HS-000099,19,48,2025-12-09 02:50:37,2026-04-01 06:30:00
SCR-0000232,HS-000099,48,74,2025-12-09 05:03:05,2026-04-01 06:30:00
SCR-0000233,HS-000100,0,15,2025-09-18 21:42:02,2026-04-01 06:30:00
SCR-0000234,HS-000100,15,16,2025-09-20 10:15:44,2026-04-01 06:30:00
SCR-0000235,HS-000101,0,7,2026-01-01 09:35:28,2026-04-01 06:30:00
SCR-0000236,HS-000101,7,15,2026-01-20 15:53:08,2026-04-01 06:30:00
SCR-0000237,HS-000102,0,14,2025-11-25 13:46:53,2026-04-01 06:30:00
SCR-0000238,HS-000102,14,41,2025-12-06 00:47:28,2026-04-01 06:30:00
SCR-0000239,HS-000102,41,62,2025-12-08 06:33:53,2026-04-01 06:30:00
SCR-0000240,HS-000103,0,8,2025-12-28 00:10:38,2026-04-01 06:30:00
SCR-0000241,HS-000103,8,40,2026-01-01 22:53:26,2026-04-01 06:30:00
SCR-0000242,HS-000103,40,69,2026-01-04 09:39:03,2026-04-01 06:30:00
SCR-0000243,HS-000104,0,9,2025-10-03 19:56:09,2026-04-01 06:30:00
SCR-0000244,HS-000104,9,38,2025-10-19 12:19:51,2026-04-01 06:30:00
SCR-0000245,HS-000105,0,9,2025-10-08 17:40:36,2026-04-01 06:30:00
SCR-0000246,HS-000105,9,38,2025-10-24 02:16:27,2026-04-01 06:30:00
SCR-0000247,HS-000106,0,24,2026-01-11 18:35:01,2026-04-01 06:30:00
SCR-0000248,HS-000106,24,44,2026-01-19 15:05:30,2026-04-01 06:30:00
SCR-0000249,HS-000106,44,71,2026-01-19 18:10:04,2026-04-01 06:30:00
SCR-0000250,HS-000107,0,24,2025-12-27 06:46:12,2026-04-01 06:30:00
SCR-0000251,HS-000107,24,47,2025-12-29 21:54:19,2026-04-01 06:30:00
SCR-0000252,HS-000107,47,75,2025-12-30 02:17:39,2026-04-01 06:30:00
SCR-0000253,HS-000108,0,7,2026-03-26 13:32:08,2026-04-01 06:30:00
SCR-0000254,HS-000108,7,27,2026-04-13 02:45:02,2026-04-01 06:30:00
SCR-0000255,HS-000109,0,5,2026-01-20 00:27:15,2026-04-01 06:30:00
SCR-0000256,HS-000109,5,46,2026-02-02 19:49:02,2026-04-01 06:30:00
SCR-0000257,HS-000109,46,59,2026-02-04 02:28:46,2026-04-01 06:30:00
SCR-0000258,HS-000110,0,16,2026-03-03 13:48:39,2026-04-01 06:30:00
SCR-0000259,HS-000111,0,6,2026-01-16 23:11:24,2026-04-01 06:30:00
SCR-0000260,HS-000111,6,17,2026-02-03 05:35:53,2026-04-01 06:30:00
SCR-0000261,HS-000112,0,5,2026-02-16 21:06:33,2026-04-01 06:30:00
SCR-0000262,HS-000112,5,34,2026-02-19 03:21:59,2026-04-01 06:30:00
SCR-0000263,HS-000113,0,21,2025-12-25 11:54:39,2026-04-01 06:30:00
SCR-0000264,HS-000113,21,34,2026-01-03 15:49:18,2026-04-01 06:30:00
SCR-0000265,HS-000114,0,15,2025-11-12 23:51:44,2026-04-01 06:30:00
SCR-0000266,HS-000114,15,43,2025-11-19 00:07:45,2026-04-01 06:30:00
SCR-0000267,HS-000114,43,59,2025-11-21 14:16:33,2026-04-01 06:30:00
SCR-0000268,HS-000115,0,20,2026-01-24 07:19:12,2026-04-01 06:30:00
SCR-0000269,HS-000115,20,27,2026-01-31 12:08:21,2026-04-01 06:30:00
SCR-0000270,HS-000116,0,23,2025-09-03 15:09:09,2026-04-01 06:30:00
SCR-0000271,HS-000116,23,43,2025-09-07 07:23:53,2026-04-01 06:30:00
SCR-0000272,HS-000116,43,50,2025-09-10 02:27:57,2026-04-01 06:30:00
SCR-0000273,HS-000117,0,24,2025-11-20 05:23:12,2026-04-01 06:30:00
SCR-0000274,HS-000117,24,43,2025-11-27 08:38:30,2026-04-01 06:30:00
SCR-0000275,HS-000117,43,74,2025-11-30 07:57:59,2026-04-01 06:30:00
SCR-0000276,HS-000118,0,24,2025-12-07 03:11:15,2026-04-01 06:30:00
SCR-0000277,HS-000118,24,44,2025-12-11 07:01:36,2026-04-01 06:30:00
SCR-0000278,HS-000118,44,74,2025-12-12 12:56:58,2026-04-01 06:30:00
SCR-0000279,HS-000119,0,14,2025-12-07 06:32:35,2026-04-01 06:30:00
SCR-0000280,HS-000119,14,36,2025-12-23 19:46:42,2026-04-01 06:30:00
SCR-0000281,HS-000120,0,9,2025-09-29 11:53:43,2026-04-01 06:30:00
SCR-0000282,HS-000120,9,43,2025-10-03 10:22:37,2026-04-01 06:30:00
SCR-0000283,HS-000120,43,64,2025-10-06 05:52:53,2026-04-01 06:30:00
SCR-0000284,HS-000121,0,14,2025-12-01 21:36:52,2026-04-01 06:30:00
SCR-0000285,HS-000121,14,46,2025-12-09 02:06:37,2026-04-01 06:30:00
SCR-0000286,HS-000121,46,76,2025-12-11 17:49:27,2026-04-01 06:30:00
SCR-0000287,HS-000122,0,14,2026-01-29 08:02:17,2026-04-01 06:30:00
SCR-0000288,HS-000122,14,40,2026-02-03 22:11:00,2026-04-01 06:30:00
SCR-0000289,HS-000122,40,81,2026-02-06 05:36:20,2026-04-01 06:30:00
SCR-0000290,HS-000123,0,21,2025-10-29 20:09:06,2026-04-01 06:30:00
SCR-0000291,HS-000123,21,37,2025-11-02 21:56:45,2026-04-01 06:30:00
SCR-0000292,HS-000124,0,19,2025-09-24 01:42:09,2026-04-01 06:30:00
SCR-0000293,HS-000124,19,47,2025-09-28 19:07:23,2026-04-01 06:30:00
SCR-0000294,HS-000124,47,78,2025-09-30 07:32:34,2026-04-01 06:30:00
SCR-0000295,HS-000125,0,19,2025-12-08 04:03:09,2026-04-01 06:30:00
SCR-0000296,HS-000125,19,21,2025-12-16 08:53:52,2026-04-01 06:30:00
SCR-0000297,HS-000126,0,15,2025-11-16 13:05:18,2026-04-01 06:30:00
SCR-0000298,HS-000126,15,44,2025-12-03 09:54:10,2026-04-01 06:30:00
SCR-0000299,HS-000126,44,67,2025-12-05 07:49:59,2026-04-01 06:30:00
SCR-0000300,HS-000127,0,23,2026-01-13 21:57:25,2026-04-01 06:30:00
SCR-0000301,HS-000127,23,38,2026-01-23 03:12:45,2026-04-01 06:30:00
SCR-0000302,HS-000128,0,10,2026-01-07 17:23:31,2026-04-01 06:30:00
SCR-0000303,HS-000128,10,47,2026-01-13 16:47:26,2026-04-01 06:30:00
SCR-0000304,HS-000128,47,58,2026-01-14 14:06:31,2026-04-01 06:30:00
SCR-0000305,HS-000129,0,20,2025-10-05 09:17:03,2026-04-01 06:30:00
SCR-0000306,HS-000129,20,44,2025-10-10 22:26:35,2026-04-01 06:30:00
SCR-0000307,HS-000129,44,55,2025-10-12 17:43:25,2026-04-01 06:30:00
SCR-0000308,HS-000130,0,15,2025-11-12 04:08:17,2026-04-01 06:30:00
SCR-0000309,HS-000130,15,48,2025-11-22 02:25:19,2026-04-01 06:30:00
SCR-0000310,HS-000130,48,81,2025-11-23 09:40:13,2026-04-01 06:30:00
SCR-0000311,HS-000131,0,13,2025-10-10 19:50:24,2026-04-01 06:30:00
SCR-0000312,HS-000131,13,45,2025-10-18 12:23:06,2026-04-01 06:30:00
SCR-0000313,HS-000131,45,66,2025-10-19 21:59:16,2026-04-01 06:30:00
SCR-0000314,HS-000132,0,8,2026-02-27 20:19:47,2026-04-01 06:30:00
SCR-0000315,HS-000132,8,12,2026-03-13 23:00:49,2026-04-01 06:30:00
SCR-0000316,HS-000133,0,23,2025-12-09 14:24:18,2026-04-01 06:30:00
SCR-0000317,HS-000134,0,13,2026-02-24 03:35:09,2026-04-01 06:30:00
SCR-0000318,HS-000134,13,40,2026-02-26 15:15:37,2026-04-01 06:30:00
SCR-0000319,HS-000134,40,80,2026-03-01 11:56:45,2026-04-01 06:30:00
SCR-0000320,HS-000135,0,18,2026-03-11 18:38:47,2026-04-01 06:30:00
SCR-0000321,HS-000136,0,18,2025-08-30 11:57:26,2026-04-01 06:30:00
SCR-0000322,HS-000136,18,48,2025-09-02 04:01:31,2026-04-01 06:30:00
SCR-0000323,HS-000136,48,59,2025-09-03 14:00:43,2026-04-01 06:30:00
SCR-0000324,HS-000137,0,9,2025-12-31 09:35:26,2026-04-01 06:30:00
SCR-0000325,HS-000137,9,32,2026-01-04 05:45:53,2026-04-01 06:30:00
SCR-0000326,HS-000138,0,10,2025-10-22 01:32:48,2026-04-01 06:30:00
SCR-0000327,HS-000138,10,43,2025-10-26 16:23:12,2026-04-01 06:30:00
SCR-0000328,HS-000138,43,51,2025-10-28 05:19:01,2026-04-01 06:30:00
SCR-0000329,HS-000139,0,22,2025-09-01 23:46:25,2026-04-01 06:30:00
SCR-0000330,HS-000139,22,43,2025-09-09 17:46:34,2026-04-01 06:30:00
SCR-0000331,HS-000139,43,72,2025-09-11 21:43:58,2026-04-01 06:30:00
SCR-0000332,HS-000140,0,23,2025-09-24 01:18:37,2026-04-01 06:30:00
SCR-0000333,HS-000141,0,13,2025-12-26 15:39:11,2026-04-01 06:30:00
SCR-0000334,HS-000141,13,48,2026-01-05 01:47:52,2026-04-01 06:30:00
SCR-0000335,HS-000141,48,88,2026-01-06 22:46:50,2026-04-01 06:30:00
SCR-0000336,HS-000142,0,13,2026-01-11 15:24:48,2026-04-01 06:30:00
SCR-0000337,HS-000142,13,40,2026-01-22 19:23:07,2026-04-01 06:30:00
SCR-0000338,HS-000142,40,86,2026-01-25 05:13:35,2026-04-01 06:30:00
SCR-0000339,HS-000143,0,13,2025-10-06 11:25:17,2026-04-01 06:30:00
SCR-0000340,HS-000143,13,44,2025-10-17 14:59:46,2026-04-01 06:30:00
SCR-0000341,HS-000143,44,66,2025-10-17 15:43:25,2026-04-01 06:30:00
SCR-0000342,HS-000144,0,12,2025-11-22 14:05:37,2026-04-01 06:30:00
SCR-0000343,HS-000144,12,41,2025-11-27 13:27:00,2026-04-01 06:30:00
SCR-0000344,HS-000144,41,71,2025-11-30 06:57:18,2026-04-01 06:30:00
SCR-0000345,HS-000145,0,5,2026-02-13 18:37:23,2026-04-01 06:30:00
SCR-0000346,HS-000145,5,40,2026-02-19 15:13:41,2026-04-01 06:30:00
SCR-0000347,HS-000145,40,53,2026-02-20 15:38:18,2026-04-01 06:30:00
SCR-0000348,HS-000146,0,23,2025-11-15 04:37:24,2026-04-01 06:30:00
SCR-0000349,HS-000146,23,42,2025-11-26 20:40:09,2026-04-01 06:30:00
SCR-0000350,HS-000146,42,83,2025-11-29 12:17:00,2026-04-01 06:30:00
SCR-0000351,HS-000147,0,14,2026-02-27 09:34:43,2026-04-01 06:30:00
SCR-0000352,HS-000147,14,45,2026-03-06 18:38:58,2026-04-01 06:30:00
SCR-0000353,HS-000147,45,55,2026-03-08 03:34:40,2026-04-01 06:30:00
SCR-0000354,HS-000148,0,23,2025-10-22 16:10:15,2026-04-01 06:30:00
SCR-0000355,HS-000148,23,42,2025-10-29 14:12:59,2026-04-01 06:30:00
SCR-0000356,HS-000148,42,73,2025-10-29 23:05:02,2026-04-01 06:30:00
SCR-0000357,HS-000149,0,17,2026-02-20 21:20:25,2026-04-01 06:30:00
SCR-0000358,HS-000149,17,46,2026-02-26 19:09:57,2026-04-01 06:30:00
SCR-0000359,HS-000149,46,65,2026-02-28 16:32:59,2026-04-01 06:30:00
SCR-0000360,HS-000150,0,17,2025-12-24 12:10:20,2026-04-01 06:30:00
SCR-0000361,HS-000150,17,21,2025-12-25 18:53:49,2026-04-01 06:30:00
SCR-0000362,HS-000151,0,10,2025-10-10 08:20:27,2026-04-01 06:30:00
SCR-0000363,HS-000152,0,16,2026-02-25 03:37:23,2026-04-01 06:30:00
SCR-0000364,HS-000152,16,48,2026-03-06 00:58:54,2026-04-01 06:30:00
SCR-0000365,HS-000152,48,60,2026-03-06 18:30:11,2026-04-01 06:30:00
SCR-0000366,HS-000153,0,11,2025-11-13 18:44:37,2026-04-01 06:30:00
SCR-0000367,HS-000153,11,18,2025-11-28 08:29:00,2026-04-01 06:30:00
SCR-0000368,HS-000154,0,6,2025-12-06 06:35:21,2026-04-01 06:30:00
SCR-0000369,HS-000154,6,48,2025-12-11 09:11:48,2026-04-01 06:30:00
SCR-0000370,HS-000154,48,81,2025-12-14 00:54:52,2026-04-01 06:30:00
SCR-0000371,HS-000155,0,17,2025-12-05 02:28:56,2026-04-01 06:30:00
SCR-0000372,HS-000155,17,47,2025-12-11 15:26:13,2026-04-01 06:30:00
SCR-0000373,HS-000155,47,80,2025-12-13 08:47:30,2026-04-01 06:30:00
SCR-0000374,HS-000156,0,10,2026-01-27 03:27:27,2026-04-01 06:30:00
SCR-0000375,HS-000157,0,9,2025-09-02 01:47:23,2026-04-01 06:30:00
SCR-0000376,HS-000157,9,41,2025-09-05 13:26:26,2026-04-01 06:30:00
SCR-0000377,HS-000157,41,63,2025-09-06 06:14:35,2026-04-01 06:30:00
SCR-0000378,HS-000158,0,19,2025-09-14 06:28:52,2026-04-01 06:30:00
SCR-0000379,HS-000159,0,12,2026-02-27 21:05:37,2026-04-01 06:30:00
SCR-0000380,HS-000159,12,46,2026-03-02 09:49:01,2026-04-01 06:30:00
SCR-0000381,HS-000160,0,23,2026-01-19 15:41:11,2026-04-01 06:30:00
SCR-0000382,HS-000160,23,33,2026-02-02 01:40:25,2026-04-01 06:30:00
SCR-0000383,HS-000161,0,24,2025-11-04 08:53:57,2026-04-01 06:30:00
SCR-0000384,HS-000161,24,46,2025-11-09 03:39:49,2026-04-01 06:30:00
SCR-0000385,HS-000161,46,60,2025-11-11 21:20:14,2026-04-01 06:30:00
SCR-0000386,HS-000162,0,16,2025-10-10 13:39:00,2026-04-01 06:30:00
SCR-0000387,HS-000162,16,48,2025-10-24 19:43:44,2026-04-01 06:30:00
SCR-0000388,HS-000162,48,79,2025-10-26 07:18:08,2026-04-01 06:30:00
SCR-0000389,HS-000163,0,12,2026-03-24 12:37:20,2026-04-01 06:30:00
SCR-0000390,HS-000163,12,24,2026-04-11 19:10:58,2026-04-01 06:30:00
SCR-0000391,HS-000164,0,22,2025-10-07 13:04:12,2026-04-01 06:30:00
SCR-0000392,HS-000164,22,30,2025-10-13 06:30:15,2026-04-01 06:30:00
SCR-0000393,HS-000165,0,20,2025-12-30 13:40:20,2026-04-01 06:30:00
SCR-0000394,HS-000166,0,15,2026-02-24 21:12:38,2026-04-01 06:30:00
SCR-0000395,HS-000166,15,36,2026-03-12 00:05:15,2026-04-01 06:30:00
SCR-0000396,HS-000167,0,9,2026-02-27 03:42:35,2026-04-01 06:30:00
SCR-0000397,HS-000167,9,47,2026-03-13 17:20:59,2026-04-01 06:30:00
SCR-0000398,HS-000167,47,90,2026-03-13 17:44:44,2026-04-01 06:30:00
SCR-0000399,HS-000168,0,8,2025-12-18 02:32:58,2026-04-01 06:30:00
SCR-0000400,HS-000168,8,44,2026-01-05 11:46:43,2026-04-01 06:30:00
SCR-0000401,HS-000168,44,59,2026-01-06 02:53:34,2026-04-01 06:30:00
SCR-0000402,HS-000169,0,9,2026-03-26 17:50:14,2026-04-01 06:30:00
SCR-0000403,HS-000169,9,39,2026-04-03 18:09:58,2026-04-01 06:30:00
SCR-0000404,HS-000170,0,12,2025-11-19 11:57:19,2026-04-01 06:30:00
SCR-0000405,HS-000170,12,23,2025-12-03 22:42:45,2026-04-01 06:30:00
SCR-0000406,HS-000171,0,21,2025-10-31 00:18:57,2026-04-01 06:30:00
SCR-0000407,HS-000171,21,38,2025-11-16 22:51:04,2026-04-01 06:30:00
SCR-0000408,HS-000172,0,14,2025-11-09 05:36:53,2026-04-01 06:30:00
SCR-0000409,HS-000172,14,23,2025-11-23 01:56:21,2026-04-01 06:30:00
SCR-0000410,HS-000173,0,7,2025-10-04 09:03:50,2026-04-01 06:30:00
SCR-0000411,HS-000173,7,16,2025-10-23 13:52:31,2026-04-01 06:30:00
SCR-0000412,HS-000174,0,24,2025-11-05 09:42:34,2026-04-01 06:30:00
SCR-0000413,HS-000174,24,48,2025-11-21 08:31:34,2026-04-01 06:30:00
SCR-0000414,HS-000174,48,58,2025-11-24 05:19:26,2026-04-01 06:30:00
SCR-0000415,HS-000175,0,22,2025-10-01 03:01:35,2026-04-01 06:30:00
SCR-0000416,HS-000175,22,31,2025-10-20 06:17:23,2026-04-01 06:30:00
SCR-0000417,HS-000176,0,14,2025-11-28 01:47:37,2026-04-01 06:30:00
SCR-0000418,HS-000176,14,22,2025-12-08 15:30:13,2026-04-01 06:30:00
SCR-0000419,HS-000177,0,10,2026-02-25 17:14:56,2026-04-01 06:30:00
SCR-0000420,HS-000177,10,47,2026-03-03 07:15:25,2026-04-01 06:30:00
SCR-0000421,HS-000177,47,89,2026-03-06 01:39:53,2026-04-01 06:30:00
SCR-0000422,HS-000178,0,22,2026-01-08 18:22:13,2026-04-01 06:30:00
SCR-0000423,HS-000179,0,16,2025-11-14 20:10:07,2026-04-01 06:30:00
SCR-0000424,HS-000179,16,43,2025-11-24 21:23:31,2026-04-01 06:30:00
SCR-0000425,HS-000180,0,18,2025-11-23 00:36:21,2026-04-01 06:30:00
SCR-0000426,HS-000180,18,46,2025-12-01 14:38:24,2026-04-01 06:30:00
SCR-0000427,HS-000180,46,58,2025-12-03 04:21:08,2026-04-01 06:30:00
SCR-0000428,HS-000181,0,15,2026-02-21 10:15:03,2026-04-01 06:30:00
SCR-0000429,HS-000181,15,44,2026-03-03 03:06:00,2026-04-01 06:30:00
SCR-0000430,HS-000181,44,75,2026-03-05 11:44:47,2026-04-01 06:30:00
SCR-0000431,HS-000182,0,18,2025-12-21 20:04:45,2026-04-01 06:30:00
SCR-0000432,HS-000182,18,43,2025-12-27 17:04:34,2026-04-01 06:30:00
SCR-0000433,HS-000182,43,64,2025-12-28 16:08:36,2026-04-01 06:30:00
SCR-0000434,HS-000183,0,8,2026-01-22 16:38:39,2026-04-01 06:30:00
SCR-0000435,HS-000183,8,48,2026-01-30 03:53:32,2026-04-01 06:30:00
SCR-0000436,HS-000183,48,56,2026-01-30 15:17:10,2026-04-01 06:30:00
SCR-0000437,HS-000184,0,7,2026-03-11 13:20:59,2026-04-01 06:30:00
SCR-0000438,HS-000184,7,31,2026-03-21 14:55:11,2026-04-01 06:30:00
SCR-0000439,HS-000185,0,11,2026-02-17 23:27:35,2026-04-01 06:30:00
SCR-0000440,HS-000185,11,41,2026-02-20 23:41:14,2026-04-01 06:30:00
SCR-0000441,HS-000185,41,85,2026-02-23 21:35:13,2026-04-01 06:30:00
SCR-0000442,HS-000186,0,9,2026-03-10 07:18:21,2026-04-01 06:30:00
SCR-0000443,HS-000186,9,27,2026-03-17 06:31:29,2026-04-01 06:30:00
SCR-0000444,HS-000187,0,14,2025-12-26 21:20:23,2026-04-01 06:30:00
SCR-0000445,HS-000187,14,48,2026-01-07 21:18:13,2026-04-01 06:30:00
SCR-0000446,HS-000187,48,56,2026-01-10 17:54:56,2026-04-01 06:30:00
SCR-0000447,HS-000188,0,10,2026-02-16 19:35:23,2026-04-01 06:30:00
SCR-0000448,HS-000188,10,40,2026-02-21 11:55:22,2026-04-01 06:30:00
SCR-0000449,HS-000188,40,82,2026-02-24 05:43:07,2026-04-01 06:30:00
SCR-0000450,HS-000189,0,9,2025-12-10 23:50:27,2026-04-01 06:30:00
SCR-0000451,HS-000190,0,5,2025-10-17 19:31:24,2026-04-01 06:30:00
SCR-0000452,HS-000190,5,48,2025-10-23 05:03:23,2026-04-01 06:30:00
SCR-0000453,HS-000190,48,83,2025-10-24 18:09:45,2026-04-01 06:30:00
SCR-0000454,HS-000191,0,13,2026-03-05 15:05:10,2026-04-01 06:30:00
SCR-0000455,HS-000192,0,17,2025-11-17 22:45:52,2026-04-01 06:30:00
SCR-0000456,HS-000192,17,23,2025-11-26 21:33:00,2026-04-01 06:30:00
SCR-0000457,HS-000193,0,23,2026-02-04 06:17:42,2026-04-01 06:30:00
SCR-0000458,HS-000194,0,12,2025-11-30 11:10:36,2026-04-01 06:30:00
SCR-0000459,HS-000194,12,43,2025-12-05 16:14:24,2026-04-01 06:30:00
SCR-0000460,HS-000194,43,68,2025-12-07 05:46:45,2026-04-01 06:30:00
SCR-0000461,HS-000195,0,19,2025-09-23 19:33:39,2026-04-01 06:30:00
SCR-0000462,HS-000195,19,37,2025-10-07 09:19:23,2026-04-01 06:30:00
SCR-0000463,HS-000196,0,15,2025-09-28 07:50:29,2026-04-01 06:30:00
SCR-0000464,HS-000196,15,26,2025-09-30 10:54:39,2026-04-01 06:30:00
SCR-0000465,HS-000197,0,18,2025-12-03 16:36:55,2026-04-01 06:30:00
SCR-0000466,HS-000197,18,46,2025-12-06 22:28:11,2026-04-01 06:30:00
SCR-0000467,HS-000197,46,73,2025-12-07 12:06:04,2026-04-01 06:30:00
SCR-0000468,HS-000198,0,23,2026-03-14 17:02:30,2026-04-01 06:30:00
SCR-0000469,HS-000198,23,42,2026-03-17 18:37:34,2026-04-01 06:30:00
SCR-0000470,HS-000198,42,69,2026-03-19 17:18:40,2026-04-01 06:30:00
SCR-0000471,HS-000199,0,7,2026-02-28 05:52:30,2026-04-01 06:30:00
SCR-0000472,HS-000200,0,23,2025-09-25 01:10:33,2026-04-01 06:30:00
SCR-0000473,HS-000200,23,27,2025-09-27 11:40:35,2026-04-01 06:30:00
SCR-0000474,HS-000201,0,16,2025-09-04 19:49:25,2026-04-01 06:30:00
SCR-0000475,HS-000201,16,28,2025-09-20 20:21:35,2026-04-01 06:30:00
SCR-0000476,HS-000202,0,21,2025-09-04 01:10:01,2026-04-01 06:30:00
SCR-0000477,HS-000202,21,41,2025-09-06 09:06:32,2026-04-01 06:30:00
SCR-0000478,HS-000202,41,65,2025-09-09 02:19:16,2026-04-01 06:30:00
SCR-0000479,HS-000203,0,18,2025-09-13 13:36:41,2026-04-01 06:30:00
SCR-0000480,HS-000203,18,30,2025-09-22 10:58:18,2026-04-01 06:30:00
SCR-0000481,HS-000204,0,8,2026-01-29 14:42:37,2026-04-01 06:30:00
SCR-0000482,HS-000204,8,48,2026-02-04 02:59:13,2026-04-01 06:30:00
SCR-0000483,HS-000204,48,64,2026-02-04 12:55:38,2026-04-01 06:30:00
SCR-0000484,HS-000205,0,14,2026-03-06 14:19:43,2026-04-01 06:30:00
SCR-0000485,HS-000205,14,40,2026-03-10 22:42:42,2026-04-01 06:30:00
SCR-0000486,HS-000205,40,53,2026-03-13 01:27:20,2026-04-01 06:30:00
SCR-0000487,HS-000206,0,18,2025-12-26 06:26:23,2026-04-01 06:30:00
SCR-0000488,HS-000206,18,36,2025-12-30 00:43:10,2026-04-01 06:30:00
SCR-0000489,HS-000207,0,24,2025-12-22 07:22:09,2026-04-01 06:30:00
SCR-0000490,HS-000207,24,45,2025-12-25 12:00:07,2026-04-01 06:30:00
SCR-0000491,HS-000207,45,89,2025-12-28 05:37:44,2026-04-01 06:30:00
SCR-0000492,HS-000208,0,5,2025-10-09 04:20:38,2026-04-01 06:30:00
SCR-0000493,HS-000208,5,16,2025-10-24 23:43:25,2026-04-01 06:30:00
SCR-0000494,HS-000209,0,12,2025-11-19 19:13:08,2026-04-01 06:30:00
SCR-0000495,HS-000209,12,47,2025-11-27 04:59:38,2026-04-01 06:30:00
SCR-0000496,HS-000209,47,58,2025-11-29 19:09:53,2026-04-01 06:30:00
SCR-0000497,HS-000210,0,5,2025-10-27 09:11:15,2026-04-01 06:30:00
SCR-0000498,HS-000210,5,37,2025-10-30 16:06:27,2026-04-01 06:30:00
SCR-0000499,HS-000211,0,6,2025-12-03 00:04:20,2026-04-01 06:30:00
SCR-0000500,HS-000212,0,18,2025-10-10 05:33:43,2026-04-01 06:30:00
SCR-0000501,HS-000212,18,44,2025-10-15 03:43:41,2026-04-01 06:30:00
SCR-0000502,HS-000212,44,87,2025-10-18 01:13:03,2026-04-01 06:30:00
SCR-0000503,HS-000213,0,14,2025-11-16 21:55:08,2026-04-01 06:30:00
SCR-0000504,HS-000213,14,39,2025-11-30 05:30:19,2026-04-01 06:30:00
SCR-0000505,HS-000214,0,13,2026-03-09 07:18:00,2026-04-01 06:30:00
SCR-0000506,HS-000214,13,43,2026-03-24 01:40:52,2026-04-01 06:30:00
SCR-0000507,HS-000215,0,10,2025-08-24 11:55:15,2026-04-01 06:30:00
SCR-0000508,HS-000215,10,42,2025-09-01 15:10:28,2026-04-01 06:30:00
SCR-0000509,HS-000216,0,20,2026-02-07 17:39:51,2026-04-01 06:30:00
SCR-0000510,HS-000216,20,45,2026-02-14 09:34:52,2026-04-01 06:30:00
SCR-0000511,HS-000216,45,51,2026-02-15 03:01:17,2026-04-01 06:30:00
SCR-0000512,HS-000217,0,14,2026-02-11 23:52:08,2026-04-01 06:30:00
SCR-0000513,HS-000218,0,23,2025-10-20 14:34:23,2026-04-01 06:30:00
SCR-0000514,HS-000218,23,43,2025-10-25 06:06:36,2026-04-01 06:30:00
SCR-0000515,HS-000218,43,78,2025-10-27 05:33:53,2026-04-01 06:30:00
SCR-0000516,HS-000219,0,15,2026-03-04 06:45:52,2026-04-01 06:30:00
SCR-0000517,HS-000219,15,30,2026-03-22 22:44:16,2026-04-01 06:30:00
SCR-0000518,HS-000220,0,13,2025-10-31 04:07:30,2026-04-01 06:30:00
SCR-0000519,HS-000221,0,20,2025-10-07 00:08:34,2026-04-01 06:30:00
SCR-0000520,HS-000222,0,23,2025-09-29 11:21:19,2026-04-01 06:30:00
SCR-0000521,HS-000223,0,13,2026-02-22 10:08:19,2026-04-01 06:30:00
SCR-0000522,HS-000223,13,42,2026-03-04 14:06:41,2026-04-01 06:30:00
SCR-0000523,HS-000223,42,65,2026-03-07 02:25:27,2026-04-01 06:30:00
SCR-0000524,HS-000224,0,19,2025-09-10 08:53:40,2026-04-01 06:30:00
SCR-0000525,HS-000224,19,40,2025-09-17 12:09:00,2026-04-01 06:30:00
SCR-0000526,HS-000224,40,70,2025-09-19 10:00:47,2026-04-01 06:30:00
SCR-0000527,HS-000225,0,14,2026-02-01 05:35:47,2026-04-01 06:30:00
SCR-0000528,HS-000225,14,47,2026-02-07 06:43:18,2026-04-01 06:30:00
SCR-0000529,HS-000225,47,84,2026-02-10 02:45:30,2026-04-01 06:30:00
SCR-0000530,HS-000226,0,21,2025-12-28 00:24:11,2026-04-01 06:30:00
SCR-0000531,HS-000227,0,17,2025-11-02 16:09:41,2026-04-01 06:30:00
SCR-0000532,HS-000228,0,21,2026-01-03 20:33:29,2026-04-01 06:30:00
SCR-0000533,HS-000229,0,9,2025-12-25 22:27:16,2026-04-01 06:30:00
SCR-0000534,HS-000229,9,46,2026-01-03 03:42:44,2026-04-01 06:30:00
SCR-0000535,HS-000229,46,84,2026-01-04 12:40:21,2026-04-01 06:30:00
SCR-0000536,HS-000230,0,15,2025-10-03 23:13:01,2026-04-01 06:30:00
SCR-0000537,HS-000231,0,21,2025-10-06 18:37:44,2026-04-01 06:30:00
SCR-0000538,HS-000231,21,42,2025-10-15 23:04:29,2026-04-01 06:30:00
SCR-0000539,HS-000231,42,80,2025-10-18 21:58:21,2026-04-01 06:30:00
SCR-0000540,HS-000232,0,10,2025-12-15 07:47:12,2026-04-01 06:30:00
SCR-0000541,HS-000233,0,23,2025-11-23 19:06:50,2026-04-01 06:30:00
SCR-0000542,HS-000233,23,38,2025-11-28 12:12:17,2026-04-01 06:30:00
SCR-0000543,HS-000234,0,16,2025-09-14 23:19:41,2026-04-01 06:30:00
SCR-0000544,HS-000234,16,19,2025-09-16 19:28:44,2026-04-01 06:30:00
SCR-0000545,HS-000235,0,16,2025-12-27 14:07:21,2026-04-01 06:30:00
SCR-0000546,HS-000235,16,44,2026-01-01 12:18:44,2026-04-01 06:30:00
SCR-0000547,HS-000235,44,86,2026-01-02 03:10:29,2026-04-01 06:30:00
SCR-0000548,HS-000236,0,23,2025-11-07 02:33:52,2026-04-01 06:30:00
SCR-0000549,HS-000236,23,43,2025-11-11 02:07:14,2026-04-01 06:30:00
SCR-0000550,HS-000236,43,62,2025-11-12 17:56:10,2026-04-01 06:30:00
SCR-0000551,HS-000237,0,10,2026-03-08 12:02:41,2026-04-01 06:30:00
SCR-0000552,HS-000237,10,31,2026-03-14 08:10:18,2026-04-01 06:30:00
SCR-0000553,HS-000238,0,22,2025-10-10 22:50:49,2026-04-01 06:30:00
SCR-0000554,HS-000238,22,28,2025-10-14 02:49:03,2026-04-01 06:30:00
SCR-0000555,HS-000239,0,19,2025-10-25 16:19:04,2026-04-01 06:30:00
SCR-0000556,HS-000239,19,39,2025-11-02 01:05:56,2026-04-01 06:30:00
SCR-0000557,HS-000240,0,21,2026-01-19 09:52:57,2026-04-01 06:30:00
SCR-0000558,HS-000240,21,48,2026-01-31 00:41:48,2026-04-01 06:30:00
SCR-0000559,HS-000240,48,84,2026-02-01 18:01:23,2026-04-01 06:30:00
SCR-0000560,HS-000241,0,23,2025-09-02 15:05:45,2026-04-01 06:30:00
SCR-0000561,HS-000242,0,5,2026-03-01 14:14:40,2026-04-01 06:30:00
SCR-0000562,HS-000242,5,40,2026-03-18 16:36:35,2026-04-01 06:30:00
SCR-0000563,HS-000242,40,70,2026-03-19 03:44:49,2026-04-01 06:30:00
SCR-0000564,HS-000243,0,12,2026-03-03 12:04:06,2026-04-01 06:30:00
SCR-0000565,HS-000243,12,41,2026-03-14 21:41:34,2026-04-01 06:30:00
SCR-0000566,HS-000243,41,85,2026-03-17 02:20:24,2026-04-01 06:30:00
SCR-0000567,HS-000244,0,19,2025-09-17 04:40:13,2026-04-01 06:30:00
SCR-0000568,HS-000244,19,42,2025-09-22 02:25:27,2026-04-01 06:30:00
SCR-0000569,HS-000244,42,52,2025-09-23 07:18:12,2026-04-01 06:30:00
SCR-0000570,HS-000245,0,5,2026-02-09 23:45:10,2026-04-01 06:30:00
SCR-0000571,HS-000245,5,20,2026-02-21 07:53:28,2026-04-01 06:30:00
SCR-0000572,HS-000246,0,6,2025-12-26 13:26:07,2026-04-01 06:30:00
SCR-0000573,HS-000246,6,43,2025-12-31 07:02:17,2026-04-01 06:30:00
SCR-0000574,HS-000246,43,65,2026-01-02 08:21:12,2026-04-01 06:30:00
SCR-0000575,HS-000247,0,19,2025-09-11 16:59:26,2026-04-01 06:30:00
SCR-0000576,HS-000247,19,30,2025-09-22 16:35:58,2026-04-01 06:30:00
SCR-0000577,HS-000248,0,16,2026-01-22 07:10:24,2026-04-01 06:30:00
SCR-0000578,HS-000248,16,48,2026-01-25 15:57:13,2026-04-01 06:30:00
SCR-0000579,HS-000248,48,86,2026-01-27 02:50:45,2026-04-01 06:30:00
SCR-0000580,HS-000249,0,11,2025-10-27 08:07:15,2026-04-01 06:30:00
SCR-0000581,HS-000250,0,22,2026-01-20 23:58:41,2026-04-01 06:30:00
SCR-0000582,HS-000250,22,48,2026-01-25 09:00:35,2026-04-01 06:30:00
SCR-0000583,HS-000250,48,79,2026-01-26 23:53:43,2026-04-01 06:30:00
SCR-0000584,HS-000251,0,8,2025-10-23 06:31:51,2026-04-01 06:30:00
SCR-0000585,HS-000251,8,43,2025-10-30 15:08:55,2026-04-01 06:30:00
SCR-0000586,HS-000251,43,87,2025-11-02 02:44:38,2026-04-01 06:30:00
SCR-0000587,HS-000252,0,22,2025-12-29 04:56:23,2026-04-01 06:30:00
SCR-0000588,HS-000252,22,46,2026-01-03 22:05:27,2026-04-01 06:30:00
SCR-0000589,HS-000252,46,68,2026-01-03 23:54:06,2026-04-01 06:30:00
SCR-0000590,HS-000253,0,24,2026-01-16 17:09:14,2026-04-01 06:30:00
SCR-0000591,HS-000253,24,41,2026-01-20 02:43:08,2026-04-01 06:30:00
SCR-0000592,HS-000253,41,74,2026-01-22 11:45:40,2026-04-01 06:30:00
SCR-0000593,HS-000254,0,5,2026-02-26 00:25:25,2026-04-01 06:30:00
SCR-0000594,HS-000255,0,8,2025-09-06 01:53:35,2026-04-01 06:30:00
SCR-0000595,HS-000255,8,45,2025-09-11 04:57:03,2026-04-01 06:30:00
SCR-0000596,HS-000255,45,61,2025-09-13 15:19:17,2026-04-01 06:30:00
SCR-0000597,HS-000256,0,5,2025-11-16 13:13:45,2026-04-01 06:30:00
SCR-0000598,HS-000257,0,17,2025-12-15 15:12:17,2026-04-01 06:30:00
SCR-0000599,HS-000258,0,5,2026-01-05 05:07:28,2026-04-01 06:30:00
SCR-0000600,HS-000258,5,27,2026-01-09 22:54:22,2026-04-01 06:30:00
SCR-0000601,HS-000259,0,23,2025-11-12 03:23:54,2026-04-01 06:30:00
SCR-0000602,HS-000259,23,36,2025-11-25 17:06:15,2026-04-01 06:30:00
SCR-0000603,HS-000260,0,22,2025-12-02 02:03:06,2026-04-01 06:30:00
SCR-0000604,HS-000261,0,23,2026-01-25 11:58:49,2026-04-01 06:30:00
SCR-0000605,HS-000261,23,30,2026-02-03 02:28:28,2026-04-01 06:30:00
SCR-0000606,HS-000262,0,17,2025-12-06 09:57:40,2026-04-01 06:30:00
SCR-0000607,HS-000262,17,40,2025-12-10 11:12:46,2026-04-01 06:30:00
SCR-0000608,HS-000262,40,55,2025-12-11 18:44:33,2026-04-01 06:30:00
SCR-0000609,HS-000263,0,8,2026-03-03 03:21:48,2026-04-01 06:30:00
SCR-0000610,HS-000263,8,10,2026-03-17 23:54:26,2026-04-01 06:30:00
SCR-0000611,HS-000264,0,22,2025-12-21 10:30:37,2026-04-01 06:30:00
SCR-0000612,HS-000264,22,42,2026-01-03 18:47:30,2026-04-01 06:30:00
SCR-0000613,HS-000264,42,83,2026-01-05 19:43:07,2026-04-01 06:30:00
SCR-0000614,HS-000265,0,17,2026-03-18 01:41:58,2026-04-01 06:30:00
SCR-0000615,HS-000265,17,46,2026-03-27 20:23:55,2026-04-01 06:30:00
SCR-0000616,HS-000265,46,89,2026-03-28 19:23:41,2026-04-01 06:30:00
SCR-0000617,HS-000266,0,11,2025-10-09 19:45:51,2026-04-01 06:30:00
SCR-0000618,HS-000266,11,42,2025-10-13 09:49:13,2026-04-01 06:30:00
SCR-0000619,HS-000266,42,84,2025-10-14 21:10:14,2026-04-01 06:30:00
SCR-0000620,HS-000267,0,14,2025-11-13 18:21:49,2026-04-01 06:30:00
SCR-0000621,HS-000267,14,17,2025-11-29 12:52:26,2026-04-01 06:30:00
SCR-0000622,HS-000268,0,21,2025-10-06 03:25:13,2026-04-01 06:30:00
SCR-0000623,HS-000269,0,16,2025-12-12 06:57:02,2026-04-01 06:30:00
SCR-0000624,HS-000269,16,41,2025-12-24 21:58:01,2026-04-01 06:30:00
SCR-0000625,HS-000269,41,55,2025-12-25 22:42:40,2026-04-01 06:30:00
SCR-0000626,HS-000270,0,13,2025-12-14 00:21:35,2026-04-01 06:30:00
SCR-0000627,HS-000270,13,28,2026-01-02 19:54:34,2026-04-01 06:30:00
SCR-0000628,HS-000271,0,18,2025-11-25 07:42:45,2026-04-01 06:30:00
SCR-0000629,HS-000272,0,22,2025-11-27 08:03:47,2026-04-01 06:30:00
SCR-0000630,HS-000273,0,13,2026-02-12 02:53:52,2026-04-01 06:30:00
SCR-0000631,HS-000273,13,40,2026-02-17 17:51:57,2026-04-01 06:30:00
SCR-0000632,HS-000273,40,61,2026-02-19 17:46:59,2026-04-01 06:30:00
SCR-0000633,HS-000274,0,9,2025-12-11 13:52:51,2026-04-01 06:30:00
SCR-0000634,HS-000274,9,42,2025-12-29 17:42:47,2026-04-01 06:30:00
SCR-0000635,HS-000274,42,89,2025-12-30 11:52:18,2026-04-01 06:30:00
SCR-0000636,HS-000275,0,9,2025-09-28 01:07:48,2026-04-01 06:30:00
SCR-0000637,HS-000275,9,43,2025-10-04 02:45:08,2026-04-01 06:30:00
SCR-0000638,HS-000275,43,57,2025-10-04 22:55:11,2026-04-01 06:30:00
SCR-0000639,HS-000276,0,22,2026-02-06 21:09:52,2026-04-01 06:30:00
SCR-0000640,HS-000276,22,30,2026-02-24 12:32:59,2026-04-01 06:30:00
SCR-0000641,HS-000277,0,16,2025-12-15 12:10:08,2026-04-01 06:30:00
SCR-0000642,HS-000277,16,45,2025-12-25 12:46:24,2026-04-01 06:30:00
SCR-0000643,HS-000277,45,64,2025-12-27 05:40:09,2026-04-01 06:30:00
SCR-0000644,HS-000278,0,8,2026-01-03 19:14:28,2026-04-01 06:30:00
SCR-0000645,HS-000278,8,14,2026-01-07 08:58:55,2026-04-01 06:30:00
SCR-0000646,HS-000279,0,22,2025-10-31 14:17:49,2026-04-01 06:30:00
SCR-0000647,HS-000279,22,43,2025-11-07 00:40:43,2026-04-01 06:30:00
SCR-0000648,HS-000279,43,58,2025-11-07 16:04:51,2026-04-01 06:30:00
SCR-0000649,HS-000280,0,19,2025-11-12 09:16:45,2026-04-01 06:30:00
SCR-0000650,HS-000280,19,22,2025-12-01 04:42:27,2026-04-01 06:30:00
SCR-0000651,HS-000281,0,24,2025-10-16 05:43:21,2026-04-01 06:30:00
SCR-0000652,HS-000281,24,42,2025-10-22 06:40:57,2026-04-01 06:30:00
SCR-0000653,HS-000281,42,73,2025-10-22 15:18:16,2026-04-01 06:30:00
SCR-0000654,HS-000282,0,23,2025-10-26 16:36:37,2026-04-01 06:30:00
SCR-0000655,HS-000283,0,24,2026-02-24 12:28:34,2026-04-01 06:30:00
SCR-0000656,HS-000283,24,45,2026-03-03 07:46:12,2026-04-01 06:30:00
SCR-0000657,HS-000283,45,75,2026-03-04 04:01:12,2026-04-01 06:30:00
SCR-0000658,HS-000284,0,24,2025-10-15 07:07:53,2026-04-01 06:30:00
SCR-0000659,HS-000284,24,46,2025-10-18 02:15:13,2026-04-01 06:30:00
SCR-0000660,HS-000284,46,62,2025-10-19 14:20:10,2026-04-01 06:30:00
SCR-0000661,HS-000285,0,12,2026-01-17 11:16:58,2026-04-01 06:30:00
SCR-0000662,HS-000285,12,48,2026-01-29 15:53:42,2026-04-01 06:30:00
SCR-0000663,HS-000285,48,87,2026-01-31 06:22:04,2026-04-01 06:30:00
SCR-0000664,HS-000286,0,8,2025-09-19 11:26:32,2026-04-01 06:30:00
SCR-0000665,HS-000286,8,43,2025-09-25 06:51:27,2026-04-01 06:30:00
SCR-0000666,HS-000287,0,22,2025-08-25 03:49:13,2026-04-01 06:30:00
SCR-0000667,HS-000287,22,46,2025-09-05 03:41:43,2026-04-01 06:30:00
SCR-0000668,HS-000287,46,85,2025-09-07 06:29:16,2026-04-01 06:30:00
SCR-0000669,HS-000288,0,9,2026-03-29 11:41:29,2026-04-01 06:30:00
SCR-0000670,HS-000288,9,33,2026-04-13 22:40:32,2026-04-01 06:30:00
SCR-0000671,HS-000289,0,5,2026-03-04 18:15:22,2026-04-01 06:30:00
SCR-0000672,HS-000289,5,17,2026-03-07 20:50:29,2026-04-01 06:30:00
SCR-0000673,HS-000290,0,12,2025-10-16 02:14:47,2026-04-01 06:30:00
SCR-0000674,HS-000290,12,45,2025-10-23 21:32:53,2026-04-01 06:30:00
SCR-0000675,HS-000290,45,69,2025-10-26 20:59:29,2026-04-01 06:30:00
SCR-0000676,HS-000291,0,11,2026-02-28 19:54:07,2026-04-01 06:30:00
SCR-0000677,HS-000292,0,19,2025-09-10 06:47:52,2026-04-01 06:30:00
SCR-0000678,HS-000292,19,45,2025-09-13 15:59:55,2026-04-01 06:30:00
SCR-0000679,HS-000292,45,63,2025-09-15 15:48:12,2026-04-01 06:30:00
SCR-0000680,HS-000293,0,24,2025-11-21 06:41:36,2026-04-01 06:30:00
SCR-0000681,HS-000293,24,44,2025-12-05 17:35:16,2026-04-01 06:30:00
SCR-0000682,HS-000293,44,65,2025-12-07 09:39:56,2026-04-01 06:30:00
SCR-0000683,HS-000294,0,17,2025-09-21 01:35:53,2026-04-01 06:30:00
SCR-0000684,HS-000294,17,43,2025-09-28 10:55:40,2026-04-01 06:30:00
SCR-0000685,HS-000294,43,85,2025-10-01 07:56:17,2026-04-01 06:30:00
SCR-0000686,HS-000295,0,18,2025-12-31 22:28:01,2026-04-01 06:30:00
SCR-0000687,HS-000295,18,44,2026-01-03 21:19:49,2026-04-01 06:30:00
SCR-0000688,HS-000295,44,67,2026-01-06 17:17:48,2026-04-01 06:30:00
SCR-0000689,HS-000296,0,22,2025-10-20 06:23:13,2026-04-01 06:30:00
SCR-0000690,HS-000296,22,40,2025-10-30 22:35:34,2026-04-01 06:30:00
SCR-0000691,HS-000296,40,59,2025-11-01 03:56:02,2026-04-01 06:30:00
SCR-0000692,HS-000297,0,20,2025-09-10 14:50:11,2026-04-01 06:30:00
SCR-0000693,HS-000297,20,22,2025-09-12 07:20:19,2026-04-01 06:30:00
SCR-0000694,HS-000298,0,7,2026-01-07 07:28:09,2026-04-01 06:30:00
SCR-0000695,HS-000298,7,26,2026-01-18 04:40:13,2026-04-01 06:30:00
SCR-0000696,HS-000299,0,5,2025-12-22 00:26:42,2026-04-01 06:30:00
SCR-0000697,HS-000299,5,46,2025-12-23 13:27:52,2026-04-01 06:30:00
SCR-0000698,HS-000299,46,89,2025-12-24 21:38:39,2026-04-01 06:30:00
SCR-0000699,HS-000300,0,18,2025-09-16 18:37:02,2026-04-01 06:30:00
SCR-0000700,HS-000301,0,9,2026-02-15 06:04:04,2026-04-01 06:30:00
SCR-0000701,HS-000301,9,31,2026-02-23 02:31:37,2026-04-01 06:30:00
SCR-0000702,HS-000302,0,17,2025-09-30 14:15:44,2026-04-01 06:30:00
SCR-0000703,HS-000302,17,41,2025-10-09 09:16:58,2026-04-01 06:30:00
SCR-0000704,HS-000302,41,74,2025-10-10 19:11:01,2026-04-01 06:30:00
SCR-0000705,HS-000303,0,23,2025-09-28 10:58:23,2026-04-01 06:30:00
SCR-0000706,HS-000303,23,42,2025-10-05 23:29:23,2026-04-01 06:30:00
SCR-0000707,HS-000303,42,79,2025-10-07 09:18:39,2026-04-01 06:30:00
SCR-0000708,HS-000304,0,13,2025-12-29 10:23:31,2026-04-01 06:30:00
SCR-0000709,HS-000304,13,48,2026-01-06 16:17:30,2026-04-01 06:30:00
SCR-0000710,HS-000305,0,15,2025-09-27 20:49:02,2026-04-01 06:30:00
SCR-0000711,HS-000305,15,40,2025-10-04 10:28:16,2026-04-01 06:30:00
SCR-0000712,HS-000305,40,55,2025-10-04 17:46:12,2026-04-01 06:30:00
SCR-0000713,HS-000306,0,20,2025-10-18 20:38:02,2026-04-01 06:30:00
SCR-0000714,HS-000306,20,36,2025-11-06 17:50:09,2026-04-01 06:30:00
SCR-0000715,HS-000307,0,15,2025-11-17 12:08:55,2026-04-01 06:30:00
SCR-0000716,HS-000307,15,44,2025-11-29 15:06:13,2026-04-01 06:30:00
SCR-0000717,HS-000307,44,55,2025-12-01 15:56:00,2026-04-01 06:30:00
SCR-0000718,HS-000308,0,9,2025-10-01 01:09:33,2026-04-01 06:30:00
SCR-0000719,HS-000308,9,46,2025-10-09 03:04:07,2026-04-01 06:30:00
SCR-0000720,HS-000308,46,52,2025-10-09 03:22:22,2026-04-01 06:30:00
SCR-0000721,HS-000309,0,10,2026-02-14 00:22:33,2026-04-01 06:30:00
SCR-0000722,HS-000310,0,9,2026-01-27 03:43:22,2026-04-01 06:30:00
SCR-0000723,HS-000311,0,15,2025-09-08 20:47:55,2026-04-01 06:30:00
SCR-0000724,HS-000311,15,21,2025-09-26 17:07:32,2026-04-01 06:30:00
SCR-0000725,HS-000312,0,5,2026-02-04 10:13:19,2026-04-01 06:30:00
SCR-0000726,HS-000312,5,35,2026-02-18 02:48:29,2026-04-01 06:30:00
SCR-0000727,HS-000313,0,16,2025-09-04 10:28:43,2026-04-01 06:30:00
SCR-0000728,HS-000313,16,47,2025-09-09 02:21:52,2026-04-01 06:30:00
SCR-0000729,HS-000313,47,60,2025-09-11 23:37:20,2026-04-01 06:30:00
SCR-0000730,HS-000314,0,16,2026-01-29 18:00:34,2026-04-01 06:30:00
SCR-0000731,HS-000315,0,18,2026-01-20 20:50:11,2026-04-01 06:30:00
SCR-0000732,HS-000315,18,44,2026-01-25 17:33:05,2026-04-01 06:30:00
SCR-0000733,HS-000315,44,55,2026-01-27 20:44:03,2026-04-01 06:30:00
SCR-0000734,HS-000316,0,21,2025-09-15 12:51:38,2026-04-01 06:30:00
SCR-0000735,HS-000316,21,45,2025-10-25 19:54:10,2026-04-01 06:30:00
SCR-0000736,HS-000316,45,90,2025-10-28 18:09:05,2026-04-01 06:30:00
SCR-0000737,HS-000317,0,24,2026-03-30 19:14:13,2026-04-01 06:30:00
SCR-0000738,HS-000317,24,39,2026-04-10 12:15:20,2026-04-01 06:30:00
SCR-0000739,HS-000318,0,17,2026-01-28 05:11:36,2026-04-01 06:30:00
SCR-0000740,HS-000318,17,45,2026-02-09 08:56:49,2026-04-01 06:30:00
SCR-0000741,HS-000318,45,90,2026-02-10 00:13:22,2026-04-01 06:30:00
SCR-0000742,HS-000319,0,17,2025-11-01 22:14:27,2026-04-01 06:30:00
SCR-0000743,HS-000319,17,47,2025-11-06 07:22:36,2026-04-01 06:30:00
SCR-0000744,HS-000319,47,62,2025-11-06 17:16:32,2026-04-01 06:30:00
SCR-0000745,HS-000320,0,22,2025-12-20 13:12:28,2026-04-01 06:30:00
SCR-0000746,HS-000321,0,18,2025-12-12 02:11:12,2026-04-01 06:30:00
SCR-0000747,HS-000321,18,28,2025-12-15 18:06:21,2026-04-01 06:30:00
SCR-0000748,HS-000322,0,6,2026-01-17 02:07:23,2026-04-01 06:30:00
SCR-0000749,HS-000322,6,31,2026-01-20 20:11:14,2026-04-01 06:30:00
SCR-0000750,HS-000323,0,19,2025-10-01 23:59:33,2026-04-01 06:30:00
SCR-0000751,HS-000323,19,44,2025-10-10 18:09:55,2026-04-01 06:30:00
SCR-0000752,HS-000323,44,71,2025-10-13 01:50:46,2026-04-01 06:30:00
SCR-0000753,HS-000324,0,15,2026-02-14 03:25:35,2026-04-01 06:30:00
SCR-0000754,HS-000324,15,45,2026-02-19 22:40:54,2026-04-01 06:30:00
SCR-0000755,HS-000324,45,57,2026-02-22 18:38:03,2026-04-01 06:30:00
SCR-0000756,HS-000325,0,9,2025-10-02 07:39:37,2026-04-01 06:30:00
SCR-0000757,HS-000325,9,29,2025-10-10 04:13:33,2026-04-01 06:30:00
SCR-0000758,HS-000326,0,20,2025-09-06 03:20:46,2026-04-01 06:30:00
SCR-0000759,HS-000326,20,27,2025-09-20 21:32:15,2026-04-01 06:30:00
SCR-0000760,HS-000327,0,8,2025-09-06 13:18:54,2026-04-01 06:30:00
SCR-0000761,HS-000327,8,44,2025-09-10 05:57:07,2026-04-01 06:30:00
SCR-0000762,HS-000327,44,68,2025-09-12 19:07:54,2026-04-01 06:30:00
SCR-0000763,HS-000328,0,13,2025-10-02 05:18:47,2026-04-01 06:30:00
SCR-0000764,HS-000328,13,45,2025-10-16 01:38:00,2026-04-01 06:30:00
SCR-0000765,HS-000328,45,89,2025-10-18 20:26:30,2026-04-01 06:30:00
SCR-0000766,HS-000329,0,6,2026-03-05 13:44:30,2026-04-01 06:30:00
SCR-0000767,HS-000329,6,40,2026-03-08 12:03:12,2026-04-01 06:30:00
SCR-0000768,HS-000329,40,50,2026-03-11 01:44:58,2026-04-01 06:30:00
SCR-0000769,HS-000330,0,15,2026-03-14 23:51:33,2026-04-01 06:30:00
SCR-0000770,HS-000330,15,25,2026-04-01 07:47:23,2026-04-01 06:30:00
SCR-0000771,HS-000331,0,12,2025-09-07 02:00:26,2026-04-01 06:30:00
SCR-0000772,HS-000331,12,21,2025-09-19 14:16:01,2026-04-01 06:30:00
SCR-0000773,HS-000332,0,14,2025-08-27 00:20:14,2026-04-01 06:30:00
SCR-0000774,HS-000332,14,43,2025-09-04 06:05:20,2026-04-01 06:30:00
SCR-0000775,HS-000332,43,61,2025-09-06 02:53:16,2026-04-01 06:30:00
SCR-0000776,HS-000333,0,22,2026-03-21 20:37:28,2026-04-01 06:30:00
SCR-0000777,HS-000333,22,33,2026-03-31 04:32:34,2026-04-01 06:30:00
SCR-0000778,HS-000334,0,18,2026-03-22 16:39:01,2026-04-01 06:30:00
SCR-0000779,HS-000334,18,27,2026-03-25 07:26:14,2026-04-01 06:30:00
SCR-0000780,HS-000335,0,6,2025-12-19 00:55:54,2026-04-01 06:30:00
SCR-0000781,HS-000335,6,9,2025-12-24 02:43:14,2026-04-01 06:30:00
SCR-0000782,HS-000336,0,5,2025-09-25 21:32:37,2026-04-01 06:30:00
SCR-0000783,HS-000336,5,44,2025-10-04 07:07:31,2026-04-01 06:30:00
SCR-0000784,HS-000336,44,61,2025-10-04 11:18:47,2026-04-01 06:30:00
SCR-0000785,HS-000337,0,21,2026-02-05 19:02:41,2026-04-01 06:30:00
SCR-0000786,HS-000337,21,48,2026-02-11 13:12:21,2026-04-01 06:30:00
SCR-0000787,HS-000337,48,50,2026-02-12 17:58:25,2026-04-01 06:30:00
SCR-0000788,HS-000338,0,16,2025-11-07 16:19:19,2026-04-01 06:30:00
SCR-0000789,HS-000338,16,47,2025-11-25 05:15:47,2026-04-01 06:30:00
SCR-0000790,HS-000338,47,69,2025-11-27 18:30:07,2026-04-01 06:30:00
SCR-0000791,HS-000339,0,7,2025-11-19 02:28:00,2026-04-01 06:30:00
SCR-0000792,HS-000339,7,44,2025-11-25 16:49:01,2026-04-01 06:30:00
SCR-0000793,HS-000339,44,78,2025-11-26 18:45:54,2026-04-01 06:30:00
SCR-0000794,HS-000340,0,16,2025-09-25 16:52:35,2026-04-01 06:30:00
SCR-0000795,HS-000340,16,47,2025-10-07 06:32:45,2026-04-01 06:30:00
SCR-0000796,HS-000340,47,64,2025-10-07 23:38:42,2026-04-01 06:30:00
SCR-0000797,HS-000341,0,6,2026-01-17 07:30:27,2026-04-01 06:30:00
SCR-0000798,HS-000341,6,16,2026-01-22 03:39:54,2026-04-01 06:30:00
SCR-0000799,HS-000342,0,7,2026-02-24 15:38:02,2026-04-01 06:30:00
SCR-0000800,HS-000342,7,35,2026-03-09 16:44:22,2026-04-01 06:30:00
SCR-0000801,HS-000343,0,9,2025-08-30 08:41:18,2026-04-01 06:30:00
SCR-0000802,HS-000343,9,47,2025-09-06 16:24:21,2026-04-01 06:30:00
SCR-0000803,HS-000343,47,78,2025-09-09 14:22:02,2026-04-01 06:30:00
SCR-0000804,HS-000344,0,8,2025-10-19 09:22:25,2026-04-01 06:30:00
SCR-0000805,HS-000344,8,19,2025-11-04 22:48:49,2026-04-01 06:30:00
SCR-0000806,HS-000345,0,14,2025-11-04 17:57:19,2026-04-01 06:30:00
SCR-0000807,HS-000345,14,28,2025-11-19 21:29:11,2026-04-01 06:30:00
SCR-0000808,HS-000346,0,18,2025-09-25 13:56:33,2026-04-01 06:30:00
SCR-0000809,HS-000346,18,40,2025-10-01 04:37:39,2026-04-01 06:30:00
SCR-0000810,HS-000347,0,5,2026-02-04 20:56:18,2026-04-01 06:30:00
SCR-0000811,HS-000347,5,41,2026-02-14 20:47:04,2026-04-01 06:30:00
SCR-0000812,HS-000348,0,12,2025-11-07 21:41:06,2026-04-01 06:30:00
SCR-0000813,HS-000348,12,43,2025-11-09 14:47:10,2026-04-01 06:30:00
SCR-0000814,HS-000348,43,70,2025-11-10 15:44:53,2026-04-01 06:30:00
SCR-0000815,HS-000349,0,14,2025-09-28 14:45:28,2026-04-01 06:30:00
SCR-0000816,HS-000349,14,45,2025-10-05 02:47:53,2026-04-01 06:30:00
SCR-0000817,HS-000350,0,18,2026-02-24 18:38:30,2026-04-01 06:30:00
SCR-0000818,HS-000350,18,35,2026-03-08 17:41:25,2026-04-01 06:30:00
SCR-0000819,HS-000351,0,7,2025-12-15 11:28:12,2026-04-01 06:30:00
SCR-0000820,HS-000351,7,43,2025-12-20 07:24:55,2026-04-01 06:30:00
SCR-0000821,HS-000352,0,8,2026-02-18 15:33:51,2026-04-01 06:30:00
SCR-0000822,HS-000352,8,34,2026-02-19 21:52:09,2026-04-01 06:30:00
SCR-0000823,HS-000353,0,12,2025-10-09 18:21:06,2026-04-01 06:30:00
SCR-0000824,HS-000353,12,47,2025-10-15 23:45:59,2026-04-01 06:30:00
SCR-0000825,HS-000353,47,67,2025-10-17 13:32:57,2026-04-01 06:30:00
SCR-0000826,HS-000354,0,18,2026-01-26 01:27:31,2026-04-01 06:30:00
SCR-0000827,HS-000355,0,21,2025-11-29 00:39:29,2026-04-01 06:30:00
SCR-0000828,HS-000355,21,37,2025-12-12 09:50:56,2026-04-01 06:30:00
SCR-0000829,HS-000356,0,5,2025-10-26 09:31:52,2026-04-01 06:30:00
SCR-0000830,HS-000356,5,43,2025-11-17 18:44:42,2026-04-01 06:30:00
SCR-0000831,HS-000356,43,67,2025-11-18 18:13:34,2026-04-01 06:30:00
SCR-0000832,HS-000357,0,10,2026-03-01 00:50:36,2026-04-01 06:30:00
SCR-0000833,HS-000357,10,41,2026-03-04 03:06:29,2026-04-01 06:30:00
SCR-0000834,HS-000357,41,63,2026-03-05 13:55:39,2026-04-01 06:30:00
SCR-0000835,HS-000358,0,10,2025-11-27 23:54:55,2026-04-01 06:30:00
SCR-0000836,HS-000358,10,32,2025-12-05 11:01:10,2026-04-01 06:30:00
SCR-0000837,HS-000359,0,12,2025-09-01 10:49:37,2026-04-01 06:30:00
SCR-0000838,HS-000359,12,24,2025-09-12 16:42:25,2026-04-01 06:30:00
SCR-0000839,HS-000360,0,24,2025-10-01 22:49:38,2026-04-01 06:30:00
SCR-0000840,HS-000360,24,34,2025-10-07 03:07:20,2026-04-01 06:30:00
SCR-0000841,HS-000361,0,5,2026-02-28 09:50:47,2026-04-01 06:30:00
SCR-0000842,HS-000361,5,12,2026-03-02 06:11:25,2026-04-01 06:30:00
SCR-0000843,HS-000362,0,6,2025-08-21 19:47:51,2026-04-01 06:30:00
SCR-0000844,HS-000362,6,49,2025-09-01 02:16:35,2026-04-01 06:30:00
SCR-0000845,HS-000363,0,16,2026-02-25 19:41:48,2026-04-01 06:30:00
SCR-0000846,HS-000363,16,40,2026-02-28 23:35:58,2026-04-01 06:30:00
SCR-0000847,HS-000363,40,50,2026-03-02 16:16:50,2026-04-01 06:30:00
SCR-0000848,HS-000364,0,10,2025-11-21 14:29:38,2026-04-01 06:30:00
SCR-0000849,HS-000364,10,47,2025-12-05 15:25:16,2026-04-01 06:30:00
SCR-0000850,HS-000364,47,71,2025-12-07 22:19:46,2026-04-01 06:30:00
SCR-0000851,HS-000365,0,23,2025-09-25 02:57:00,2026-04-01 06:30:00
SCR-0000852,HS-000365,23,39,2025-10-02 02:57:38,2026-04-01 06:30:00
SCR-0000853,HS-000366,0,7,2026-03-15 11:37:24,2026-04-01 06:30:00
SCR-0000854,HS-000366,7,44,2026-03-23 04:23:52,2026-04-01 06:30:00
SCR-0000855,HS-000366,44,82,2026-03-23 21:55:05,2026-04-01 06:30:00
SCR-0000856,HS-000367,0,21,2025-09-29 08:19:44,2026-04-01 06:30:00
SCR-0000857,HS-000368,0,6,2026-03-02 02:50:12,2026-04-01 06:30:00
SCR-0000858,HS-000368,6,17,2026-03-15 18:24:28,2026-04-01 06:30:00
SCR-0000859,HS-000369,0,13,2025-12-25 20:40:43,2026-04-01 06:30:00
SCR-0000860,HS-000370,0,11,2025-09-17 19:09:21,2026-04-01 06:30:00
SCR-0000861,HS-000370,11,34,2025-09-28 11:13:15,2026-04-01 06:30:00
SCR-0000862,HS-000371,0,20,2025-08-28 21:23:56,2026-04-01 06:30:00
SCR-0000863,HS-000371,20,43,2025-09-01 01:25:21,2026-04-01 06:30:00
SCR-0000864,HS-000371,43,57,2025-09-01 15:19:43,2026-04-01 06:30:00
SCR-0000865,HS-000372,0,24,2026-01-30 04:40:18,2026-04-01 06:30:00
SCR-0000866,HS-000372,24,31,2026-02-07 15:14:12,2026-04-01 06:30:00
SCR-0000867,HS-000373,0,19,2025-09-27 12:48:04,2026-04-01 06:30:00
SCR-0000868,HS-000373,19,28,2025-10-14 04:13:32,2026-04-01 06:30:00
SCR-0000869,HS-000374,0,22,2025-10-16 21:38:32,2026-04-01 06:30:00
SCR-0000870,HS-000374,22,46,2025-10-20 06:53:41,2026-04-01 06:30:00
SCR-0000871,HS-000374,46,62,2025-10-20 14:54:48,2026-04-01 06:30:00
SCR-0000872,HS-000375,0,18,2026-01-23 03:45:21,2026-04-01 06:30:00
SCR-0000873,HS-000375,18,19,2026-02-01 12:39:34,2026-04-01 06:30:00
SCR-0000874,HS-000376,0,10,2025-09-14 11:02:04,2026-04-01 06:30:00
SCR-0000875,HS-000376,10,46,2025-09-19 04:47:30,2026-04-01 06:30:00
SCR-0000876,HS-000376,46,82,2025-09-21 05:09:54,2026-04-01 06:30:00
SCR-0000877,HS-000377,0,20,2026-03-20 12:57:43,2026-04-01 06:30:00
SCR-0000878,HS-000377,20,43,2026-03-23 20:38:45,2026-04-01 06:30:00
SCR-0000879,HS-000377,43,75,2026-03-25 07:36:56,2026-04-01 06:30:00
SCR-0000880,HS-000378,0,17,2025-09-07 14:40:21,2026-04-01 06:30:00
SCR-0000881,HS-000378,17,48,2025-09-11 10:42:28,2026-04-01 06:30:00
SCR-0000882,HS-000378,48,62,2025-09-12 14:08:32,2026-04-01 06:30:00
SCR-0000883,HS-000379,0,5,2026-01-28 03:24:48,2026-04-01 06:30:00
SCR-0000884,HS-000379,5,28,2026-02-11 12:53:49,2026-04-01 06:30:00
SCR-0000885,HS-000380,0,19,2026-02-14 00:27:29,2026-04-01 06:30:00
SCR-0000886,HS-000380,19,41,2026-02-23 23:23:57,2026-04-01 06:30:00
SCR-0000887,HS-000380,41,68,2026-02-24 04:12:32,2026-04-01 06:30:00
SCR-0000888,HS-000381,0,8,2026-02-21 23:20:16,2026-04-01 06:30:00
SCR-0000889,HS-000381,8,43,2026-03-01 05:32:14,2026-04-01 06:30:00
SCR-0000890,HS-000381,43,74,2026-03-03 07:38:59,2026-04-01 06:30:00
SCR-0000891,HS-000382,0,17,2026-01-16 21:09:31,2026-04-01 06:30:00
SCR-0000892,HS-000383,0,11,2026-02-12 02:46:30,2026-04-01 06:30:00
SCR-0000893,HS-000383,11,41,2026-02-20 01:27:32,2026-04-01 06:30:00
SCR-0000894,HS-000383,41,64,2026-02-22 05:05:19,2026-04-01 06:30:00
SCR-0000895,HS-000384,0,23,2025-10-12 12:15:28,2026-04-01 06:30:00
SCR-0000896,HS-000385,0,9,2026-02-17 18:50:10,2026-04-01 06:30:00
SCR-0000897,HS-000385,9,38,2026-02-22 10:24:27,2026-04-01 06:30:00
SCR-0000898,HS-000386,0,10,2025-11-23 02:07:43,2026-04-01 06:30:00
SCR-0000899,HS-000386,10,19,2025-11-25 17:44:20,2026-04-01 06:30:00
SCR-0000900,HS-000387,0,24,2026-01-23 07:16:02,2026-04-01 06:30:00
SCR-0000901,HS-000387,24,27,2026-01-25 12:06:17,2026-04-01 06:30:00
SCR-0000902,HS-000388,0,20,2025-11-09 16:06:32,2026-04-01 06:30:00
SCR-0000903,HS-000388,20,35,2025-11-18 21:02:01,2026-04-01 06:30:00
SCR-0000904,HS-000389,0,5,2025-12-26 20:25:14,2026-04-01 06:30:00
SCR-0000905,HS-000389,5,46,2026-01-01 08:19:38,2026-04-01 06:30:00
SCR-0000906,HS-000389,46,69,2026-01-02 06:04:19,2026-04-01 06:30:00
SCR-0000907,HS-000390,0,19,2026-03-24 10:58:26,2026-04-01 06:30:00
SCR-0000908,HS-000390,19,36,2026-04-10 06:59:33,2026-04-01 06:30:00
SCR-0000909,HS-000391,0,10,2025-10-07 07:10:43,2026-04-01 06:30:00
SCR-0000910,HS-000391,10,47,2025-10-17 08:06:49,2026-04-01 06:30:00
SCR-0000911,HS-000391,47,83,2025-10-17 18:27:31,2026-04-01 06:30:00
SCR-0000912,HS-000392,0,20,2026-02-09 17:21:48,2026-04-01 06:30:00
SCR-0000913,HS-000392,20,44,2026-02-13 19:32:49,2026-04-01 06:30:00
SCR-0000914,HS-000392,44,58,2026-02-16 04:49:49,2026-04-01 06:30:00
SCR-0000915,HS-000393,0,7,2026-01-22 17:04:27,2026-04-01 06:30:00
SCR-0000916,HS-000393,7,42,2026-01-28 03:02:55,2026-04-01 06:30:00
SCR-0000917,HS-000394,0,16,2026-01-08 12:59:52,2026-04-01 06:30:00
SCR-0000918,HS-000394,16,45,2026-01-18 14:41:22,2026-04-01 06:30:00
SCR-0000919,HS-000394,45,81,2026-01-20 07:06:14,2026-04-01 06:30:00
SCR-0000920,HS-000395,0,14,2025-12-23 00:47:42,2026-04-01 06:30:00
SCR-0000921,HS-000396,0,11,2026-02-20 17:07:53,2026-04-01 06:30:00
SCR-0000922,HS-000397,0,9,2026-03-24 00:39:00,2026-04-01 06:30:00
SCR-0000923,HS-000397,9,29,2026-04-09 16:04:36,2026-04-01 06:30:00
SCR-0000924,HS-000398,0,19,2026-02-07 12:54:55,2026-04-01 06:30:00
SCR-0000925,HS-000398,19,41,2026-02-15 01:59:52,2026-04-01 06:30:00
SCR-0000926,HS-000398,41,85,2026-02-15 23:45:44,2026-04-01 06:30:00
SCR-0000927,HS-000399,0,23,2025-10-08 00:17:20,2026-04-01 06:30:00
SCR-0000928,HS-000399,23,38,2025-10-11 19:07:49,2026-04-01 06:30:00
SCR-0000929,HS-000400,0,12,2025-11-07 05:36:48,2026-04-01 06:30:00
SCR-0000930,HS-000400,12,43,2025-11-11 18:48:11,2026-04-01 06:30:00
SCR-0000931,HS-000400,43,62,2025-11-12 11:17:48,2026-04-01 06:30:00
SCR-0000932,HS-000401,0,17,2025-10-06 07:08:45,2026-04-01 06:30:00
SCR-0000933,HS-000401,17,48,2025-10-11 01:50:20,2026-04-01 06:30:00
SCR-0000934,HS-000401,48,76,2025-10-13 03:33:43,2026-04-01 06:30:00
SCR-0000935,HS-000402,0,20,2025-12-30 16:35:48,2026-04-01 06:30:00
SCR-0000936,HS-000402,20,43,2026-01-05 01:39:31,2026-04-01 06:30:00
SCR-0000937,HS-000402,43,87,2026-01-07 04:32:13,2026-04-01 06:30:00
SCR-0000938,HS-000403,0,5,2025-11-02 20:22:31,2026-04-01 06:30:00
SCR-0000939,HS-000403,5,40,2025-11-07 22:58:03,2026-04-01 06:30:00
SCR-0000940,HS-000403,40,58,2025-11-09 14:16:01,2026-04-01 06:30:00
SCR-0000941,HS-000404,0,7,2026-02-03 06:53:24,2026-04-01 06:30:00
SCR-0000942,HS-000404,7,42,2026-02-08 20:19:11,2026-04-01 06:30:00
SCR-0000943,HS-000404,42,70,2026-02-09 20:28:01,2026-04-01 06:30:00
SCR-0000944,HS-000405,0,8,2025-10-24 07:55:21,2026-04-01 06:30:00
SCR-0000945,HS-000405,8,44,2025-11-05 07:22:08,2026-04-01 06:30:00
SCR-0000946,HS-000405,44,81,2025-11-05 09:00:28,2026-04-01 06:30:00
SCR-0000947,HS-000406,0,24,2026-03-14 07:11:00,2026-04-01 06:30:00
SCR-0000948,HS-000406,24,37,2026-03-23 09:45:49,2026-04-01 06:30:00
SCR-0000949,HS-000407,0,7,2025-12-27 16:46:40,2026-04-01 06:30:00
SCR-0000950,HS-000407,7,33,2026-01-12 16:28:03,2026-04-01 06:30:00
SCR-0000951,HS-000408,0,14,2025-10-27 02:58:07,2026-04-01 06:30:00
SCR-0000952,HS-000408,14,37,2025-11-05 18:16:27,2026-04-01 06:30:00
SCR-0000953,HS-000409,0,6,2026-03-06 23:30:11,2026-04-01 06:30:00
SCR-0000954,HS-000409,6,48,2026-03-15 17:03:17,2026-04-01 06:30:00
SCR-0000955,HS-000409,48,85,2026-03-17 23:32:18,2026-04-01 06:30:00
SCR-0000956,HS-000410,0,13,2026-03-06 23:26:19,2026-04-01 06:30:00
SCR-0000957,HS-000410,13,19,2026-03-16 13:08:00,2026-04-01 06:30:00
SCR-0000958,HS-000411,0,24,2025-11-10 02:09:19,2026-04-01 06:30:00
SCR-0000959,HS-000412,0,8,2026-02-14 22:24:45,2026-04-01 06:30:00
SCR-0000960,HS-000412,8,47,2026-02-20 09:51:24,2026-04-01 06:30:00
SCR-0000961,HS-000412,47,56,2026-02-22 16:51:14,2026-04-01 06:30:00
SCR-0000962,HS-000413,0,21,2025-12-30 11:34:19,2026-04-01 06:30:00
SCR-0000963,HS-000414,0,24,2025-11-30 10:10:47,2026-04-01 06:30:00
SCR-0000964,HS-000415,0,7,2026-01-07 21:51:58,2026-04-01 06:30:00
SCR-0000965,HS-000415,7,28,2026-01-13 17:26:24,2026-04-01 06:30:00
SCR-0000966,HS-000416,0,16,2026-01-12 18:21:34,2026-04-01 06:30:00
SCR-0000967,HS-000416,16,41,2026-01-17 07:01:00,2026-04-01 06:30:00
SCR-0000968,HS-000416,41,88,2026-01-17 12:53:28,2026-04-01 06:30:00
SCR-0000969,HS-000417,0,15,2026-01-19 13:28:01,2026-04-01 06:30:00
SCR-0000970,HS-000417,15,47,2026-01-25 12:35:57,2026-04-01 06:30:00
SCR-0000971,HS-000417,47,70,2026-01-28 12:30:13,2026-04-01 06:30:00
SCR-0000972,HS-000418,0,9,2026-01-08 06:18:04,2026-04-01 06:30:00
SCR-0000973,HS-000418,9,10,2026-01-17 09:45:45,2026-04-01 06:30:00
SCR-0000974,HS-000419,0,23,2026-03-12 22:30:40,2026-04-01 06:30:00
SCR-0000975,HS-000419,23,40,2026-03-19 14:04:12,2026-04-01 06:30:00
SCR-0000976,HS-000419,40,64,2026-03-20 21:57:47,2026-04-01 06:30:00
SCR-0000977,HS-000420,0,10,2026-02-10 17:20:58,2026-04-01 06:30:00
SCR-0000978,HS-000420,10,16,2026-02-25 08:21:44,2026-04-01 06:30:00
SCR-0000979,HS-000421,0,11,2025-09-24 01:03:56,2026-04-01 06:30:00
SCR-0000980,HS-000421,11,17,2025-10-09 07:28:51,2026-04-01 06:30:00
SCR-0000981,HS-000422,0,23,2026-01-26 23:09:40,2026-04-01 06:30:00
SCR-0000982,HS-000422,23,44,2026-02-06 23:10:22,2026-04-01 06:30:00
SCR-0000983,HS-000422,44,57,2026-02-09 02:58:45,2026-04-01 06:30:00
SCR-0000984,HS-000423,0,17,2026-02-25 02:56:29,2026-04-01 06:30:00
SCR-0000985,HS-000424,0,20,2025-10-17 13:24:47,2026-04-01 06:30:00
SCR-0000986,HS-000424,20,25,2025-10-29 19:26:23,2026-04-01 06:30:00
SCR-0000987,HS-000425,0,17,2025-11-07 01:06:29,2026-04-01 06:30:00
SCR-0000988,HS-000425,17,46,2025-11-15 05:07:51,2026-04-01 06:30:00
SCR-0000989,HS-000425,46,54,2025-11-15 16:49:58,2026-04-01 06:30:00
SCR-0000990,HS-000426,0,19,2025-11-05 18:58:19,2026-04-01 06:30:00
SCR-0000991,HS-000426,19,42,2025-11-11 02:47:11,2026-04-01 06:30:00
SCR-0000992,HS-000427,0,5,2026-02-22 05:35:12,2026-04-01 06:30:00
SCR-0000993,HS-000427,5,36,2026-03-09 06:57:42,2026-04-01 06:30:00
SCR-0000994,HS-000428,0,8,2025-11-09 07:59:23,2026-04-01 06:30:00
SCR-0000995,HS-000428,8,13,2025-11-19 08:13:05,2026-04-01 06:30:00
SCR-0000996,HS-000429,0,20,2025-12-24 11:30:20,2026-04-01 06:30:00
SCR-0000997,HS-000429,20,43,2025-12-28 10:00:17,2026-04-01 06:30:00
SCR-0000998,HS-000430,0,6,2026-01-30 08:46:46,2026-04-01 06:30:00
SCR-0000999,HS-000430,6,46,2026-02-05 10:42:18,2026-04-01 06:30:00
SCR-0001000,HS-000430,46,53,2026-02-07 06:12:53,2026-04-01 06:30:00
SCR-0001001,HS-000431,0,24,2025-12-03 18:45:29,2026-04-01 06:30:00
SCR-0001002,HS-000431,24,39,2025-12-20 21:50:06,2026-04-01 06:30:00
SCR-0001003,HS-000432,0,13,2025-10-18 23:45:21,2026-04-01 06:30:00
SCR-0001004,HS-000432,13,38,2025-10-21 23:32:37,2026-04-01 06:30:00
SCR-0001005,HS-000433,0,7,2025-11-02 12:35:32,2026-04-01 06:30:00
SCR-0001006,HS-000433,7,41,2025-11-29 19:39:21,2026-04-01 06:30:00
SCR-0001007,HS-000433,41,63,2025-12-01 08:30:27,2026-04-01 06:30:00
SCR-0001008,HS-000434,0,13,2025-11-23 05:39:54,2026-04-01 06:30:00
SCR-0001009,HS-000434,13,48,2025-11-29 18:02:00,2026-04-01 06:30:00
SCR-0001010,HS-000435,0,11,2026-02-25 01:28:27,2026-04-01 06:30:00
SCR-0001011,HS-000435,11,44,2026-03-02 15:09:13,2026-04-01 06:30:00
SCR-0001012,HS-000435,44,83,2026-03-04 00:17:34,2026-04-01 06:30:00
SCR-0001013,HS-000436,0,8,2025-09-21 22:07:04,2026-04-01 06:30:00
SCR-0001014,HS-000436,8,44,2025-09-28 16:44:39,2026-04-01 06:30:00
SCR-0001015,HS-000436,44,74,2025-09-29 13:26:32,2026-04-01 06:30:00
SCR-0001016,HS-000437,0,6,2025-11-27 19:37:20,2026-04-01 06:30:00
SCR-0001017,HS-000437,6,16,2025-12-01 18:23:38,2026-04-01 06:30:00
SCR-0001018,HS-000438,0,23,2026-02-10 22:03:54,2026-04-01 06:30:00
SCR-0001019,HS-000438,23,33,2026-02-25 15:10:42,2026-04-01 06:30:00
SCR-0001020,HS-000439,0,14,2026-01-31 03:25:09,2026-04-01 06:30:00
SCR-0001021,HS-000439,14,28,2026-02-05 16:09:30,2026-04-01 06:30:00
SCR-0001022,HS-000440,0,15,2025-11-19 16:31:21,2026-04-01 06:30:00
SCR-0001023,HS-000440,15,43,2025-11-27 14:15:26,2026-04-01 06:30:00
SCR-0001024,HS-000440,43,82,2025-11-28 08:41:02,2026-04-01 06:30:00
SCR-0001025,HS-000441,0,23,2026-02-26 09:59:09,2026-04-01 06:30:00
SCR-0001026,HS-000442,0,24,2025-11-17 01:10:53,2026-04-01 06:30:00
SCR-0001027,HS-000442,24,42,2025-11-23 08:57:19,2026-04-01 06:30:00
SCR-0001028,HS-000442,42,78,2025-11-24 11:06:47,2026-04-01 06:30:00
SCR-0001029,HS-000443,0,15,2026-02-28 10:44:03,2026-04-01 06:30:00
SCR-0001030,HS-000443,15,49,2026-03-09 13:55:16,2026-04-01 06:30:00
SCR-0001031,HS-000444,0,13,2026-01-16 11:22:49,2026-04-01 06:30:00
SCR-0001032,HS-000445,0,11,2025-12-21 15:28:22,2026-04-01 06:30:00
SCR-0001033,HS-000445,11,48,2025-12-29 12:27:20,2026-04-01 06:30:00
SCR-0001034,HS-000445,48,78,2025-12-31 15:06:34,2026-04-01 06:30:00
SCR-0001035,HS-000446,0,15,2026-02-23 15:52:25,2026-04-01 06:30:00
SCR-0001036,HS-000447,0,9,2026-03-27 18:45:21,2026-04-01 06:30:00
SCR-0001037,HS-000448,0,11,2025-09-21 06:11:53,2026-04-01 06:30:00
SCR-0001038,HS-000448,11,45,2025-09-24 22:25:32,2026-04-01 06:30:00
SCR-0001039,HS-000448,45,82,2025-09-27 21:57:50,2026-04-01 06:30:00
SCR-0001040,HS-000449,0,18,2025-09-27 11:31:18,2026-04-01 06:30:00
SCR-0001041,HS-000449,18,44,2025-10-01 05:01:43,2026-04-01 06:30:00
SCR-0001042,HS-000449,44,70,2025-10-01 22:15:04,2026-04-01 06:30:00
SCR-0001043,HS-000450,0,7,2026-03-18 04:04:48,2026-04-01 06:30:00
SCR-0001044,HS-000450,7,41,2026-03-24 20:26:16,2026-04-01 06:30:00
SCR-0001045,HS-000451,0,7,2025-10-07 19:42:34,2026-04-01 06:30:00
SCR-0001046,HS-000451,7,43,2025-10-12 15:50:05,2026-04-01 06:30:00
SCR-0001047,HS-000451,43,74,2025-10-13 15:55:39,2026-04-01 06:30:00
SCR-0001048,HS-000452,0,5,2025-09-30 15:38:07,2026-04-01 06:30:00
SCR-0001049,HS-000452,5,46,2025-10-11 04:53:50,2026-04-01 06:30:00
SCR-0001050,HS-000452,46,77,2025-10-12 23:48:45,2026-04-01 06:30:00
SCR-0001051,HS-000453,0,7,2025-10-14 12:24:48,2026-04-01 06:30:00
SCR-0001052,HS-000453,7,30,2025-10-17 00:51:21,2026-04-01 06:30:00
SCR-0001053,HS-000454,0,6,2025-12-21 20:59:45,2026-04-01 06:30:00
SCR-0001054,HS-000454,6,39,2026-01-02 06:49:46,2026-04-01 06:30:00
SCR-0001055,HS-000455,0,22,2025-11-19 13:57:01,2026-04-01 06:30:00
SCR-0001056,HS-000456,0,7,2025-12-10 02:31:46,2026-04-01 06:30:00
SCR-0001057,HS-000456,7,46,2026-01-03 00:46:07,2026-04-01 06:30:00
SCR-0001058,HS-000456,46,62,2026-01-05 07:26:20,2026-04-01 06:30:00
SCR-0001059,HS-000457,0,24,2025-11-01 10:02:13,2026-04-01 06:30:00
SCR-0001060,HS-000457,24,45,2025-11-10 01:22:24,2026-04-01 06:30:00
SCR-0001061,HS-000457,45,51,2025-11-12 21:40:22,2026-04-01 06:30:00
SCR-0001062,HS-000458,0,24,2026-01-10 23:30:30,2026-04-01 06:30:00
SCR-0001063,HS-000459,0,8,2025-09-22 17:37:57,2026-04-01 06:30:00
SCR-0001064,HS-000459,8,23,2025-10-09 17:57:03,2026-04-01 06:30:00
SCR-0001065,HS-000460,0,12,2025-12-05 15:47:28,2026-04-01 06:30:00
SCR-0001066,HS-000460,12,13,2025-12-19 20:57:28,2026-04-01 06:30:00
SCR-0001067,HS-000461,0,17,2025-12-27 21:54:33,2026-04-01 06:30:00
SCR-0001068,HS-000461,17,46,2026-01-04 21:24:34,2026-04-01 06:30:00
SCR-0001069,HS-000461,46,85,2026-01-06 11:13:12,2026-04-01 06:30:00
SCR-0001070,HS-000462,0,9,2025-10-31 07:51:54,2026-04-01 06:30:00
SCR-0001071,HS-000462,9,44,2025-11-07 19:10:24,2026-04-01 06:30:00
SCR-0001072,HS-000462,44,60,2025-11-08 21:39:00,2026-04-01 06:30:00
SCR-0001073,HS-000463,0,20,2026-01-03 20:03:32,2026-04-01 06:30:00
SCR-0001074,HS-000463,20,25,2026-01-12 09:30:39,2026-04-01 06:30:00
SCR-0001075,HS-000464,0,10,2026-01-21 11:28:00,2026-04-01 06:30:00
SCR-0001076,HS-000464,10,41,2026-01-24 05:31:44,2026-04-01 06:30:00
SCR-0001077,HS-000465,0,8,2026-01-07 00:23:04,2026-04-01 06:30:00
SCR-0001078,HS-000465,8,16,2026-01-26 17:44:11,2026-04-01 06:30:00
SCR-0001079,HS-000466,0,20,2025-10-11 05:59:16,2026-04-01 06:30:00
SCR-0001080,HS-000466,20,39,2025-10-26 11:04:32,2026-04-01 06:30:00
SCR-0001081,HS-000467,0,12,2026-03-03 03:56:52,2026-04-01 06:30:00
SCR-0001082,HS-000467,12,39,2026-03-17 21:46:04,2026-04-01 06:30:00
SCR-0001083,HS-000468,0,20,2026-01-05 19:21:22,2026-04-01 06:30:00
SCR-0001084,HS-000468,20,47,2026-01-10 22:46:21,2026-04-01 06:30:00
SCR-0001085,HS-000468,47,70,2026-01-12 05:49:56,2026-04-01 06:30:00
SCR-0001086,HS-000469,0,8,2025-09-24 01:06:07,2026-04-01 06:30:00
SCR-0001087,HS-000469,8,35,2025-10-09 18:21:56,2026-04-01 06:30:00
SCR-0001088,HS-000470,0,14,2026-01-08 05:26:28,2026-04-01 06:30:00
SCR-0001089,HS-000470,14,40,2026-01-12 16:19:07,2026-04-01 06:30:00
SCR-0001090,HS-000470,40,86,2026-01-14 05:33:06,2026-04-01 06:30:00
SCR-0001091,HS-000471,0,21,2025-10-06 12:50:41,2026-04-01 06:30:00
SCR-0001092,HS-000472,0,18,2025-10-11 15:09:49,2026-04-01 06:30:00
SCR-0001093,HS-000472,18,48,2025-10-22 03:30:37,2026-04-01 06:30:00
SCR-0001094,HS-000472,48,53,2025-10-24 20:52:55,2026-04-01 06:30:00
SCR-0001095,HS-000473,0,19,2025-11-27 15:23:04,2026-04-01 06:30:00
SCR-0001096,HS-000473,19,48,2025-12-04 18:57:11,2026-04-01 06:30:00
SCR-0001097,HS-000473,48,71,2025-12-04 20:29:15,2026-04-01 06:30:00
SCR-0001098,HS-000474,0,24,2026-03-03 02:32:38,2026-04-01 06:30:00
SCR-0001099,HS-000474,24,29,2026-03-05 10:16:20,2026-04-01 06:30:00
SCR-0001100,HS-000475,0,13,2025-10-15 15:27:53,2026-04-01 06:30:00
SCR-0001101,HS-000476,0,23,2025-11-12 11:47:14,2026-04-01 06:30:00
SCR-0001102,HS-000476,23,46,2025-11-29 02:43:45,2026-04-01 06:30:00
SCR-0001103,HS-000476,46,89,2025-12-02 00:10:24,2026-04-01 06:30:00
SCR-0001104,HS-000477,0,19,2026-01-22 04:29:02,2026-04-01 06:30:00
SCR-0001105,HS-000478,0,7,2025-11-07 08:18:09,2026-04-01 06:30:00
SCR-0001106,HS-000478,7,41,2025-11-13 03:30:52,2026-04-01 06:30:00
SCR-0001107,HS-000478,41,70,2025-11-14 07:36:47,2026-04-01 06:30:00
SCR-0001108,HS-000479,0,5,2026-02-12 11:30:46,2026-04-01 06:30:00
SCR-0001109,HS-000479,5,44,2026-02-18 19:09:45,2026-04-01 06:30:00
SCR-0001110,HS-000479,44,76,2026-02-20 18:57:39,2026-04-01 06:30:00
SCR-0001111,HS-000480,0,16,2026-01-14 10:42:43,2026-04-01 06:30:00
SCR-0001112,HS-000480,16,38,2026-01-23 05:09:35,2026-04-01 06:30:00
SCR-0001113,HS-000481,0,7,2026-01-14 09:06:15,2026-04-01 06:30:00
SCR-0001114,HS-000481,7,29,2026-01-31 10:31:10,2026-04-01 06:30:00
SCR-0001115,HS-000482,0,21,2025-09-19 14:57:42,2026-04-01 06:30:00
SCR-0001116,HS-000482,21,41,2025-10-07 05:46:02,2026-04-01 06:30:00
SCR-0001117,HS-000483,0,17,2025-10-06 08:57:31,2026-04-01 06:30:00
SCR-0001118,HS-000483,17,45,2025-10-16 17:15:38,2026-04-01 06:30:00
SCR-0001119,HS-000483,45,62,2025-10-19 03:32:48,2026-04-01 06:30:00
SCR-0001120,HS-000484,0,13,2025-09-28 14:27:36,2026-04-01 06:30:00
SCR-0001121,HS-000484,13,49,2025-10-02 07:04:43,2026-04-01 06:30:00
SCR-0001122,HS-000485,0,9,2026-01-06 09:03:28,2026-04-01 06:30:00
SCR-0001123,HS-000486,0,19,2025-09-16 17:47:46,2026-04-01 06:30:00
SCR-0001124,HS-000487,0,15,2025-11-15 02:28:29,2026-04-01 06:30:00
SCR-0001125,HS-000487,15,24,2025-11-29 08:37:06,2026-04-01 06:30:00
SCR-0001126,HS-000488,0,18,2026-03-06 21:23:48,2026-04-01 06:30:00
SCR-0001127,HS-000488,18,46,2026-03-10 21:06:54,2026-04-01 06:30:00
SCR-0001128,HS-000489,0,10,2025-09-06 00:56:51,2026-04-01 06:30:00
SCR-0001129,HS-000489,10,41,2025-09-09 11:43:44,2026-04-01 06:30:00
SCR-0001130,HS-000489,41,55,2025-09-12 02:19:15,2026-04-01 06:30:00
SCR-0001131,HS-000490,0,11,2025-09-24 02:21:49,2026-04-01 06:30:00
SCR-0001132,HS-000490,11,37,2025-10-08 06:36:07,2026-04-01 06:30:00
SCR-0001133,HS-000491,0,17,2026-03-22 20:51:49,2026-04-01 06:30:00
SCR-0001134,HS-000491,17,44,2026-03-30 09:10:01,2026-04-01 06:30:00
SCR-0001135,HS-000491,44,71,2026-03-30 23:43:58,2026-04-01 06:30:00
SCR-0001136,HS-000492,0,12,2025-12-22 11:50:28,2026-04-01 06:30:00
SCR-0001137,HS-000492,12,22,2025-12-25 11:08:08,2026-04-01 06:30:00
SCR-0001138,HS-000493,0,6,2025-10-20 00:56:16,2026-04-01 06:30:00
SCR-0001139,HS-000493,6,42,2025-10-29 21:05:11,2026-04-01 06:30:00
SCR-0001140,HS-000493,42,76,2025-10-31 22:48:12,2026-04-01 06:30:00
SCR-0001141,HS-000494,0,15,2026-02-01 12:37:05,2026-04-01 06:30:00
SCR-0001142,HS-000494,15,35,2026-02-11 07:10:08,2026-04-01 06:30:00
SCR-0001143,HS-000495,0,9,2026-03-28 19:02:38,2026-04-01 06:30:00
SCR-0001144,HS-000495,9,32,2026-04-03 06:07:36,2026-04-01 06:30:00
SCR-0001145,HS-000496,0,11,2025-09-05 11:06:42,2026-04-01 06:30:00
SCR-0001146,HS-000496,11,42,2025-09-12 17:59:02,2026-04-01 06:30:00
SCR-0001147,HS-000496,42,82,2025-09-14 00:22:47,2026-04-01 06:30:00
SCR-0001148,HS-000497,0,23,2026-01-03 20:28:21,2026-04-01 06:30:00
SCR-0001149,HS-000497,23,30,2026-01-16 19:50:13,2026-04-01 06:30:00
SCR-0001150,HS-000498,0,13,2025-11-02 20:08:51,2026-04-01 06:30:00
SCR-0001151,HS-000498,13,39,2025-11-08 18:46:18,2026-04-01 06:30:00
SCR-0001152,HS-000499,0,11,2025-09-13 16:53:34,2026-04-01 06:30:00
SCR-0001153,HS-000499,11,45,2025-09-19 18:13:55,2026-04-01 06:30:00
SCR-0001154,HS-000499,45,82,2025-09-21 09:26:17,2026-04-01 06:30:00
SCR-0001155,HS-000500,0,11,2025-12-21 10:13:12,2026-04-01 06:30:00
SCR-0001156,HS-000500,11,38,2025-12-24 22:51:00,2026-04-01 06:30:00
SCR-0001157,HS-000501,0,18,2026-01-15 03:23:21,2026-04-01 06:30:00
SCR-0001158,HS-000501,18,43,2026-01-27 20:19:29,2026-04-01 06:30:00
SCR-0001159,HS-000501,43,58,2026-01-27 22:38:52,2026-04-01 06:30:00
SCR-0001160,HS-000502,0,21,2025-11-28 08:28:50,2026-04-01 06:30:00
SCR-0001161,HS-000502,21,46,2025-12-13 02:29:09,2026-04-01 06:30:00
SCR-0001162,HS-000502,46,50,2025-12-13 21:01:35,2026-04-01 06:30:00
SCR-0001163,HS-000503,0,5,2025-10-23 04:37:01,2026-04-01 06:30:00
SCR-0001164,HS-000503,5,28,2025-10-28 02:26:02,2026-04-01 06:30:00
SCR-0001165,HS-000504,0,10,2025-10-01 17:46:27,2026-04-01 06:30:00
SCR-0001166,HS-000504,10,45,2025-10-12 02:22:25,2026-04-01 06:30:00
SCR-0001167,HS-000504,45,78,2025-10-13 18:04:41,2026-04-01 06:30:00
SCR-0001168,HS-000505,0,12,2025-11-25 04:27:58,2026-04-01 06:30:00
SCR-0001169,HS-000506,0,14,2025-11-03 16:59:56,2026-04-01 06:30:00
SCR-0001170,HS-000506,14,22,2025-11-18 21:14:22,2026-04-01 06:30:00
SCR-0001171,HS-000507,0,9,2026-03-20 00:56:32,2026-04-01 06:30:00
SCR-0001172,HS-000507,9,27,2026-04-01 13:55:16,2026-04-01 06:30:00
SCR-0001173,HS-000508,0,13,2026-01-06 08:02:42,2026-04-01 06:30:00
SCR-0001174,HS-000509,0,19,2026-03-03 09:20:45,2026-04-01 06:30:00
SCR-0001175,HS-000509,19,27,2026-03-22 13:40:59,2026-04-01 06:30:00
SCR-0001176,HS-000510,0,24,2025-11-06 05:05:09,2026-04-01 06:30:00
SCR-0001177,HS-000510,24,37,2025-11-20 13:31:40,2026-04-01 06:30:00
SCR-0001178,HS-000511,0,20,2026-02-12 12:02:46,2026-04-01 06:30:00
SCR-0001179,HS-000511,20,32,2026-02-24 14:21:25,2026-04-01 06:30:00
SCR-0001180,HS-000512,0,16,2026-02-01 18:11:28,2026-04-01 06:30:00
SCR-0001181,HS-000513,0,8,2026-01-19 20:14:52,2026-04-01 06:30:00
SCR-0001182,HS-000513,8,16,2026-01-28 23:01:20,2026-04-01 06:30:00
SCR-0001183,HS-000514,0,9,2025-12-02 19:20:59,2026-04-01 06:30:00
SCR-0001184,HS-000514,9,48,2025-12-07 10:35:39,2026-04-01 06:30:00
SCR-0001185,HS-000514,48,66,2025-12-09 15:10:12,2026-04-01 06:30:00
SCR-0001186,HS-000515,0,17,2025-09-28 22:06:58,2026-04-01 06:30:00
SCR-0001187,HS-000516,0,23,2026-02-18 05:41:43,2026-04-01 06:30:00
SCR-0001188,HS-000516,23,36,2026-03-01 10:08:22,2026-04-01 06:30:00
SCR-0001189,HS-000517,0,15,2026-03-04 06:26:13,2026-04-01 06:30:00
SCR-0001190,HS-000517,15,27,2026-03-08 03:57:15,2026-04-01 06:30:00
SCR-0001191,HS-000518,0,11,2026-03-03 18:33:43,2026-04-01 06:30:00
SCR-0001192,HS-000518,11,37,2026-03-06 15:52:40,2026-04-01 06:30:00
SCR-0001193,HS-000519,0,22,2026-02-19 14:54:23,2026-04-01 06:30:00
SCR-0001194,HS-000520,0,21,2025-11-09 09:19:41,2026-04-01 06:30:00
SCR-0001195,HS-000520,21,46,2025-11-18 01:08:42,2026-04-01 06:30:00
SCR-0001196,HS-000520,46,83,2025-11-20 11:59:37,2026-04-01 06:30:00
SCR-0001197,HS-000521,0,14,2026-01-02 06:21:53,2026-04-01 06:30:00
SCR-0001198,HS-000521,14,25,2026-01-18 01:53:32,2026-04-01 06:30:00
SCR-0001199,HS-000522,0,18,2025-12-04 14:43:25,2026-04-01 06:30:00
SCR-0001200,HS-000522,18,44,2025-12-08 23:55:20,2026-04-01 06:30:00
SCR-0001201,HS-000522,44,72,2025-12-10 21:46:12,2026-04-01 06:30:00
SCR-0001202,HS-000523,0,12,2026-02-15 04:43:47,2026-04-01 06:30:00
SCR-0001203,HS-000523,12,42,2026-03-02 22:33:41,2026-04-01 06:30:00
SCR-0001204,HS-000524,0,19,2025-10-04 18:32:26,2026-04-01 06:30:00
SCR-0001205,HS-000524,19,21,2025-10-06 17:05:55,2026-04-01 06:30:00
SCR-0001206,HS-000525,0,15,2025-12-17 14:45:15,2026-04-01 06:30:00
SCR-0001207,HS-000526,0,9,2026-01-06 23:32:45,2026-04-01 06:30:00
SCR-0001208,HS-000526,9,45,2026-01-11 19:56:09,2026-04-01 06:30:00
SCR-0001209,HS-000526,45,57,2026-01-12 01:30:16,2026-04-01 06:30:00
SCR-0001210,HS-000527,0,17,2025-10-27 13:06:42,2026-04-01 06:30:00
SCR-0001211,HS-000527,17,48,2025-11-04 02:12:28,2026-04-01 06:30:00
SCR-0001212,HS-000527,48,68,2025-11-06 03:42:26,2026-04-01 06:30:00
SCR-0001213,HS-000528,0,7,2025-09-26 03:06:33,2026-04-01 06:30:00
SCR-0001214,HS-000528,7,20,2025-10-12 03:30:43,2026-04-01 06:30:00
SCR-0001215,HS-000529,0,10,2025-12-17 19:57:23,2026-04-01 06:30:00
SCR-0001216,HS-000529,10,48,2025-12-25 13:11:57,2026-04-01 06:30:00
SCR-0001217,HS-000529,48,50,2025-12-27 01:44:34,2026-04-01 06:30:00
SCR-0001218,HS-000530,0,14,2025-12-29 01:01:04,2026-04-01 06:30:00
SCR-0001219,HS-000530,14,46,2026-01-06 03:24:22,2026-04-01 06:30:00
SCR-0001220,HS-000530,46,74,2026-01-07 19:06:16,2026-04-01 06:30:00
SCR-0001221,HS-000531,0,12,2026-02-04 13:57:13,2026-04-01 06:30:00
SCR-0001222,HS-000531,12,43,2026-02-10 05:11:15,2026-04-01 06:30:00
SCR-0001223,HS-000531,43,71,2026-02-11 00:04:52,2026-04-01 06:30:00
SCR-0001224,HS-000532,0,19,2026-03-06 08:05:00,2026-04-01 06:30:00
SCR-0001225,HS-000532,19,22,2026-03-18 10:11:55,2026-04-01 06:30:00
SCR-0001226,HS-000533,0,7,2025-08-31 04:29:10,2026-04-01 06:30:00
SCR-0001227,HS-000533,7,40,2025-09-06 04:19:12,2026-04-01 06:30:00
SCR-0001228,HS-000533,40,71,2025-09-08 04:33:01,2026-04-01 06:30:00
SCR-0001229,HS-000534,0,20,2025-10-18 04:20:51,2026-04-01 06:30:00
SCR-0001230,HS-000535,0,16,2025-11-14 02:49:17,2026-04-01 06:30:00
SCR-0001231,HS-000535,16,41,2025-11-19 07:44:26,2026-04-01 06:30:00
SCR-0001232,HS-000535,41,84,2025-11-21 23:54:09,2026-04-01 06:30:00
SCR-0001233,HS-000536,0,11,2025-09-21 07:10:01,2026-04-01 06:30:00
SCR-0001234,HS-000536,11,22,2025-10-05 23:49:26,2026-04-01 06:30:00
SCR-0001235,HS-000537,0,12,2025-09-03 23:43:52,2026-04-01 06:30:00
SCR-0001236,HS-000537,12,45,2025-09-11 12:30:08,2026-04-01 06:30:00
SCR-0001237,HS-000537,45,56,2025-09-14 00:19:14,2026-04-01 06:30:00
SCR-0001238,HS-000538,0,17,2025-08-25 11:10:56,2026-04-01 06:30:00
SCR-0001239,HS-000538,17,40,2025-08-30 11:57:23,2026-04-01 06:30:00
SCR-0001240,HS-000538,40,82,2025-09-01 23:31:39,2026-04-01 06:30:00
SCR-0001241,HS-000539,0,12,2025-10-12 02:06:25,2026-04-01 06:30:00
SCR-0001242,HS-000539,12,30,2025-10-15 13:46:19,2026-04-01 06:30:00
SCR-0001243,HS-000540,0,7,2025-11-15 03:47:47,2026-04-01 06:30:00
SCR-0001244,HS-000540,7,43,2025-11-20 00:10:40,2026-04-01 06:30:00
SCR-0001245,HS-000540,43,50,2025-11-20 12:14:51,2026-04-01 06:30:00
SCR-0001246,HS-000541,0,21,2025-12-28 13:06:03,2026-04-01 06:30:00
SCR-0001247,HS-000541,21,48,2026-01-10 00:52:21,2026-04-01 06:30:00
SCR-0001248,HS-000541,48,84,2026-01-11 15:47:39,2026-04-01 06:30:00
SCR-0001249,HS-000542,0,19,2026-02-02 20:52:47,2026-04-01 06:30:00
SCR-0001250,HS-000542,19,44,2026-02-06 04:52:42,2026-04-01 06:30:00
SCR-0001251,HS-000542,44,56,2026-02-06 06:45:56,2026-04-01 06:30:00
SCR-0001252,HS-000543,0,6,2025-10-14 10:08:51,2026-04-01 06:30:00
SCR-0001253,HS-000543,6,7,2025-10-18 22:09:43,2026-04-01 06:30:00
SCR-0001254,HS-000544,0,24,2025-10-25 04:01:13,2026-04-01 06:30:00
SCR-0001255,HS-000545,0,18,2026-01-30 14:49:09,2026-04-01 06:30:00
SCR-0001256,HS-000545,18,43,2026-02-03 23:35:54,2026-04-01 06:30:00
SCR-0001257,HS-000545,43,51,2026-02-06 22:02:40,2026-04-01 06:30:00
SCR-0001258,HS-000546,0,9,2025-11-14 02:04:19,2026-04-01 06:30:00
SCR-0001259,HS-000546,9,11,2025-12-02 21:04:33,2026-04-01 06:30:00
SCR-0001260,HS-000547,0,12,2026-02-22 11:04:40,2026-04-01 06:30:00
SCR-0001261,HS-000547,12,25,2026-03-07 13:33:48,2026-04-01 06:30:00
SCR-0001262,HS-000548,0,6,2025-10-17 02:23:48,2026-04-01 06:30:00
SCR-0001263,HS-000548,6,41,2025-10-20 09:34:43,2026-04-01 06:30:00
SCR-0001264,HS-000548,41,89,2025-10-20 19:01:39,2026-04-01 06:30:00
SCR-0001265,HS-000549,0,22,2026-01-05 12:40:52,2026-04-01 06:30:00
SCR-0001266,HS-000549,22,26,2026-01-10 17:41:29,2026-04-01 06:30:00
SCR-0001267,HS-000550,0,10,2025-12-25 14:21:38,2026-04-01 06:30:00
SCR-0001268,HS-000550,10,48,2025-12-29 01:18:59,2026-04-01 06:30:00
SCR-0001269,HS-000550,48,62,2025-12-29 01:35:03,2026-04-01 06:30:00
SCR-0001270,HS-000551,0,5,2025-12-18 21:40:06,2026-04-01 06:30:00
SCR-0001271,HS-000551,5,45,2025-12-27 19:40:39,2026-04-01 06:30:00
SCR-0001272,HS-000551,45,63,2025-12-29 12:58:37,2026-04-01 06:30:00
SCR-0001273,HS-000552,0,14,2026-02-12 00:21:46,2026-04-01 06:30:00
SCR-0001274,HS-000552,14,42,2026-02-15 23:55:11,2026-04-01 06:30:00
SCR-0001275,HS-000552,42,70,2026-02-16 18:39:53,2026-04-01 06:30:00
SCR-0001276,HS-000553,0,10,2026-02-03 09:25:47,2026-04-01 06:30:00
SCR-0001277,HS-000553,10,16,2026-02-12 08:30:48,2026-04-01 06:30:00
SCR-0001278,HS-000554,0,18,2026-02-19 01:11:05,2026-04-01 06:30:00
SCR-0001279,HS-000554,18,45,2026-02-23 12:35:21,2026-04-01 06:30:00
SCR-0001280,HS-000554,45,59,2026-02-24 17:38:15,2026-04-01 06:30:00
SCR-0001281,HS-000555,0,9,2026-01-19 23:45:57,2026-04-01 06:30:00
SCR-0001282,HS-000555,9,48,2026-01-25 21:36:03,2026-04-01 06:30:00
SCR-0001283,HS-000555,48,50,2026-01-27 21:02:59,2026-04-01 06:30:00
SCR-0001284,HS-000556,0,8,2025-09-23 07:04:51,2026-04-01 06:30:00
SCR-0001285,HS-000556,8,42,2025-09-25 23:27:58,2026-04-01 06:30:00
SCR-0001286,HS-000556,42,77,2025-09-26 04:52:17,2026-04-01 06:30:00
SCR-0001287,HS-000557,0,14,2026-02-07 03:53:24,2026-04-01 06:30:00
SCR-0001288,HS-000557,14,41,2026-02-13 17:53:49,2026-04-01 06:30:00
SCR-0001289,HS-000557,41,82,2026-02-16 17:12:32,2026-04-01 06:30:00
SCR-0001290,HS-000558,0,12,2026-01-10 10:43:22,2026-04-01 06:30:00
SCR-0001291,HS-000558,12,40,2026-01-19 09:37:22,2026-04-01 06:30:00
SCR-0001292,HS-000558,40,54,2026-01-21 17:41:00,2026-04-01 06:30:00
SCR-0001293,HS-000559,0,11,2025-08-30 09:16:40,2026-04-01 06:30:00
SCR-0001294,HS-000559,11,45,2025-09-10 12:37:16,2026-04-01 06:30:00
SCR-0001295,HS-000559,45,52,2025-09-11 20:44:29,2026-04-01 06:30:00
SCR-0001296,HS-000560,0,15,2026-02-16 05:58:20,2026-04-01 06:30:00
SCR-0001297,HS-000560,15,43,2026-02-19 20:52:55,2026-04-01 06:30:00
SCR-0001298,HS-000560,43,62,2026-02-21 17:29:22,2026-04-01 06:30:00
SCR-0001299,HS-000561,0,12,2025-10-28 08:09:54,2026-04-01 06:30:00
SCR-0001300,HS-000561,12,32,2025-11-08 00:50:46,2026-04-01 06:30:00
SCR-0001301,HS-000562,0,16,2026-01-02 23:55:49,2026-04-01 06:30:00
SCR-0001302,HS-000562,16,40,2026-01-05 15:49:58,2026-04-01 06:30:00
SCR-0001303,HS-000562,40,80,2026-01-05 23:27:38,2026-04-01 06:30:00
SCR-0001304,HS-000563,0,11,2026-03-28 08:17:04,2026-04-01 06:30:00
SCR-0001305,HS-000563,11,15,2026-04-03 15:29:57,2026-04-01 06:30:00
SCR-0001306,HS-000564,0,24,2025-09-15 10:15:48,2026-04-01 06:30:00
SCR-0001307,HS-000565,0,22,2025-09-11 06:00:28,2026-04-01 06:30:00
SCR-0001308,HS-000565,22,39,2025-09-17 13:56:10,2026-04-01 06:30:00
SCR-0001309,HS-000566,0,9,2026-03-23 19:00:56,2026-04-01 06:30:00
SCR-0001310,HS-000566,9,37,2026-03-25 14:12:39,2026-04-01 06:30:00
SCR-0001311,HS-000567,0,8,2026-03-20 04:49:11,2026-04-01 06:30:00
SCR-0001312,HS-000567,8,44,2026-03-24 02:39:52,2026-04-01 06:30:00
SCR-0001313,HS-000568,0,17,2025-09-12 08:04:33,2026-04-01 06:30:00
SCR-0001314,HS-000568,17,43,2025-09-18 05:29:30,2026-04-01 06:30:00
SCR-0001315,HS-000569,0,20,2026-03-01 00:13:15,2026-04-01 06:30:00
SCR-0001316,HS-000570,0,20,2025-11-18 08:29:30,2026-04-01 06:30:00
SCR-0001317,HS-000570,20,46,2025-11-25 01:14:42,2026-04-01 06:30:00
SCR-0001318,HS-000570,46,87,2025-11-25 17:48:18,2026-04-01 06:30:00
SCR-0001319,HS-000571,0,5,2026-02-05 09:59:41,2026-04-01 06:30:00
SCR-0001320,HS-000571,5,46,2026-02-11 06:40:43,2026-04-01 06:30:00
SCR-0001321,HS-000571,46,65,2026-02-13 00:21:44,2026-04-01 06:30:00
SCR-0001322,HS-000572,0,16,2025-12-08 02:07:25,2026-04-01 06:30:00
SCR-0001323,HS-000572,16,46,2025-12-16 21:42:18,2026-04-01 06:30:00
SCR-0001324,HS-000572,46,86,2025-12-18 02:00:08,2026-04-01 06:30:00
SCR-0001325,HS-000573,0,10,2025-10-05 08:14:36,2026-04-01 06:30:00
SCR-0001326,HS-000573,10,41,2025-10-10 10:04:18,2026-04-01 06:30:00
SCR-0001327,HS-000573,41,76,2025-10-10 21:02:18,2026-04-01 06:30:00
SCR-0001328,HS-000574,0,21,2025-11-11 14:35:11,2026-04-01 06:30:00
SCR-0001329,HS-000574,21,46,2025-11-20 15:51:30,2026-04-01 06:30:00
SCR-0001330,HS-000574,46,67,2025-11-22 22:26:02,2026-04-01 06:30:00
SCR-0001331,HS-000575,0,22,2025-12-20 22:10:37,2026-04-01 06:30:00
SCR-0001332,HS-000575,22,23,2025-12-23 16:35:39,2026-04-01 06:30:00
SCR-0001333,HS-000576,0,7,2025-11-05 23:08:42,2026-04-01 06:30:00
SCR-0001334,HS-000577,0,16,2025-10-13 16:14:23,2026-04-01 06:30:00
SCR-0001335,HS-000577,16,42,2025-10-21 04:31:47,2026-04-01 06:30:00
SCR-0001336,HS-000577,42,67,2025-10-23 17:12:39,2026-04-01 06:30:00
SCR-0001337,HS-000578,0,5,2026-01-03 21:28:46,2026-04-01 06:30:00
SCR-0001338,HS-000578,5,27,2026-01-12 08:05:52,2026-04-01 06:30:00
SCR-0001339,HS-000579,0,19,2025-11-05 00:55:41,2026-04-01 06:30:00
SCR-0001340,HS-000580,0,6,2025-09-08 08:09:09,2026-04-01 06:30:00
SCR-0001341,HS-000580,6,34,2025-09-22 05:11:13,2026-04-01 06:30:00
SCR-0001342,HS-000581,0,24,2025-08-29 19:03:49,2026-04-01 06:30:00
SCR-0001343,HS-000581,24,47,2025-09-07 10:09:31,2026-04-01 06:30:00
SCR-0001344,HS-000581,47,63,2025-09-09 22:38:37,2026-04-01 06:30:00
SCR-0001345,HS-000582,0,19,2025-10-22 16:19:55,2026-04-01 06:30:00
SCR-0001346,HS-000582,19,26,2025-10-27 04:57:50,2026-04-01 06:30:00
SCR-0001347,HS-000583,0,7,2025-10-09 22:34:02,2026-04-01 06:30:00
SCR-0001348,HS-000583,7,10,2025-10-22 13:24:35,2026-04-01 06:30:00
SCR-0001349,HS-000584,0,6,2025-12-10 11:34:47,2026-04-01 06:30:00
SCR-0001350,HS-000584,6,42,2025-12-20 05:30:21,2026-04-01 06:30:00
SCR-0001351,HS-000584,42,56,2025-12-20 17:53:07,2026-04-01 06:30:00
SCR-0001352,HS-000585,0,17,2026-01-12 11:42:06,2026-04-01 06:30:00
SCR-0001353,HS-000585,17,44,2026-01-23 01:41:52,2026-04-01 06:30:00
SCR-0001354,HS-000585,44,67,2026-01-25 19:52:04,2026-04-01 06:30:00
SCR-0001355,HS-000586,0,15,2026-01-08 12:26:08,2026-04-01 06:30:00
SCR-0001356,HS-000586,15,48,2026-01-15 16:04:23,2026-04-01 06:30:00
SCR-0001357,HS-000587,0,24,2025-10-28 04:21:47,2026-04-01 06:30:00
SCR-0001358,HS-000587,24,45,2025-11-02 14:26:31,2026-04-01 06:30:00
SCR-0001359,HS-000588,0,22,2026-01-03 01:03:08,2026-04-01 06:30:00
SCR-0001360,HS-000589,0,20,2025-12-23 12:29:16,2026-04-01 06:30:00
SCR-0001361,HS-000589,20,47,2025-12-28 03:12:12,2026-04-01 06:30:00
SCR-0001362,HS-000589,47,78,2025-12-28 18:06:22,2026-04-01 06:30:00
SCR-0001363,HS-000590,0,8,2025-10-25 08:01:54,2026-04-01 06:30:00
SCR-0001364,HS-000590,8,42,2025-11-01 00:04:39,2026-04-01 06:30:00
SCR-0001365,HS-000590,42,85,2025-11-02 07:07:27,2026-04-01 06:30:00
SCR-0001366,HS-000591,0,11,2026-03-30 15:49:42,2026-04-01 06:30:00
SCR-0001367,HS-000592,0,16,2025-11-14 07:36:38,2026-04-01 06:30:00
SCR-0001368,HS-000592,16,21,2025-11-28 19:52:38,2026-04-01 06:30:00
SCR-0001369,HS-000593,0,19,2026-01-12 17:38:03,2026-04-01 06:30:00
SCR-0001370,HS-000593,19,25,2026-01-28 20:44:13,2026-04-01 06:30:00
SCR-0001371,HS-000594,0,20,2025-12-19 08:23:46,2026-04-01 06:30:00
SCR-0001372,HS-000594,20,30,2025-12-27 18:42:35,2026-04-01 06:30:00
SCR-0001373,HS-000595,0,15,2026-02-05 23:25:01,2026-04-01 06:30:00
SCR-0001374,HS-000595,15,47,2026-02-24 16:47:26,2026-04-01 06:30:00
SCR-0001375,HS-000595,47,80,2026-02-26 08:31:40,2026-04-01 06:30:00
SCR-0001376,HS-000596,0,19,2025-12-28 01:12:44,2026-04-01 06:30:00
SCR-0001377,HS-000596,19,31,2026-01-11 03:57:57,2026-04-01 06:30:00
SCR-0001378,HS-000597,0,6,2025-11-19 09:02:37,2026-04-01 06:30:00
SCR-0001379,HS-000597,6,31,2025-11-29 19:40:29,2026-04-01 06:30:00
SCR-0001380,HS-000598,0,23,2026-01-01 03:21:47,2026-04-01 06:30:00
SCR-0001381,HS-000598,23,44,2026-01-07 23:24:00,2026-04-01 06:30:00
SCR-0001382,HS-000598,44,65,2026-01-10 08:31:44,2026-04-01 06:30:00
SCR-0001383,HS-000599,0,18,2025-09-11 01:54:59,2026-04-01 06:30:00
SCR-0001384,HS-000599,18,42,2025-09-17 21:19:07,2026-04-01 06:30:00
SCR-0001385,HS-000599,42,52,2025-09-20 11:08:12,2026-04-01 06:30:00
SCR-0001386,HS-000600,0,14,2025-10-14 04:00:07,2026-04-01 06:30:00
SCR-0001387,HS-000600,14,30,2025-10-26 12:21:02,2026-04-01 06:30:00
SCR-0001388,HS-000601,0,20,2025-12-30 00:10:46,2026-04-01 06:30:00
SCR-0001389,HS-000602,0,17,2025-10-02 05:12:47,2026-04-01 06:30:00
SCR-0001390,HS-000602,17,22,2025-10-19 07:46:00,2026-04-01 06:30:00
SCR-0001391,HS-000603,0,21,2026-01-08 23:55:16,2026-04-01 06:30:00
SCR-0001392,HS-000604,0,6,2025-10-07 04:40:57,2026-04-01 06:30:00
SCR-0001393,HS-000604,6,41,2025-10-11 05:21:25,2026-04-01 06:30:00
SCR-0001394,HS-000604,41,67,2025-10-13 10:29:28,2026-04-01 06:30:00
SCR-0001395,HS-000605,0,9,2025-09-24 13:13:45,2026-04-01 06:30:00
SCR-0001396,HS-000606,0,24,2025-11-07 17:51:41,2026-04-01 06:30:00
SCR-0001397,HS-000606,24,35,2025-11-16 20:48:24,2026-04-01 06:30:00
SCR-0001398,HS-000607,0,23,2026-02-01 15:47:00,2026-04-01 06:30:00
SCR-0001399,HS-000607,23,45,2026-02-03 14:56:54,2026-04-01 06:30:00
SCR-0001400,HS-000607,45,63,2026-02-05 22:44:36,2026-04-01 06:30:00
SCR-0001401,HS-000608,0,11,2025-09-30 07:54:15,2026-04-01 06:30:00
SCR-0001402,HS-000608,11,42,2025-10-11 12:37:40,2026-04-01 06:30:00
SCR-0001403,HS-000608,42,52,2025-10-13 23:38:31,2026-04-01 06:30:00
SCR-0001404,HS-000609,0,17,2026-03-25 14:57:10,2026-04-01 06:30:00
SCR-0001405,HS-000609,17,23,2026-03-30 11:17:43,2026-04-01 06:30:00
SCR-0001406,HS-000610,0,21,2026-03-06 04:36:00,2026-04-01 06:30:00
SCR-0001407,HS-000610,21,36,2026-03-10 12:00:32,2026-04-01 06:30:00
SCR-0001408,HS-000611,0,13,2025-11-29 21:20:24,2026-04-01 06:30:00
SCR-0001409,HS-000611,13,43,2025-12-05 13:45:48,2026-04-01 06:30:00
SCR-0001410,HS-000611,43,63,2025-12-06 16:34:23,2026-04-01 06:30:00
SCR-0001411,HS-000612,0,13,2025-10-17 08:05:34,2026-04-01 06:30:00
SCR-0001412,HS-000612,13,39,2025-10-25 09:29:46,2026-04-01 06:30:00
SCR-0001413,HS-000613,0,12,2025-12-21 19:17:59,2026-04-01 06:30:00
SCR-0001414,HS-000613,12,31,2025-12-31 12:54:07,2026-04-01 06:30:00
SCR-0001415,HS-000614,0,13,2026-01-10 15:53:54,2026-04-01 06:30:00
SCR-0001416,HS-000614,13,44,2026-01-14 05:40:50,2026-04-01 06:30:00
SCR-0001417,HS-000614,44,51,2026-01-14 10:17:22,2026-04-01 06:30:00
SCR-0001418,HS-000615,0,7,2025-09-08 11:31:55,2026-04-01 06:30:00
SCR-0001419,HS-000615,7,49,2025-09-18 10:55:09,2026-04-01 06:30:00
SCR-0001420,HS-000616,0,22,2026-03-04 16:14:15,2026-04-01 06:30:00
SCR-0001421,HS-000616,22,27,2026-03-12 04:24:08,2026-04-01 06:30:00
SCR-0001422,HS-000617,0,5,2025-12-18 09:02:10,2026-04-01 06:30:00
SCR-0001423,HS-000617,5,8,2025-12-31 13:29:11,2026-04-01 06:30:00
SCR-0001424,HS-000618,0,21,2025-09-20 17:24:02,2026-04-01 06:30:00
SCR-0001425,HS-000618,21,48,2025-09-26 18:19:20,2026-04-01 06:30:00
SCR-0001426,HS-000618,48,77,2025-09-28 21:44:27,2026-04-01 06:30:00
SCR-0001427,HS-000619,0,11,2025-11-21 15:23:15,2026-04-01 06:30:00
SCR-0001428,HS-000619,11,46,2025-12-09 23:18:27,2026-04-01 06:30:00
SCR-0001429,HS-000619,46,55,2025-12-11 04:00:23,2026-04-01 06:30:00
SCR-0001430,HS-000620,0,20,2025-10-08 06:22:36,2026-04-01 06:30:00
SCR-0001431,HS-000620,20,45,2025-10-24 21:46:10,2026-04-01 06:30:00
SCR-0001432,HS-000620,45,85,2025-10-26 14:58:38,2026-04-01 06:30:00
SCR-0001433,HS-000621,0,9,2025-09-11 00:41:18,2026-04-01 06:30:00
SCR-0001434,HS-000621,9,29,2025-09-17 05:33:25,2026-04-01 06:30:00
SCR-0001435,HS-000622,0,14,2025-10-11 06:56:26,2026-04-01 06:30:00
SCR-0001436,HS-000623,0,17,2026-01-10 02:37:29,2026-04-01 06:30:00
SCR-0001437,HS-000623,17,20,2026-01-28 15:56:24,2026-04-01 06:30:00
SCR-0001438,HS-000624,0,8,2025-11-02 23:24:40,2026-04-01 06:30:00
SCR-0001439,HS-000624,8,15,2025-11-19 04:41:56,2026-04-01 06:30:00
SCR-0001440,HS-000625,0,23,2025-09-20 12:15:12,2026-04-01 06:30:00
SCR-0001441,HS-000625,23,48,2025-10-03 02:31:41,2026-04-01 06:30:00
SCR-0001442,HS-000625,48,58,2025-10-03 09:27:18,2026-04-01 06:30:00
SCR-0001443,HS-000626,0,10,2026-02-20 16:43:28,2026-04-01 06:30:00
SCR-0001444,HS-000626,10,40,2026-03-04 00:31:40,2026-04-01 06:30:00
SCR-0001445,HS-000626,40,71,2026-03-05 16:25:13,2026-04-01 06:30:00
SCR-0001446,HS-000627,0,9,2026-03-10 06:32:11,2026-04-01 06:30:00
SCR-0001447,HS-000627,9,41,2026-03-19 13:44:39,2026-04-01 06:30:00
SCR-0001448,HS-000627,41,90,2026-03-22 12:16:35,2026-04-01 06:30:00
SCR-0001449,HS-000628,0,10,2025-11-08 22:28:03,2026-04-01 06:30:00
SCR-0001450,HS-000628,10,30,2025-11-22 04:20:38,2026-04-01 06:30:00
SCR-0001451,HS-000629,0,17,2025-09-29 19:15:26,2026-04-01 06:30:00
SCR-0001452,HS-000629,17,35,2025-10-14 21:36:12,2026-04-01 06:30:00
SCR-0001453,HS-000630,0,10,2025-11-06 17:41:08,2026-04-01 06:30:00
SCR-0001454,HS-000630,10,43,2025-11-11 20:11:44,2026-04-01 06:30:00
SCR-0001455,HS-000631,0,7,2025-12-20 06:29:53,2026-04-01 06:30:00
SCR-0001456,HS-000631,7,36,2026-01-04 17:47:07,2026-04-01 06:30:00
SCR-0001457,HS-000632,0,17,2026-03-12 14:43:40,2026-04-01 06:30:00
SCR-0001458,HS-000633,0,18,2026-02-24 12:17:43,2026-04-01 06:30:00
SCR-0001459,HS-000634,0,14,2025-10-20 14:32:58,2026-04-01 06:30:00
SCR-0001460,HS-000634,14,45,2025-10-26 00:13:45,2026-04-01 06:30:00
SCR-0001461,HS-000634,45,64,2025-10-26 18:20:21,2026-04-01 06:30:00
SCR-0001462,HS-000635,0,12,2025-12-08 16:35:47,2026-04-01 06:30:00
SCR-0001463,HS-000635,12,30,2025-12-27 04:19:19,2026-04-01 06:30:00
SCR-0001464,HS-000636,0,7,2026-02-23 17:27:07,2026-04-01 06:30:00
SCR-0001465,HS-000636,7,28,2026-03-07 21:50:12,2026-04-01 06:30:00
SCR-0001466,HS-000637,0,5,2025-10-07 21:10:03,2026-04-01 06:30:00
SCR-0001467,HS-000637,5,28,2025-10-18 23:22:14,2026-04-01 06:30:00
SCR-0001468,HS-000638,0,24,2026-03-20 07:37:00,2026-04-01 06:30:00
SCR-0001469,HS-000638,24,31,2026-04-04 09:39:09,2026-04-01 06:30:00
SCR-0001470,HS-000639,0,20,2025-10-01 14:42:28,2026-04-01 06:30:00
SCR-0001471,HS-000639,20,22,2025-10-12 23:08:58,2026-04-01 06:30:00
SCR-0001472,HS-000640,0,23,2026-03-05 15:33:19,2026-04-01 06:30:00
SCR-0001473,HS-000641,0,10,2026-01-20 18:10:36,2026-04-01 06:30:00
SCR-0001474,HS-000641,10,47,2026-01-26 01:41:34,2026-04-01 06:30:00
SCR-0001475,HS-000641,47,61,2026-01-28 04:42:22,2026-04-01 06:30:00
SCR-0001476,HS-000642,0,13,2026-03-26 12:34:40,2026-04-01 06:30:00
SCR-0001477,HS-000642,13,34,2026-04-08 20:51:55,2026-04-01 06:30:00
SCR-0001478,HS-000643,0,17,2025-08-27 11:31:33,2026-04-01 06:30:00
SCR-0001479,HS-000643,17,44,2025-09-02 04:36:10,2026-04-01 06:30:00
SCR-0001480,HS-000644,0,6,2026-02-18 00:53:15,2026-04-01 06:30:00
SCR-0001481,HS-000644,6,34,2026-02-27 09:54:48,2026-04-01 06:30:00
SCR-0001482,HS-000645,0,7,2026-02-19 07:08:20,2026-04-01 06:30:00
SCR-0001483,HS-000645,7,40,2026-03-06 23:27:47,2026-04-01 06:30:00
SCR-0001484,HS-000645,40,90,2026-03-08 18:09:41,2026-04-01 06:30:00
SCR-0001485,HS-000646,0,20,2026-02-28 06:54:31,2026-04-01 06:30:00
SCR-0001486,HS-000647,0,15,2026-01-19 03:15:31,2026-04-01 06:30:00
SCR-0001487,HS-000647,15,42,2026-01-26 21:23:53,2026-04-01 06:30:00
SCR-0001488,HS-000647,42,55,2026-01-28 05:03:36,2026-04-01 06:30:00
SCR-0001489,HS-000648,0,20,2025-10-27 13:04:37,2026-04-01 06:30:00
SCR-0001490,HS-000648,20,43,2025-11-07 05:38:04,2026-04-01 06:30:00
SCR-0001491,HS-000648,43,81,2025-11-07 11:44:54,2026-04-01 06:30:00
SCR-0001492,HS-000649,0,23,2025-11-25 21:27:16,2026-04-01 06:30:00
SCR-0001493,HS-000649,23,25,2025-12-11 15:20:50,2026-04-01 06:30:00
SCR-0001494,HS-000650,0,14,2025-08-28 22:58:11,2026-04-01 06:30:00
SCR-0001495,HS-000650,14,46,2025-09-05 23:47:04,2026-04-01 06:30:00
SCR-0001496,HS-000650,46,59,2025-09-06 07:20:48,2026-04-01 06:30:00
SCR-0001497,HS-000651,0,13,2025-10-24 06:54:40,2026-04-01 06:30:00
SCR-0001498,HS-000651,13,32,2025-10-25 12:55:10,2026-04-01 06:30:00
SCR-0001499,HS-000652,0,18,2026-01-27 21:56:37,2026-04-01 06:30:00
SCR-0001500,HS-000652,18,42,2026-01-31 18:57:08,2026-04-01 06:30:00
SCR-0001501,HS-000652,42,69,2026-02-01 07:11:54,2026-04-01 06:30:00
SCR-0001502,HS-000653,0,16,2026-02-16 13:39:34,2026-04-01 06:30:00
SCR-0001503,HS-000653,16,22,2026-03-05 13:18:05,2026-04-01 06:30:00
SCR-0001504,HS-000654,0,22,2026-02-06 06:58:36,2026-04-01 06:30:00
SCR-0001505,HS-000654,22,27,2026-02-22 23:18:41,2026-04-01 06:30:00
SCR-0001506,HS-000655,0,19,2026-03-04 14:54:16,2026-04-01 06:30:00
SCR-0001507,HS-000655,19,37,2026-03-12 05:23:22,2026-04-01 06:30:00
SCR-0001508,HS-000656,0,22,2026-03-11 12:26:59,2026-04-01 06:30:00
SCR-0001509,HS-000657,0,22,2025-12-08 09:01:25,2026-04-01 06:30:00
SCR-0001510,HS-000658,0,7,2025-11-07 22:50:38,2026-04-01 06:30:00
SCR-0001511,HS-000658,7,33,2025-11-18 16:06:25,2026-04-01 06:30:00
SCR-0001512,HS-000659,0,15,2026-03-26 18:21:57,2026-04-01 06:30:00
SCR-0001513,HS-000659,15,37,2026-04-13 01:52:42,2026-04-01 06:30:00
SCR-0001514,HS-000660,0,21,2026-02-25 08:10:14,2026-04-01 06:30:00
SCR-0001515,HS-000660,21,33,2026-02-27 06:37:28,2026-04-01 06:30:00
SCR-0001516,HS-000661,0,17,2025-11-17 09:18:46,2026-04-01 06:30:00
SCR-0001517,HS-000661,17,18,2025-12-04 03:11:33,2026-04-01 06:30:00
SCR-0001518,HS-000662,0,19,2025-10-06 04:41:54,2026-04-01 06:30:00
SCR-0001519,HS-000662,19,38,2025-10-18 17:40:14,2026-04-01 06:30:00
SCR-0001520,HS-000663,0,20,2025-10-21 05:05:17,2026-04-01 06:30:00
SCR-0001521,HS-000663,20,34,2025-11-10 00:40:51,2026-04-01 06:30:00
SCR-0001522,HS-000664,0,14,2025-09-07 22:32:53,2026-04-01 06:30:00
SCR-0001523,HS-000664,14,45,2025-09-27 15:36:23,2026-04-01 06:30:00
SCR-0001524,HS-000664,45,73,2025-09-28 02:02:46,2026-04-01 06:30:00
SCR-0001525,HS-000665,0,23,2026-01-10 17:35:22,2026-04-01 06:30:00
SCR-0001526,HS-000665,23,24,2026-01-12 14:41:21,2026-04-01 06:30:00
SCR-0001527,HS-000666,0,23,2025-10-03 11:33:05,2026-04-01 06:30:00
SCR-0001528,HS-000666,23,41,2025-11-05 17:22:33,2026-04-01 06:30:00
SCR-0001529,HS-000667,0,12,2026-02-11 05:40:38,2026-04-01 06:30:00
SCR-0001530,HS-000667,12,43,2026-02-15 14:54:24,2026-04-01 06:30:00
SCR-0001531,HS-000667,43,54,2026-02-16 08:53:33,2026-04-01 06:30:00
SCR-0001532,HS-000668,0,21,2025-09-13 19:16:26,2026-04-01 06:30:00
SCR-0001533,HS-000668,21,46,2025-09-23 11:40:36,2026-04-01 06:30:00
SCR-0001534,HS-000668,46,73,2025-09-24 03:49:48,2026-04-01 06:30:00
SCR-0001535,HS-000669,0,18,2026-03-01 11:14:54,2026-04-01 06:30:00
SCR-0001536,HS-000669,18,43,2026-03-23 12:35:00,2026-04-01 06:30:00
SCR-0001537,HS-000670,0,15,2026-01-14 20:29:16,2026-04-01 06:30:00
SCR-0001538,HS-000670,15,40,2026-01-20 02:29:28,2026-04-01 06:30:00
SCR-0001539,HS-000670,40,62,2026-01-21 11:01:14,2026-04-01 06:30:00
SCR-0001540,HS-000671,0,12,2025-11-27 10:10:51,2026-04-01 06:30:00
SCR-0001541,HS-000671,12,46,2025-12-14 01:35:25,2026-04-01 06:30:00
SCR-0001542,HS-000671,46,60,2025-12-16 19:17:26,2026-04-01 06:30:00
SCR-0001543,HS-000672,0,21,2025-11-02 02:23:28,2026-04-01 06:30:00
SCR-0001544,HS-000673,0,23,2025-10-25 04:15:58,2026-04-01 06:30:00
SCR-0001545,HS-000673,23,41,2025-10-28 22:18:56,2026-04-01 06:30:00
SCR-0001546,HS-000673,41,58,2025-10-29 10:32:01,2026-04-01 06:30:00
SCR-0001547,HS-000674,0,22,2025-10-04 18:59:08,2026-04-01 06:30:00
SCR-0001548,HS-000674,22,32,2025-10-24 08:15:44,2026-04-01 06:30:00
SCR-0001549,HS-000675,0,18,2025-09-20 09:08:07,2026-04-01 06:30:00
SCR-0001550,HS-000676,0,18,2025-12-20 01:48:04,2026-04-01 06:30:00
SCR-0001551,HS-000676,18,44,2026-01-02 15:01:14,2026-04-01 06:30:00
SCR-0001552,HS-000676,44,83,2026-01-03 08:47:12,2026-04-01 06:30:00
SCR-0001553,HS-000677,0,17,2026-02-10 07:03:00,2026-04-01 06:30:00
SCR-0001554,HS-000677,17,44,2026-02-14 01:31:35,2026-04-01 06:30:00
SCR-0001555,HS-000677,44,68,2026-02-14 08:22:54,2026-04-01 06:30:00
SCR-0001556,HS-000678,0,16,2025-10-16 22:52:40,2026-04-01 06:30:00
SCR-0001557,HS-000678,16,40,2025-10-22 13:59:14,2026-04-01 06:30:00
SCR-0001558,HS-000678,40,75,2025-10-23 04:44:27,2026-04-01 06:30:00
SCR-0001559,HS-000679,0,19,2025-09-02 22:47:34,2026-04-01 06:30:00
SCR-0001560,HS-000679,19,40,2025-09-10 01:36:24,2026-04-01 06:30:00
SCR-0001561,HS-000679,40,56,2025-09-11 19:17:22,2026-04-01 06:30:00
SCR-0001562,HS-000680,0,22,2025-12-21 11:40:47,2026-04-01 06:30:00
SCR-0001563,HS-000681,0,9,2025-11-14 13:12:24,2026-04-01 06:30:00
SCR-0001564,HS-000682,0,24,2025-10-27 17:04:37,2026-04-01 06:30:00
SCR-0001565,HS-000682,24,48,2025-11-02 09:39:57,2026-04-01 06:30:00
SCR-0001566,HS-000682,48,87,2025-11-04 20:54:51,2026-04-01 06:30:00
SCR-0001567,HS-000683,0,11,2025-10-21 00:11:42,2026-04-01 06:30:00
SCR-0001568,HS-000683,11,41,2025-10-25 00:59:44,2026-04-01 06:30:00
SCR-0001569,HS-000683,41,55,2025-10-26 07:54:53,2026-04-01 06:30:00
SCR-0001570,HS-000684,0,21,2026-03-27 23:58:28,2026-04-01 06:30:00
SCR-0001571,HS-000684,21,37,2026-04-02 03:47:32,2026-04-01 06:30:00
SCR-0001572,HS-000685,0,13,2025-11-06 00:43:24,2026-04-01 06:30:00
SCR-0001573,HS-000685,13,21,2025-11-13 13:41:03,2026-04-01 06:30:00
SCR-0001574,HS-000686,0,16,2026-01-02 10:40:07,2026-04-01 06:30:00
SCR-0001575,HS-000686,16,46,2026-01-06 23:38:31,2026-04-01 06:30:00
SCR-0001576,HS-000686,46,64,2026-01-08 09:26:54,2026-04-01 06:30:00
SCR-0001577,HS-000687,0,6,2026-01-15 19:58:19,2026-04-01 06:30:00
SCR-0001578,HS-000687,6,15,2026-01-20 21:38:18,2026-04-01 06:30:00
SCR-0001579,HS-000688,0,9,2025-12-31 21:55:24,2026-04-01 06:30:00
SCR-0001580,HS-000688,9,48,2026-01-04 14:38:37,2026-04-01 06:30:00
SCR-0001581,HS-000688,48,80,2026-01-07 07:10:55,2026-04-01 06:30:00
SCR-0001582,HS-000689,0,18,2025-10-21 10:39:09,2026-04-01 06:30:00
SCR-0001583,HS-000689,18,41,2025-11-07 02:16:46,2026-04-01 06:30:00
SCR-0001584,HS-000689,41,85,2025-11-08 21:36:19,2026-04-01 06:30:00
SCR-0001585,HS-000690,0,7,2026-02-16 09:02:08,2026-04-01 06:30:00
SCR-0001586,HS-000690,7,10,2026-02-19 04:38:20,2026-04-01 06:30:00
SCR-0001587,HS-000691,0,12,2025-11-25 18:42:37,2026-04-01 06:30:00
SCR-0001588,HS-000691,12,24,2025-12-10 23:44:23,2026-04-01 06:30:00
SCR-0001589,HS-000692,0,13,2025-09-02 19:15:18,2026-04-01 06:30:00
SCR-0001590,HS-000692,13,40,2025-09-12 18:36:20,2026-04-01 06:30:00
SCR-0001591,HS-000693,0,14,2025-12-27 06:47:45,2026-04-01 06:30:00
SCR-0001592,HS-000693,14,48,2025-12-30 19:39:21,2026-04-01 06:30:00
SCR-0001593,HS-000693,48,90,2025-12-30 23:02:16,2026-04-01 06:30:00
SCR-0001594,HS-000694,0,15,2026-01-15 14:52:57,2026-04-01 06:30:00
SCR-0001595,HS-000695,0,22,2025-10-18 06:58:14,2026-04-01 06:30:00
SCR-0001596,HS-000695,22,43,2025-10-27 15:56:30,2026-04-01 06:30:00
SCR-0001597,HS-000695,43,74,2025-10-29 17:07:36,2026-04-01 06:30:00
SCR-0001598,HS-000696,0,19,2026-02-03 11:31:25,2026-04-01 06:30:00
SCR-0001599,HS-000696,19,37,2026-02-09 03:09:19,2026-04-01 06:30:00
SCR-0001600,HS-000697,0,10,2025-09-01 19:52:12,2026-04-01 06:30:00
SCR-0001601,HS-000697,10,32,2025-09-14 07:30:48,2026-04-01 06:30:00
SCR-0001602,HS-000698,0,17,2025-11-11 23:10:29,2026-04-01 06:30:00
SCR-0001603,HS-000698,17,36,2025-11-16 10:03:00,2026-04-01 06:30:00
SCR-0001604,HS-000699,0,16,2026-01-12 14:31:24,2026-04-01 06:30:00
SCR-0001605,HS-000700,0,13,2025-10-14 01:27:24,2026-04-01 06:30:00
SCR-0001606,HS-000700,13,40,2025-10-21 07:09:58,2026-04-01 06:30:00
SCR-0001607,HS-000700,40,89,2025-10-21 13:21:11,2026-04-01 06:30:00
SCR-0001608,HS-000701,0,13,2025-10-11 15:39:20,2026-04-01 06:30:00
SCR-0001609,HS-000701,13,45,2025-10-18 12:39:43,2026-04-01 06:30:00
SCR-0001610,HS-000701,45,50,2025-10-21 10:59:27,2026-04-01 06:30:00
SCR-0001611,HS-000702,0,13,2025-11-17 14:19:35,2026-04-01 06:30:00
SCR-0001612,HS-000702,13,42,2025-12-16 22:29:20,2026-04-01 06:30:00
SCR-0001613,HS-000702,42,77,2025-12-19 17:08:45,2026-04-01 06:30:00
SCR-0001614,HS-000703,0,15,2026-01-04 22:29:48,2026-04-01 06:30:00
SCR-0001615,HS-000703,15,43,2026-01-12 22:32:45,2026-04-01 06:30:00
SCR-0001616,HS-000703,43,57,2026-01-14 12:52:01,2026-04-01 06:30:00
SCR-0001617,HS-000704,0,5,2025-11-29 05:10:25,2026-04-01 06:30:00
SCR-0001618,HS-000704,5,44,2025-12-06 07:40:10,2026-04-01 06:30:00
SCR-0001619,HS-000704,44,70,2025-12-07 11:29:43,2026-04-01 06:30:00
SCR-0001620,HS-000705,0,5,2025-10-05 05:16:01,2026-04-01 06:30:00
SCR-0001621,HS-000705,5,22,2025-10-25 05:01:43,2026-04-01 06:30:00
SCR-0001622,HS-000706,0,9,2025-11-15 16:09:15,2026-04-01 06:30:00
SCR-0001623,HS-000706,9,40,2025-11-22 08:59:05,2026-04-01 06:30:00
SCR-0001624,HS-000707,0,6,2026-03-06 06:16:09,2026-04-01 06:30:00
SCR-0001625,HS-000707,6,39,2026-03-22 00:27:12,2026-04-01 06:30:00
SCR-0001626,HS-000708,0,12,2026-01-02 03:30:41,2026-04-01 06:30:00
SCR-0001627,HS-000708,12,46,2026-01-05 02:42:04,2026-04-01 06:30:00
SCR-0001628,HS-000708,46,89,2026-01-06 23:01:22,2026-04-01 06:30:00
SCR-0001629,HS-000709,0,23,2025-10-11 08:52:07,2026-04-01 06:30:00
SCR-0001630,HS-000709,23,28,2025-10-27 16:07:01,2026-04-01 06:30:00
SCR-0001631,HS-000710,0,18,2025-10-21 19:17:39,2026-04-01 06:30:00
SCR-0001632,HS-000710,18,41,2025-10-25 12:09:48,2026-04-01 06:30:00
SCR-0001633,HS-000710,41,86,2025-10-26 17:32:58,2026-04-01 06:30:00
SCR-0001634,HS-000711,0,13,2025-10-21 16:20:23,2026-04-01 06:30:00
SCR-0001635,HS-000712,0,14,2026-01-23 00:21:49,2026-04-01 06:30:00
SCR-0001636,HS-000713,0,16,2025-12-10 20:42:45,2026-04-01 06:30:00
SCR-0001637,HS-000714,0,11,2025-10-27 11:24:18,2026-04-01 06:30:00
SCR-0001638,HS-000714,11,13,2025-11-01 14:18:37,2026-04-01 06:30:00
SCR-0001639,HS-000715,0,24,2025-10-12 18:51:03,2026-04-01 06:30:00
SCR-0001640,HS-000715,24,42,2025-10-16 08:29:24,2026-04-01 06:30:00
SCR-0001641,HS-000715,42,76,2025-10-17 20:16:18,2026-04-01 06:30:00
SCR-0001642,HS-000716,0,20,2026-01-22 01:22:37,2026-04-01 06:30:00
SCR-0001643,HS-000716,20,41,2026-01-24 23:08:43,2026-04-01 06:30:00
SCR-0001644,HS-000716,41,50,2026-01-25 19:26:33,2026-04-01 06:30:00
SCR-0001645,HS-000717,0,6,2026-02-19 22:53:19,2026-04-01 06:30:00
SCR-0001646,HS-000717,6,13,2026-03-04 15:47:22,2026-04-01 06:30:00
SCR-0001647,HS-000718,0,18,2026-03-16 03:31:12,2026-04-01 06:30:00
SCR-0001648,HS-000718,18,42,2026-03-26 02:48:58,2026-04-01 06:30:00
SCR-0001649,HS-000718,42,63,2026-03-26 17:47:56,2026-04-01 06:30:00
SCR-0001650,HS-000719,0,23,2025-12-04 09:58:12,2026-04-01 06:30:00
SCR-0001651,HS-000719,23,31,2025-12-07 08:22:06,2026-04-01 06:30:00
SCR-0001652,HS-000720,0,15,2025-11-24 19:54:42,2026-04-01 06:30:00
SCR-0001653,HS-000720,15,46,2025-11-27 21:41:47,2026-04-01 06:30:00
SCR-0001654,HS-000720,46,68,2025-11-30 01:25:11,2026-04-01 06:30:00
SCR-0001655,HS-000721,0,14,2026-02-09 03:28:14,2026-04-01 06:30:00
SCR-0001656,HS-000721,14,26,2026-02-27 13:54:45,2026-04-01 06:30:00
SCR-0001657,HS-000722,0,5,2025-12-13 13:19:16,2026-04-01 06:30:00
SCR-0001658,HS-000722,5,42,2025-12-16 13:56:14,2026-04-01 06:30:00
SCR-0001659,HS-000722,42,81,2025-12-19 11:08:44,2026-04-01 06:30:00
SCR-0001660,HS-000723,0,11,2026-03-27 00:35:42,2026-04-01 06:30:00
SCR-0001661,HS-000723,11,37,2026-04-11 02:01:08,2026-04-01 06:30:00
SCR-0001662,HS-000724,0,11,2025-12-23 16:23:58,2026-04-01 06:30:00
SCR-0001663,HS-000724,11,41,2025-12-26 22:12:42,2026-04-01 06:30:00
SCR-0001664,HS-000724,41,51,2025-12-28 05:06:44,2026-04-01 06:30:00
SCR-0001665,HS-000725,0,24,2025-09-23 03:07:28,2026-04-01 06:30:00
SCR-0001666,HS-000725,24,40,2025-10-01 02:59:22,2026-04-01 06:30:00
SCR-0001667,HS-000725,40,76,2025-10-01 23:50:55,2026-04-01 06:30:00
SCR-0001668,HS-000726,0,18,2026-01-28 19:29:38,2026-04-01 06:30:00
SCR-0001669,HS-000727,0,18,2026-03-30 07:38:13,2026-04-01 06:30:00
SCR-0001670,HS-000727,18,24,2026-03-31 20:58:30,2026-04-01 06:30:00
SCR-0001671,HS-000728,0,9,2025-09-16 11:14:13,2026-04-01 06:30:00
SCR-0001672,HS-000728,9,35,2025-09-20 17:56:54,2026-04-01 06:30:00
SCR-0001673,HS-000729,0,15,2025-09-04 11:16:02,2026-04-01 06:30:00
SCR-0001674,HS-000729,15,41,2025-09-19 12:18:02,2026-04-01 06:30:00
SCR-0001675,HS-000729,41,78,2025-09-20 06:08:16,2026-04-01 06:30:00
SCR-0001676,HS-000730,0,23,2026-02-03 20:27:58,2026-04-01 06:30:00
SCR-0001677,HS-000730,23,46,2026-02-13 21:02:09,2026-04-01 06:30:00
SCR-0001678,HS-000730,46,58,2026-02-15 02:21:41,2026-04-01 06:30:00
SCR-0001679,HS-000731,0,13,2025-09-01 09:39:14,2026-04-01 06:30:00
SCR-0001680,HS-000731,13,41,2025-09-05 04:28:25,2026-04-01 06:30:00
SCR-0001681,HS-000731,41,80,2025-09-06 23:22:07,2026-04-01 06:30:00
SCR-0001682,HS-000732,0,19,2025-12-06 23:47:14,2026-04-01 06:30:00
SCR-0001683,HS-000733,0,23,2026-03-27 17:01:27,2026-04-01 06:30:00
SCR-0001684,HS-000734,0,24,2025-10-01 01:29:03,2026-04-01 06:30:00
SCR-0001685,HS-000735,0,23,2025-11-05 10:50:12,2026-04-01 06:30:00
SCR-0001686,HS-000735,23,40,2025-11-11 02:10:15,2026-04-01 06:30:00
SCR-0001687,HS-000736,0,6,2025-12-14 10:41:40,2026-04-01 06:30:00
SCR-0001688,HS-000736,6,48,2025-12-19 04:11:02,2026-04-01 06:30:00
SCR-0001689,HS-000737,0,12,2026-03-15 17:41:53,2026-04-01 06:30:00
SCR-0001690,HS-000737,12,41,2026-03-26 10:19:15,2026-04-01 06:30:00
SCR-0001691,HS-000738,0,19,2026-02-19 08:39:28,2026-04-01 06:30:00
SCR-0001692,HS-000738,19,21,2026-03-05 04:55:42,2026-04-01 06:30:00
SCR-0001693,HS-000739,0,22,2026-03-11 09:02:49,2026-04-01 06:30:00
SCR-0001694,HS-000739,22,43,2026-03-21 17:38:14,2026-04-01 06:30:00
SCR-0001695,HS-000739,43,67,2026-03-22 22:52:37,2026-04-01 06:30:00
SCR-0001696,HS-000740,0,14,2026-02-08 09:23:20,2026-04-01 06:30:00
SCR-0001697,HS-000740,14,19,2026-02-22 17:58:01,2026-04-01 06:30:00
SCR-0001698,HS-000741,0,23,2025-09-06 07:36:57,2026-04-01 06:30:00
SCR-0001699,HS-000741,23,46,2025-09-21 11:42:42,2026-04-01 06:30:00
SCR-0001700,HS-000741,46,53,2025-09-22 06:20:19,2026-04-01 06:30:00
SCR-0001701,HS-000742,0,14,2025-09-19 10:18:11,2026-04-01 06:30:00
SCR-0001702,HS-000743,0,17,2025-11-06 01:19:32,2026-04-01 06:30:00
SCR-0001703,HS-000743,17,37,2025-11-15 00:22:05,2026-04-01 06:30:00
SCR-0001704,HS-000744,0,21,2025-11-26 17:24:11,2026-04-01 06:30:00
SCR-0001705,HS-000744,21,27,2025-11-30 20:42:29,2026-04-01 06:30:00
SCR-0001706,HS-000745,0,17,2025-12-03 17:38:22,2026-04-01 06:30:00
SCR-0001707,HS-000745,17,44,2025-12-06 09:28:10,2026-04-01 06:30:00
SCR-0001708,HS-000745,44,55,2025-12-06 23:59:00,2026-04-01 06:30:00
SCR-0001709,HS-000746,0,7,2025-10-23 11:12:21,2026-04-01 06:30:00
SCR-0001710,HS-000746,7,46,2025-11-01 20:49:54,2026-04-01 06:30:00
SCR-0001711,HS-000746,46,58,2025-11-04 03:48:15,2026-04-01 06:30:00
SCR-0001712,HS-000747,0,21,2026-02-05 06:57:33,2026-04-01 06:30:00
SCR-0001713,HS-000747,21,45,2026-02-09 05:05:01,2026-04-01 06:30:00
SCR-0001714,HS-000747,45,62,2026-02-11 22:08:39,2026-04-01 06:30:00
SCR-0001715,HS-000748,0,22,2026-02-04 16:26:06,2026-04-01 06:30:00
SCR-0001716,HS-000748,22,36,2026-02-12 02:30:50,2026-04-01 06:30:00
SCR-0001717,HS-000749,0,16,2026-03-19 07:31:41,2026-04-01 06:30:00
SCR-0001718,HS-000749,16,41,2026-03-27 10:35:13,2026-04-01 06:30:00
SCR-0001719,HS-000749,41,88,2026-03-28 06:26:52,2026-04-01 06:30:00
SCR-0001720,HS-000750,0,12,2026-02-21 20:14:41,2026-04-01 06:30:00
SCR-0001721,HS-000751,0,21,2025-12-09 21:03:29,2026-04-01 06:30:00
SCR-0001722,HS-000752,0,10,2025-10-23 09:56:54,2026-04-01 06:30:00
SCR-0001723,HS-000752,10,45,2025-10-28 20:32:33,2026-04-01 06:30:00
SCR-0001724,HS-000752,45,72,2025-10-29 19:35:09,2026-04-01 06:30:00
SCR-0001725,HS-000753,0,23,2025-11-25 18:45:55,2026-04-01 06:30:00
SCR-0001726,HS-000753,23,36,2025-12-06 05:18:29,2026-04-01 06:30:00
SCR-0001727,HS-000754,0,20,2026-03-09 07:26:31,2026-04-01 06:30:00
SCR-0001728,HS-000754,20,41,2026-03-24 13:10:56,2026-04-01 06:30:00
SCR-0001729,HS-000755,0,17,2025-08-29 11:08:30,2026-04-01 06:30:00
SCR-0001730,HS-000755,17,45,2025-09-07 20:00:25,2026-04-01 06:30:00
SCR-0001731,HS-000755,45,71,2025-09-10 12:55:51,2026-04-01 06:30:00
SCR-0001732,HS-000756,0,20,2025-10-09 08:26:00,2026-04-01 06:30:00
SCR-0001733,HS-000756,20,47,2025-11-05 22:25:25,2026-04-01 06:30:00
SCR-0001734,HS-000757,0,5,2025-10-22 18:56:26,2026-04-01 06:30:00
SCR-0001735,HS-000757,5,40,2025-11-09 12:35:09,2026-04-01 06:30:00
SCR-0001736,HS-000757,40,85,2025-11-09 21:48:42,2026-04-01 06:30:00
SCR-0001737,HS-000758,0,5,2026-01-12 01:27:03,2026-04-01 06:30:00
SCR-0001738,HS-000758,5,9,2026-01-21 20:23:34,2026-04-01 06:30:00
SCR-0001739,HS-000759,0,13,2025-10-29 21:27:54,2026-04-01 06:30:00
SCR-0001740,HS-000759,13,41,2025-11-08 09:39:45,2026-04-01 06:30:00
SCR-0001741,HS-000759,41,50,2025-11-08 19:11:42,2026-04-01 06:30:00
SCR-0001742,HS-000760,0,9,2026-01-15 11:38:55,2026-04-01 06:30:00
SCR-0001743,HS-000760,9,47,2026-01-23 07:13:37,2026-04-01 06:30:00
SCR-0001744,HS-000761,0,10,2025-12-21 11:27:47,2026-04-01 06:30:00
SCR-0001745,HS-000761,10,30,2026-01-01 07:06:38,2026-04-01 06:30:00
SCR-0001746,HS-000762,0,24,2026-01-10 19:31:30,2026-04-01 06:30:00
SCR-0001747,HS-000762,24,40,2026-01-15 01:28:24,2026-04-01 06:30:00
SCR-0001748,HS-000762,40,75,2026-01-16 06:58:14,2026-04-01 06:30:00
SCR-0001749,HS-000763,0,6,2026-02-15 23:31:21,2026-04-01 06:30:00
SCR-0001750,HS-000763,6,18,2026-02-18 21:29:52,2026-04-01 06:30:00
SCR-0001751,HS-000764,0,7,2025-09-17 07:13:31,2026-04-01 06:30:00
SCR-0001752,HS-000764,7,43,2025-09-22 18:15:19,2026-04-01 06:30:00
SCR-0001753,HS-000764,43,56,2025-09-24 08:25:58,2026-04-01 06:30:00
SCR-0001754,HS-000765,0,23,2026-01-16 22:15:00,2026-04-01 06:30:00
SCR-0001755,HS-000765,23,26,2026-02-05 06:41:11,2026-04-01 06:30:00
SCR-0001756,HS-000766,0,8,2025-11-25 07:26:57,2026-04-01 06:30:00
SCR-0001757,HS-000766,8,24,2025-12-06 02:38:20,2026-04-01 06:30:00
SCR-0001758,HS-000767,0,16,2026-02-27 14:48:37,2026-04-01 06:30:00
SCR-0001759,HS-000768,0,7,2026-01-13 07:13:26,2026-04-01 06:30:00
SCR-0001760,HS-000768,7,43,2026-01-22 04:16:08,2026-04-01 06:30:00
SCR-0001761,HS-000768,43,90,2026-01-24 23:27:40,2026-04-01 06:30:00
SCR-0001762,HS-000769,0,19,2025-09-02 13:03:52,2026-04-01 06:30:00
SCR-0001763,HS-000770,0,8,2026-01-25 15:40:34,2026-04-01 06:30:00
SCR-0001764,HS-000770,8,14,2026-02-04 23:33:23,2026-04-01 06:30:00
SCR-0001765,HS-000771,0,23,2025-12-15 22:55:44,2026-04-01 06:30:00
SCR-0001766,HS-000771,23,47,2025-12-19 17:57:48,2026-04-01 06:30:00
SCR-0001767,HS-000771,47,77,2025-12-20 19:59:32,2026-04-01 06:30:00
SCR-0001768,HS-000772,0,18,2025-09-27 16:39:03,2026-04-01 06:30:00
SCR-0001769,HS-000772,18,44,2025-10-04 00:24:35,2026-04-01 06:30:00
SCR-0001770,HS-000772,44,81,2025-10-05 23:18:50,2026-04-01 06:30:00
SCR-0001771,HS-000773,0,10,2025-10-31 09:19:44,2026-04-01 06:30:00
SCR-0001772,HS-000774,0,20,2026-02-09 16:30:59,2026-04-01 06:30:00
SCR-0001773,HS-000774,20,47,2026-02-15 01:46:46,2026-04-01 06:30:00
SCR-0001774,HS-000774,47,70,2026-02-15 19:25:13,2026-04-01 06:30:00
SCR-0001775,HS-000775,0,14,2026-03-19 09:54:03,2026-04-01 06:30:00
SCR-0001776,HS-000775,14,20,2026-03-21 11:52:29,2026-04-01 06:30:00
SCR-0001777,HS-000776,0,20,2025-12-28 11:30:33,2026-04-01 06:30:00
SCR-0001778,HS-000776,20,47,2025-12-31 20:28:42,2026-04-01 06:30:00
SCR-0001779,HS-000776,47,78,2026-01-03 12:58:07,2026-04-01 06:30:00
SCR-0001780,HS-000777,0,15,2025-12-17 18:41:07,2026-04-01 06:30:00
SCR-0001781,HS-000778,0,6,2025-12-03 00:46:43,2026-04-01 06:30:00
SCR-0001782,HS-000778,6,37,2025-12-06 16:13:13,2026-04-01 06:30:00
SCR-0001783,HS-000779,0,7,2026-01-26 23:53:55,2026-04-01 06:30:00
SCR-0001784,HS-000779,7,14,2026-01-30 21:48:09,2026-04-01 06:30:00
SCR-0001785,HS-000780,0,17,2025-12-27 20:50:09,2026-04-01 06:30:00
SCR-0001786,HS-000780,17,48,2025-12-31 13:22:42,2026-04-01 06:30:00
SCR-0001787,HS-000780,48,69,2026-01-03 11:46:33,2026-04-01 06:30:00
SCR-0001788,HS-000781,0,19,2025-12-09 22:48:51,2026-04-01 06:30:00
SCR-0001789,HS-000781,19,21,2025-12-16 21:13:37,2026-04-01 06:30:00
SCR-0001790,HS-000782,0,5,2025-08-27 05:35:20,2026-04-01 06:30:00
SCR-0001791,HS-000782,5,49,2025-09-01 12:32:25,2026-04-01 06:30:00
SCR-0001792,HS-000783,0,12,2025-12-24 12:41:44,2026-04-01 06:30:00
SCR-0001793,HS-000783,12,45,2026-01-01 19:05:29,2026-04-01 06:30:00
SCR-0001794,HS-000784,0,8,2025-09-19 19:49:07,2026-04-01 06:30:00
SCR-0001795,HS-000784,8,9,2025-10-09 00:04:36,2026-04-01 06:30:00
SCR-0001796,HS-000785,0,15,2025-09-05 12:58:30,2026-04-01 06:30:00
SCR-0001797,HS-000785,15,37,2025-09-18 08:05:28,2026-04-01 06:30:00
SCR-0001798,HS-000786,0,5,2026-03-28 06:37:36,2026-04-01 06:30:00
SCR-0001799,HS-000786,5,31,2026-04-08 22:25:09,2026-04-01 06:30:00
SCR-0001800,HS-000787,0,17,2025-10-01 15:24:51,2026-04-01 06:30:00
SCR-0001801,HS-000787,17,39,2025-10-03 09:35:21,2026-04-01 06:30:00
SCR-0001802,HS-000788,0,10,2025-09-04 02:21:13,2026-04-01 06:30:00
SCR-0001803,HS-000788,10,45,2025-09-12 12:50:26,2026-04-01 06:30:00
SCR-0001804,HS-000788,45,70,2025-09-13 08:55:05,2026-04-01 06:30:00
SCR-0001805,HS-000789,0,9,2026-01-14 21:26:21,2026-04-01 06:30:00
SCR-0001806,HS-000789,9,44,2026-01-20 17:48:06,2026-04-01 06:30:00
SCR-0001807,HS-000789,44,50,2026-01-21 06:02:02,2026-04-01 06:30:00
SCR-0001808,HS-000790,0,12,2025-12-28 20:07:16,2026-04-01 06:30:00
SCR-0001809,HS-000790,12,48,2026-01-05 00:56:59,2026-04-01 06:30:00
SCR-0001810,HS-000790,48,67,2026-01-07 20:22:10,2026-04-01 06:30:00
SCR-0001811,HS-000791,0,22,2025-10-21 20:44:59,2026-04-01 06:30:00
SCR-0001812,HS-000791,22,27,2025-11-10 15:21:13,2026-04-01 06:30:00
SCR-0001813,HS-000792,0,18,2026-02-12 18:29:40,2026-04-01 06:30:00
SCR-0001814,HS-000792,18,46,2026-02-21 21:53:51,2026-04-01 06:30:00
SCR-0001815,HS-000793,0,23,2025-09-28 05:52:40,2026-04-01 06:30:00
SCR-0001816,HS-000793,23,49,2025-10-07 07:19:36,2026-04-01 06:30:00
SCR-0001817,HS-000794,0,10,2026-01-25 15:35:42,2026-04-01 06:30:00
SCR-0001818,HS-000795,0,23,2025-11-06 20:56:31,2026-04-01 06:30:00
SCR-0001819,HS-000795,23,24,2025-11-26 07:05:46,2026-04-01 06:30:00
SCR-0001820,HS-000796,0,7,2026-01-30 10:39:17,2026-04-01 06:30:00
SCR-0001821,HS-000796,7,31,2026-02-03 06:55:24,2026-04-01 06:30:00
SCR-0001822,HS-000797,0,6,2026-02-03 14:52:52,2026-04-01 06:30:00
SCR-0001823,HS-000797,6,45,2026-02-07 06:31:28,2026-04-01 06:30:00
SCR-0001824,HS-000797,45,79,2026-02-08 05:08:45,2026-04-01 06:30:00
SCR-0001825,HS-000798,0,15,2025-09-15 13:57:22,2026-04-01 06:30:00
SCR-0001826,HS-000799,0,15,2026-01-28 20:51:51,2026-04-01 06:30:00
SCR-0001827,HS-000799,15,32,2026-02-16 20:39:14,2026-04-01 06:30:00
SCR-0001828,HS-000800,0,5,2025-10-26 09:32:56,2026-04-01 06:30:00
SCR-0001829,HS-000800,5,19,2025-11-14 06:32:07,2026-04-01 06:30:00
SCR-0001830,HS-000801,0,7,2025-09-12 10:36:24,2026-04-01 06:30:00
SCR-0001831,HS-000801,7,40,2025-09-14 06:15:56,2026-04-01 06:30:00
SCR-0001832,HS-000801,40,50,2025-09-14 22:54:03,2026-04-01 06:30:00
SCR-0001833,HS-000802,0,18,2026-03-10 12:44:14,2026-04-01 06:30:00
SCR-0001834,HS-000803,0,19,2026-01-22 05:40:00,2026-04-01 06:30:00
SCR-0001835,HS-000803,19,41,2026-02-03 06:24:10,2026-04-01 06:30:00
SCR-0001836,HS-000803,41,89,2026-02-04 16:15:50,2026-04-01 06:30:00
SCR-0001837,HS-000804,0,7,2025-10-07 16:56:00,2026-04-01 06:30:00
SCR-0001838,HS-000804,7,12,2025-10-20 15:05:33,2026-04-01 06:30:00
SCR-0001839,HS-000805,0,22,2026-02-10 08:51:22,2026-04-01 06:30:00
SCR-0001840,HS-000805,22,47,2026-02-20 19:52:40,2026-04-01 06:30:00
SCR-0001841,HS-000805,47,66,2026-02-22 09:20:29,2026-04-01 06:30:00
SCR-0001842,HS-000806,0,10,2025-10-14 13:52:42,2026-04-01 06:30:00
SCR-0001843,HS-000806,10,47,2025-10-17 03:48:12,2026-04-01 06:30:00
SCR-0001844,HS-000806,47,79,2025-10-20 02:16:31,2026-04-01 06:30:00
SCR-0001845,HS-000807,0,16,2026-03-06 21:53:39,2026-04-01 06:30:00
SCR-0001846,HS-000808,0,23,2025-08-23 07:05:06,2026-04-01 06:30:00
SCR-0001847,HS-000808,23,45,2025-08-30 15:08:33,2026-04-01 06:30:00
SCR-0001848,HS-000808,45,59,2025-09-01 06:40:29,2026-04-01 06:30:00
SCR-0001849,HS-000809,0,9,2025-09-05 08:05:32,2026-04-01 06:30:00
SCR-0001850,HS-000809,9,15,2025-09-20 13:35:15,2026-04-01 06:30:00
SCR-0001851,HS-000810,0,21,2026-03-02 06:49:29,2026-04-01 06:30:00
SCR-0001852,HS-000810,21,37,2026-03-06 03:20:36,2026-04-01 06:30:00
SCR-0001853,HS-000811,0,16,2025-12-16 12:22:50,2026-04-01 06:30:00
SCR-0001854,HS-000811,16,48,2025-12-23 09:14:36,2026-04-01 06:30:00
SCR-0001855,HS-000811,48,59,2025-12-25 01:55:15,2026-04-01 06:30:00
SCR-0001856,HS-000812,0,16,2026-03-16 09:45:56,2026-04-01 06:30:00
SCR-0001857,HS-000813,0,11,2026-01-28 14:32:02,2026-04-01 06:30:00
SCR-0001858,HS-000813,11,46,2026-02-03 22:42:35,2026-04-01 06:30:00
SCR-0001859,HS-000813,46,72,2026-02-05 15:12:25,2026-04-01 06:30:00
SCR-0001860,HS-000814,0,14,2026-01-15 10:30:50,2026-04-01 06:30:00
SCR-0001861,HS-000814,14,43,2026-01-18 06:36:03,2026-04-01 06:30:00
SCR-0001862,HS-000814,43,63,2026-01-19 02:48:19,2026-04-01 06:30:00
SCR-0001863,HS-000815,0,5,2026-01-28 14:48:38,2026-04-01 06:30:00
SCR-0001864,HS-000815,5,16,2026-02-16 15:14:33,2026-04-01 06:30:00
SCR-0001865,HS-000816,0,17,2026-03-13 18:59:57,2026-04-01 06:30:00
SCR-0001866,HS-000816,17,43,2026-03-19 21:14:29,2026-04-01 06:30:00
SCR-0001867,HS-000816,43,72,2026-03-21 18:16:03,2026-04-01 06:30:00
SCR-0001868,HS-000817,0,16,2026-02-04 21:28:25,2026-04-01 06:30:00
SCR-0001869,HS-000817,16,23,2026-02-07 05:47:30,2026-04-01 06:30:00
SCR-0001870,HS-000818,0,20,2026-03-23 08:26:49,2026-04-01 06:30:00
SCR-0001871,HS-000818,20,30,2026-03-25 17:33:26,2026-04-01 06:30:00
SCR-0001872,HS-000819,0,10,2026-03-12 00:53:58,2026-04-01 06:30:00
SCR-0001873,HS-000819,10,45,2026-03-21 11:16:31,2026-04-01 06:30:00
SCR-0001874,HS-000819,45,83,2026-03-23 04:10:09,2026-04-01 06:30:00
SCR-0001875,HS-000820,0,20,2025-10-22 11:30:58,2026-04-01 06:30:00
SCR-0001876,HS-000820,20,43,2025-10-27 10:12:14,2026-04-01 06:30:00
SCR-0001877,HS-000821,0,19,2025-12-18 15:25:08,2026-04-01 06:30:00
SCR-0001878,HS-000821,19,46,2025-12-24 06:20:43,2026-04-01 06:30:00
SCR-0001879,HS-000821,46,59,2025-12-24 16:52:31,2026-04-01 06:30:00
SCR-0001880,HS-000822,0,7,2025-11-22 10:41:34,2026-04-01 06:30:00
SCR-0001881,HS-000822,7,18,2025-11-30 08:04:45,2026-04-01 06:30:00
SCR-0001882,HS-000823,0,24,2025-12-22 00:45:31,2026-04-01 06:30:00
SCR-0001883,HS-000823,24,46,2026-01-07 15:03:27,2026-04-01 06:30:00
SCR-0001884,HS-000823,46,80,2026-01-08 09:01:09,2026-04-01 06:30:00
SCR-0001885,HS-000824,0,16,2025-10-06 15:51:31,2026-04-01 06:30:00
SCR-0001886,HS-000824,16,34,2025-10-10 11:04:24,2026-04-01 06:30:00
SCR-0001887,HS-000825,0,8,2026-01-17 05:26:13,2026-04-01 06:30:00
SCR-0001888,HS-000825,8,13,2026-01-20 09:01:41,2026-04-01 06:30:00
SCR-0001889,HS-000826,0,6,2026-01-19 14:54:52,2026-04-01 06:30:00
SCR-0001890,HS-000826,6,31,2026-01-21 23:09:04,2026-04-01 06:30:00
SCR-0001891,HS-000827,0,20,2025-09-15 19:52:41,2026-04-01 06:30:00
SCR-0001892,HS-000827,20,38,2025-09-27 09:42:20,2026-04-01 06:30:00
SCR-0001893,HS-000828,0,13,2025-12-16 05:14:11,2026-04-01 06:30:00
SCR-0001894,HS-000828,13,28,2025-12-23 12:51:38,2026-04-01 06:30:00
SCR-0001895,HS-000829,0,9,2025-08-27 08:11:23,2026-04-01 06:30:00
SCR-0001896,HS-000829,9,45,2025-09-10 01:11:52,2026-04-01 06:30:00
SCR-0001897,HS-000829,45,60,2025-09-10 05:20:05,2026-04-01 06:30:00
SCR-0001898,HS-000830,0,16,2026-02-09 02:23:20,2026-04-01 06:30:00
SCR-0001899,HS-000830,16,46,2026-02-16 23:46:17,2026-04-01 06:30:00
SCR-0001900,HS-000830,46,79,2026-02-17 22:37:53,2026-04-01 06:30:00
SCR-0001901,HS-000831,0,13,2026-02-05 11:35:09,2026-04-01 06:30:00
SCR-0001902,HS-000831,13,46,2026-02-19 16:38:53,2026-04-01 06:30:00
SCR-0001903,HS-000831,46,62,2026-02-21 07:50:42,2026-04-01 06:30:00
SCR-0001904,HS-000832,0,17,2025-10-10 12:49:56,2026-04-01 06:30:00
SCR-0001905,HS-000832,17,42,2025-10-16 00:17:01,2026-04-01 06:30:00
SCR-0001906,HS-000832,42,88,2025-10-18 02:49:37,2026-04-01 06:30:00
SCR-0001907,HS-000833,0,13,2025-12-21 12:00:38,2026-04-01 06:30:00
SCR-0001908,HS-000833,13,23,2025-12-31 06:44:39,2026-04-01 06:30:00
SCR-0001909,HS-000834,0,8,2026-03-16 21:00:22,2026-04-01 06:30:00
SCR-0001910,HS-000834,8,21,2026-03-28 22:54:51,2026-04-01 06:30:00
SCR-0001911,HS-000835,0,11,2025-10-17 01:37:06,2026-04-01 06:30:00
SCR-0001912,HS-000835,11,44,2025-10-19 20:30:46,2026-04-01 06:30:00
SCR-0001913,HS-000835,44,73,2025-10-20 18:07:50,2026-04-01 06:30:00
SCR-0001914,HS-000836,0,14,2026-02-22 14:07:56,2026-04-01 06:30:00
SCR-0001915,HS-000836,14,18,2026-02-26 21:18:54,2026-04-01 06:30:00
SCR-0001916,HS-000837,0,13,2026-01-30 10:54:59,2026-04-01 06:30:00
SCR-0001917,HS-000837,13,44,2026-02-12 18:45:33,2026-04-01 06:30:00
SCR-0001918,HS-000837,44,65,2026-02-14 18:39:44,2026-04-01 06:30:00
SCR-0001919,HS-000838,0,13,2025-10-11 12:54:51,2026-04-01 06:30:00
SCR-0001920,HS-000839,0,8,2026-01-10 08:11:52,2026-04-01 06:30:00
SCR-0001921,HS-000839,8,46,2026-01-13 00:55:32,2026-04-01 06:30:00
SCR-0001922,HS-000839,46,55,2026-01-13 17:11:58,2026-04-01 06:30:00
SCR-0001923,HS-000840,0,19,2025-10-12 01:10:26,2026-04-01 06:30:00
SCR-0001924,HS-000841,0,19,2026-01-15 22:00:37,2026-04-01 06:30:00
SCR-0001925,HS-000841,19,45,2026-01-20 18:28:46,2026-04-01 06:30:00
SCR-0001926,HS-000841,45,65,2026-01-22 04:59:31,2026-04-01 06:30:00
SCR-0001927,HS-000842,0,5,2025-11-28 01:58:02,2026-04-01 06:30:00
SCR-0001928,HS-000842,5,8,2025-12-03 15:22:55,2026-04-01 06:30:00
SCR-0001929,HS-000843,0,13,2025-10-11 18:23:08,2026-04-01 06:30:00
SCR-0001930,HS-000843,13,19,2025-10-14 08:22:19,2026-04-01 06:30:00
SCR-0001931,HS-000844,0,8,2025-11-22 11:23:35,2026-04-01 06:30:00
SCR-0001932,HS-000844,8,12,2025-11-27 12:16:10,2026-04-01 06:30:00
SCR-0001933,HS-000845,0,6,2026-02-07 15:47:00,2026-04-01 06:30:00
SCR-0001934,HS-000845,6,31,2026-02-16 23:06:33,2026-04-01 06:30:00
SCR-0001935,HS-000846,0,11,2026-03-10 04:01:34,2026-04-01 06:30:00
SCR-0001936,HS-000846,11,34,2026-03-17 01:19:52,2026-04-01 06:30:00
SCR-0001937,HS-000847,0,23,2026-01-11 04:05:47,2026-04-01 06:30:00
SCR-0001938,HS-000847,23,49,2026-01-17 07:41:17,2026-04-01 06:30:00
SCR-0001939,HS-000848,0,9,2025-08-19 19:33:08,2026-04-01 06:30:00
SCR-0001940,HS-000848,9,40,2025-08-30 11:25:20,2026-04-01 06:30:00
SCR-0001941,HS-000848,40,87,2025-09-01 11:52:59,2026-04-01 06:30:00
SCR-0001942,HS-000849,0,10,2026-03-02 14:07:49,2026-04-01 06:30:00
SCR-0001943,HS-000849,10,13,2026-03-05 20:06:02,2026-04-01 06:30:00
SCR-0001944,HS-000850,0,18,2025-11-21 19:12:31,2026-04-01 06:30:00
SCR-0001945,HS-000851,0,14,2025-10-28 11:53:04,2026-04-01 06:30:00
SCR-0001946,HS-000851,14,38,2025-10-29 12:08:13,2026-04-01 06:30:00
SCR-0001947,HS-000852,0,15,2025-12-16 09:15:10,2026-04-01 06:30:00
SCR-0001948,HS-000852,15,41,2025-12-24 19:40:10,2026-04-01 06:30:00
SCR-0001949,HS-000852,41,86,2025-12-25 04:22:30,2026-04-01 06:30:00
SCR-0001950,HS-000853,0,15,2025-09-29 15:42:12,2026-04-01 06:30:00
SCR-0001951,HS-000853,15,47,2025-10-10 19:04:28,2026-04-01 06:30:00
SCR-0001952,HS-000853,47,79,2025-10-12 23:24:45,2026-04-01 06:30:00
SCR-0001953,HS-000854,0,9,2026-02-12 02:23:37,2026-04-01 06:30:00
SCR-0001954,HS-000854,9,10,2026-03-01 22:02:12,2026-04-01 06:30:00
SCR-0001955,HS-000855,0,6,2025-09-21 07:05:07,2026-04-01 06:30:00
SCR-0001956,HS-000855,6,43,2025-09-26 01:02:23,2026-04-01 06:30:00
SCR-0001957,HS-000855,43,52,2025-09-27 15:44:30,2026-04-01 06:30:00
SCR-0001958,HS-000856,0,19,2025-08-28 10:03:52,2026-04-01 06:30:00
SCR-0001959,HS-000856,19,46,2025-09-12 12:40:48,2026-04-01 06:30:00
SCR-0001960,HS-000856,46,89,2025-09-12 22:31:59,2026-04-01 06:30:00
SCR-0001961,HS-000857,0,23,2026-03-28 22:09:18,2026-04-01 06:30:00
SCR-0001962,HS-000858,0,6,2026-03-21 12:40:52,2026-04-01 06:30:00
SCR-0001963,HS-000858,6,9,2026-03-29 00:04:12,2026-04-01 06:30:00
SCR-0001964,HS-000859,0,5,2025-09-04 05:20:21,2026-04-01 06:30:00
SCR-0001965,HS-000859,5,22,2025-09-19 04:50:46,2026-04-01 06:30:00
SCR-0001966,HS-000860,0,7,2025-09-10 08:31:52,2026-04-01 06:30:00
SCR-0001967,HS-000860,7,27,2025-09-18 05:42:35,2026-04-01 06:30:00
SCR-0001968,HS-000861,0,8,2025-10-18 08:24:00,2026-04-01 06:30:00
SCR-0001969,HS-000862,0,21,2026-03-21 23:28:35,2026-04-01 06:30:00
SCR-0001970,HS-000862,21,48,2026-03-25 10:30:55,2026-04-01 06:30:00
SCR-0001971,HS-000862,48,54,2026-03-25 11:28:12,2026-04-01 06:30:00
SCR-0001972,HS-000863,0,12,2026-03-16 12:30:04,2026-04-01 06:30:00
SCR-0001973,HS-000864,0,17,2025-09-03 10:13:34,2026-04-01 06:30:00
SCR-0001974,HS-000864,17,48,2025-09-06 22:37:52,2026-04-01 06:30:00
SCR-0001975,HS-000865,0,22,2026-01-24 06:05:38,2026-04-01 06:30:00
SCR-0001976,HS-000865,22,40,2026-01-27 17:24:03,2026-04-01 06:30:00
SCR-0001977,HS-000865,40,57,2026-01-29 08:36:01,2026-04-01 06:30:00
SCR-0001978,HS-000866,0,6,2026-01-28 08:15:46,2026-04-01 06:30:00
SCR-0001979,HS-000866,6,42,2026-02-02 03:54:50,2026-04-01 06:30:00
SCR-0001980,HS-000866,42,67,2026-02-02 15:41:53,2026-04-01 06:30:00
SCR-0001981,HS-000867,0,14,2025-11-05 18:04:29,2026-04-01 06:30:00
SCR-0001982,HS-000867,14,40,2025-11-13 12:58:00,2026-04-01 06:30:00
SCR-0001983,HS-000867,40,83,2025-11-13 14:53:51,2026-04-01 06:30:00
SCR-0001984,HS-000868,0,17,2026-01-07 04:07:55,2026-04-01 06:30:00
SCR-0001985,HS-000868,17,41,2026-01-12 01:59:55,2026-04-01 06:30:00
SCR-0001986,HS-000868,41,70,2026-01-14 07:42:07,2026-04-01 06:30:00
SCR-0001987,HS-000869,0,13,2025-09-18 08:12:50,2026-04-01 06:30:00
SCR-0001988,HS-000870,0,18,2026-01-12 08:32:47,2026-04-01 06:30:00
SCR-0001989,HS-000870,18,42,2026-01-19 00:13:29,2026-04-01 06:30:00
SCR-0001990,HS-000870,42,74,2026-01-21 05:02:44,2026-04-01 06:30:00
SCR-0001991,HS-000871,0,19,2026-03-17 01:40:49,2026-04-01 06:30:00
SCR-0001992,HS-000871,19,44,2026-03-23 11:58:15,2026-04-01 06:30:00
SCR-0001993,HS-000872,0,21,2025-12-24 19:43:26,2026-04-01 06:30:00
SCR-0001994,HS-000872,21,40,2026-01-07 19:54:26,2026-04-01 06:30:00
SCR-0001995,HS-000872,40,88,2026-01-08 18:02:06,2026-04-01 06:30:00
SCR-0001996,HS-000873,0,6,2026-02-14 22:28:39,2026-04-01 06:30:00
SCR-0001997,HS-000873,6,47,2026-03-02 05:44:37,2026-04-01 06:30:00
SCR-0001998,HS-000873,47,80,2026-03-03 12:17:55,2026-04-01 06:30:00
SCR-0001999,HS-000874,0,18,2025-12-21 04:40:18,2026-04-01 06:30:00
SCR-0002000,HS-000874,18,43,2025-12-29 19:35:26,2026-04-01 06:30:00
SCR-0002001,HS-000874,43,50,2025-12-31 07:35:27,2026-04-01 06:30:00
SCR-0002002,HS-000875,0,9,2026-02-27 05:00:48,2026-04-01 06:30:00
SCR-0002003,HS-000875,9,36,2026-03-03 08:19:37,2026-04-01 06:30:00
SCR-0002004,HS-000876,0,9,2025-09-05 12:15:56,2026-04-01 06:30:00
SCR-0002005,HS-000876,9,41,2025-09-13 19:38:29,2026-04-01 06:30:00
SCR-0002006,HS-000877,0,15,2025-12-30 13:27:06,2026-04-01 06:30:00
SCR-0002007,HS-000877,15,34,2026-01-05 17:19:33,2026-04-01 06:30:00
SCR-0002008,HS-000878,0,10,2025-12-03 05:53:44,2026-04-01 06:30:00
SCR-0002009,HS-000878,10,14,2025-12-08 18:57:03,2026-04-01 06:30:00
SCR-0002010,HS-000879,0,8,2025-08-24 14:39:31,2026-04-01 06:30:00
SCR-0002011,HS-000879,8,47,2025-09-02 09:28:30,2026-04-01 06:30:00
SCR-0002012,HS-000879,47,85,2025-09-03 01:14:32,2026-04-01 06:30:00
SCR-0002013,HS-000880,0,18,2025-10-01 00:07:33,2026-04-01 06:30:00
SCR-0002014,HS-000881,0,16,2025-12-30 23:59:09,2026-04-01 06:30:00
SCR-0002015,HS-000881,16,23,2026-01-15 10:29:33,2026-04-01 06:30:00
SCR-0002016,HS-000882,0,10,2025-10-08 10:34:06,2026-04-01 06:30:00
SCR-0002017,HS-000882,10,40,2025-10-14 21:32:00,2026-04-01 06:30:00
SCR-0002018,HS-000882,40,72,2025-10-16 02:26:01,2026-04-01 06:30:00
SCR-0002019,HS-000883,0,21,2026-03-26 19:14:28,2026-04-01 06:30:00
SCR-0002020,HS-000883,21,23,2026-04-08 23:42:08,2026-04-01 06:30:00
SCR-0002021,HS-000884,0,23,2025-10-10 21:55:03,2026-04-01 06:30:00
SCR-0002022,HS-000884,23,42,2025-10-16 17:15:26,2026-04-01 06:30:00
SCR-0002023,HS-000884,42,79,2025-10-18 23:35:25,2026-04-01 06:30:00
SCR-0002024,HS-000885,0,10,2025-12-29 02:31:51,2026-04-01 06:30:00
SCR-0002025,HS-000885,10,45,2026-01-05 21:38:39,2026-04-01 06:30:00
SCR-0002026,HS-000885,45,76,2026-01-07 22:34:38,2026-04-01 06:30:00
SCR-0002027,HS-000886,0,24,2026-03-02 20:44:00,2026-04-01 06:30:00
SCR-0002028,HS-000886,24,47,2026-03-11 17:33:51,2026-04-01 06:30:00
SCR-0002029,HS-000887,0,9,2025-12-20 20:47:49,2026-04-01 06:30:00
SCR-0002030,HS-000887,9,23,2026-01-02 00:36:42,2026-04-01 06:30:00
SCR-0002031,HS-000888,0,19,2025-11-30 16:25:31,2026-04-01 06:30:00
SCR-0002032,HS-000888,19,30,2025-12-02 07:39:21,2026-04-01 06:30:00
SCR-0002033,HS-000889,0,7,2026-03-18 02:14:31,2026-04-01 06:30:00
SCR-0002034,HS-000889,7,45,2026-03-29 09:16:21,2026-04-01 06:30:00
SCR-0002035,HS-000889,45,78,2026-03-29 14:28:50,2026-04-01 06:30:00
SCR-0002036,HS-000890,0,7,2026-01-04 18:57:28,2026-04-01 06:30:00
SCR-0002037,HS-000890,7,42,2026-01-07 14:45:52,2026-04-01 06:30:00
SCR-0002038,HS-000891,0,17,2025-09-14 22:17:01,2026-04-01 06:30:00
SCR-0002039,HS-000892,0,23,2026-01-09 04:19:10,2026-04-01 06:30:00
SCR-0002040,HS-000892,23,40,2026-01-18 17:59:49,2026-04-01 06:30:00
SCR-0002041,HS-000892,40,77,2026-01-20 06:44:32,2026-04-01 06:30:00
SCR-0002042,HS-000893,0,11,2026-02-14 00:13:50,2026-04-01 06:30:00
SCR-0002043,HS-000893,11,45,2026-02-16 04:12:58,2026-04-01 06:30:00
SCR-0002044,HS-000893,45,84,2026-02-18 04:38:28,2026-04-01 06:30:00
SCR-0002045,HS-000894,0,14,2025-11-17 19:46:34,2026-04-01 06:30:00
SCR-0002046,HS-000894,14,44,2025-12-03 08:28:04,2026-04-01 06:30:00
SCR-0002047,HS-000894,44,66,2025-12-04 23:07:25,2026-04-01 06:30:00
SCR-0002048,HS-000895,0,22,2026-01-18 18:32:59,2026-04-01 06:30:00
SCR-0002049,HS-000896,0,7,2025-12-30 08:31:36,2026-04-01 06:30:00
SCR-0002050,HS-000896,7,17,2026-01-07 03:48:58,2026-04-01 06:30:00
SCR-0002051,HS-000897,0,5,2025-09-04 16:31:06,2026-04-01 06:30:00
SCR-0002052,HS-000897,5,38,2025-09-09 16:53:53,2026-04-01 06:30:00
SCR-0002053,HS-000898,0,16,2026-03-11 13:19:05,2026-04-01 06:30:00
SCR-0002054,HS-000898,16,45,2026-03-20 16:15:36,2026-04-01 06:30:00
SCR-0002055,HS-000898,45,61,2026-03-20 17:17:09,2026-04-01 06:30:00
SCR-0002056,HS-000899,0,9,2026-02-12 14:28:29,2026-04-01 06:30:00
SCR-0002057,HS-000899,9,44,2026-02-17 05:45:27,2026-04-01 06:30:00
SCR-0002058,HS-000899,44,64,2026-02-20 01:06:03,2026-04-01 06:30:00
SCR-0002059,HS-000900,0,6,2025-10-31 00:02:19,2026-04-01 06:30:00
SCR-0002060,HS-000900,6,36,2025-11-11 20:38:58,2026-04-01 06:30:00
SCR-0002061,HS-000901,0,8,2025-10-11 23:21:50,2026-04-01 06:30:00
SCR-0002062,HS-000901,8,34,2025-10-21 04:57:49,2026-04-01 06:30:00
SCR-0002063,HS-000902,0,13,2026-03-12 07:30:49,2026-04-01 06:30:00
SCR-0002064,HS-000902,13,19,2026-03-15 15:30:27,2026-04-01 06:30:00
SCR-0002065,HS-000903,0,19,2025-09-11 02:39:08,2026-04-01 06:30:00
SCR-0002066,HS-000903,19,47,2025-09-20 18:24:20,2026-04-01 06:30:00
SCR-0002067,HS-000903,47,70,2025-09-22 03:44:07,2026-04-01 06:30:00
SCR-0002068,HS-000904,0,17,2026-02-28 11:31:24,2026-04-01 06:30:00
SCR-0002069,HS-000905,0,17,2025-08-23 19:20:25,2026-04-01 06:30:00
SCR-0002070,HS-000905,17,42,2025-09-02 11:59:02,2026-04-01 06:30:00
SCR-0002071,HS-000905,42,69,2025-09-03 23:58:16,2026-04-01 06:30:00
SCR-0002072,HS-000906,0,22,2025-09-13 03:35:51,2026-04-01 06:30:00
SCR-0002073,HS-000906,22,48,2025-09-25 08:00:42,2026-04-01 06:30:00
SCR-0002074,HS-000906,48,86,2025-09-26 13:52:37,2026-04-01 06:30:00
SCR-0002075,HS-000907,0,6,2026-03-15 22:08:02,2026-04-01 06:30:00
SCR-0002076,HS-000907,6,44,2026-03-25 18:57:14,2026-04-01 06:30:00
SCR-0002077,HS-000908,0,20,2025-11-17 07:29:17,2026-04-01 06:30:00
SCR-0002078,HS-000909,0,15,2026-01-01 20:28:36,2026-04-01 06:30:00
SCR-0002079,HS-000910,0,5,2025-11-15 16:56:10,2026-04-01 06:30:00
SCR-0002080,HS-000910,5,41,2025-11-27 15:26:58,2026-04-01 06:30:00
SCR-0002081,HS-000910,41,71,2025-11-29 16:54:57,2026-04-01 06:30:00
SCR-0002082,HS-000911,0,11,2025-10-16 22:34:31,2026-04-01 06:30:00
SCR-0002083,HS-000911,11,47,2025-10-25 11:12:24,2026-04-01 06:30:00
SCR-0002084,HS-000911,47,83,2025-10-26 21:26:18,2026-04-01 06:30:00
SCR-0002085,HS-000912,0,16,2025-09-15 07:51:46,2026-04-01 06:30:00
SCR-0002086,HS-000912,16,44,2025-09-20 06:49:01,2026-04-01 06:30:00
SCR-0002087,HS-000912,44,72,2025-09-22 14:17:30,2026-04-01 06:30:00
SCR-0002088,HS-000913,0,14,2025-08-20 22:36:49,2026-04-01 06:30:00
SCR-0002089,HS-000913,14,43,2025-09-01 18:18:25,2026-04-01 06:30:00
SCR-0002090,HS-000913,43,57,2025-09-02 10:20:23,2026-04-01 06:30:00
SCR-0002091,HS-000914,0,16,2025-12-01 00:18:31,2026-04-01 06:30:00
SCR-0002092,HS-000915,0,20,2025-12-27 01:06:27,2026-04-01 06:30:00
SCR-0002093,HS-000915,20,41,2025-12-30 15:49:53,2026-04-01 06:30:00
SCR-0002094,HS-000915,41,86,2025-12-31 15:29:27,2026-04-01 06:30:00
SCR-0002095,HS-000916,0,24,2025-12-25 19:57:43,2026-04-01 06:30:00
SCR-0002096,HS-000916,24,35,2026-01-13 17:50:30,2026-04-01 06:30:00
SCR-0002097,HS-000917,0,9,2026-01-27 11:36:17,2026-04-01 06:30:00
SCR-0002098,HS-000917,9,40,2026-02-06 00:56:24,2026-04-01 06:30:00
SCR-0002099,HS-000917,40,73,2026-02-06 16:14:36,2026-04-01 06:30:00
SCR-0002100,HS-000918,0,13,2025-11-16 09:17:24,2026-04-01 06:30:00
SCR-0002101,HS-000918,13,22,2025-11-30 06:19:05,2026-04-01 06:30:00
SCR-0002102,HS-000919,0,7,2026-02-07 12:02:48,2026-04-01 06:30:00
SCR-0002103,HS-000919,7,41,2026-02-10 22:02:26,2026-04-01 06:30:00
SCR-0002104,HS-000920,0,11,2025-09-11 21:52:42,2026-04-01 06:30:00
SCR-0002105,HS-000920,11,22,2025-09-27 20:27:08,2026-04-01 06:30:00
SCR-0002106,HS-000921,0,24,2026-01-29 11:43:35,2026-04-01 06:30:00
SCR-0002107,HS-000921,24,27,2026-02-16 11:51:11,2026-04-01 06:30:00
SCR-0002108,HS-000922,0,9,2025-12-11 14:15:49,2026-04-01 06:30:00
SCR-0002109,HS-000922,9,16,2025-12-17 15:35:50,2026-04-01 06:30:00
SCR-0002110,HS-000923,0,24,2025-11-12 01:02:32,2026-04-01 06:30:00
SCR-0002111,HS-000923,24,48,2025-11-17 16:10:25,2026-04-01 06:30:00
SCR-0002112,HS-000923,48,70,2025-11-20 07:28:46,2026-04-01 06:30:00
SCR-0002113,HS-000924,0,5,2025-10-28 15:31:24,2026-04-01 06:30:00
SCR-0002114,HS-000924,5,42,2025-11-02 01:37:22,2026-04-01 06:30:00
SCR-0002115,HS-000924,42,75,2025-11-03 05:37:37,2026-04-01 06:30:00
SCR-0002116,HS-000925,0,5,2025-08-22 11:41:21,2026-04-01 06:30:00
SCR-0002117,HS-000925,5,44,2025-09-01 01:01:42,2026-04-01 06:30:00
SCR-0002118,HS-000925,44,74,2025-09-01 23:00:56,2026-04-01 06:30:00
SCR-0002119,HS-000926,0,19,2026-01-29 18:04:19,2026-04-01 06:30:00
SCR-0002120,HS-000926,19,45,2026-02-02 07:41:19,2026-04-01 06:30:00
SCR-0002121,HS-000926,45,75,2026-02-04 10:58:19,2026-04-01 06:30:00
SCR-0002122,HS-000927,0,23,2025-10-25 00:31:49,2026-04-01 06:30:00
SCR-0002123,HS-000928,0,16,2025-09-17 04:14:37,2026-04-01 06:30:00
SCR-0002124,HS-000928,16,22,2025-09-18 14:41:05,2026-04-01 06:30:00
SCR-0002125,HS-000929,0,22,2025-09-06 05:58:12,2026-04-01 06:30:00
SCR-0002126,HS-000930,0,8,2025-09-01 05:04:09,2026-04-01 06:30:00
SCR-0002127,HS-000930,8,43,2025-09-09 19:57:06,2026-04-01 06:30:00
SCR-0002128,HS-000930,43,55,2025-09-10 16:04:49,2026-04-01 06:30:00
SCR-0002129,HS-000931,0,12,2026-02-21 05:54:23,2026-04-01 06:30:00
SCR-0002130,HS-000932,0,24,2025-09-18 18:46:00,2026-04-01 06:30:00
SCR-0002131,HS-000933,0,13,2026-02-01 04:56:03,2026-04-01 06:30:00
SCR-0002132,HS-000933,13,25,2026-02-20 01:21:29,2026-04-01 06:30:00
SCR-0002133,HS-000934,0,19,2026-01-18 05:49:56,2026-04-01 06:30:00
SCR-0002134,HS-000935,0,14,2025-12-03 20:58:11,2026-04-01 06:30:00
SCR-0002135,HS-000935,14,48,2026-01-07 10:57:03,2026-04-01 06:30:00
SCR-0002136,HS-000935,48,54,2026-01-07 17:37:17,2026-04-01 06:30:00
SCR-0002137,HS-000936,0,18,2025-11-22 14:47:48,2026-04-01 06:30:00
SCR-0002138,HS-000936,18,47,2025-11-28 02:55:13,2026-04-01 06:30:00
SCR-0002139,HS-000937,0,22,2025-09-05 19:41:25,2026-04-01 06:30:00
SCR-0002140,HS-000938,0,11,2026-02-10 04:25:25,2026-04-01 06:30:00
SCR-0002141,HS-000938,11,41,2026-02-19 21:45:57,2026-04-01 06:30:00
SCR-0002142,HS-000938,41,76,2026-02-21 18:52:26,2026-04-01 06:30:00
SCR-0002143,HS-000939,0,22,2026-03-12 19:49:54,2026-04-01 06:30:00
SCR-0002144,HS-000940,0,11,2025-11-08 00:50:39,2026-04-01 06:30:00
SCR-0002145,HS-000940,11,48,2025-11-15 04:49:08,2026-04-01 06:30:00
SCR-0002146,HS-000940,48,58,2025-11-15 06:55:09,2026-04-01 06:30:00
SCR-0002147,HS-000941,0,6,2025-12-09 21:08:34,2026-04-01 06:30:00
SCR-0002148,HS-000941,6,47,2025-12-18 17:06:06,2026-04-01 06:30:00
SCR-0002149,HS-000941,47,88,2025-12-20 20:06:16,2026-04-01 06:30:00
SCR-0002150,HS-000942,0,24,2025-09-30 11:29:24,2026-04-01 06:30:00
SCR-0002151,HS-000943,0,23,2025-12-26 22:22:44,2026-04-01 06:30:00
SCR-0002152,HS-000943,23,45,2026-01-19 15:16:53,2026-04-01 06:30:00
SCR-0002153,HS-000944,0,20,2025-11-05 23:55:34,2026-04-01 06:30:00
SCR-0002154,HS-000944,20,42,2025-11-09 00:47:17,2026-04-01 06:30:00
SCR-0002155,HS-000944,42,82,2025-11-10 07:01:37,2026-04-01 06:30:00
SCR-0002156,HS-000945,0,7,2025-10-27 03:33:17,2026-04-01 06:30:00
SCR-0002157,HS-000946,0,6,2026-01-29 06:41:14,2026-04-01 06:30:00
SCR-0002158,HS-000946,6,24,2026-02-13 08:19:35,2026-04-01 06:30:00
SCR-0002159,HS-000947,0,10,2025-09-04 00:26:37,2026-04-01 06:30:00
SCR-0002160,HS-000947,10,23,2025-09-19 21:26:07,2026-04-01 06:30:00
SCR-0002161,HS-000948,0,20,2025-08-17 13:18:26,2026-04-01 06:30:00
SCR-0002162,HS-000948,20,47,2025-09-02 15:15:59,2026-04-01 06:30:00
SCR-0002163,HS-000948,47,89,2025-09-05 05:34:51,2026-04-01 06:30:00
SCR-0002164,HS-000949,0,10,2025-11-06 13:49:59,2026-04-01 06:30:00
SCR-0002165,HS-000949,10,48,2025-11-11 17:22:05,2026-04-01 06:30:00
SCR-0002166,HS-000949,48,51,2025-11-14 17:18:40,2026-04-01 06:30:00
SCR-0002167,HS-000950,0,11,2026-02-13 01:05:45,2026-04-01 06:30:00
SCR-0002168,HS-000950,11,46,2026-03-07 06:34:43,2026-04-01 06:30:00
SCR-0002169,HS-000950,46,56,2026-03-09 17:36:11,2026-04-01 06:30:00
SCR-0002170,HS-000951,0,20,2025-08-22 00:53:46,2026-04-01 06:30:00
SCR-0002171,HS-000951,20,48,2025-09-14 12:40:13,2026-04-01 06:30:00
SCR-0002172,HS-000951,48,78,2025-09-17 07:57:14,2026-04-01 06:30:00
SCR-0002173,HS-000952,0,11,2025-11-06 14:08:21,2026-04-01 06:30:00
SCR-0002174,HS-000952,11,41,2025-11-12 13:52:45,2026-04-01 06:30:00
SCR-0002175,HS-000952,41,51,2025-11-14 14:13:18,2026-04-01 06:30:00
SCR-0002176,HS-000953,0,14,2025-08-27 17:22:42,2026-04-01 06:30:00
SCR-0002177,HS-000953,14,44,2025-09-18 09:31:31,2026-04-01 06:30:00
SCR-0002178,HS-000953,44,68,2025-09-21 01:24:35,2026-04-01 06:30:00
SCR-0002179,HS-000954,0,22,2025-09-15 03:45:04,2026-04-01 06:30:00
SCR-0002180,HS-000954,22,34,2025-09-28 07:22:40,2026-04-01 06:30:00
SCR-0002181,HS-000955,0,17,2026-01-06 10:20:14,2026-04-01 06:30:00
SCR-0002182,HS-000955,17,44,2026-01-09 05:43:41,2026-04-01 06:30:00
SCR-0002183,HS-000955,44,75,2026-01-09 19:35:29,2026-04-01 06:30:00
SCR-0002184,HS-000956,0,24,2025-10-21 01:33:28,2026-04-01 06:30:00
SCR-0002185,HS-000957,0,24,2026-03-22 13:39:00,2026-04-01 06:30:00
SCR-0002186,HS-000957,24,27,2026-03-30 00:37:32,2026-04-01 06:30:00
SCR-0002187,HS-000958,0,24,2026-01-07 10:56:57,2026-04-01 06:30:00
SCR-0002188,HS-000958,24,46,2026-01-13 13:05:26,2026-04-01 06:30:00
SCR-0002189,HS-000958,46,69,2026-01-14 08:58:35,2026-04-01 06:30:00
SCR-0002190,HS-000959,0,13,2025-12-30 03:05:35,2026-04-01 06:30:00
SCR-0002191,HS-000959,13,18,2026-01-06 08:55:55,2026-04-01 06:30:00
SCR-0002192,HS-000960,0,8,2026-02-23 12:59:56,2026-04-01 06:30:00
SCR-0002193,HS-000960,8,43,2026-02-27 17:25:10,2026-04-01 06:30:00
SCR-0002194,HS-000960,43,62,2026-02-28 14:36:13,2026-04-01 06:30:00
SCR-0002195,HS-000961,0,9,2025-10-03 12:01:52,2026-04-01 06:30:00
SCR-0002196,HS-000961,9,42,2025-10-09 22:50:49,2026-04-01 06:30:00
SCR-0002197,HS-000961,42,78,2025-10-10 12:05:04,2026-04-01 06:30:00
SCR-0002198,HS-000962,0,23,2025-12-24 10:19:46,2026-04-01 06:30:00
SCR-0002199,HS-000962,23,40,2026-01-02 20:41:22,2026-04-01 06:30:00
SCR-0002200,HS-000962,40,61,2026-01-03 23:56:14,2026-04-01 06:30:00
SCR-0002201,HS-000963,0,15,2025-11-01 12:47:08,2026-04-01 06:30:00
SCR-0002202,HS-000963,15,21,2025-11-08 16:26:56,2026-04-01 06:30:00
SCR-0002203,HS-000964,0,16,2025-11-15 03:34:16,2026-04-01 06:30:00
SCR-0002204,HS-000965,0,24,2025-10-25 17:22:05,2026-04-01 06:30:00
SCR-0002205,HS-000965,24,44,2025-11-02 16:56:43,2026-04-01 06:30:00
SCR-0002206,HS-000965,44,52,2025-11-04 05:28:59,2026-04-01 06:30:00
SCR-0002207,HS-000966,0,5,2026-02-05 14:48:07,2026-04-01 06:30:00
SCR-0002208,HS-000966,5,15,2026-02-15 21:06:09,2026-04-01 06:30:00
SCR-0002209,HS-000967,0,12,2025-10-01 04:31:01,2026-04-01 06:30:00
SCR-0002210,HS-000967,12,38,2025-10-15 16:45:57,2026-04-01 06:30:00
SCR-0002211,HS-000968,0,24,2026-02-09 07:30:56,2026-04-01 06:30:00
SCR-0002212,HS-000969,0,17,2026-02-12 22:02:42,2026-04-01 06:30:00
SCR-0002213,HS-000969,17,40,2026-02-18 07:41:48,2026-04-01 06:30:00
SCR-0002214,HS-000969,40,62,2026-02-20 18:43:34,2026-04-01 06:30:00
SCR-0002215,HS-000970,0,13,2025-09-29 06:25:09,2026-04-01 06:30:00
SCR-0002216,HS-000971,0,6,2025-09-16 20:32:07,2026-04-01 06:30:00
SCR-0002217,HS-000971,6,40,2025-09-24 02:20:42,2026-04-01 06:30:00
SCR-0002218,HS-000971,40,51,2025-09-26 01:21:55,2026-04-01 06:30:00
SCR-0002219,HS-000972,0,24,2025-09-08 21:00:59,2026-04-01 06:30:00
SCR-0002220,HS-000973,0,8,2026-03-11 00:24:24,2026-04-01 06:30:00
SCR-0002221,HS-000973,8,30,2026-03-18 03:50:34,2026-04-01 06:30:00
SCR-0002222,HS-000974,0,15,2025-12-30 11:17:29,2026-04-01 06:30:00
SCR-0002223,HS-000974,15,20,2026-01-01 10:33:06,2026-04-01 06:30:00
SCR-0002224,HS-000975,0,6,2025-10-22 16:16:19,2026-04-01 06:30:00
SCR-0002225,HS-000975,6,21,2025-11-07 15:35:42,2026-04-01 06:30:00
SCR-0002226,HS-000976,0,22,2026-03-17 16:32:56,2026-04-01 06:30:00
SCR-0002227,HS-000976,22,35,2026-03-23 06:32:42,2026-04-01 06:30:00
SCR-0002228,HS-000977,0,18,2025-10-08 07:01:37,2026-04-01 06:30:00
SCR-0002229,HS-000977,18,19,2025-10-18 01:41:15,2026-04-01 06:30:00
SCR-0002230,HS-000978,0,7,2026-03-08 22:07:38,2026-04-01 06:30:00
SCR-0002231,HS-000978,7,10,2026-03-21 20:40:03,2026-04-01 06:30:00
SCR-0002232,HS-000979,0,17,2025-09-08 22:19:56,2026-04-01 06:30:00
SCR-0002233,HS-000980,0,8,2025-12-10 05:01:23,2026-04-01 06:30:00
SCR-0002234,HS-000980,8,16,2025-12-29 23:09:38,2026-04-01 06:30:00
SCR-0002235,HS-000981,0,24,2025-10-19 17:38:02,2026-04-01 06:30:00
SCR-0002236,HS-000981,24,32,2025-10-28 10:21:33,2026-04-01 06:30:00
SCR-0002237,HS-000982,0,7,2025-11-03 23:56:29,2026-04-01 06:30:00
SCR-0002238,HS-000982,7,40,2025-11-10 19:24:31,2026-04-01 06:30:00
SCR-0002239,HS-000982,40,52,2025-11-13 08:23:37,2026-04-01 06:30:00
SCR-0002240,HS-000983,0,12,2026-02-17 05:19:56,2026-04-01 06:30:00
SCR-0002241,HS-000983,12,44,2026-02-23 06:00:23,2026-04-01 06:30:00
SCR-0002242,HS-000983,44,66,2026-02-25 07:20:48,2026-04-01 06:30:00
SCR-0002243,HS-000984,0,12,2025-09-27 15:48:44,2026-04-01 06:30:00
SCR-0002244,HS-000984,12,48,2025-10-01 08:23:13,2026-04-01 06:30:00
SCR-0002245,HS-000984,48,73,2025-10-01 11:19:09,2026-04-01 06:30:00
SCR-0002246,HS-000985,0,23,2026-01-19 15:00:36,2026-04-01 06:30:00
SCR-0002247,HS-000986,0,12,2026-02-08 00:13:16,2026-04-01 06:30:00
SCR-0002248,HS-000986,12,43,2026-02-20 17:05:35,2026-04-01 06:30:00
SCR-0002249,HS-000986,43,66,2026-02-22 23:52:44,2026-04-01 06:30:00
SCR-0002250,HS-000987,0,21,2026-03-23 02:22:28,2026-04-01 06:30:00
SCR-0002251,HS-000987,21,30,2026-04-05 21:15:27,2026-04-01 06:30:00
SCR-0002252,HS-000988,0,18,2025-09-19 18:27:11,2026-04-01 06:30:00
SCR-0002253,HS-000989,0,24,2025-09-30 16:45:49,2026-04-01 06:30:00
SCR-0002254,HS-000989,24,25,2025-10-20 02:32:19,2026-04-01 06:30:00
SCR-0002255,HS-000990,0,20,2026-01-06 04:55:35,2026-04-01 06:30:00
SCR-0002256,HS-000991,0,17,2025-12-22 03:37:15,2026-04-01 06:30:00
SCR-0002257,HS-000991,17,47,2026-01-06 10:30:53,2026-04-01 06:30:00
SCR-0002258,HS-000991,47,64,2026-01-08 06:47:50,2026-04-01 06:30:00
SCR-0002259,HS-000992,0,7,2025-12-13 16:50:53,2026-04-01 06:30:00
SCR-0002260,HS-000992,7,42,2025-12-22 02:11:36,2026-04-01 06:30:00
SCR-0002261,HS-000992,42,77,2025-12-23 08:43:30,2026-04-01 06:30:00
SCR-0002262,HS-000993,0,20,2026-02-26 19:39:01,2026-04-01 06:30:00
SCR-0002263,HS-000994,0,8,2025-10-13 14:38:20,2026-04-01 06:30:00
SCR-0002264,HS-000994,8,12,2025-10-16 17:27:43,2026-04-01 06:30:00
SCR-0002265,HS-000995,0,20,2026-02-26 15:53:34,2026-04-01 06:30:00
SCR-0002266,HS-000995,20,34,2026-03-14 17:54:48,2026-04-01 06:30:00
SCR-0002267,HS-000996,0,23,2026-03-16 23:13:28,2026-04-01 06:30:00
SCR-0002268,HS-000996,23,48,2026-03-28 03:48:25,2026-04-01 06:30:00
SCR-0002269,HS-000996,48,76,2026-03-30 23:41:10,2026-04-01 06:30:00
SCR-0002270,HS-000997,0,17,2026-01-04 11:22:23,2026-04-01 06:30:00
SCR-0002271,HS-000997,17,35,2026-01-20 07:02:00,2026-04-01 06:30:00
SCR-0002272,HS-000998,0,16,2025-09-14 03:38:34,2026-04-01 06:30:00
SCR-0002273,HS-000998,16,46,2025-09-21 13:02:55,2026-04-01 06:30:00
SCR-0002274,HS-000998,46,75,2025-09-23 01:35:12,2026-04-01 06:30:00
SCR-0002275,HS-000999,0,11,2025-08-30 09:31:49,2026-04-01 06:30:00
SCR-0002276,HS-000999,11,48,2025-09-29 06:56:33,2026-04-01 06:30:00
SCR-0002277,HS-000999,48,52,2025-10-01 19:40:13,2026-04-01 06:30:00
SCR-0002278,HS-001000,0,18,2025-09-04 07:46:13,2026-04-01 06:30:00
SCR-0002279,HS-001000,18,42,2025-09-11 16:09:46,2026-04-01 06:30:00
SCR-0002280,HS-001000,42,52,2025-09-14 13:42:47,2026-04-01 06:30:00
SCR-0002281,HS-001001,0,22,2026-03-01 06:54:46,2026-04-01 06:30:00
SCR-0002282,HS-001002,0,18,2026-02-09 09:48:28,2026-04-01 06:30:00
SCR-0002283,HS-001002,18,40,2026-02-19 15:46:53,2026-04-01 06:30:00
SCR-0002284,HS-001002,40,74,2026-02-21 12:36:00,2026-04-01 06:30:00
SCR-0002285,HS-001003,0,20,2025-09-02 21:30:49,2026-04-01 06:30:00
SCR-0002286,HS-001003,20,44,2025-09-10 11:08:03,2026-04-01 06:30:00
SCR-0002287,HS-001003,44,88,2025-09-12 06:54:32,2026-04-01 06:30:00
SCR-0002288,HS-001004,0,15,2026-01-22 19:25:19,2026-04-01 06:30:00
SCR-0002289,HS-001004,15,18,2026-02-09 04:45:50,2026-04-01 06:30:00
SCR-0002290,HS-001005,0,22,2025-12-04 18:33:01,2026-04-01 06:30:00
SCR-0002291,HS-001006,0,23,2026-01-14 11:41:55,2026-04-01 06:30:00
SCR-0002292,HS-001006,23,42,2026-01-21 16:18:59,2026-04-01 06:30:00
SCR-0002293,HS-001006,42,64,2026-01-22 03:42:43,2026-04-01 06:30:00
SCR-0002294,HS-001007,0,24,2025-12-10 16:56:15,2026-04-01 06:30:00
SCR-0002295,HS-001007,24,40,2025-12-14 09:12:34,2026-04-01 06:30:00
SCR-0002296,HS-001007,40,87,2025-12-16 20:42:46,2026-04-01 06:30:00
SCR-0002297,HS-001008,0,10,2025-10-29 07:53:17,2026-04-01 06:30:00
SCR-0002298,HS-001008,10,41,2025-11-07 16:44:03,2026-04-01 06:30:00
SCR-0002299,HS-001008,41,73,2025-11-08 18:51:11,2026-04-01 06:30:00
SCR-0002300,HS-001009,0,10,2026-03-09 23:02:07,2026-04-01 06:30:00
SCR-0002301,HS-001009,10,35,2026-03-13 20:09:13,2026-04-01 06:30:00
SCR-0002302,HS-001010,0,10,2026-02-14 13:41:54,2026-04-01 06:30:00
SCR-0002303,HS-001010,10,42,2026-02-25 02:40:13,2026-04-01 06:30:00
SCR-0002304,HS-001010,42,51,2026-02-26 06:42:52,2026-04-01 06:30:00
SCR-0002305,HS-001011,0,8,2025-09-13 09:57:04,2026-04-01 06:30:00
SCR-0002306,HS-001011,8,44,2025-09-16 22:42:44,2026-04-01 06:30:00
SCR-0002307,HS-001011,44,71,2025-09-18 11:36:10,2026-04-01 06:30:00
SCR-0002308,HS-001012,0,6,2025-10-20 23:40:28,2026-04-01 06:30:00
SCR-0002309,HS-001012,6,22,2025-10-31 02:14:58,2026-04-01 06:30:00
SCR-0002310,HS-001013,0,19,2026-01-22 07:29:11,2026-04-01 06:30:00
SCR-0002311,HS-001013,19,40,2026-01-25 18:30:28,2026-04-01 06:30:00
SCR-0002312,HS-001013,40,90,2026-01-26 05:39:11,2026-04-01 06:30:00
SCR-0002313,HS-001014,0,11,2025-09-28 16:11:10,2026-04-01 06:30:00
SCR-0002314,HS-001014,11,14,2025-10-04 01:32:22,2026-04-01 06:30:00
SCR-0002315,HS-001015,0,19,2026-01-08 07:56:19,2026-04-01 06:30:00
SCR-0002316,HS-001015,19,49,2026-01-23 06:34:52,2026-04-01 06:30:00
SCR-0002317,HS-001016,0,17,2026-02-12 11:34:47,2026-04-01 06:30:00
SCR-0002318,HS-001016,17,42,2026-02-16 15:49:57,2026-04-01 06:30:00
SCR-0002319,HS-001016,42,71,2026-02-19 04:38:22,2026-04-01 06:30:00
SCR-0002320,HS-001017,0,18,2026-03-13 16:47:29,2026-04-01 06:30:00
SCR-0002321,HS-001018,0,13,2025-08-28 06:02:30,2026-04-01 06:30:00
SCR-0002322,HS-001018,13,44,2025-09-04 08:14:37,2026-04-01 06:30:00
SCR-0002323,HS-001019,0,8,2026-03-03 10:16:39,2026-04-01 06:30:00
SCR-0002324,HS-001019,8,37,2026-03-10 02:47:54,2026-04-01 06:30:00
SCR-0002325,HS-001020,0,12,2025-12-25 10:02:54,2026-04-01 06:30:00
SCR-0002326,HS-001021,0,5,2026-03-08 17:58:50,2026-04-01 06:30:00
SCR-0002327,HS-001021,5,39,2026-03-14 18:43:59,2026-04-01 06:30:00
SCR-0002328,HS-001022,0,10,2026-02-23 04:04:23,2026-04-01 06:30:00
SCR-0002329,HS-001022,10,17,2026-03-04 13:54:20,2026-04-01 06:30:00
SCR-0002330,HS-001023,0,24,2025-08-26 18:40:17,2026-04-01 06:30:00
SCR-0002331,HS-001023,24,44,2025-09-03 20:49:45,2026-04-01 06:30:00
SCR-0002332,HS-001023,44,78,2025-09-06 03:30:46,2026-04-01 06:30:00
SCR-0002333,HS-001024,0,6,2025-09-04 00:58:58,2026-04-01 06:30:00
SCR-0002334,HS-001024,6,9,2025-09-20 07:21:00,2026-04-01 06:30:00
SCR-0002335,HS-001025,0,7,2026-02-03 03:45:31,2026-04-01 06:30:00
SCR-0002336,HS-001025,7,48,2026-02-10 03:24:56,2026-04-01 06:30:00
SCR-0002337,HS-001025,48,57,2026-02-12 11:57:03,2026-04-01 06:30:00
SCR-0002338,HS-001026,0,10,2025-11-14 23:57:27,2026-04-01 06:30:00
SCR-0002339,HS-001026,10,16,2025-11-17 05:29:07,2026-04-01 06:30:00
SCR-0002340,HS-001027,0,8,2026-01-31 00:43:38,2026-04-01 06:30:00
SCR-0002341,HS-001027,8,47,2026-02-08 01:30:08,2026-04-01 06:30:00
SCR-0002342,HS-001027,47,57,2026-02-10 02:15:50,2026-04-01 06:30:00
SCR-0002343,HS-001028,0,21,2026-02-14 20:56:28,2026-04-01 06:30:00
SCR-0002344,HS-001028,21,32,2026-02-22 19:00:35,2026-04-01 06:30:00
SCR-0002345,HS-001029,0,11,2025-11-24 23:53:51,2026-04-01 06:30:00
SCR-0002346,HS-001029,11,46,2025-12-03 17:53:59,2026-04-01 06:30:00
SCR-0002347,HS-001029,46,67,2025-12-04 10:33:02,2026-04-01 06:30:00
SCR-0002348,HS-001030,0,23,2025-09-21 20:03:30,2026-04-01 06:30:00
SCR-0002349,HS-001030,23,41,2025-09-29 15:29:16,2026-04-01 06:30:00
SCR-0002350,HS-001030,41,65,2025-09-30 14:29:24,2026-04-01 06:30:00
SCR-0002351,HS-001031,0,9,2026-03-11 10:29:25,2026-04-01 06:30:00
SCR-0002352,HS-001031,9,46,2026-03-25 02:22:53,2026-04-01 06:30:00
SCR-0002353,HS-001031,46,64,2026-03-27 02:56:07,2026-04-01 06:30:00
SCR-0002354,HS-001032,0,6,2026-01-06 01:37:17,2026-04-01 06:30:00
SCR-0002355,HS-001032,6,47,2026-01-17 23:54:57,2026-04-01 06:30:00
SCR-0002356,HS-001033,0,7,2026-01-31 03:54:12,2026-04-01 06:30:00
SCR-0002357,HS-001033,7,33,2026-02-17 03:18:04,2026-04-01 06:30:00
SCR-0002358,HS-001034,0,16,2026-01-17 20:00:24,2026-04-01 06:30:00
SCR-0002359,HS-001034,16,20,2026-01-27 15:02:19,2026-04-01 06:30:00
SCR-0002360,HS-001035,0,18,2025-12-18 22:17:41,2026-04-01 06:30:00
SCR-0002361,HS-001035,18,46,2025-12-30 01:56:19,2026-04-01 06:30:00
SCR-0002362,HS-001035,46,65,2026-01-01 11:55:32,2026-04-01 06:30:00
SCR-0002363,HS-001036,0,10,2025-11-12 00:17:57,2026-04-01 06:30:00
SCR-0002364,HS-001036,10,11,2025-11-15 03:34:28,2026-04-01 06:30:00
SCR-0002365,HS-001037,0,6,2026-01-05 03:39:34,2026-04-01 06:30:00
SCR-0002366,HS-001037,6,32,2026-01-17 16:59:14,2026-04-01 06:30:00
SCR-0002367,HS-001038,0,21,2026-01-14 17:34:05,2026-04-01 06:30:00
SCR-0002368,HS-001039,0,21,2025-12-03 21:32:45,2026-04-01 06:30:00
SCR-0002369,HS-001039,21,32,2025-12-09 20:37:47,2026-04-01 06:30:00
SCR-0002370,HS-001040,0,11,2026-03-18 18:29:44,2026-04-01 06:30:00
SCR-0002371,HS-001040,11,26,2026-04-05 06:39:36,2026-04-01 06:30:00
SCR-0002372,HS-001041,0,16,2026-01-08 15:55:41,2026-04-01 06:30:00
SCR-0002373,HS-001041,16,31,2026-01-24 19:43:47,2026-04-01 06:30:00
SCR-0002374,HS-001042,0,21,2025-10-12 14:35:34,2026-04-01 06:30:00
SCR-0002375,HS-001042,21,26,2025-10-16 19:36:45,2026-04-01 06:30:00
SCR-0002376,HS-001043,0,6,2025-10-20 20:44:22,2026-04-01 06:30:00
SCR-0002377,HS-001043,6,44,2025-10-26 01:44:01,2026-04-01 06:30:00
SCR-0002378,HS-001043,44,85,2025-10-26 21:42:34,2026-04-01 06:30:00
SCR-0002379,HS-001044,0,19,2025-10-18 11:03:57,2026-04-01 06:30:00
SCR-0002380,HS-001044,19,44,2025-10-25 18:51:24,2026-04-01 06:30:00
SCR-0002381,HS-001044,44,81,2025-10-27 07:08:58,2026-04-01 06:30:00
SCR-0002382,HS-001045,0,18,2025-09-16 11:24:55,2026-04-01 06:30:00
SCR-0002383,HS-001045,18,47,2025-09-23 03:58:43,2026-04-01 06:30:00
SCR-0002384,HS-001045,47,89,2025-09-24 12:51:23,2026-04-01 06:30:00
SCR-0002385,HS-001046,0,17,2026-03-18 08:59:49,2026-04-01 06:30:00
SCR-0002386,HS-001046,17,39,2026-03-20 01:40:21,2026-04-01 06:30:00
SCR-0002387,HS-001047,0,13,2025-11-26 01:29:38,2026-04-01 06:30:00
SCR-0002388,HS-001047,13,38,2025-12-15 01:09:14,2026-04-01 06:30:00
SCR-0002389,HS-001048,0,7,2025-09-02 23:12:06,2026-04-01 06:30:00
SCR-0002390,HS-001048,7,13,2025-09-14 00:00:03,2026-04-01 06:30:00
SCR-0002391,HS-001049,0,7,2025-10-10 13:37:11,2026-04-01 06:30:00
SCR-0002392,HS-001049,7,40,2025-11-04 10:26:12,2026-04-01 06:30:00
SCR-0002393,HS-001049,40,65,2025-11-05 18:32:17,2026-04-01 06:30:00
SCR-0002394,HS-001050,0,12,2025-12-07 23:05:49,2026-04-01 06:30:00
SCR-0002395,HS-001050,12,34,2025-12-17 18:22:02,2026-04-01 06:30:00
SCR-0002396,HS-001051,0,15,2025-11-02 01:26:00,2026-04-01 06:30:00
SCR-0002397,HS-001051,15,40,2025-11-07 00:10:56,2026-04-01 06:30:00
SCR-0002398,HS-001051,40,82,2025-11-08 15:13:41,2026-04-01 06:30:00
SCR-0002399,HS-001052,0,24,2025-11-26 08:35:06,2026-04-01 06:30:00
SCR-0002400,HS-001052,24,41,2025-12-01 10:51:35,2026-04-01 06:30:00
SCR-0002401,HS-001052,41,52,2025-12-02 07:01:59,2026-04-01 06:30:00
SCR-0002402,HS-001053,0,14,2026-02-17 01:29:33,2026-04-01 06:30:00
SCR-0002403,HS-001053,14,47,2026-02-24 07:42:53,2026-04-01 06:30:00
SCR-0002404,HS-001053,47,72,2026-02-26 14:25:15,2026-04-01 06:30:00
SCR-0002405,HS-001054,0,13,2025-11-11 03:15:47,2026-04-01 06:30:00
SCR-0002406,HS-001054,13,47,2025-11-29 13:05:17,2026-04-01 06:30:00
SCR-0002407,HS-001054,47,53,2025-11-30 03:15:57,2026-04-01 06:30:00
SCR-0002408,HS-001055,0,15,2025-12-16 07:12:09,2026-04-01 06:30:00
SCR-0002409,HS-001055,15,42,2025-12-21 00:50:01,2026-04-01 06:30:00
SCR-0002410,HS-001055,42,81,2025-12-21 09:58:48,2026-04-01 06:30:00
SCR-0002411,HS-001056,0,24,2026-01-20 12:26:08,2026-04-01 06:30:00
SCR-0002412,HS-001056,24,45,2026-01-24 23:53:15,2026-04-01 06:30:00
SCR-0002413,HS-001056,45,53,2026-01-26 05:22:46,2026-04-01 06:30:00
SCR-0002414,HS-001057,0,17,2025-12-09 01:32:39,2026-04-01 06:30:00
SCR-0002415,HS-001057,17,19,2025-12-13 14:18:04,2026-04-01 06:30:00
SCR-0002416,HS-001058,0,6,2025-11-08 18:24:08,2026-04-01 06:30:00
SCR-0002417,HS-001058,6,47,2025-11-20 05:02:46,2026-04-01 06:30:00
SCR-0002418,HS-001059,0,9,2025-12-04 21:42:56,2026-04-01 06:30:00
SCR-0002419,HS-001059,9,19,2025-12-07 15:12:09,2026-04-01 06:30:00
SCR-0002420,HS-001060,0,9,2025-10-05 03:38:38,2026-04-01 06:30:00
SCR-0002421,HS-001060,9,12,2025-10-22 11:17:25,2026-04-01 06:30:00
SCR-0002422,HS-001061,0,14,2025-09-10 09:38:42,2026-04-01 06:30:00
SCR-0002423,HS-001062,0,12,2025-11-05 09:41:05,2026-04-01 06:30:00
SCR-0002424,HS-001062,12,21,2025-11-09 22:41:59,2026-04-01 06:30:00
SCR-0002425,HS-001063,0,24,2025-11-17 10:23:50,2026-04-01 06:30:00
SCR-0002426,HS-001063,24,40,2025-11-24 04:07:20,2026-04-01 06:30:00
SCR-0002427,HS-001064,0,5,2026-03-21 03:21:38,2026-04-01 06:30:00
SCR-0002428,HS-001064,5,11,2026-03-28 06:15:20,2026-04-01 06:30:00
SCR-0002429,HS-001065,0,14,2025-10-14 07:02:29,2026-04-01 06:30:00
SCR-0002430,HS-001066,0,18,2026-02-21 16:27:05,2026-04-01 06:30:00
SCR-0002431,HS-001066,18,41,2026-02-28 19:12:07,2026-04-01 06:30:00
SCR-0002432,HS-001066,41,74,2026-03-02 14:35:17,2026-04-01 06:30:00
SCR-0002433,HS-001067,0,22,2026-01-30 11:25:10,2026-04-01 06:30:00
SCR-0002434,HS-001067,22,46,2026-02-17 09:00:47,2026-04-01 06:30:00
SCR-0002435,HS-001067,46,55,2026-02-20 03:33:41,2026-04-01 06:30:00
SCR-0002436,HS-001068,0,17,2025-09-19 21:13:05,2026-04-01 06:30:00
SCR-0002437,HS-001068,17,44,2025-09-27 21:47:01,2026-04-01 06:30:00
SCR-0002438,HS-001069,0,8,2026-02-19 03:27:07,2026-04-01 06:30:00
SCR-0002439,HS-001069,8,48,2026-02-23 21:37:05,2026-04-01 06:30:00
SCR-0002440,HS-001069,48,73,2026-02-26 15:51:29,2026-04-01 06:30:00
SCR-0002441,HS-001070,0,24,2026-01-20 09:14:15,2026-04-01 06:30:00
SCR-0002442,HS-001070,24,41,2026-01-28 06:18:34,2026-04-01 06:30:00
SCR-0002443,HS-001070,41,75,2026-01-30 13:01:02,2026-04-01 06:30:00
SCR-0002444,HS-001071,0,21,2026-03-08 04:03:00,2026-04-01 06:30:00
SCR-0002445,HS-001072,0,8,2025-10-29 14:23:13,2026-04-01 06:30:00
SCR-0002446,HS-001072,8,46,2025-11-10 09:17:37,2026-04-01 06:30:00
SCR-0002447,HS-001072,46,64,2025-11-11 12:25:30,2026-04-01 06:30:00
SCR-0002448,HS-001073,0,22,2025-12-12 23:09:09,2026-04-01 06:30:00
SCR-0002449,HS-001073,22,41,2025-12-20 07:07:19,2026-04-01 06:30:00
SCR-0002450,HS-001073,41,62,2025-12-22 09:39:17,2026-04-01 06:30:00
SCR-0002451,HS-001074,0,7,2026-01-23 19:17:31,2026-04-01 06:30:00
SCR-0002452,HS-001074,7,34,2026-02-08 08:37:43,2026-04-01 06:30:00
SCR-0002453,HS-001075,0,14,2025-09-29 00:05:43,2026-04-01 06:30:00
SCR-0002454,HS-001075,14,39,2025-10-01 15:16:38,2026-04-01 06:30:00
SCR-0002455,HS-001076,0,12,2025-09-06 23:21:15,2026-04-01 06:30:00
SCR-0002456,HS-001077,0,14,2025-12-11 01:17:26,2026-04-01 06:30:00
SCR-0002457,HS-001077,14,21,2025-12-12 20:51:57,2026-04-01 06:30:00
SCR-0002458,HS-001078,0,22,2026-01-07 17:58:44,2026-04-01 06:30:00
SCR-0002459,HS-001078,22,48,2026-01-13 00:48:05,2026-04-01 06:30:00
SCR-0002460,HS-001078,48,51,2026-01-15 08:42:40,2026-04-01 06:30:00
SCR-0002461,HS-001079,0,18,2025-09-27 01:13:09,2026-04-01 06:30:00
SCR-0002462,HS-001080,0,7,2026-02-21 19:38:57,2026-04-01 06:30:00
SCR-0002463,HS-001080,7,40,2026-03-03 09:04:11,2026-04-01 06:30:00
SCR-0002464,HS-001080,40,84,2026-03-03 20:05:43,2026-04-01 06:30:00
SCR-0002465,HS-001081,0,11,2025-08-31 13:00:29,2026-04-01 06:30:00
SCR-0002466,HS-001081,11,40,2025-09-09 01:43:08,2026-04-01 06:30:00
SCR-0002467,HS-001081,40,67,2025-09-09 17:42:44,2026-04-01 06:30:00
SCR-0002468,HS-001082,0,14,2026-01-22 08:36:44,2026-04-01 06:30:00
SCR-0002469,HS-001082,14,43,2026-02-02 20:09:48,2026-04-01 06:30:00
SCR-0002470,HS-001082,43,70,2026-02-05 06:51:34,2026-04-01 06:30:00
SCR-0002471,HS-001083,0,12,2025-11-06 14:49:52,2026-04-01 06:30:00
SCR-0002472,HS-001083,12,25,2025-11-22 06:24:59,2026-04-01 06:30:00
SCR-0002473,HS-001084,0,24,2025-10-11 13:24:58,2026-04-01 06:30:00
SCR-0002474,HS-001084,24,43,2025-10-19 12:02:19,2026-04-01 06:30:00
SCR-0002475,HS-001084,43,89,2025-10-22 01:13:32,2026-04-01 06:30:00
SCR-0002476,HS-001085,0,11,2025-12-11 17:01:37,2026-04-01 06:30:00
SCR-0002477,HS-001085,11,39,2025-12-22 14:23:32,2026-04-01 06:30:00
SCR-0002478,HS-001086,0,10,2025-09-26 08:14:17,2026-04-01 06:30:00
SCR-0002479,HS-001086,10,37,2025-09-28 18:09:48,2026-04-01 06:30:00
SCR-0002480,HS-001087,0,21,2025-11-07 08:40:44,2026-04-01 06:30:00
SCR-0002481,HS-001087,21,40,2025-11-11 20:38:50,2026-04-01 06:30:00
SCR-0002482,HS-001087,40,88,2025-11-12 11:53:38,2026-04-01 06:30:00
SCR-0002483,HS-001088,0,16,2025-12-14 00:33:06,2026-04-01 06:30:00
SCR-0002484,HS-001089,0,9,2025-11-20 08:10:45,2026-04-01 06:30:00
SCR-0002485,HS-001089,9,10,2025-12-05 11:29:56,2026-04-01 06:30:00
SCR-0002486,HS-001090,0,7,2026-02-24 15:01:19,2026-04-01 06:30:00
SCR-0002487,HS-001090,7,40,2026-03-01 16:02:23,2026-04-01 06:30:00
SCR-0002488,HS-001090,40,50,2026-03-04 01:41:43,2026-04-01 06:30:00
SCR-0002489,HS-001091,0,7,2026-03-18 02:56:35,2026-04-01 06:30:00
SCR-0002490,HS-001091,7,32,2026-03-29 22:49:48,2026-04-01 06:30:00
SCR-0002491,HS-001092,0,7,2026-02-07 21:31:24,2026-04-01 06:30:00
SCR-0002492,HS-001093,0,10,2025-10-05 15:57:54,2026-04-01 06:30:00
SCR-0002493,HS-001093,10,36,2025-10-13 11:04:24,2026-04-01 06:30:00
SCR-0002494,HS-001094,0,19,2025-11-19 08:10:49,2026-04-01 06:30:00
SCR-0002495,HS-001094,19,44,2025-11-28 13:59:19,2026-04-01 06:30:00
SCR-0002496,HS-001094,44,87,2025-11-30 15:23:55,2026-04-01 06:30:00
SCR-0002497,HS-001095,0,12,2025-10-10 07:50:06,2026-04-01 06:30:00
SCR-0002498,HS-001095,12,15,2025-10-14 06:25:15,2026-04-01 06:30:00
SCR-0002499,HS-001096,0,10,2026-01-15 01:43:26,2026-04-01 06:30:00
SCR-0002500,HS-001096,10,40,2026-01-24 12:04:49,2026-04-01 06:30:00
SCR-0002501,HS-001096,40,52,2026-01-25 23:46:48,2026-04-01 06:30:00
SCR-0002502,HS-001097,0,17,2026-03-10 16:38:08,2026-04-01 06:30:00
SCR-0002503,HS-001097,17,44,2026-03-15 09:24:14,2026-04-01 06:30:00
SCR-0002504,HS-001097,44,56,2026-03-15 10:17:36,2026-04-01 06:30:00
SCR-0002505,HS-001098,0,19,2026-01-12 22:13:03,2026-04-01 06:30:00
SCR-0002506,HS-001099,0,14,2025-09-24 07:55:58,2026-04-01 06:30:00
SCR-0002507,HS-001099,14,41,2025-09-29 05:00:57,2026-04-01 06:30:00
SCR-0002508,HS-001099,41,59,2025-09-29 19:20:20,2026-04-01 06:30:00
SCR-0002509,HS-001100,0,23,2026-01-29 05:28:45,2026-04-01 06:30:00
SCR-0002510,HS-001100,23,28,2026-02-08 05:12:20,2026-04-01 06:30:00
SCR-0002511,HS-001101,0,19,2025-08-22 07:03:48,2026-04-01 06:30:00
SCR-0002512,HS-001101,19,41,2025-09-03 20:36:30,2026-04-01 06:30:00
SCR-0002513,HS-001101,41,82,2025-09-06 14:48:48,2026-04-01 06:30:00
SCR-0002514,HS-001102,0,11,2025-10-27 17:06:45,2026-04-01 06:30:00
SCR-0002515,HS-001102,11,43,2025-10-31 16:46:21,2026-04-01 06:30:00
SCR-0002516,HS-001102,43,80,2025-11-03 11:55:07,2026-04-01 06:30:00
SCR-0002517,HS-001103,0,22,2026-03-14 14:45:58,2026-04-01 06:30:00
SCR-0002518,HS-001103,22,44,2026-03-20 12:14:44,2026-04-01 06:30:00
SCR-0002519,HS-001103,44,80,2026-03-21 22:26:55,2026-04-01 06:30:00
SCR-0002520,HS-001104,0,19,2026-01-24 01:11:33,2026-04-01 06:30:00
SCR-0002521,HS-001104,19,33,2026-01-27 09:25:06,2026-04-01 06:30:00
SCR-0002522,HS-001105,0,18,2026-02-17 12:45:14,2026-04-01 06:30:00
SCR-0002523,HS-001105,18,29,2026-03-05 11:15:50,2026-04-01 06:30:00
SCR-0002524,HS-001106,0,21,2026-03-30 01:32:56,2026-04-01 06:30:00
SCR-0002525,HS-001107,0,18,2026-03-16 15:22:42,2026-04-01 06:30:00
SCR-0002526,HS-001108,0,7,2026-03-13 21:05:08,2026-04-01 06:30:00
SCR-0002527,HS-001108,7,40,2026-03-19 02:00:16,2026-04-01 06:30:00
SCR-0002528,HS-001108,40,57,2026-03-19 09:23:02,2026-04-01 06:30:00
SCR-0002529,HS-001109,0,5,2026-01-31 04:53:53,2026-04-01 06:30:00
SCR-0002530,HS-001109,5,13,2026-02-05 16:23:03,2026-04-01 06:30:00
SCR-0002531,HS-001110,0,14,2025-11-15 09:10:58,2026-04-01 06:30:00
SCR-0002532,HS-001111,0,19,2025-10-05 13:02:04,2026-04-01 06:30:00
SCR-0002533,HS-001111,19,24,2025-10-10 02:38:28,2026-04-01 06:30:00
SCR-0002534,HS-001112,0,17,2026-01-19 01:17:05,2026-04-01 06:30:00
SCR-0002535,HS-001113,0,8,2026-01-25 23:25:29,2026-04-01 06:30:00
SCR-0002536,HS-001113,8,37,2026-02-05 21:34:55,2026-04-01 06:30:00
SCR-0002537,HS-001114,0,16,2026-01-18 23:32:41,2026-04-01 06:30:00
SCR-0002538,HS-001115,0,13,2025-11-09 02:40:51,2026-04-01 06:30:00
SCR-0002539,HS-001115,13,49,2025-11-15 12:59:57,2026-04-01 06:30:00
SCR-0002540,HS-001116,0,7,2025-09-30 11:24:50,2026-04-01 06:30:00
SCR-0002541,HS-001116,7,25,2025-10-04 10:19:24,2026-04-01 06:30:00
SCR-0002542,HS-001117,0,22,2026-02-08 02:06:59,2026-04-01 06:30:00
SCR-0002543,HS-001117,22,28,2026-02-20 22:39:50,2026-04-01 06:30:00
SCR-0002544,HS-001118,0,19,2026-01-19 01:25:04,2026-04-01 06:30:00
SCR-0002545,HS-001119,0,20,2026-01-06 10:34:26,2026-04-01 06:30:00
SCR-0002546,HS-001119,20,47,2026-01-16 23:44:15,2026-04-01 06:30:00
SCR-0002547,HS-001119,47,83,2026-01-17 04:22:24,2026-04-01 06:30:00
SCR-0002548,HS-001120,0,20,2025-12-12 13:36:23,2026-04-01 06:30:00
SCR-0002549,HS-001120,20,41,2025-12-18 15:14:04,2026-04-01 06:30:00
SCR-0002550,HS-001121,0,5,2026-02-23 15:56:34,2026-04-01 06:30:00
SCR-0002551,HS-001121,5,27,2026-03-01 19:13:12,2026-04-01 06:30:00
SCR-0002552,HS-001122,0,12,2025-11-13 13:19:01,2026-04-01 06:30:00
SCR-0002553,HS-001122,12,19,2025-11-20 19:57:30,2026-04-01 06:30:00
SCR-0002554,HS-001123,0,16,2026-03-14 07:49:04,2026-04-01 06:30:00
SCR-0002555,HS-001123,16,28,2026-03-21 18:46:45,2026-04-01 06:30:00
SCR-0002556,HS-001124,0,13,2026-02-07 00:51:55,2026-04-01 06:30:00
SCR-0002557,HS-001124,13,43,2026-02-17 16:47:16,2026-04-01 06:30:00
SCR-0002558,HS-001124,43,82,2026-02-19 18:25:56,2026-04-01 06:30:00
SCR-0002559,HS-001125,0,15,2025-09-09 21:31:58,2026-04-01 06:30:00
SCR-0002560,HS-001125,15,37,2025-09-16 03:22:00,2026-04-01 06:30:00
SCR-0002561,HS-001126,0,20,2025-09-29 11:20:34,2026-04-01 06:30:00
SCR-0002562,HS-001127,0,7,2025-09-23 07:30:28,2026-04-01 06:30:00
SCR-0002563,HS-001127,7,41,2025-10-05 19:30:45,2026-04-01 06:30:00
SCR-0002564,HS-001127,41,51,2025-10-06 03:06:32,2026-04-01 06:30:00
SCR-0002565,HS-001128,0,11,2026-02-27 20:57:06,2026-04-01 06:30:00
SCR-0002566,HS-001128,11,23,2026-03-07 01:14:00,2026-04-01 06:30:00
SCR-0002567,HS-001129,0,22,2026-03-30 07:57:32,2026-04-01 06:30:00
SCR-0002568,HS-001130,0,18,2025-10-14 00:41:42,2026-04-01 06:30:00
SCR-0002569,HS-001130,18,44,2025-10-20 20:22:45,2026-04-01 06:30:00
SCR-0002570,HS-001130,44,77,2025-10-23 19:51:58,2026-04-01 06:30:00
SCR-0002571,HS-001131,0,20,2026-02-04 12:45:22,2026-04-01 06:30:00
SCR-0002572,HS-001131,20,40,2026-02-15 00:26:07,2026-04-01 06:30:00
SCR-0002573,HS-001131,40,55,2026-02-16 18:58:42,2026-04-01 06:30:00
SCR-0002574,HS-001132,0,13,2026-02-20 01:36:30,2026-04-01 06:30:00
SCR-0002575,HS-001132,13,31,2026-03-11 07:54:21,2026-04-01 06:30:00
SCR-0002576,HS-001133,0,6,2025-11-30 01:26:19,2026-04-01 06:30:00
SCR-0002577,HS-001133,6,45,2025-12-07 20:01:40,2026-04-01 06:30:00
SCR-0002578,HS-001133,45,90,2025-12-08 23:34:12,2026-04-01 06:30:00
SCR-0002579,HS-001134,0,14,2025-12-02 15:44:42,2026-04-01 06:30:00
SCR-0002580,HS-001134,14,21,2025-12-08 11:21:31,2026-04-01 06:30:00
SCR-0002581,HS-001135,0,11,2025-10-01 16:34:55,2026-04-01 06:30:00
SCR-0002582,HS-001136,0,24,2025-09-20 03:06:30,2026-04-01 06:30:00
SCR-0002583,HS-001136,24,48,2025-09-28 07:29:48,2026-04-01 06:30:00
SCR-0002584,HS-001137,0,5,2025-11-06 21:14:33,2026-04-01 06:30:00
SCR-0002585,HS-001137,5,43,2025-11-21 15:17:35,2026-04-01 06:30:00
SCR-0002586,HS-001137,43,85,2025-11-24 11:31:05,2026-04-01 06:30:00
SCR-0002587,HS-001138,0,11,2025-12-23 12:25:12,2026-04-01 06:30:00
SCR-0002588,HS-001138,11,46,2026-01-12 15:50:59,2026-04-01 06:30:00
SCR-0002589,HS-001138,46,55,2026-01-13 23:05:56,2026-04-01 06:30:00
SCR-0002590,HS-001139,0,21,2025-10-28 14:28:42,2026-04-01 06:30:00
SCR-0002591,HS-001139,21,33,2025-11-06 06:11:27,2026-04-01 06:30:00
SCR-0002592,HS-001140,0,18,2025-10-04 13:30:09,2026-04-01 06:30:00
SCR-0002593,HS-001141,0,21,2025-11-18 15:36:09,2026-04-01 06:30:00
SCR-0002594,HS-001141,21,48,2025-11-24 18:35:16,2026-04-01 06:30:00
SCR-0002595,HS-001142,0,16,2026-01-23 01:43:58,2026-04-01 06:30:00
SCR-0002596,HS-001142,16,22,2026-02-02 23:32:22,2026-04-01 06:30:00
SCR-0002597,HS-001143,0,5,2025-10-06 23:52:17,2026-04-01 06:30:00
SCR-0002598,HS-001143,5,28,2025-10-22 02:16:44,2026-04-01 06:30:00
SCR-0002599,HS-001144,0,15,2026-02-04 06:54:33,2026-04-01 06:30:00
SCR-0002600,HS-001144,15,35,2026-02-10 08:15:18,2026-04-01 06:30:00
SCR-0002601,HS-001145,0,10,2025-09-30 10:14:33,2026-04-01 06:30:00
SCR-0002602,HS-001145,10,21,2025-10-10 14:22:39,2026-04-01 06:30:00
SCR-0002603,HS-001146,0,10,2026-03-12 22:58:52,2026-04-01 06:30:00
SCR-0002604,HS-001146,10,41,2026-03-15 05:03:40,2026-04-01 06:30:00
SCR-0002605,HS-001146,41,65,2026-03-17 11:08:45,2026-04-01 06:30:00
SCR-0002606,HS-001147,0,20,2025-12-25 01:39:04,2026-04-01 06:30:00
SCR-0002607,HS-001147,20,42,2025-12-28 19:29:34,2026-04-01 06:30:00
SCR-0002608,HS-001147,42,61,2025-12-29 10:40:16,2026-04-01 06:30:00
SCR-0002609,HS-001148,0,22,2026-01-08 12:46:40,2026-04-01 06:30:00
SCR-0002610,HS-001148,22,44,2026-01-19 17:40:15,2026-04-01 06:30:00
SCR-0002611,HS-001148,44,69,2026-01-19 23:58:05,2026-04-01 06:30:00
SCR-0002612,HS-001149,0,16,2026-02-20 20:48:02,2026-04-01 06:30:00
SCR-0002613,HS-001149,16,48,2026-03-05 14:29:05,2026-04-01 06:30:00
SCR-0002614,HS-001149,48,54,2026-03-07 00:18:28,2026-04-01 06:30:00
SCR-0002615,HS-001150,0,17,2025-12-11 22:15:35,2026-04-01 06:30:00
SCR-0002616,HS-001150,17,30,2025-12-30 10:13:37,2026-04-01 06:30:00
SCR-0002617,HS-001151,0,14,2025-10-19 16:38:25,2026-04-01 06:30:00
SCR-0002618,HS-001151,14,47,2025-10-31 05:47:19,2026-04-01 06:30:00
SCR-0002619,HS-001151,47,79,2025-11-01 21:45:13,2026-04-01 06:30:00
SCR-0002620,HS-001152,0,18,2026-01-09 16:30:48,2026-04-01 06:30:00
SCR-0002621,HS-001152,18,46,2026-01-19 17:42:09,2026-04-01 06:30:00
SCR-0002622,HS-001152,46,86,2026-01-21 18:13:29,2026-04-01 06:30:00
SCR-0002623,HS-001153,0,19,2026-01-13 03:40:02,2026-04-01 06:30:00
SCR-0002624,HS-001153,19,43,2026-01-17 07:03:41,2026-04-01 06:30:00
SCR-0002625,HS-001154,0,24,2025-09-19 05:52:02,2026-04-01 06:30:00
SCR-0002626,HS-001154,24,48,2025-09-22 18:47:07,2026-04-01 06:30:00
SCR-0002627,HS-001154,48,51,2025-09-25 18:14:11,2026-04-01 06:30:00
SCR-0002628,HS-001155,0,15,2025-11-02 17:16:04,2026-04-01 06:30:00
SCR-0002629,HS-001155,15,42,2025-11-05 06:20:47,2026-04-01 06:30:00
SCR-0002630,HS-001155,42,56,2025-11-05 14:40:34,2026-04-01 06:30:00
SCR-0002631,HS-001156,0,9,2026-03-01 18:32:09,2026-04-01 06:30:00
SCR-0002632,HS-001156,9,41,2026-03-10 19:25:41,2026-04-01 06:30:00
SCR-0002633,HS-001156,41,85,2026-03-11 02:27:52,2026-04-01 06:30:00
SCR-0002634,HS-001157,0,17,2025-09-11 22:07:18,2026-04-01 06:30:00
SCR-0002635,HS-001157,17,23,2025-09-19 07:48:27,2026-04-01 06:30:00
SCR-0002636,HS-001158,0,13,2025-12-17 05:12:58,2026-04-01 06:30:00
SCR-0002637,HS-001158,13,19,2025-12-29 04:13:49,2026-04-01 06:30:00
SCR-0002638,HS-001159,0,19,2026-03-04 19:54:32,2026-04-01 06:30:00
SCR-0002639,HS-001159,19,44,2026-03-12 13:40:28,2026-04-01 06:30:00
SCR-0002640,HS-001160,0,17,2025-10-28 23:29:56,2026-04-01 06:30:00
SCR-0002641,HS-001160,17,37,2025-11-03 02:43:25,2026-04-01 06:30:00
SCR-0002642,HS-001161,0,18,2025-11-15 07:58:13,2026-04-01 06:30:00
SCR-0002643,HS-001161,18,40,2025-11-21 22:26:20,2026-04-01 06:30:00
SCR-0002644,HS-001161,40,71,2025-11-23 12:16:48,2026-04-01 06:30:00
SCR-0002645,HS-001162,0,21,2026-01-24 00:27:07,2026-04-01 06:30:00
SCR-0002646,HS-001163,0,19,2026-03-28 13:39:59,2026-04-01 06:30:00
SCR-0002647,HS-001164,0,16,2025-11-03 11:48:27,2026-04-01 06:30:00
SCR-0002648,HS-001164,16,46,2025-12-02 02:29:58,2026-04-01 06:30:00
SCR-0002649,HS-001164,46,78,2025-12-03 13:48:42,2026-04-01 06:30:00
SCR-0002650,HS-001165,0,18,2026-01-02 15:05:29,2026-04-01 06:30:00
SCR-0002651,HS-001165,18,22,2026-01-11 01:10:43,2026-04-01 06:30:00
SCR-0002652,HS-001166,0,21,2026-02-01 19:30:38,2026-04-01 06:30:00
SCR-0002653,HS-001166,21,44,2026-02-26 06:38:07,2026-04-01 06:30:00
SCR-0002654,HS-001166,44,66,2026-02-26 18:22:18,2026-04-01 06:30:00
SCR-0002655,HS-001167,0,21,2025-12-09 11:51:16,2026-04-01 06:30:00
SCR-0002656,HS-001167,21,45,2025-12-16 20:07:19,2026-04-01 06:30:00
SCR-0002657,HS-001167,45,66,2025-12-17 05:34:19,2026-04-01 06:30:00
SCR-0002658,HS-001168,0,15,2026-03-04 16:43:48,2026-04-01 06:30:00
SCR-0002659,HS-001168,15,42,2026-03-22 01:52:32,2026-04-01 06:30:00
SCR-0002660,HS-001168,42,50,2026-03-22 08:56:24,2026-04-01 06:30:00
SCR-0002661,HS-001169,0,15,2025-09-18 19:08:14,2026-04-01 06:30:00
SCR-0002662,HS-001169,15,42,2025-09-24 09:27:16,2026-04-01 06:30:00
SCR-0002663,HS-001169,42,79,2025-09-26 16:11:11,2026-04-01 06:30:00
SCR-0002664,HS-001170,0,17,2025-11-09 11:44:00,2026-04-01 06:30:00
SCR-0002665,HS-001170,17,41,2025-11-16 14:29:50,2026-04-01 06:30:00
SCR-0002666,HS-001170,41,64,2025-11-19 09:13:50,2026-04-01 06:30:00
SCR-0002667,HS-001171,0,11,2026-02-06 10:33:20,2026-04-01 06:30:00
SCR-0002668,HS-001171,11,40,2026-02-23 02:46:20,2026-04-01 06:30:00
SCR-0002669,HS-001171,40,69,2026-02-24 02:00:31,2026-04-01 06:30:00
SCR-0002670,HS-001172,0,17,2025-09-25 19:41:55,2026-04-01 06:30:00
SCR-0002671,HS-001172,17,19,2025-10-06 19:50:50,2026-04-01 06:30:00
SCR-0002672,HS-001173,0,13,2026-03-19 10:31:27,2026-04-01 06:30:00
SCR-0002673,HS-001173,13,46,2026-03-28 19:45:40,2026-04-01 06:30:00
SCR-0002674,HS-001173,46,62,2026-03-29 04:35:53,2026-04-01 06:30:00
SCR-0002675,HS-001174,0,13,2026-01-13 12:04:06,2026-04-01 06:30:00
SCR-0002676,HS-001174,13,17,2026-01-19 14:33:12,2026-04-01 06:30:00
SCR-0002677,HS-001175,0,22,2026-02-25 00:46:36,2026-04-01 06:30:00
SCR-0002678,HS-001175,22,46,2026-03-28 11:51:56,2026-04-01 06:30:00
SCR-0002679,HS-001175,46,79,2026-03-29 14:03:04,2026-04-01 06:30:00
SCR-0002680,HS-001176,0,15,2026-01-23 03:09:43,2026-04-01 06:30:00
SCR-0002681,HS-001176,15,40,2026-01-29 18:59:20,2026-04-01 06:30:00
SCR-0002682,HS-001176,40,84,2026-02-01 04:38:52,2026-04-01 06:30:00
SCR-0002683,HS-001177,0,12,2025-09-06 15:15:14,2026-04-01 06:30:00
SCR-0002684,HS-001177,12,43,2025-09-11 09:41:14,2026-04-01 06:30:00
SCR-0002685,HS-001177,43,56,2025-09-12 02:58:46,2026-04-01 06:30:00
SCR-0002686,HS-001178,0,6,2025-11-06 07:32:23,2026-04-01 06:30:00
SCR-0002687,HS-001178,6,9,2025-11-12 03:25:57,2026-04-01 06:30:00
SCR-0002688,HS-001179,0,10,2026-01-07 08:40:44,2026-04-01 06:30:00
SCR-0002689,HS-001179,10,23,2026-01-15 04:35:55,2026-04-01 06:30:00
SCR-0002690,HS-001180,0,6,2026-03-15 05:52:06,2026-04-01 06:30:00
SCR-0002691,HS-001180,6,41,2026-03-22 00:15:41,2026-04-01 06:30:00
SCR-0002692,HS-001180,41,63,2026-03-22 17:24:03,2026-04-01 06:30:00
SCR-0002693,HS-001181,0,16,2026-03-21 21:58:56,2026-04-01 06:30:00
SCR-0002694,HS-001181,16,29,2026-04-10 05:38:46,2026-04-01 06:30:00
SCR-0002695,HS-001182,0,11,2026-03-18 14:53:25,2026-04-01 06:30:00
SCR-0002696,HS-001182,11,46,2026-03-27 04:42:23,2026-04-01 06:30:00
SCR-0002697,HS-001182,46,78,2026-03-29 03:23:48,2026-04-01 06:30:00
SCR-0002698,HS-001183,0,12,2025-09-25 00:44:07,2026-04-01 06:30:00
SCR-0002699,HS-001183,12,26,2025-10-03 10:50:30,2026-04-01 06:30:00
SCR-0002700,HS-001184,0,5,2026-03-10 15:59:08,2026-04-01 06:30:00
SCR-0002701,HS-001184,5,39,2026-03-26 09:51:42,2026-04-01 06:30:00
SCR-0002702,HS-001185,0,9,2026-01-10 14:47:25,2026-04-01 06:30:00
SCR-0002703,HS-001185,9,38,2026-01-13 22:59:42,2026-04-01 06:30:00
SCR-0002704,HS-001186,0,6,2026-03-14 06:42:08,2026-04-01 06:30:00
SCR-0002705,HS-001186,6,37,2026-03-21 23:58:55,2026-04-01 06:30:00
SCR-0002706,HS-001187,0,13,2025-11-13 01:19:53,2026-04-01 06:30:00
SCR-0002707,HS-001187,13,47,2025-11-20 09:11:49,2026-04-01 06:30:00
SCR-0002708,HS-001187,47,55,2025-11-21 11:04:40,2026-04-01 06:30:00
SCR-0002709,HS-001188,0,12,2026-03-09 05:27:09,2026-04-01 06:30:00
SCR-0002710,HS-001188,12,30,2026-03-26 02:56:11,2026-04-01 06:30:00
SCR-0002711,HS-001189,0,14,2025-10-06 21:17:01,2026-04-01 06:30:00
SCR-0002712,HS-001189,14,48,2025-10-10 23:15:56,2026-04-01 06:30:00
SCR-0002713,HS-001189,48,54,2025-10-13 11:34:28,2026-04-01 06:30:00
SCR-0002714,HS-001190,0,6,2026-01-29 03:02:33,2026-04-01 06:30:00
SCR-0002715,HS-001190,6,20,2026-02-01 09:28:03,2026-04-01 06:30:00
SCR-0002716,HS-001191,0,18,2026-03-18 08:25:57,2026-04-01 06:30:00
SCR-0002717,HS-001191,18,44,2026-03-24 02:55:32,2026-04-01 06:30:00
SCR-0002718,HS-001191,44,65,2026-03-26 17:53:20,2026-04-01 06:30:00
SCR-0002719,HS-001192,0,9,2026-02-14 06:16:16,2026-04-01 06:30:00
SCR-0002720,HS-001192,9,14,2026-02-28 04:46:51,2026-04-01 06:30:00
SCR-0002721,HS-001193,0,11,2025-08-25 06:45:51,2026-04-01 06:30:00
SCR-0002722,HS-001193,11,40,2025-09-01 22:07:21,2026-04-01 06:30:00
SCR-0002723,HS-001193,40,75,2025-09-04 20:05:30,2026-04-01 06:30:00
SCR-0002724,HS-001194,0,7,2025-12-03 03:49:27,2026-04-01 06:30:00
SCR-0002725,HS-001194,7,40,2025-12-15 03:47:32,2026-04-01 06:30:00
SCR-0002726,HS-001194,40,69,2025-12-15 21:57:59,2026-04-01 06:30:00
SCR-0002727,HS-001195,0,11,2025-12-04 10:43:13,2026-04-01 06:30:00
SCR-0002728,HS-001196,0,19,2025-09-21 00:40:48,2026-04-01 06:30:00
SCR-0002729,HS-001196,19,45,2025-10-04 15:32:48,2026-04-01 06:30:00
SCR-0002730,HS-001196,45,86,2025-10-07 04:27:18,2026-04-01 06:30:00
SCR-0002731,HS-001197,0,9,2025-09-20 07:08:42,2026-04-01 06:30:00
SCR-0002732,HS-001197,9,40,2025-10-03 13:21:19,2026-04-01 06:30:00
SCR-0002733,HS-001197,40,66,2025-10-05 17:01:19,2026-04-01 06:30:00
SCR-0002734,HS-001198,0,8,2026-01-06 07:15:26,2026-04-01 06:30:00
SCR-0002735,HS-001198,8,39,2026-01-12 07:26:17,2026-04-01 06:30:00
SCR-0002736,HS-001199,0,20,2026-01-02 10:31:07,2026-04-01 06:30:00
SCR-0002737,HS-001199,20,29,2026-01-04 02:13:40,2026-04-01 06:30:00
SCR-0002738,HS-001200,0,18,2025-09-07 12:35:10,2026-04-01 06:30:00
SCR-0002739,HS-001200,18,23,2025-09-21 16:24:46,2026-04-01 06:30:00
SCR-0002740,HS-001201,0,13,2026-03-17 11:56:26,2026-04-01 06:30:00
SCR-0002741,HS-001201,13,46,2026-03-20 00:42:08,2026-04-01 06:30:00
SCR-0002742,HS-001201,46,72,2026-03-22 19:22:08,2026-04-01 06:30:00
SCR-0002743,HS-001202,0,12,2025-10-05 18:56:13,2026-04-01 06:30:00
SCR-0002744,HS-001202,12,16,2025-10-18 12:29:16,2026-04-01 06:30:00
SCR-0002745,HS-001203,0,15,2025-10-05 13:38:35,2026-04-01 06:30:00
SCR-0002746,HS-001204,0,11,2025-12-01 00:16:05,2026-04-01 06:30:00
SCR-0002747,HS-001204,11,40,2025-12-05 16:47:14,2026-04-01 06:30:00
SCR-0002748,HS-001204,40,54,2025-12-07 18:38:04,2026-04-01 06:30:00
SCR-0002749,HS-001205,0,10,2026-02-20 08:01:11,2026-04-01 06:30:00
SCR-0002750,HS-001205,10,25,2026-02-25 21:55:13,2026-04-01 06:30:00
SCR-0002751,HS-001206,0,10,2025-09-09 11:23:19,2026-04-01 06:30:00
SCR-0002752,HS-001206,10,43,2025-09-16 08:52:32,2026-04-01 06:30:00
SCR-0002753,HS-001206,43,72,2025-09-16 19:24:03,2026-04-01 06:30:00
SCR-0002754,HS-001207,0,20,2025-10-22 16:20:07,2026-04-01 06:30:00
SCR-0002755,HS-001207,20,41,2025-10-28 18:44:29,2026-04-01 06:30:00
SCR-0002756,HS-001207,41,53,2025-10-31 16:00:29,2026-04-01 06:30:00
SCR-0002757,HS-001208,0,13,2025-11-26 05:27:51,2026-04-01 06:30:00
SCR-0002758,HS-001208,13,47,2025-12-02 12:23:57,2026-04-01 06:30:00
SCR-0002759,HS-001208,47,87,2025-12-04 07:01:05,2026-04-01 06:30:00
SCR-0002760,HS-001209,0,7,2026-02-07 14:55:10,2026-04-01 06:30:00
SCR-0002761,HS-001209,7,36,2026-02-20 00:14:51,2026-04-01 06:30:00
SCR-0002762,HS-001210,0,16,2025-12-08 07:55:51,2026-04-01 06:30:00
SCR-0002763,HS-001210,16,22,2025-12-25 14:35:38,2026-04-01 06:30:00
SCR-0002764,HS-001211,0,9,2025-10-13 12:53:23,2026-04-01 06:30:00
SCR-0002765,HS-001211,9,39,2025-10-22 16:14:22,2026-04-01 06:30:00
SCR-0002766,HS-001212,0,23,2025-09-16 20:04:25,2026-04-01 06:30:00
SCR-0002767,HS-001212,23,43,2025-09-26 13:19:37,2026-04-01 06:30:00
SCR-0002768,HS-001212,43,52,2025-09-28 23:17:00,2026-04-01 06:30:00
SCR-0002769,HS-001213,0,19,2025-09-07 14:49:24,2026-04-01 06:30:00
SCR-0002770,HS-001213,19,42,2025-09-13 23:54:40,2026-04-01 06:30:00
SCR-0002771,HS-001213,42,88,2025-09-14 15:54:10,2026-04-01 06:30:00
SCR-0002772,HS-001214,0,19,2025-11-16 14:57:51,2026-04-01 06:30:00
SCR-0002773,HS-001215,0,9,2026-02-12 00:36:30,2026-04-01 06:30:00
SCR-0002774,HS-001216,0,20,2025-12-29 08:18:31,2026-04-01 06:30:00
SCR-0002775,HS-001216,20,44,2026-01-07 08:52:47,2026-04-01 06:30:00
SCR-0002776,HS-001216,44,57,2026-01-07 17:13:34,2026-04-01 06:30:00
SCR-0002777,HS-001217,0,17,2025-11-12 20:47:46,2026-04-01 06:30:00
SCR-0002778,HS-001218,0,20,2025-11-28 21:08:40,2026-04-01 06:30:00
SCR-0002779,HS-001218,20,37,2025-12-06 05:54:05,2026-04-01 06:30:00
SCR-0002780,HS-001219,0,23,2026-02-06 11:06:01,2026-04-01 06:30:00
SCR-0002781,HS-001219,23,41,2026-02-11 21:10:45,2026-04-01 06:30:00
SCR-0002782,HS-001219,41,63,2026-02-13 05:04:17,2026-04-01 06:30:00
SCR-0002783,HS-001220,0,24,2025-10-11 08:14:27,2026-04-01 06:30:00
SCR-0002784,HS-001220,24,37,2025-10-17 05:35:04,2026-04-01 06:30:00
SCR-0002785,HS-001221,0,13,2026-02-20 22:13:35,2026-04-01 06:30:00
SCR-0002786,HS-001221,13,41,2026-03-06 20:02:36,2026-04-01 06:30:00
SCR-0002787,HS-001221,41,66,2026-03-07 20:53:11,2026-04-01 06:30:00
SCR-0002788,HS-001222,0,6,2025-11-19 22:22:19,2026-04-01 06:30:00
SCR-0002789,HS-001222,6,39,2025-12-09 10:24:35,2026-04-01 06:30:00
SCR-0002790,HS-001223,0,7,2025-11-23 01:13:05,2026-04-01 06:30:00
SCR-0002791,HS-001223,7,40,2025-12-03 18:22:09,2026-04-01 06:30:00
SCR-0002792,HS-001223,40,64,2025-12-06 17:05:35,2026-04-01 06:30:00
SCR-0002793,HS-001224,0,17,2025-10-09 18:59:16,2026-04-01 06:30:00
SCR-0002794,HS-001224,17,46,2025-10-16 01:34:44,2026-04-01 06:30:00
SCR-0002795,HS-001225,0,20,2026-01-28 13:19:32,2026-04-01 06:30:00
SCR-0002796,HS-001225,20,44,2026-02-01 12:28:51,2026-04-01 06:30:00
SCR-0002797,HS-001225,44,64,2026-02-03 09:43:13,2026-04-01 06:30:00
SCR-0002798,HS-001226,0,15,2025-12-10 00:51:21,2026-04-01 06:30:00
SCR-0002799,HS-001226,15,16,2025-12-18 19:04:15,2026-04-01 06:30:00
SCR-0002800,HS-001227,0,8,2025-09-08 13:50:47,2026-04-01 06:30:00
SCR-0002801,HS-001227,8,40,2025-09-12 05:25:55,2026-04-01 06:30:00
SCR-0002802,HS-001227,40,61,2025-09-12 06:35:27,2026-04-01 06:30:00
SCR-0002803,HS-001228,0,20,2025-10-02 23:40:21,2026-04-01 06:30:00
SCR-0002804,HS-001229,0,17,2026-01-16 12:27:21,2026-04-01 06:30:00
SCR-0002805,HS-001229,17,42,2026-01-18 17:12:37,2026-04-01 06:30:00
SCR-0002806,HS-001229,42,63,2026-01-18 21:10:59,2026-04-01 06:30:00
SCR-0002807,HS-001230,0,20,2026-01-23 02:20:39,2026-04-01 06:30:00
SCR-0002808,HS-001230,20,45,2026-01-29 20:06:32,2026-04-01 06:30:00
SCR-0002809,HS-001230,45,58,2026-01-31 10:18:47,2026-04-01 06:30:00
SCR-0002810,HS-001231,0,22,2026-02-28 18:49:16,2026-04-01 06:30:00
SCR-0002811,HS-001231,22,48,2026-03-03 17:58:36,2026-04-01 06:30:00
SCR-0002812,HS-001231,48,73,2026-03-04 01:21:05,2026-04-01 06:30:00
SCR-0002813,HS-001232,0,15,2025-09-01 05:52:31,2026-04-01 06:30:00
SCR-0002814,HS-001232,15,41,2025-09-11 21:49:11,2026-04-01 06:30:00
SCR-0002815,HS-001232,41,54,2025-09-14 18:27:56,2026-04-01 06:30:00
SCR-0002816,HS-001233,0,13,2025-12-22 22:36:40,2026-04-01 06:30:00
SCR-0002817,HS-001233,13,40,2025-12-27 05:13:17,2026-04-01 06:30:00
SCR-0002818,HS-001233,40,89,2025-12-28 11:47:36,2026-04-01 06:30:00
SCR-0002819,HS-001234,0,18,2025-10-13 02:45:08,2026-04-01 06:30:00
SCR-0002820,HS-001234,18,43,2025-10-24 16:27:20,2026-04-01 06:30:00
SCR-0002821,HS-001235,0,15,2025-10-24 08:21:03,2026-04-01 06:30:00
SCR-0002822,HS-001235,15,23,2025-10-31 05:57:53,2026-04-01 06:30:00
SCR-0002823,HS-001236,0,13,2026-01-14 14:48:59,2026-04-01 06:30:00
SCR-0002824,HS-001236,13,31,2026-01-26 20:21:49,2026-04-01 06:30:00
SCR-0002825,HS-001237,0,24,2025-12-02 15:32:18,2026-04-01 06:30:00
SCR-0002826,HS-001237,24,29,2025-12-08 07:52:07,2026-04-01 06:30:00
SCR-0002827,HS-001238,0,15,2026-01-15 09:45:54,2026-04-01 06:30:00
SCR-0002828,HS-001239,0,18,2025-09-24 23:20:07,2026-04-01 06:30:00
SCR-0002829,HS-001239,18,31,2025-09-27 11:41:00,2026-04-01 06:30:00
SCR-0002830,HS-001240,0,19,2026-03-24 12:19:32,2026-04-01 06:30:00
SCR-0002831,HS-001240,19,47,2026-03-29 08:21:59,2026-04-01 06:30:00
SCR-0002832,HS-001240,47,66,2026-03-30 21:58:51,2026-04-01 06:30:00
SCR-0002833,HS-001241,0,16,2025-09-17 23:08:14,2026-04-01 06:30:00
SCR-0002834,HS-001241,16,19,2025-10-04 00:47:55,2026-04-01 06:30:00
SCR-0002835,HS-001242,0,8,2026-02-03 03:05:03,2026-04-01 06:30:00
SCR-0002836,HS-001242,8,36,2026-02-10 11:24:03,2026-04-01 06:30:00
SCR-0002837,HS-001243,0,23,2026-02-22 01:17:05,2026-04-01 06:30:00
SCR-0002838,HS-001243,23,48,2026-02-25 06:19:02,2026-04-01 06:30:00
SCR-0002839,HS-001244,0,7,2025-12-25 18:10:35,2026-04-01 06:30:00
SCR-0002840,HS-001244,7,40,2026-01-04 20:59:01,2026-04-01 06:30:00
SCR-0002841,HS-001244,40,55,2026-01-07 10:02:14,2026-04-01 06:30:00
SCR-0002842,HS-001245,0,6,2026-02-06 09:40:02,2026-04-01 06:30:00
SCR-0002843,HS-001245,6,33,2026-02-20 22:24:12,2026-04-01 06:30:00
SCR-0002844,HS-001246,0,20,2025-09-23 18:09:27,2026-04-01 06:30:00
SCR-0002845,HS-001247,0,17,2025-11-23 08:20:08,2026-04-01 06:30:00
SCR-0002846,HS-001247,17,36,2025-12-02 08:31:02,2026-04-01 06:30:00
SCR-0002847,HS-001248,0,6,2026-01-27 18:13:48,2026-04-01 06:30:00
SCR-0002848,HS-001248,6,41,2026-01-31 15:19:54,2026-04-01 06:30:00
SCR-0002849,HS-001248,41,52,2026-02-03 08:36:01,2026-04-01 06:30:00
SCR-0002850,HS-001249,0,19,2026-01-21 11:57:26,2026-04-01 06:30:00
SCR-0002851,HS-001250,0,8,2026-01-12 04:21:12,2026-04-01 06:30:00
SCR-0002852,HS-001250,8,44,2026-01-18 00:15:31,2026-04-01 06:30:00
SCR-0002853,HS-001250,44,53,2026-01-19 09:24:45,2026-04-01 06:30:00
SCR-0002854,HS-001251,0,6,2026-03-08 09:04:03,2026-04-01 06:30:00
SCR-0002855,HS-001251,6,42,2026-03-13 17:39:01,2026-04-01 06:30:00
SCR-0002856,HS-001251,42,54,2026-03-14 13:15:27,2026-04-01 06:30:00
SCR-0002857,HS-001252,0,6,2025-11-19 06:10:40,2026-04-01 06:30:00
SCR-0002858,HS-001252,6,48,2025-11-26 11:41:02,2026-04-01 06:30:00
SCR-0002859,HS-001252,48,72,2025-11-28 12:24:02,2026-04-01 06:30:00
SCR-0002860,HS-001253,0,13,2026-02-10 20:15:15,2026-04-01 06:30:00
SCR-0002861,HS-001253,13,47,2026-02-19 01:49:43,2026-04-01 06:30:00
SCR-0002862,HS-001253,47,59,2026-02-21 23:53:40,2026-04-01 06:30:00
SCR-0002863,HS-001254,0,24,2025-12-20 10:34:53,2026-04-01 06:30:00
SCR-0002864,HS-001254,24,42,2025-12-28 04:44:23,2026-04-01 06:30:00
SCR-0002865,HS-001254,42,61,2025-12-29 16:37:48,2026-04-01 06:30:00
SCR-0002866,HS-001255,0,24,2026-02-02 10:05:19,2026-04-01 06:30:00
SCR-0002867,HS-001255,24,43,2026-02-11 01:38:43,2026-04-01 06:30:00
SCR-0002868,HS-001256,0,21,2025-12-20 07:36:23,2026-04-01 06:30:00
SCR-0002869,HS-001256,21,40,2025-12-22 23:03:31,2026-04-01 06:30:00
SCR-0002870,HS-001256,40,72,2025-12-23 16:04:03,2026-04-01 06:30:00
SCR-0002871,HS-001257,0,19,2025-10-28 09:13:47,2026-04-01 06:30:00
SCR-0002872,HS-001257,19,46,2025-11-07 15:15:19,2026-04-01 06:30:00
SCR-0002873,HS-001258,0,8,2026-01-19 00:42:46,2026-04-01 06:30:00
SCR-0002874,HS-001258,8,19,2026-01-23 06:09:46,2026-04-01 06:30:00
SCR-0002875,HS-001259,0,14,2026-01-06 21:51:51,2026-04-01 06:30:00
SCR-0002876,HS-001259,14,27,2026-01-12 07:03:20,2026-04-01 06:30:00
SCR-0002877,HS-001260,0,21,2025-09-12 05:57:15,2026-04-01 06:30:00
SCR-0002878,HS-001260,21,48,2025-09-17 02:53:32,2026-04-01 06:30:00
SCR-0002879,HS-001260,48,78,2025-09-19 16:05:03,2026-04-01 06:30:00
SCR-0002880,HS-001261,0,16,2025-12-29 00:41:50,2026-04-01 06:30:00
SCR-0002881,HS-001261,16,30,2026-01-17 14:59:16,2026-04-01 06:30:00
SCR-0002882,HS-001262,0,9,2025-09-27 05:08:05,2026-04-01 06:30:00
SCR-0002883,HS-001262,9,46,2025-10-10 01:42:11,2026-04-01 06:30:00
SCR-0002884,HS-001262,46,76,2025-10-12 03:48:39,2026-04-01 06:30:00
SCR-0002885,HS-001263,0,6,2026-03-18 22:51:54,2026-04-01 06:30:00
SCR-0002886,HS-001263,6,8,2026-04-01 05:54:16,2026-04-01 06:30:00
SCR-0002887,HS-001264,0,16,2025-10-27 23:28:22,2026-04-01 06:30:00
SCR-0002888,HS-001265,0,8,2025-08-20 15:35:07,2026-04-01 06:30:00
SCR-0002889,HS-001265,8,45,2025-09-02 08:44:12,2026-04-01 06:30:00
SCR-0002890,HS-001265,45,69,2025-09-03 12:28:44,2026-04-01 06:30:00
SCR-0002891,HS-001266,0,15,2025-09-13 00:49:47,2026-04-01 06:30:00
SCR-0002892,HS-001266,15,48,2025-09-15 20:42:19,2026-04-01 06:30:00
SCR-0002893,HS-001266,48,81,2025-09-15 23:25:32,2026-04-01 06:30:00
SCR-0002894,HS-001267,0,12,2026-02-23 21:37:02,2026-04-01 06:30:00
SCR-0002895,HS-001267,12,44,2026-02-25 20:37:35,2026-04-01 06:30:00
SCR-0002896,HS-001267,44,88,2026-02-25 22:16:58,2026-04-01 06:30:00
SCR-0002897,HS-001268,0,23,2025-11-15 23:43:51,2026-04-01 06:30:00
SCR-0002898,HS-001269,0,15,2026-02-02 19:04:24,2026-04-01 06:30:00
SCR-0002899,HS-001269,15,47,2026-02-07 16:14:43,2026-04-01 06:30:00
SCR-0002900,HS-001269,47,58,2026-02-08 02:36:25,2026-04-01 06:30:00
SCR-0002901,HS-001270,0,11,2026-03-13 11:23:26,2026-04-01 06:30:00
SCR-0002902,HS-001270,11,33,2026-03-31 16:46:33,2026-04-01 06:30:00
SCR-0002903,HS-001271,0,24,2025-11-09 06:47:06,2026-04-01 06:30:00
SCR-0002904,HS-001272,0,22,2025-11-24 14:25:38,2026-04-01 06:30:00
SCR-0002905,HS-001272,22,42,2025-11-29 03:34:36,2026-04-01 06:30:00
SCR-0002906,HS-001272,42,51,2025-11-29 23:13:11,2026-04-01 06:30:00
SCR-0002907,HS-001273,0,8,2025-12-03 04:40:35,2026-04-01 06:30:00
SCR-0002908,HS-001273,8,43,2025-12-08 08:16:00,2026-04-01 06:30:00
SCR-0002909,HS-001274,0,18,2025-12-22 05:34:48,2026-04-01 06:30:00
SCR-0002910,HS-001275,0,7,2025-12-07 03:43:19,2026-04-01 06:30:00
SCR-0002911,HS-001275,7,25,2025-12-22 21:36:22,2026-04-01 06:30:00
SCR-0002912,HS-001276,0,16,2025-12-07 18:43:52,2026-04-01 06:30:00
SCR-0002913,HS-001276,16,41,2025-12-12 12:11:15,2026-04-01 06:30:00
SCR-0002914,HS-001276,41,75,2025-12-12 14:06:59,2026-04-01 06:30:00
SCR-0002915,HS-001277,0,12,2026-02-19 15:30:24,2026-04-01 06:30:00
SCR-0002916,HS-001277,12,40,2026-03-01 18:32:37,2026-04-01 06:30:00
SCR-0002917,HS-001277,40,73,2026-03-03 17:54:11,2026-04-01 06:30:00
SCR-0002918,HS-001278,0,5,2025-10-06 08:52:00,2026-04-01 06:30:00
SCR-0002919,HS-001278,5,45,2025-10-12 18:45:01,2026-04-01 06:30:00
SCR-0002920,HS-001278,45,54,2025-10-15 17:54:15,2026-04-01 06:30:00
SCR-0002921,HS-001279,0,8,2026-01-31 08:14:13,2026-04-01 06:30:00
SCR-0002922,HS-001279,8,42,2026-02-03 21:32:20,2026-04-01 06:30:00
SCR-0002923,HS-001279,42,81,2026-02-05 12:35:13,2026-04-01 06:30:00
SCR-0002924,HS-001280,0,11,2025-11-13 21:31:37,2026-04-01 06:30:00
SCR-0002925,HS-001280,11,21,2025-12-02 02:57:20,2026-04-01 06:30:00
SCR-0002926,HS-001281,0,14,2026-03-30 19:33:59,2026-04-01 06:30:00
SCR-0002927,HS-001281,14,21,2026-04-01 15:35:22,2026-04-01 06:30:00
SCR-0002928,HS-001282,0,17,2026-02-17 10:16:31,2026-04-01 06:30:00
SCR-0002929,HS-001282,17,40,2026-02-22 01:22:24,2026-04-01 06:30:00
SCR-0002930,HS-001282,40,66,2026-02-23 17:19:22,2026-04-01 06:30:00
SCR-0002931,HS-001283,0,5,2026-02-03 01:00:11,2026-04-01 06:30:00
SCR-0002932,HS-001283,5,46,2026-02-11 06:24:09,2026-04-01 06:30:00
SCR-0002933,HS-001283,46,90,2026-02-11 17:09:47,2026-04-01 06:30:00
SCR-0002934,HS-001284,0,18,2026-03-20 01:40:25,2026-04-01 06:30:00
SCR-0002935,HS-001284,18,42,2026-03-26 01:07:09,2026-04-01 06:30:00
SCR-0002936,HS-001284,42,67,2026-03-27 02:41:16,2026-04-01 06:30:00
SCR-0002937,HS-001285,0,17,2025-10-06 08:54:49,2026-04-01 06:30:00
SCR-0002938,HS-001286,0,12,2026-02-07 11:34:26,2026-04-01 06:30:00
SCR-0002939,HS-001286,12,26,2026-02-10 16:39:46,2026-04-01 06:30:00
SCR-0002940,HS-001287,0,20,2026-02-07 17:49:27,2026-04-01 06:30:00
SCR-0002941,HS-001287,20,44,2026-02-11 07:02:53,2026-04-01 06:30:00
SCR-0002942,HS-001287,44,66,2026-02-14 05:00:38,2026-04-01 06:30:00
SCR-0002943,HS-001288,0,24,2025-10-08 01:26:43,2026-04-01 06:30:00
SCR-0002944,HS-001288,24,43,2025-10-14 23:34:28,2026-04-01 06:30:00
SCR-0002945,HS-001288,43,69,2025-10-17 01:53:30,2026-04-01 06:30:00
SCR-0002946,HS-001289,0,22,2025-09-15 03:52:12,2026-04-01 06:30:00
SCR-0002947,HS-001289,22,42,2025-09-28 11:17:34,2026-04-01 06:30:00
SCR-0002948,HS-001289,42,65,2025-09-29 23:13:57,2026-04-01 06:30:00
SCR-0002949,HS-001290,0,21,2025-11-16 17:02:55,2026-04-01 06:30:00
SCR-0002950,HS-001291,0,6,2026-03-14 13:51:13,2026-04-01 06:30:00
SCR-0002951,HS-001291,6,42,2026-03-16 22:23:01,2026-04-01 06:30:00
SCR-0002952,HS-001291,42,78,2026-03-17 08:06:45,2026-04-01 06:30:00
SCR-0002953,HS-001292,0,6,2025-12-10 06:55:33,2026-04-01 06:30:00
SCR-0002954,HS-001292,6,43,2026-01-03 12:30:55,2026-04-01 06:30:00
SCR-0002955,HS-001293,0,5,2026-03-22 21:53:56,2026-04-01 06:30:00
SCR-0002956,HS-001293,5,9,2026-03-27 04:31:06,2026-04-01 06:30:00
SCR-0002957,HS-001294,0,6,2025-09-19 19:45:37,2026-04-01 06:30:00
SCR-0002958,HS-001294,6,25,2025-09-23 13:11:11,2026-04-01 06:30:00
SCR-0002959,HS-001295,0,8,2025-09-21 16:58:10,2026-04-01 06:30:00
SCR-0002960,HS-001295,8,41,2025-09-25 12:16:02,2026-04-01 06:30:00
SCR-0002961,HS-001295,41,74,2025-09-27 08:21:44,2026-04-01 06:30:00
SCR-0002962,HS-001296,0,18,2026-02-21 10:15:23,2026-04-01 06:30:00
SCR-0002963,HS-001297,0,20,2025-09-04 08:23:31,2026-04-01 06:30:00
SCR-0002964,HS-001297,20,43,2025-09-15 04:22:09,2026-04-01 06:30:00
SCR-0002965,HS-001297,43,77,2025-09-17 23:57:14,2026-04-01 06:30:00
SCR-0002966,HS-001298,0,13,2025-12-30 03:11:31,2026-04-01 06:30:00
SCR-0002967,HS-001299,0,9,2026-02-09 17:48:04,2026-04-01 06:30:00
SCR-0002968,HS-001299,9,11,2026-02-20 03:28:39,2026-04-01 06:30:00
SCR-0002969,HS-001300,0,19,2025-12-31 18:27:41,2026-04-01 06:30:00
SCR-0002970,HS-001300,19,29,2026-01-20 01:47:24,2026-04-01 06:30:00
SCR-0002971,HS-001301,0,21,2025-11-23 13:23:21,2026-04-01 06:30:00
SCR-0002972,HS-001301,21,47,2025-11-30 08:37:27,2026-04-01 06:30:00
SCR-0002973,HS-001301,47,65,2025-12-01 00:07:21,2026-04-01 06:30:00
SCR-0002974,HS-001302,0,21,2025-12-02 10:30:46,2026-04-01 06:30:00
SCR-0002975,HS-001303,0,20,2026-02-19 05:07:45,2026-04-01 06:30:00
SCR-0002976,HS-001304,0,12,2025-10-07 22:16:23,2026-04-01 06:30:00
SCR-0002977,HS-001304,12,24,2025-10-23 11:08:34,2026-04-01 06:30:00
SCR-0002978,HS-001305,0,6,2025-10-14 07:33:06,2026-04-01 06:30:00
SCR-0002979,HS-001305,6,41,2025-10-18 21:38:20,2026-04-01 06:30:00
SCR-0002980,HS-001305,41,89,2025-10-20 10:38:18,2026-04-01 06:30:00
SCR-0002981,HS-001306,0,12,2025-09-26 21:08:28,2026-04-01 06:30:00
SCR-0002982,HS-001306,12,36,2025-10-11 18:26:46,2026-04-01 06:30:00
SCR-0002983,HS-001307,0,9,2026-03-20 03:38:59,2026-04-01 06:30:00
SCR-0002984,HS-001307,9,13,2026-04-06 00:30:04,2026-04-01 06:30:00
SCR-0002985,HS-001308,0,11,2025-10-19 16:36:37,2026-04-01 06:30:00
SCR-0002986,HS-001309,0,15,2025-10-14 07:55:28,2026-04-01 06:30:00
SCR-0002987,HS-001309,15,22,2025-10-31 06:28:52,2026-04-01 06:30:00
SCR-0002988,HS-001310,0,24,2026-02-24 04:35:06,2026-04-01 06:30:00
SCR-0002989,HS-001311,0,7,2025-11-27 00:33:35,2026-04-01 06:30:00
SCR-0002990,HS-001311,7,42,2025-12-12 00:55:21,2026-04-01 06:30:00
SCR-0002991,HS-001311,42,74,2025-12-12 19:32:28,2026-04-01 06:30:00
SCR-0002992,HS-001312,0,8,2025-10-18 17:56:03,2026-04-01 06:30:00
SCR-0002993,HS-001312,8,45,2025-10-29 01:01:29,2026-04-01 06:30:00
SCR-0002994,HS-001312,45,62,2025-10-29 03:46:35,2026-04-01 06:30:00
SCR-0002995,HS-001313,0,15,2025-12-07 22:37:12,2026-04-01 06:30:00
SCR-0002996,HS-001314,0,16,2025-12-24 20:29:43,2026-04-01 06:30:00
SCR-0002997,HS-001314,16,40,2025-12-29 21:23:19,2026-04-01 06:30:00
SCR-0002998,HS-001315,0,13,2026-02-21 11:23:17,2026-04-01 06:30:00
SCR-0002999,HS-001315,13,40,2026-02-28 03:26:36,2026-04-01 06:30:00
SCR-0003000,HS-001315,40,79,2026-03-02 12:24:50,2026-04-01 06:30:00
SCR-0003001,HS-001316,0,6,2025-09-05 19:48:23,2026-04-01 06:30:00
SCR-0003002,HS-001316,6,43,2025-09-16 03:19:29,2026-04-01 06:30:00
SCR-0003003,HS-001316,43,60,2025-09-16 20:39:45,2026-04-01 06:30:00
SCR-0003004,HS-001317,0,10,2026-02-21 03:52:57,2026-04-01 06:30:00
SCR-0003005,HS-001317,10,48,2026-02-27 04:23:47,2026-04-01 06:30:00
SCR-0003006,HS-001317,48,72,2026-02-27 17:38:48,2026-04-01 06:30:00
SCR-0003007,HS-001318,0,17,2025-12-06 22:53:09,2026-04-01 06:30:00
SCR-0003008,HS-001318,17,46,2025-12-15 02:27:21,2026-04-01 06:30:00
SCR-0003009,HS-001318,46,72,2025-12-15 10:34:22,2026-04-01 06:30:00
SCR-0003010,HS-001319,0,12,2026-01-16 02:13:15,2026-04-01 06:30:00
SCR-0003011,HS-001319,12,30,2026-01-30 06:00:24,2026-04-01 06:30:00
SCR-0003012,HS-001320,0,19,2026-01-16 01:48:16,2026-04-01 06:30:00
SCR-0003013,HS-001320,19,42,2026-01-21 10:28:27,2026-04-01 06:30:00
SCR-0003014,HS-001320,42,85,2026-01-22 14:36:13,2026-04-01 06:30:00
SCR-0003015,HS-001321,0,10,2025-10-01 19:40:51,2026-04-01 06:30:00
SCR-0003016,HS-001321,10,15,2025-10-15 16:59:46,2026-04-01 06:30:00
SCR-0003017,HS-001322,0,10,2026-01-18 13:21:47,2026-04-01 06:30:00
SCR-0003018,HS-001322,10,17,2026-02-02 01:06:18,2026-04-01 06:30:00
SCR-0003019,HS-001323,0,10,2026-03-10 20:09:32,2026-04-01 06:30:00
SCR-0003020,HS-001323,10,16,2026-03-12 11:06:19,2026-04-01 06:30:00
SCR-0003021,HS-001324,0,6,2026-03-26 18:28:55,2026-04-01 06:30:00
SCR-0003022,HS-001324,6,20,2026-04-01 20:34:41,2026-04-01 06:30:00
SCR-0003023,HS-001325,0,24,2025-10-18 23:32:00,2026-04-01 06:30:00
SCR-0003024,HS-001325,24,44,2025-10-27 08:21:00,2026-04-01 06:30:00
SCR-0003025,HS-001325,44,51,2025-10-28 06:39:49,2026-04-01 06:30:00
SCR-0003026,HS-001326,0,21,2025-10-12 01:36:20,2026-04-01 06:30:00
SCR-0003027,HS-001326,21,44,2025-10-16 17:42:51,2026-04-01 06:30:00
SCR-0003028,HS-001326,44,60,2025-10-17 11:28:05,2026-04-01 06:30:00
SCR-0003029,HS-001327,0,12,2025-09-12 14:58:11,2026-04-01 06:30:00
SCR-0003030,HS-001327,12,49,2025-10-12 08:51:35,2026-04-01 06:30:00
SCR-0003031,HS-001328,0,9,2026-02-12 16:56:51,2026-04-01 06:30:00
SCR-0003032,HS-001328,9,47,2026-02-21 20:47:31,2026-04-01 06:30:00
SCR-0003033,HS-001328,47,66,2026-02-22 15:22:58,2026-04-01 06:30:00
SCR-0003034,HS-001329,0,23,2026-03-03 04:27:25,2026-04-01 06:30:00
SCR-0003035,HS-001329,23,26,2026-03-04 22:32:00,2026-04-01 06:30:00
SCR-0003036,HS-001330,0,7,2025-11-18 04:31:08,2026-04-01 06:30:00
SCR-0003037,HS-001330,7,8,2025-11-29 09:08:21,2026-04-01 06:30:00
SCR-0003038,HS-001331,0,16,2026-03-01 21:33:13,2026-04-01 06:30:00
SCR-0003039,HS-001332,0,17,2026-02-01 05:32:34,2026-04-01 06:30:00
SCR-0003040,HS-001333,0,22,2026-01-29 17:49:03,2026-04-01 06:30:00
SCR-0003041,HS-001334,0,6,2025-09-15 04:46:27,2026-04-01 06:30:00
SCR-0003042,HS-001334,6,40,2025-09-22 03:47:35,2026-04-01 06:30:00
SCR-0003043,HS-001334,40,79,2025-09-24 10:30:20,2026-04-01 06:30:00
SCR-0003044,HS-001335,0,12,2026-03-16 07:33:55,2026-04-01 06:30:00
SCR-0003045,HS-001335,12,42,2026-03-20 15:13:06,2026-04-01 06:30:00
SCR-0003046,HS-001335,42,58,2026-03-21 10:08:18,2026-04-01 06:30:00
SCR-0003047,HS-001336,0,15,2025-11-11 20:25:51,2026-04-01 06:30:00
SCR-0003048,HS-001337,0,16,2026-01-25 17:09:19,2026-04-01 06:30:00
SCR-0003049,HS-001337,16,20,2026-01-29 06:35:01,2026-04-01 06:30:00
SCR-0003050,HS-001338,0,22,2026-02-26 07:23:37,2026-04-01 06:30:00
SCR-0003051,HS-001338,22,48,2026-03-02 14:00:52,2026-04-01 06:30:00
SCR-0003052,HS-001338,48,87,2026-03-04 07:15:37,2026-04-01 06:30:00
SCR-0003053,HS-001339,0,15,2025-12-02 15:30:17,2026-04-01 06:30:00
SCR-0003054,HS-001340,0,16,2025-11-12 00:01:37,2026-04-01 06:30:00
SCR-0003055,HS-001341,0,20,2025-10-25 13:42:26,2026-04-01 06:30:00
SCR-0003056,HS-001341,20,40,2025-11-04 01:13:18,2026-04-01 06:30:00
SCR-0003057,HS-001341,40,74,2025-11-07 00:18:37,2026-04-01 06:30:00
SCR-0003058,HS-001342,0,20,2026-03-17 08:41:38,2026-04-01 06:30:00
SCR-0003059,HS-001342,20,40,2026-03-21 00:25:40,2026-04-01 06:30:00
SCR-0003060,HS-001342,40,61,2026-03-21 18:37:18,2026-04-01 06:30:00
SCR-0003061,HS-001343,0,6,2026-03-15 05:06:31,2026-04-01 06:30:00
SCR-0003062,HS-001343,6,14,2026-03-30 18:24:02,2026-04-01 06:30:00
SCR-0003063,HS-001344,0,24,2025-10-16 07:22:01,2026-04-01 06:30:00
SCR-0003064,HS-001345,0,12,2026-03-23 00:03:26,2026-04-01 06:30:00
SCR-0003065,HS-001345,12,39,2026-04-01 22:14:51,2026-04-01 06:30:00
SCR-0003066,HS-001346,0,5,2026-03-21 07:56:29,2026-04-01 06:30:00
SCR-0003067,HS-001346,5,13,2026-04-02 14:47:02,2026-04-01 06:30:00
SCR-0003068,HS-001347,0,15,2025-10-29 08:04:51,2026-04-01 06:30:00
SCR-0003069,HS-001347,15,42,2025-11-06 13:21:28,2026-04-01 06:30:00
SCR-0003070,HS-001347,42,80,2025-11-07 13:18:45,2026-04-01 06:30:00
SCR-0003071,HS-001348,0,10,2025-10-23 09:13:21,2026-04-01 06:30:00
SCR-0003072,HS-001348,10,40,2025-11-01 15:18:01,2026-04-01 06:30:00
SCR-0003073,HS-001348,40,71,2025-11-03 20:14:33,2026-04-01 06:30:00
SCR-0003074,HS-001349,0,10,2026-02-24 19:56:33,2026-04-01 06:30:00
SCR-0003075,HS-001349,10,41,2026-03-01 17:41:15,2026-04-01 06:30:00
SCR-0003076,HS-001350,0,8,2025-10-04 22:10:25,2026-04-01 06:30:00
SCR-0003077,HS-001350,8,48,2025-10-11 04:48:56,2026-04-01 06:30:00
SCR-0003078,HS-001350,48,88,2025-10-12 02:05:40,2026-04-01 06:30:00
SCR-0003079,HS-001351,0,13,2025-12-11 03:19:10,2026-04-01 06:30:00
SCR-0003080,HS-001351,13,45,2025-12-21 07:08:10,2026-04-01 06:30:00
SCR-0003081,HS-001351,45,50,2025-12-23 22:06:51,2026-04-01 06:30:00
SCR-0003082,HS-001352,0,14,2025-11-21 17:04:08,2026-04-01 06:30:00
SCR-0003083,HS-001352,14,46,2025-11-28 10:41:59,2026-04-01 06:30:00
SCR-0003084,HS-001352,46,82,2025-11-29 06:30:37,2026-04-01 06:30:00
SCR-0003085,HS-001353,0,21,2025-09-03 06:48:17,2026-04-01 06:30:00
SCR-0003086,HS-001353,21,46,2025-09-13 23:57:41,2026-04-01 06:30:00
SCR-0003087,HS-001353,46,63,2025-09-14 14:40:32,2026-04-01 06:30:00
SCR-0003088,HS-001354,0,15,2025-12-12 21:54:34,2026-04-01 06:30:00
SCR-0003089,HS-001354,15,24,2025-12-31 17:21:02,2026-04-01 06:30:00
SCR-0003090,HS-001355,0,20,2026-03-08 11:00:40,2026-04-01 06:30:00
SCR-0003091,HS-001355,20,27,2026-03-25 15:58:58,2026-04-01 06:30:00
SCR-0003092,HS-001356,0,8,2025-09-22 08:39:29,2026-04-01 06:30:00
SCR-0003093,HS-001356,8,23,2025-10-06 14:41:53,2026-04-01 06:30:00
SCR-0003094,HS-001357,0,15,2026-01-30 15:54:16,2026-04-01 06:30:00
SCR-0003095,HS-001357,15,44,2026-02-05 05:34:03,2026-04-01 06:30:00
SCR-0003096,HS-001357,44,70,2026-02-08 03:08:56,2026-04-01 06:30:00
SCR-0003097,HS-001358,0,14,2026-02-11 04:48:56,2026-04-01 06:30:00
SCR-0003098,HS-001358,14,27,2026-02-27 17:26:27,2026-04-01 06:30:00
SCR-0003099,HS-001359,0,21,2026-02-04 19:02:33,2026-04-01 06:30:00
SCR-0003100,HS-001359,21,48,2026-02-12 15:55:40,2026-04-01 06:30:00
SCR-0003101,HS-001359,48,90,2026-02-13 05:56:03,2026-04-01 06:30:00
SCR-0003102,HS-001360,0,14,2025-10-29 03:55:27,2026-04-01 06:30:00
SCR-0003103,HS-001360,14,28,2025-11-04 22:09:29,2026-04-01 06:30:00
SCR-0003104,HS-001361,0,12,2025-10-15 08:08:01,2026-04-01 06:30:00
SCR-0003105,HS-001361,12,43,2025-10-18 10:14:35,2026-04-01 06:30:00
SCR-0003106,HS-001362,0,14,2025-10-27 04:51:28,2026-04-01 06:30:00
SCR-0003107,HS-001362,14,23,2025-11-03 09:00:14,2026-04-01 06:30:00
SCR-0003108,HS-001363,0,14,2026-02-10 13:16:21,2026-04-01 06:30:00
SCR-0003109,HS-001363,14,41,2026-02-25 13:05:01,2026-04-01 06:30:00
SCR-0003110,HS-001363,41,86,2026-02-27 23:59:41,2026-04-01 06:30:00
SCR-0003111,HS-001364,0,14,2025-11-06 12:10:55,2026-04-01 06:30:00
SCR-0003112,HS-001364,14,44,2025-11-14 01:57:44,2026-04-01 06:30:00
SCR-0003113,HS-001364,44,54,2025-11-15 00:16:53,2026-04-01 06:30:00
SCR-0003114,HS-001365,0,22,2025-09-18 12:56:00,2026-04-01 06:30:00
SCR-0003115,HS-001365,22,38,2025-09-29 07:41:07,2026-04-01 06:30:00
SCR-0003116,HS-001366,0,20,2026-01-11 14:15:44,2026-04-01 06:30:00
SCR-0003117,HS-001366,20,26,2026-01-13 13:38:39,2026-04-01 06:30:00
SCR-0003118,HS-001367,0,21,2025-12-24 13:51:33,2026-04-01 06:30:00
SCR-0003119,HS-001367,21,47,2026-01-05 00:40:39,2026-04-01 06:30:00
SCR-0003120,HS-001367,47,81,2026-01-05 22:22:25,2026-04-01 06:30:00
SCR-0003121,HS-001368,0,23,2026-03-14 15:15:04,2026-04-01 06:30:00
SCR-0003122,HS-001368,23,39,2026-03-25 03:48:43,2026-04-01 06:30:00
SCR-0003123,HS-001369,0,14,2025-12-26 03:20:40,2026-04-01 06:30:00
SCR-0003124,HS-001369,14,27,2026-01-12 08:25:32,2026-04-01 06:30:00
SCR-0003125,HS-001370,0,21,2025-10-20 18:35:47,2026-04-01 06:30:00
SCR-0003126,HS-001370,21,48,2025-11-02 23:12:11,2026-04-01 06:30:00
SCR-0003127,HS-001370,48,81,2025-11-05 15:05:31,2026-04-01 06:30:00
SCR-0003128,HS-001371,0,7,2025-11-22 18:29:10,2026-04-01 06:30:00
SCR-0003129,HS-001371,7,20,2025-12-05 06:04:45,2026-04-01 06:30:00
SCR-0003130,HS-001372,0,18,2025-11-11 04:48:12,2026-04-01 06:30:00
SCR-0003131,HS-001372,18,44,2025-11-16 06:41:42,2026-04-01 06:30:00
SCR-0003132,HS-001372,44,64,2025-11-16 23:53:03,2026-04-01 06:30:00
SCR-0003133,HS-001373,0,18,2026-02-26 16:52:34,2026-04-01 06:30:00
SCR-0003134,HS-001373,18,39,2026-03-15 22:40:32,2026-04-01 06:30:00
SCR-0003135,HS-001374,0,24,2026-03-15 23:18:18,2026-04-01 06:30:00
SCR-0003136,HS-001374,24,45,2026-03-21 18:24:40,2026-04-01 06:30:00
SCR-0003137,HS-001374,45,68,2026-03-22 20:51:32,2026-04-01 06:30:00
SCR-0003138,HS-001375,0,12,2025-09-21 17:37:19,2026-04-01 06:30:00
SCR-0003139,HS-001375,12,48,2025-09-26 22:45:57,2026-04-01 06:30:00
SCR-0003140,HS-001375,48,69,2025-09-28 09:53:31,2026-04-01 06:30:00
SCR-0003141,HS-001376,0,5,2025-11-25 06:35:48,2026-04-01 06:30:00
SCR-0003142,HS-001376,5,32,2025-12-03 03:31:16,2026-04-01 06:30:00
SCR-0003143,HS-001377,0,20,2026-03-28 03:48:26,2026-04-01 06:30:00
SCR-0003144,HS-001377,20,32,2026-03-29 21:37:31,2026-04-01 06:30:00
SCR-0003145,HS-001378,0,24,2025-11-01 19:18:52,2026-04-01 06:30:00
SCR-0003146,HS-001378,24,46,2025-11-10 03:00:49,2026-04-01 06:30:00
SCR-0003147,HS-001378,46,53,2025-11-12 08:37:26,2026-04-01 06:30:00
SCR-0003148,HS-001379,0,19,2025-12-07 20:07:53,2026-04-01 06:30:00
SCR-0003149,HS-001379,19,25,2025-12-19 06:53:45,2026-04-01 06:30:00
SCR-0003150,HS-001380,0,9,2026-03-05 04:40:24,2026-04-01 06:30:00
SCR-0003151,HS-001380,9,48,2026-03-17 19:12:20,2026-04-01 06:30:00
SCR-0003152,HS-001380,48,59,2026-03-18 16:10:41,2026-04-01 06:30:00
SCR-0003153,HS-001381,0,14,2026-01-08 20:37:06,2026-04-01 06:30:00
SCR-0003154,HS-001381,14,37,2026-01-11 20:01:15,2026-04-01 06:30:00
SCR-0003155,HS-001382,0,5,2025-12-10 19:25:14,2026-04-01 06:30:00
SCR-0003156,HS-001382,5,16,2025-12-26 17:10:38,2026-04-01 06:30:00
SCR-0003157,HS-001383,0,13,2025-12-26 12:44:30,2026-04-01 06:30:00
SCR-0003158,HS-001384,0,10,2025-10-01 18:15:45,2026-04-01 06:30:00
SCR-0003159,HS-001384,10,42,2025-10-08 07:12:40,2026-04-01 06:30:00
SCR-0003160,HS-001384,42,80,2025-10-08 13:05:36,2026-04-01 06:30:00
SCR-0003161,HS-001385,0,6,2026-02-28 21:22:39,2026-04-01 06:30:00
SCR-0003162,HS-001385,6,13,2026-03-06 22:03:26,2026-04-01 06:30:00
SCR-0003163,HS-001386,0,11,2026-03-05 14:05:38,2026-04-01 06:30:00
SCR-0003164,HS-001386,11,14,2026-03-18 23:55:29,2026-04-01 06:30:00
SCR-0003165,HS-001387,0,6,2025-10-23 19:12:29,2026-04-01 06:30:00
SCR-0003166,HS-001387,6,48,2025-11-01 19:07:49,2026-04-01 06:30:00
SCR-0003167,HS-001387,48,67,2025-11-04 00:39:00,2026-04-01 06:30:00
SCR-0003168,HS-001388,0,21,2026-01-16 14:29:42,2026-04-01 06:30:00
SCR-0003169,HS-001388,21,46,2026-01-27 04:47:45,2026-04-01 06:30:00
SCR-0003170,HS-001388,46,53,2026-01-27 22:53:46,2026-04-01 06:30:00
SCR-0003171,HS-001389,0,16,2026-03-30 16:25:57,2026-04-01 06:30:00
SCR-0003172,HS-001389,16,17,2026-04-04 10:09:13,2026-04-01 06:30:00
SCR-0003173,HS-001390,0,12,2025-12-05 19:35:01,2026-04-01 06:30:00
SCR-0003174,HS-001390,12,44,2025-12-10 16:00:30,2026-04-01 06:30:00
SCR-0003175,HS-001391,0,16,2026-01-28 12:55:12,2026-04-01 06:30:00
SCR-0003176,HS-001391,16,31,2026-01-30 14:09:12,2026-04-01 06:30:00
SCR-0003177,HS-001392,0,7,2025-11-05 06:55:34,2026-04-01 06:30:00
SCR-0003178,HS-001392,7,19,2025-11-21 16:56:29,2026-04-01 06:30:00
SCR-0003179,HS-001393,0,15,2026-03-14 06:03:00,2026-04-01 06:30:00
SCR-0003180,HS-001393,15,25,2026-03-27 21:48:38,2026-04-01 06:30:00
SCR-0003181,HS-001394,0,7,2026-02-18 19:27:19,2026-04-01 06:30:00
SCR-0003182,HS-001394,7,14,2026-02-26 14:25:38,2026-04-01 06:30:00
SCR-0003183,HS-001395,0,11,2026-01-08 19:22:13,2026-04-01 06:30:00
SCR-0003184,HS-001395,11,38,2026-01-27 23:57:51,2026-04-01 06:30:00
SCR-0003185,HS-001396,0,14,2025-09-02 22:18:41,2026-04-01 06:30:00
SCR-0003186,HS-001397,0,11,2025-09-29 02:34:58,2026-04-01 06:30:00
SCR-0003187,HS-001397,11,45,2025-11-23 07:17:18,2026-04-01 06:30:00
SCR-0003188,HS-001397,45,89,2025-11-23 23:47:52,2026-04-01 06:30:00
SCR-0003189,HS-001398,0,13,2025-10-15 07:12:01,2026-04-01 06:30:00
SCR-0003190,HS-001398,13,43,2025-11-01 02:34:04,2026-04-01 06:30:00
SCR-0003191,HS-001398,43,63,2025-11-02 04:55:31,2026-04-01 06:30:00
SCR-0003192,HS-001399,0,22,2025-10-09 16:57:34,2026-04-01 06:30:00
SCR-0003193,HS-001399,22,47,2025-10-14 01:57:31,2026-04-01 06:30:00
SCR-0003194,HS-001399,47,81,2025-10-16 22:41:27,2026-04-01 06:30:00
SCR-0003195,HS-001400,0,17,2025-12-19 13:44:04,2026-04-01 06:30:00
SCR-0003196,HS-001401,0,6,2025-10-22 01:04:07,2026-04-01 06:30:00
SCR-0003197,HS-001401,6,17,2025-10-27 20:54:58,2026-04-01 06:30:00
SCR-0003198,HS-001402,0,10,2025-11-16 20:27:36,2026-04-01 06:30:00
SCR-0003199,HS-001402,10,41,2025-11-27 01:39:57,2026-04-01 06:30:00
SCR-0003200,HS-001403,0,18,2025-10-19 16:57:15,2026-04-01 06:30:00
SCR-0003201,HS-001404,0,6,2025-12-29 06:24:29,2026-04-01 06:30:00
SCR-0003202,HS-001404,6,46,2025-12-30 20:54:00,2026-04-01 06:30:00
SCR-0003203,HS-001404,46,61,2026-01-02 16:37:13,2026-04-01 06:30:00
SCR-0003204,HS-001405,0,19,2025-09-25 18:25:47,2026-04-01 06:30:00
SCR-0003205,HS-001405,19,47,2025-10-02 23:23:41,2026-04-01 06:30:00
SCR-0003206,HS-001405,47,72,2025-10-03 16:27:37,2026-04-01 06:30:00
SCR-0003207,HS-001406,0,6,2025-12-26 09:53:15,2026-04-01 06:30:00
SCR-0003208,HS-001406,6,43,2026-01-08 04:51:30,2026-04-01 06:30:00
SCR-0003209,HS-001406,43,75,2026-01-09 07:02:43,2026-04-01 06:30:00
SCR-0003210,HS-001407,0,6,2026-02-22 19:24:59,2026-04-01 06:30:00
SCR-0003211,HS-001407,6,19,2026-02-28 20:18:27,2026-04-01 06:30:00
SCR-0003212,HS-001408,0,12,2025-09-02 13:06:16,2026-04-01 06:30:00
SCR-0003213,HS-001408,12,23,2025-09-11 17:25:42,2026-04-01 06:30:00
SCR-0003214,HS-001409,0,20,2025-10-27 06:27:31,2026-04-01 06:30:00
SCR-0003215,HS-001409,20,46,2025-11-01 17:25:44,2026-04-01 06:30:00
SCR-0003216,HS-001409,46,78,2025-11-01 19:55:27,2026-04-01 06:30:00
SCR-0003217,HS-001410,0,13,2026-03-17 02:37:45,2026-04-01 06:30:00
SCR-0003218,HS-001411,0,11,2026-03-23 12:28:17,2026-04-01 06:30:00
SCR-0003219,HS-001411,11,44,2026-03-27 11:21:32,2026-04-01 06:30:00
SCR-0003220,HS-001411,44,60,2026-03-29 08:36:29,2026-04-01 06:30:00
SCR-0003221,HS-001412,0,18,2025-12-20 03:53:54,2026-04-01 06:30:00
SCR-0003222,HS-001412,18,43,2025-12-24 18:34:36,2026-04-01 06:30:00
SCR-0003223,HS-001412,43,51,2025-12-24 20:57:32,2026-04-01 06:30:00
SCR-0003224,HS-001413,0,11,2025-09-27 02:37:22,2026-04-01 06:30:00
SCR-0003225,HS-001413,11,41,2025-10-29 01:58:46,2026-04-01 06:30:00
SCR-0003226,HS-001413,41,89,2025-10-30 15:17:08,2026-04-01 06:30:00
SCR-0003227,HS-001414,0,16,2025-12-30 22:21:50,2026-04-01 06:30:00
SCR-0003228,HS-001414,16,43,2026-01-14 18:23:27,2026-04-01 06:30:00
SCR-0003229,HS-001414,43,69,2026-01-17 12:20:08,2026-04-01 06:30:00
SCR-0003230,HS-001415,0,19,2025-10-04 20:25:39,2026-04-01 06:30:00
SCR-0003231,HS-001415,19,42,2025-10-08 10:51:23,2026-04-01 06:30:00
SCR-0003232,HS-001415,42,60,2025-10-10 22:08:35,2026-04-01 06:30:00
SCR-0003233,HS-001416,0,12,2025-12-01 08:59:40,2026-04-01 06:30:00
SCR-0003234,HS-001416,12,19,2025-12-21 04:25:52,2026-04-01 06:30:00
SCR-0003235,HS-001417,0,7,2026-01-19 07:41:31,2026-04-01 06:30:00
SCR-0003236,HS-001418,0,15,2025-09-17 00:19:56,2026-04-01 06:30:00
SCR-0003237,HS-001418,15,22,2025-09-19 02:59:03,2026-04-01 06:30:00
SCR-0003238,HS-001419,0,10,2026-01-04 21:29:12,2026-04-01 06:30:00
SCR-0003239,HS-001419,10,47,2026-01-10 22:12:08,2026-04-01 06:30:00
SCR-0003240,HS-001419,47,85,2026-01-13 01:13:45,2026-04-01 06:30:00
SCR-0003241,HS-001420,0,8,2025-09-19 11:31:57,2026-04-01 06:30:00
SCR-0003242,HS-001420,8,40,2025-09-23 19:16:50,2026-04-01 06:30:00
SCR-0003243,HS-001420,40,62,2025-09-26 11:51:05,2026-04-01 06:30:00
SCR-0003244,HS-001421,0,18,2025-12-23 02:42:51,2026-04-01 06:30:00
SCR-0003245,HS-001422,0,21,2025-10-08 21:34:44,2026-04-01 06:30:00
SCR-0003246,HS-001422,21,43,2025-10-21 18:56:36,2026-04-01 06:30:00
SCR-0003247,HS-001422,43,69,2025-10-22 14:20:05,2026-04-01 06:30:00
SCR-0003248,HS-001423,0,24,2026-01-22 02:21:52,2026-04-01 06:30:00
SCR-0003249,HS-001423,24,30,2026-02-06 10:54:26,2026-04-01 06:30:00
SCR-0003250,HS-001424,0,13,2025-12-01 00:51:39,2026-04-01 06:30:00
SCR-0003251,HS-001424,13,41,2025-12-12 01:15:12,2026-04-01 06:30:00
SCR-0003252,HS-001424,41,68,2025-12-14 06:15:37,2026-04-01 06:30:00
SCR-0003253,HS-001425,0,9,2026-03-16 09:01:45,2026-04-01 06:30:00
SCR-0003254,HS-001426,0,16,2026-02-23 23:07:56,2026-04-01 06:30:00
SCR-0003255,HS-001426,16,36,2026-03-06 13:19:51,2026-04-01 06:30:00
SCR-0003256,HS-001427,0,19,2026-02-21 05:45:24,2026-04-01 06:30:00
SCR-0003257,HS-001428,0,22,2026-03-12 21:43:04,2026-04-01 06:30:00
SCR-0003258,HS-001429,0,23,2025-09-30 15:13:38,2026-04-01 06:30:00
SCR-0003259,HS-001429,23,40,2025-10-04 13:13:37,2026-04-01 06:30:00
SCR-0003260,HS-001429,40,55,2025-10-06 16:02:49,2026-04-01 06:30:00
SCR-0003261,HS-001430,0,22,2026-01-06 00:12:45,2026-04-01 06:30:00
SCR-0003262,HS-001431,0,8,2025-10-10 11:00:14,2026-04-01 06:30:00
SCR-0003263,HS-001431,8,24,2025-10-17 05:24:57,2026-04-01 06:30:00
SCR-0003264,HS-001432,0,11,2025-12-08 03:36:38,2026-04-01 06:30:00
SCR-0003265,HS-001432,11,47,2025-12-18 18:36:07,2026-04-01 06:30:00
SCR-0003266,HS-001432,47,52,2025-12-19 17:02:14,2026-04-01 06:30:00
SCR-0003267,HS-001433,0,5,2025-12-06 17:00:05,2026-04-01 06:30:00
SCR-0003268,HS-001433,5,10,2025-12-15 22:56:58,2026-04-01 06:30:00
SCR-0003269,HS-001434,0,9,2025-09-24 09:29:39,2026-04-01 06:30:00
SCR-0003270,HS-001434,9,48,2025-10-05 11:58:37,2026-04-01 06:30:00
SCR-0003271,HS-001435,0,13,2026-02-22 11:37:02,2026-04-01 06:30:00
SCR-0003272,HS-001435,13,45,2026-03-01 07:20:36,2026-04-01 06:30:00
SCR-0003273,HS-001435,45,53,2026-03-03 19:54:39,2026-04-01 06:30:00
SCR-0003274,HS-001436,0,19,2026-01-29 08:13:15,2026-04-01 06:30:00
SCR-0003275,HS-001436,19,48,2026-02-01 13:47:14,2026-04-01 06:30:00
SCR-0003276,HS-001436,48,89,2026-02-02 21:39:55,2026-04-01 06:30:00
SCR-0003277,HS-001437,0,24,2026-03-15 23:49:17,2026-04-01 06:30:00
SCR-0003278,HS-001438,0,23,2025-12-20 07:53:22,2026-04-01 06:30:00
SCR-0003279,HS-001438,23,45,2026-01-06 20:48:38,2026-04-01 06:30:00
SCR-0003280,HS-001438,45,68,2026-01-09 06:26:21,2026-04-01 06:30:00
SCR-0003281,HS-001439,0,19,2026-03-15 16:07:56,2026-04-01 06:30:00
SCR-0003282,HS-001439,19,43,2026-03-19 14:49:21,2026-04-01 06:30:00
SCR-0003283,HS-001440,0,6,2025-09-18 12:57:33,2026-04-01 06:30:00
SCR-0003284,HS-001440,6,31,2025-09-27 18:52:54,2026-04-01 06:30:00
SCR-0003285,HS-001441,0,11,2025-10-11 21:22:10,2026-04-01 06:30:00
SCR-0003286,HS-001442,0,18,2025-11-02 23:54:26,2026-04-01 06:30:00
SCR-0003287,HS-001442,18,38,2025-11-16 05:01:17,2026-04-01 06:30:00
SCR-0003288,HS-001443,0,24,2026-01-29 18:30:00,2026-04-01 06:30:00
SCR-0003289,HS-001443,24,45,2026-02-01 13:00:09,2026-04-01 06:30:00
SCR-0003290,HS-001443,45,61,2026-02-03 08:47:45,2026-04-01 06:30:00
SCR-0003291,HS-001444,0,22,2025-09-06 06:14:54,2026-04-01 06:30:00
SCR-0003292,HS-001445,0,18,2025-09-02 12:13:56,2026-04-01 06:30:00
SCR-0003293,HS-001445,18,43,2025-09-05 07:47:20,2026-04-01 06:30:00
SCR-0003294,HS-001445,43,86,2025-09-06 02:36:07,2026-04-01 06:30:00
SCR-0003295,HS-001446,0,14,2025-11-25 02:50:26,2026-04-01 06:30:00
SCR-0003296,HS-001446,14,41,2025-12-01 16:13:29,2026-04-01 06:30:00
SCR-0003297,HS-001446,41,77,2025-12-03 07:31:07,2026-04-01 06:30:00
SCR-0003298,HS-001447,0,21,2026-03-08 00:45:00,2026-04-01 06:30:00
SCR-0003299,HS-001447,21,44,2026-03-18 09:29:10,2026-04-01 06:30:00
SCR-0003300,HS-001447,44,85,2026-03-18 17:37:08,2026-04-01 06:30:00
SCR-0003301,HS-001448,0,16,2025-12-18 03:03:34,2026-04-01 06:30:00
SCR-0003302,HS-001448,16,46,2025-12-24 23:03:07,2026-04-01 06:30:00
SCR-0003303,HS-001448,46,63,2025-12-27 14:34:17,2026-04-01 06:30:00
SCR-0003304,HS-001449,0,17,2026-03-22 16:39:28,2026-04-01 06:30:00
SCR-0003305,HS-001449,17,19,2026-03-31 02:50:01,2026-04-01 06:30:00
SCR-0003306,HS-001450,0,8,2025-09-17 02:34:07,2026-04-01 06:30:00
SCR-0003307,HS-001450,8,16,2025-09-18 13:14:54,2026-04-01 06:30:00
SCR-0003308,HS-001451,0,9,2026-03-10 04:31:32,2026-04-01 06:30:00
SCR-0003309,HS-001451,9,31,2026-03-30 02:40:32,2026-04-01 06:30:00
SCR-0003310,HS-001452,0,17,2026-03-13 03:05:38,2026-04-01 06:30:00
SCR-0003311,HS-001453,0,20,2025-10-25 23:16:46,2026-04-01 06:30:00
SCR-0003312,HS-001453,20,32,2025-11-07 10:56:24,2026-04-01 06:30:00
SCR-0003313,HS-001454,0,21,2025-11-04 17:33:12,2026-04-01 06:30:00
SCR-0003314,HS-001455,0,24,2026-03-11 23:46:40,2026-04-01 06:30:00
SCR-0003315,HS-001456,0,7,2026-01-17 22:24:33,2026-04-01 06:30:00
SCR-0003316,HS-001456,7,8,2026-02-01 10:04:21,2026-04-01 06:30:00
SCR-0003317,HS-001457,0,24,2025-09-15 08:43:13,2026-04-01 06:30:00
SCR-0003318,HS-001457,24,45,2025-09-20 05:34:17,2026-04-01 06:30:00
SCR-0003319,HS-001457,45,77,2025-09-22 22:03:18,2026-04-01 06:30:00
SCR-0003320,HS-001458,0,19,2025-09-19 00:51:46,2026-04-01 06:30:00
SCR-0003321,HS-001459,0,18,2026-03-12 20:35:08,2026-04-01 06:30:00
SCR-0003322,HS-001459,18,25,2026-03-18 15:20:40,2026-04-01 06:30:00
SCR-0003323,HS-001460,0,5,2025-12-24 07:10:33,2026-04-01 06:30:00
SCR-0003324,HS-001460,5,37,2025-12-25 11:37:26,2026-04-01 06:30:00
SCR-0003325,HS-001461,0,17,2025-09-21 06:31:17,2026-04-01 06:30:00
SCR-0003326,HS-001461,17,42,2025-10-01 13:00:05,2026-04-01 06:30:00
SCR-0003327,HS-001461,42,52,2025-10-04 01:57:36,2026-04-01 06:30:00
SCR-0003328,HS-001462,0,10,2025-11-02 01:10:29,2026-04-01 06:30:00
SCR-0003329,HS-001462,10,34,2025-11-19 12:38:01,2026-04-01 06:30:00
SCR-0003330,HS-001463,0,9,2025-10-09 00:36:01,2026-04-01 06:30:00
SCR-0003331,HS-001463,9,27,2025-10-14 05:33:28,2026-04-01 06:30:00
SCR-0003332,HS-001464,0,22,2026-02-22 22:06:31,2026-04-01 06:30:00
SCR-0003333,HS-001465,0,17,2025-10-03 18:37:18,2026-04-01 06:30:00
SCR-0003334,HS-001465,17,30,2025-10-07 21:26:25,2026-04-01 06:30:00
SCR-0003335,HS-001466,0,9,2025-12-23 13:41:30,2026-04-01 06:30:00
SCR-0003336,HS-001466,9,24,2026-01-05 01:24:21,2026-04-01 06:30:00
SCR-0003337,HS-001467,0,17,2025-11-11 17:22:25,2026-04-01 06:30:00
SCR-0003338,HS-001467,17,46,2025-11-24 12:22:59,2026-04-01 06:30:00
SCR-0003339,HS-001467,46,57,2025-11-25 18:38:06,2026-04-01 06:30:00
SCR-0003340,HS-001468,0,9,2025-12-05 07:23:23,2026-04-01 06:30:00
SCR-0003341,HS-001468,9,11,2025-12-06 23:03:23,2026-04-01 06:30:00
SCR-0003342,HS-001469,0,11,2025-11-05 20:54:51,2026-04-01 06:30:00
SCR-0003343,HS-001469,11,46,2025-11-22 16:54:33,2026-04-01 06:30:00
SCR-0003344,HS-001469,46,87,2025-11-25 04:16:34,2026-04-01 06:30:00
SCR-0003345,HS-001470,0,18,2026-03-08 02:42:44,2026-04-01 06:30:00
SCR-0003346,HS-001470,18,21,2026-03-26 09:04:43,2026-04-01 06:30:00
SCR-0003347,HS-001471,0,10,2026-03-16 19:32:00,2026-04-01 06:30:00
SCR-0003348,HS-001471,10,34,2026-03-22 15:11:16,2026-04-01 06:30:00
SCR-0003349,HS-001472,0,13,2026-03-01 05:19:13,2026-04-01 06:30:00
SCR-0003350,HS-001472,13,28,2026-03-05 04:05:07,2026-04-01 06:30:00
SCR-0003351,HS-001473,0,17,2025-08-28 05:32:50,2026-04-01 06:30:00
SCR-0003352,HS-001473,17,40,2025-09-05 07:44:00,2026-04-01 06:30:00
SCR-0003353,HS-001473,40,82,2025-09-05 22:56:34,2026-04-01 06:30:00
SCR-0003354,HS-001474,0,24,2026-01-14 12:34:00,2026-04-01 06:30:00
SCR-0003355,HS-001474,24,34,2026-01-16 06:06:42,2026-04-01 06:30:00
SCR-0003356,HS-001475,0,9,2026-01-15 17:45:06,2026-04-01 06:30:00
SCR-0003357,HS-001475,9,42,2026-01-20 14:15:04,2026-04-01 06:30:00
SCR-0003358,HS-001475,42,68,2026-01-22 06:43:03,2026-04-01 06:30:00
SCR-0003359,HS-001476,0,10,2025-12-08 14:51:18,2026-04-01 06:30:00
SCR-0003360,HS-001476,10,22,2025-12-18 13:54:16,2026-04-01 06:30:00
SCR-0003361,HS-001477,0,13,2025-11-09 19:48:51,2026-04-01 06:30:00
SCR-0003362,HS-001477,13,23,2025-11-28 12:08:24,2026-04-01 06:30:00
SCR-0003363,HS-001478,0,6,2025-11-05 06:21:41,2026-04-01 06:30:00
SCR-0003364,HS-001478,6,46,2025-11-17 12:36:16,2026-04-01 06:30:00
SCR-0003365,HS-001478,46,72,2025-11-18 08:07:14,2026-04-01 06:30:00
SCR-0003366,HS-001479,0,11,2025-12-20 22:05:56,2026-04-01 06:30:00
SCR-0003367,HS-001479,11,31,2026-01-07 21:41:36,2026-04-01 06:30:00
SCR-0003368,HS-001480,0,20,2025-12-20 05:08:39,2026-04-01 06:30:00
SCR-0003369,HS-001481,0,16,2025-09-24 05:09:58,2026-04-01 06:30:00
SCR-0003370,HS-001481,16,43,2025-10-06 23:51:18,2026-04-01 06:30:00
SCR-0003371,HS-001481,43,63,2025-10-09 18:04:30,2026-04-01 06:30:00
SCR-0003372,HS-001482,0,22,2026-03-29 15:59:22,2026-04-01 06:30:00
SCR-0003373,HS-001483,0,23,2026-02-15 14:20:48,2026-04-01 06:30:00
SCR-0003374,HS-001484,0,13,2025-12-18 03:30:31,2026-04-01 06:30:00
SCR-0003375,HS-001484,13,48,2025-12-26 23:24:14,2026-04-01 06:30:00
SCR-0003376,HS-001484,48,77,2025-12-27 01:38:17,2026-04-01 06:30:00
SCR-0003377,HS-001485,0,9,2025-10-08 01:22:34,2026-04-01 06:30:00
SCR-0003378,HS-001485,9,44,2025-10-12 17:26:11,2026-04-01 06:30:00
SCR-0003379,HS-001486,0,14,2025-12-27 09:39:05,2026-04-01 06:30:00
SCR-0003380,HS-001486,14,43,2026-01-06 10:52:37,2026-04-01 06:30:00
SCR-0003381,HS-001486,43,59,2026-01-06 19:28:10,2026-04-01 06:30:00
SCR-0003382,HS-001487,0,17,2025-10-12 15:58:33,2026-04-01 06:30:00
SCR-0003383,HS-001487,17,40,2025-10-17 17:01:02,2026-04-01 06:30:00
SCR-0003384,HS-001487,40,64,2025-10-20 14:53:21,2026-04-01 06:30:00
SCR-0003385,HS-001488,0,15,2026-01-31 16:23:37,2026-04-01 06:30:00
SCR-0003386,HS-001488,15,35,2026-02-19 22:19:37,2026-04-01 06:30:00
SCR-0003387,HS-001489,0,14,2025-09-26 11:58:27,2026-04-01 06:30:00
SCR-0003388,HS-001489,14,45,2025-10-05 09:42:24,2026-04-01 06:30:00
SCR-0003389,HS-001489,45,50,2025-10-07 09:37:23,2026-04-01 06:30:00
SCR-0003390,HS-001490,0,23,2025-09-26 05:16:51,2026-04-01 06:30:00
SCR-0003391,HS-001490,23,44,2025-10-04 16:42:56,2026-04-01 06:30:00
SCR-0003392,HS-001490,44,79,2025-10-05 11:43:32,2026-04-01 06:30:00
SCR-0003393,HS-001491,0,22,2025-10-02 12:13:19,2026-04-01 06:30:00
SCR-0003394,HS-001491,22,38,2025-10-21 19:58:38,2026-04-01 06:30:00
SCR-0003395,HS-001492,0,9,2025-09-03 00:15:15,2026-04-01 06:30:00
SCR-0003396,HS-001492,9,23,2025-09-18 04:02:15,2026-04-01 06:30:00
SCR-0003397,HS-001493,0,12,2025-10-15 03:47:35,2026-04-01 06:30:00
SCR-0003398,HS-001493,12,41,2025-10-20 10:51:27,2026-04-01 06:30:00
SCR-0003399,HS-001493,41,70,2025-10-22 17:02:40,2026-04-01 06:30:00
SCR-0003400,HS-001494,0,9,2025-10-18 16:33:33,2026-04-01 06:30:00
SCR-0003401,HS-001494,9,45,2025-10-21 23:53:22,2026-04-01 06:30:00
SCR-0003402,HS-001494,45,55,2025-10-23 05:05:56,2026-04-01 06:30:00
SCR-0003403,HS-001495,0,24,2025-12-25 08:03:36,2026-04-01 06:30:00
SCR-0003404,HS-001495,24,46,2025-12-30 12:19:56,2026-04-01 06:30:00
SCR-0003405,HS-001495,46,77,2026-01-02 06:54:41,2026-04-01 06:30:00
SCR-0003406,HS-001496,0,15,2025-10-02 10:14:40,2026-04-01 06:30:00
SCR-0003407,HS-001496,15,36,2025-10-06 16:18:53,2026-04-01 06:30:00
SCR-0003408,HS-001497,0,16,2025-10-09 14:15:49,2026-04-01 06:30:00
SCR-0003409,HS-001498,0,18,2026-03-01 21:52:06,2026-04-01 06:30:00
SCR-0003410,HS-001498,18,44,2026-03-09 10:55:59,2026-04-01 06:30:00
SCR-0003411,HS-001498,44,82,2026-03-11 16:44:04,2026-04-01 06:30:00
SCR-0003412,HS-001499,0,10,2025-10-22 17:50:24,2026-04-01 06:30:00
SCR-0003413,HS-001499,10,37,2025-10-30 03:51:40,2026-04-01 06:30:00
SCR-0003414,HS-001500,0,20,2026-01-02 17:42:35,2026-04-01 06:30:00
SCR-0003415,HS-001500,20,42,2026-01-27 00:45:33,2026-04-01 06:30:00
SCR-0003416,HS-001500,42,69,2026-01-29 20:46:24,2026-04-01 06:30:00
SCR-0003417,HS-001501,0,18,2025-10-30 20:57:29,2026-04-01 06:30:00
SCR-0003418,HS-001501,18,41,2025-11-05 05:08:46,2026-04-01 06:30:00
SCR-0003419,HS-001501,41,82,2025-11-05 10:31:46,2026-04-01 06:30:00
SCR-0003420,HS-001502,0,17,2026-02-01 10:37:12,2026-04-01 06:30:00
SCR-0003421,HS-001502,17,20,2026-02-20 22:51:07,2026-04-01 06:30:00
SCR-0003422,HS-001503,0,24,2025-09-19 08:16:14,2026-04-01 06:30:00
SCR-0003423,HS-001504,0,18,2026-03-13 08:25:37,2026-04-01 06:30:00
SCR-0003424,HS-001504,18,22,2026-03-30 04:06:41,2026-04-01 06:30:00
SCR-0003425,HS-001505,0,14,2025-09-19 19:50:23,2026-04-01 06:30:00
SCR-0003426,HS-001505,14,47,2025-10-08 04:19:25,2026-04-01 06:30:00
SCR-0003427,HS-001505,47,63,2025-10-10 05:39:43,2026-04-01 06:30:00
SCR-0003428,HS-001506,0,12,2026-01-01 06:46:52,2026-04-01 06:30:00
SCR-0003429,HS-001506,12,46,2026-01-06 22:04:52,2026-04-01 06:30:00
SCR-0003430,HS-001506,46,54,2026-01-08 01:33:36,2026-04-01 06:30:00
SCR-0003431,HS-001507,0,7,2025-10-08 22:29:48,2026-04-01 06:30:00
SCR-0003432,HS-001507,7,45,2025-10-19 22:02:36,2026-04-01 06:30:00
SCR-0003433,HS-001507,45,51,2025-10-22 03:28:01,2026-04-01 06:30:00
SCR-0003434,HS-001508,0,22,2025-11-23 00:20:03,2026-04-01 06:30:00
SCR-0003435,HS-001509,0,11,2025-12-17 23:23:14,2026-04-01 06:30:00
SCR-0003436,HS-001509,11,45,2025-12-22 03:01:17,2026-04-01 06:30:00
SCR-0003437,HS-001509,45,82,2025-12-23 10:03:31,2026-04-01 06:30:00
SCR-0003438,HS-001510,0,23,2025-12-15 08:35:14,2026-04-01 06:30:00
SCR-0003439,HS-001510,23,46,2025-12-19 07:11:45,2026-04-01 06:30:00
SCR-0003440,HS-001510,46,82,2025-12-20 13:51:49,2026-04-01 06:30:00
SCR-0003441,HS-001511,0,20,2026-02-01 12:48:07,2026-04-01 06:30:00
SCR-0003442,HS-001511,20,27,2026-02-10 05:13:14,2026-04-01 06:30:00
SCR-0003443,HS-001512,0,16,2026-02-23 09:06:03,2026-04-01 06:30:00
SCR-0003444,HS-001513,0,22,2026-01-17 21:23:43,2026-04-01 06:30:00
SCR-0003445,HS-001513,22,46,2026-01-21 04:32:10,2026-04-01 06:30:00
SCR-0003446,HS-001513,46,67,2026-01-21 12:39:06,2026-04-01 06:30:00
SCR-0003447,HS-001514,0,6,2025-10-15 03:48:17,2026-04-01 06:30:00
SCR-0003448,HS-001514,6,7,2025-10-25 21:41:28,2026-04-01 06:30:00
SCR-0003449,HS-001515,0,5,2025-10-09 06:55:33,2026-04-01 06:30:00
SCR-0003450,HS-001515,5,24,2025-10-16 11:17:46,2026-04-01 06:30:00
SCR-0003451,HS-001516,0,12,2025-09-23 05:05:19,2026-04-01 06:30:00
SCR-0003452,HS-001516,12,44,2025-09-26 15:17:34,2026-04-01 06:30:00
SCR-0003453,HS-001517,0,6,2025-12-11 14:51:18,2026-04-01 06:30:00
SCR-0003454,HS-001517,6,34,2025-12-24 04:08:06,2026-04-01 06:30:00
SCR-0003455,HS-001518,0,23,2025-09-09 19:59:16,2026-04-01 06:30:00
SCR-0003456,HS-001518,23,48,2025-09-14 15:22:58,2026-04-01 06:30:00
SCR-0003457,HS-001518,48,60,2025-09-16 14:36:40,2026-04-01 06:30:00
SCR-0003458,HS-001519,0,13,2026-01-15 21:39:35,2026-04-01 06:30:00
SCR-0003459,HS-001519,13,44,2026-01-18 15:21:38,2026-04-01 06:30:00
SCR-0003460,HS-001519,44,71,2026-01-19 13:56:56,2026-04-01 06:30:00
SCR-0003461,HS-001520,0,12,2025-09-23 00:16:05,2026-04-01 06:30:00
SCR-0003462,HS-001520,12,47,2025-09-28 02:59:06,2026-04-01 06:30:00
SCR-0003463,HS-001521,0,24,2025-10-14 00:46:51,2026-04-01 06:30:00
SCR-0003464,HS-001522,0,11,2026-03-04 11:07:01,2026-04-01 06:30:00
SCR-0003465,HS-001522,11,44,2026-03-27 21:21:00,2026-04-01 06:30:00
SCR-0003466,HS-001523,0,23,2026-02-17 17:33:45,2026-04-01 06:30:00
SCR-0003467,HS-001523,23,43,2026-03-03 12:07:27,2026-04-01 06:30:00
SCR-0003468,HS-001523,43,58,2026-03-06 07:27:49,2026-04-01 06:30:00
SCR-0003469,HS-001524,0,24,2026-03-15 20:10:45,2026-04-01 06:30:00
SCR-0003470,HS-001524,24,26,2026-03-23 23:14:13,2026-04-01 06:30:00
SCR-0003471,HS-001525,0,7,2025-12-21 13:04:31,2026-04-01 06:30:00
SCR-0003472,HS-001525,7,38,2025-12-29 11:23:46,2026-04-01 06:30:00
SCR-0003473,HS-001526,0,9,2025-09-20 08:57:52,2026-04-01 06:30:00
SCR-0003474,HS-001527,0,21,2025-12-09 05:40:26,2026-04-01 06:30:00
SCR-0003475,HS-001528,0,12,2025-11-22 07:54:01,2026-04-01 06:30:00
SCR-0003476,HS-001528,12,47,2025-11-26 06:08:14,2026-04-01 06:30:00
SCR-0003477,HS-001528,47,83,2025-11-27 22:00:33,2026-04-01 06:30:00
SCR-0003478,HS-001529,0,18,2025-10-04 12:40:15,2026-04-01 06:30:00
SCR-0003479,HS-001529,18,47,2025-10-10 08:46:20,2026-04-01 06:30:00
SCR-0003480,HS-001530,0,17,2026-02-13 10:12:14,2026-04-01 06:30:00
SCR-0003481,HS-001530,17,28,2026-02-17 00:44:27,2026-04-01 06:30:00
SCR-0003482,HS-001531,0,19,2025-12-30 16:53:12,2026-04-01 06:30:00
SCR-0003483,HS-001531,19,45,2026-01-02 01:26:33,2026-04-01 06:30:00
SCR-0003484,HS-001531,45,67,2026-01-04 01:51:21,2026-04-01 06:30:00
SCR-0003485,HS-001532,0,17,2026-01-22 12:23:11,2026-04-01 06:30:00
SCR-0003486,HS-001532,17,42,2026-01-27 02:36:17,2026-04-01 06:30:00
SCR-0003487,HS-001532,42,81,2026-01-28 14:48:24,2026-04-01 06:30:00
SCR-0003488,HS-001533,0,23,2026-02-04 15:18:04,2026-04-01 06:30:00
SCR-0003489,HS-001533,23,43,2026-02-13 21:18:17,2026-04-01 06:30:00
SCR-0003490,HS-001533,43,82,2026-02-16 05:41:02,2026-04-01 06:30:00
SCR-0003491,HS-001534,0,13,2025-09-19 02:11:36,2026-04-01 06:30:00
SCR-0003492,HS-001535,0,13,2025-09-07 22:10:31,2026-04-01 06:30:00
SCR-0003493,HS-001536,0,12,2026-03-15 06:32:14,2026-04-01 06:30:00
SCR-0003494,HS-001536,12,42,2026-03-19 16:54:47,2026-04-01 06:30:00
SCR-0003495,HS-001536,42,55,2026-03-21 20:06:40,2026-04-01 06:30:00
SCR-0003496,HS-001537,0,21,2025-09-29 13:07:30,2026-04-01 06:30:00
SCR-0003497,HS-001538,0,6,2025-11-25 18:55:29,2026-04-01 06:30:00
SCR-0003498,HS-001538,6,43,2025-12-01 09:49:18,2026-04-01 06:30:00
SCR-0003499,HS-001538,43,88,2025-12-03 20:42:42,2026-04-01 06:30:00
SCR-0003500,HS-001539,0,8,2025-10-20 17:44:51,2026-04-01 06:30:00
SCR-0003501,HS-001539,8,10,2025-10-24 15:48:16,2026-04-01 06:30:00
SCR-0003502,HS-001540,0,22,2025-10-01 09:01:08,2026-04-01 06:30:00
SCR-0003503,HS-001541,0,22,2026-01-08 05:14:33,2026-04-01 06:30:00
SCR-0003504,HS-001542,0,9,2025-12-26 06:56:11,2026-04-01 06:30:00
SCR-0003505,HS-001542,9,37,2026-01-01 12:23:07,2026-04-01 06:30:00
SCR-0003506,HS-001543,0,12,2026-02-25 18:35:13,2026-04-01 06:30:00
SCR-0003507,HS-001544,0,9,2025-11-30 10:12:06,2026-04-01 06:30:00
SCR-0003508,HS-001544,9,32,2025-12-04 14:44:31,2026-04-01 06:30:00
SCR-0003509,HS-001545,0,10,2025-12-07 04:23:30,2026-04-01 06:30:00
SCR-0003510,HS-001545,10,43,2025-12-14 12:24:10,2026-04-01 06:30:00
SCR-0003511,HS-001545,43,69,2025-12-14 20:27:04,2026-04-01 06:30:00
SCR-0003512,HS-001546,0,17,2025-09-23 07:06:17,2026-04-01 06:30:00
SCR-0003513,HS-001546,17,41,2025-09-28 05:03:09,2026-04-01 06:30:00
SCR-0003514,HS-001546,41,68,2025-09-28 05:29:53,2026-04-01 06:30:00
SCR-0003515,HS-001547,0,11,2025-12-24 23:19:54,2026-04-01 06:30:00
SCR-0003516,HS-001547,11,41,2026-01-02 05:31:58,2026-04-01 06:30:00
SCR-0003517,HS-001547,41,82,2026-01-02 16:23:16,2026-04-01 06:30:00
SCR-0003518,HS-001548,0,11,2026-02-05 04:01:45,2026-04-01 06:30:00
SCR-0003519,HS-001548,11,38,2026-02-13 00:34:33,2026-04-01 06:30:00
SCR-0003520,HS-001549,0,8,2026-02-21 19:27:18,2026-04-01 06:30:00
SCR-0003521,HS-001549,8,40,2026-02-24 09:14:27,2026-04-01 06:30:00
SCR-0003522,HS-001549,40,67,2026-02-25 20:28:45,2026-04-01 06:30:00
SCR-0003523,HS-001550,0,14,2026-01-12 10:07:58,2026-04-01 06:30:00
SCR-0003524,HS-001550,14,40,2026-01-15 15:21:32,2026-04-01 06:30:00
SCR-0003525,HS-001550,40,63,2026-01-18 00:36:39,2026-04-01 06:30:00
SCR-0003526,HS-001551,0,17,2026-02-24 02:54:45,2026-04-01 06:30:00
SCR-0003527,HS-001551,17,43,2026-03-14 02:42:49,2026-04-01 06:30:00
SCR-0003528,HS-001551,43,73,2026-03-16 20:08:05,2026-04-01 06:30:00
SCR-0003529,HS-001552,0,18,2026-01-14 13:02:40,2026-04-01 06:30:00
SCR-0003530,HS-001552,18,48,2026-01-18 05:33:59,2026-04-01 06:30:00
SCR-0003531,HS-001552,48,52,2026-01-19 17:43:08,2026-04-01 06:30:00
SCR-0003532,HS-001553,0,21,2026-03-20 17:39:38,2026-04-01 06:30:00
SCR-0003533,HS-001553,21,47,2026-03-24 04:44:49,2026-04-01 06:30:00
SCR-0003534,HS-001554,0,21,2025-10-15 04:43:14,2026-04-01 06:30:00
SCR-0003535,HS-001554,21,43,2025-10-18 19:25:22,2026-04-01 06:30:00
SCR-0003536,HS-001554,43,59,2025-10-21 16:48:24,2026-04-01 06:30:00
SCR-0003537,HS-001555,0,14,2025-10-07 19:28:22,2026-04-01 06:30:00
SCR-0003538,HS-001555,14,48,2025-10-21 22:52:13,2026-04-01 06:30:00
SCR-0003539,HS-001555,48,69,2025-10-24 15:32:14,2026-04-01 06:30:00
SCR-0003540,HS-001556,0,10,2025-11-08 19:29:38,2026-04-01 06:30:00
SCR-0003541,HS-001556,10,20,2025-11-19 18:00:50,2026-04-01 06:30:00
SCR-0003542,HS-001557,0,12,2026-03-07 00:07:09,2026-04-01 06:30:00
SCR-0003543,HS-001557,12,20,2026-03-12 08:47:34,2026-04-01 06:30:00
SCR-0003544,HS-001558,0,17,2025-09-15 02:20:17,2026-04-01 06:30:00
SCR-0003545,HS-001559,0,14,2025-09-29 04:39:39,2026-04-01 06:30:00
SCR-0003546,HS-001559,14,40,2025-10-07 22:39:45,2026-04-01 06:30:00
SCR-0003547,HS-001559,40,60,2025-10-09 10:07:59,2026-04-01 06:30:00
SCR-0003548,HS-001560,0,23,2025-10-17 22:20:12,2026-04-01 06:30:00
SCR-0003549,HS-001560,23,42,2025-10-26 17:41:33,2026-04-01 06:30:00
SCR-0003550,HS-001560,42,51,2025-10-28 14:07:02,2026-04-01 06:30:00
SCR-0003551,HS-001561,0,15,2026-02-22 06:20:17,2026-04-01 06:30:00
SCR-0003552,HS-001562,0,5,2025-12-17 16:42:29,2026-04-01 06:30:00
SCR-0003553,HS-001562,5,16,2025-12-22 08:59:24,2026-04-01 06:30:00
SCR-0003554,HS-001563,0,16,2026-01-01 01:01:27,2026-04-01 06:30:00
SCR-0003555,HS-001563,16,41,2026-01-02 21:11:56,2026-04-01 06:30:00
SCR-0003556,HS-001563,41,62,2026-01-04 20:23:12,2026-04-01 06:30:00
SCR-0003557,HS-001564,0,6,2026-01-08 22:45:12,2026-04-01 06:30:00
SCR-0003558,HS-001564,6,46,2026-01-17 14:30:21,2026-04-01 06:30:00
SCR-0003559,HS-001564,46,73,2026-01-18 02:37:32,2026-04-01 06:30:00
SCR-0003560,HS-001565,0,17,2026-03-20 19:40:33,2026-04-01 06:30:00
SCR-0003561,HS-001565,17,21,2026-03-25 05:22:37,2026-04-01 06:30:00
SCR-0003562,HS-001566,0,18,2025-11-13 06:54:03,2026-04-01 06:30:00
SCR-0003563,HS-001566,18,40,2025-11-15 08:31:55,2026-04-01 06:30:00
SCR-0003564,HS-001566,40,83,2025-11-17 17:18:42,2026-04-01 06:30:00
SCR-0003565,HS-001567,0,24,2026-03-17 02:26:21,2026-04-01 06:30:00
SCR-0003566,HS-001567,24,48,2026-03-20 11:53:35,2026-04-01 06:30:00
SCR-0003567,HS-001567,48,53,2026-03-23 08:52:16,2026-04-01 06:30:00
SCR-0003568,HS-001568,0,16,2026-02-22 07:25:01,2026-04-01 06:30:00
SCR-0003569,HS-001569,0,24,2025-11-03 05:55:45,2026-04-01 06:30:00
SCR-0003570,HS-001569,24,37,2025-11-17 04:39:24,2026-04-01 06:30:00
SCR-0003571,HS-001570,0,20,2025-10-13 10:40:45,2026-04-01 06:30:00
SCR-0003572,HS-001571,0,15,2025-09-22 06:10:18,2026-04-01 06:30:00
SCR-0003573,HS-001571,15,40,2025-10-14 19:40:40,2026-04-01 06:30:00
SCR-0003574,HS-001571,40,71,2025-10-17 03:24:40,2026-04-01 06:30:00
SCR-0003575,HS-001572,0,14,2025-10-07 16:32:31,2026-04-01 06:30:00
SCR-0003576,HS-001572,14,46,2025-10-30 04:09:09,2026-04-01 06:30:00
SCR-0003577,HS-001572,46,88,2025-11-01 04:30:38,2026-04-01 06:30:00
SCR-0003578,HS-001573,0,22,2026-01-24 00:48:01,2026-04-01 06:30:00
SCR-0003579,HS-001573,22,27,2026-02-08 13:02:42,2026-04-01 06:30:00
SCR-0003580,HS-001574,0,13,2026-01-30 04:29:53,2026-04-01 06:30:00
SCR-0003581,HS-001574,13,48,2026-02-03 12:00:02,2026-04-01 06:30:00
SCR-0003582,HS-001574,48,60,2026-02-04 23:30:07,2026-04-01 06:30:00
SCR-0003583,HS-001575,0,6,2026-01-20 22:05:26,2026-04-01 06:30:00
SCR-0003584,HS-001575,6,31,2026-02-07 05:43:41,2026-04-01 06:30:00
SCR-0003585,HS-001576,0,18,2026-01-25 15:58:56,2026-04-01 06:30:00
SCR-0003586,HS-001576,18,28,2026-02-13 11:25:19,2026-04-01 06:30:00
SCR-0003587,HS-001577,0,23,2025-11-06 05:00:49,2026-04-01 06:30:00
SCR-0003588,HS-001577,23,25,2025-11-07 16:26:24,2026-04-01 06:30:00
SCR-0003589,HS-001578,0,23,2026-03-10 12:40:59,2026-04-01 06:30:00
SCR-0003590,HS-001578,23,38,2026-03-29 15:28:03,2026-04-01 06:30:00
SCR-0003591,HS-001579,0,6,2025-12-19 14:54:17,2026-04-01 06:30:00
SCR-0003592,HS-001579,6,46,2026-01-01 07:15:41,2026-04-01 06:30:00
SCR-0003593,HS-001579,46,74,2026-01-03 04:42:19,2026-04-01 06:30:00
SCR-0003594,HS-001580,0,19,2026-03-25 17:04:57,2026-04-01 06:30:00
SCR-0003595,HS-001580,19,39,2026-04-04 02:57:11,2026-04-01 06:30:00
SCR-0003596,HS-001581,0,16,2025-10-13 18:33:00,2026-04-01 06:30:00
SCR-0003597,HS-001581,16,45,2025-10-29 16:37:41,2026-04-01 06:30:00
SCR-0003598,HS-001581,45,58,2025-10-30 18:45:04,2026-04-01 06:30:00
SCR-0003599,HS-001582,0,21,2025-11-10 06:55:52,2026-04-01 06:30:00
SCR-0003600,HS-001582,21,31,2025-11-29 03:55:19,2026-04-01 06:30:00
SCR-0003601,HS-001583,0,6,2026-02-22 17:57:16,2026-04-01 06:30:00
SCR-0003602,HS-001583,6,10,2026-03-07 18:18:27,2026-04-01 06:30:00
SCR-0003603,HS-001584,0,11,2026-02-15 12:03:40,2026-04-01 06:30:00
SCR-0003604,HS-001584,11,46,2026-02-26 18:31:41,2026-04-01 06:30:00
SCR-0003605,HS-001584,46,58,2026-03-01 05:31:03,2026-04-01 06:30:00
SCR-0003606,HS-001585,0,6,2025-09-12 06:18:37,2026-04-01 06:30:00
SCR-0003607,HS-001585,6,23,2025-09-22 21:03:27,2026-04-01 06:30:00
SCR-0003608,HS-001586,0,20,2025-12-08 23:26:38,2026-04-01 06:30:00
SCR-0003609,HS-001586,20,45,2025-12-22 18:20:13,2026-04-01 06:30:00
SCR-0003610,HS-001586,45,87,2025-12-23 00:04:31,2026-04-01 06:30:00
SCR-0003611,HS-001587,0,6,2025-09-27 07:19:20,2026-04-01 06:30:00
SCR-0003612,HS-001587,6,49,2025-09-29 11:12:28,2026-04-01 06:30:00
SCR-0003613,HS-001588,0,23,2025-09-11 19:24:02,2026-04-01 06:30:00
SCR-0003614,HS-001589,0,9,2025-11-10 13:08:18,2026-04-01 06:30:00
SCR-0003615,HS-001589,9,36,2025-11-11 19:08:21,2026-04-01 06:30:00
SCR-0003616,HS-001590,0,13,2025-09-06 15:45:36,2026-04-01 06:30:00
SCR-0003617,HS-001590,13,25,2025-09-21 00:02:04,2026-04-01 06:30:00
SCR-0003618,HS-001591,0,9,2025-09-22 09:12:44,2026-04-01 06:30:00
SCR-0003619,HS-001591,9,28,2025-09-30 22:39:00,2026-04-01 06:30:00
SCR-0003620,HS-001592,0,13,2025-09-02 15:07:20,2026-04-01 06:30:00
SCR-0003621,HS-001592,13,15,2025-09-15 19:36:53,2026-04-01 06:30:00
SCR-0003622,HS-001593,0,17,2025-11-23 17:31:52,2026-04-01 06:30:00
SCR-0003623,HS-001593,17,24,2025-12-13 05:07:57,2026-04-01 06:30:00
SCR-0003624,HS-001594,0,15,2025-11-16 02:28:15,2026-04-01 06:30:00
SCR-0003625,HS-001594,15,23,2025-11-19 00:26:39,2026-04-01 06:30:00
SCR-0003626,HS-001595,0,11,2025-10-10 16:32:36,2026-04-01 06:30:00
SCR-0003627,HS-001595,11,27,2025-10-28 04:15:41,2026-04-01 06:30:00
SCR-0003628,HS-001596,0,16,2026-03-26 21:03:51,2026-04-01 06:30:00
SCR-0003629,HS-001596,16,46,2026-03-29 07:24:52,2026-04-01 06:30:00
SCR-0003630,HS-001596,46,88,2026-03-30 19:04:59,2026-04-01 06:30:00
SCR-0003631,HS-001597,0,10,2025-10-25 21:35:12,2026-04-01 06:30:00
SCR-0003632,HS-001597,10,16,2025-11-06 00:39:28,2026-04-01 06:30:00
SCR-0003633,HS-001598,0,7,2026-01-14 06:32:54,2026-04-01 06:30:00
SCR-0003634,HS-001598,7,41,2026-01-21 09:37:27,2026-04-01 06:30:00
SCR-0003635,HS-001598,41,64,2026-01-21 09:41:57,2026-04-01 06:30:00
SCR-0003636,HS-001599,0,6,2025-09-16 15:04:42,2026-04-01 06:30:00
SCR-0003637,HS-001599,6,15,2025-09-20 20:01:26,2026-04-01 06:30:00
SCR-0003638,HS-001600,0,5,2025-12-07 18:38:25,2026-04-01 06:30:00
SCR-0003639,HS-001600,5,8,2025-12-21 23:18:57,2026-04-01 06:30:00
SCR-0003640,HS-001601,0,24,2025-10-01 17:33:09,2026-04-01 06:30:00
SCR-0003641,HS-001601,24,44,2025-10-05 00:50:09,2026-04-01 06:30:00
SCR-0003642,HS-001601,44,57,2025-10-07 19:32:31,2026-04-01 06:30:00
SCR-0003643,HS-001602,0,10,2025-09-04 20:20:17,2026-04-01 06:30:00
SCR-0003644,HS-001602,10,11,2025-09-22 05:26:24,2026-04-01 06:30:00
SCR-0003645,HS-001603,0,12,2025-11-28 14:33:50,2026-04-01 06:30:00
SCR-0003646,HS-001604,0,7,2025-12-03 15:30:06,2026-04-01 06:30:00
SCR-0003647,HS-001604,7,25,2025-12-05 21:50:49,2026-04-01 06:30:00
SCR-0003648,HS-001605,0,22,2025-11-25 18:41:10,2026-04-01 06:30:00
SCR-0003649,HS-001605,22,46,2025-12-07 07:45:58,2026-04-01 06:30:00
SCR-0003650,HS-001605,46,71,2025-12-08 06:30:08,2026-04-01 06:30:00
SCR-0003651,HS-001606,0,10,2025-10-24 01:41:57,2026-04-01 06:30:00
SCR-0003652,HS-001606,10,46,2025-11-08 04:12:43,2026-04-01 06:30:00
SCR-0003653,HS-001606,46,65,2025-11-09 07:02:08,2026-04-01 06:30:00
SCR-0003654,HS-001607,0,10,2026-02-03 04:48:36,2026-04-01 06:30:00
SCR-0003655,HS-001607,10,29,2026-02-15 04:03:30,2026-04-01 06:30:00
SCR-0003656,HS-001608,0,16,2025-10-04 06:28:35,2026-04-01 06:30:00
SCR-0003657,HS-001608,16,38,2025-10-19 02:49:45,2026-04-01 06:30:00
SCR-0003658,HS-001609,0,24,2026-03-06 18:33:20,2026-04-01 06:30:00
SCR-0003659,HS-001609,24,42,2026-03-18 05:23:04,2026-04-01 06:30:00
SCR-0003660,HS-001609,42,72,2026-03-21 03:18:35,2026-04-01 06:30:00
SCR-0003661,HS-001610,0,15,2026-02-19 05:14:18,2026-04-01 06:30:00
SCR-0003662,HS-001611,0,5,2025-10-20 06:18:57,2026-04-01 06:30:00
SCR-0003663,HS-001611,5,28,2025-10-28 23:28:32,2026-04-01 06:30:00
SCR-0003664,HS-001612,0,13,2025-09-30 22:28:13,2026-04-01 06:30:00
SCR-0003665,HS-001612,13,46,2025-10-09 23:22:27,2026-04-01 06:30:00
SCR-0003666,HS-001612,46,61,2025-10-11 12:02:12,2026-04-01 06:30:00
SCR-0003667,HS-001613,0,5,2026-02-09 13:46:53,2026-04-01 06:30:00
SCR-0003668,HS-001613,5,27,2026-02-28 02:59:26,2026-04-01 06:30:00
SCR-0003669,HS-001614,0,19,2026-02-20 18:46:38,2026-04-01 06:30:00
SCR-0003670,HS-001614,19,46,2026-03-01 20:18:49,2026-04-01 06:30:00
SCR-0003671,HS-001614,46,88,2026-03-02 01:48:24,2026-04-01 06:30:00
SCR-0003672,HS-001615,0,5,2025-12-25 23:50:03,2026-04-01 06:30:00
SCR-0003673,HS-001615,5,47,2026-01-02 21:00:27,2026-04-01 06:30:00
SCR-0003674,HS-001615,47,65,2026-01-03 11:06:44,2026-04-01 06:30:00
SCR-0003675,HS-001616,0,11,2025-09-20 23:29:18,2026-04-01 06:30:00
SCR-0003676,HS-001617,0,9,2026-03-01 15:22:25,2026-04-01 06:30:00
SCR-0003677,HS-001618,0,21,2025-11-26 13:47:04,2026-04-01 06:30:00
SCR-0003678,HS-001618,21,48,2025-12-01 05:03:39,2026-04-01 06:30:00
SCR-0003679,HS-001618,48,56,2025-12-02 23:22:26,2026-04-01 06:30:00
SCR-0003680,HS-001619,0,9,2025-10-18 13:58:16,2026-04-01 06:30:00
SCR-0003681,HS-001619,9,32,2025-10-30 19:12:47,2026-04-01 06:30:00
SCR-0003682,HS-001620,0,14,2025-10-13 06:37:31,2026-04-01 06:30:00
SCR-0003683,HS-001620,14,24,2025-10-16 13:43:38,2026-04-01 06:30:00
SCR-0003684,HS-001621,0,21,2025-10-13 05:59:30,2026-04-01 06:30:00
SCR-0003685,HS-001621,21,42,2025-10-16 08:00:07,2026-04-01 06:30:00
SCR-0003686,HS-001621,42,87,2025-10-18 04:34:00,2026-04-01 06:30:00
SCR-0003687,HS-001622,0,19,2025-12-14 06:29:25,2026-04-01 06:30:00
SCR-0003688,HS-001622,19,37,2025-12-17 09:31:46,2026-04-01 06:30:00
SCR-0003689,HS-001623,0,10,2025-09-06 04:58:05,2026-04-01 06:30:00
SCR-0003690,HS-001623,10,48,2025-09-13 16:18:53,2026-04-01 06:30:00
SCR-0003691,HS-001623,48,82,2025-09-15 19:58:13,2026-04-01 06:30:00
SCR-0003692,HS-001624,0,18,2025-11-20 18:55:13,2026-04-01 06:30:00
SCR-0003693,HS-001624,18,32,2025-11-28 16:36:52,2026-04-01 06:30:00
SCR-0003694,HS-001625,0,16,2025-09-10 11:26:53,2026-04-01 06:30:00
SCR-0003695,HS-001625,16,44,2025-09-14 18:55:15,2026-04-01 06:30:00
SCR-0003696,HS-001625,44,69,2025-09-15 08:57:08,2026-04-01 06:30:00
SCR-0003697,HS-001626,0,8,2025-09-29 19:17:06,2026-04-01 06:30:00
SCR-0003698,HS-001626,8,28,2025-10-04 15:23:48,2026-04-01 06:30:00
SCR-0003699,HS-001627,0,14,2026-03-26 03:30:52,2026-04-01 06:30:00
SCR-0003700,HS-001627,14,24,2026-04-08 02:29:17,2026-04-01 06:30:00
SCR-0003701,HS-001628,0,14,2025-12-27 21:04:56,2026-04-01 06:30:00
SCR-0003702,HS-001628,14,23,2025-12-29 02:44:07,2026-04-01 06:30:00
SCR-0003703,HS-001629,0,10,2025-10-24 00:20:01,2026-04-01 06:30:00
SCR-0003704,HS-001629,10,31,2025-11-11 09:03:20,2026-04-01 06:30:00
SCR-0003705,HS-001630,0,18,2025-10-19 16:44:38,2026-04-01 06:30:00
SCR-0003706,HS-001630,18,26,2025-11-01 11:27:25,2026-04-01 06:30:00
SCR-0003707,HS-001631,0,5,2026-02-17 02:38:56,2026-04-01 06:30:00
SCR-0003708,HS-001631,5,48,2026-03-05 04:38:34,2026-04-01 06:30:00
SCR-0003709,HS-001631,48,64,2026-03-05 11:14:58,2026-04-01 06:30:00
SCR-0003710,HS-001632,0,13,2026-01-15 05:34:18,2026-04-01 06:30:00
SCR-0003711,HS-001632,13,40,2026-01-24 08:56:46,2026-04-01 06:30:00
SCR-0003712,HS-001632,40,68,2026-01-26 14:28:01,2026-04-01 06:30:00
SCR-0003713,HS-001633,0,12,2025-08-27 09:11:42,2026-04-01 06:30:00
SCR-0003714,HS-001633,12,48,2025-09-04 09:05:54,2026-04-01 06:30:00
SCR-0003715,HS-001633,48,83,2025-09-07 08:13:01,2026-04-01 06:30:00
SCR-0003716,HS-001634,0,23,2026-02-24 21:45:12,2026-04-01 06:30:00
SCR-0003717,HS-001634,23,24,2026-03-09 22:17:41,2026-04-01 06:30:00
SCR-0003718,HS-001635,0,22,2026-03-11 01:56:27,2026-04-01 06:30:00
SCR-0003719,HS-001635,22,48,2026-03-25 20:45:03,2026-04-01 06:30:00
SCR-0003720,HS-001635,48,53,2026-03-26 03:02:32,2026-04-01 06:30:00
SCR-0003721,HS-001636,0,11,2025-11-06 07:30:52,2026-04-01 06:30:00
SCR-0003722,HS-001636,11,46,2025-11-22 03:13:21,2026-04-01 06:30:00
SCR-0003723,HS-001636,46,61,2025-11-24 21:41:11,2026-04-01 06:30:00
SCR-0003724,HS-001637,0,10,2025-11-25 03:05:25,2026-04-01 06:30:00
SCR-0003725,HS-001637,10,27,2025-12-02 12:24:17,2026-04-01 06:30:00
SCR-0003726,HS-001638,0,6,2025-09-13 20:53:23,2026-04-01 06:30:00
SCR-0003727,HS-001638,6,47,2025-09-25 16:02:09,2026-04-01 06:30:00
SCR-0003728,HS-001639,0,5,2025-11-22 07:04:30,2026-04-01 06:30:00
SCR-0003729,HS-001639,5,37,2025-11-25 17:56:55,2026-04-01 06:30:00
SCR-0003730,HS-001640,0,12,2026-01-28 05:03:06,2026-04-01 06:30:00
SCR-0003731,HS-001641,0,24,2025-12-15 02:26:15,2026-04-01 06:30:00
SCR-0003732,HS-001641,24,34,2025-12-18 18:44:14,2026-04-01 06:30:00
SCR-0003733,HS-001642,0,23,2025-10-26 23:01:35,2026-04-01 06:30:00
SCR-0003734,HS-001642,23,46,2025-11-16 20:59:55,2026-04-01 06:30:00
SCR-0003735,HS-001642,46,51,2025-11-18 19:47:18,2026-04-01 06:30:00
SCR-0003736,HS-001643,0,23,2025-09-15 20:33:27,2026-04-01 06:30:00
SCR-0003737,HS-001644,0,23,2026-03-21 01:36:56,2026-04-01 06:30:00
SCR-0003738,HS-001644,23,36,2026-03-24 04:26:26,2026-04-01 06:30:00
SCR-0003739,HS-001645,0,11,2025-11-04 18:13:09,2026-04-01 06:30:00
SCR-0003740,HS-001645,11,31,2025-11-14 23:34:06,2026-04-01 06:30:00
SCR-0003741,HS-001646,0,5,2025-11-30 09:51:15,2026-04-01 06:30:00
SCR-0003742,HS-001646,5,46,2025-12-10 07:06:03,2026-04-01 06:30:00
SCR-0003743,HS-001646,46,86,2025-12-12 02:22:21,2026-04-01 06:30:00
SCR-0003744,HS-001647,0,10,2025-09-22 14:29:38,2026-04-01 06:30:00
SCR-0003745,HS-001647,10,31,2025-09-28 01:03:58,2026-04-01 06:30:00
SCR-0003746,HS-001648,0,9,2025-11-19 12:29:48,2026-04-01 06:30:00
SCR-0003747,HS-001648,9,28,2025-11-27 12:02:27,2026-04-01 06:30:00
SCR-0003748,HS-001649,0,12,2026-01-31 05:40:08,2026-04-01 06:30:00
SCR-0003749,HS-001649,12,32,2026-02-07 01:48:33,2026-04-01 06:30:00
SCR-0003750,HS-001650,0,20,2025-12-11 17:11:54,2026-04-01 06:30:00
SCR-0003751,HS-001650,20,43,2025-12-22 11:58:16,2026-04-01 06:30:00
SCR-0003752,HS-001650,43,75,2025-12-22 23:20:08,2026-04-01 06:30:00
SCR-0003753,HS-001651,0,10,2026-02-20 17:55:09,2026-04-01 06:30:00
SCR-0003754,HS-001651,10,33,2026-03-01 21:43:39,2026-04-01 06:30:00
SCR-0003755,HS-001652,0,8,2026-01-16 17:48:02,2026-04-01 06:30:00
SCR-0003756,HS-001652,8,45,2026-01-28 06:03:14,2026-04-01 06:30:00
SCR-0003757,HS-001652,45,74,2026-01-29 10:09:08,2026-04-01 06:30:00
SCR-0003758,HS-001653,0,18,2025-10-04 08:38:02,2026-04-01 06:30:00
SCR-0003759,HS-001653,18,47,2025-10-11 03:35:02,2026-04-01 06:30:00
SCR-0003760,HS-001653,47,79,2025-10-12 18:17:32,2026-04-01 06:30:00
SCR-0003761,HS-001654,0,15,2025-11-17 02:40:46,2026-04-01 06:30:00
SCR-0003762,HS-001654,15,46,2025-11-28 11:28:57,2026-04-01 06:30:00
SCR-0003763,HS-001654,46,81,2025-11-30 11:49:45,2026-04-01 06:30:00
SCR-0003764,HS-001655,0,19,2025-12-01 09:07:33,2026-04-01 06:30:00
SCR-0003765,HS-001655,19,45,2025-12-15 08:39:53,2026-04-01 06:30:00
SCR-0003766,HS-001655,45,71,2025-12-17 05:27:59,2026-04-01 06:30:00
SCR-0003767,HS-001656,0,21,2026-01-08 21:16:05,2026-04-01 06:30:00
SCR-0003768,HS-001656,21,31,2026-01-24 04:06:44,2026-04-01 06:30:00
SCR-0003769,HS-001657,0,24,2025-08-30 19:30:13,2026-04-01 06:30:00
SCR-0003770,HS-001657,24,45,2025-09-02 22:56:23,2026-04-01 06:30:00
SCR-0003771,HS-001657,45,56,2025-09-04 01:52:23,2026-04-01 06:30:00
SCR-0003772,HS-001658,0,5,2025-12-21 13:22:42,2026-04-01 06:30:00
SCR-0003773,HS-001658,5,27,2026-01-05 02:31:08,2026-04-01 06:30:00
SCR-0003774,HS-001659,0,5,2025-09-11 03:10:12,2026-04-01 06:30:00
SCR-0003775,HS-001659,5,43,2025-10-08 07:04:22,2026-04-01 06:30:00
SCR-0003776,HS-001659,43,69,2025-10-10 21:36:25,2026-04-01 06:30:00
SCR-0003777,HS-001660,0,10,2026-01-08 18:41:19,2026-04-01 06:30:00
SCR-0003778,HS-001660,10,40,2026-01-13 05:25:05,2026-04-01 06:30:00
SCR-0003779,HS-001660,40,61,2026-01-15 21:26:23,2026-04-01 06:30:00
SCR-0003780,HS-001661,0,12,2025-10-19 12:52:10,2026-04-01 06:30:00
SCR-0003781,HS-001661,12,19,2025-10-27 05:17:29,2026-04-01 06:30:00
SCR-0003782,HS-001662,0,16,2025-10-09 00:13:28,2026-04-01 06:30:00
SCR-0003783,HS-001662,16,34,2025-10-15 14:34:52,2026-04-01 06:30:00
SCR-0003784,HS-001663,0,15,2025-11-02 10:17:46,2026-04-01 06:30:00
SCR-0003785,HS-001663,15,19,2025-11-03 22:52:08,2026-04-01 06:30:00
SCR-0003786,HS-001664,0,16,2026-03-12 21:03:33,2026-04-01 06:30:00
SCR-0003787,HS-001664,16,44,2026-03-26 11:59:58,2026-04-01 06:30:00
SCR-0003788,HS-001664,44,65,2026-03-28 04:55:14,2026-04-01 06:30:00
SCR-0003789,HS-001665,0,21,2025-11-23 17:56:23,2026-04-01 06:30:00
SCR-0003790,HS-001665,21,43,2025-11-30 01:45:12,2026-04-01 06:30:00
SCR-0003791,HS-001665,43,70,2025-11-30 08:39:45,2026-04-01 06:30:00
SCR-0003792,HS-001666,0,16,2025-08-26 11:05:18,2026-04-01 06:30:00
SCR-0003793,HS-001666,16,45,2025-09-01 21:39:01,2026-04-01 06:30:00
SCR-0003794,HS-001666,45,90,2025-09-02 16:18:46,2026-04-01 06:30:00
SCR-0003795,HS-001667,0,22,2025-12-24 16:25:51,2026-04-01 06:30:00
SCR-0003796,HS-001667,22,45,2026-01-22 22:36:17,2026-04-01 06:30:00
SCR-0003797,HS-001667,45,73,2026-01-24 13:49:54,2026-04-01 06:30:00
SCR-0003798,HS-001668,0,12,2026-01-31 16:54:53,2026-04-01 06:30:00
SCR-0003799,HS-001668,12,40,2026-02-11 07:32:47,2026-04-01 06:30:00
SCR-0003800,HS-001668,40,80,2026-02-11 08:16:46,2026-04-01 06:30:00
SCR-0003801,HS-001669,0,15,2026-02-28 18:23:26,2026-04-01 06:30:00
SCR-0003802,HS-001669,15,28,2026-03-06 15:59:15,2026-04-01 06:30:00
SCR-0003803,HS-001670,0,10,2026-03-04 21:46:56,2026-04-01 06:30:00
SCR-0003804,HS-001670,10,21,2026-03-17 13:32:23,2026-04-01 06:30:00
SCR-0003805,HS-001671,0,16,2026-01-14 14:50:28,2026-04-01 06:30:00
SCR-0003806,HS-001671,16,21,2026-01-27 17:34:59,2026-04-01 06:30:00
SCR-0003807,HS-001672,0,20,2025-11-18 19:15:28,2026-04-01 06:30:00
SCR-0003808,HS-001672,20,47,2025-12-11 22:52:17,2026-04-01 06:30:00
SCR-0003809,HS-001672,47,68,2025-12-12 20:08:30,2026-04-01 06:30:00
SCR-0003810,HS-001673,0,11,2025-09-30 16:22:50,2026-04-01 06:30:00
SCR-0003811,HS-001673,11,47,2025-10-04 03:38:22,2026-04-01 06:30:00
SCR-0003812,HS-001673,47,81,2025-10-06 07:19:33,2026-04-01 06:30:00
SCR-0003813,HS-001674,0,17,2025-09-10 12:01:13,2026-04-01 06:30:00
SCR-0003814,HS-001674,17,45,2025-09-17 18:06:31,2026-04-01 06:30:00
SCR-0003815,HS-001674,45,60,2025-09-18 18:40:20,2026-04-01 06:30:00
SCR-0003816,HS-001675,0,24,2026-02-15 05:21:08,2026-04-01 06:30:00
SCR-0003817,HS-001676,0,12,2025-12-14 09:55:54,2026-04-01 06:30:00
SCR-0003818,HS-001677,0,20,2025-10-05 01:58:44,2026-04-01 06:30:00
SCR-0003819,HS-001677,20,46,2025-10-12 23:17:51,2026-04-01 06:30:00
SCR-0003820,HS-001677,46,52,2025-10-13 09:57:14,2026-04-01 06:30:00
SCR-0003821,HS-001678,0,13,2025-12-31 17:53:47,2026-04-01 06:30:00
SCR-0003822,HS-001679,0,8,2025-12-27 11:45:09,2026-04-01 06:30:00
SCR-0003823,HS-001679,8,35,2026-01-10 05:07:36,2026-04-01 06:30:00
SCR-0003824,HS-001680,0,14,2025-09-07 20:06:25,2026-04-01 06:30:00
SCR-0003825,HS-001680,14,30,2025-09-18 11:25:58,2026-04-01 06:30:00
SCR-0003826,HS-001681,0,10,2025-10-06 06:47:20,2026-04-01 06:30:00
SCR-0003827,HS-001681,10,18,2025-10-22 10:32:44,2026-04-01 06:30:00
SCR-0003828,HS-001682,0,17,2026-02-18 07:30:23,2026-04-01 06:30:00
SCR-0003829,HS-001682,17,49,2026-02-22 21:22:17,2026-04-01 06:30:00
SCR-0003830,HS-001683,0,12,2026-03-03 07:09:21,2026-04-01 06:30:00
SCR-0003831,HS-001683,12,36,2026-03-05 00:04:04,2026-04-01 06:30:00
SCR-0003832,HS-001684,0,18,2025-11-13 07:26:25,2026-04-01 06:30:00
SCR-0003833,HS-001684,18,43,2025-11-20 19:32:23,2026-04-01 06:30:00
SCR-0003834,HS-001684,43,75,2025-11-21 09:58:25,2026-04-01 06:30:00
SCR-0003835,HS-001685,0,20,2025-09-25 11:35:38,2026-04-01 06:30:00
SCR-0003836,HS-001685,20,46,2025-10-03 01:33:57,2026-04-01 06:30:00
SCR-0003837,HS-001685,46,77,2025-10-05 06:41:04,2026-04-01 06:30:00
SCR-0003838,HS-001686,0,13,2025-12-30 14:19:06,2026-04-01 06:30:00
SCR-0003839,HS-001686,13,44,2026-01-05 03:06:00,2026-04-01 06:30:00
SCR-0003840,HS-001686,44,86,2026-01-07 12:31:24,2026-04-01 06:30:00
SCR-0003841,HS-001687,0,21,2025-10-27 00:01:23,2026-04-01 06:30:00
SCR-0003842,HS-001687,21,22,2025-11-05 11:31:47,2026-04-01 06:30:00
SCR-0003843,HS-001688,0,16,2025-10-15 23:42:17,2026-04-01 06:30:00
SCR-0003844,HS-001688,16,34,2025-10-24 00:42:15,2026-04-01 06:30:00
SCR-0003845,HS-001689,0,8,2025-08-27 20:18:03,2026-04-01 06:30:00
SCR-0003846,HS-001689,8,40,2025-09-12 14:21:10,2026-04-01 06:30:00
SCR-0003847,HS-001689,40,74,2025-09-15 08:54:27,2026-04-01 06:30:00
SCR-0003848,HS-001690,0,11,2026-01-28 00:51:54,2026-04-01 06:30:00
SCR-0003849,HS-001690,11,40,2026-02-07 02:37:35,2026-04-01 06:30:00
SCR-0003850,HS-001690,40,77,2026-02-10 00:57:35,2026-04-01 06:30:00
SCR-0003851,HS-001691,0,16,2026-02-17 07:09:34,2026-04-01 06:30:00
SCR-0003852,HS-001691,16,42,2026-02-24 21:39:29,2026-04-01 06:30:00
SCR-0003853,HS-001691,42,50,2026-02-26 04:25:17,2026-04-01 06:30:00
SCR-0003854,HS-001692,0,6,2025-09-10 05:10:32,2026-04-01 06:30:00
SCR-0003855,HS-001692,6,49,2025-09-17 01:25:08,2026-04-01 06:30:00
SCR-0003856,HS-001693,0,6,2025-11-12 19:57:32,2026-04-01 06:30:00
SCR-0003857,HS-001693,6,41,2025-11-24 07:27:08,2026-04-01 06:30:00
SCR-0003858,HS-001693,41,62,2025-11-25 07:54:37,2026-04-01 06:30:00
SCR-0003859,HS-001694,0,6,2026-02-26 01:57:17,2026-04-01 06:30:00
SCR-0003860,HS-001694,6,41,2026-03-01 17:26:34,2026-04-01 06:30:00
SCR-0003861,HS-001695,0,14,2025-11-14 16:11:48,2026-04-01 06:30:00
SCR-0003862,HS-001695,14,45,2025-11-17 14:07:59,2026-04-01 06:30:00
SCR-0003863,HS-001696,0,18,2025-12-28 19:47:03,2026-04-01 06:30:00
SCR-0003864,HS-001696,18,47,2026-01-05 23:08:27,2026-04-01 06:30:00
SCR-0003865,HS-001696,47,84,2026-01-08 13:15:21,2026-04-01 06:30:00
SCR-0003866,HS-001697,0,19,2026-01-24 08:19:32,2026-04-01 06:30:00
SCR-0003867,HS-001697,19,45,2026-01-30 08:54:53,2026-04-01 06:30:00
SCR-0003868,HS-001697,45,77,2026-01-30 22:17:44,2026-04-01 06:30:00
SCR-0003869,HS-001698,0,18,2025-10-30 21:04:44,2026-04-01 06:30:00
SCR-0003870,HS-001699,0,9,2025-09-26 20:05:01,2026-04-01 06:30:00
SCR-0003871,HS-001700,0,17,2025-09-01 05:10:23,2026-04-01 06:30:00
SCR-0003872,HS-001701,0,17,2025-09-09 18:24:13,2026-04-01 06:30:00
SCR-0003873,HS-001701,17,43,2025-09-16 10:45:56,2026-04-01 06:30:00
SCR-0003874,HS-001701,43,74,2025-09-19 04:48:38,2026-04-01 06:30:00
SCR-0003875,HS-001702,0,12,2025-10-29 03:26:18,2026-04-01 06:30:00
SCR-0003876,HS-001702,12,34,2025-11-12 08:47:53,2026-04-01 06:30:00
SCR-0003877,HS-001703,0,12,2025-11-28 20:26:51,2026-04-01 06:30:00
SCR-0003878,HS-001703,12,20,2025-12-06 06:36:11,2026-04-01 06:30:00
SCR-0003879,HS-001704,0,5,2025-11-04 00:41:30,2026-04-01 06:30:00
SCR-0003880,HS-001704,5,6,2025-11-16 18:13:40,2026-04-01 06:30:00
SCR-0003881,HS-001705,0,5,2026-02-25 03:22:46,2026-04-01 06:30:00
SCR-0003882,HS-001705,5,27,2026-03-06 03:01:53,2026-04-01 06:30:00
SCR-0003883,HS-001706,0,22,2025-09-23 00:40:15,2026-04-01 06:30:00
SCR-0003884,HS-001706,22,45,2025-10-01 12:27:16,2026-04-01 06:30:00
SCR-0003885,HS-001706,45,78,2025-10-03 05:24:12,2026-04-01 06:30:00
SCR-0003886,HS-001707,0,15,2025-11-06 03:57:50,2026-04-01 06:30:00
SCR-0003887,HS-001707,15,40,2025-11-15 03:54:49,2026-04-01 06:30:00
SCR-0003888,HS-001707,40,57,2025-11-17 17:42:45,2026-04-01 06:30:00
SCR-0003889,HS-001708,0,8,2026-03-29 21:29:55,2026-04-01 06:30:00
SCR-0003890,HS-001708,8,23,2026-04-05 19:32:51,2026-04-01 06:30:00
SCR-0003891,HS-001709,0,13,2026-03-03 03:34:45,2026-04-01 06:30:00
SCR-0003892,HS-001709,13,42,2026-03-07 02:12:21,2026-04-01 06:30:00
SCR-0003893,HS-001710,0,19,2026-03-16 00:43:46,2026-04-01 06:30:00
SCR-0003894,HS-001710,19,45,2026-03-22 04:03:19,2026-04-01 06:30:00
SCR-0003895,HS-001710,45,52,2026-03-23 00:48:51,2026-04-01 06:30:00
SCR-0003896,HS-001711,0,24,2025-11-14 14:42:28,2026-04-01 06:30:00
SCR-0003897,HS-001712,0,6,2025-11-27 20:17:56,2026-04-01 06:30:00
SCR-0003898,HS-001712,6,18,2025-12-07 15:32:15,2026-04-01 06:30:00
SCR-0003899,HS-001713,0,18,2026-01-06 12:10:58,2026-04-01 06:30:00
SCR-0003900,HS-001713,18,43,2026-01-15 17:00:54,2026-04-01 06:30:00
SCR-0003901,HS-001713,43,54,2026-01-17 05:57:03,2026-04-01 06:30:00
SCR-0003902,HS-001714,0,16,2026-01-14 06:04:57,2026-04-01 06:30:00
SCR-0003903,HS-001714,16,45,2026-01-28 03:39:01,2026-04-01 06:30:00
SCR-0003904,HS-001714,45,51,2026-01-30 04:48:22,2026-04-01 06:30:00
SCR-0003905,HS-001715,0,13,2025-11-07 11:56:00,2026-04-01 06:30:00
SCR-0003906,HS-001715,13,40,2025-11-17 15:28:23,2026-04-01 06:30:00
SCR-0003907,HS-001715,40,90,2025-11-17 18:19:16,2026-04-01 06:30:00
SCR-0003908,HS-001716,0,8,2025-10-26 06:10:37,2026-04-01 06:30:00
SCR-0003909,HS-001716,8,29,2025-10-30 07:45:00,2026-04-01 06:30:00
SCR-0003910,HS-001717,0,11,2025-09-19 23:13:25,2026-04-01 06:30:00
SCR-0003911,HS-001717,11,42,2025-09-25 15:25:05,2026-04-01 06:30:00
SCR-0003912,HS-001717,42,87,2025-09-27 14:32:48,2026-04-01 06:30:00
SCR-0003913,HS-001718,0,20,2026-03-29 09:12:17,2026-04-01 06:30:00
SCR-0003914,HS-001719,0,20,2025-10-05 01:53:43,2026-04-01 06:30:00
SCR-0003915,HS-001719,20,38,2025-10-14 15:31:44,2026-04-01 06:30:00
SCR-0003916,HS-001720,0,21,2025-09-13 10:25:31,2026-04-01 06:30:00
SCR-0003917,HS-001720,21,37,2025-09-19 16:38:08,2026-04-01 06:30:00
SCR-0003918,HS-001721,0,13,2026-01-19 20:51:48,2026-04-01 06:30:00
SCR-0003919,HS-001721,13,40,2026-01-26 00:45:32,2026-04-01 06:30:00
SCR-0003920,HS-001722,0,5,2025-09-06 18:36:31,2026-04-01 06:30:00
SCR-0003921,HS-001722,5,45,2025-09-10 05:42:26,2026-04-01 06:30:00
SCR-0003922,HS-001722,45,89,2025-09-10 21:55:04,2026-04-01 06:30:00
SCR-0003923,HS-001723,0,14,2025-10-20 20:27:07,2026-04-01 06:30:00
SCR-0003924,HS-001723,14,44,2025-10-25 10:37:42,2026-04-01 06:30:00
SCR-0003925,HS-001724,0,20,2025-11-11 01:07:59,2026-04-01 06:30:00
SCR-0003926,HS-001724,20,37,2025-11-30 03:04:37,2026-04-01 06:30:00
SCR-0003927,HS-001725,0,5,2025-12-22 19:08:31,2026-04-01 06:30:00
SCR-0003928,HS-001725,5,8,2026-01-03 16:32:05,2026-04-01 06:30:00
SCR-0003929,HS-001726,0,24,2025-12-23 15:01:24,2026-04-01 06:30:00
SCR-0003930,HS-001726,24,48,2025-12-29 13:57:38,2026-04-01 06:30:00
SCR-0003931,HS-001726,48,59,2026-01-01 06:11:00,2026-04-01 06:30:00
SCR-0003932,HS-001727,0,9,2025-10-26 15:05:06,2026-04-01 06:30:00
SCR-0003933,HS-001727,9,37,2025-11-10 15:40:17,2026-04-01 06:30:00
SCR-0003934,HS-001728,0,15,2025-12-16 23:01:25,2026-04-01 06:30:00
SCR-0003935,HS-001728,15,40,2025-12-22 16:23:10,2026-04-01 06:30:00
SCR-0003936,HS-001728,40,72,2025-12-24 13:26:55,2026-04-01 06:30:00
SCR-0003937,HS-001729,0,17,2026-02-07 07:48:44,2026-04-01 06:30:00
SCR-0003938,HS-001729,17,44,2026-02-18 22:05:48,2026-04-01 06:30:00
SCR-0003939,HS-001729,44,78,2026-02-20 17:02:54,2026-04-01 06:30:00
SCR-0003940,HS-001730,0,21,2026-02-26 07:04:03,2026-04-01 06:30:00
SCR-0003941,HS-001731,0,11,2025-09-22 12:04:46,2026-04-01 06:30:00
SCR-0003942,HS-001731,11,45,2025-09-27 05:32:57,2026-04-01 06:30:00
SCR-0003943,HS-001731,45,72,2025-09-28 14:46:13,2026-04-01 06:30:00
SCR-0003944,HS-001732,0,12,2025-10-22 05:44:25,2026-04-01 06:30:00
SCR-0003945,HS-001732,12,39,2025-11-03 20:37:05,2026-04-01 06:30:00
SCR-0003946,HS-001733,0,5,2025-09-25 13:59:53,2026-04-01 06:30:00
SCR-0003947,HS-001733,5,45,2025-10-05 12:49:32,2026-04-01 06:30:00
SCR-0003948,HS-001733,45,73,2025-10-05 17:34:24,2026-04-01 06:30:00
SCR-0003949,HS-001734,0,23,2025-11-29 12:57:42,2026-04-01 06:30:00
SCR-0003950,HS-001734,23,45,2025-12-03 11:35:06,2026-04-01 06:30:00
SCR-0003951,HS-001734,45,58,2025-12-05 16:08:43,2026-04-01 06:30:00
SCR-0003952,HS-001735,0,19,2026-02-15 16:50:53,2026-04-01 06:30:00
SCR-0003953,HS-001735,19,42,2026-03-02 02:29:42,2026-04-01 06:30:00
SCR-0003954,HS-001735,42,79,2026-03-03 17:24:39,2026-04-01 06:30:00
SCR-0003955,HS-001736,0,14,2025-12-27 10:07:02,2026-04-01 06:30:00
SCR-0003956,HS-001736,14,30,2026-01-09 06:14:37,2026-04-01 06:30:00
SCR-0003957,HS-001737,0,13,2026-02-20 00:02:17,2026-04-01 06:30:00
SCR-0003958,HS-001737,13,34,2026-03-10 06:33:43,2026-04-01 06:30:00
SCR-0003959,HS-001738,0,20,2025-11-06 23:32:05,2026-04-01 06:30:00
SCR-0003960,HS-001738,20,40,2025-11-13 09:51:15,2026-04-01 06:30:00
SCR-0003961,HS-001738,40,70,2025-11-15 21:32:19,2026-04-01 06:30:00
SCR-0003962,HS-001739,0,15,2025-11-08 18:26:53,2026-04-01 06:30:00
SCR-0003963,HS-001739,15,42,2025-11-27 21:26:09,2026-04-01 06:30:00
SCR-0003964,HS-001739,42,86,2025-11-28 12:48:14,2026-04-01 06:30:00
SCR-0003965,HS-001740,0,10,2025-11-02 07:38:45,2026-04-01 06:30:00
SCR-0003966,HS-001740,10,36,2025-11-09 21:34:53,2026-04-01 06:30:00
SCR-0003967,HS-001741,0,10,2026-03-22 00:55:43,2026-04-01 06:30:00
SCR-0003968,HS-001741,10,49,2026-03-24 01:53:54,2026-04-01 06:30:00
SCR-0003969,HS-001742,0,13,2026-01-10 00:37:56,2026-04-01 06:30:00
SCR-0003970,HS-001742,13,41,2026-01-13 21:21:47,2026-04-01 06:30:00
SCR-0003971,HS-001742,41,52,2026-01-15 13:50:06,2026-04-01 06:30:00
SCR-0003972,HS-001743,0,6,2026-01-20 04:21:56,2026-04-01 06:30:00
SCR-0003973,HS-001743,6,29,2026-01-22 23:51:13,2026-04-01 06:30:00
SCR-0003974,HS-001744,0,16,2025-09-19 22:23:38,2026-04-01 06:30:00
SCR-0003975,HS-001744,16,41,2025-09-25 21:09:31,2026-04-01 06:30:00
SCR-0003976,HS-001744,41,55,2025-09-25 23:44:18,2026-04-01 06:30:00
SCR-0003977,HS-001745,0,8,2026-02-21 21:01:48,2026-04-01 06:30:00
SCR-0003978,HS-001745,8,26,2026-03-09 11:13:41,2026-04-01 06:30:00
SCR-0003979,HS-001746,0,24,2025-10-21 01:27:51,2026-04-01 06:30:00
SCR-0003980,HS-001746,24,48,2025-10-24 08:20:38,2026-04-01 06:30:00
SCR-0003981,HS-001746,48,87,2025-10-27 05:35:40,2026-04-01 06:30:00
SCR-0003982,HS-001747,0,24,2026-03-27 00:52:54,2026-04-01 06:30:00
SCR-0003983,HS-001748,0,6,2026-01-06 15:58:40,2026-04-01 06:30:00
SCR-0003984,HS-001748,6,43,2026-01-11 02:57:57,2026-04-01 06:30:00
SCR-0003985,HS-001748,43,64,2026-01-12 23:24:30,2026-04-01 06:30:00
SCR-0003986,HS-001749,0,15,2025-12-30 19:11:06,2026-04-01 06:30:00
SCR-0003987,HS-001749,15,41,2026-01-03 07:40:51,2026-04-01 06:30:00
SCR-0003988,HS-001749,41,56,2026-01-05 05:22:33,2026-04-01 06:30:00
SCR-0003989,HS-001750,0,15,2026-01-16 04:51:15,2026-04-01 06:30:00
SCR-0003990,HS-001750,15,38,2026-01-21 22:42:13,2026-04-01 06:30:00
SCR-0003991,HS-001751,0,5,2025-10-16 16:24:51,2026-04-01 06:30:00
SCR-0003992,HS-001751,5,46,2025-10-24 23:50:21,2026-04-01 06:30:00
SCR-0003993,HS-001751,46,53,2025-10-25 17:32:15,2026-04-01 06:30:00
SCR-0003994,HS-001752,0,8,2026-03-07 11:40:29,2026-04-01 06:30:00
SCR-0003995,HS-001752,8,37,2026-03-08 13:53:00,2026-04-01 06:30:00
SCR-0003996,HS-001753,0,13,2026-03-19 17:11:47,2026-04-01 06:30:00
SCR-0003997,HS-001753,13,40,2026-03-27 08:49:47,2026-04-01 06:30:00
SCR-0003998,HS-001753,40,89,2026-03-27 13:39:22,2026-04-01 06:30:00
SCR-0003999,HS-001754,0,13,2025-09-23 18:14:23,2026-04-01 06:30:00
SCR-0004000,HS-001754,13,37,2025-10-12 05:48:13,2026-04-01 06:30:00
SCR-0004001,HS-001755,0,23,2025-12-12 16:11:50,2026-04-01 06:30:00
SCR-0004002,HS-001755,23,48,2025-12-15 13:35:08,2026-04-01 06:30:00
SCR-0004003,HS-001755,48,87,2025-12-15 21:41:15,2026-04-01 06:30:00
SCR-0004004,HS-001756,0,23,2025-10-02 19:54:25,2026-04-01 06:30:00
SCR-0004005,HS-001756,23,36,2025-10-17 07:08:36,2026-04-01 06:30:00
SCR-0004006,HS-001757,0,14,2025-10-22 15:20:34,2026-04-01 06:30:00
SCR-0004007,HS-001757,14,47,2025-11-02 14:10:53,2026-04-01 06:30:00
SCR-0004008,HS-001757,47,55,2025-11-04 19:48:27,2026-04-01 06:30:00
SCR-0004009,HS-001758,0,6,2026-02-13 17:09:42,2026-04-01 06:30:00
SCR-0004010,HS-001758,6,45,2026-02-22 13:43:26,2026-04-01 06:30:00
SCR-0004011,HS-001758,45,56,2026-02-25 06:44:10,2026-04-01 06:30:00
SCR-0004012,HS-001759,0,7,2025-10-28 06:45:13,2026-04-01 06:30:00
SCR-0004013,HS-001759,7,19,2025-11-11 10:22:16,2026-04-01 06:30:00
SCR-0004014,HS-001760,0,23,2026-02-11 17:29:25,2026-04-01 06:30:00
SCR-0004015,HS-001761,0,18,2025-11-04 01:47:57,2026-04-01 06:30:00
SCR-0004016,HS-001761,18,47,2025-11-11 03:01:32,2026-04-01 06:30:00
SCR-0004017,HS-001762,0,21,2025-10-12 12:59:14,2026-04-01 06:30:00
SCR-0004018,HS-001762,21,28,2025-10-15 16:39:03,2026-04-01 06:30:00
SCR-0004019,HS-001763,0,14,2025-10-11 14:05:26,2026-04-01 06:30:00
SCR-0004020,HS-001763,14,48,2025-10-16 15:13:21,2026-04-01 06:30:00
SCR-0004021,HS-001763,48,74,2025-10-17 11:32:13,2026-04-01 06:30:00
SCR-0004022,HS-001764,0,14,2026-01-17 06:14:32,2026-04-01 06:30:00
SCR-0004023,HS-001764,14,21,2026-02-01 02:30:20,2026-04-01 06:30:00
SCR-0004024,HS-001765,0,19,2026-01-14 08:52:22,2026-04-01 06:30:00
SCR-0004025,HS-001765,19,41,2026-01-19 00:05:56,2026-04-01 06:30:00
SCR-0004026,HS-001766,0,14,2025-09-22 04:31:32,2026-04-01 06:30:00
SCR-0004027,HS-001766,14,29,2025-10-11 22:00:32,2026-04-01 06:30:00
SCR-0004028,HS-001767,0,19,2025-12-27 21:59:38,2026-04-01 06:30:00
SCR-0004029,HS-001767,19,44,2026-01-04 02:37:06,2026-04-01 06:30:00
SCR-0004030,HS-001767,44,63,2026-01-05 16:20:05,2026-04-01 06:30:00
SCR-0004031,HS-001768,0,20,2025-10-11 13:17:12,2026-04-01 06:30:00
SCR-0004032,HS-001768,20,39,2025-10-23 20:06:10,2026-04-01 06:30:00
SCR-0004033,HS-001769,0,19,2025-10-09 17:52:41,2026-04-01 06:30:00
SCR-0004034,HS-001770,0,24,2025-09-28 16:37:53,2026-04-01 06:30:00
SCR-0004035,HS-001771,0,16,2026-01-16 12:03:20,2026-04-01 06:30:00
SCR-0004036,HS-001771,16,34,2026-01-23 02:08:38,2026-04-01 06:30:00
SCR-0004037,HS-001772,0,21,2025-10-31 15:18:56,2026-04-01 06:30:00
SCR-0004038,HS-001772,21,33,2025-11-11 13:37:09,2026-04-01 06:30:00
SCR-0004039,HS-001773,0,12,2025-09-21 20:16:19,2026-04-01 06:30:00
SCR-0004040,HS-001773,12,40,2025-09-28 09:02:10,2026-04-01 06:30:00
SCR-0004041,HS-001773,40,81,2025-09-29 03:47:10,2026-04-01 06:30:00
SCR-0004042,HS-001774,0,23,2025-09-24 20:26:12,2026-04-01 06:30:00
SCR-0004043,HS-001774,23,44,2025-09-29 06:35:48,2026-04-01 06:30:00
SCR-0004044,HS-001774,44,66,2025-09-29 13:23:21,2026-04-01 06:30:00
SCR-0004045,HS-001775,0,6,2025-10-19 15:19:48,2026-04-01 06:30:00
SCR-0004046,HS-001775,6,42,2025-10-24 04:48:21,2026-04-01 06:30:00
SCR-0004047,HS-001775,42,67,2025-10-26 12:30:07,2026-04-01 06:30:00
SCR-0004048,HS-001776,0,22,2025-09-29 00:24:59,2026-04-01 06:30:00
SCR-0004049,HS-001777,0,9,2025-12-24 08:01:16,2026-04-01 06:30:00
SCR-0004050,HS-001777,9,23,2026-01-06 21:28:50,2026-04-01 06:30:00
SCR-0004051,HS-001778,0,7,2025-09-24 11:04:44,2026-04-01 06:30:00
SCR-0004052,HS-001778,7,21,2025-09-26 04:01:08,2026-04-01 06:30:00
SCR-0004053,HS-001779,0,8,2026-03-30 20:25:06,2026-04-01 06:30:00
SCR-0004054,HS-001779,8,15,2026-04-15 04:23:11,2026-04-01 06:30:00
SCR-0004055,HS-001780,0,8,2026-01-02 11:27:18,2026-04-01 06:30:00
SCR-0004056,HS-001780,8,41,2026-01-11 11:17:14,2026-04-01 06:30:00
SCR-0004057,HS-001780,41,53,2026-01-13 14:55:11,2026-04-01 06:30:00
SCR-0004058,HS-001781,0,10,2026-02-25 19:36:27,2026-04-01 06:30:00
SCR-0004059,HS-001782,0,24,2025-09-27 15:40:11,2026-04-01 06:30:00
SCR-0004060,HS-001782,24,45,2025-10-03 00:15:58,2026-04-01 06:30:00
SCR-0004061,HS-001782,45,81,2025-10-04 10:05:35,2026-04-01 06:30:00
SCR-0004062,HS-001783,0,9,2026-02-24 10:39:07,2026-04-01 06:30:00
SCR-0004063,HS-001783,9,40,2026-03-05 20:53:37,2026-04-01 06:30:00
SCR-0004064,HS-001783,40,63,2026-03-07 07:17:18,2026-04-01 06:30:00
SCR-0004065,HS-001784,0,15,2025-09-16 07:35:02,2026-04-01 06:30:00
SCR-0004066,HS-001784,15,20,2025-09-28 14:38:30,2026-04-01 06:30:00
SCR-0004067,HS-001785,0,14,2025-12-29 03:11:30,2026-04-01 06:30:00
SCR-0004068,HS-001785,14,44,2026-01-05 12:49:11,2026-04-01 06:30:00
SCR-0004069,HS-001785,44,74,2026-01-07 21:03:33,2026-04-01 06:30:00
SCR-0004070,HS-001786,0,24,2026-01-18 04:19:01,2026-04-01 06:30:00
SCR-0004071,HS-001786,24,41,2026-01-22 08:40:23,2026-04-01 06:30:00
SCR-0004072,HS-001787,0,9,2026-02-04 17:15:39,2026-04-01 06:30:00
SCR-0004073,HS-001788,0,11,2025-11-27 22:42:14,2026-04-01 06:30:00
SCR-0004074,HS-001788,11,48,2025-12-06 13:58:33,2026-04-01 06:30:00
SCR-0004075,HS-001788,48,88,2025-12-08 20:26:18,2026-04-01 06:30:00
SCR-0004076,HS-001789,0,23,2025-09-28 08:15:20,2026-04-01 06:30:00
SCR-0004077,HS-001790,0,10,2025-10-12 14:00:18,2026-04-01 06:30:00
SCR-0004078,HS-001790,10,36,2025-10-26 16:29:38,2026-04-01 06:30:00
SCR-0004079,HS-001791,0,17,2025-12-08 10:23:13,2026-04-01 06:30:00
SCR-0004080,HS-001792,0,7,2026-02-21 03:37:19,2026-04-01 06:30:00
SCR-0004081,HS-001792,7,20,2026-03-12 17:59:27,2026-04-01 06:30:00
SCR-0004082,HS-001793,0,7,2025-12-02 22:15:19,2026-04-01 06:30:00
SCR-0004083,HS-001793,7,18,2025-12-08 16:53:06,2026-04-01 06:30:00
SCR-0004084,HS-001794,0,15,2025-11-28 11:17:28,2026-04-01 06:30:00
SCR-0004085,HS-001795,0,6,2026-02-04 04:26:41,2026-04-01 06:30:00
SCR-0004086,HS-001795,6,43,2026-02-08 19:22:11,2026-04-01 06:30:00
SCR-0004087,HS-001795,43,52,2026-02-09 11:07:48,2026-04-01 06:30:00
SCR-0004088,HS-001796,0,15,2025-09-26 16:55:13,2026-04-01 06:30:00
SCR-0004089,HS-001796,15,41,2025-10-02 22:43:36,2026-04-01 06:30:00
SCR-0004090,HS-001796,41,59,2025-10-03 02:04:09,2026-04-01 06:30:00
SCR-0004091,HS-001797,0,7,2025-09-22 12:45:35,2026-04-01 06:30:00
SCR-0004092,HS-001797,7,39,2025-10-07 03:09:07,2026-04-01 06:30:00
SCR-0004093,HS-001798,0,15,2026-03-18 04:02:36,2026-04-01 06:30:00
SCR-0004094,HS-001798,15,47,2026-03-29 06:06:15,2026-04-01 06:30:00
SCR-0004095,HS-001798,47,73,2026-03-30 04:27:59,2026-04-01 06:30:00
SCR-0004096,HS-001799,0,16,2025-08-28 08:31:25,2026-04-01 06:30:00
SCR-0004097,HS-001799,16,46,2025-09-04 03:16:09,2026-04-01 06:30:00
SCR-0004098,HS-001799,46,76,2025-09-05 05:11:50,2026-04-01 06:30:00
SCR-0004099,HS-001800,0,15,2025-11-06 09:20:24,2026-04-01 06:30:00
SCR-0004100,HS-001800,15,46,2025-11-14 01:28:31,2026-04-01 06:30:00
SCR-0004101,HS-001800,46,66,2025-11-14 11:58:01,2026-04-01 06:30:00
SCR-0004102,HS-001801,0,13,2026-02-12 18:23:20,2026-04-01 06:30:00
SCR-0004103,HS-001801,13,26,2026-02-25 14:56:14,2026-04-01 06:30:00
SCR-0004104,HS-001802,0,8,2026-03-13 16:28:52,2026-04-01 06:30:00
SCR-0004105,HS-001802,8,41,2026-03-24 11:48:05,2026-04-01 06:30:00
SCR-0004106,HS-001802,41,76,2026-03-27 08:04:00,2026-04-01 06:30:00
SCR-0004107,HS-001803,0,5,2025-12-01 14:06:17,2026-04-01 06:30:00
SCR-0004108,HS-001803,5,43,2025-12-19 21:34:36,2026-04-01 06:30:00
SCR-0004109,HS-001803,43,64,2025-12-21 08:31:15,2026-04-01 06:30:00
SCR-0004110,HS-001804,0,7,2026-03-18 22:52:59,2026-04-01 06:30:00
SCR-0004111,HS-001804,7,44,2026-03-27 04:55:40,2026-04-01 06:30:00
SCR-0004112,HS-001804,44,74,2026-03-29 23:28:10,2026-04-01 06:30:00
SCR-0004113,HS-001805,0,15,2025-11-15 10:48:58,2026-04-01 06:30:00
SCR-0004114,HS-001805,15,23,2025-11-20 08:49:33,2026-04-01 06:30:00
SCR-0004115,HS-001806,0,17,2026-02-17 06:24:24,2026-04-01 06:30:00
SCR-0004116,HS-001806,17,39,2026-02-18 08:06:13,2026-04-01 06:30:00
SCR-0004117,HS-001807,0,15,2026-03-01 16:48:09,2026-04-01 06:30:00
SCR-0004118,HS-001807,15,25,2026-03-21 03:17:18,2026-04-01 06:30:00
SCR-0004119,HS-001808,0,6,2025-10-26 13:05:59,2026-04-01 06:30:00
SCR-0004120,HS-001808,6,35,2025-11-13 14:06:10,2026-04-01 06:30:00
SCR-0004121,HS-001809,0,22,2025-11-16 18:40:09,2026-04-01 06:30:00
SCR-0004122,HS-001809,22,43,2025-11-21 16:05:39,2026-04-01 06:30:00
SCR-0004123,HS-001809,43,66,2025-11-23 07:28:25,2026-04-01 06:30:00
SCR-0004124,HS-001810,0,18,2026-02-09 00:54:45,2026-04-01 06:30:00
SCR-0004125,HS-001810,18,47,2026-02-18 17:52:29,2026-04-01 06:30:00
SCR-0004126,HS-001811,0,9,2025-09-02 14:03:12,2026-04-01 06:30:00
SCR-0004127,HS-001811,9,40,2025-09-09 08:49:36,2026-04-01 06:30:00
SCR-0004128,HS-001811,40,69,2025-09-11 06:23:52,2026-04-01 06:30:00
SCR-0004129,HS-001812,0,8,2026-02-12 06:51:38,2026-04-01 06:30:00
SCR-0004130,HS-001812,8,33,2026-02-14 07:43:02,2026-04-01 06:30:00
SCR-0004131,HS-001813,0,9,2025-10-04 04:56:47,2026-04-01 06:30:00
SCR-0004132,HS-001813,9,45,2025-10-17 09:43:25,2026-04-01 06:30:00
SCR-0004133,HS-001813,45,84,2025-10-18 03:45:04,2026-04-01 06:30:00
SCR-0004134,HS-001814,0,10,2025-10-07 19:23:47,2026-04-01 06:30:00
SCR-0004135,HS-001814,10,44,2025-10-11 08:23:28,2026-04-01 06:30:00
SCR-0004136,HS-001815,0,6,2026-02-03 08:36:13,2026-04-01 06:30:00
SCR-0004137,HS-001815,6,17,2026-02-19 00:09:46,2026-04-01 06:30:00
SCR-0004138,HS-001816,0,22,2025-10-10 13:17:49,2026-04-01 06:30:00
SCR-0004139,HS-001817,0,13,2025-11-27 09:21:56,2026-04-01 06:30:00
SCR-0004140,HS-001817,13,45,2025-11-29 17:16:33,2026-04-01 06:30:00
SCR-0004141,HS-001817,45,71,2025-12-02 05:25:24,2026-04-01 06:30:00
SCR-0004142,HS-001818,0,20,2025-10-23 02:19:51,2026-04-01 06:30:00
SCR-0004143,HS-001819,0,19,2026-03-06 00:30:36,2026-04-01 06:30:00
SCR-0004144,HS-001819,19,40,2026-03-12 22:09:15,2026-04-01 06:30:00
SCR-0004145,HS-001819,40,61,2026-03-15 18:49:58,2026-04-01 06:30:00
SCR-0004146,HS-001820,0,21,2025-09-24 09:34:28,2026-04-01 06:30:00
SCR-0004147,HS-001820,21,28,2025-10-10 13:43:51,2026-04-01 06:30:00
SCR-0004148,HS-001821,0,9,2026-01-28 01:49:59,2026-04-01 06:30:00
SCR-0004149,HS-001821,9,10,2026-01-29 21:58:45,2026-04-01 06:30:00
SCR-0004150,HS-001822,0,10,2025-09-06 12:27:26,2026-04-01 06:30:00
SCR-0004151,HS-001822,10,42,2025-09-09 14:29:11,2026-04-01 06:30:00
SCR-0004152,HS-001822,42,73,2025-09-12 12:50:33,2026-04-01 06:30:00
SCR-0004153,HS-001823,0,17,2025-12-26 06:49:31,2026-04-01 06:30:00
SCR-0004154,HS-001823,17,19,2026-01-04 22:53:12,2026-04-01 06:30:00
SCR-0004155,HS-001824,0,8,2025-11-12 02:37:08,2026-04-01 06:30:00
SCR-0004156,HS-001824,8,41,2025-11-17 23:52:48,2026-04-01 06:30:00
SCR-0004157,HS-001825,0,16,2025-10-17 07:52:00,2026-04-01 06:30:00
SCR-0004158,HS-001825,16,28,2025-11-01 02:04:15,2026-04-01 06:30:00
SCR-0004159,HS-001826,0,17,2025-09-25 23:00:23,2026-04-01 06:30:00
SCR-0004160,HS-001826,17,41,2025-09-30 22:34:41,2026-04-01 06:30:00
SCR-0004161,HS-001826,41,68,2025-10-01 00:55:36,2026-04-01 06:30:00
SCR-0004162,HS-001827,0,24,2026-02-21 09:37:03,2026-04-01 06:30:00
SCR-0004163,HS-001827,24,42,2026-02-27 23:35:16,2026-04-01 06:30:00
SCR-0004164,HS-001827,42,54,2026-03-01 22:38:15,2026-04-01 06:30:00
SCR-0004165,HS-001828,0,14,2025-09-17 07:10:05,2026-04-01 06:30:00
SCR-0004166,HS-001828,14,46,2025-09-29 05:01:15,2026-04-01 06:30:00
SCR-0004167,HS-001828,46,74,2025-09-30 21:36:02,2026-04-01 06:30:00
SCR-0004168,HS-001829,0,17,2025-12-15 20:30:40,2026-04-01 06:30:00
SCR-0004169,HS-001829,17,24,2026-01-02 11:41:43,2026-04-01 06:30:00
SCR-0004170,HS-001830,0,20,2025-11-03 23:51:52,2026-04-01 06:30:00
SCR-0004171,HS-001831,0,15,2026-02-02 18:38:15,2026-04-01 06:30:00
SCR-0004172,HS-001832,0,23,2026-02-03 11:08:31,2026-04-01 06:30:00
SCR-0004173,HS-001832,23,48,2026-02-13 22:38:58,2026-04-01 06:30:00
SCR-0004174,HS-001832,48,85,2026-02-14 02:06:12,2026-04-01 06:30:00
SCR-0004175,HS-001833,0,12,2025-10-22 13:30:56,2026-04-01 06:30:00
SCR-0004176,HS-001833,12,22,2025-10-24 22:08:42,2026-04-01 06:30:00
SCR-0004177,HS-001834,0,13,2026-01-24 08:09:54,2026-04-01 06:30:00
SCR-0004178,HS-001834,13,45,2026-02-10 21:36:51,2026-04-01 06:30:00
SCR-0004179,HS-001835,0,7,2025-09-18 18:51:26,2026-04-01 06:30:00
SCR-0004180,HS-001835,7,45,2025-09-27 07:10:09,2026-04-01 06:30:00
SCR-0004181,HS-001835,45,78,2025-09-30 01:55:52,2026-04-01 06:30:00
SCR-0004182,HS-001836,0,15,2025-10-08 13:27:41,2026-04-01 06:30:00
SCR-0004183,HS-001836,15,42,2025-10-24 08:08:42,2026-04-01 06:30:00
SCR-0004184,HS-001836,42,76,2025-10-25 15:25:13,2026-04-01 06:30:00
SCR-0004185,HS-001837,0,18,2026-02-21 23:37:35,2026-04-01 06:30:00
SCR-0004186,HS-001837,18,48,2026-03-01 10:13:18,2026-04-01 06:30:00
SCR-0004187,HS-001837,48,82,2026-03-02 16:03:49,2026-04-01 06:30:00
SCR-0004188,HS-001838,0,14,2025-10-10 20:45:11,2026-04-01 06:30:00
SCR-0004189,HS-001838,14,43,2025-10-18 23:37:14,2026-04-01 06:30:00
SCR-0004190,HS-001839,0,13,2026-02-11 12:19:44,2026-04-01 06:30:00
SCR-0004191,HS-001839,13,45,2026-02-17 14:56:52,2026-04-01 06:30:00
SCR-0004192,HS-001839,45,79,2026-02-19 16:29:38,2026-04-01 06:30:00
SCR-0004193,HS-001840,0,17,2026-02-05 16:21:00,2026-04-01 06:30:00
SCR-0004194,HS-001840,17,46,2026-02-09 12:32:58,2026-04-01 06:30:00
SCR-0004195,HS-001840,46,57,2026-02-11 07:06:45,2026-04-01 06:30:00
SCR-0004196,HS-001841,0,15,2025-12-10 10:06:06,2026-04-01 06:30:00
SCR-0004197,HS-001841,15,22,2025-12-22 00:44:15,2026-04-01 06:30:00
SCR-0004198,HS-001842,0,19,2025-10-10 22:26:07,2026-04-01 06:30:00
SCR-0004199,HS-001842,19,33,2025-10-26 02:00:31,2026-04-01 06:30:00
SCR-0004200,HS-001843,0,13,2025-10-19 22:54:46,2026-04-01 06:30:00
SCR-0004201,HS-001843,13,25,2025-10-28 13:43:55,2026-04-01 06:30:00
SCR-0004202,HS-001844,0,5,2026-02-14 20:38:54,2026-04-01 06:30:00
SCR-0004203,HS-001844,5,47,2026-02-21 11:47:56,2026-04-01 06:30:00
SCR-0004204,HS-001844,47,60,2026-02-21 13:36:15,2026-04-01 06:30:00
SCR-0004205,HS-001845,0,17,2025-11-25 18:25:59,2026-04-01 06:30:00
SCR-0004206,HS-001845,17,47,2025-11-30 17:24:47,2026-04-01 06:30:00
SCR-0004207,HS-001845,47,63,2025-12-02 18:28:39,2026-04-01 06:30:00
SCR-0004208,HS-001846,0,19,2025-09-22 16:39:56,2026-04-01 06:30:00
SCR-0004209,HS-001846,19,43,2025-10-02 15:54:25,2026-04-01 06:30:00
SCR-0004210,HS-001846,43,79,2025-10-03 19:43:10,2026-04-01 06:30:00
SCR-0004211,HS-001847,0,19,2026-03-01 23:14:43,2026-04-01 06:30:00
SCR-0004212,HS-001848,0,17,2025-11-04 18:58:09,2026-04-01 06:30:00
SCR-0004213,HS-001848,17,29,2025-11-08 11:44:37,2026-04-01 06:30:00
SCR-0004214,HS-001849,0,16,2025-09-20 10:36:43,2026-04-01 06:30:00
SCR-0004215,HS-001849,16,39,2025-10-06 13:34:39,2026-04-01 06:30:00
SCR-0004216,HS-001850,0,5,2026-02-23 23:57:16,2026-04-01 06:30:00
SCR-0004217,HS-001850,5,43,2026-03-03 01:30:35,2026-04-01 06:30:00
SCR-0004218,HS-001850,43,53,2026-03-04 06:27:07,2026-04-01 06:30:00
SCR-0004219,HS-001851,0,17,2025-08-22 11:16:26,2026-04-01 06:30:00
SCR-0004220,HS-001851,17,44,2025-09-03 22:01:03,2026-04-01 06:30:00
SCR-0004221,HS-001852,0,9,2025-12-10 15:41:32,2026-04-01 06:30:00
SCR-0004222,HS-001853,0,5,2025-09-10 20:59:25,2026-04-01 06:30:00
SCR-0004223,HS-001853,5,38,2025-09-17 15:26:37,2026-04-01 06:30:00
SCR-0004224,HS-001854,0,24,2025-12-20 12:05:20,2026-04-01 06:30:00
SCR-0004225,HS-001854,24,37,2026-01-04 12:08:48,2026-04-01 06:30:00
SCR-0004226,HS-001855,0,17,2025-09-17 15:53:06,2026-04-01 06:30:00
SCR-0004227,HS-001855,17,34,2025-09-24 23:33:09,2026-04-01 06:30:00
SCR-0004228,HS-001856,0,9,2026-02-28 00:59:34,2026-04-01 06:30:00
SCR-0004229,HS-001856,9,40,2026-03-03 12:15:07,2026-04-01 06:30:00
SCR-0004230,HS-001856,40,56,2026-03-06 08:51:23,2026-04-01 06:30:00
SCR-0004231,HS-001857,0,22,2025-11-04 18:43:09,2026-04-01 06:30:00
SCR-0004232,HS-001857,22,48,2025-11-14 12:58:08,2026-04-01 06:30:00
SCR-0004233,HS-001857,48,53,2025-11-15 03:14:05,2026-04-01 06:30:00
SCR-0004234,HS-001858,0,10,2026-03-15 03:23:48,2026-04-01 06:30:00
SCR-0004235,HS-001858,10,37,2026-04-01 09:23:53,2026-04-01 06:30:00
SCR-0004236,HS-001859,0,6,2025-12-31 16:49:40,2026-04-01 06:30:00
SCR-0004237,HS-001859,6,22,2026-01-10 20:34:28,2026-04-01 06:30:00
SCR-0004238,HS-001860,0,11,2025-11-05 23:48:59,2026-04-01 06:30:00
SCR-0004239,HS-001860,11,35,2025-11-15 08:44:23,2026-04-01 06:30:00
SCR-0004240,HS-001861,0,21,2026-03-12 22:31:16,2026-04-01 06:30:00
SCR-0004241,HS-001861,21,28,2026-03-21 01:43:41,2026-04-01 06:30:00
SCR-0004242,HS-001862,0,6,2025-09-15 20:42:57,2026-04-01 06:30:00
SCR-0004243,HS-001862,6,48,2025-09-21 00:20:26,2026-04-01 06:30:00
SCR-0004244,HS-001862,48,87,2025-09-23 00:29:17,2026-04-01 06:30:00
SCR-0004245,HS-001863,0,11,2025-10-11 11:58:34,2026-04-01 06:30:00
SCR-0004246,HS-001863,11,18,2025-10-17 09:17:11,2026-04-01 06:30:00
SCR-0004247,HS-001864,0,20,2025-09-19 13:52:24,2026-04-01 06:30:00
SCR-0004248,HS-001864,20,48,2025-09-23 12:01:36,2026-04-01 06:30:00
SCR-0004249,HS-001864,48,60,2025-09-23 15:43:27,2026-04-01 06:30:00
SCR-0004250,HS-001865,0,13,2026-03-23 16:21:45,2026-04-01 06:30:00
SCR-0004251,HS-001865,13,20,2026-04-11 15:28:39,2026-04-01 06:30:00
SCR-0004252,HS-001866,0,7,2025-09-01 11:54:15,2026-04-01 06:30:00
SCR-0004253,HS-001866,7,15,2025-09-19 15:16:01,2026-04-01 06:30:00
SCR-0004254,HS-001867,0,14,2025-12-16 08:46:28,2026-04-01 06:30:00
SCR-0004255,HS-001867,14,27,2026-01-01 14:19:55,2026-04-01 06:30:00
SCR-0004256,HS-001868,0,19,2025-10-07 23:05:21,2026-04-01 06:30:00
SCR-0004257,HS-001868,19,45,2025-10-14 05:00:41,2026-04-01 06:30:00
SCR-0004258,HS-001868,45,90,2025-10-16 14:15:21,2026-04-01 06:30:00
SCR-0004259,HS-001869,0,11,2025-09-10 02:10:44,2026-04-01 06:30:00
SCR-0004260,HS-001869,11,17,2025-09-16 11:37:36,2026-04-01 06:30:00
SCR-0004261,HS-001870,0,14,2025-11-07 11:07:04,2026-04-01 06:30:00
SCR-0004262,HS-001870,14,37,2025-11-10 21:17:42,2026-04-01 06:30:00
SCR-0004263,HS-001871,0,24,2025-08-26 12:11:47,2026-04-01 06:30:00
SCR-0004264,HS-001871,24,48,2025-09-04 12:30:58,2026-04-01 06:30:00
SCR-0004265,HS-001871,48,54,2025-09-05 04:40:31,2026-04-01 06:30:00
SCR-0004266,HS-001872,0,11,2025-12-05 15:44:59,2026-04-01 06:30:00
SCR-0004267,HS-001872,11,42,2025-12-08 06:05:40,2026-04-01 06:30:00
SCR-0004268,HS-001872,42,77,2025-12-09 15:31:02,2026-04-01 06:30:00
SCR-0004269,HS-001873,0,20,2026-02-14 15:50:12,2026-04-01 06:30:00
SCR-0004270,HS-001873,20,43,2026-02-23 16:45:19,2026-04-01 06:30:00
SCR-0004271,HS-001873,43,62,2026-02-25 22:00:44,2026-04-01 06:30:00
SCR-0004272,HS-001874,0,16,2026-03-03 00:04:41,2026-04-01 06:30:00
SCR-0004273,HS-001874,16,44,2026-03-09 07:00:21,2026-04-01 06:30:00
SCR-0004274,HS-001874,44,80,2026-03-11 03:15:10,2026-04-01 06:30:00
SCR-0004275,HS-001875,0,6,2025-12-27 13:37:51,2026-04-01 06:30:00
SCR-0004276,HS-001875,6,47,2026-01-04 23:10:22,2026-04-01 06:30:00
SCR-0004277,HS-001875,47,67,2026-01-06 08:51:59,2026-04-01 06:30:00
SCR-0004278,HS-001876,0,17,2025-09-15 22:24:39,2026-04-01 06:30:00
SCR-0004279,HS-001877,0,14,2025-09-16 14:56:23,2026-04-01 06:30:00
SCR-0004280,HS-001877,14,38,2025-10-02 18:57:09,2026-04-01 06:30:00
SCR-0004281,HS-001878,0,18,2026-01-09 09:48:03,2026-04-01 06:30:00
SCR-0004282,HS-001878,18,43,2026-01-21 04:58:30,2026-04-01 06:30:00
SCR-0004283,HS-001878,43,71,2026-01-22 04:41:42,2026-04-01 06:30:00
SCR-0004284,HS-001879,0,9,2026-01-15 14:51:19,2026-04-01 06:30:00
SCR-0004285,HS-001879,9,24,2026-01-27 11:17:22,2026-04-01 06:30:00
SCR-0004286,HS-001880,0,11,2025-12-09 22:36:35,2026-04-01 06:30:00
SCR-0004287,HS-001881,0,20,2025-12-12 07:14:03,2026-04-01 06:30:00
SCR-0004288,HS-001881,20,47,2025-12-18 12:12:08,2026-04-01 06:30:00
SCR-0004289,HS-001881,47,54,2025-12-20 10:24:39,2026-04-01 06:30:00
SCR-0004290,HS-001882,0,11,2026-03-05 09:20:08,2026-04-01 06:30:00
SCR-0004291,HS-001883,0,22,2026-03-21 08:20:04,2026-04-01 06:30:00
SCR-0004292,HS-001883,22,23,2026-03-22 20:54:52,2026-04-01 06:30:00
SCR-0004293,HS-001884,0,21,2026-01-05 16:01:08,2026-04-01 06:30:00
SCR-0004294,HS-001884,21,42,2026-01-13 00:09:34,2026-04-01 06:30:00
SCR-0004295,HS-001884,42,64,2026-01-13 22:16:13,2026-04-01 06:30:00
SCR-0004296,HS-001885,0,19,2025-09-05 12:21:30,2026-04-01 06:30:00
SCR-0004297,HS-001885,19,42,2025-09-11 01:48:47,2026-04-01 06:30:00
SCR-0004298,HS-001885,42,83,2025-09-13 01:41:57,2026-04-01 06:30:00
SCR-0004299,HS-001886,0,18,2025-12-20 12:50:09,2026-04-01 06:30:00
SCR-0004300,HS-001886,18,19,2026-01-03 13:36:18,2026-04-01 06:30:00
SCR-0004301,HS-001887,0,18,2026-01-29 09:06:39,2026-04-01 06:30:00
SCR-0004302,HS-001887,18,48,2026-02-09 03:59:38,2026-04-01 06:30:00
SCR-0004303,HS-001888,0,18,2025-11-30 02:45:14,2026-04-01 06:30:00
SCR-0004304,HS-001888,18,40,2025-12-03 21:09:46,2026-04-01 06:30:00
SCR-0004305,HS-001888,40,52,2025-12-05 02:48:58,2026-04-01 06:30:00
SCR-0004306,HS-001889,0,12,2025-11-24 08:55:34,2026-04-01 06:30:00
SCR-0004307,HS-001889,12,48,2025-12-01 10:26:03,2026-04-01 06:30:00
SCR-0004308,HS-001890,0,5,2025-12-20 14:38:03,2026-04-01 06:30:00
SCR-0004309,HS-001890,5,46,2025-12-24 12:31:08,2026-04-01 06:30:00
SCR-0004310,HS-001890,46,63,2025-12-26 06:30:45,2026-04-01 06:30:00
SCR-0004311,HS-001891,0,8,2025-10-18 10:00:58,2026-04-01 06:30:00
SCR-0004312,HS-001891,8,28,2025-10-27 06:02:53,2026-04-01 06:30:00
SCR-0004313,HS-001892,0,9,2026-03-26 04:42:23,2026-04-01 06:30:00
SCR-0004314,HS-001892,9,26,2026-03-30 22:04:04,2026-04-01 06:30:00
SCR-0004315,HS-001893,0,7,2025-12-24 09:12:54,2026-04-01 06:30:00
SCR-0004316,HS-001893,7,48,2025-12-27 11:10:28,2026-04-01 06:30:00
SCR-0004317,HS-001893,48,51,2025-12-29 21:44:59,2026-04-01 06:30:00
SCR-0004318,HS-001894,0,22,2025-10-26 01:01:19,2026-04-01 06:30:00
SCR-0004319,HS-001894,22,43,2025-10-29 21:56:02,2026-04-01 06:30:00
SCR-0004320,HS-001894,43,83,2025-10-30 08:24:45,2026-04-01 06:30:00
SCR-0004321,HS-001895,0,19,2026-02-12 20:11:41,2026-04-01 06:30:00
SCR-0004322,HS-001896,0,20,2026-01-13 09:53:19,2026-04-01 06:30:00
SCR-0004323,HS-001896,20,43,2026-01-24 18:14:15,2026-04-01 06:30:00
SCR-0004324,HS-001896,43,54,2026-01-27 04:08:48,2026-04-01 06:30:00
SCR-0004325,HS-001897,0,12,2025-08-31 17:25:39,2026-04-01 06:30:00
SCR-0004326,HS-001897,12,41,2025-09-05 06:58:46,2026-04-01 06:30:00
SCR-0004327,HS-001897,41,53,2025-09-05 12:25:45,2026-04-01 06:30:00
SCR-0004328,HS-001898,0,21,2026-03-23 08:22:18,2026-04-01 06:30:00
SCR-0004329,HS-001898,21,22,2026-04-11 15:51:40,2026-04-01 06:30:00
SCR-0004330,HS-001899,0,13,2025-11-06 05:36:12,2026-04-01 06:30:00
SCR-0004331,HS-001899,13,28,2025-11-18 10:19:46,2026-04-01 06:30:00
SCR-0004332,HS-001900,0,18,2025-09-22 00:54:10,2026-04-01 06:30:00
SCR-0004333,HS-001901,0,8,2025-11-26 20:56:18,2026-04-01 06:30:00
SCR-0004334,HS-001901,8,40,2025-12-03 13:37:01,2026-04-01 06:30:00
SCR-0004335,HS-001901,40,73,2025-12-05 08:10:31,2026-04-01 06:30:00
SCR-0004336,HS-001902,0,12,2025-10-13 06:59:11,2026-04-01 06:30:00
SCR-0004337,HS-001902,12,45,2025-10-17 20:12:02,2026-04-01 06:30:00
SCR-0004338,HS-001902,45,73,2025-10-20 13:09:24,2026-04-01 06:30:00
SCR-0004339,HS-001903,0,20,2025-09-30 00:48:59,2026-04-01 06:30:00
SCR-0004340,HS-001903,20,47,2025-10-21 02:21:06,2026-04-01 06:30:00
SCR-0004341,HS-001904,0,19,2025-09-07 08:50:40,2026-04-01 06:30:00
SCR-0004342,HS-001904,19,45,2025-09-20 14:15:42,2026-04-01 06:30:00
SCR-0004343,HS-001905,0,19,2025-09-30 23:10:47,2026-04-01 06:30:00
SCR-0004344,HS-001905,19,42,2025-10-09 00:27:06,2026-04-01 06:30:00
SCR-0004345,HS-001905,42,71,2025-10-11 13:19:15,2026-04-01 06:30:00
SCR-0004346,HS-001906,0,5,2026-01-31 08:51:50,2026-04-01 06:30:00
SCR-0004347,HS-001906,5,41,2026-02-03 16:12:19,2026-04-01 06:30:00
SCR-0004348,HS-001906,41,87,2026-02-04 14:25:36,2026-04-01 06:30:00
SCR-0004349,HS-001907,0,19,2026-02-01 00:09:53,2026-04-01 06:30:00
SCR-0004350,HS-001907,19,44,2026-02-13 06:29:48,2026-04-01 06:30:00
SCR-0004351,HS-001907,44,66,2026-02-15 18:20:00,2026-04-01 06:30:00
SCR-0004352,HS-001908,0,16,2026-01-03 21:03:29,2026-04-01 06:30:00
SCR-0004353,HS-001908,16,36,2026-01-13 05:43:47,2026-04-01 06:30:00
SCR-0004354,HS-001909,0,8,2025-10-06 10:45:58,2026-04-01 06:30:00
SCR-0004355,HS-001909,8,41,2025-10-09 16:01:10,2026-04-01 06:30:00
SCR-0004356,HS-001910,0,18,2026-02-08 20:08:18,2026-04-01 06:30:00
SCR-0004357,HS-001910,18,28,2026-02-23 07:37:34,2026-04-01 06:30:00
SCR-0004358,HS-001911,0,15,2025-12-24 11:22:29,2026-04-01 06:30:00
SCR-0004359,HS-001911,15,16,2025-12-29 03:55:54,2026-04-01 06:30:00
SCR-0004360,HS-001912,0,5,2026-03-15 02:29:34,2026-04-01 06:30:00
SCR-0004361,HS-001912,5,31,2026-03-27 06:18:55,2026-04-01 06:30:00
SCR-0004362,HS-001913,0,8,2026-02-05 03:40:32,2026-04-01 06:30:00
SCR-0004363,HS-001913,8,31,2026-02-10 11:23:13,2026-04-01 06:30:00
SCR-0004364,HS-001914,0,23,2026-03-08 21:16:17,2026-04-01 06:30:00
SCR-0004365,HS-001915,0,16,2026-02-23 05:37:14,2026-04-01 06:30:00
SCR-0004366,HS-001915,16,18,2026-03-07 01:16:10,2026-04-01 06:30:00
SCR-0004367,HS-001916,0,18,2026-01-15 15:58:46,2026-04-01 06:30:00
SCR-0004368,HS-001916,18,45,2026-01-21 04:46:40,2026-04-01 06:30:00
SCR-0004369,HS-001917,0,16,2026-02-06 02:25:48,2026-04-01 06:30:00
SCR-0004370,HS-001917,16,48,2026-02-13 21:17:24,2026-04-01 06:30:00
SCR-0004371,HS-001917,48,68,2026-02-14 19:58:32,2026-04-01 06:30:00
SCR-0004372,HS-001918,0,12,2025-12-26 17:12:48,2026-04-01 06:30:00
SCR-0004373,HS-001918,12,30,2026-01-09 04:36:19,2026-04-01 06:30:00
SCR-0004374,HS-001919,0,14,2025-11-01 21:37:41,2026-04-01 06:30:00
SCR-0004375,HS-001919,14,48,2025-11-09 02:25:45,2026-04-01 06:30:00
SCR-0004376,HS-001919,48,63,2025-11-11 10:54:17,2026-04-01 06:30:00
SCR-0004377,HS-001920,0,23,2026-02-19 18:02:02,2026-04-01 06:30:00
SCR-0004378,HS-001921,0,16,2025-11-01 15:42:02,2026-04-01 06:30:00
SCR-0004379,HS-001922,0,13,2025-12-23 02:31:13,2026-04-01 06:30:00
SCR-0004380,HS-001923,0,22,2025-11-02 08:57:12,2026-04-01 06:30:00
SCR-0004381,HS-001923,22,27,2025-11-10 05:18:54,2026-04-01 06:30:00
SCR-0004382,HS-001924,0,16,2025-08-26 00:34:45,2026-04-01 06:30:00
SCR-0004383,HS-001924,16,42,2025-09-01 00:59:44,2026-04-01 06:30:00
SCR-0004384,HS-001924,42,57,2025-09-01 19:24:02,2026-04-01 06:30:00
SCR-0004385,HS-001925,0,9,2026-01-01 21:19:31,2026-04-01 06:30:00
SCR-0004386,HS-001925,9,48,2026-01-05 08:29:29,2026-04-01 06:30:00
SCR-0004387,HS-001925,48,88,2026-01-07 20:51:00,2026-04-01 06:30:00
SCR-0004388,HS-001926,0,24,2025-12-19 18:34:04,2026-04-01 06:30:00
SCR-0004389,HS-001926,24,48,2025-12-27 08:38:12,2026-04-01 06:30:00
SCR-0004390,HS-001927,0,16,2026-02-11 11:38:39,2026-04-01 06:30:00
SCR-0004391,HS-001927,16,29,2026-02-20 22:12:45,2026-04-01 06:30:00
SCR-0004392,HS-001928,0,24,2026-01-01 05:14:07,2026-04-01 06:30:00
SCR-0004393,HS-001928,24,48,2026-01-12 22:43:55,2026-04-01 06:30:00
SCR-0004394,HS-001928,48,87,2026-01-15 18:04:59,2026-04-01 06:30:00
SCR-0004395,HS-001929,0,9,2026-01-23 03:49:31,2026-04-01 06:30:00
SCR-0004396,HS-001929,9,45,2026-01-31 04:07:22,2026-04-01 06:30:00
SCR-0004397,HS-001929,45,79,2026-01-31 09:38:34,2026-04-01 06:30:00
SCR-0004398,HS-001930,0,21,2025-10-14 20:53:07,2026-04-01 06:30:00
SCR-0004399,HS-001930,21,32,2025-10-21 13:18:13,2026-04-01 06:30:00
SCR-0004400,HS-001931,0,9,2026-02-18 23:20:49,2026-04-01 06:30:00
SCR-0004401,HS-001932,0,22,2025-11-20 12:27:02,2026-04-01 06:30:00
SCR-0004402,HS-001932,22,32,2025-11-25 23:55:52,2026-04-01 06:30:00
SCR-0004403,HS-001933,0,5,2026-02-07 13:47:11,2026-04-01 06:30:00
SCR-0004404,HS-001933,5,47,2026-03-05 16:45:16,2026-04-01 06:30:00
SCR-0004405,HS-001933,47,88,2026-03-07 20:09:34,2026-04-01 06:30:00
SCR-0004406,HS-001934,0,24,2025-10-24 14:03:59,2026-04-01 06:30:00
SCR-0004407,HS-001935,0,22,2026-01-13 15:17:44,2026-04-01 06:30:00
SCR-0004408,HS-001936,0,5,2025-10-10 06:02:53,2026-04-01 06:30:00
SCR-0004409,HS-001936,5,23,2025-10-11 18:01:54,2026-04-01 06:30:00
SCR-0004410,HS-001937,0,9,2025-11-27 22:15:50,2026-04-01 06:30:00
SCR-0004411,HS-001937,9,43,2025-12-02 05:14:02,2026-04-01 06:30:00
SCR-0004412,HS-001937,43,55,2025-12-02 20:09:38,2026-04-01 06:30:00
SCR-0004413,HS-001938,0,12,2025-12-27 03:44:21,2026-04-01 06:30:00
SCR-0004414,HS-001938,12,36,2025-12-28 04:40:49,2026-04-01 06:30:00
SCR-0004415,HS-001939,0,24,2025-08-22 05:09:09,2026-04-01 06:30:00
SCR-0004416,HS-001939,24,48,2025-09-07 22:57:43,2026-04-01 06:30:00
SCR-0004417,HS-001939,48,90,2025-09-08 19:03:12,2026-04-01 06:30:00
SCR-0004418,HS-001940,0,15,2025-10-09 13:38:05,2026-04-01 06:30:00
SCR-0004419,HS-001940,15,23,2025-10-22 03:04:21,2026-04-01 06:30:00
SCR-0004420,HS-001941,0,11,2025-12-17 02:08:50,2026-04-01 06:30:00
SCR-0004421,HS-001941,11,47,2025-12-31 06:03:48,2026-04-01 06:30:00
SCR-0004422,HS-001941,47,62,2026-01-02 18:09:42,2026-04-01 06:30:00
SCR-0004423,HS-001942,0,24,2025-10-15 23:18:20,2026-04-01 06:30:00
SCR-0004424,HS-001942,24,44,2025-10-27 15:54:48,2026-04-01 06:30:00
SCR-0004425,HS-001942,44,65,2025-10-28 21:03:29,2026-04-01 06:30:00
SCR-0004426,HS-001943,0,24,2025-11-22 04:45:23,2026-04-01 06:30:00
SCR-0004427,HS-001943,24,43,2025-12-15 13:48:52,2026-04-01 06:30:00
SCR-0004428,HS-001943,43,75,2025-12-18 01:25:15,2026-04-01 06:30:00
SCR-0004429,HS-001944,0,12,2026-01-01 08:30:00,2026-04-01 06:30:00
SCR-0004430,HS-001944,12,47,2026-01-08 11:26:06,2026-04-01 06:30:00
SCR-0004431,HS-001944,47,90,2026-01-10 17:40:21,2026-04-01 06:30:00
SCR-0004432,HS-001945,0,21,2026-01-17 06:14:40,2026-04-01 06:30:00
SCR-0004433,HS-001945,21,47,2026-01-21 13:55:11,2026-04-01 06:30:00
SCR-0004434,HS-001945,47,88,2026-01-22 21:29:40,2026-04-01 06:30:00
SCR-0004435,HS-001946,0,14,2026-01-25 21:35:51,2026-04-01 06:30:00
SCR-0004436,HS-001946,14,44,2026-02-06 15:38:46,2026-04-01 06:30:00
SCR-0004437,HS-001946,44,59,2026-02-09 11:36:55,2026-04-01 06:30:00
SCR-0004438,HS-001947,0,15,2026-03-09 11:09:28,2026-04-01 06:30:00
SCR-0004439,HS-001948,0,12,2026-02-12 11:51:43,2026-04-01 06:30:00
SCR-0004440,HS-001948,12,20,2026-03-03 06:14:03,2026-04-01 06:30:00
SCR-0004441,HS-001949,0,20,2025-12-22 03:19:48,2026-04-01 06:30:00
SCR-0004442,HS-001949,20,42,2025-12-26 20:35:50,2026-04-01 06:30:00
SCR-0004443,HS-001949,42,55,2025-12-27 20:45:47,2026-04-01 06:30:00
SCR-0004444,HS-001950,0,23,2025-10-12 04:55:02,2026-04-01 06:30:00
SCR-0004445,HS-001950,23,34,2025-10-25 00:32:24,2026-04-01 06:30:00
SCR-0004446,HS-001951,0,13,2025-12-22 10:08:56,2026-04-01 06:30:00
SCR-0004447,HS-001951,13,41,2025-12-28 19:27:50,2026-04-01 06:30:00
SCR-0004448,HS-001951,41,57,2025-12-31 03:30:03,2026-04-01 06:30:00
SCR-0004449,HS-001952,0,7,2025-10-28 05:06:18,2026-04-01 06:30:00
SCR-0004450,HS-001952,7,27,2025-11-13 16:18:31,2026-04-01 06:30:00
SCR-0004451,HS-001953,0,21,2026-01-24 04:43:44,2026-04-01 06:30:00
SCR-0004452,HS-001953,21,34,2026-02-08 20:23:17,2026-04-01 06:30:00
SCR-0004453,HS-001954,0,19,2026-01-18 21:25:33,2026-04-01 06:30:00
SCR-0004454,HS-001954,19,48,2026-01-21 18:58:17,2026-04-01 06:30:00
SCR-0004455,HS-001954,48,85,2026-01-24 11:52:23,2026-04-01 06:30:00
SCR-0004456,HS-001955,0,6,2026-03-02 04:59:37,2026-04-01 06:30:00
SCR-0004457,HS-001955,6,20,2026-03-10 04:39:35,2026-04-01 06:30:00
SCR-0004458,HS-001956,0,9,2025-09-26 12:07:04,2026-04-01 06:30:00
SCR-0004459,HS-001956,9,41,2025-09-29 07:33:56,2026-04-01 06:30:00
SCR-0004460,HS-001956,41,87,2025-10-02 04:41:55,2026-04-01 06:30:00
SCR-0004461,HS-001957,0,5,2025-12-10 07:14:27,2026-04-01 06:30:00
SCR-0004462,HS-001957,5,13,2025-12-22 03:14:40,2026-04-01 06:30:00
SCR-0004463,HS-001958,0,15,2026-01-16 02:53:10,2026-04-01 06:30:00
SCR-0004464,HS-001958,15,45,2026-01-21 23:11:52,2026-04-01 06:30:00
SCR-0004465,HS-001958,45,65,2026-01-22 04:42:22,2026-04-01 06:30:00
SCR-0004466,HS-001959,0,8,2026-02-18 22:39:18,2026-04-01 06:30:00
SCR-0004467,HS-001959,8,42,2026-02-22 00:39:01,2026-04-01 06:30:00
SCR-0004468,HS-001959,42,79,2026-02-22 22:33:48,2026-04-01 06:30:00
SCR-0004469,HS-001960,0,6,2025-12-18 08:40:22,2026-04-01 06:30:00
SCR-0004470,HS-001960,6,20,2026-01-04 23:28:27,2026-04-01 06:30:00
SCR-0004471,HS-001961,0,13,2026-01-25 12:57:47,2026-04-01 06:30:00
SCR-0004472,HS-001961,13,40,2026-02-11 01:35:42,2026-04-01 06:30:00
SCR-0004473,HS-001961,40,72,2026-02-11 16:37:33,2026-04-01 06:30:00
SCR-0004474,HS-001962,0,14,2025-10-23 23:57:40,2026-04-01 06:30:00
SCR-0004475,HS-001962,14,22,2025-11-09 18:00:10,2026-04-01 06:30:00
SCR-0004476,HS-001963,0,14,2025-10-07 10:31:08,2026-04-01 06:30:00
SCR-0004477,HS-001963,14,42,2025-10-13 07:18:10,2026-04-01 06:30:00
SCR-0004478,HS-001963,42,51,2025-10-15 09:18:00,2026-04-01 06:30:00
SCR-0004479,HS-001964,0,16,2026-02-25 13:33:27,2026-04-01 06:30:00
SCR-0004480,HS-001965,0,24,2025-09-08 04:06:19,2026-04-01 06:30:00
SCR-0004481,HS-001965,24,31,2025-09-12 22:06:49,2026-04-01 06:30:00
SCR-0004482,HS-001966,0,20,2025-09-28 00:00:03,2026-04-01 06:30:00
SCR-0004483,HS-001967,0,9,2026-02-21 02:03:46,2026-04-01 06:30:00
SCR-0004484,HS-001967,9,26,2026-03-05 02:21:17,2026-04-01 06:30:00
SCR-0004485,HS-001968,0,15,2026-02-04 19:45:36,2026-04-01 06:30:00
SCR-0004486,HS-001968,15,45,2026-02-09 12:19:38,2026-04-01 06:30:00
SCR-0004487,HS-001969,0,18,2025-12-02 17:51:51,2026-04-01 06:30:00
SCR-0004488,HS-001969,18,25,2025-12-11 17:40:13,2026-04-01 06:30:00
SCR-0004489,HS-001970,0,6,2026-03-08 12:02:42,2026-04-01 06:30:00
SCR-0004490,HS-001970,6,14,2026-03-12 13:51:53,2026-04-01 06:30:00
SCR-0004491,HS-001971,0,23,2025-11-19 13:36:43,2026-04-01 06:30:00
SCR-0004492,HS-001971,23,25,2025-11-23 18:12:36,2026-04-01 06:30:00
SCR-0004493,HS-001972,0,16,2025-09-16 17:55:56,2026-04-01 06:30:00
SCR-0004494,HS-001972,16,46,2025-09-26 20:38:11,2026-04-01 06:30:00
SCR-0004495,HS-001972,46,87,2025-09-29 19:43:23,2026-04-01 06:30:00
SCR-0004496,HS-001973,0,6,2026-03-29 16:31:52,2026-04-01 06:30:00
SCR-0004497,HS-001973,6,15,2026-04-10 14:02:25,2026-04-01 06:30:00
SCR-0004498,HS-001974,0,12,2026-01-08 20:03:41,2026-04-01 06:30:00
SCR-0004499,HS-001974,12,46,2026-01-13 16:27:45,2026-04-01 06:30:00
SCR-0004500,HS-001974,46,79,2026-01-13 21:27:15,2026-04-01 06:30:00
SCR-0004501,HS-001975,0,9,2025-10-02 16:25:46,2026-04-01 06:30:00
SCR-0004502,HS-001975,9,46,2025-10-09 02:19:27,2026-04-01 06:30:00
SCR-0004503,HS-001975,46,69,2025-10-09 18:26:15,2026-04-01 06:30:00
SCR-0004504,HS-001976,0,14,2026-03-13 19:28:30,2026-04-01 06:30:00
SCR-0004505,HS-001976,14,46,2026-03-24 22:32:04,2026-04-01 06:30:00
SCR-0004506,HS-001976,46,81,2026-03-27 12:23:03,2026-04-01 06:30:00
SCR-0004507,HS-001977,0,5,2025-10-15 03:07:34,2026-04-01 06:30:00
SCR-0004508,HS-001977,5,19,2025-11-01 06:13:14,2026-04-01 06:30:00
SCR-0004509,HS-001978,0,14,2026-01-15 21:15:09,2026-04-01 06:30:00
SCR-0004510,HS-001978,14,26,2026-02-01 02:22:32,2026-04-01 06:30:00
SCR-0004511,HS-001979,0,12,2025-12-29 13:13:47,2026-04-01 06:30:00
SCR-0004512,HS-001979,12,44,2026-01-10 00:13:31,2026-04-01 06:30:00
SCR-0004513,HS-001980,0,15,2026-02-22 15:35:55,2026-04-01 06:30:00
SCR-0004514,HS-001980,15,36,2026-03-14 07:47:50,2026-04-01 06:30:00
SCR-0004515,HS-001981,0,6,2025-11-11 02:19:58,2026-04-01 06:30:00
SCR-0004516,HS-001981,6,17,2025-11-19 05:26:03,2026-04-01 06:30:00
SCR-0004517,HS-001982,0,24,2025-09-07 18:42:55,2026-04-01 06:30:00
SCR-0004518,HS-001983,0,10,2025-09-08 18:08:27,2026-04-01 06:30:00
SCR-0004519,HS-001983,10,49,2025-09-13 16:15:06,2026-04-01 06:30:00
SCR-0004520,HS-001984,0,15,2025-09-23 12:14:13,2026-04-01 06:30:00
SCR-0004521,HS-001984,15,16,2025-09-27 23:06:41,2026-04-01 06:30:00
SCR-0004522,HS-001985,0,9,2026-03-25 00:13:20,2026-04-01 06:30:00
SCR-0004523,HS-001985,9,40,2026-03-29 09:17:04,2026-04-01 06:30:00
SCR-0004524,HS-001985,40,63,2026-03-29 18:17:08,2026-04-01 06:30:00
SCR-0004525,HS-001986,0,21,2026-03-11 18:11:29,2026-04-01 06:30:00
SCR-0004526,HS-001986,21,46,2026-03-17 19:16:20,2026-04-01 06:30:00
SCR-0004527,HS-001986,46,67,2026-03-19 17:04:00,2026-04-01 06:30:00
SCR-0004528,HS-001987,0,23,2025-08-20 09:31:32,2026-04-01 06:30:00
SCR-0004529,HS-001987,23,40,2025-09-07 23:19:08,2026-04-01 06:30:00
SCR-0004530,HS-001988,0,6,2026-03-04 21:56:13,2026-04-01 06:30:00
SCR-0004531,HS-001988,6,21,2026-03-21 06:05:45,2026-04-01 06:30:00
SCR-0004532,HS-001989,0,15,2025-11-25 13:08:32,2026-04-01 06:30:00
SCR-0004533,HS-001989,15,40,2025-12-04 12:02:25,2026-04-01 06:30:00
SCR-0004534,HS-001990,0,19,2025-09-22 08:37:10,2026-04-01 06:30:00
SCR-0004535,HS-001990,19,24,2025-09-29 05:56:21,2026-04-01 06:30:00
SCR-0004536,HS-001991,0,8,2025-10-07 08:10:48,2026-04-01 06:30:00
SCR-0004537,HS-001992,0,17,2025-08-21 10:14:29,2026-04-01 06:30:00
SCR-0004538,HS-001992,17,40,2025-09-01 21:39:42,2026-04-01 06:30:00
SCR-0004539,HS-001992,40,75,2025-09-03 06:08:48,2026-04-01 06:30:00
SCR-0004540,HS-001993,0,13,2025-08-27 20:20:58,2026-04-01 06:30:00
SCR-0004541,HS-001993,13,42,2025-09-03 13:06:42,2026-04-01 06:30:00
SCR-0004542,HS-001993,42,77,2025-09-04 04:57:48,2026-04-01 06:30:00
SCR-0004543,HS-001994,0,21,2025-10-22 19:06:14,2026-04-01 06:30:00
SCR-0004544,HS-001995,0,24,2026-02-28 09:40:32,2026-04-01 06:30:00
SCR-0004545,HS-001995,24,47,2026-03-12 03:57:40,2026-04-01 06:30:00
SCR-0004546,HS-001995,47,56,2026-03-13 00:51:30,2026-04-01 06:30:00
SCR-0004547,HS-001996,0,6,2025-09-01 13:54:25,2026-04-01 06:30:00
SCR-0004548,HS-001997,0,6,2026-03-17 13:30:10,2026-04-01 06:30:00
SCR-0004549,HS-001997,6,48,2026-03-26 19:02:25,2026-04-01 06:30:00
SCR-0004550,HS-001997,48,81,2026-03-27 01:51:22,2026-04-01 06:30:00
SCR-0004551,HS-001998,0,13,2025-11-11 07:38:38,2026-04-01 06:30:00
SCR-0004552,HS-001998,13,46,2025-11-15 00:11:10,2026-04-01 06:30:00
SCR-0004553,HS-001998,46,88,2025-11-17 07:39:42,2026-04-01 06:30:00
SCR-0004554,HS-001999,0,23,2025-09-25 00:52:49,2026-04-01 06:30:00
SCR-0004555,HS-002000,0,15,2025-11-20 05:10:19,2026-04-01 06:30:00
SCR-0004556,HS-002001,0,17,2025-12-28 19:31:01,2026-04-01 06:30:00
SCR-0004557,HS-002001,17,47,2025-12-31 08:42:46,2026-04-01 06:30:00
SCR-0004558,HS-002001,47,55,2026-01-01 04:43:03,2026-04-01 06:30:00
SCR-0004559,HS-002002,0,9,2025-11-17 06:08:20,2026-04-01 06:30:00
SCR-0004560,HS-002002,9,42,2025-11-27 23:31:03,2026-04-01 06:30:00
SCR-0004561,HS-002002,42,76,2025-11-28 19:06:06,2026-04-01 06:30:00
SCR-0004562,HS-002003,0,17,2026-01-31 03:14:17,2026-04-01 06:30:00
SCR-0004563,HS-002003,17,42,2026-02-02 17:04:06,2026-04-01 06:30:00
SCR-0004564,HS-002003,42,59,2026-02-03 04:59:54,2026-04-01 06:30:00
SCR-0004565,HS-002004,0,19,2026-02-08 21:24:44,2026-04-01 06:30:00
SCR-0004566,HS-002004,19,48,2026-02-12 01:20:48,2026-04-01 06:30:00
SCR-0004567,HS-002004,48,73,2026-02-12 06:43:53,2026-04-01 06:30:00
SCR-0004568,HS-002005,0,6,2025-11-14 07:09:54,2026-04-01 06:30:00
SCR-0004569,HS-002005,6,20,2025-12-03 23:39:18,2026-04-01 06:30:00
SCR-0004570,HS-002006,0,15,2026-02-20 14:13:39,2026-04-01 06:30:00
SCR-0004571,HS-002006,15,39,2026-03-01 10:40:01,2026-04-01 06:30:00
SCR-0004572,HS-002007,0,8,2025-11-07 10:36:12,2026-04-01 06:30:00
SCR-0004573,HS-002007,8,20,2025-11-10 22:06:20,2026-04-01 06:30:00
SCR-0004574,HS-002008,0,9,2025-09-19 18:17:21,2026-04-01 06:30:00
SCR-0004575,HS-002008,9,49,2025-09-30 10:12:44,2026-04-01 06:30:00
SCR-0004576,HS-002009,0,20,2025-11-13 04:13:27,2026-04-01 06:30:00
SCR-0004577,HS-002009,20,46,2025-11-16 16:20:19,2026-04-01 06:30:00
SCR-0004578,HS-002009,46,56,2025-11-19 13:57:15,2026-04-01 06:30:00
SCR-0004579,HS-002010,0,11,2025-12-18 21:14:25,2026-04-01 06:30:00
SCR-0004580,HS-002010,11,40,2025-12-24 07:11:37,2026-04-01 06:30:00
SCR-0004581,HS-002010,40,56,2025-12-27 04:36:05,2026-04-01 06:30:00
SCR-0004582,HS-002011,0,12,2026-01-17 10:30:23,2026-04-01 06:30:00
SCR-0004583,HS-002012,0,22,2026-03-02 16:27:53,2026-04-01 06:30:00
SCR-0004584,HS-002013,0,16,2026-03-10 01:33:48,2026-04-01 06:30:00
SCR-0004585,HS-002013,16,20,2026-03-24 10:31:07,2026-04-01 06:30:00
SCR-0004586,HS-002014,0,21,2026-03-07 04:12:15,2026-04-01 06:30:00
SCR-0004587,HS-002014,21,28,2026-03-15 01:05:43,2026-04-01 06:30:00
SCR-0004588,HS-002015,0,22,2026-02-11 03:51:23,2026-04-01 06:30:00
SCR-0004589,HS-002015,22,40,2026-02-20 22:07:06,2026-04-01 06:30:00
SCR-0004590,HS-002015,40,50,2026-02-22 07:27:54,2026-04-01 06:30:00
SCR-0004591,HS-002016,0,13,2025-12-08 16:51:11,2026-04-01 06:30:00
SCR-0004592,HS-002016,13,44,2025-12-28 06:00:32,2026-04-01 06:30:00
SCR-0004593,HS-002016,44,78,2025-12-29 16:28:56,2026-04-01 06:30:00
SCR-0004594,HS-002017,0,13,2026-01-19 06:41:00,2026-04-01 06:30:00
SCR-0004595,HS-002017,13,40,2026-01-24 15:43:17,2026-04-01 06:30:00
SCR-0004596,HS-002017,40,79,2026-01-25 06:27:40,2026-04-01 06:30:00
SCR-0004597,HS-002018,0,21,2025-12-27 07:03:08,2026-04-01 06:30:00
SCR-0004598,HS-002018,21,45,2026-01-03 10:13:29,2026-04-01 06:30:00
SCR-0004599,HS-002018,45,73,2026-01-04 04:46:27,2026-04-01 06:30:00
SCR-0004600,HS-002019,0,8,2026-02-22 22:48:15,2026-04-01 06:30:00
SCR-0004601,HS-002019,8,31,2026-03-03 17:41:09,2026-04-01 06:30:00
SCR-0004602,HS-002020,0,6,2026-03-14 20:21:13,2026-04-01 06:30:00
SCR-0004603,HS-002020,6,44,2026-03-25 23:02:54,2026-04-01 06:30:00
SCR-0004604,HS-002020,44,65,2026-03-28 01:33:47,2026-04-01 06:30:00
SCR-0004605,HS-002021,0,20,2026-02-15 14:19:59,2026-04-01 06:30:00
SCR-0004606,HS-002021,20,45,2026-02-23 07:13:31,2026-04-01 06:30:00
SCR-0004607,HS-002021,45,73,2026-02-26 04:32:32,2026-04-01 06:30:00
SCR-0004608,HS-002022,0,5,2025-11-04 11:38:53,2026-04-01 06:30:00
SCR-0004609,HS-002022,5,13,2025-11-21 08:32:47,2026-04-01 06:30:00
SCR-0004610,HS-002023,0,12,2025-12-01 08:23:16,2026-04-01 06:30:00
SCR-0004611,HS-002024,0,16,2025-09-14 03:33:10,2026-04-01 06:30:00
SCR-0004612,HS-002024,16,42,2025-10-01 11:07:07,2026-04-01 06:30:00
SCR-0004613,HS-002024,42,83,2025-10-02 21:39:01,2026-04-01 06:30:00
SCR-0004614,HS-002025,0,19,2025-11-09 16:21:24,2026-04-01 06:30:00
SCR-0004615,HS-002026,0,20,2026-01-11 20:43:54,2026-04-01 06:30:00
SCR-0004616,HS-002026,20,48,2026-01-18 06:58:02,2026-04-01 06:30:00
SCR-0004617,HS-002027,0,23,2026-01-08 18:06:19,2026-04-01 06:30:00
SCR-0004618,HS-002027,23,27,2026-01-19 03:53:23,2026-04-01 06:30:00
SCR-0004619,HS-002028,0,10,2025-10-02 23:02:23,2026-04-01 06:30:00
SCR-0004620,HS-002029,0,8,2026-01-07 12:55:07,2026-04-01 06:30:00
SCR-0004621,HS-002029,8,17,2026-01-19 15:42:17,2026-04-01 06:30:00
SCR-0004622,HS-002030,0,19,2026-01-29 16:51:36,2026-04-01 06:30:00
SCR-0004623,HS-002031,0,9,2026-02-13 02:42:32,2026-04-01 06:30:00
SCR-0004624,HS-002031,9,17,2026-02-16 18:22:10,2026-04-01 06:30:00
SCR-0004625,HS-002032,0,18,2026-03-16 10:16:59,2026-04-01 06:30:00
SCR-0004626,HS-002032,18,46,2026-03-23 00:44:38,2026-04-01 06:30:00
SCR-0004627,HS-002032,46,87,2026-03-24 00:48:21,2026-04-01 06:30:00
SCR-0004628,HS-002033,0,24,2025-09-05 17:49:03,2026-04-01 06:30:00
SCR-0004629,HS-002033,24,27,2025-09-19 07:47:27,2026-04-01 06:30:00
SCR-0004630,HS-002034,0,8,2025-12-25 13:24:28,2026-04-01 06:30:00
SCR-0004631,HS-002034,8,48,2026-01-04 22:35:08,2026-04-01 06:30:00
SCR-0004632,HS-002034,48,61,2026-01-05 06:06:00,2026-04-01 06:30:00
SCR-0004633,HS-002035,0,24,2026-01-27 07:23:20,2026-04-01 06:30:00
SCR-0004634,HS-002035,24,48,2026-02-01 10:44:14,2026-04-01 06:30:00
SCR-0004635,HS-002035,48,90,2026-02-03 00:40:49,2026-04-01 06:30:00
SCR-0004636,HS-002036,0,17,2025-12-31 16:38:50,2026-04-01 06:30:00
SCR-0004637,HS-002036,17,30,2026-01-13 01:22:17,2026-04-01 06:30:00
SCR-0004638,HS-002037,0,11,2025-10-28 10:04:01,2026-04-01 06:30:00
SCR-0004639,HS-002037,11,24,2025-11-10 13:48:30,2026-04-01 06:30:00
SCR-0004640,HS-002038,0,7,2025-12-16 09:04:53,2026-04-01 06:30:00
SCR-0004641,HS-002039,0,23,2025-09-22 07:29:38,2026-04-01 06:30:00
SCR-0004642,HS-002040,0,6,2026-01-05 03:53:34,2026-04-01 06:30:00
SCR-0004643,HS-002040,6,14,2026-01-19 02:40:51,2026-04-01 06:30:00
SCR-0004644,HS-002041,0,10,2025-10-06 17:18:25,2026-04-01 06:30:00
SCR-0004645,HS-002041,10,21,2025-10-19 01:14:14,2026-04-01 06:30:00
SCR-0004646,HS-002042,0,18,2026-02-01 03:43:07,2026-04-01 06:30:00
SCR-0004647,HS-002043,0,20,2026-02-10 16:58:37,2026-04-01 06:30:00
SCR-0004648,HS-002043,20,46,2026-02-19 13:24:50,2026-04-01 06:30:00
SCR-0004649,HS-002043,46,82,2026-02-22 01:20:29,2026-04-01 06:30:00
SCR-0004650,HS-002044,0,21,2025-11-29 16:13:55,2026-04-01 06:30:00
SCR-0004651,HS-002044,21,26,2025-12-02 12:46:04,2026-04-01 06:30:00
SCR-0004652,HS-002045,0,6,2026-02-22 07:00:24,2026-04-01 06:30:00
SCR-0004653,HS-002045,6,17,2026-03-13 22:42:59,2026-04-01 06:30:00
SCR-0004654,HS-002046,0,20,2026-01-23 05:06:20,2026-04-01 06:30:00
SCR-0004655,HS-002046,20,43,2026-01-29 14:52:58,2026-04-01 06:30:00
SCR-0004656,HS-002046,43,51,2026-01-30 05:17:32,2026-04-01 06:30:00
SCR-0004657,HS-002047,0,21,2025-11-10 10:24:47,2026-04-01 06:30:00
SCR-0004658,HS-002048,0,6,2025-12-18 08:45:05,2026-04-01 06:30:00
SCR-0004659,HS-002048,6,47,2025-12-28 00:32:57,2026-04-01 06:30:00
SCR-0004660,HS-002048,47,50,2025-12-29 18:10:25,2026-04-01 06:30:00
SCR-0004661,HS-002049,0,11,2026-01-10 09:53:33,2026-04-01 06:30:00
SCR-0004662,HS-002049,11,43,2026-01-22 13:29:54,2026-04-01 06:30:00
SCR-0004663,HS-002049,43,53,2026-01-23 20:29:45,2026-04-01 06:30:00
SCR-0004664,HS-002050,0,11,2025-12-07 21:13:51,2026-04-01 06:30:00
SCR-0004665,HS-002051,0,20,2025-12-08 19:06:08,2026-04-01 06:30:00
SCR-0004666,HS-002051,20,44,2025-12-30 12:48:38,2026-04-01 06:30:00
SCR-0004667,HS-002051,44,66,2026-01-01 20:18:03,2026-04-01 06:30:00
SCR-0004668,HS-002052,0,23,2025-11-30 14:10:40,2026-04-01 06:30:00
SCR-0004669,HS-002052,23,48,2025-12-07 23:55:53,2026-04-01 06:30:00
SCR-0004670,HS-002052,48,51,2025-12-08 23:19:54,2026-04-01 06:30:00
SCR-0004671,HS-002053,0,13,2025-08-29 18:55:56,2026-04-01 06:30:00
SCR-0004672,HS-002053,13,40,2025-09-15 05:56:02,2026-04-01 06:30:00
SCR-0004673,HS-002053,40,75,2025-09-18 03:11:37,2026-04-01 06:30:00
SCR-0004674,HS-002054,0,8,2026-02-02 05:24:37,2026-04-01 06:30:00
SCR-0004675,HS-002054,8,35,2026-02-07 08:12:48,2026-04-01 06:30:00
SCR-0004676,HS-002055,0,21,2025-08-31 21:18:50,2026-04-01 06:30:00
SCR-0004677,HS-002055,21,43,2025-09-08 01:26:55,2026-04-01 06:30:00
SCR-0004678,HS-002055,43,64,2025-09-09 08:33:38,2026-04-01 06:30:00
SCR-0004679,HS-002056,0,12,2025-10-23 23:07:41,2026-04-01 06:30:00
SCR-0004680,HS-002056,12,23,2025-11-06 13:42:50,2026-04-01 06:30:00
SCR-0004681,HS-002057,0,14,2025-12-09 11:57:52,2026-04-01 06:30:00
SCR-0004682,HS-002057,14,46,2025-12-17 10:10:58,2026-04-01 06:30:00
SCR-0004683,HS-002057,46,54,2025-12-18 02:26:57,2026-04-01 06:30:00
SCR-0004684,HS-002058,0,24,2025-11-10 22:00:48,2026-04-01 06:30:00
SCR-0004685,HS-002058,24,41,2025-11-24 03:06:37,2026-04-01 06:30:00
SCR-0004686,HS-002058,41,66,2025-11-25 18:22:10,2026-04-01 06:30:00
SCR-0004687,HS-002059,0,6,2026-01-18 07:04:43,2026-04-01 06:30:00
SCR-0004688,HS-002059,6,28,2026-02-04 15:40:38,2026-04-01 06:30:00
SCR-0004689,HS-002060,0,6,2025-12-08 01:01:06,2026-04-01 06:30:00
SCR-0004690,HS-002060,6,37,2025-12-15 15:44:29,2026-04-01 06:30:00
SCR-0004691,HS-002061,0,8,2025-09-17 08:59:56,2026-04-01 06:30:00
SCR-0004692,HS-002061,8,30,2025-09-18 09:33:01,2026-04-01 06:30:00
SCR-0004693,HS-002062,0,14,2026-01-30 16:40:05,2026-04-01 06:30:00
SCR-0004694,HS-002062,14,22,2026-02-04 06:13:58,2026-04-01 06:30:00
SCR-0004695,HS-002063,0,6,2025-09-01 10:53:04,2026-04-01 06:30:00
SCR-0004696,HS-002063,6,47,2025-09-06 08:35:10,2026-04-01 06:30:00
SCR-0004697,HS-002063,47,75,2025-09-06 17:37:32,2026-04-01 06:30:00
SCR-0004698,HS-002064,0,22,2025-10-01 20:56:16,2026-04-01 06:30:00
SCR-0004699,HS-002064,22,43,2025-10-06 21:47:07,2026-04-01 06:30:00
SCR-0004700,HS-002065,0,5,2025-10-02 08:38:51,2026-04-01 06:30:00
SCR-0004701,HS-002065,5,47,2025-10-05 10:26:37,2026-04-01 06:30:00
SCR-0004702,HS-002065,47,79,2025-10-06 05:11:21,2026-04-01 06:30:00
SCR-0004703,HS-002066,0,13,2025-12-25 23:19:15,2026-04-01 06:30:00
SCR-0004704,HS-002066,13,46,2025-12-31 14:13:26,2026-04-01 06:30:00
SCR-0004705,HS-002066,46,79,2026-01-02 02:57:58,2026-04-01 06:30:00
SCR-0004706,HS-002067,0,16,2026-02-22 16:08:50,2026-04-01 06:30:00
SCR-0004707,HS-002067,16,27,2026-03-11 22:22:36,2026-04-01 06:30:00
SCR-0004708,HS-002068,0,19,2026-01-03 23:21:33,2026-04-01 06:30:00
SCR-0004709,HS-002068,19,46,2026-01-13 23:26:18,2026-04-01 06:30:00
SCR-0004710,HS-002068,46,54,2026-01-16 18:04:31,2026-04-01 06:30:00
SCR-0004711,HS-002069,0,18,2026-02-23 04:23:17,2026-04-01 06:30:00
SCR-0004712,HS-002069,18,47,2026-03-03 03:07:54,2026-04-01 06:30:00
SCR-0004713,HS-002069,47,76,2026-03-04 23:03:39,2026-04-01 06:30:00
SCR-0004714,HS-002070,0,10,2026-03-10 18:29:33,2026-04-01 06:30:00
SCR-0004715,HS-002070,10,26,2026-03-12 10:50:51,2026-04-01 06:30:00
SCR-0004716,HS-002071,0,17,2026-01-19 13:57:58,2026-04-01 06:30:00
SCR-0004717,HS-002071,17,22,2026-01-30 06:38:22,2026-04-01 06:30:00
SCR-0004718,HS-002072,0,9,2025-11-11 11:07:52,2026-04-01 06:30:00
SCR-0004719,HS-002072,9,23,2025-11-23 05:53:58,2026-04-01 06:30:00
SCR-0004720,HS-002073,0,7,2026-01-17 20:27:00,2026-04-01 06:30:00
SCR-0004721,HS-002073,7,42,2026-02-01 08:31:38,2026-04-01 06:30:00
SCR-0004722,HS-002073,42,62,2026-02-03 14:25:38,2026-04-01 06:30:00
SCR-0004723,HS-002074,0,16,2025-10-31 10:34:38,2026-04-01 06:30:00
SCR-0004724,HS-002074,16,23,2025-11-04 21:30:27,2026-04-01 06:30:00
SCR-0004725,HS-002075,0,24,2025-09-21 01:38:59,2026-04-01 06:30:00
SCR-0004726,HS-002076,0,22,2026-01-08 01:15:17,2026-04-01 06:30:00
SCR-0004727,HS-002076,22,40,2026-01-14 04:11:42,2026-04-01 06:30:00
SCR-0004728,HS-002076,40,50,2026-01-16 03:19:44,2026-04-01 06:30:00
SCR-0004729,HS-002077,0,10,2026-02-07 22:12:03,2026-04-01 06:30:00
SCR-0004730,HS-002077,10,49,2026-02-14 18:33:14,2026-04-01 06:30:00
SCR-0004731,HS-002078,0,23,2026-02-07 20:24:08,2026-04-01 06:30:00
SCR-0004732,HS-002078,23,42,2026-02-16 09:26:12,2026-04-01 06:30:00
SCR-0004733,HS-002079,0,23,2026-03-23 10:46:07,2026-04-01 06:30:00
SCR-0004734,HS-002079,23,42,2026-03-27 07:33:22,2026-04-01 06:30:00
SCR-0004735,HS-002080,0,6,2026-03-10 01:05:07,2026-04-01 06:30:00
SCR-0004736,HS-002080,6,9,2026-03-15 06:44:47,2026-04-01 06:30:00
SCR-0004737,HS-002081,0,7,2025-10-11 23:02:56,2026-04-01 06:30:00
SCR-0004738,HS-002081,7,11,2025-10-19 23:57:24,2026-04-01 06:30:00
SCR-0004739,HS-002082,0,14,2026-01-28 18:28:09,2026-04-01 06:30:00
SCR-0004740,HS-002082,14,44,2026-02-01 09:00:51,2026-04-01 06:30:00
SCR-0004741,HS-002082,44,73,2026-02-01 18:54:08,2026-04-01 06:30:00
SCR-0004742,HS-002083,0,13,2025-09-05 03:51:38,2026-04-01 06:30:00
SCR-0004743,HS-002083,13,16,2025-09-24 23:22:21,2026-04-01 06:30:00
SCR-0004744,HS-002084,0,15,2026-03-26 04:18:37,2026-04-01 06:30:00
SCR-0004745,HS-002084,15,42,2026-03-29 08:16:06,2026-04-01 06:30:00
SCR-0004746,HS-002084,42,85,2026-03-29 20:17:56,2026-04-01 06:30:00
SCR-0004747,HS-002085,0,21,2026-02-24 04:33:15,2026-04-01 06:30:00
SCR-0004748,HS-002086,0,16,2026-02-21 15:50:25,2026-04-01 06:30:00
SCR-0004749,HS-002086,16,46,2026-03-04 23:48:37,2026-04-01 06:30:00
SCR-0004750,HS-002086,46,70,2026-03-05 07:52:01,2026-04-01 06:30:00
SCR-0004751,HS-002087,0,8,2026-03-15 09:43:12,2026-04-01 06:30:00
SCR-0004752,HS-002087,8,30,2026-03-26 20:36:16,2026-04-01 06:30:00
SCR-0004753,HS-002088,0,16,2025-10-13 08:58:18,2026-04-01 06:30:00
SCR-0004754,HS-002088,16,44,2025-10-28 09:48:11,2026-04-01 06:30:00
SCR-0004755,HS-002088,44,71,2025-10-31 05:46:30,2026-04-01 06:30:00
SCR-0004756,HS-002089,0,10,2025-09-24 14:58:48,2026-04-01 06:30:00
SCR-0004757,HS-002089,10,34,2025-10-06 23:32:46,2026-04-01 06:30:00
SCR-0004758,HS-002090,0,18,2025-09-22 17:05:45,2026-04-01 06:30:00
SCR-0004759,HS-002091,0,18,2025-09-23 04:09:11,2026-04-01 06:30:00
SCR-0004760,HS-002091,18,41,2025-09-27 22:00:56,2026-04-01 06:30:00
SCR-0004761,HS-002091,41,66,2025-09-30 12:14:32,2026-04-01 06:30:00
SCR-0004762,HS-002092,0,12,2025-12-28 14:59:48,2026-04-01 06:30:00
SCR-0004763,HS-002092,12,48,2026-01-15 23:00:36,2026-04-01 06:30:00
SCR-0004764,HS-002092,48,83,2026-01-17 20:15:27,2026-04-01 06:30:00
SCR-0004765,HS-002093,0,16,2026-01-19 20:55:26,2026-04-01 06:30:00
SCR-0004766,HS-002093,16,48,2026-01-31 15:07:15,2026-04-01 06:30:00
SCR-0004767,HS-002093,48,70,2026-02-02 23:16:27,2026-04-01 06:30:00
SCR-0004768,HS-002094,0,11,2025-09-06 20:36:38,2026-04-01 06:30:00
SCR-0004769,HS-002095,0,5,2025-09-09 03:06:16,2026-04-01 06:30:00
SCR-0004770,HS-002095,5,43,2025-09-19 04:07:09,2026-04-01 06:30:00
SCR-0004771,HS-002095,43,55,2025-09-20 00:37:34,2026-04-01 06:30:00
SCR-0004772,HS-002096,0,14,2026-03-30 16:36:02,2026-04-01 06:30:00
SCR-0004773,HS-002096,14,24,2026-04-15 16:05:53,2026-04-01 06:30:00
SCR-0004774,HS-002097,0,21,2025-12-08 11:33:13,2026-04-01 06:30:00
SCR-0004775,HS-002097,21,41,2025-12-17 22:15:53,2026-04-01 06:30:00
SCR-0004776,HS-002097,41,85,2025-12-20 07:13:58,2026-04-01 06:30:00
SCR-0004777,HS-002098,0,21,2025-11-09 12:55:52,2026-04-01 06:30:00
SCR-0004778,HS-002098,21,41,2025-11-15 21:49:59,2026-04-01 06:30:00
SCR-0004779,HS-002098,41,78,2025-11-17 03:13:29,2026-04-01 06:30:00
SCR-0004780,HS-002099,0,8,2026-01-21 21:58:18,2026-04-01 06:30:00
SCR-0004781,HS-002099,8,40,2026-01-27 17:31:17,2026-04-01 06:30:00
SCR-0004782,HS-002099,40,71,2026-01-30 00:47:41,2026-04-01 06:30:00
SCR-0004783,HS-002100,0,13,2026-01-06 22:03:16,2026-04-01 06:30:00
SCR-0004784,HS-002100,13,39,2026-01-13 04:49:39,2026-04-01 06:30:00
SCR-0004785,HS-002101,0,8,2026-03-01 11:47:01,2026-04-01 06:30:00
SCR-0004786,HS-002101,8,47,2026-03-06 05:36:00,2026-04-01 06:30:00
SCR-0004787,HS-002101,47,62,2026-03-08 21:49:41,2026-04-01 06:30:00
SCR-0004788,HS-002102,0,6,2026-02-11 01:12:27,2026-04-01 06:30:00
SCR-0004789,HS-002102,6,34,2026-02-18 10:03:10,2026-04-01 06:30:00
SCR-0004790,HS-002103,0,22,2025-11-30 20:23:57,2026-04-01 06:30:00
SCR-0004791,HS-002104,0,17,2026-01-11 11:41:28,2026-04-01 06:30:00
SCR-0004792,HS-002105,0,10,2025-08-31 22:32:38,2026-04-01 06:30:00
SCR-0004793,HS-002105,10,44,2025-09-03 07:07:58,2026-04-01 06:30:00
SCR-0004794,HS-002105,44,80,2025-09-05 04:19:01,2026-04-01 06:30:00
SCR-0004795,HS-002106,0,17,2026-02-27 23:06:19,2026-04-01 06:30:00
SCR-0004796,HS-002106,17,43,2026-03-04 12:54:58,2026-04-01 06:30:00
SCR-0004797,HS-002106,43,53,2026-03-05 07:06:04,2026-04-01 06:30:00
SCR-0004798,HS-002107,0,6,2025-10-18 08:23:34,2026-04-01 06:30:00
SCR-0004799,HS-002107,6,44,2025-10-24 10:11:40,2026-04-01 06:30:00
SCR-0004800,HS-002107,44,79,2025-10-24 16:54:50,2026-04-01 06:30:00
SCR-0004801,HS-002108,0,20,2025-12-12 18:37:39,2026-04-01 06:30:00
SCR-0004802,HS-002108,20,47,2025-12-30 07:05:39,2026-04-01 06:30:00
SCR-0004803,HS-002108,47,89,2025-12-31 18:37:11,2026-04-01 06:30:00
SCR-0004804,HS-002109,0,19,2025-12-19 01:53:02,2026-04-01 06:30:00
SCR-0004805,HS-002110,0,9,2025-11-14 12:02:52,2026-04-01 06:30:00
SCR-0004806,HS-002110,9,21,2025-11-17 17:44:59,2026-04-01 06:30:00
SCR-0004807,HS-002111,0,22,2026-03-20 05:56:29,2026-04-01 06:30:00
SCR-0004808,HS-002112,0,7,2026-01-23 09:49:40,2026-04-01 06:30:00
SCR-0004809,HS-002112,7,47,2026-01-31 14:53:58,2026-04-01 06:30:00
SCR-0004810,HS-002112,47,81,2026-02-03 04:59:06,2026-04-01 06:30:00
SCR-0004811,HS-002113,0,11,2025-10-16 04:19:44,2026-04-01 06:30:00
SCR-0004812,HS-002114,0,7,2026-02-18 16:12:14,2026-04-01 06:30:00
SCR-0004813,HS-002114,7,34,2026-03-06 11:29:34,2026-04-01 06:30:00
SCR-0004814,HS-002115,0,20,2026-01-25 03:37:55,2026-04-01 06:30:00
SCR-0004815,HS-002115,20,38,2026-01-29 15:02:37,2026-04-01 06:30:00
SCR-0004816,HS-002116,0,5,2025-11-21 23:30:29,2026-04-01 06:30:00
SCR-0004817,HS-002116,5,22,2025-12-05 03:20:36,2026-04-01 06:30:00
SCR-0004818,HS-002117,0,14,2025-09-10 00:14:23,2026-04-01 06:30:00
SCR-0004819,HS-002117,14,34,2025-09-25 23:18:25,2026-04-01 06:30:00
SCR-0004820,HS-002118,0,5,2026-01-18 20:20:49,2026-04-01 06:30:00
SCR-0004821,HS-002118,5,47,2026-02-01 02:59:29,2026-04-01 06:30:00
SCR-0004822,HS-002118,47,65,2026-02-01 11:36:22,2026-04-01 06:30:00
SCR-0004823,HS-002119,0,18,2026-02-19 16:21:23,2026-04-01 06:30:00
SCR-0004824,HS-002119,18,19,2026-03-02 00:58:20,2026-04-01 06:30:00
SCR-0004825,HS-002120,0,15,2025-10-08 15:46:51,2026-04-01 06:30:00
SCR-0004826,HS-002120,15,43,2025-10-17 00:27:15,2026-04-01 06:30:00
SCR-0004827,HS-002120,43,56,2025-10-18 12:24:22,2026-04-01 06:30:00
SCR-0004828,HS-002121,0,7,2025-10-29 07:50:02,2026-04-01 06:30:00
SCR-0004829,HS-002122,0,22,2026-02-04 21:17:53,2026-04-01 06:30:00
SCR-0004830,HS-002122,22,39,2026-02-23 22:03:16,2026-04-01 06:30:00
SCR-0004831,HS-002123,0,16,2025-10-27 19:50:02,2026-04-01 06:30:00
SCR-0004832,HS-002123,16,42,2025-11-04 09:20:24,2026-04-01 06:30:00
SCR-0004833,HS-002123,42,79,2025-11-05 15:28:33,2026-04-01 06:30:00
SCR-0004834,HS-002124,0,13,2026-03-04 19:42:52,2026-04-01 06:30:00
SCR-0004835,HS-002124,13,39,2026-03-08 08:42:39,2026-04-01 06:30:00
SCR-0004836,HS-002125,0,11,2025-10-23 09:29:49,2026-04-01 06:30:00
SCR-0004837,HS-002125,11,47,2025-10-25 16:27:33,2026-04-01 06:30:00
SCR-0004838,HS-002125,47,69,2025-10-26 20:14:24,2026-04-01 06:30:00
SCR-0004839,HS-002126,0,19,2026-02-23 18:47:41,2026-04-01 06:30:00
SCR-0004840,HS-002127,0,22,2025-11-18 08:41:33,2026-04-01 06:30:00
SCR-0004841,HS-002127,22,43,2025-11-25 07:59:20,2026-04-01 06:30:00
SCR-0004842,HS-002127,43,70,2025-11-26 06:17:39,2026-04-01 06:30:00
SCR-0004843,HS-002128,0,7,2026-01-13 05:45:43,2026-04-01 06:30:00
SCR-0004844,HS-002128,7,33,2026-01-21 02:46:41,2026-04-01 06:30:00
SCR-0004845,HS-002129,0,17,2026-01-13 18:15:33,2026-04-01 06:30:00
SCR-0004846,HS-002129,17,48,2026-01-20 08:19:09,2026-04-01 06:30:00
SCR-0004847,HS-002129,48,69,2026-01-22 00:34:34,2026-04-01 06:30:00
SCR-0004848,HS-002130,0,15,2025-09-14 08:29:26,2026-04-01 06:30:00
SCR-0004849,HS-002130,15,20,2025-09-17 14:43:34,2026-04-01 06:30:00
SCR-0004850,HS-002131,0,12,2025-10-24 18:39:41,2026-04-01 06:30:00
SCR-0004851,HS-002131,12,43,2025-10-27 03:16:53,2026-04-01 06:30:00
SCR-0004852,HS-002131,43,87,2025-10-29 11:40:05,2026-04-01 06:30:00
SCR-0004853,HS-002132,0,20,2025-11-26 00:12:10,2026-04-01 06:30:00
SCR-0004854,HS-002133,0,11,2026-01-10 20:01:58,2026-04-01 06:30:00
SCR-0004855,HS-002133,11,43,2026-01-13 05:32:17,2026-04-01 06:30:00
SCR-0004856,HS-002133,43,66,2026-01-15 13:31:35,2026-04-01 06:30:00
SCR-0004857,HS-002134,0,14,2025-10-08 11:19:18,2026-04-01 06:30:00
SCR-0004858,HS-002134,14,41,2025-10-21 23:01:20,2026-04-01 06:30:00
SCR-0004859,HS-002134,41,50,2025-10-24 18:24:14,2026-04-01 06:30:00
SCR-0004860,HS-002135,0,13,2026-03-08 20:06:08,2026-04-01 06:30:00
SCR-0004861,HS-002136,0,9,2026-01-28 03:44:52,2026-04-01 06:30:00
SCR-0004862,HS-002136,9,12,2026-02-14 02:52:03,2026-04-01 06:30:00
SCR-0004863,HS-002137,0,7,2025-12-10 12:36:49,2026-04-01 06:30:00
SCR-0004864,HS-002137,7,13,2025-12-29 05:19:19,2026-04-01 06:30:00
SCR-0004865,HS-002138,0,13,2025-09-23 08:57:25,2026-04-01 06:30:00
SCR-0004866,HS-002138,13,24,2025-09-27 19:54:10,2026-04-01 06:30:00
SCR-0004867,HS-002139,0,9,2025-12-18 23:40:18,2026-04-01 06:30:00
SCR-0004868,HS-002139,9,23,2025-12-24 06:23:31,2026-04-01 06:30:00
SCR-0004869,HS-002140,0,22,2025-09-02 04:18:31,2026-04-01 06:30:00
SCR-0004870,HS-002141,0,19,2025-09-25 16:31:25,2026-04-01 06:30:00
SCR-0004871,HS-002141,19,29,2025-10-03 04:45:40,2026-04-01 06:30:00
SCR-0004872,HS-002142,0,16,2026-01-08 20:59:03,2026-04-01 06:30:00
SCR-0004873,HS-002142,16,43,2026-01-17 04:42:07,2026-04-01 06:30:00
SCR-0004874,HS-002142,43,77,2026-01-18 12:43:57,2026-04-01 06:30:00
SCR-0004875,HS-002143,0,19,2026-03-13 20:49:05,2026-04-01 06:30:00
SCR-0004876,HS-002143,19,33,2026-03-21 06:06:40,2026-04-01 06:30:00
SCR-0004877,HS-002144,0,14,2025-09-08 04:39:28,2026-04-01 06:30:00
SCR-0004878,HS-002144,14,46,2025-09-15 22:52:00,2026-04-01 06:30:00
SCR-0004879,HS-002144,46,85,2025-09-17 07:54:57,2026-04-01 06:30:00
SCR-0004880,HS-002145,0,10,2025-09-14 19:36:51,2026-04-01 06:30:00
SCR-0004881,HS-002146,0,19,2025-10-20 09:51:20,2026-04-01 06:30:00
SCR-0004882,HS-002146,19,37,2025-11-04 04:23:19,2026-04-01 06:30:00
SCR-0004883,HS-002147,0,22,2026-02-11 01:42:27,2026-04-01 06:30:00
SCR-0004884,HS-002147,22,31,2026-02-13 20:02:40,2026-04-01 06:30:00
SCR-0004885,HS-002148,0,6,2026-01-13 16:36:26,2026-04-01 06:30:00
SCR-0004886,HS-002148,6,11,2026-01-16 22:35:18,2026-04-01 06:30:00
SCR-0004887,HS-002149,0,19,2026-01-11 20:21:21,2026-04-01 06:30:00
SCR-0004888,HS-002149,19,43,2026-01-16 03:08:17,2026-04-01 06:30:00
SCR-0004889,HS-002149,43,75,2026-01-18 18:07:03,2026-04-01 06:30:00
SCR-0004890,HS-002150,0,11,2026-02-25 19:22:34,2026-04-01 06:30:00
SCR-0004891,HS-002151,0,5,2025-11-22 02:28:39,2026-04-01 06:30:00
SCR-0004892,HS-002151,5,44,2025-12-01 21:42:07,2026-04-01 06:30:00
SCR-0004893,HS-002151,44,57,2025-12-02 02:35:30,2026-04-01 06:30:00
SCR-0004894,HS-002152,0,5,2026-01-27 10:02:16,2026-04-01 06:30:00
SCR-0004895,HS-002152,5,16,2026-02-11 10:07:12,2026-04-01 06:30:00
SCR-0004896,HS-002153,0,15,2026-01-12 17:59:05,2026-04-01 06:30:00
SCR-0004897,HS-002154,0,19,2026-03-10 03:04:19,2026-04-01 06:30:00
SCR-0004898,HS-002154,19,26,2026-03-22 10:35:57,2026-04-01 06:30:00
SCR-0004899,HS-002155,0,10,2026-01-14 17:31:34,2026-04-01 06:30:00
SCR-0004900,HS-002155,10,47,2026-01-18 01:05:58,2026-04-01 06:30:00
SCR-0004901,HS-002155,47,67,2026-01-19 01:57:52,2026-04-01 06:30:00
SCR-0004902,HS-002156,0,6,2026-01-05 11:04:54,2026-04-01 06:30:00
SCR-0004903,HS-002156,6,8,2026-01-24 06:01:05,2026-04-01 06:30:00
SCR-0004904,HS-002157,0,11,2025-12-02 23:13:13,2026-04-01 06:30:00
SCR-0004905,HS-002157,11,17,2025-12-09 06:12:05,2026-04-01 06:30:00
SCR-0004906,HS-002158,0,19,2025-09-30 15:36:57,2026-04-01 06:30:00
SCR-0004907,HS-002159,0,21,2026-02-14 17:09:21,2026-04-01 06:30:00
SCR-0004908,HS-002159,21,42,2026-02-22 20:38:37,2026-04-01 06:30:00
SCR-0004909,HS-002160,0,6,2025-12-04 13:12:16,2026-04-01 06:30:00
SCR-0004910,HS-002161,0,23,2025-09-09 12:56:35,2026-04-01 06:30:00
SCR-0004911,HS-002162,0,6,2026-01-12 12:30:36,2026-04-01 06:30:00
SCR-0004912,HS-002162,6,36,2026-01-23 14:01:38,2026-04-01 06:30:00
SCR-0004913,HS-002163,0,13,2026-03-13 04:40:33,2026-04-01 06:30:00
SCR-0004914,HS-002163,13,16,2026-03-22 11:18:46,2026-04-01 06:30:00
SCR-0004915,HS-002164,0,15,2025-11-02 15:15:32,2026-04-01 06:30:00
SCR-0004916,HS-002164,15,41,2025-11-09 09:37:08,2026-04-01 06:30:00
SCR-0004917,HS-002164,41,85,2025-11-09 16:35:18,2026-04-01 06:30:00
SCR-0004918,HS-002165,0,5,2025-09-19 17:09:52,2026-04-01 06:30:00
SCR-0004919,HS-002165,5,40,2025-09-26 00:51:00,2026-04-01 06:30:00
SCR-0004920,HS-002165,40,82,2025-09-28 19:43:10,2026-04-01 06:30:00
SCR-0004921,HS-002166,0,20,2025-08-28 16:47:48,2026-04-01 06:30:00
SCR-0004922,HS-002166,20,41,2025-09-07 00:13:55,2026-04-01 06:30:00
SCR-0004923,HS-002166,41,52,2025-09-08 14:18:28,2026-04-01 06:30:00
SCR-0004924,HS-002167,0,9,2025-11-04 14:50:54,2026-04-01 06:30:00
SCR-0004925,HS-002167,9,12,2025-11-15 07:22:00,2026-04-01 06:30:00
SCR-0004926,HS-002168,0,7,2025-10-16 18:47:08,2026-04-01 06:30:00
SCR-0004927,HS-002168,7,41,2025-10-22 09:48:05,2026-04-01 06:30:00
SCR-0004928,HS-002168,41,66,2025-10-25 01:01:42,2026-04-01 06:30:00
SCR-0004929,HS-002169,0,12,2026-01-02 17:07:12,2026-04-01 06:30:00
SCR-0004930,HS-002169,12,44,2026-01-12 21:32:16,2026-04-01 06:30:00
SCR-0004931,HS-002169,44,55,2026-01-13 04:38:28,2026-04-01 06:30:00
SCR-0004932,HS-002170,0,21,2026-01-01 12:45:44,2026-04-01 06:30:00
SCR-0004933,HS-002171,0,5,2026-01-05 02:57:55,2026-04-01 06:30:00
SCR-0004934,HS-002171,5,44,2026-01-11 14:58:34,2026-04-01 06:30:00
SCR-0004935,HS-002171,44,54,2026-01-13 03:22:50,2026-04-01 06:30:00
SCR-0004936,HS-002172,0,6,2025-09-25 19:16:41,2026-04-01 06:30:00
SCR-0004937,HS-002172,6,46,2025-10-03 21:04:01,2026-04-01 06:30:00
SCR-0004938,HS-002172,46,52,2025-10-04 20:53:49,2026-04-01 06:30:00
SCR-0004939,HS-002173,0,6,2026-02-16 07:24:01,2026-04-01 06:30:00
SCR-0004940,HS-002173,6,26,2026-03-04 23:56:15,2026-04-01 06:30:00
SCR-0004941,HS-002174,0,17,2026-01-04 16:47:45,2026-04-01 06:30:00
SCR-0004942,HS-002174,17,47,2026-01-10 11:30:55,2026-04-01 06:30:00
SCR-0004943,HS-002174,47,69,2026-01-12 13:57:49,2026-04-01 06:30:00
SCR-0004944,HS-002175,0,18,2026-03-13 11:14:25,2026-04-01 06:30:00
SCR-0004945,HS-002176,0,17,2026-01-19 07:50:32,2026-04-01 06:30:00
SCR-0004946,HS-002176,17,23,2026-01-26 00:39:04,2026-04-01 06:30:00
SCR-0004947,HS-002177,0,11,2025-10-27 09:33:54,2026-04-01 06:30:00
SCR-0004948,HS-002177,11,48,2025-11-02 18:33:25,2026-04-01 06:30:00
SCR-0004949,HS-002178,0,12,2026-01-23 15:01:28,2026-04-01 06:30:00
SCR-0004950,HS-002179,0,8,2026-03-14 20:45:54,2026-04-01 06:30:00
SCR-0004951,HS-002179,8,28,2026-03-27 21:16:23,2026-04-01 06:30:00
SCR-0004952,HS-002180,0,12,2025-12-18 15:27:57,2026-04-01 06:30:00
SCR-0004953,HS-002180,12,41,2025-12-23 11:42:57,2026-04-01 06:30:00
SCR-0004954,HS-002181,0,10,2025-10-07 20:09:19,2026-04-01 06:30:00
SCR-0004955,HS-002181,10,23,2025-10-18 15:31:30,2026-04-01 06:30:00
SCR-0004956,HS-002182,0,5,2025-09-01 23:27:29,2026-04-01 06:30:00
SCR-0004957,HS-002182,5,8,2025-09-17 04:39:40,2026-04-01 06:30:00
SCR-0004958,HS-002183,0,24,2026-03-06 01:10:19,2026-04-01 06:30:00
SCR-0004959,HS-002184,0,23,2025-11-02 02:56:12,2026-04-01 06:30:00
SCR-0004960,HS-002184,23,46,2025-11-08 21:53:06,2026-04-01 06:30:00
SCR-0004961,HS-002184,46,67,2025-11-09 02:38:07,2026-04-01 06:30:00
SCR-0004962,HS-002185,0,5,2025-10-18 16:49:02,2026-04-01 06:30:00
SCR-0004963,HS-002185,5,21,2025-11-05 02:45:10,2026-04-01 06:30:00
SCR-0004964,HS-002186,0,15,2025-11-21 17:46:32,2026-04-01 06:30:00
SCR-0004965,HS-002187,0,6,2026-01-02 13:19:50,2026-04-01 06:30:00
SCR-0004966,HS-002187,6,36,2026-01-21 22:14:34,2026-04-01 06:30:00
SCR-0004967,HS-002188,0,9,2025-10-03 20:16:27,2026-04-01 06:30:00
SCR-0004968,HS-002188,9,47,2025-10-12 09:12:42,2026-04-01 06:30:00
SCR-0004969,HS-002188,47,81,2025-10-13 04:38:57,2026-04-01 06:30:00
SCR-0004970,HS-002189,0,8,2025-08-22 07:47:11,2026-04-01 06:30:00
SCR-0004971,HS-002189,8,48,2025-09-04 00:42:42,2026-04-01 06:30:00
SCR-0004972,HS-002189,48,55,2025-09-05 18:51:27,2026-04-01 06:30:00
SCR-0004973,HS-002190,0,19,2025-11-06 19:41:02,2026-04-01 06:30:00
SCR-0004974,HS-002190,19,22,2025-11-23 11:44:45,2026-04-01 06:30:00
SCR-0004975,HS-002191,0,13,2026-02-05 03:07:53,2026-04-01 06:30:00
SCR-0004976,HS-002191,13,39,2026-02-07 16:58:34,2026-04-01 06:30:00
SCR-0004977,HS-002192,0,20,2025-12-08 02:57:26,2026-04-01 06:30:00
SCR-0004978,HS-002193,0,21,2026-02-22 19:30:13,2026-04-01 06:30:00
SCR-0004979,HS-002193,21,42,2026-03-06 02:10:51,2026-04-01 06:30:00
SCR-0004980,HS-002194,0,23,2025-10-09 15:56:03,2026-04-01 06:30:00
SCR-0004981,HS-002195,0,19,2025-11-22 05:19:22,2026-04-01 06:30:00
SCR-0004982,HS-002195,19,26,2025-12-06 01:41:27,2026-04-01 06:30:00
SCR-0004983,HS-002196,0,16,2026-01-23 06:18:16,2026-04-01 06:30:00
SCR-0004984,HS-002196,16,43,2026-01-27 12:11:09,2026-04-01 06:30:00
SCR-0004985,HS-002196,43,79,2026-01-29 08:59:15,2026-04-01 06:30:00
SCR-0004986,HS-002197,0,7,2025-10-30 13:22:38,2026-04-01 06:30:00
SCR-0004987,HS-002197,7,39,2025-11-04 20:42:02,2026-04-01 06:30:00
SCR-0004988,HS-002198,0,17,2025-10-20 04:21:51,2026-04-01 06:30:00
SCR-0004989,HS-002198,17,47,2025-10-23 18:21:55,2026-04-01 06:30:00
SCR-0004990,HS-002198,47,78,2025-10-24 05:00:19,2026-04-01 06:30:00
SCR-0004991,HS-002199,0,17,2025-12-17 19:15:45,2026-04-01 06:30:00
SCR-0004992,HS-002199,17,41,2025-12-28 19:57:55,2026-04-01 06:30:00
SCR-0004993,HS-002199,41,56,2025-12-29 14:11:33,2026-04-01 06:30:00
SCR-0004994,HS-002200,0,13,2026-02-28 20:43:57,2026-04-01 06:30:00
SCR-0004995,HS-002200,13,46,2026-03-06 12:05:38,2026-04-01 06:30:00
SCR-0004996,HS-002200,46,90,2026-03-09 09:43:35,2026-04-01 06:30:00
SCR-0004997,HS-002201,0,13,2026-01-28 07:14:09,2026-04-01 06:30:00
SCR-0004998,HS-002201,13,41,2026-01-31 04:19:59,2026-04-01 06:30:00
SCR-0004999,HS-002201,41,79,2026-02-01 02:06:53,2026-04-01 06:30:00
SCR-0005000,HS-002202,0,19,2026-02-04 09:31:52,2026-04-01 06:30:00
SCR-0005001,HS-002202,19,44,2026-02-07 16:07:45,2026-04-01 06:30:00
SCR-0005002,HS-002202,44,50,2026-02-08 06:30:52,2026-04-01 06:30:00
SCR-0005003,HS-002203,0,20,2025-12-04 19:58:31,2026-04-01 06:30:00
SCR-0005004,HS-002204,0,13,2026-03-25 09:10:59,2026-04-01 06:30:00
SCR-0005005,HS-002204,13,43,2026-03-27 23:05:34,2026-04-01 06:30:00
SCR-0005006,HS-002204,43,66,2026-03-28 03:17:29,2026-04-01 06:30:00
SCR-0005007,HS-002205,0,11,2025-09-06 17:41:45,2026-04-01 06:30:00
SCR-0005008,HS-002205,11,41,2025-09-15 09:07:45,2026-04-01 06:30:00
SCR-0005009,HS-002205,41,57,2025-09-17 11:19:52,2026-04-01 06:30:00
SCR-0005010,HS-002206,0,16,2025-11-15 21:51:50,2026-04-01 06:30:00
SCR-0005011,HS-002206,16,46,2025-11-20 01:16:34,2026-04-01 06:30:00
SCR-0005012,HS-002206,46,90,2025-11-22 00:26:30,2026-04-01 06:30:00
SCR-0005013,HS-002207,0,19,2026-01-31 16:16:00,2026-04-01 06:30:00
SCR-0005014,HS-002207,19,47,2026-02-06 05:59:18,2026-04-01 06:30:00
SCR-0005015,HS-002207,47,88,2026-02-06 23:29:19,2026-04-01 06:30:00
SCR-0005016,HS-002208,0,10,2026-01-18 01:06:26,2026-04-01 06:30:00
SCR-0005017,HS-002208,10,42,2026-01-29 03:41:23,2026-04-01 06:30:00
SCR-0005018,HS-002208,42,69,2026-01-29 11:24:10,2026-04-01 06:30:00
SCR-0005019,HS-002209,0,5,2025-11-27 20:59:34,2026-04-01 06:30:00
SCR-0005020,HS-002209,5,47,2025-12-01 13:01:59,2026-04-01 06:30:00
SCR-0005021,HS-002209,47,69,2025-12-02 03:05:04,2026-04-01 06:30:00
SCR-0005022,HS-002210,0,12,2025-09-27 08:00:35,2026-04-01 06:30:00
SCR-0005023,HS-002210,12,42,2025-10-01 18:09:45,2026-04-01 06:30:00
SCR-0005024,HS-002210,42,89,2025-10-03 20:00:03,2026-04-01 06:30:00
SCR-0005025,HS-002211,0,5,2025-09-17 07:25:05,2026-04-01 06:30:00
SCR-0005026,HS-002211,5,23,2025-09-21 23:24:30,2026-04-01 06:30:00
SCR-0005027,HS-002212,0,19,2026-01-14 00:30:42,2026-04-01 06:30:00
SCR-0005028,HS-002213,0,9,2025-11-19 11:53:14,2026-04-01 06:30:00
SCR-0005029,HS-002213,9,14,2025-12-07 08:03:20,2026-04-01 06:30:00
SCR-0005030,HS-002214,0,12,2025-12-21 02:58:22,2026-04-01 06:30:00
SCR-0005031,HS-002214,12,46,2025-12-24 04:40:10,2026-04-01 06:30:00
SCR-0005032,HS-002214,46,53,2025-12-26 02:43:25,2026-04-01 06:30:00
SCR-0005033,HS-002215,0,11,2025-11-11 03:39:12,2026-04-01 06:30:00
SCR-0005034,HS-002215,11,44,2025-11-19 06:24:08,2026-04-01 06:30:00
SCR-0005035,HS-002215,44,77,2025-11-22 03:54:06,2026-04-01 06:30:00
SCR-0005036,HS-002216,0,12,2026-01-12 04:21:44,2026-04-01 06:30:00
SCR-0005037,HS-002216,12,37,2026-01-14 03:07:34,2026-04-01 06:30:00
SCR-0005038,HS-002217,0,17,2025-08-29 13:38:05,2026-04-01 06:30:00
SCR-0005039,HS-002217,17,44,2025-09-02 13:06:36,2026-04-01 06:30:00
SCR-0005040,HS-002217,44,80,2025-09-02 22:00:33,2026-04-01 06:30:00
SCR-0005041,HS-002218,0,9,2026-01-16 07:34:40,2026-04-01 06:30:00
SCR-0005042,HS-002218,9,40,2026-01-21 01:33:51,2026-04-01 06:30:00
SCR-0005043,HS-002218,40,76,2026-01-24 01:25:13,2026-04-01 06:30:00
SCR-0005044,HS-002219,0,14,2026-01-21 12:39:01,2026-04-01 06:30:00
SCR-0005045,HS-002219,14,41,2026-01-31 22:40:29,2026-04-01 06:30:00
SCR-0005046,HS-002219,41,71,2026-02-03 10:13:46,2026-04-01 06:30:00
SCR-0005047,HS-002220,0,19,2025-10-14 18:51:27,2026-04-01 06:30:00
SCR-0005048,HS-002220,19,24,2025-10-25 19:54:31,2026-04-01 06:30:00
SCR-0005049,HS-002221,0,7,2025-09-22 19:06:27,2026-04-01 06:30:00
SCR-0005050,HS-002221,7,33,2025-10-11 01:48:28,2026-04-01 06:30:00
SCR-0005051,HS-002222,0,18,2026-02-01 04:40:22,2026-04-01 06:30:00
SCR-0005052,HS-002223,0,20,2025-10-29 21:23:18,2026-04-01 06:30:00
SCR-0005053,HS-002223,20,40,2025-11-01 20:31:58,2026-04-01 06:30:00
SCR-0005054,HS-002223,40,54,2025-11-02 14:50:31,2026-04-01 06:30:00
SCR-0005055,HS-002224,0,7,2025-11-20 09:44:15,2026-04-01 06:30:00
SCR-0005056,HS-002225,0,19,2025-12-31 06:39:18,2026-04-01 06:30:00
SCR-0005057,HS-002225,19,47,2026-01-09 02:39:00,2026-04-01 06:30:00
SCR-0005058,HS-002225,47,71,2026-01-11 17:35:21,2026-04-01 06:30:00
SCR-0005059,HS-002226,0,22,2026-03-24 12:23:45,2026-04-01 06:30:00
SCR-0005060,HS-002227,0,23,2025-09-05 06:54:43,2026-04-01 06:30:00
SCR-0005061,HS-002227,23,40,2025-09-12 16:04:17,2026-04-01 06:30:00
SCR-0005062,HS-002227,40,67,2025-09-13 10:24:09,2026-04-01 06:30:00
SCR-0005063,HS-002228,0,19,2026-01-29 11:26:56,2026-04-01 06:30:00
SCR-0005064,HS-002229,0,12,2025-09-29 03:14:57,2026-04-01 06:30:00
SCR-0005065,HS-002229,12,46,2025-10-03 11:47:33,2026-04-01 06:30:00
SCR-0005066,HS-002229,46,74,2025-10-04 14:34:32,2026-04-01 06:30:00
SCR-0005067,HS-002230,0,19,2025-09-05 13:19:51,2026-04-01 06:30:00
SCR-0005068,HS-002231,0,22,2026-01-31 14:26:11,2026-04-01 06:30:00
SCR-0005069,HS-002231,22,43,2026-02-14 21:50:14,2026-04-01 06:30:00
SCR-0005070,HS-002231,43,70,2026-02-15 18:32:14,2026-04-01 06:30:00
SCR-0005071,HS-002232,0,10,2025-10-28 21:35:45,2026-04-01 06:30:00
SCR-0005072,HS-002233,0,20,2025-09-15 13:16:13,2026-04-01 06:30:00
SCR-0005073,HS-002234,0,16,2026-01-25 17:16:04,2026-04-01 06:30:00
SCR-0005074,HS-002235,0,6,2025-11-28 09:24:53,2026-04-01 06:30:00
SCR-0005075,HS-002235,6,35,2025-12-17 06:32:33,2026-04-01 06:30:00
SCR-0005076,HS-002236,0,14,2026-02-22 16:27:30,2026-04-01 06:30:00
SCR-0005077,HS-002236,14,48,2026-03-04 13:00:16,2026-04-01 06:30:00
SCR-0005078,HS-002236,48,77,2026-03-06 11:11:15,2026-04-01 06:30:00
SCR-0005079,HS-002237,0,5,2025-12-17 16:17:18,2026-04-01 06:30:00
SCR-0005080,HS-002237,5,41,2025-12-25 08:41:44,2026-04-01 06:30:00
SCR-0005081,HS-002237,41,80,2025-12-27 07:45:27,2026-04-01 06:30:00
SCR-0005082,HS-002238,0,19,2025-12-28 21:02:13,2026-04-01 06:30:00
SCR-0005083,HS-002238,19,44,2026-01-02 23:13:40,2026-04-01 06:30:00
SCR-0005084,HS-002238,44,78,2026-01-04 14:01:35,2026-04-01 06:30:00
SCR-0005085,HS-002239,0,15,2025-12-09 20:47:46,2026-04-01 06:30:00
SCR-0005086,HS-002239,15,33,2025-12-15 18:02:32,2026-04-01 06:30:00
SCR-0005087,HS-002240,0,8,2026-01-31 14:40:12,2026-04-01 06:30:00
SCR-0005088,HS-002240,8,16,2026-02-06 00:57:15,2026-04-01 06:30:00
SCR-0005089,HS-002241,0,7,2025-09-17 11:57:35,2026-04-01 06:30:00
SCR-0005090,HS-002241,7,46,2025-09-22 03:07:24,2026-04-01 06:30:00
SCR-0005091,HS-002241,46,55,2025-09-24 14:04:18,2026-04-01 06:30:00
SCR-0005092,HS-002242,0,8,2026-03-14 22:44:30,2026-04-01 06:30:00
SCR-0005093,HS-002242,8,20,2026-03-26 23:01:50,2026-04-01 06:30:00
SCR-0005094,HS-002243,0,14,2025-09-27 16:23:13,2026-04-01 06:30:00
SCR-0005095,HS-002243,14,44,2025-10-13 22:42:15,2026-04-01 06:30:00
SCR-0005096,HS-002243,44,71,2025-10-14 03:43:43,2026-04-01 06:30:00
SCR-0005097,HS-002244,0,18,2026-03-28 17:22:20,2026-04-01 06:30:00
SCR-0005098,HS-002244,18,32,2026-04-10 13:50:56,2026-04-01 06:30:00
SCR-0005099,HS-002245,0,10,2026-01-09 17:27:18,2026-04-01 06:30:00
SCR-0005100,HS-002245,10,43,2026-01-13 01:33:02,2026-04-01 06:30:00
SCR-0005101,HS-002245,43,78,2026-01-14 11:19:22,2026-04-01 06:30:00
SCR-0005102,HS-002246,0,6,2026-03-27 13:18:12,2026-04-01 06:30:00
SCR-0005103,HS-002246,6,37,2026-04-14 07:01:12,2026-04-01 06:30:00
SCR-0005104,HS-002247,0,10,2025-11-03 04:45:59,2026-04-01 06:30:00
SCR-0005105,HS-002247,10,42,2025-11-05 04:22:43,2026-04-01 06:30:00
SCR-0005106,HS-002247,42,60,2025-11-06 11:21:39,2026-04-01 06:30:00
SCR-0005107,HS-002248,0,10,2025-09-08 09:24:41,2026-04-01 06:30:00
SCR-0005108,HS-002248,10,28,2025-09-23 03:56:25,2026-04-01 06:30:00
SCR-0005109,HS-002249,0,11,2026-03-09 00:23:01,2026-04-01 06:30:00
SCR-0005110,HS-002249,11,42,2026-03-16 06:56:50,2026-04-01 06:30:00
SCR-0005111,HS-002249,42,57,2026-03-17 11:28:50,2026-04-01 06:30:00
SCR-0005112,HS-002250,0,7,2025-09-30 11:34:44,2026-04-01 06:30:00
SCR-0005113,HS-002250,7,13,2025-10-17 06:12:29,2026-04-01 06:30:00
SCR-0005114,HS-002251,0,14,2025-11-06 23:14:04,2026-04-01 06:30:00
SCR-0005115,HS-002251,14,44,2025-11-11 10:53:03,2026-04-01 06:30:00
SCR-0005116,HS-002251,44,66,2025-11-13 06:08:37,2026-04-01 06:30:00
SCR-0005117,HS-002252,0,14,2025-11-06 12:21:12,2026-04-01 06:30:00
SCR-0005118,HS-002253,0,20,2025-09-20 09:16:33,2026-04-01 06:30:00
SCR-0005119,HS-002253,20,29,2025-10-04 13:49:34,2026-04-01 06:30:00
SCR-0005120,HS-002254,0,19,2026-02-28 09:46:47,2026-04-01 06:30:00
SCR-0005121,HS-002254,19,39,2026-03-18 06:25:45,2026-04-01 06:30:00
SCR-0005122,HS-002255,0,7,2025-10-03 08:18:32,2026-04-01 06:30:00
SCR-0005123,HS-002255,7,43,2025-10-06 03:26:14,2026-04-01 06:30:00
SCR-0005124,HS-002255,43,71,2025-10-08 13:54:14,2026-04-01 06:30:00
SCR-0005125,HS-002256,0,15,2025-10-26 11:33:40,2026-04-01 06:30:00
SCR-0005126,HS-002256,15,43,2025-11-02 01:38:02,2026-04-01 06:30:00
SCR-0005127,HS-002256,43,81,2025-11-02 11:12:43,2026-04-01 06:30:00
SCR-0005128,HS-002257,0,8,2026-02-23 18:54:01,2026-04-01 06:30:00
SCR-0005129,HS-002257,8,44,2026-02-28 13:40:35,2026-04-01 06:30:00
SCR-0005130,HS-002257,44,50,2026-03-01 12:09:40,2026-04-01 06:30:00
SCR-0005131,HS-002258,0,13,2026-03-10 14:32:10,2026-04-01 06:30:00
SCR-0005132,HS-002258,13,44,2026-03-16 22:44:09,2026-04-01 06:30:00
SCR-0005133,HS-002259,0,8,2026-02-02 12:47:04,2026-04-01 06:30:00
SCR-0005134,HS-002259,8,46,2026-02-10 03:10:09,2026-04-01 06:30:00
SCR-0005135,HS-002259,46,63,2026-02-10 04:04:29,2026-04-01 06:30:00
SCR-0005136,HS-002260,0,17,2026-01-10 04:34:11,2026-04-01 06:30:00
SCR-0005137,HS-002260,17,40,2026-01-17 00:10:00,2026-04-01 06:30:00
SCR-0005138,HS-002260,40,90,2026-01-17 06:34:06,2026-04-01 06:30:00
SCR-0005139,HS-002261,0,21,2026-01-30 01:58:37,2026-04-01 06:30:00
SCR-0005140,HS-002261,21,45,2026-02-03 04:57:07,2026-04-01 06:30:00
SCR-0005141,HS-002261,45,87,2026-02-05 16:01:46,2026-04-01 06:30:00
SCR-0005142,HS-002262,0,10,2025-11-13 13:23:07,2026-04-01 06:30:00
SCR-0005143,HS-002262,10,36,2025-12-02 13:11:00,2026-04-01 06:30:00
SCR-0005144,HS-002263,0,11,2025-11-01 17:58:40,2026-04-01 06:30:00
SCR-0005145,HS-002263,11,43,2025-11-12 15:36:15,2026-04-01 06:30:00
SCR-0005146,HS-002263,43,81,2025-11-15 03:16:48,2026-04-01 06:30:00
SCR-0005147,HS-002264,0,23,2025-09-28 04:12:09,2026-04-01 06:30:00
SCR-0005148,HS-002264,23,34,2025-10-15 17:03:40,2026-04-01 06:30:00
SCR-0005149,HS-002265,0,22,2026-01-27 22:03:48,2026-04-01 06:30:00
SCR-0005150,HS-002265,22,46,2026-02-06 07:56:48,2026-04-01 06:30:00
SCR-0005151,HS-002265,46,82,2026-02-07 03:37:24,2026-04-01 06:30:00
SCR-0005152,HS-002266,0,23,2025-12-15 21:50:20,2026-04-01 06:30:00
SCR-0005153,HS-002266,23,47,2025-12-24 10:18:43,2026-04-01 06:30:00
SCR-0005154,HS-002266,47,84,2025-12-26 15:46:58,2026-04-01 06:30:00
SCR-0005155,HS-002267,0,16,2026-03-18 08:08:24,2026-04-01 06:30:00
SCR-0005156,HS-002267,16,39,2026-03-25 13:23:58,2026-04-01 06:30:00
SCR-0005157,HS-002268,0,22,2025-12-30 05:25:24,2026-04-01 06:30:00
SCR-0005158,HS-002269,0,15,2026-01-28 18:09:07,2026-04-01 06:30:00
SCR-0005159,HS-002270,0,18,2025-12-22 10:39:47,2026-04-01 06:30:00
SCR-0005160,HS-002270,18,47,2025-12-30 07:17:01,2026-04-01 06:30:00
SCR-0005161,HS-002270,47,57,2026-01-02 03:08:51,2026-04-01 06:30:00
SCR-0005162,HS-002271,0,17,2025-09-26 13:34:30,2026-04-01 06:30:00
SCR-0005163,HS-002271,17,45,2025-10-07 07:34:04,2026-04-01 06:30:00
SCR-0005164,HS-002272,0,6,2025-12-03 11:42:40,2026-04-01 06:30:00
SCR-0005165,HS-002272,6,47,2025-12-20 11:54:52,2026-04-01 06:30:00
SCR-0005166,HS-002272,47,55,2025-12-20 22:38:43,2026-04-01 06:30:00
SCR-0005167,HS-002273,0,18,2025-09-25 17:16:34,2026-04-01 06:30:00
SCR-0005168,HS-002273,18,44,2025-09-28 18:30:07,2026-04-01 06:30:00
SCR-0005169,HS-002273,44,73,2025-09-30 17:48:53,2026-04-01 06:30:00
SCR-0005170,HS-002274,0,17,2025-09-23 23:30:32,2026-04-01 06:30:00
SCR-0005171,HS-002274,17,43,2025-09-29 02:16:10,2026-04-01 06:30:00
SCR-0005172,HS-002274,43,55,2025-10-01 12:07:31,2026-04-01 06:30:00
SCR-0005173,HS-002275,0,7,2026-01-09 19:11:59,2026-04-01 06:30:00
SCR-0005174,HS-002275,7,32,2026-01-13 05:07:29,2026-04-01 06:30:00
SCR-0005175,HS-002276,0,24,2025-08-31 11:44:31,2026-04-01 06:30:00
SCR-0005176,HS-002276,24,41,2025-09-09 15:05:17,2026-04-01 06:30:00
SCR-0005177,HS-002276,41,75,2025-09-12 01:14:47,2026-04-01 06:30:00
SCR-0005178,HS-002277,0,12,2026-02-10 08:13:59,2026-04-01 06:30:00
SCR-0005179,HS-002277,12,42,2026-02-25 19:13:38,2026-04-01 06:30:00
SCR-0005180,HS-002278,0,13,2025-09-28 13:14:49,2026-04-01 06:30:00
SCR-0005181,HS-002278,13,21,2025-09-30 08:37:20,2026-04-01 06:30:00
SCR-0005182,HS-002279,0,16,2026-03-24 19:48:58,2026-04-01 06:30:00
SCR-0005183,HS-002279,16,37,2026-03-31 20:42:44,2026-04-01 06:30:00
SCR-0005184,HS-002280,0,23,2026-01-16 18:58:04,2026-04-01 06:30:00
SCR-0005185,HS-002280,23,30,2026-02-03 21:16:10,2026-04-01 06:30:00
SCR-0005186,HS-002281,0,24,2026-02-15 15:42:41,2026-04-01 06:30:00
SCR-0005187,HS-002282,0,5,2025-09-27 19:51:31,2026-04-01 06:30:00
SCR-0005188,HS-002282,5,31,2025-10-17 09:39:37,2026-04-01 06:30:00
SCR-0005189,HS-002283,0,21,2026-01-12 08:07:12,2026-04-01 06:30:00
SCR-0005190,HS-002283,21,48,2026-02-02 20:14:11,2026-04-01 06:30:00
SCR-0005191,HS-002283,48,83,2026-02-02 21:44:40,2026-04-01 06:30:00
SCR-0005192,HS-002284,0,12,2026-01-23 19:02:48,2026-04-01 06:30:00
SCR-0005193,HS-002284,12,36,2026-01-30 23:04:07,2026-04-01 06:30:00
SCR-0005194,HS-002285,0,8,2025-10-19 03:57:52,2026-04-01 06:30:00
SCR-0005195,HS-002285,8,47,2025-10-31 10:20:14,2026-04-01 06:30:00
SCR-0005196,HS-002286,0,10,2025-09-12 16:28:53,2026-04-01 06:30:00
SCR-0005197,HS-002286,10,48,2025-09-19 09:59:16,2026-04-01 06:30:00
SCR-0005198,HS-002287,0,16,2025-09-01 12:32:16,2026-04-01 06:30:00
SCR-0005199,HS-002287,16,38,2025-09-03 16:10:57,2026-04-01 06:30:00
SCR-0005200,HS-002288,0,19,2025-10-23 07:35:33,2026-04-01 06:30:00
SCR-0005201,HS-002288,19,31,2025-11-04 17:33:46,2026-04-01 06:30:00
SCR-0005202,HS-002289,0,17,2025-10-13 07:34:47,2026-04-01 06:30:00
SCR-0005203,HS-002289,17,30,2025-10-22 14:24:16,2026-04-01 06:30:00
SCR-0005204,HS-002290,0,7,2026-02-13 00:57:56,2026-04-01 06:30:00
SCR-0005205,HS-002290,7,39,2026-02-23 03:22:46,2026-04-01 06:30:00
SCR-0005206,HS-002291,0,5,2025-10-06 05:33:15,2026-04-01 06:30:00
SCR-0005207,HS-002291,5,6,2025-10-08 10:50:11,2026-04-01 06:30:00
SCR-0005208,HS-002292,0,13,2025-10-06 00:31:32,2026-04-01 06:30:00
SCR-0005209,HS-002292,13,43,2025-10-20 12:32:56,2026-04-01 06:30:00
SCR-0005210,HS-002292,43,67,2025-10-22 00:06:56,2026-04-01 06:30:00
SCR-0005211,HS-002293,0,21,2025-10-10 02:01:28,2026-04-01 06:30:00
SCR-0005212,HS-002293,21,46,2025-10-21 00:16:50,2026-04-01 06:30:00
SCR-0005213,HS-002293,46,83,2025-10-23 14:50:55,2026-04-01 06:30:00
SCR-0005214,HS-002294,0,18,2026-02-04 06:35:17,2026-04-01 06:30:00
SCR-0005215,HS-002294,18,25,2026-02-12 04:51:16,2026-04-01 06:30:00
SCR-0005216,HS-002295,0,21,2026-02-10 06:47:05,2026-04-01 06:30:00
SCR-0005217,HS-002295,21,43,2026-02-13 16:10:45,2026-04-01 06:30:00
SCR-0005218,HS-002295,43,54,2026-02-15 00:27:03,2026-04-01 06:30:00
SCR-0005219,HS-002296,0,7,2025-12-04 23:23:57,2026-04-01 06:30:00
SCR-0005220,HS-002296,7,42,2025-12-10 16:09:45,2026-04-01 06:30:00
SCR-0005221,HS-002296,42,58,2025-12-11 20:18:24,2026-04-01 06:30:00
SCR-0005222,HS-002297,0,6,2026-02-26 17:06:10,2026-04-01 06:30:00
SCR-0005223,HS-002297,6,23,2026-03-11 15:01:32,2026-04-01 06:30:00
SCR-0005224,HS-002298,0,23,2025-09-06 07:03:11,2026-04-01 06:30:00
SCR-0005225,HS-002298,23,41,2025-09-15 00:10:00,2026-04-01 06:30:00
SCR-0005226,HS-002298,41,67,2025-09-17 11:06:58,2026-04-01 06:30:00
SCR-0005227,HS-002299,0,20,2025-09-24 02:54:22,2026-04-01 06:30:00
SCR-0005228,HS-002300,0,13,2025-10-29 08:59:08,2026-04-01 06:30:00
SCR-0005229,HS-002300,13,47,2025-11-12 08:34:00,2026-04-01 06:30:00
SCR-0005230,HS-002300,47,85,2025-11-14 15:22:02,2026-04-01 06:30:00
SCR-0005231,HS-002301,0,10,2025-10-28 19:01:27,2026-04-01 06:30:00
SCR-0005232,HS-002301,10,29,2025-11-03 23:31:03,2026-04-01 06:30:00
SCR-0005233,HS-002302,0,24,2026-02-19 05:58:16,2026-04-01 06:30:00
SCR-0005234,HS-002302,24,42,2026-03-03 18:53:21,2026-04-01 06:30:00
SCR-0005235,HS-002302,42,60,2026-03-05 18:34:09,2026-04-01 06:30:00
SCR-0005236,HS-002303,0,14,2026-02-01 02:40:21,2026-04-01 06:30:00
SCR-0005237,HS-002303,14,19,2026-02-08 23:54:37,2026-04-01 06:30:00
SCR-0005238,HS-002304,0,20,2025-10-22 07:12:27,2026-04-01 06:30:00
SCR-0005239,HS-002305,0,21,2025-11-06 18:08:22,2026-04-01 06:30:00
SCR-0005240,HS-002305,21,46,2025-11-12 08:05:16,2026-04-01 06:30:00
SCR-0005241,HS-002305,46,64,2025-11-13 09:01:08,2026-04-01 06:30:00
SCR-0005242,HS-002306,0,13,2026-03-09 02:12:23,2026-04-01 06:30:00
SCR-0005243,HS-002306,13,47,2026-03-25 08:17:33,2026-04-01 06:30:00
SCR-0005244,HS-002306,47,69,2026-03-26 03:24:33,2026-04-01 06:30:00
SCR-0005245,HS-002307,0,15,2026-03-13 16:01:59,2026-04-01 06:30:00
SCR-0005246,HS-002308,0,17,2026-01-09 05:09:28,2026-04-01 06:30:00
SCR-0005247,HS-002308,17,37,2026-01-29 02:02:00,2026-04-01 06:30:00
SCR-0005248,HS-002309,0,24,2026-01-15 15:23:34,2026-04-01 06:30:00
SCR-0005249,HS-002309,24,48,2026-01-22 19:16:29,2026-04-01 06:30:00
SCR-0005250,HS-002309,48,61,2026-01-24 09:01:14,2026-04-01 06:30:00
SCR-0005251,HS-002310,0,17,2025-11-07 20:07:49,2026-04-01 06:30:00
SCR-0005252,HS-002310,17,42,2025-11-13 06:20:06,2026-04-01 06:30:00
SCR-0005253,HS-002310,42,57,2025-11-14 13:53:10,2026-04-01 06:30:00
SCR-0005254,HS-002311,0,5,2025-12-11 14:38:17,2026-04-01 06:30:00
SCR-0005255,HS-002311,5,28,2025-12-18 23:48:07,2026-04-01 06:30:00
SCR-0005256,HS-002312,0,20,2025-12-11 17:45:29,2026-04-01 06:30:00
SCR-0005257,HS-002312,20,43,2025-12-28 07:35:24,2026-04-01 06:30:00
SCR-0005258,HS-002312,43,68,2025-12-30 16:42:20,2026-04-01 06:30:00
SCR-0005259,HS-002313,0,20,2026-01-09 07:04:05,2026-04-01 06:30:00
SCR-0005260,HS-002313,20,24,2026-01-24 02:14:09,2026-04-01 06:30:00
SCR-0005261,HS-002314,0,18,2025-12-23 07:35:03,2026-04-01 06:30:00
SCR-0005262,HS-002314,18,44,2026-01-04 23:10:53,2026-04-01 06:30:00
SCR-0005263,HS-002315,0,23,2025-09-04 21:15:50,2026-04-01 06:30:00
SCR-0005264,HS-002315,23,43,2025-09-10 03:00:14,2026-04-01 06:30:00
SCR-0005265,HS-002315,43,77,2025-09-11 19:11:10,2026-04-01 06:30:00
SCR-0005266,HS-002316,0,12,2025-12-30 12:16:26,2026-04-01 06:30:00
SCR-0005267,HS-002316,12,44,2026-01-04 19:27:30,2026-04-01 06:30:00
SCR-0005268,HS-002316,44,57,2026-01-06 15:55:27,2026-04-01 06:30:00
SCR-0005269,HS-002317,0,6,2025-10-09 00:45:16,2026-04-01 06:30:00
SCR-0005270,HS-002317,6,31,2025-10-27 02:21:48,2026-04-01 06:30:00
SCR-0005271,HS-002318,0,17,2025-12-19 23:26:56,2026-04-01 06:30:00
SCR-0005272,HS-002318,17,46,2025-12-26 03:56:44,2026-04-01 06:30:00
SCR-0005273,HS-002318,46,76,2025-12-27 22:08:21,2026-04-01 06:30:00
SCR-0005274,HS-002319,0,12,2025-11-03 07:55:40,2026-04-01 06:30:00
SCR-0005275,HS-002320,0,7,2026-01-04 02:27:42,2026-04-01 06:30:00
SCR-0005276,HS-002320,7,34,2026-01-10 23:05:41,2026-04-01 06:30:00
SCR-0005277,HS-002321,0,11,2026-03-28 00:33:06,2026-04-01 06:30:00
SCR-0005278,HS-002322,0,5,2025-10-28 12:25:44,2026-04-01 06:30:00
SCR-0005279,HS-002322,5,24,2025-11-10 12:02:12,2026-04-01 06:30:00
SCR-0005280,HS-002323,0,19,2026-03-19 19:44:21,2026-04-01 06:30:00
SCR-0005281,HS-002323,19,46,2026-03-27 06:17:31,2026-04-01 06:30:00
SCR-0005282,HS-002324,0,16,2025-09-17 16:50:58,2026-04-01 06:30:00
SCR-0005283,HS-002324,16,42,2025-10-01 18:20:29,2026-04-01 06:30:00
SCR-0005284,HS-002324,42,52,2025-10-04 15:21:02,2026-04-01 06:30:00
SCR-0005285,HS-002325,0,15,2025-10-31 06:37:29,2026-04-01 06:30:00
SCR-0005286,HS-002325,15,26,2025-11-06 22:39:26,2026-04-01 06:30:00
SCR-0005287,HS-002326,0,6,2026-02-01 11:02:48,2026-04-01 06:30:00
SCR-0005288,HS-002326,6,42,2026-02-13 23:35:46,2026-04-01 06:30:00
SCR-0005289,HS-002326,42,70,2026-02-14 07:12:40,2026-04-01 06:30:00
SCR-0005290,HS-002327,0,15,2026-02-22 05:31:50,2026-04-01 06:30:00
SCR-0005291,HS-002327,15,47,2026-02-28 15:08:21,2026-04-01 06:30:00
SCR-0005292,HS-002328,0,8,2026-03-06 05:32:45,2026-04-01 06:30:00
SCR-0005293,HS-002328,8,42,2026-03-11 21:47:43,2026-04-01 06:30:00
SCR-0005294,HS-002328,42,75,2026-03-12 12:28:31,2026-04-01 06:30:00
SCR-0005295,HS-002329,0,20,2025-10-24 19:26:30,2026-04-01 06:30:00
SCR-0005296,HS-002329,20,44,2025-10-31 21:31:24,2026-04-01 06:30:00
SCR-0005297,HS-002329,44,82,2025-11-03 00:48:01,2026-04-01 06:30:00
SCR-0005298,HS-002330,0,5,2025-10-03 13:21:04,2026-04-01 06:30:00
SCR-0005299,HS-002330,5,21,2025-10-04 17:04:56,2026-04-01 06:30:00
SCR-0005300,HS-002331,0,9,2025-09-03 01:40:37,2026-04-01 06:30:00
SCR-0005301,HS-002331,9,13,2025-09-12 10:51:45,2026-04-01 06:30:00
SCR-0005302,HS-002332,0,11,2026-02-06 23:36:36,2026-04-01 06:30:00
SCR-0005303,HS-002332,11,44,2026-02-16 21:30:47,2026-04-01 06:30:00
SCR-0005304,HS-002332,44,89,2026-02-17 23:46:42,2026-04-01 06:30:00
SCR-0005305,HS-002333,0,7,2026-02-03 21:39:53,2026-04-01 06:30:00
SCR-0005306,HS-002333,7,22,2026-02-08 17:36:28,2026-04-01 06:30:00
SCR-0005307,HS-002334,0,17,2025-11-27 18:40:46,2026-04-01 06:30:00
SCR-0005308,HS-002335,0,11,2026-02-09 02:19:15,2026-04-01 06:30:00
SCR-0005309,HS-002335,11,30,2026-02-19 17:19:43,2026-04-01 06:30:00
SCR-0005310,HS-002336,0,6,2026-02-02 23:35:47,2026-04-01 06:30:00
SCR-0005311,HS-002336,6,48,2026-02-27 18:24:34,2026-04-01 06:30:00
SCR-0005312,HS-002336,48,51,2026-02-28 20:04:42,2026-04-01 06:30:00
SCR-0005313,HS-002337,0,13,2025-09-05 22:58:28,2026-04-01 06:30:00
SCR-0005314,HS-002337,13,33,2025-09-07 10:19:02,2026-04-01 06:30:00
SCR-0005315,HS-002338,0,6,2025-11-26 00:23:13,2026-04-01 06:30:00
SCR-0005316,HS-002339,0,12,2025-10-04 16:17:52,2026-04-01 06:30:00
SCR-0005317,HS-002339,12,25,2025-10-08 15:20:25,2026-04-01 06:30:00
SCR-0005318,HS-002340,0,23,2025-10-09 18:26:36,2026-04-01 06:30:00
SCR-0005319,HS-002340,23,42,2025-10-14 23:41:35,2026-04-01 06:30:00
SCR-0005320,HS-002340,42,63,2025-10-17 06:35:31,2026-04-01 06:30:00
SCR-0005321,HS-002341,0,17,2025-09-18 06:11:41,2026-04-01 06:30:00
SCR-0005322,HS-002341,17,30,2025-10-02 23:21:34,2026-04-01 06:30:00
SCR-0005323,HS-002342,0,23,2025-09-23 23:44:09,2026-04-01 06:30:00
SCR-0005324,HS-002343,0,7,2025-12-01 04:03:04,2026-04-01 06:30:00
SCR-0005325,HS-002343,7,47,2025-12-09 13:25:04,2026-04-01 06:30:00
SCR-0005326,HS-002343,47,54,2025-12-11 08:58:49,2026-04-01 06:30:00
SCR-0005327,HS-002344,0,13,2025-10-23 03:23:49,2026-04-01 06:30:00
SCR-0005328,HS-002344,13,15,2025-11-10 17:27:58,2026-04-01 06:30:00
SCR-0005329,HS-002345,0,24,2025-10-14 15:37:25,2026-04-01 06:30:00
SCR-0005330,HS-002345,24,43,2025-10-24 19:42:02,2026-04-01 06:30:00
SCR-0005331,HS-002345,43,60,2025-10-27 18:29:16,2026-04-01 06:30:00
SCR-0005332,HS-002346,0,23,2025-12-21 08:24:23,2026-04-01 06:30:00
SCR-0005333,HS-002346,23,41,2026-01-03 09:45:25,2026-04-01 06:30:00
SCR-0005334,HS-002347,0,21,2025-12-15 21:00:21,2026-04-01 06:30:00
SCR-0005335,HS-002347,21,40,2025-12-22 17:53:50,2026-04-01 06:30:00
SCR-0005336,HS-002347,40,67,2025-12-24 14:17:11,2026-04-01 06:30:00
SCR-0005337,HS-002348,0,8,2025-09-07 21:24:11,2026-04-01 06:30:00
SCR-0005338,HS-002348,8,31,2025-09-20 02:48:29,2026-04-01 06:30:00
SCR-0005339,HS-002349,0,23,2026-02-11 04:46:00,2026-04-01 06:30:00
SCR-0005340,HS-002350,0,20,2025-12-12 22:21:23,2026-04-01 06:30:00
SCR-0005341,HS-002350,20,47,2025-12-19 01:48:12,2026-04-01 06:30:00
SCR-0005342,HS-002350,47,75,2025-12-20 22:49:38,2026-04-01 06:30:00
SCR-0005343,HS-002351,0,5,2025-09-11 06:29:27,2026-04-01 06:30:00
SCR-0005344,HS-002351,5,41,2025-09-16 19:26:43,2026-04-01 06:30:00
SCR-0005345,HS-002351,41,61,2025-09-17 21:33:43,2026-04-01 06:30:00
SCR-0005346,HS-002352,0,9,2026-01-03 14:10:19,2026-04-01 06:30:00
SCR-0005347,HS-002352,9,48,2026-01-06 19:16:36,2026-04-01 06:30:00
SCR-0005348,HS-002352,48,83,2026-01-06 20:47:07,2026-04-01 06:30:00
SCR-0005349,HS-002353,0,10,2025-11-11 21:40:05,2026-04-01 06:30:00
SCR-0005350,HS-002353,10,43,2025-11-15 01:40:03,2026-04-01 06:30:00
SCR-0005351,HS-002354,0,17,2026-01-29 11:36:08,2026-04-01 06:30:00
SCR-0005352,HS-002355,0,14,2025-11-12 20:34:11,2026-04-01 06:30:00
SCR-0005353,HS-002355,14,40,2025-11-23 23:39:52,2026-04-01 06:30:00
SCR-0005354,HS-002355,40,55,2025-11-25 09:09:56,2026-04-01 06:30:00
SCR-0005355,HS-002356,0,20,2026-02-09 07:05:59,2026-04-01 06:30:00
SCR-0005356,HS-002356,20,36,2026-02-17 21:07:44,2026-04-01 06:30:00
SCR-0005357,HS-002357,0,23,2026-02-01 09:02:56,2026-04-01 06:30:00
SCR-0005358,HS-002357,23,40,2026-02-12 15:30:13,2026-04-01 06:30:00
SCR-0005359,HS-002357,40,81,2026-02-14 18:44:33,2026-04-01 06:30:00
SCR-0005360,HS-002358,0,13,2026-03-08 22:14:20,2026-04-01 06:30:00
SCR-0005361,HS-002359,0,21,2026-03-25 13:02:33,2026-04-01 06:30:00
SCR-0005362,HS-002360,0,24,2025-10-15 00:38:08,2026-04-01 06:30:00
SCR-0005363,HS-002361,0,20,2025-11-20 10:13:58,2026-04-01 06:30:00
SCR-0005364,HS-002361,20,45,2025-11-28 22:18:09,2026-04-01 06:30:00
SCR-0005365,HS-002362,0,24,2025-09-04 01:09:38,2026-04-01 06:30:00
SCR-0005366,HS-002363,0,5,2025-10-04 12:19:34,2026-04-01 06:30:00
SCR-0005367,HS-002363,5,40,2025-10-06 04:53:41,2026-04-01 06:30:00
SCR-0005368,HS-002364,0,13,2026-02-10 09:03:41,2026-04-01 06:30:00
SCR-0005369,HS-002365,0,22,2026-03-01 13:14:27,2026-04-01 06:30:00
SCR-0005370,HS-002365,22,44,2026-03-06 04:27:35,2026-04-01 06:30:00
SCR-0005371,HS-002365,44,88,2026-03-07 12:59:04,2026-04-01 06:30:00
SCR-0005372,HS-002366,0,5,2026-03-16 05:57:23,2026-04-01 06:30:00
SCR-0005373,HS-002366,5,23,2026-04-03 10:54:30,2026-04-01 06:30:00
SCR-0005374,HS-002367,0,8,2025-11-11 18:25:44,2026-04-01 06:30:00
SCR-0005375,HS-002367,8,41,2025-11-20 10:40:10,2026-04-01 06:30:00
SCR-0005376,HS-002367,41,74,2025-11-23 09:39:40,2026-04-01 06:30:00
SCR-0005377,HS-002368,0,14,2026-01-05 03:31:05,2026-04-01 06:30:00
SCR-0005378,HS-002368,14,43,2026-01-10 07:25:36,2026-04-01 06:30:00
SCR-0005379,HS-002368,43,54,2026-01-11 03:52:11,2026-04-01 06:30:00
SCR-0005380,HS-002369,0,7,2025-09-06 23:18:19,2026-04-01 06:30:00
SCR-0005381,HS-002369,7,18,2025-09-09 23:40:46,2026-04-01 06:30:00
SCR-0005382,HS-002370,0,9,2025-10-16 07:55:24,2026-04-01 06:30:00
SCR-0005383,HS-002370,9,48,2025-10-26 10:24:25,2026-04-01 06:30:00
SCR-0005384,HS-002370,48,77,2025-10-28 02:02:35,2026-04-01 06:30:00
SCR-0005385,HS-002371,0,24,2025-11-29 05:45:25,2026-04-01 06:30:00
SCR-0005386,HS-002371,24,44,2025-12-27 11:01:22,2026-04-01 06:30:00
SCR-0005387,HS-002371,44,54,2025-12-30 06:03:06,2026-04-01 06:30:00
SCR-0005388,HS-002372,0,23,2026-02-07 07:54:02,2026-04-01 06:30:00
SCR-0005389,HS-002372,23,38,2026-02-20 03:52:26,2026-04-01 06:30:00
SCR-0005390,HS-002373,0,21,2025-11-06 00:28:19,2026-04-01 06:30:00
SCR-0005391,HS-002373,21,27,2025-11-20 19:08:58,2026-04-01 06:30:00
SCR-0005392,HS-002374,0,18,2026-02-14 18:45:29,2026-04-01 06:30:00
SCR-0005393,HS-002374,18,22,2026-03-01 05:51:57,2026-04-01 06:30:00
SCR-0005394,HS-002375,0,5,2025-11-19 21:21:03,2026-04-01 06:30:00
SCR-0005395,HS-002375,5,9,2025-11-28 15:32:52,2026-04-01 06:30:00
SCR-0005396,HS-002376,0,17,2026-03-23 13:25:30,2026-04-01 06:30:00
SCR-0005397,HS-002377,0,24,2026-02-21 06:50:56,2026-04-01 06:30:00
SCR-0005398,HS-002377,24,44,2026-02-27 18:26:49,2026-04-01 06:30:00
SCR-0005399,HS-002377,44,87,2026-02-28 15:07:00,2026-04-01 06:30:00
SCR-0005400,HS-002378,0,12,2026-03-27 13:18:52,2026-04-01 06:30:00
SCR-0005401,HS-002378,12,36,2026-04-14 10:40:03,2026-04-01 06:30:00
SCR-0005402,HS-002379,0,7,2026-02-04 03:58:37,2026-04-01 06:30:00
SCR-0005403,HS-002379,7,29,2026-02-07 16:14:25,2026-04-01 06:30:00
SCR-0005404,HS-002380,0,22,2025-12-13 02:01:02,2026-04-01 06:30:00
SCR-0005405,HS-002380,22,43,2025-12-20 17:59:05,2026-04-01 06:30:00
SCR-0005406,HS-002380,43,73,2025-12-21 01:01:18,2026-04-01 06:30:00
SCR-0005407,HS-002381,0,19,2025-12-10 21:05:41,2026-04-01 06:30:00
SCR-0005408,HS-002382,0,16,2026-01-25 19:21:26,2026-04-01 06:30:00
SCR-0005409,HS-002382,16,41,2026-02-14 22:13:56,2026-04-01 06:30:00
SCR-0005410,HS-002383,0,6,2025-11-27 06:08:20,2026-04-01 06:30:00
SCR-0005411,HS-002383,6,45,2025-12-04 03:31:47,2026-04-01 06:30:00
SCR-0005412,HS-002383,45,61,2025-12-04 12:22:35,2026-04-01 06:30:00
SCR-0005413,HS-002384,0,17,2025-12-18 00:29:53,2026-04-01 06:30:00
SCR-0005414,HS-002384,17,32,2026-01-01 09:50:11,2026-04-01 06:30:00
SCR-0005415,HS-002385,0,13,2025-09-03 07:57:02,2026-04-01 06:30:00
SCR-0005416,HS-002385,13,34,2025-09-21 23:27:54,2026-04-01 06:30:00
SCR-0005417,HS-002386,0,9,2025-09-03 05:49:14,2026-04-01 06:30:00
SCR-0005418,HS-002386,9,43,2025-09-07 09:44:23,2026-04-01 06:30:00
SCR-0005419,HS-002386,43,85,2025-09-10 09:17:04,2026-04-01 06:30:00
SCR-0005420,HS-002387,0,22,2026-03-18 14:51:23,2026-04-01 06:30:00
SCR-0005421,HS-002387,22,42,2026-03-22 17:46:49,2026-04-01 06:30:00
SCR-0005422,HS-002387,42,66,2026-03-24 15:06:44,2026-04-01 06:30:00
SCR-0005423,HS-002388,0,17,2025-09-29 05:19:14,2026-04-01 06:30:00
SCR-0005424,HS-002389,0,9,2026-03-06 20:56:01,2026-04-01 06:30:00
SCR-0005425,HS-002389,9,43,2026-03-15 01:10:44,2026-04-01 06:30:00
SCR-0005426,HS-002390,0,17,2025-12-16 14:46:27,2026-04-01 06:30:00
SCR-0005427,HS-002390,17,44,2025-12-24 08:05:27,2026-04-01 06:30:00
SCR-0005428,HS-002390,44,90,2025-12-25 19:55:25,2026-04-01 06:30:00
SCR-0005429,HS-002391,0,12,2025-12-14 09:04:59,2026-04-01 06:30:00
SCR-0005430,HS-002391,12,32,2025-12-17 12:26:39,2026-04-01 06:30:00
SCR-0005431,HS-002392,0,16,2025-09-15 09:27:07,2026-04-01 06:30:00
SCR-0005432,HS-002393,0,10,2026-01-31 13:33:52,2026-04-01 06:30:00
SCR-0005433,HS-002393,10,14,2026-02-09 19:03:35,2026-04-01 06:30:00
SCR-0005434,HS-002394,0,24,2025-10-24 18:45:44,2026-04-01 06:30:00
SCR-0005435,HS-002394,24,45,2025-11-03 21:01:42,2026-04-01 06:30:00
SCR-0005436,HS-002394,45,73,2025-11-06 01:28:26,2026-04-01 06:30:00
SCR-0005437,HS-002395,0,19,2025-10-14 17:33:59,2026-04-01 06:30:00
SCR-0005438,HS-002396,0,24,2026-02-28 21:09:50,2026-04-01 06:30:00
SCR-0005439,HS-002396,24,46,2026-03-06 11:39:36,2026-04-01 06:30:00
SCR-0005440,HS-002396,46,66,2026-03-09 07:41:01,2026-04-01 06:30:00
SCR-0005441,HS-002397,0,8,2025-11-17 09:59:46,2026-04-01 06:30:00
SCR-0005442,HS-002397,8,47,2025-11-22 13:47:03,2026-04-01 06:30:00
SCR-0005443,HS-002397,47,83,2025-11-24 16:14:06,2026-04-01 06:30:00
SCR-0005444,HS-002398,0,13,2025-10-26 18:49:33,2026-04-01 06:30:00
SCR-0005445,HS-002398,13,34,2025-11-14 02:00:44,2026-04-01 06:30:00
SCR-0005446,HS-002399,0,21,2025-11-08 20:45:20,2026-04-01 06:30:00
SCR-0005447,HS-002399,21,34,2025-11-19 18:26:05,2026-04-01 06:30:00
SCR-0005448,HS-002400,0,16,2025-09-10 09:52:03,2026-04-01 06:30:00
SCR-0005449,HS-002400,16,40,2025-09-13 10:32:50,2026-04-01 06:30:00
SCR-0005450,HS-002400,40,77,2025-09-14 13:19:53,2026-04-01 06:30:00
SCR-0005451,HS-002401,0,7,2025-10-11 23:42:46,2026-04-01 06:30:00
SCR-0005452,HS-002401,7,41,2025-10-20 21:10:20,2026-04-01 06:30:00
SCR-0005453,HS-002401,41,57,2025-10-21 22:18:25,2026-04-01 06:30:00
SCR-0005454,HS-002402,0,19,2025-08-31 00:18:50,2026-04-01 06:30:00
SCR-0005455,HS-002402,19,45,2025-09-11 11:05:45,2026-04-01 06:30:00
SCR-0005456,HS-002402,45,87,2025-09-13 19:40:18,2026-04-01 06:30:00
SCR-0005457,HS-002403,0,5,2025-09-22 16:58:13,2026-04-01 06:30:00
SCR-0005458,HS-002403,5,8,2025-09-25 08:45:22,2026-04-01 06:30:00
SCR-0005459,HS-002404,0,23,2026-03-06 06:08:16,2026-04-01 06:30:00
SCR-0005460,HS-002404,23,45,2026-03-12 08:15:32,2026-04-01 06:30:00
SCR-0005461,HS-002404,45,53,2026-03-12 20:18:38,2026-04-01 06:30:00
SCR-0005462,HS-002405,0,5,2025-11-03 03:41:04,2026-04-01 06:30:00
SCR-0005463,HS-002405,5,44,2025-11-11 03:29:39,2026-04-01 06:30:00
SCR-0005464,HS-002405,44,86,2025-11-13 08:13:34,2026-04-01 06:30:00
SCR-0005465,HS-002406,0,21,2025-10-08 18:59:49,2026-04-01 06:30:00
SCR-0005466,HS-002406,21,22,2025-10-14 05:59:20,2026-04-01 06:30:00
SCR-0005467,HS-002407,0,9,2025-11-04 03:59:02,2026-04-01 06:30:00
SCR-0005468,HS-002407,9,16,2025-11-12 03:31:13,2026-04-01 06:30:00
SCR-0005469,HS-002408,0,21,2025-10-19 14:30:32,2026-04-01 06:30:00
SCR-0005470,HS-002408,21,40,2025-10-26 08:51:44,2026-04-01 06:30:00
SCR-0005471,HS-002408,40,67,2025-10-27 11:05:09,2026-04-01 06:30:00
SCR-0005472,HS-002409,0,23,2025-12-06 02:39:33,2026-04-01 06:30:00
SCR-0005473,HS-002409,23,40,2025-12-14 20:28:26,2026-04-01 06:30:00
SCR-0005474,HS-002409,40,53,2025-12-15 15:34:06,2026-04-01 06:30:00
SCR-0005475,HS-002410,0,11,2026-03-14 08:43:44,2026-04-01 06:30:00
SCR-0005476,HS-002410,11,42,2026-03-17 23:06:30,2026-04-01 06:30:00
SCR-0005477,HS-002410,42,70,2026-03-20 04:17:07,2026-04-01 06:30:00
SCR-0005478,HS-002411,0,7,2025-11-15 18:38:34,2026-04-01 06:30:00
SCR-0005479,HS-002411,7,42,2025-11-19 23:15:18,2026-04-01 06:30:00
SCR-0005480,HS-002411,42,57,2025-11-21 08:36:04,2026-04-01 06:30:00
SCR-0005481,HS-002412,0,19,2025-09-04 14:16:33,2026-04-01 06:30:00
SCR-0005482,HS-002412,19,33,2025-09-19 19:31:49,2026-04-01 06:30:00
SCR-0005483,HS-002413,0,20,2025-12-18 00:53:11,2026-04-01 06:30:00
SCR-0005484,HS-002414,0,14,2026-01-01 20:34:12,2026-04-01 06:30:00
SCR-0005485,HS-002414,14,41,2026-01-06 01:06:50,2026-04-01 06:30:00
SCR-0005486,HS-002414,41,57,2026-01-07 04:20:05,2026-04-01 06:30:00
SCR-0005487,HS-002415,0,9,2025-12-26 06:51:28,2026-04-01 06:30:00
SCR-0005488,HS-002416,0,17,2026-03-16 23:57:09,2026-04-01 06:30:00
SCR-0005489,HS-002416,17,47,2026-03-29 13:05:42,2026-04-01 06:30:00
SCR-0005490,HS-002416,47,67,2026-03-29 15:42:09,2026-04-01 06:30:00
SCR-0005491,HS-002417,0,23,2025-09-29 23:07:04,2026-04-01 06:30:00
SCR-0005492,HS-002418,0,8,2025-12-04 12:51:27,2026-04-01 06:30:00
SCR-0005493,HS-002418,8,12,2025-12-14 14:10:47,2026-04-01 06:30:00
SCR-0005494,HS-002419,0,18,2025-12-01 02:45:01,2026-04-01 06:30:00
SCR-0005495,HS-002419,18,41,2025-12-15 11:15:44,2026-04-01 06:30:00
SCR-0005496,HS-002419,41,70,2025-12-17 20:04:30,2026-04-01 06:30:00
SCR-0005497,HS-002420,0,8,2025-11-26 00:04:58,2026-04-01 06:30:00
SCR-0005498,HS-002420,8,40,2025-12-04 06:25:36,2026-04-01 06:30:00
SCR-0005499,HS-002420,40,83,2025-12-06 07:03:38,2026-04-01 06:30:00
SCR-0005500,HS-002421,0,7,2026-02-03 20:05:09,2026-04-01 06:30:00
SCR-0005501,HS-002421,7,14,2026-02-17 08:49:00,2026-04-01 06:30:00
SCR-0005502,HS-002422,0,24,2026-02-27 09:11:43,2026-04-01 06:30:00
SCR-0005503,HS-002422,24,41,2026-03-08 23:03:59,2026-04-01 06:30:00
SCR-0005504,HS-002422,41,89,2026-03-10 15:54:56,2026-04-01 06:30:00
SCR-0005505,HS-002423,0,8,2025-10-28 06:03:00,2026-04-01 06:30:00
SCR-0005506,HS-002423,8,23,2025-11-03 05:03:42,2026-04-01 06:30:00
SCR-0005507,HS-002424,0,22,2025-11-07 07:27:50,2026-04-01 06:30:00
SCR-0005508,HS-002424,22,35,2025-11-22 09:21:25,2026-04-01 06:30:00
SCR-0005509,HS-002425,0,20,2026-03-23 14:22:50,2026-04-01 06:30:00
SCR-0005510,HS-002425,20,46,2026-03-28 00:35:20,2026-04-01 06:30:00
SCR-0005511,HS-002425,46,77,2026-03-28 19:09:28,2026-04-01 06:30:00
SCR-0005512,HS-002426,0,10,2026-02-12 10:20:02,2026-04-01 06:30:00
SCR-0005513,HS-002426,10,44,2026-02-17 02:15:48,2026-04-01 06:30:00
SCR-0005514,HS-002426,44,62,2026-02-19 09:16:48,2026-04-01 06:30:00
SCR-0005515,HS-002427,0,5,2025-10-19 16:58:15,2026-04-01 06:30:00
SCR-0005516,HS-002427,5,8,2025-10-25 16:20:19,2026-04-01 06:30:00
SCR-0005517,HS-002428,0,21,2025-10-30 20:00:06,2026-04-01 06:30:00
SCR-0005518,HS-002428,21,23,2025-11-02 15:53:32,2026-04-01 06:30:00
SCR-0005519,HS-002429,0,14,2026-01-31 11:20:54,2026-04-01 06:30:00
SCR-0005520,HS-002429,14,40,2026-02-04 11:54:44,2026-04-01 06:30:00
SCR-0005521,HS-002429,40,82,2026-02-05 00:07:57,2026-04-01 06:30:00
SCR-0005522,HS-002430,0,17,2025-10-11 17:28:22,2026-04-01 06:30:00
SCR-0005523,HS-002430,17,28,2025-10-18 23:36:47,2026-04-01 06:30:00
SCR-0005524,HS-002431,0,8,2026-02-26 10:01:34,2026-04-01 06:30:00
SCR-0005525,HS-002431,8,47,2026-03-08 11:03:06,2026-04-01 06:30:00
SCR-0005526,HS-002431,47,75,2026-03-10 03:14:45,2026-04-01 06:30:00
SCR-0005527,HS-002432,0,15,2025-10-23 19:38:26,2026-04-01 06:30:00
SCR-0005528,HS-002432,15,41,2025-10-27 00:11:19,2026-04-01 06:30:00
SCR-0005529,HS-002433,0,13,2025-11-06 09:48:38,2026-04-01 06:30:00
SCR-0005530,HS-002433,13,45,2025-11-13 20:19:30,2026-04-01 06:30:00
SCR-0005531,HS-002433,45,53,2025-11-13 22:19:26,2026-04-01 06:30:00
SCR-0005532,HS-002434,0,22,2025-12-09 03:30:07,2026-04-01 06:30:00
SCR-0005533,HS-002434,22,46,2025-12-13 06:49:39,2026-04-01 06:30:00
SCR-0005534,HS-002434,46,54,2025-12-14 06:57:08,2026-04-01 06:30:00
SCR-0005535,HS-002435,0,6,2025-09-12 00:17:40,2026-04-01 06:30:00
SCR-0005536,HS-002435,6,41,2025-09-19 04:12:09,2026-04-01 06:30:00
SCR-0005537,HS-002435,41,65,2025-09-19 22:50:22,2026-04-01 06:30:00
SCR-0005538,HS-002436,0,19,2025-11-10 03:09:59,2026-04-01 06:30:00
SCR-0005539,HS-002436,19,45,2025-11-19 23:36:28,2026-04-01 06:30:00
SCR-0005540,HS-002437,0,24,2026-02-13 04:44:10,2026-04-01 06:30:00
SCR-0005541,HS-002437,24,46,2026-02-18 13:40:07,2026-04-01 06:30:00
SCR-0005542,HS-002437,46,72,2026-02-20 22:04:38,2026-04-01 06:30:00
SCR-0005543,HS-002438,0,5,2026-03-25 03:18:22,2026-04-01 06:30:00
SCR-0005544,HS-002438,5,18,2026-04-02 13:49:54,2026-04-01 06:30:00
SCR-0005545,HS-002439,0,23,2025-12-20 08:04:12,2026-04-01 06:30:00
SCR-0005546,HS-002440,0,22,2025-09-15 03:03:58,2026-04-01 06:30:00
SCR-0005547,HS-002440,22,44,2025-09-18 02:59:51,2026-04-01 06:30:00
SCR-0005548,HS-002440,44,66,2025-09-18 03:47:51,2026-04-01 06:30:00
SCR-0005549,HS-002441,0,22,2025-10-17 21:30:47,2026-04-01 06:30:00
SCR-0005550,HS-002442,0,7,2026-03-10 14:11:29,2026-04-01 06:30:00
SCR-0005551,HS-002442,7,46,2026-03-14 04:46:29,2026-04-01 06:30:00
SCR-0005552,HS-002442,46,63,2026-03-15 19:52:18,2026-04-01 06:30:00
SCR-0005553,HS-002443,0,22,2025-09-15 10:15:07,2026-04-01 06:30:00
SCR-0005554,HS-002443,22,40,2025-09-25 20:58:43,2026-04-01 06:30:00
SCR-0005555,HS-002443,40,77,2025-09-28 00:16:59,2026-04-01 06:30:00
SCR-0005556,HS-002444,0,19,2025-10-22 16:41:55,2026-04-01 06:30:00
SCR-0005557,HS-002444,19,34,2025-10-29 18:42:44,2026-04-01 06:30:00
SCR-0005558,HS-002445,0,10,2026-02-07 17:36:33,2026-04-01 06:30:00
SCR-0005559,HS-002445,10,23,2026-02-11 16:27:25,2026-04-01 06:30:00
SCR-0005560,HS-002446,0,14,2026-01-09 03:05:16,2026-04-01 06:30:00
SCR-0005561,HS-002446,14,43,2026-01-30 23:15:24,2026-04-01 06:30:00
SCR-0005562,HS-002446,43,51,2026-01-31 09:43:24,2026-04-01 06:30:00
SCR-0005563,HS-002447,0,9,2025-10-26 09:17:35,2026-04-01 06:30:00
SCR-0005564,HS-002447,9,49,2025-11-09 11:26:04,2026-04-01 06:30:00
SCR-0005565,HS-002448,0,5,2025-10-27 13:32:13,2026-04-01 06:30:00
SCR-0005566,HS-002448,5,20,2025-11-02 20:14:27,2026-04-01 06:30:00
SCR-0005567,HS-002449,0,17,2026-01-31 03:02:04,2026-04-01 06:30:00
SCR-0005568,HS-002450,0,14,2025-10-03 21:42:32,2026-04-01 06:30:00
SCR-0005569,HS-002450,14,30,2025-10-20 12:48:29,2026-04-01 06:30:00
SCR-0005570,HS-002451,0,14,2026-03-02 19:51:42,2026-04-01 06:30:00
SCR-0005571,HS-002451,14,47,2026-03-16 01:35:44,2026-04-01 06:30:00
SCR-0005572,HS-002451,47,71,2026-03-17 13:23:52,2026-04-01 06:30:00
SCR-0005573,HS-002452,0,5,2026-03-19 03:54:36,2026-04-01 06:30:00
SCR-0005574,HS-002452,5,43,2026-03-27 09:51:36,2026-04-01 06:30:00
SCR-0005575,HS-002452,43,59,2026-03-30 00:49:02,2026-04-01 06:30:00
SCR-0005576,HS-002453,0,15,2026-03-13 07:30:38,2026-04-01 06:30:00
SCR-0005577,HS-002453,15,18,2026-03-25 11:19:29,2026-04-01 06:30:00
SCR-0005578,HS-002454,0,9,2025-08-27 02:31:11,2026-04-01 06:30:00
SCR-0005579,HS-002454,9,42,2025-09-05 05:35:58,2026-04-01 06:30:00
SCR-0005580,HS-002454,42,79,2025-09-06 17:00:39,2026-04-01 06:30:00
SCR-0005581,HS-002455,0,22,2026-01-19 02:39:47,2026-04-01 06:30:00
SCR-0005582,HS-002455,22,48,2026-01-21 05:48:02,2026-04-01 06:30:00
SCR-0005583,HS-002455,48,58,2026-01-23 21:48:01,2026-04-01 06:30:00
SCR-0005584,HS-002456,0,6,2025-10-04 08:35:43,2026-04-01 06:30:00
SCR-0005585,HS-002456,6,8,2025-10-18 23:31:06,2026-04-01 06:30:00
SCR-0005586,HS-002457,0,8,2026-03-08 11:56:16,2026-04-01 06:30:00
SCR-0005587,HS-002457,8,40,2026-03-11 16:10:51,2026-04-01 06:30:00
SCR-0005588,HS-002457,40,80,2026-03-12 06:29:57,2026-04-01 06:30:00
SCR-0005589,HS-002458,0,17,2025-10-01 02:39:56,2026-04-01 06:30:00
SCR-0005590,HS-002459,0,13,2025-09-22 06:42:20,2026-04-01 06:30:00
SCR-0005591,HS-002459,13,33,2025-09-24 00:42:47,2026-04-01 06:30:00
SCR-0005592,HS-002460,0,23,2026-01-20 21:17:22,2026-04-01 06:30:00
SCR-0005593,HS-002460,23,43,2026-02-07 15:16:21,2026-04-01 06:30:00
SCR-0005594,HS-002460,43,86,2026-02-08 05:12:23,2026-04-01 06:30:00
SCR-0005595,HS-002461,0,6,2026-02-18 11:39:49,2026-04-01 06:30:00
SCR-0005596,HS-002461,6,32,2026-03-04 22:59:03,2026-04-01 06:30:00
SCR-0005597,HS-002462,0,9,2025-10-05 23:37:43,2026-04-01 06:30:00
SCR-0005598,HS-002462,9,44,2025-10-12 16:28:52,2026-04-01 06:30:00
SCR-0005599,HS-002462,44,85,2025-10-13 15:24:43,2026-04-01 06:30:00
SCR-0005600,HS-002463,0,17,2025-11-15 07:04:29,2026-04-01 06:30:00
SCR-0005601,HS-002463,17,47,2025-11-23 02:30:13,2026-04-01 06:30:00
SCR-0005602,HS-002463,47,84,2025-11-25 15:12:02,2026-04-01 06:30:00
SCR-0005603,HS-002464,0,16,2026-01-02 22:53:03,2026-04-01 06:30:00
SCR-0005604,HS-002464,16,22,2026-01-19 12:18:36,2026-04-01 06:30:00
SCR-0005605,HS-002465,0,11,2026-03-04 18:34:12,2026-04-01 06:30:00
SCR-0005606,HS-002466,0,6,2025-09-17 13:40:27,2026-04-01 06:30:00
SCR-0005607,HS-002466,6,11,2025-10-01 07:03:41,2026-04-01 06:30:00
SCR-0005608,HS-002467,0,20,2025-12-29 06:08:33,2026-04-01 06:30:00
SCR-0005609,HS-002467,20,21,2026-01-06 18:33:16,2026-04-01 06:30:00
SCR-0005610,HS-002468,0,20,2026-02-25 03:28:51,2026-04-01 06:30:00
SCR-0005611,HS-002468,20,40,2026-03-01 02:51:50,2026-04-01 06:30:00
SCR-0005612,HS-002469,0,22,2026-02-08 19:01:09,2026-04-01 06:30:00
SCR-0005613,HS-002469,22,40,2026-02-15 14:29:22,2026-04-01 06:30:00
SCR-0005614,HS-002469,40,63,2026-02-16 15:58:35,2026-04-01 06:30:00
SCR-0005615,HS-002470,0,16,2026-02-15 21:01:30,2026-04-01 06:30:00
SCR-0005616,HS-002470,16,41,2026-03-06 10:35:58,2026-04-01 06:30:00
SCR-0005617,HS-002470,41,75,2026-03-07 05:03:50,2026-04-01 06:30:00
SCR-0005618,HS-002471,0,22,2025-09-20 01:52:06,2026-04-01 06:30:00
SCR-0005619,HS-002471,22,41,2025-09-29 13:18:48,2026-04-01 06:30:00
SCR-0005620,HS-002471,41,88,2025-10-01 15:08:05,2026-04-01 06:30:00
SCR-0005621,HS-002472,0,10,2026-03-20 18:29:48,2026-04-01 06:30:00
SCR-0005622,HS-002472,10,17,2026-03-27 05:03:48,2026-04-01 06:30:00
SCR-0005623,HS-002473,0,24,2026-01-22 14:08:45,2026-04-01 06:30:00
SCR-0005624,HS-002473,24,48,2026-02-01 06:11:11,2026-04-01 06:30:00
SCR-0005625,HS-002473,48,59,2026-02-03 15:45:35,2026-04-01 06:30:00
SCR-0005626,HS-002474,0,9,2025-11-21 07:08:45,2026-04-01 06:30:00
SCR-0005627,HS-002474,9,17,2025-12-10 16:17:30,2026-04-01 06:30:00
SCR-0005628,HS-002475,0,12,2026-02-24 05:22:42,2026-04-01 06:30:00
SCR-0005629,HS-002476,0,12,2026-02-24 13:00:41,2026-04-01 06:30:00
SCR-0005630,HS-002476,12,41,2026-03-02 04:05:24,2026-04-01 06:30:00
SCR-0005631,HS-002476,41,56,2026-03-03 12:07:17,2026-04-01 06:30:00
SCR-0005632,HS-002477,0,16,2025-09-19 19:33:23,2026-04-01 06:30:00
SCR-0005633,HS-002477,16,44,2025-09-26 01:26:53,2026-04-01 06:30:00
SCR-0005634,HS-002477,44,73,2025-09-26 08:24:56,2026-04-01 06:30:00
SCR-0005635,HS-002478,0,16,2026-03-27 06:21:01,2026-04-01 06:30:00
SCR-0005636,HS-002478,16,28,2026-04-12 16:08:16,2026-04-01 06:30:00
SCR-0005637,HS-002479,0,14,2025-09-19 03:08:39,2026-04-01 06:30:00
SCR-0005638,HS-002479,14,31,2025-09-28 19:20:22,2026-04-01 06:30:00
SCR-0005639,HS-002480,0,13,2026-01-24 12:45:10,2026-04-01 06:30:00
SCR-0005640,HS-002480,13,15,2026-02-13 10:07:08,2026-04-01 06:30:00
SCR-0005641,HS-002481,0,12,2025-10-22 21:49:06,2026-04-01 06:30:00
SCR-0005642,HS-002481,12,34,2025-11-03 23:45:10,2026-04-01 06:30:00
SCR-0005643,HS-002482,0,22,2025-10-05 16:59:44,2026-04-01 06:30:00
SCR-0005644,HS-002482,22,45,2025-10-12 22:23:49,2026-04-01 06:30:00
SCR-0005645,HS-002482,45,81,2025-10-15 16:23:16,2026-04-01 06:30:00
SCR-0005646,HS-002483,0,5,2026-01-04 23:20:40,2026-04-01 06:30:00
SCR-0005647,HS-002483,5,47,2026-01-10 14:15:13,2026-04-01 06:30:00
SCR-0005648,HS-002483,47,75,2026-01-13 07:01:47,2026-04-01 06:30:00
SCR-0005649,HS-002484,0,23,2025-12-10 17:27:39,2026-04-01 06:30:00
SCR-0005650,HS-002484,23,43,2025-12-20 23:48:05,2026-04-01 06:30:00
SCR-0005651,HS-002484,43,70,2025-12-23 18:14:41,2026-04-01 06:30:00
SCR-0005652,HS-002485,0,10,2025-10-11 22:58:26,2026-04-01 06:30:00
SCR-0005653,HS-002485,10,34,2025-10-16 03:59:01,2026-04-01 06:30:00
SCR-0005654,HS-002486,0,16,2026-03-01 02:31:24,2026-04-01 06:30:00
SCR-0005655,HS-002486,16,44,2026-03-13 06:33:42,2026-04-01 06:30:00
SCR-0005656,HS-002486,44,52,2026-03-14 03:16:40,2026-04-01 06:30:00
SCR-0005657,HS-002487,0,13,2025-12-06 16:22:38,2026-04-01 06:30:00
SCR-0005658,HS-002487,13,42,2026-01-01 17:20:20,2026-04-01 06:30:00
SCR-0005659,HS-002488,0,19,2026-01-13 07:16:23,2026-04-01 06:30:00
SCR-0005660,HS-002488,19,41,2026-01-20 17:25:01,2026-04-01 06:30:00
SCR-0005661,HS-002488,41,76,2026-01-22 00:08:03,2026-04-01 06:30:00
SCR-0005662,HS-002489,0,5,2025-12-22 11:27:36,2026-04-01 06:30:00
SCR-0005663,HS-002489,5,48,2025-12-27 20:51:02,2026-04-01 06:30:00
SCR-0005664,HS-002489,48,65,2025-12-29 03:29:17,2026-04-01 06:30:00
SCR-0005665,HS-002490,0,13,2026-01-29 19:57:22,2026-04-01 06:30:00
SCR-0005666,HS-002490,13,38,2026-02-09 07:12:11,2026-04-01 06:30:00
SCR-0005667,HS-002491,0,24,2025-10-12 10:28:39,2026-04-01 06:30:00
SCR-0005668,HS-002492,0,6,2025-09-18 13:50:37,2026-04-01 06:30:00
SCR-0005669,HS-002492,6,9,2025-09-25 08:58:21,2026-04-01 06:30:00
SCR-0005670,HS-002493,0,8,2025-12-15 01:23:20,2026-04-01 06:30:00
SCR-0005671,HS-002493,8,12,2026-01-02 06:15:22,2026-04-01 06:30:00
SCR-0005672,HS-002494,0,6,2025-10-11 10:55:21,2026-04-01 06:30:00
SCR-0005673,HS-002494,6,39,2025-10-15 00:25:06,2026-04-01 06:30:00
SCR-0005674,HS-002495,0,11,2026-03-05 06:01:10,2026-04-01 06:30:00
SCR-0005675,HS-002495,11,23,2026-03-17 17:55:32,2026-04-01 06:30:00
SCR-0005676,HS-002496,0,6,2025-11-21 01:08:12,2026-04-01 06:30:00
SCR-0005677,HS-002496,6,18,2025-12-02 15:14:40,2026-04-01 06:30:00
SCR-0005678,HS-002497,0,12,2025-09-21 08:46:35,2026-04-01 06:30:00
SCR-0005679,HS-002497,12,23,2025-09-30 17:12:39,2026-04-01 06:30:00
SCR-0005680,HS-002498,0,20,2025-12-18 23:28:42,2026-04-01 06:30:00
SCR-0005681,HS-002498,20,33,2025-12-23 10:28:18,2026-04-01 06:30:00
SCR-0005682,HS-002499,0,21,2026-02-02 16:50:59,2026-04-01 06:30:00
SCR-0005683,HS-002499,21,40,2026-02-16 21:47:39,2026-04-01 06:30:00
SCR-0005684,HS-002499,40,68,2026-02-18 16:37:57,2026-04-01 06:30:00
SCR-0005685,HS-002500,0,14,2025-10-22 05:57:02,2026-04-01 06:30:00
SCR-0005686,HS-002500,14,32,2025-11-10 14:38:40,2026-04-01 06:30:00
SCR-0005687,HS-002501,0,21,2025-09-11 14:15:54,2026-04-01 06:30:00
SCR-0005688,HS-002501,21,45,2025-09-18 23:46:04,2026-04-01 06:30:00
SCR-0005689,HS-002501,45,55,2025-09-21 14:05:32,2026-04-01 06:30:00
SCR-0005690,HS-002502,0,18,2026-03-08 17:58:56,2026-04-01 06:30:00
SCR-0005691,HS-002502,18,48,2026-03-11 11:58:05,2026-04-01 06:30:00
SCR-0005692,HS-002502,48,69,2026-03-13 12:54:06,2026-04-01 06:30:00
SCR-0005693,HS-002503,0,7,2026-01-08 23:58:12,2026-04-01 06:30:00
SCR-0005694,HS-002503,7,23,2026-01-11 10:06:01,2026-04-01 06:30:00
SCR-0005695,HS-002504,0,5,2026-01-15 11:17:53,2026-04-01 06:30:00
SCR-0005696,HS-002504,5,15,2026-01-16 20:03:21,2026-04-01 06:30:00
SCR-0005697,HS-002505,0,6,2026-01-19 20:55:29,2026-04-01 06:30:00
SCR-0005698,HS-002505,6,37,2026-01-22 17:06:14,2026-04-01 06:30:00
SCR-0005699,HS-002506,0,23,2026-01-30 00:18:35,2026-04-01 06:30:00
SCR-0005700,HS-002507,0,9,2026-03-01 06:15:41,2026-04-01 06:30:00
SCR-0005701,HS-002507,9,16,2026-03-06 05:38:17,2026-04-01 06:30:00
SCR-0005702,HS-002508,0,17,2025-09-15 19:17:49,2026-04-01 06:30:00
SCR-0005703,HS-002508,17,20,2025-10-02 05:37:31,2026-04-01 06:30:00
SCR-0005704,HS-002509,0,23,2025-10-29 14:21:57,2026-04-01 06:30:00
SCR-0005705,HS-002509,23,41,2025-11-09 18:49:41,2026-04-01 06:30:00
SCR-0005706,HS-002510,0,20,2025-12-08 16:25:28,2026-04-01 06:30:00
SCR-0005707,HS-002511,0,9,2026-03-07 19:58:20,2026-04-01 06:30:00
SCR-0005708,HS-002511,9,40,2026-03-28 20:04:39,2026-04-01 06:30:00
SCR-0005709,HS-002511,40,78,2026-03-30 23:12:43,2026-04-01 06:30:00
SCR-0005710,HS-002512,0,9,2025-11-17 23:59:21,2026-04-01 06:30:00
SCR-0005711,HS-002512,9,35,2025-11-21 05:04:53,2026-04-01 06:30:00
SCR-0005712,HS-002513,0,8,2025-12-12 22:24:55,2026-04-01 06:30:00
SCR-0005713,HS-002513,8,40,2025-12-21 03:49:48,2026-04-01 06:30:00
SCR-0005714,HS-002513,40,59,2025-12-22 08:04:12,2026-04-01 06:30:00
SCR-0005715,HS-002514,0,17,2025-09-12 12:59:30,2026-04-01 06:30:00
SCR-0005716,HS-002514,17,20,2025-09-15 11:16:59,2026-04-01 06:30:00
SCR-0005717,HS-002515,0,17,2025-12-04 07:54:23,2026-04-01 06:30:00
SCR-0005718,HS-002516,0,9,2026-01-04 03:27:15,2026-04-01 06:30:00
SCR-0005719,HS-002516,9,42,2026-01-08 00:13:43,2026-04-01 06:30:00
SCR-0005720,HS-002516,42,63,2026-01-09 00:24:24,2026-04-01 06:30:00
SCR-0005721,HS-002517,0,19,2025-12-02 00:37:12,2026-04-01 06:30:00
SCR-0005722,HS-002517,19,46,2025-12-10 04:37:13,2026-04-01 06:30:00
SCR-0005723,HS-002517,46,86,2025-12-11 02:32:06,2026-04-01 06:30:00
SCR-0005724,HS-002518,0,10,2026-01-07 13:42:48,2026-04-01 06:30:00
SCR-0005725,HS-002518,10,11,2026-01-11 13:21:38,2026-04-01 06:30:00
SCR-0005726,HS-002519,0,7,2025-10-05 00:03:25,2026-04-01 06:30:00
SCR-0005727,HS-002520,0,23,2025-10-10 11:29:49,2026-04-01 06:30:00
SCR-0005728,HS-002520,23,45,2025-10-16 21:40:33,2026-04-01 06:30:00
SCR-0005729,HS-002520,45,89,2025-10-18 06:59:59,2026-04-01 06:30:00
SCR-0005730,HS-002521,0,8,2025-10-04 17:22:00,2026-04-01 06:30:00
SCR-0005731,HS-002521,8,36,2025-10-19 06:36:17,2026-04-01 06:30:00
SCR-0005732,HS-002522,0,11,2025-11-02 03:30:34,2026-04-01 06:30:00
SCR-0005733,HS-002522,11,42,2025-11-07 13:21:31,2026-04-01 06:30:00
SCR-0005734,HS-002522,42,66,2025-11-08 08:35:01,2026-04-01 06:30:00
SCR-0005735,HS-002523,0,16,2025-12-20 03:59:13,2026-04-01 06:30:00
SCR-0005736,HS-002523,16,39,2025-12-30 15:31:48,2026-04-01 06:30:00
SCR-0005737,HS-002524,0,10,2026-01-31 15:19:12,2026-04-01 06:30:00
SCR-0005738,HS-002524,10,14,2026-02-05 13:21:45,2026-04-01 06:30:00
SCR-0005739,HS-002525,0,6,2026-01-13 12:47:49,2026-04-01 06:30:00
SCR-0005740,HS-002525,6,45,2026-01-16 09:35:45,2026-04-01 06:30:00
SCR-0005741,HS-002525,45,82,2026-01-17 15:40:44,2026-04-01 06:30:00
SCR-0005742,HS-002526,0,7,2026-03-05 18:46:25,2026-04-01 06:30:00
SCR-0005743,HS-002526,7,46,2026-03-10 19:59:30,2026-04-01 06:30:00
SCR-0005744,HS-002526,46,69,2026-03-13 17:04:27,2026-04-01 06:30:00
SCR-0005745,HS-002527,0,13,2025-11-07 02:38:39,2026-04-01 06:30:00
SCR-0005746,HS-002527,13,45,2025-11-14 18:06:10,2026-04-01 06:30:00
SCR-0005747,HS-002527,45,53,2025-11-15 04:18:33,2026-04-01 06:30:00
SCR-0005748,HS-002528,0,8,2025-12-30 02:52:42,2026-04-01 06:30:00
SCR-0005749,HS-002528,8,49,2026-01-14 04:20:08,2026-04-01 06:30:00
SCR-0005750,HS-002529,0,14,2025-12-03 03:58:19,2026-04-01 06:30:00
SCR-0005751,HS-002529,14,48,2025-12-08 10:21:41,2026-04-01 06:30:00
SCR-0005752,HS-002529,48,59,2025-12-09 05:09:17,2026-04-01 06:30:00
SCR-0005753,HS-002530,0,9,2025-12-16 03:22:54,2026-04-01 06:30:00
SCR-0005754,HS-002530,9,45,2025-12-21 12:35:02,2026-04-01 06:30:00
SCR-0005755,HS-002531,0,6,2026-03-06 14:44:44,2026-04-01 06:30:00
SCR-0005756,HS-002531,6,38,2026-03-22 23:28:35,2026-04-01 06:30:00
SCR-0005757,HS-002532,0,22,2025-11-22 22:24:59,2026-04-01 06:30:00
SCR-0005758,HS-002532,22,33,2025-12-10 21:24:43,2026-04-01 06:30:00
SCR-0005759,HS-002533,0,22,2025-09-04 22:24:47,2026-04-01 06:30:00
SCR-0005760,HS-002533,22,42,2025-09-18 17:56:44,2026-04-01 06:30:00
SCR-0005761,HS-002533,42,75,2025-09-19 13:49:25,2026-04-01 06:30:00
SCR-0005762,HS-002534,0,17,2025-09-11 04:22:46,2026-04-01 06:30:00
SCR-0005763,HS-002534,17,32,2025-09-16 07:51:55,2026-04-01 06:30:00
SCR-0005764,HS-002535,0,10,2026-03-26 15:40:16,2026-04-01 06:30:00
SCR-0005765,HS-002535,10,38,2026-03-27 23:43:04,2026-04-01 06:30:00
SCR-0005766,HS-002536,0,18,2026-01-10 08:11:30,2026-04-01 06:30:00
SCR-0005767,HS-002536,18,40,2026-01-15 09:34:17,2026-04-01 06:30:00
SCR-0005768,HS-002536,40,84,2026-01-18 09:32:02,2026-04-01 06:30:00
SCR-0005769,HS-002537,0,8,2026-01-29 23:13:47,2026-04-01 06:30:00
SCR-0005770,HS-002537,8,45,2026-02-04 08:54:22,2026-04-01 06:30:00
SCR-0005771,HS-002538,0,11,2026-02-01 17:53:45,2026-04-01 06:30:00
SCR-0005772,HS-002538,11,47,2026-02-11 09:29:56,2026-04-01 06:30:00
SCR-0005773,HS-002538,47,50,2026-02-12 19:39:56,2026-04-01 06:30:00
SCR-0005774,HS-002539,0,5,2025-11-07 17:33:51,2026-04-01 06:30:00
SCR-0005775,HS-002539,5,40,2025-11-16 00:11:53,2026-04-01 06:30:00
SCR-0005776,HS-002539,40,83,2025-11-17 21:27:32,2026-04-01 06:30:00
SCR-0005777,HS-002540,0,9,2025-10-22 02:20:26,2026-04-01 06:30:00
SCR-0005778,HS-002540,9,19,2025-10-27 21:20:57,2026-04-01 06:30:00
SCR-0005779,HS-002541,0,24,2025-10-01 13:02:06,2026-04-01 06:30:00
SCR-0005780,HS-002541,24,41,2025-10-14 00:23:16,2026-04-01 06:30:00
SCR-0005781,HS-002541,41,89,2025-10-14 09:27:05,2026-04-01 06:30:00
SCR-0005782,HS-002542,0,9,2026-02-26 22:03:42,2026-04-01 06:30:00
SCR-0005783,HS-002542,9,16,2026-03-01 05:57:15,2026-04-01 06:30:00
SCR-0005784,HS-002543,0,7,2026-01-25 11:57:43,2026-04-01 06:30:00
SCR-0005785,HS-002543,7,35,2026-02-01 15:06:07,2026-04-01 06:30:00
SCR-0005786,HS-002544,0,5,2025-11-17 20:14:33,2026-04-01 06:30:00
SCR-0005787,HS-002544,5,44,2025-11-24 21:22:15,2026-04-01 06:30:00
SCR-0005788,HS-002544,44,89,2025-11-26 12:55:31,2026-04-01 06:30:00
SCR-0005789,HS-002545,0,14,2025-12-23 06:45:46,2026-04-01 06:30:00
SCR-0005790,HS-002545,14,43,2025-12-31 17:46:54,2026-04-01 06:30:00
SCR-0005791,HS-002545,43,57,2026-01-03 09:35:26,2026-04-01 06:30:00
SCR-0005792,HS-002546,0,19,2025-11-20 23:54:02,2026-04-01 06:30:00
SCR-0005793,HS-002546,19,25,2025-12-06 08:36:58,2026-04-01 06:30:00
SCR-0005794,HS-002547,0,17,2026-01-28 05:22:04,2026-04-01 06:30:00
SCR-0005795,HS-002547,17,37,2026-02-03 03:50:12,2026-04-01 06:30:00
SCR-0005796,HS-002548,0,12,2025-10-07 05:08:01,2026-04-01 06:30:00
SCR-0005797,HS-002548,12,46,2025-10-12 08:41:24,2026-04-01 06:30:00
SCR-0005798,HS-002548,46,68,2025-10-13 10:55:26,2026-04-01 06:30:00
SCR-0005799,HS-002549,0,8,2026-02-22 22:37:55,2026-04-01 06:30:00
SCR-0005800,HS-002549,8,42,2026-03-05 10:46:28,2026-04-01 06:30:00
SCR-0005801,HS-002549,42,81,2026-03-06 11:08:07,2026-04-01 06:30:00
SCR-0005802,HS-002550,0,11,2026-01-17 14:15:37,2026-04-01 06:30:00
SCR-0005803,HS-002550,11,16,2026-02-05 21:35:41,2026-04-01 06:30:00
SCR-0005804,HS-002551,0,23,2025-11-07 00:29:42,2026-04-01 06:30:00
SCR-0005805,HS-002551,23,34,2025-11-21 13:38:51,2026-04-01 06:30:00
SCR-0005806,HS-002552,0,11,2026-01-28 07:17:37,2026-04-01 06:30:00
SCR-0005807,HS-002552,11,48,2026-02-01 17:15:41,2026-04-01 06:30:00
SCR-0005808,HS-002553,0,5,2026-02-14 13:53:01,2026-04-01 06:30:00
SCR-0005809,HS-002553,5,10,2026-02-24 16:55:22,2026-04-01 06:30:00
SCR-0005810,HS-002554,0,10,2025-12-06 00:07:38,2026-04-01 06:30:00
SCR-0005811,HS-002554,10,43,2025-12-12 14:07:26,2026-04-01 06:30:00
SCR-0005812,HS-002554,43,65,2025-12-14 16:46:48,2026-04-01 06:30:00
SCR-0005813,HS-002555,0,21,2025-08-24 13:46:34,2026-04-01 06:30:00
SCR-0005814,HS-002555,21,40,2025-09-10 16:07:28,2026-04-01 06:30:00
SCR-0005815,HS-002555,40,50,2025-09-13 02:27:34,2026-04-01 06:30:00
SCR-0005816,HS-002556,0,10,2026-03-22 01:49:39,2026-04-01 06:30:00
SCR-0005817,HS-002556,10,34,2026-04-04 02:20:29,2026-04-01 06:30:00
SCR-0005818,HS-002557,0,18,2026-01-24 07:57:16,2026-04-01 06:30:00
SCR-0005819,HS-002557,18,41,2026-01-30 03:35:21,2026-04-01 06:30:00
SCR-0005820,HS-002557,41,53,2026-01-31 18:49:54,2026-04-01 06:30:00
SCR-0005821,HS-002558,0,12,2025-11-30 06:00:52,2026-04-01 06:30:00
SCR-0005822,HS-002559,0,7,2026-01-16 09:56:53,2026-04-01 06:30:00
SCR-0005823,HS-002559,7,44,2026-01-20 23:21:13,2026-04-01 06:30:00
SCR-0005824,HS-002559,44,68,2026-01-22 03:13:38,2026-04-01 06:30:00
SCR-0005825,HS-002560,0,19,2025-09-30 23:26:21,2026-04-01 06:30:00
SCR-0005826,HS-002560,19,40,2025-10-13 06:20:56,2026-04-01 06:30:00
SCR-0005827,HS-002560,40,77,2025-10-15 20:15:49,2026-04-01 06:30:00
SCR-0005828,HS-002561,0,15,2026-03-03 08:11:33,2026-04-01 06:30:00
SCR-0005829,HS-002561,15,25,2026-03-16 02:18:12,2026-04-01 06:30:00
SCR-0005830,HS-002562,0,7,2026-02-08 05:43:06,2026-04-01 06:30:00
SCR-0005831,HS-002562,7,26,2026-02-14 07:44:13,2026-04-01 06:30:00
SCR-0005832,HS-002563,0,23,2026-02-06 21:04:36,2026-04-01 06:30:00
SCR-0005833,HS-002563,23,43,2026-02-12 02:55:12,2026-04-01 06:30:00
SCR-0005834,HS-002563,43,88,2026-02-13 06:47:00,2026-04-01 06:30:00
SCR-0005835,HS-002564,0,22,2025-11-09 18:42:30,2026-04-01 06:30:00
SCR-0005836,HS-002564,22,42,2025-11-15 20:47:10,2026-04-01 06:30:00
SCR-0005837,HS-002564,42,71,2025-11-18 19:27:22,2026-04-01 06:30:00
SCR-0005838,HS-002565,0,8,2025-11-09 01:22:39,2026-04-01 06:30:00
SCR-0005839,HS-002565,8,28,2025-11-15 17:28:01,2026-04-01 06:30:00
SCR-0005840,HS-002566,0,6,2025-12-25 09:10:39,2026-04-01 06:30:00
SCR-0005841,HS-002566,6,32,2025-12-30 01:14:12,2026-04-01 06:30:00
SCR-0005842,HS-002567,0,21,2025-11-29 00:05:29,2026-04-01 06:30:00
SCR-0005843,HS-002568,0,20,2025-08-30 01:35:18,2026-04-01 06:30:00
SCR-0005844,HS-002568,20,46,2025-09-10 04:18:35,2026-04-01 06:30:00
SCR-0005845,HS-002568,46,79,2025-09-11 13:13:38,2026-04-01 06:30:00
SCR-0005846,HS-002569,0,7,2025-09-03 12:16:07,2026-04-01 06:30:00
SCR-0005847,HS-002569,7,40,2025-09-08 20:58:17,2026-04-01 06:30:00
SCR-0005848,HS-002569,40,82,2025-09-09 13:51:04,2026-04-01 06:30:00
SCR-0005849,HS-002570,0,21,2026-02-18 13:27:01,2026-04-01 06:30:00
SCR-0005850,HS-002571,0,21,2025-09-20 12:14:51,2026-04-01 06:30:00
SCR-0005851,HS-002571,21,23,2025-10-06 08:28:21,2026-04-01 06:30:00
SCR-0005852,HS-002572,0,20,2025-12-03 02:56:28,2026-04-01 06:30:00
SCR-0005853,HS-002572,20,36,2025-12-05 08:32:40,2026-04-01 06:30:00
SCR-0005854,HS-002573,0,21,2026-01-29 03:21:31,2026-04-01 06:30:00
SCR-0005855,HS-002574,0,15,2025-10-16 12:04:36,2026-04-01 06:30:00
SCR-0005856,HS-002574,15,37,2025-10-21 16:20:03,2026-04-01 06:30:00
SCR-0005857,HS-002575,0,20,2026-02-04 15:26:10,2026-04-01 06:30:00
SCR-0005858,HS-002576,0,13,2026-02-21 21:29:04,2026-04-01 06:30:00
SCR-0005859,HS-002576,13,35,2026-03-08 17:41:33,2026-04-01 06:30:00
SCR-0005860,HS-002577,0,17,2026-02-23 05:44:01,2026-04-01 06:30:00
SCR-0005861,HS-002577,17,39,2026-03-11 07:44:50,2026-04-01 06:30:00
SCR-0005862,HS-002578,0,11,2026-02-05 16:42:16,2026-04-01 06:30:00
SCR-0005863,HS-002578,11,48,2026-02-11 22:48:35,2026-04-01 06:30:00
SCR-0005864,HS-002578,48,82,2026-02-11 23:43:53,2026-04-01 06:30:00
SCR-0005865,HS-002579,0,21,2026-01-30 17:57:59,2026-04-01 06:30:00
SCR-0005866,HS-002579,21,33,2026-02-05 21:11:34,2026-04-01 06:30:00
SCR-0005867,HS-002580,0,10,2025-10-21 16:53:22,2026-04-01 06:30:00
SCR-0005868,HS-002580,10,19,2025-10-27 18:53:15,2026-04-01 06:30:00
SCR-0005869,HS-002581,0,14,2026-01-11 19:19:30,2026-04-01 06:30:00
SCR-0005870,HS-002582,0,5,2026-02-22 01:55:58,2026-04-01 06:30:00
SCR-0005871,HS-002582,5,45,2026-02-26 09:34:26,2026-04-01 06:30:00
SCR-0005872,HS-002582,45,56,2026-02-26 10:16:02,2026-04-01 06:30:00
SCR-0005873,HS-002583,0,11,2025-10-02 10:38:56,2026-04-01 06:30:00
SCR-0005874,HS-002583,11,23,2025-10-15 01:53:02,2026-04-01 06:30:00
SCR-0005875,HS-002584,0,19,2025-12-29 05:40:42,2026-04-01 06:30:00
SCR-0005876,HS-002584,19,42,2026-01-02 08:53:29,2026-04-01 06:30:00
SCR-0005877,HS-002584,42,82,2026-01-02 11:35:16,2026-04-01 06:30:00
SCR-0005878,HS-002585,0,21,2026-03-23 22:21:35,2026-04-01 06:30:00
SCR-0005879,HS-002586,0,6,2026-02-24 04:37:28,2026-04-01 06:30:00
SCR-0005880,HS-002586,6,48,2026-03-04 21:30:45,2026-04-01 06:30:00
SCR-0005881,HS-002586,48,79,2026-03-06 21:59:53,2026-04-01 06:30:00
SCR-0005882,HS-002587,0,10,2026-02-23 08:27:32,2026-04-01 06:30:00
SCR-0005883,HS-002587,10,26,2026-03-02 00:01:05,2026-04-01 06:30:00
SCR-0005884,HS-002588,0,14,2026-02-22 21:32:31,2026-04-01 06:30:00
SCR-0005885,HS-002588,14,42,2026-03-17 13:34:33,2026-04-01 06:30:00
SCR-0005886,HS-002589,0,9,2026-01-05 09:24:49,2026-04-01 06:30:00
SCR-0005887,HS-002589,9,29,2026-01-22 01:20:15,2026-04-01 06:30:00
SCR-0005888,HS-002590,0,10,2026-01-30 18:04:47,2026-04-01 06:30:00
SCR-0005889,HS-002590,10,44,2026-02-15 04:51:30,2026-04-01 06:30:00
SCR-0005890,HS-002591,0,5,2026-01-14 11:34:47,2026-04-01 06:30:00
SCR-0005891,HS-002591,5,44,2026-01-24 09:58:58,2026-04-01 06:30:00
SCR-0005892,HS-002591,44,85,2026-01-25 14:40:29,2026-04-01 06:30:00
SCR-0005893,HS-002592,0,13,2026-01-18 16:27:36,2026-04-01 06:30:00
SCR-0005894,HS-002593,0,9,2025-09-14 00:34:56,2026-04-01 06:30:00
SCR-0005895,HS-002594,0,22,2026-03-08 00:13:45,2026-04-01 06:30:00
SCR-0005896,HS-002594,22,44,2026-03-13 21:52:27,2026-04-01 06:30:00
SCR-0005897,HS-002594,44,51,2026-03-16 09:53:48,2026-04-01 06:30:00
SCR-0005898,HS-002595,0,15,2026-03-16 06:55:36,2026-04-01 06:30:00
SCR-0005899,HS-002595,15,45,2026-03-21 11:01:58,2026-04-01 06:30:00
SCR-0005900,HS-002595,45,64,2026-03-23 09:23:20,2026-04-01 06:30:00
SCR-0005901,HS-002596,0,21,2026-03-13 06:45:20,2026-04-01 06:30:00
SCR-0005902,HS-002596,21,45,2026-03-20 20:58:43,2026-04-01 06:30:00
SCR-0005903,HS-002596,45,76,2026-03-23 14:48:18,2026-04-01 06:30:00
SCR-0005904,HS-002597,0,9,2025-09-30 15:01:29,2026-04-01 06:30:00
SCR-0005905,HS-002597,9,21,2025-10-18 15:20:58,2026-04-01 06:30:00
SCR-0005906,HS-002598,0,10,2025-09-15 14:20:18,2026-04-01 06:30:00
SCR-0005907,HS-002598,10,31,2025-09-16 20:12:36,2026-04-01 06:30:00
SCR-0005908,HS-002599,0,5,2026-03-21 08:16:24,2026-04-01 06:30:00
SCR-0005909,HS-002599,5,40,2026-03-28 03:52:05,2026-04-01 06:30:00
SCR-0005910,HS-002599,40,89,2026-03-29 05:55:22,2026-04-01 06:30:00
SCR-0005911,HS-002600,0,18,2025-11-07 08:22:48,2026-04-01 06:30:00
SCR-0005912,HS-002600,18,41,2025-11-10 05:33:39,2026-04-01 06:30:00
SCR-0005913,HS-002600,41,83,2025-11-12 18:06:25,2026-04-01 06:30:00
SCR-0005914,HS-002601,0,11,2025-10-01 01:28:29,2026-04-01 06:30:00
SCR-0005915,HS-002601,11,15,2025-10-17 08:06:33,2026-04-01 06:30:00
SCR-0005916,HS-002602,0,13,2025-11-11 14:33:52,2026-04-01 06:30:00
SCR-0005917,HS-002602,13,27,2025-11-27 20:55:37,2026-04-01 06:30:00
SCR-0005918,HS-002603,0,5,2025-11-16 16:52:52,2026-04-01 06:30:00
SCR-0005919,HS-002603,5,42,2025-11-22 02:49:16,2026-04-01 06:30:00
SCR-0005920,HS-002603,42,80,2025-11-22 19:18:19,2026-04-01 06:30:00
SCR-0005921,HS-002604,0,9,2026-01-21 19:29:28,2026-04-01 06:30:00
SCR-0005922,HS-002604,9,23,2026-01-23 13:58:01,2026-04-01 06:30:00
SCR-0005923,HS-002605,0,6,2025-09-15 14:37:59,2026-04-01 06:30:00
SCR-0005924,HS-002605,6,47,2025-09-24 14:30:50,2026-04-01 06:30:00
SCR-0005925,HS-002605,47,86,2025-09-27 11:13:10,2026-04-01 06:30:00
SCR-0005926,HS-002606,0,15,2025-11-14 03:41:11,2026-04-01 06:30:00
SCR-0005927,HS-002606,15,44,2025-11-21 04:41:11,2026-04-01 06:30:00
SCR-0005928,HS-002606,44,83,2025-11-21 23:15:12,2026-04-01 06:30:00
SCR-0005929,HS-002607,0,8,2025-11-29 01:48:35,2026-04-01 06:30:00
SCR-0005930,HS-002607,8,35,2025-12-03 07:54:52,2026-04-01 06:30:00
SCR-0005931,HS-002608,0,16,2026-02-26 12:53:03,2026-04-01 06:30:00
SCR-0005932,HS-002608,16,22,2026-03-02 12:51:27,2026-04-01 06:30:00
SCR-0005933,HS-002609,0,20,2026-01-10 03:18:50,2026-04-01 06:30:00
SCR-0005934,HS-002609,20,36,2026-01-17 08:47:15,2026-04-01 06:30:00
SCR-0005935,HS-002610,0,19,2026-03-16 17:31:07,2026-04-01 06:30:00
SCR-0005936,HS-002610,19,31,2026-03-24 12:08:28,2026-04-01 06:30:00
SCR-0005937,HS-002611,0,11,2025-11-25 03:01:29,2026-04-01 06:30:00
SCR-0005938,HS-002611,11,40,2025-12-02 04:28:41,2026-04-01 06:30:00
SCR-0005939,HS-002611,40,56,2025-12-03 20:39:26,2026-04-01 06:30:00
SCR-0005940,HS-002612,0,24,2026-02-08 22:53:50,2026-04-01 06:30:00
SCR-0005941,HS-002612,24,41,2026-02-14 22:17:00,2026-04-01 06:30:00
SCR-0005942,HS-002612,41,86,2026-02-15 16:46:54,2026-04-01 06:30:00
SCR-0005943,HS-002613,0,21,2025-10-08 22:46:10,2026-04-01 06:30:00
SCR-0005944,HS-002613,21,48,2025-10-21 13:53:02,2026-04-01 06:30:00
SCR-0005945,HS-002613,48,90,2025-10-22 18:28:15,2026-04-01 06:30:00
SCR-0005946,HS-002614,0,5,2026-02-21 21:15:53,2026-04-01 06:30:00
SCR-0005947,HS-002614,5,8,2026-03-01 07:35:24,2026-04-01 06:30:00
SCR-0005948,HS-002615,0,21,2025-11-02 11:05:57,2026-04-01 06:30:00
SCR-0005949,HS-002615,21,25,2025-11-20 16:09:43,2026-04-01 06:30:00
SCR-0005950,HS-002616,0,22,2025-12-19 04:41:19,2026-04-01 06:30:00
SCR-0005951,HS-002617,0,21,2025-12-13 20:56:10,2026-04-01 06:30:00
SCR-0005952,HS-002617,21,46,2025-12-21 10:45:10,2026-04-01 06:30:00
SCR-0005953,HS-002617,46,77,2025-12-23 20:42:16,2026-04-01 06:30:00
SCR-0005954,HS-002618,0,11,2026-01-30 02:25:17,2026-04-01 06:30:00
SCR-0005955,HS-002618,11,20,2026-02-07 21:26:35,2026-04-01 06:30:00
SCR-0005956,HS-002619,0,10,2026-01-08 11:20:00,2026-04-01 06:30:00
SCR-0005957,HS-002619,10,38,2026-01-22 23:33:05,2026-04-01 06:30:00
SCR-0005958,HS-002620,0,18,2026-01-28 09:36:08,2026-04-01 06:30:00
SCR-0005959,HS-002620,18,44,2026-02-02 18:04:04,2026-04-01 06:30:00
SCR-0005960,HS-002621,0,9,2025-12-09 16:05:34,2026-04-01 06:30:00
SCR-0005961,HS-002621,9,41,2025-12-13 02:58:30,2026-04-01 06:30:00
SCR-0005962,HS-002621,41,58,2025-12-14 01:08:22,2026-04-01 06:30:00
SCR-0005963,HS-002622,0,9,2026-01-13 08:20:13,2026-04-01 06:30:00
SCR-0005964,HS-002622,9,48,2026-01-27 20:51:16,2026-04-01 06:30:00
SCR-0005965,HS-002623,0,6,2025-08-31 10:48:17,2026-04-01 06:30:00
SCR-0005966,HS-002623,6,48,2025-09-07 13:16:30,2026-04-01 06:30:00
SCR-0005967,HS-002623,48,61,2025-09-09 20:01:07,2026-04-01 06:30:00
SCR-0005968,HS-002624,0,15,2025-12-13 22:21:30,2026-04-01 06:30:00
SCR-0005969,HS-002624,15,22,2026-01-01 01:38:58,2026-04-01 06:30:00
SCR-0005970,HS-002625,0,6,2025-12-24 05:17:04,2026-04-01 06:30:00
SCR-0005971,HS-002625,6,43,2026-01-02 12:04:04,2026-04-01 06:30:00
SCR-0005972,HS-002625,43,81,2026-01-05 07:19:50,2026-04-01 06:30:00
SCR-0005973,HS-002626,0,22,2026-02-17 17:07:41,2026-04-01 06:30:00
SCR-0005974,HS-002626,22,32,2026-02-27 02:39:02,2026-04-01 06:30:00
SCR-0005975,HS-002627,0,18,2025-11-13 02:34:09,2026-04-01 06:30:00
SCR-0005976,HS-002627,18,44,2025-11-20 13:45:36,2026-04-01 06:30:00
SCR-0005977,HS-002627,44,58,2025-11-23 01:44:49,2026-04-01 06:30:00
SCR-0005978,HS-002628,0,23,2026-03-07 22:21:36,2026-04-01 06:30:00
SCR-0005979,HS-002629,0,23,2025-11-08 08:20:08,2026-04-01 06:30:00
SCR-0005980,HS-002629,23,27,2025-11-26 06:44:53,2026-04-01 06:30:00
SCR-0005981,HS-002630,0,20,2025-09-05 11:28:25,2026-04-01 06:30:00
SCR-0005982,HS-002631,0,5,2026-02-26 14:21:28,2026-04-01 06:30:00
SCR-0005983,HS-002631,5,44,2026-03-04 11:34:05,2026-04-01 06:30:00
SCR-0005984,HS-002631,44,59,2026-03-06 04:12:42,2026-04-01 06:30:00
SCR-0005985,HS-002632,0,11,2025-09-12 01:14:05,2026-04-01 06:30:00
SCR-0005986,HS-002632,11,28,2025-09-22 18:06:14,2026-04-01 06:30:00
SCR-0005987,HS-002633,0,5,2025-11-20 06:26:26,2026-04-01 06:30:00
SCR-0005988,HS-002633,5,22,2025-11-29 00:19:52,2026-04-01 06:30:00
SCR-0005989,HS-002634,0,6,2025-12-20 10:32:00,2026-04-01 06:30:00
SCR-0005990,HS-002634,6,40,2025-12-23 08:48:10,2026-04-01 06:30:00
SCR-0005991,HS-002634,40,60,2025-12-24 20:40:00,2026-04-01 06:30:00
SCR-0005992,HS-002635,0,22,2025-09-13 22:19:57,2026-04-01 06:30:00
SCR-0005993,HS-002635,22,31,2025-09-22 03:52:19,2026-04-01 06:30:00
SCR-0005994,HS-002636,0,8,2026-02-27 22:24:32,2026-04-01 06:30:00
SCR-0005995,HS-002636,8,21,2026-03-18 06:06:56,2026-04-01 06:30:00
SCR-0005996,HS-002637,0,18,2026-02-22 18:25:02,2026-04-01 06:30:00
SCR-0005997,HS-002637,18,47,2026-02-24 09:57:05,2026-04-01 06:30:00
SCR-0005998,HS-002637,47,76,2026-02-25 20:56:47,2026-04-01 06:30:00
SCR-0005999,HS-002638,0,14,2025-11-30 15:04:27,2026-04-01 06:30:00
SCR-0006000,HS-002638,14,23,2025-12-16 07:28:13,2026-04-01 06:30:00
SCR-0006001,HS-002639,0,17,2026-01-31 14:59:54,2026-04-01 06:30:00
SCR-0006002,HS-002639,17,27,2026-02-15 07:04:48,2026-04-01 06:30:00
SCR-0006003,HS-002640,0,16,2025-10-26 14:58:50,2026-04-01 06:30:00
SCR-0006004,HS-002640,16,36,2025-11-11 20:22:32,2026-04-01 06:30:00
SCR-0006005,HS-002641,0,7,2025-09-03 11:32:11,2026-04-01 06:30:00
SCR-0006006,HS-002641,7,42,2025-09-13 16:58:31,2026-04-01 06:30:00
SCR-0006007,HS-002641,42,85,2025-09-14 07:59:06,2026-04-01 06:30:00
SCR-0006008,HS-002642,0,8,2025-10-07 15:23:04,2026-04-01 06:30:00
SCR-0006009,HS-002642,8,11,2025-10-25 01:45:19,2026-04-01 06:30:00
SCR-0006010,HS-002643,0,11,2025-09-27 22:02:30,2026-04-01 06:30:00
SCR-0006011,HS-002643,11,40,2025-10-02 05:44:09,2026-04-01 06:30:00
SCR-0006012,HS-002643,40,60,2025-10-03 20:30:34,2026-04-01 06:30:00
SCR-0006013,HS-002644,0,18,2025-09-16 01:09:43,2026-04-01 06:30:00
SCR-0006014,HS-002644,18,48,2025-09-18 17:44:29,2026-04-01 06:30:00
SCR-0006015,HS-002645,0,15,2026-02-25 03:04:25,2026-04-01 06:30:00
SCR-0006016,HS-002646,0,22,2025-10-13 12:11:55,2026-04-01 06:30:00
SCR-0006017,HS-002647,0,6,2025-12-01 18:16:24,2026-04-01 06:30:00
SCR-0006018,HS-002647,6,41,2025-12-10 10:31:52,2026-04-01 06:30:00
SCR-0006019,HS-002647,41,77,2025-12-12 16:03:25,2026-04-01 06:30:00
SCR-0006020,HS-002648,0,23,2025-11-04 23:48:58,2026-04-01 06:30:00
SCR-0006021,HS-002648,23,48,2025-11-08 17:07:22,2026-04-01 06:30:00
SCR-0006022,HS-002648,48,57,2025-11-09 03:10:47,2026-04-01 06:30:00
SCR-0006023,HS-002649,0,22,2026-03-25 08:03:17,2026-04-01 06:30:00
SCR-0006024,HS-002649,22,39,2026-03-28 16:59:58,2026-04-01 06:30:00
SCR-0006025,HS-002650,0,16,2026-02-06 04:53:10,2026-04-01 06:30:00
SCR-0006026,HS-002650,16,19,2026-02-07 05:43:42,2026-04-01 06:30:00
SCR-0006027,HS-002651,0,18,2025-09-30 06:23:38,2026-04-01 06:30:00
SCR-0006028,HS-002651,18,39,2025-10-06 07:35:41,2026-04-01 06:30:00
SCR-0006029,HS-002652,0,13,2025-09-04 15:16:20,2026-04-01 06:30:00
SCR-0006030,HS-002652,13,34,2025-09-06 17:49:41,2026-04-01 06:30:00
SCR-0006031,HS-002653,0,15,2026-02-10 07:09:19,2026-04-01 06:30:00
SCR-0006032,HS-002653,15,46,2026-02-18 08:04:58,2026-04-01 06:30:00
SCR-0006033,HS-002653,46,75,2026-02-19 03:18:41,2026-04-01 06:30:00
SCR-0006034,HS-002654,0,11,2025-12-07 04:22:54,2026-04-01 06:30:00
SCR-0006035,HS-002654,11,36,2025-12-17 06:05:19,2026-04-01 06:30:00
SCR-0006036,HS-002655,0,24,2026-03-15 07:10:01,2026-04-01 06:30:00
SCR-0006037,HS-002655,24,45,2026-03-20 20:01:03,2026-04-01 06:30:00
SCR-0006038,HS-002655,45,73,2026-03-22 13:28:10,2026-04-01 06:30:00
SCR-0006039,HS-002656,0,14,2026-02-18 00:32:52,2026-04-01 06:30:00
SCR-0006040,HS-002656,14,38,2026-03-07 00:06:35,2026-04-01 06:30:00
SCR-0006041,HS-002657,0,10,2025-10-15 01:08:16,2026-04-01 06:30:00
SCR-0006042,HS-002657,10,38,2025-10-23 06:16:55,2026-04-01 06:30:00
SCR-0006043,HS-002658,0,24,2025-10-29 01:07:38,2026-04-01 06:30:00
SCR-0006044,HS-002659,0,10,2025-11-19 02:28:43,2026-04-01 06:30:00
SCR-0006045,HS-002659,10,22,2025-12-07 18:09:50,2026-04-01 06:30:00
SCR-0006046,HS-002660,0,7,2025-10-11 09:39:22,2026-04-01 06:30:00
SCR-0006047,HS-002661,0,10,2025-12-22 15:54:32,2026-04-01 06:30:00
SCR-0006048,HS-002662,0,15,2025-11-08 01:27:27,2026-04-01 06:30:00
SCR-0006049,HS-002663,0,12,2025-11-27 14:44:42,2026-04-01 06:30:00
SCR-0006050,HS-002663,12,32,2025-12-14 09:52:38,2026-04-01 06:30:00
SCR-0006051,HS-002664,0,13,2025-11-14 17:42:50,2026-04-01 06:30:00
SCR-0006052,HS-002664,13,48,2025-11-28 23:27:10,2026-04-01 06:30:00
SCR-0006053,HS-002664,48,71,2025-11-29 23:04:41,2026-04-01 06:30:00
SCR-0006054,HS-002665,0,12,2025-12-25 07:18:11,2026-04-01 06:30:00
SCR-0006055,HS-002666,0,20,2026-02-28 03:19:05,2026-04-01 06:30:00
SCR-0006056,HS-002666,20,46,2026-03-05 12:37:45,2026-04-01 06:30:00
SCR-0006057,HS-002667,0,17,2025-08-24 10:25:28,2026-04-01 06:30:00
SCR-0006058,HS-002667,17,42,2025-08-30 14:19:10,2026-04-01 06:30:00
SCR-0006059,HS-002667,42,88,2025-09-01 01:53:19,2026-04-01 06:30:00
SCR-0006060,HS-002668,0,9,2026-03-12 03:55:23,2026-04-01 06:30:00
SCR-0006061,HS-002668,9,40,2026-03-20 22:37:04,2026-04-01 06:30:00
SCR-0006062,HS-002668,40,50,2026-03-21 02:46:37,2026-04-01 06:30:00
SCR-0006063,HS-002669,0,20,2025-11-17 12:54:29,2026-04-01 06:30:00
SCR-0006064,HS-002669,20,47,2025-11-22 09:55:30,2026-04-01 06:30:00
SCR-0006065,HS-002669,47,51,2025-11-23 21:45:14,2026-04-01 06:30:00
SCR-0006066,HS-002670,0,5,2025-10-23 22:24:30,2026-04-01 06:30:00
SCR-0006067,HS-002670,5,43,2025-10-29 02:58:50,2026-04-01 06:30:00
SCR-0006068,HS-002670,43,89,2025-10-29 12:34:52,2026-04-01 06:30:00
SCR-0006069,HS-002671,0,7,2025-11-02 21:34:32,2026-04-01 06:30:00
SCR-0006070,HS-002671,7,17,2025-11-17 08:11:32,2026-04-01 06:30:00
SCR-0006071,HS-002672,0,17,2025-09-04 13:24:13,2026-04-01 06:30:00
SCR-0006072,HS-002672,17,41,2025-09-07 08:12:15,2026-04-01 06:30:00
SCR-0006073,HS-002672,41,51,2025-09-09 22:58:06,2026-04-01 06:30:00
SCR-0006074,HS-002673,0,18,2026-03-03 13:35:19,2026-04-01 06:30:00
SCR-0006075,HS-002674,0,5,2025-09-11 22:49:06,2026-04-01 06:30:00
SCR-0006076,HS-002674,5,26,2025-09-13 00:19:16,2026-04-01 06:30:00
SCR-0006077,HS-002675,0,19,2026-03-06 15:52:54,2026-04-01 06:30:00
SCR-0006078,HS-002675,19,48,2026-03-23 00:45:58,2026-04-01 06:30:00
SCR-0006079,HS-002675,48,72,2026-03-23 07:45:31,2026-04-01 06:30:00
SCR-0006080,HS-002676,0,16,2025-11-22 18:25:14,2026-04-01 06:30:00
SCR-0006081,HS-002676,16,36,2025-12-03 22:49:51,2026-04-01 06:30:00
SCR-0006082,HS-002677,0,17,2026-01-01 18:13:41,2026-04-01 06:30:00
SCR-0006083,HS-002677,17,41,2026-01-07 17:49:54,2026-04-01 06:30:00
SCR-0006084,HS-002677,41,72,2026-01-08 21:46:58,2026-04-01 06:30:00
SCR-0006085,HS-002678,0,13,2025-10-21 03:25:30,2026-04-01 06:30:00
SCR-0006086,HS-002678,13,24,2025-10-29 16:34:14,2026-04-01 06:30:00
SCR-0006087,HS-002679,0,8,2025-09-29 13:19:37,2026-04-01 06:30:00
SCR-0006088,HS-002679,8,33,2025-10-11 04:15:21,2026-04-01 06:30:00
SCR-0006089,HS-002680,0,6,2025-12-11 03:08:34,2026-04-01 06:30:00
SCR-0006090,HS-002680,6,41,2025-12-17 20:24:29,2026-04-01 06:30:00
SCR-0006091,HS-002680,41,81,2025-12-20 17:15:37,2026-04-01 06:30:00
SCR-0006092,HS-002681,0,13,2026-03-25 10:59:36,2026-04-01 06:30:00
SCR-0006093,HS-002681,13,43,2026-03-27 14:15:34,2026-04-01 06:30:00
SCR-0006094,HS-002681,43,81,2026-03-28 14:33:40,2026-04-01 06:30:00
SCR-0006095,HS-002682,0,5,2025-09-13 21:20:30,2026-04-01 06:30:00
SCR-0006096,HS-002682,5,42,2025-09-24 06:21:21,2026-04-01 06:30:00
SCR-0006097,HS-002682,42,73,2025-09-26 21:37:42,2026-04-01 06:30:00
SCR-0006098,HS-002683,0,11,2026-03-05 22:09:52,2026-04-01 06:30:00
SCR-0006099,HS-002683,11,23,2026-03-24 20:45:05,2026-04-01 06:30:00
SCR-0006100,HS-002684,0,20,2025-12-19 08:11:20,2026-04-01 06:30:00
SCR-0006101,HS-002684,20,45,2025-12-26 04:31:45,2026-04-01 06:30:00
SCR-0006102,HS-002684,45,79,2025-12-28 23:37:40,2026-04-01 06:30:00
SCR-0006103,HS-002685,0,15,2026-02-14 17:48:01,2026-04-01 06:30:00
SCR-0006104,HS-002685,15,43,2026-02-21 11:23:58,2026-04-01 06:30:00
SCR-0006105,HS-002685,43,84,2026-02-23 10:13:22,2026-04-01 06:30:00
SCR-0006106,HS-002686,0,22,2025-11-13 04:48:44,2026-04-01 06:30:00
SCR-0006107,HS-002687,0,16,2025-12-02 08:24:48,2026-04-01 06:30:00
SCR-0006108,HS-002687,16,45,2025-12-05 06:58:47,2026-04-01 06:30:00
SCR-0006109,HS-002687,45,65,2025-12-05 10:48:55,2026-04-01 06:30:00
SCR-0006110,HS-002688,0,5,2025-10-10 11:11:31,2026-04-01 06:30:00
SCR-0006111,HS-002688,5,18,2025-10-26 23:20:36,2026-04-01 06:30:00
SCR-0006112,HS-002689,0,8,2026-01-15 07:17:26,2026-04-01 06:30:00
SCR-0006113,HS-002689,8,37,2026-01-23 02:46:45,2026-04-01 06:30:00
SCR-0006114,HS-002690,0,7,2025-10-04 07:54:09,2026-04-01 06:30:00
SCR-0006115,HS-002690,7,31,2025-10-07 13:44:55,2026-04-01 06:30:00
SCR-0006116,HS-002691,0,19,2025-09-17 05:55:58,2026-04-01 06:30:00
SCR-0006117,HS-002691,19,46,2025-09-20 10:42:25,2026-04-01 06:30:00
SCR-0006118,HS-002691,46,62,2025-09-22 00:29:00,2026-04-01 06:30:00
SCR-0006119,HS-002692,0,6,2026-02-21 22:20:48,2026-04-01 06:30:00
SCR-0006120,HS-002692,6,42,2026-02-24 18:42:16,2026-04-01 06:30:00
SCR-0006121,HS-002692,42,68,2026-02-26 00:23:29,2026-04-01 06:30:00
SCR-0006122,HS-002693,0,10,2026-02-23 08:25:58,2026-04-01 06:30:00
SCR-0006123,HS-002693,10,20,2026-03-07 22:04:06,2026-04-01 06:30:00
SCR-0006124,HS-002694,0,16,2026-01-12 23:40:01,2026-04-01 06:30:00
SCR-0006125,HS-002694,16,42,2026-01-15 01:20:04,2026-04-01 06:30:00
SCR-0006126,HS-002694,42,72,2026-01-16 18:53:06,2026-04-01 06:30:00
SCR-0006127,HS-002695,0,12,2026-03-06 03:23:50,2026-04-01 06:30:00
SCR-0006128,HS-002695,12,26,2026-03-13 15:07:05,2026-04-01 06:30:00
SCR-0006129,HS-002696,0,9,2025-10-19 17:25:53,2026-04-01 06:30:00
SCR-0006130,HS-002696,9,41,2025-10-27 03:28:39,2026-04-01 06:30:00
SCR-0006131,HS-002696,41,87,2025-10-27 15:05:17,2026-04-01 06:30:00
SCR-0006132,HS-002697,0,7,2026-01-10 06:06:18,2026-04-01 06:30:00
SCR-0006133,HS-002697,7,40,2026-01-17 12:17:28,2026-04-01 06:30:00
SCR-0006134,HS-002697,40,63,2026-01-19 03:51:08,2026-04-01 06:30:00
SCR-0006135,HS-002698,0,7,2025-10-29 03:58:42,2026-04-01 06:30:00
SCR-0006136,HS-002698,7,25,2025-11-05 05:03:58,2026-04-01 06:30:00
SCR-0006137,HS-002699,0,23,2025-10-22 12:09:40,2026-04-01 06:30:00
SCR-0006138,HS-002700,0,20,2025-09-07 05:07:44,2026-04-01 06:30:00
SCR-0006139,HS-002700,20,42,2025-09-15 10:44:14,2026-04-01 06:30:00
SCR-0006140,HS-002700,42,84,2025-09-17 21:57:24,2026-04-01 06:30:00
SCR-0006141,HS-002701,0,11,2025-09-23 12:42:54,2026-04-01 06:30:00
SCR-0006142,HS-002701,11,26,2025-10-13 04:28:12,2026-04-01 06:30:00
SCR-0006143,HS-002702,0,23,2026-01-25 05:16:46,2026-04-01 06:30:00
SCR-0006144,HS-002703,0,9,2025-11-12 18:52:40,2026-04-01 06:30:00
SCR-0006145,HS-002703,9,35,2025-11-20 07:00:32,2026-04-01 06:30:00
SCR-0006146,HS-002704,0,12,2026-01-11 02:16:36,2026-04-01 06:30:00
SCR-0006147,HS-002704,12,46,2026-01-20 20:36:50,2026-04-01 06:30:00
SCR-0006148,HS-002704,46,78,2026-01-21 17:59:51,2026-04-01 06:30:00
SCR-0006149,HS-002705,0,19,2026-02-14 09:06:23,2026-04-01 06:30:00
SCR-0006150,HS-002705,19,26,2026-02-22 12:33:27,2026-04-01 06:30:00
SCR-0006151,HS-002706,0,14,2026-03-24 03:38:00,2026-04-01 06:30:00
SCR-0006152,HS-002706,14,38,2026-04-06 13:42:35,2026-04-01 06:30:00
SCR-0006153,HS-002707,0,23,2026-01-17 11:15:02,2026-04-01 06:30:00
SCR-0006154,HS-002707,23,43,2026-01-22 06:17:45,2026-04-01 06:30:00
SCR-0006155,HS-002707,43,83,2026-01-23 12:07:43,2026-04-01 06:30:00
SCR-0006156,HS-002708,0,23,2025-09-18 02:33:29,2026-04-01 06:30:00
SCR-0006157,HS-002708,23,44,2025-09-23 07:06:00,2026-04-01 06:30:00
SCR-0006158,HS-002708,44,61,2025-09-26 02:04:04,2026-04-01 06:30:00
SCR-0006159,HS-002709,0,24,2025-09-12 15:19:09,2026-04-01 06:30:00
SCR-0006160,HS-002709,24,47,2025-09-21 06:51:36,2026-04-01 06:30:00
SCR-0006161,HS-002709,47,58,2025-09-21 20:13:54,2026-04-01 06:30:00
SCR-0006162,HS-002710,0,7,2025-10-29 19:34:19,2026-04-01 06:30:00
SCR-0006163,HS-002710,7,41,2025-11-07 08:02:39,2026-04-01 06:30:00
SCR-0006164,HS-002711,0,17,2026-02-28 22:32:32,2026-04-01 06:30:00
SCR-0006165,HS-002711,17,41,2026-03-12 04:32:11,2026-04-01 06:30:00
SCR-0006166,HS-002711,41,52,2026-03-12 07:46:40,2026-04-01 06:30:00
SCR-0006167,HS-002712,0,5,2026-01-03 21:40:42,2026-04-01 06:30:00
SCR-0006168,HS-002712,5,27,2026-01-05 08:27:10,2026-04-01 06:30:00
SCR-0006169,HS-002713,0,16,2025-12-20 08:53:34,2026-04-01 06:30:00
SCR-0006170,HS-002713,16,40,2025-12-26 15:16:27,2026-04-01 06:30:00
SCR-0006171,HS-002713,40,68,2025-12-27 12:26:42,2026-04-01 06:30:00
SCR-0006172,HS-002714,0,19,2025-09-09 13:28:13,2026-04-01 06:30:00
SCR-0006173,HS-002714,19,34,2025-09-28 02:48:27,2026-04-01 06:30:00
SCR-0006174,HS-002715,0,12,2025-12-04 11:59:28,2026-04-01 06:30:00
SCR-0006175,HS-002715,12,42,2025-12-16 08:17:47,2026-04-01 06:30:00
SCR-0006176,HS-002715,42,85,2025-12-17 04:58:41,2026-04-01 06:30:00
SCR-0006177,HS-002716,0,6,2025-10-15 05:29:27,2026-04-01 06:30:00
SCR-0006178,HS-002716,6,46,2025-10-18 00:57:14,2026-04-01 06:30:00
SCR-0006179,HS-002716,46,72,2025-10-18 03:55:39,2026-04-01 06:30:00
SCR-0006180,HS-002717,0,17,2026-03-23 02:08:35,2026-04-01 06:30:00
SCR-0006181,HS-002718,0,7,2025-11-20 08:43:27,2026-04-01 06:30:00
SCR-0006182,HS-002718,7,41,2025-12-05 06:21:52,2026-04-01 06:30:00
SCR-0006183,HS-002719,0,14,2025-12-14 15:28:33,2026-04-01 06:30:00
SCR-0006184,HS-002719,14,20,2026-01-03 10:55:10,2026-04-01 06:30:00
SCR-0006185,HS-002720,0,24,2026-02-22 16:55:43,2026-04-01 06:30:00
SCR-0006186,HS-002721,0,7,2025-11-02 03:15:01,2026-04-01 06:30:00
SCR-0006187,HS-002721,7,15,2025-11-17 23:15:33,2026-04-01 06:30:00
SCR-0006188,HS-002722,0,7,2026-03-24 07:19:51,2026-04-01 06:30:00
SCR-0006189,HS-002722,7,27,2026-03-30 16:28:51,2026-04-01 06:30:00
SCR-0006190,HS-002723,0,5,2026-03-22 18:02:27,2026-04-01 06:30:00
SCR-0006191,HS-002723,5,21,2026-04-05 13:43:25,2026-04-01 06:30:00
SCR-0006192,HS-002724,0,10,2025-12-09 02:26:55,2026-04-01 06:30:00
SCR-0006193,HS-002724,10,30,2025-12-21 14:46:36,2026-04-01 06:30:00
SCR-0006194,HS-002725,0,21,2026-01-12 12:20:08,2026-04-01 06:30:00
SCR-0006195,HS-002725,21,46,2026-01-21 04:53:55,2026-04-01 06:30:00
SCR-0006196,HS-002725,46,65,2026-01-24 03:12:58,2026-04-01 06:30:00
SCR-0006197,HS-002726,0,14,2025-12-10 12:38:56,2026-04-01 06:30:00
SCR-0006198,HS-002726,14,46,2025-12-15 22:41:12,2026-04-01 06:30:00
SCR-0006199,HS-002726,46,64,2025-12-17 05:20:55,2026-04-01 06:30:00
SCR-0006200,HS-002727,0,21,2026-01-04 13:26:14,2026-04-01 06:30:00
SCR-0006201,HS-002727,21,42,2026-01-11 00:09:09,2026-04-01 06:30:00
SCR-0006202,HS-002727,42,70,2026-01-12 23:25:02,2026-04-01 06:30:00
SCR-0006203,HS-002728,0,19,2026-02-25 01:36:24,2026-04-01 06:30:00
SCR-0006204,HS-002728,19,31,2026-03-06 13:33:50,2026-04-01 06:30:00
SCR-0006205,HS-002729,0,21,2026-03-25 23:35:02,2026-04-01 06:30:00
SCR-0006206,HS-002729,21,30,2026-04-03 12:06:30,2026-04-01 06:30:00
SCR-0006207,HS-002730,0,10,2025-11-01 01:41:52,2026-04-01 06:30:00
SCR-0006208,HS-002730,10,42,2025-11-13 13:11:02,2026-04-01 06:30:00
SCR-0006209,HS-002730,42,73,2025-11-14 15:33:29,2026-04-01 06:30:00
SCR-0006210,HS-002731,0,11,2025-11-10 13:09:06,2026-04-01 06:30:00
SCR-0006211,HS-002731,11,34,2025-11-29 15:15:11,2026-04-01 06:30:00
SCR-0006212,HS-002732,0,24,2026-02-20 19:40:47,2026-04-01 06:30:00
SCR-0006213,HS-002732,24,47,2026-02-27 22:56:37,2026-04-01 06:30:00
SCR-0006214,HS-002732,47,69,2026-03-01 03:56:23,2026-04-01 06:30:00
SCR-0006215,HS-002733,0,21,2025-09-27 06:58:25,2026-04-01 06:30:00
SCR-0006216,HS-002733,21,43,2025-09-30 16:59:07,2026-04-01 06:30:00
SCR-0006217,HS-002733,43,70,2025-10-03 01:30:25,2026-04-01 06:30:00
SCR-0006218,HS-002734,0,20,2026-02-07 14:42:12,2026-04-01 06:30:00
SCR-0006219,HS-002734,20,43,2026-02-13 08:44:17,2026-04-01 06:30:00
SCR-0006220,HS-002735,0,13,2025-09-26 01:53:08,2026-04-01 06:30:00
SCR-0006221,HS-002735,13,44,2025-10-01 12:23:00,2026-04-01 06:30:00
SCR-0006222,HS-002735,44,50,2025-10-03 15:13:29,2026-04-01 06:30:00
SCR-0006223,HS-002736,0,18,2025-09-03 05:47:21,2026-04-01 06:30:00
SCR-0006224,HS-002737,0,16,2025-09-11 21:38:48,2026-04-01 06:30:00
SCR-0006225,HS-002738,0,14,2025-11-07 06:52:05,2026-04-01 06:30:00
SCR-0006226,HS-002738,14,24,2025-11-09 11:00:28,2026-04-01 06:30:00
SCR-0006227,HS-002739,0,16,2025-11-11 15:49:33,2026-04-01 06:30:00
SCR-0006228,HS-002740,0,8,2026-01-08 15:01:08,2026-04-01 06:30:00
SCR-0006229,HS-002740,8,48,2026-01-17 15:54:13,2026-04-01 06:30:00
SCR-0006230,HS-002740,48,70,2026-01-19 16:10:14,2026-04-01 06:30:00
SCR-0006231,HS-002741,0,18,2025-10-09 13:50:40,2026-04-01 06:30:00
SCR-0006232,HS-002741,18,40,2025-10-17 04:36:34,2026-04-01 06:30:00
SCR-0006233,HS-002741,40,87,2025-10-19 13:22:50,2026-04-01 06:30:00
SCR-0006234,HS-002742,0,24,2025-12-20 22:49:17,2026-04-01 06:30:00
SCR-0006235,HS-002743,0,20,2025-12-29 20:33:44,2026-04-01 06:30:00
SCR-0006236,HS-002743,20,42,2026-01-09 22:48:57,2026-04-01 06:30:00
SCR-0006237,HS-002743,42,66,2026-01-12 12:39:19,2026-04-01 06:30:00
SCR-0006238,HS-002744,0,10,2025-09-22 03:16:43,2026-04-01 06:30:00
SCR-0006239,HS-002744,10,43,2025-10-03 04:00:29,2026-04-01 06:30:00
SCR-0006240,HS-002744,43,57,2025-10-03 14:30:18,2026-04-01 06:30:00
SCR-0006241,HS-002745,0,6,2025-10-05 21:30:14,2026-04-01 06:30:00
SCR-0006242,HS-002745,6,48,2025-10-10 06:59:41,2026-04-01 06:30:00
SCR-0006243,HS-002745,48,72,2025-10-12 11:49:05,2026-04-01 06:30:00
SCR-0006244,HS-002746,0,19,2026-03-07 19:01:10,2026-04-01 06:30:00
SCR-0006245,HS-002746,19,41,2026-03-14 19:18:50,2026-04-01 06:30:00
SCR-0006246,HS-002746,41,72,2026-03-17 07:08:22,2026-04-01 06:30:00
SCR-0006247,HS-002747,0,5,2025-11-17 00:22:49,2026-04-01 06:30:00
SCR-0006248,HS-002747,5,45,2025-11-28 10:30:33,2026-04-01 06:30:00
SCR-0006249,HS-002747,45,62,2025-11-30 01:52:06,2026-04-01 06:30:00
SCR-0006250,HS-002748,0,15,2025-11-08 09:57:14,2026-04-01 06:30:00
SCR-0006251,HS-002748,15,41,2025-11-18 04:23:43,2026-04-01 06:30:00
SCR-0006252,HS-002749,0,23,2025-11-07 23:08:37,2026-04-01 06:30:00
SCR-0006253,HS-002750,0,22,2026-03-11 17:44:30,2026-04-01 06:30:00
SCR-0006254,HS-002750,22,46,2026-03-18 20:59:40,2026-04-01 06:30:00
SCR-0006255,HS-002750,46,76,2026-03-18 23:40:35,2026-04-01 06:30:00
SCR-0006256,HS-002751,0,15,2025-11-24 03:06:07,2026-04-01 06:30:00
SCR-0006257,HS-002751,15,17,2025-12-05 08:32:18,2026-04-01 06:30:00
SCR-0006258,HS-002752,0,11,2026-03-19 01:37:07,2026-04-01 06:30:00
SCR-0006259,HS-002752,11,47,2026-03-26 02:54:52,2026-04-01 06:30:00
SCR-0006260,HS-002753,0,16,2026-02-03 04:01:24,2026-04-01 06:30:00
SCR-0006261,HS-002753,16,27,2026-02-18 16:58:05,2026-04-01 06:30:00
SCR-0006262,HS-002754,0,5,2026-03-04 07:37:38,2026-04-01 06:30:00
SCR-0006263,HS-002754,5,20,2026-03-16 20:29:49,2026-04-01 06:30:00
SCR-0006264,HS-002755,0,18,2025-12-22 10:10:15,2026-04-01 06:30:00
SCR-0006265,HS-002756,0,11,2025-10-01 20:57:07,2026-04-01 06:30:00
SCR-0006266,HS-002756,11,15,2025-10-19 20:08:58,2026-04-01 06:30:00
SCR-0006267,HS-002757,0,24,2026-01-07 04:19:11,2026-04-01 06:30:00
SCR-0006268,HS-002757,24,36,2026-01-20 04:35:16,2026-04-01 06:30:00
SCR-0006269,HS-002758,0,5,2025-10-29 00:47:32,2026-04-01 06:30:00
SCR-0006270,HS-002758,5,11,2025-11-07 19:10:31,2026-04-01 06:30:00
SCR-0006271,HS-002759,0,15,2025-12-25 09:48:23,2026-04-01 06:30:00
SCR-0006272,HS-002759,15,31,2026-01-08 06:14:22,2026-04-01 06:30:00
SCR-0006273,HS-002760,0,9,2025-10-19 04:32:32,2026-04-01 06:30:00
SCR-0006274,HS-002760,9,27,2025-11-03 13:19:06,2026-04-01 06:30:00
SCR-0006275,HS-002761,0,8,2025-08-29 15:42:25,2026-04-01 06:30:00
SCR-0006276,HS-002761,8,45,2025-09-06 11:33:20,2026-04-01 06:30:00
SCR-0006277,HS-002761,45,59,2025-09-07 21:42:34,2026-04-01 06:30:00
SCR-0006278,HS-002762,0,9,2025-09-10 18:52:09,2026-04-01 06:30:00
SCR-0006279,HS-002762,9,24,2025-09-12 02:48:51,2026-04-01 06:30:00
SCR-0006280,HS-002763,0,23,2026-02-20 05:00:03,2026-04-01 06:30:00
SCR-0006281,HS-002764,0,6,2026-02-27 09:03:03,2026-04-01 06:30:00
SCR-0006282,HS-002764,6,21,2026-03-13 04:12:37,2026-04-01 06:30:00
SCR-0006283,HS-002765,0,18,2026-01-20 17:08:23,2026-04-01 06:30:00
SCR-0006284,HS-002766,0,11,2025-11-17 07:05:42,2026-04-01 06:30:00
SCR-0006285,HS-002766,11,33,2025-11-21 09:06:23,2026-04-01 06:30:00
SCR-0006286,HS-002767,0,21,2026-02-11 00:34:58,2026-04-01 06:30:00
SCR-0006287,HS-002767,21,41,2026-02-15 12:00:37,2026-04-01 06:30:00
SCR-0006288,HS-002768,0,8,2025-09-10 22:32:29,2026-04-01 06:30:00
SCR-0006289,HS-002768,8,41,2025-09-16 14:50:19,2026-04-01 06:30:00
SCR-0006290,HS-002769,0,7,2026-03-02 05:07:49,2026-04-01 06:30:00
SCR-0006291,HS-002769,7,45,2026-03-06 01:51:03,2026-04-01 06:30:00
SCR-0006292,HS-002769,45,62,2026-03-08 00:41:21,2026-04-01 06:30:00
SCR-0006293,HS-002770,0,7,2025-11-16 11:34:14,2026-04-01 06:30:00
SCR-0006294,HS-002770,7,45,2025-11-19 01:45:58,2026-04-01 06:30:00
SCR-0006295,HS-002770,45,80,2025-11-20 11:57:55,2026-04-01 06:30:00
SCR-0006296,HS-002771,0,11,2025-12-22 04:47:48,2026-04-01 06:30:00
SCR-0006297,HS-002771,11,47,2025-12-27 01:26:15,2026-04-01 06:30:00
SCR-0006298,HS-002771,47,59,2025-12-28 09:56:55,2026-04-01 06:30:00
SCR-0006299,HS-002772,0,16,2025-11-16 07:18:46,2026-04-01 06:30:00
SCR-0006300,HS-002773,0,20,2026-01-20 17:09:20,2026-04-01 06:30:00
SCR-0006301,HS-002774,0,11,2026-02-23 18:23:54,2026-04-01 06:30:00
SCR-0006302,HS-002775,0,10,2026-01-03 18:14:37,2026-04-01 06:30:00
SCR-0006303,HS-002776,0,5,2026-01-18 20:29:53,2026-04-01 06:30:00
SCR-0006304,HS-002776,5,21,2026-01-29 02:05:01,2026-04-01 06:30:00
SCR-0006305,HS-002777,0,21,2025-09-25 21:24:25,2026-04-01 06:30:00
SCR-0006306,HS-002778,0,14,2025-09-13 05:27:50,2026-04-01 06:30:00
SCR-0006307,HS-002778,14,44,2025-09-27 10:55:32,2026-04-01 06:30:00
SCR-0006308,HS-002778,44,55,2025-09-30 10:09:15,2026-04-01 06:30:00
SCR-0006309,HS-002779,0,22,2025-12-19 22:17:41,2026-04-01 06:30:00
SCR-0006310,HS-002779,22,48,2025-12-26 04:24:07,2026-04-01 06:30:00
SCR-0006311,HS-002780,0,24,2026-01-17 12:05:58,2026-04-01 06:30:00
SCR-0006312,HS-002780,24,43,2026-01-20 05:01:29,2026-04-01 06:30:00
SCR-0006313,HS-002780,43,60,2026-01-21 02:24:41,2026-04-01 06:30:00
SCR-0006314,HS-002781,0,11,2025-11-18 03:45:26,2026-04-01 06:30:00
SCR-0006315,HS-002781,11,48,2025-11-24 03:30:12,2026-04-01 06:30:00
SCR-0006316,HS-002781,48,57,2025-11-26 18:58:08,2026-04-01 06:30:00
SCR-0006317,HS-002782,0,9,2025-11-14 22:19:39,2026-04-01 06:30:00
SCR-0006318,HS-002782,9,20,2025-11-18 12:34:18,2026-04-01 06:30:00
SCR-0006319,HS-002783,0,9,2025-11-17 04:28:09,2026-04-01 06:30:00
SCR-0006320,HS-002783,9,46,2025-11-23 12:11:45,2026-04-01 06:30:00
SCR-0006321,HS-002783,46,70,2025-11-23 18:13:36,2026-04-01 06:30:00
SCR-0006322,HS-002784,0,6,2026-03-14 08:12:21,2026-04-01 06:30:00
SCR-0006323,HS-002784,6,24,2026-03-19 05:11:36,2026-04-01 06:30:00
SCR-0006324,HS-002785,0,14,2025-10-26 13:30:35,2026-04-01 06:30:00
SCR-0006325,HS-002785,14,42,2025-11-04 01:46:52,2026-04-01 06:30:00
SCR-0006326,HS-002785,42,61,2025-11-06 18:01:45,2026-04-01 06:30:00
SCR-0006327,HS-002786,0,6,2025-11-21 12:16:48,2026-04-01 06:30:00
SCR-0006328,HS-002786,6,29,2025-12-06 23:20:50,2026-04-01 06:30:00
SCR-0006329,HS-002787,0,17,2026-01-07 04:18:31,2026-04-01 06:30:00
SCR-0006330,HS-002787,17,47,2026-01-16 11:58:49,2026-04-01 06:30:00
SCR-0006331,HS-002787,47,83,2026-01-18 01:58:39,2026-04-01 06:30:00
SCR-0006332,HS-002788,0,23,2025-09-12 11:09:01,2026-04-01 06:30:00
SCR-0006333,HS-002788,23,38,2025-09-26 16:14:16,2026-04-01 06:30:00
SCR-0006334,HS-002789,0,13,2025-12-15 22:19:53,2026-04-01 06:30:00
SCR-0006335,HS-002789,13,29,2026-01-04 09:24:25,2026-04-01 06:30:00
SCR-0006336,HS-002790,0,5,2025-11-01 14:01:05,2026-04-01 06:30:00
SCR-0006337,HS-002790,5,7,2025-11-07 17:08:54,2026-04-01 06:30:00
SCR-0006338,HS-002791,0,12,2025-09-26 11:35:40,2026-04-01 06:30:00
SCR-0006339,HS-002791,12,13,2025-10-06 03:02:25,2026-04-01 06:30:00
SCR-0006340,HS-002792,0,23,2026-01-04 22:17:30,2026-04-01 06:30:00
SCR-0006341,HS-002792,23,39,2026-01-10 01:08:32,2026-04-01 06:30:00
SCR-0006342,HS-002793,0,6,2026-03-03 22:23:35,2026-04-01 06:30:00
SCR-0006343,HS-002793,6,31,2026-03-13 01:04:37,2026-04-01 06:30:00
SCR-0006344,HS-002794,0,19,2025-09-12 14:24:10,2026-04-01 06:30:00
SCR-0006345,HS-002794,19,40,2025-09-16 12:59:57,2026-04-01 06:30:00
SCR-0006346,HS-002794,40,61,2025-09-16 14:40:44,2026-04-01 06:30:00
SCR-0006347,HS-002795,0,9,2025-12-08 09:09:51,2026-04-01 06:30:00
SCR-0006348,HS-002795,9,18,2025-12-26 13:02:03,2026-04-01 06:30:00
SCR-0006349,HS-002796,0,13,2025-11-03 10:21:27,2026-04-01 06:30:00
SCR-0006350,HS-002796,13,42,2025-11-05 19:50:16,2026-04-01 06:30:00
SCR-0006351,HS-002797,0,9,2026-03-06 00:10:24,2026-04-01 06:30:00
SCR-0006352,HS-002797,9,46,2026-03-28 03:24:14,2026-04-01 06:30:00
SCR-0006353,HS-002797,46,88,2026-03-30 10:17:06,2026-04-01 06:30:00
SCR-0006354,HS-002798,0,15,2026-02-21 04:19:25,2026-04-01 06:30:00
SCR-0006355,HS-002799,0,9,2025-09-03 14:59:09,2026-04-01 06:30:00
SCR-0006356,HS-002799,9,10,2025-09-23 11:26:09,2026-04-01 06:30:00
SCR-0006357,HS-002800,0,23,2025-10-29 07:38:13,2026-04-01 06:30:00
SCR-0006358,HS-002800,23,44,2025-11-11 00:24:58,2026-04-01 06:30:00
SCR-0006359,HS-002800,44,81,2025-11-13 10:42:57,2026-04-01 06:30:00
SCR-0006360,HS-002801,0,22,2026-03-19 03:03:37,2026-04-01 06:30:00
SCR-0006361,HS-002801,22,24,2026-03-29 11:39:49,2026-04-01 06:30:00
SCR-0006362,HS-002802,0,5,2025-11-28 19:54:51,2026-04-01 06:30:00
SCR-0006363,HS-002802,5,42,2025-12-03 08:21:39,2026-04-01 06:30:00
SCR-0006364,HS-002802,42,66,2025-12-06 03:05:42,2026-04-01 06:30:00
SCR-0006365,HS-002803,0,16,2025-11-13 09:05:34,2026-04-01 06:30:00
SCR-0006366,HS-002804,0,6,2026-01-08 00:02:54,2026-04-01 06:30:00
SCR-0006367,HS-002804,6,46,2026-01-13 07:35:55,2026-04-01 06:30:00
SCR-0006368,HS-002804,46,84,2026-01-15 04:01:59,2026-04-01 06:30:00
SCR-0006369,HS-002805,0,5,2026-02-15 07:40:46,2026-04-01 06:30:00
SCR-0006370,HS-002805,5,35,2026-02-24 14:28:57,2026-04-01 06:30:00
SCR-0006371,HS-002806,0,16,2025-12-21 05:42:00,2026-04-01 06:30:00
SCR-0006372,HS-002806,16,48,2025-12-27 02:19:44,2026-04-01 06:30:00
SCR-0006373,HS-002806,48,71,2025-12-29 00:26:58,2026-04-01 06:30:00
SCR-0006374,HS-002807,0,22,2026-02-21 00:31:26,2026-04-01 06:30:00
SCR-0006375,HS-002808,0,8,2026-02-18 05:06:04,2026-04-01 06:30:00
SCR-0006376,HS-002808,8,13,2026-03-03 03:05:57,2026-04-01 06:30:00
SCR-0006377,HS-002809,0,22,2025-09-04 20:58:09,2026-04-01 06:30:00
SCR-0006378,HS-002810,0,17,2026-02-19 10:40:34,2026-04-01 06:30:00
SCR-0006379,HS-002811,0,6,2025-11-15 09:45:57,2026-04-01 06:30:00
SCR-0006380,HS-002811,6,12,2025-11-28 04:56:48,2026-04-01 06:30:00
SCR-0006381,HS-002812,0,12,2026-02-13 15:27:36,2026-04-01 06:30:00
SCR-0006382,HS-002812,12,43,2026-02-15 22:52:25,2026-04-01 06:30:00
SCR-0006383,HS-002812,43,50,2026-02-17 15:24:54,2026-04-01 06:30:00
SCR-0006384,HS-002813,0,7,2026-02-14 14:49:34,2026-04-01 06:30:00
SCR-0006385,HS-002813,7,20,2026-02-19 12:56:29,2026-04-01 06:30:00
SCR-0006386,HS-002814,0,19,2025-11-17 04:58:31,2026-04-01 06:30:00
SCR-0006387,HS-002814,19,45,2025-11-20 22:25:39,2026-04-01 06:30:00
SCR-0006388,HS-002814,45,71,2025-11-23 09:50:59,2026-04-01 06:30:00
SCR-0006389,HS-002815,0,12,2026-03-24 17:43:36,2026-04-01 06:30:00
SCR-0006390,HS-002816,0,15,2026-03-01 07:42:07,2026-04-01 06:30:00
SCR-0006391,HS-002817,0,7,2026-02-15 06:15:50,2026-04-01 06:30:00
SCR-0006392,HS-002817,7,45,2026-02-20 16:42:03,2026-04-01 06:30:00
SCR-0006393,HS-002817,45,65,2026-02-21 08:22:51,2026-04-01 06:30:00
SCR-0006394,HS-002818,0,5,2026-03-18 12:01:44,2026-04-01 06:30:00
SCR-0006395,HS-002818,5,48,2026-03-22 17:51:56,2026-04-01 06:30:00
SCR-0006396,HS-002818,48,78,2026-03-24 16:22:56,2026-04-01 06:30:00
SCR-0006397,HS-002819,0,8,2026-02-14 05:01:51,2026-04-01 06:30:00
SCR-0006398,HS-002819,8,48,2026-02-18 22:55:18,2026-04-01 06:30:00
SCR-0006399,HS-002819,48,87,2026-02-21 01:07:07,2026-04-01 06:30:00
SCR-0006400,HS-002820,0,22,2025-09-19 04:45:23,2026-04-01 06:30:00
SCR-0006401,HS-002820,22,48,2025-10-06 01:50:22,2026-04-01 06:30:00
SCR-0006402,HS-002820,48,89,2025-10-08 15:26:52,2026-04-01 06:30:00
SCR-0006403,HS-002821,0,18,2025-11-06 14:39:45,2026-04-01 06:30:00
SCR-0006404,HS-002821,18,22,2025-11-09 03:43:10,2026-04-01 06:30:00
SCR-0006405,HS-002822,0,21,2025-11-22 09:50:52,2026-04-01 06:30:00
SCR-0006406,HS-002822,21,32,2025-12-05 22:58:47,2026-04-01 06:30:00
SCR-0006407,HS-002823,0,11,2025-10-09 11:38:15,2026-04-01 06:30:00
SCR-0006408,HS-002823,11,44,2025-10-17 06:33:44,2026-04-01 06:30:00
SCR-0006409,HS-002823,44,62,2025-10-18 01:45:08,2026-04-01 06:30:00
SCR-0006410,HS-002824,0,10,2025-09-12 06:50:40,2026-04-01 06:30:00
SCR-0006411,HS-002824,10,48,2025-09-17 14:24:43,2026-04-01 06:30:00
SCR-0006412,HS-002824,48,59,2025-09-19 20:03:38,2026-04-01 06:30:00
SCR-0006413,HS-002825,0,15,2025-10-15 05:00:53,2026-04-01 06:30:00
SCR-0006414,HS-002825,15,43,2025-10-25 09:00:18,2026-04-01 06:30:00
SCR-0006415,HS-002825,43,57,2025-10-26 11:29:44,2026-04-01 06:30:00
SCR-0006416,HS-002826,0,10,2026-03-13 21:01:09,2026-04-01 06:30:00
SCR-0006417,HS-002826,10,47,2026-03-17 21:49:02,2026-04-01 06:30:00
SCR-0006418,HS-002826,47,60,2026-03-19 05:02:33,2026-04-01 06:30:00
SCR-0006419,HS-002827,0,6,2025-11-27 10:41:23,2026-04-01 06:30:00
SCR-0006420,HS-002827,6,40,2025-11-30 08:18:46,2026-04-01 06:30:00
SCR-0006421,HS-002827,40,65,2025-12-01 20:08:15,2026-04-01 06:30:00
SCR-0006422,HS-002828,0,22,2026-01-01 12:26:55,2026-04-01 06:30:00
SCR-0006423,HS-002828,22,29,2026-01-08 18:09:59,2026-04-01 06:30:00
SCR-0006424,HS-002829,0,14,2025-09-27 14:24:59,2026-04-01 06:30:00
SCR-0006425,HS-002829,14,40,2025-10-02 15:33:33,2026-04-01 06:30:00
SCR-0006426,HS-002829,40,52,2025-10-02 17:57:54,2026-04-01 06:30:00
SCR-0006427,HS-002830,0,19,2025-10-21 02:27:45,2026-04-01 06:30:00
SCR-0006428,HS-002830,19,44,2025-10-30 19:36:33,2026-04-01 06:30:00
SCR-0006429,HS-002830,44,67,2025-10-31 23:04:26,2026-04-01 06:30:00
SCR-0006430,HS-002831,0,19,2026-02-16 22:37:25,2026-04-01 06:30:00
SCR-0006431,HS-002832,0,5,2025-12-16 19:32:08,2026-04-01 06:30:00
SCR-0006432,HS-002832,5,34,2025-12-22 04:36:44,2026-04-01 06:30:00
SCR-0006433,HS-002833,0,23,2026-01-28 08:15:36,2026-04-01 06:30:00
SCR-0006434,HS-002833,23,44,2026-02-04 13:25:24,2026-04-01 06:30:00
SCR-0006435,HS-002833,44,88,2026-02-05 05:42:56,2026-04-01 06:30:00
SCR-0006436,HS-002834,0,22,2025-10-14 17:08:25,2026-04-01 06:30:00
SCR-0006437,HS-002834,22,32,2025-10-30 06:19:55,2026-04-01 06:30:00
SCR-0006438,HS-002835,0,15,2025-10-07 13:32:09,2026-04-01 06:30:00
SCR-0006439,HS-002835,15,39,2025-10-26 08:27:05,2026-04-01 06:30:00
SCR-0006440,HS-002836,0,14,2025-09-15 05:38:39,2026-04-01 06:30:00
SCR-0006441,HS-002836,14,48,2025-09-22 02:43:39,2026-04-01 06:30:00
SCR-0006442,HS-002836,48,72,2025-09-22 16:39:29,2026-04-01 06:30:00
SCR-0006443,HS-002837,0,11,2025-12-19 17:04:21,2026-04-01 06:30:00
SCR-0006444,HS-002837,11,22,2025-12-23 21:59:21,2026-04-01 06:30:00
SCR-0006445,HS-002838,0,16,2026-03-26 12:54:20,2026-04-01 06:30:00
SCR-0006446,HS-002838,16,46,2026-03-28 13:29:19,2026-04-01 06:30:00
SCR-0006447,HS-002839,0,22,2025-09-16 21:32:26,2026-04-01 06:30:00
SCR-0006448,HS-002839,22,44,2025-09-26 04:48:03,2026-04-01 06:30:00
SCR-0006449,HS-002839,44,64,2025-09-28 04:45:30,2026-04-01 06:30:00
SCR-0006450,HS-002840,0,24,2026-02-17 22:36:12,2026-04-01 06:30:00
SCR-0006451,HS-002840,24,48,2026-02-22 02:47:47,2026-04-01 06:30:00
SCR-0006452,HS-002840,48,83,2026-02-24 17:32:42,2026-04-01 06:30:00
SCR-0006453,HS-002841,0,5,2026-03-12 16:27:07,2026-04-01 06:30:00
SCR-0006454,HS-002841,5,47,2026-03-22 08:58:00,2026-04-01 06:30:00
SCR-0006455,HS-002841,47,78,2026-03-24 17:03:20,2026-04-01 06:30:00
SCR-0006456,HS-002842,0,15,2025-12-03 14:15:03,2026-04-01 06:30:00
SCR-0006457,HS-002842,15,41,2025-12-08 12:04:48,2026-04-01 06:30:00
SCR-0006458,HS-002842,41,65,2025-12-08 23:09:41,2026-04-01 06:30:00
SCR-0006459,HS-002843,0,5,2025-09-20 08:56:55,2026-04-01 06:30:00
SCR-0006460,HS-002843,5,15,2025-09-29 10:21:38,2026-04-01 06:30:00
SCR-0006461,HS-002844,0,23,2026-01-11 21:58:55,2026-04-01 06:30:00
SCR-0006462,HS-002844,23,44,2026-01-22 19:07:37,2026-04-01 06:30:00
SCR-0006463,HS-002844,44,73,2026-01-23 21:04:23,2026-04-01 06:30:00
SCR-0006464,HS-002845,0,6,2025-08-25 19:35:24,2026-04-01 06:30:00
SCR-0006465,HS-002845,6,46,2025-09-02 03:10:42,2026-04-01 06:30:00
SCR-0006466,HS-002845,46,54,2025-09-04 11:47:39,2026-04-01 06:30:00
SCR-0006467,HS-002846,0,23,2025-11-24 01:58:00,2026-04-01 06:30:00
SCR-0006468,HS-002846,23,45,2025-12-10 04:38:13,2026-04-01 06:30:00
SCR-0006469,HS-002847,0,14,2026-03-29 07:42:54,2026-04-01 06:30:00
SCR-0006470,HS-002847,14,21,2026-04-05 16:13:43,2026-04-01 06:30:00
SCR-0006471,HS-002848,0,17,2026-02-11 23:13:13,2026-04-01 06:30:00
SCR-0006472,HS-002848,17,21,2026-03-01 13:59:10,2026-04-01 06:30:00
SCR-0006473,HS-002849,0,19,2025-09-05 05:27:17,2026-04-01 06:30:00
SCR-0006474,HS-002849,19,32,2025-09-10 08:23:34,2026-04-01 06:30:00
SCR-0006475,HS-002850,0,20,2026-01-20 16:51:33,2026-04-01 06:30:00
SCR-0006476,HS-002851,0,19,2026-03-15 12:35:33,2026-04-01 06:30:00
SCR-0006477,HS-002851,19,44,2026-03-26 18:11:02,2026-04-01 06:30:00
SCR-0006478,HS-002851,44,77,2026-03-26 18:55:29,2026-04-01 06:30:00
SCR-0006479,HS-002852,0,13,2026-01-21 00:30:50,2026-04-01 06:30:00
SCR-0006480,HS-002852,13,20,2026-01-28 16:56:45,2026-04-01 06:30:00
SCR-0006481,HS-002853,0,12,2025-11-14 07:22:59,2026-04-01 06:30:00
SCR-0006482,HS-002853,12,16,2025-11-21 10:44:57,2026-04-01 06:30:00
SCR-0006483,HS-002854,0,22,2025-12-24 11:58:03,2026-04-01 06:30:00
SCR-0006484,HS-002854,22,48,2026-01-03 22:02:28,2026-04-01 06:30:00
SCR-0006485,HS-002854,48,79,2026-01-06 13:20:07,2026-04-01 06:30:00
SCR-0006486,HS-002855,0,20,2026-01-07 11:02:37,2026-04-01 06:30:00
SCR-0006487,HS-002855,20,38,2026-01-17 09:48:37,2026-04-01 06:30:00
SCR-0006488,HS-002856,0,8,2026-02-01 21:38:28,2026-04-01 06:30:00
SCR-0006489,HS-002856,8,43,2026-02-07 23:45:37,2026-04-01 06:30:00
SCR-0006490,HS-002856,43,69,2026-02-08 19:08:57,2026-04-01 06:30:00
SCR-0006491,HS-002857,0,12,2026-03-02 03:23:01,2026-04-01 06:30:00
SCR-0006492,HS-002857,12,42,2026-03-15 05:52:50,2026-04-01 06:30:00
SCR-0006493,HS-002857,42,55,2026-03-16 13:36:08,2026-04-01 06:30:00
SCR-0006494,HS-002858,0,14,2025-08-25 23:47:12,2026-04-01 06:30:00
SCR-0006495,HS-002858,14,40,2025-08-30 19:26:11,2026-04-01 06:30:00
SCR-0006496,HS-002858,40,86,2025-09-01 19:30:22,2026-04-01 06:30:00
SCR-0006497,HS-002859,0,13,2026-02-05 05:07:54,2026-04-01 06:30:00
SCR-0006498,HS-002859,13,47,2026-02-11 03:28:43,2026-04-01 06:30:00
SCR-0006499,HS-002859,47,80,2026-02-12 08:00:40,2026-04-01 06:30:00
SCR-0006500,HS-002860,0,20,2025-12-16 22:28:53,2026-04-01 06:30:00
SCR-0006501,HS-002860,20,31,2025-12-18 11:50:16,2026-04-01 06:30:00
SCR-0006502,HS-002861,0,19,2025-09-14 15:50:50,2026-04-01 06:30:00
SCR-0006503,HS-002861,19,43,2025-09-25 14:48:01,2026-04-01 06:30:00
SCR-0006504,HS-002861,43,83,2025-09-25 21:38:36,2026-04-01 06:30:00
SCR-0006505,HS-002862,0,5,2025-10-04 20:20:43,2026-04-01 06:30:00
SCR-0006506,HS-002862,5,44,2025-10-18 10:17:58,2026-04-01 06:30:00
SCR-0006507,HS-002862,44,51,2025-10-19 00:18:47,2026-04-01 06:30:00
SCR-0006508,HS-002863,0,13,2025-09-10 08:47:45,2026-04-01 06:30:00
SCR-0006509,HS-002863,13,40,2025-09-21 14:34:55,2026-04-01 06:30:00
SCR-0006510,HS-002863,40,72,2025-09-24 03:57:29,2026-04-01 06:30:00
SCR-0006511,HS-002864,0,16,2025-09-23 00:02:34,2026-04-01 06:30:00
SCR-0006512,HS-002864,16,20,2025-10-03 14:01:56,2026-04-01 06:30:00
SCR-0006513,HS-002865,0,8,2026-02-13 02:51:05,2026-04-01 06:30:00
SCR-0006514,HS-002865,8,39,2026-02-23 12:10:33,2026-04-01 06:30:00
SCR-0006515,HS-002866,0,19,2026-02-10 21:56:28,2026-04-01 06:30:00
SCR-0006516,HS-002867,0,23,2025-09-21 18:46:57,2026-04-01 06:30:00
SCR-0006517,HS-002867,23,45,2025-09-26 16:03:48,2026-04-01 06:30:00
SCR-0006518,HS-002867,45,60,2025-09-27 23:09:08,2026-04-01 06:30:00
SCR-0006519,HS-002868,0,23,2025-09-17 02:33:49,2026-04-01 06:30:00
SCR-0006520,HS-002869,0,7,2026-01-16 04:54:26,2026-04-01 06:30:00
SCR-0006521,HS-002869,7,40,2026-02-14 21:10:38,2026-04-01 06:30:00
SCR-0006522,HS-002870,0,10,2025-10-11 01:13:27,2026-04-01 06:30:00
SCR-0006523,HS-002870,10,30,2025-10-29 22:04:12,2026-04-01 06:30:00
SCR-0006524,HS-002871,0,12,2025-12-05 15:45:51,2026-04-01 06:30:00
SCR-0006525,HS-002871,12,46,2025-12-13 01:09:20,2026-04-01 06:30:00
SCR-0006526,HS-002871,46,57,2025-12-14 23:11:25,2026-04-01 06:30:00
SCR-0006527,HS-002872,0,18,2025-10-26 10:27:50,2026-04-01 06:30:00
SCR-0006528,HS-002873,0,24,2025-10-13 17:21:10,2026-04-01 06:30:00
SCR-0006529,HS-002873,24,25,2025-10-15 07:04:32,2026-04-01 06:30:00
SCR-0006530,HS-002874,0,23,2025-10-26 23:32:08,2026-04-01 06:30:00
SCR-0006531,HS-002874,23,41,2025-11-01 07:01:53,2026-04-01 06:30:00
SCR-0006532,HS-002875,0,9,2025-12-02 01:18:51,2026-04-01 06:30:00
SCR-0006533,HS-002875,9,13,2025-12-13 17:38:45,2026-04-01 06:30:00
SCR-0006534,HS-002876,0,22,2025-12-16 23:25:02,2026-04-01 06:30:00
SCR-0006535,HS-002877,0,12,2025-12-10 04:48:24,2026-04-01 06:30:00
SCR-0006536,HS-002877,12,44,2025-12-23 16:49:25,2026-04-01 06:30:00
SCR-0006537,HS-002877,44,69,2025-12-23 18:18:30,2026-04-01 06:30:00
SCR-0006538,HS-002878,0,6,2025-12-27 13:23:57,2026-04-01 06:30:00
SCR-0006539,HS-002878,6,43,2026-01-01 07:19:03,2026-04-01 06:30:00
SCR-0006540,HS-002878,43,62,2026-01-01 18:40:01,2026-04-01 06:30:00
SCR-0006541,HS-002879,0,5,2025-12-12 10:50:11,2026-04-01 06:30:00
SCR-0006542,HS-002879,5,31,2025-12-21 22:02:51,2026-04-01 06:30:00
SCR-0006543,HS-002880,0,24,2026-02-16 22:54:01,2026-04-01 06:30:00
SCR-0006544,HS-002881,0,11,2026-01-10 19:26:19,2026-04-01 06:30:00
SCR-0006545,HS-002881,11,40,2026-01-14 14:23:57,2026-04-01 06:30:00
SCR-0006546,HS-002881,40,80,2026-01-16 14:59:16,2026-04-01 06:30:00
SCR-0006547,HS-002882,0,8,2026-02-22 23:05:21,2026-04-01 06:30:00
SCR-0006548,HS-002882,8,40,2026-02-25 20:50:32,2026-04-01 06:30:00
SCR-0006549,HS-002882,40,65,2026-02-27 14:19:30,2026-04-01 06:30:00
SCR-0006550,HS-002883,0,18,2026-02-14 10:02:29,2026-04-01 06:30:00
SCR-0006551,HS-002883,18,24,2026-02-18 06:02:53,2026-04-01 06:30:00
SCR-0006552,HS-002884,0,18,2026-02-23 12:38:45,2026-04-01 06:30:00
SCR-0006553,HS-002884,18,21,2026-03-07 22:14:12,2026-04-01 06:30:00
SCR-0006554,HS-002885,0,14,2026-03-18 14:38:29,2026-04-01 06:30:00
SCR-0006555,HS-002886,0,12,2026-02-01 06:41:45,2026-04-01 06:30:00
SCR-0006556,HS-002886,12,40,2026-02-10 22:34:11,2026-04-01 06:30:00
SCR-0006557,HS-002886,40,56,2026-02-12 06:33:16,2026-04-01 06:30:00
SCR-0006558,HS-002887,0,12,2025-09-24 07:55:10,2026-04-01 06:30:00
SCR-0006559,HS-002888,0,10,2026-03-09 22:51:11,2026-04-01 06:30:00
SCR-0006560,HS-002888,10,19,2026-03-19 06:21:40,2026-04-01 06:30:00
SCR-0006561,HS-002889,0,8,2025-09-14 16:06:00,2026-04-01 06:30:00
SCR-0006562,HS-002889,8,28,2025-09-18 11:01:15,2026-04-01 06:30:00
SCR-0006563,HS-002890,0,14,2025-11-27 22:31:48,2026-04-01 06:30:00
SCR-0006564,HS-002890,14,41,2025-12-03 03:55:30,2026-04-01 06:30:00
SCR-0006565,HS-002890,41,58,2025-12-03 20:52:17,2026-04-01 06:30:00
SCR-0006566,HS-002891,0,24,2025-12-22 09:51:49,2026-04-01 06:30:00
SCR-0006567,HS-002891,24,41,2025-12-28 06:23:06,2026-04-01 06:30:00
SCR-0006568,HS-002891,41,72,2025-12-30 06:44:38,2026-04-01 06:30:00
SCR-0006569,HS-002892,0,17,2026-01-30 04:30:36,2026-04-01 06:30:00
SCR-0006570,HS-002893,0,6,2025-10-14 00:17:09,2026-04-01 06:30:00
SCR-0006571,HS-002893,6,46,2025-10-27 16:30:55,2026-04-01 06:30:00
SCR-0006572,HS-002893,46,83,2025-10-27 17:01:36,2026-04-01 06:30:00
SCR-0006573,HS-002894,0,15,2026-03-17 14:43:34,2026-04-01 06:30:00
SCR-0006574,HS-002894,15,21,2026-04-03 17:22:33,2026-04-01 06:30:00
SCR-0006575,HS-002895,0,11,2026-03-12 20:31:24,2026-04-01 06:30:00
SCR-0006576,HS-002895,11,28,2026-03-23 15:57:43,2026-04-01 06:30:00
SCR-0006577,HS-002896,0,10,2026-02-27 00:13:53,2026-04-01 06:30:00
SCR-0006578,HS-002896,10,43,2026-03-10 20:13:27,2026-04-01 06:30:00
SCR-0006579,HS-002896,43,60,2026-03-11 15:49:11,2026-04-01 06:30:00
SCR-0006580,HS-002897,0,18,2025-10-24 09:56:05,2026-04-01 06:30:00
SCR-0006581,HS-002898,0,14,2026-01-04 17:27:03,2026-04-01 06:30:00
SCR-0006582,HS-002898,14,20,2026-01-11 20:26:45,2026-04-01 06:30:00
SCR-0006583,HS-002899,0,21,2026-03-20 03:32:59,2026-04-01 06:30:00
SCR-0006584,HS-002899,21,35,2026-04-05 14:08:51,2026-04-01 06:30:00
SCR-0006585,HS-002900,0,21,2025-09-05 04:12:35,2026-04-01 06:30:00
SCR-0006586,HS-002900,21,48,2025-09-13 07:48:42,2026-04-01 06:30:00
SCR-0006587,HS-002900,48,68,2025-09-14 04:52:27,2026-04-01 06:30:00
SCR-0006588,HS-002901,0,11,2025-09-17 08:07:21,2026-04-01 06:30:00
SCR-0006589,HS-002901,11,48,2025-10-18 02:49:34,2026-04-01 06:30:00
SCR-0006590,HS-002902,0,20,2025-09-23 23:27:34,2026-04-01 06:30:00
SCR-0006591,HS-002903,0,23,2025-11-25 13:24:31,2026-04-01 06:30:00
SCR-0006592,HS-002903,23,46,2025-12-01 20:34:49,2026-04-01 06:30:00
SCR-0006593,HS-002903,46,84,2025-12-03 02:55:19,2026-04-01 06:30:00
SCR-0006594,HS-002904,0,7,2026-01-16 05:18:48,2026-04-01 06:30:00
SCR-0006595,HS-002904,7,21,2026-02-03 06:27:21,2026-04-01 06:30:00
SCR-0006596,HS-002905,0,7,2025-09-28 18:53:59,2026-04-01 06:30:00
SCR-0006597,HS-002905,7,25,2025-10-17 18:55:57,2026-04-01 06:30:00
SCR-0006598,HS-002906,0,5,2025-09-28 03:40:55,2026-04-01 06:30:00
SCR-0006599,HS-002906,5,25,2025-10-14 05:57:23,2026-04-01 06:30:00
SCR-0006600,HS-002907,0,19,2025-11-30 21:32:17,2026-04-01 06:30:00
SCR-0006601,HS-002907,19,21,2025-12-11 20:04:10,2026-04-01 06:30:00
SCR-0006602,HS-002908,0,19,2026-02-20 06:58:46,2026-04-01 06:30:00
SCR-0006603,HS-002908,19,44,2026-02-28 17:05:47,2026-04-01 06:30:00
SCR-0006604,HS-002908,44,73,2026-03-02 21:41:33,2026-04-01 06:30:00
SCR-0006605,HS-002909,0,11,2025-12-21 03:21:13,2026-04-01 06:30:00
SCR-0006606,HS-002909,11,45,2025-12-31 05:58:28,2026-04-01 06:30:00
SCR-0006607,HS-002909,45,72,2026-01-02 03:16:40,2026-04-01 06:30:00
SCR-0006608,HS-002910,0,17,2026-02-12 05:11:09,2026-04-01 06:30:00
SCR-0006609,HS-002910,17,48,2026-02-16 14:43:05,2026-04-01 06:30:00
SCR-0006610,HS-002910,48,86,2026-02-19 08:11:42,2026-04-01 06:30:00
SCR-0006611,HS-002911,0,9,2025-11-01 09:00:33,2026-04-01 06:30:00
SCR-0006612,HS-002911,9,31,2025-11-17 18:45:22,2026-04-01 06:30:00
SCR-0006613,HS-002912,0,14,2026-03-11 04:53:19,2026-04-01 06:30:00
SCR-0006614,HS-002912,14,48,2026-03-20 09:08:36,2026-04-01 06:30:00
SCR-0006615,HS-002912,48,55,2026-03-22 19:42:34,2026-04-01 06:30:00
SCR-0006616,HS-002913,0,18,2025-09-08 23:55:43,2026-04-01 06:30:00
SCR-0006617,HS-002913,18,42,2025-09-12 19:22:48,2026-04-01 06:30:00
SCR-0006618,HS-002913,42,56,2025-09-15 16:39:14,2026-04-01 06:30:00
SCR-0006619,HS-002914,0,22,2026-02-28 08:01:41,2026-04-01 06:30:00
SCR-0006620,HS-002914,22,43,2026-03-04 06:19:17,2026-04-01 06:30:00
SCR-0006621,HS-002914,43,55,2026-03-06 16:43:44,2026-04-01 06:30:00
SCR-0006622,HS-002915,0,23,2026-03-20 02:21:31,2026-04-01 06:30:00
SCR-0006623,HS-002916,0,19,2026-01-11 00:54:30,2026-04-01 06:30:00
SCR-0006624,HS-002916,19,49,2026-01-15 07:24:09,2026-04-01 06:30:00
SCR-0006625,HS-002917,0,15,2025-10-06 02:38:51,2026-04-01 06:30:00
SCR-0006626,HS-002917,15,36,2025-10-25 19:39:05,2026-04-01 06:30:00
SCR-0006627,HS-002918,0,5,2026-02-01 09:39:14,2026-04-01 06:30:00
SCR-0006628,HS-002918,5,41,2026-02-12 18:04:41,2026-04-01 06:30:00
SCR-0006629,HS-002918,41,55,2026-02-14 16:44:40,2026-04-01 06:30:00
SCR-0006630,HS-002919,0,22,2025-10-17 14:48:15,2026-04-01 06:30:00
SCR-0006631,HS-002919,22,41,2025-10-25 22:02:28,2026-04-01 06:30:00
SCR-0006632,HS-002919,41,70,2025-10-26 05:08:00,2026-04-01 06:30:00
SCR-0006633,HS-002920,0,15,2025-10-08 19:04:38,2026-04-01 06:30:00
SCR-0006634,HS-002920,15,43,2025-10-14 22:17:35,2026-04-01 06:30:00
SCR-0006635,HS-002920,43,83,2025-10-15 04:01:34,2026-04-01 06:30:00
SCR-0006636,HS-002921,0,12,2026-03-05 14:13:43,2026-04-01 06:30:00
SCR-0006637,HS-002921,12,13,2026-03-18 15:52:11,2026-04-01 06:30:00
SCR-0006638,HS-002922,0,21,2025-08-27 00:24:58,2026-04-01 06:30:00
SCR-0006639,HS-002922,21,40,2025-09-06 13:22:18,2026-04-01 06:30:00
SCR-0006640,HS-002922,40,55,2025-09-06 21:59:54,2026-04-01 06:30:00
SCR-0006641,HS-002923,0,7,2025-11-11 13:09:13,2026-04-01 06:30:00
SCR-0006642,HS-002923,7,12,2025-11-25 11:53:23,2026-04-01 06:30:00
SCR-0006643,HS-002924,0,22,2025-11-25 05:08:05,2026-04-01 06:30:00
SCR-0006644,HS-002924,22,35,2025-12-06 04:51:21,2026-04-01 06:30:00
SCR-0006645,HS-002925,0,12,2026-01-02 18:11:51,2026-04-01 06:30:00
SCR-0006646,HS-002925,12,35,2026-01-16 00:25:40,2026-04-01 06:30:00
SCR-0006647,HS-002926,0,10,2025-11-18 01:16:18,2026-04-01 06:30:00
SCR-0006648,HS-002927,0,7,2026-03-28 05:45:34,2026-04-01 06:30:00
SCR-0006649,HS-002927,7,19,2026-03-30 13:41:25,2026-04-01 06:30:00
SCR-0006650,HS-002928,0,16,2026-01-19 06:23:33,2026-04-01 06:30:00
SCR-0006651,HS-002928,16,38,2026-01-20 15:48:51,2026-04-01 06:30:00
SCR-0006652,HS-002929,0,19,2025-08-15 01:58:04,2026-04-01 06:30:00
SCR-0006653,HS-002929,19,48,2025-09-06 22:02:41,2026-04-01 06:30:00
SCR-0006654,HS-002929,48,74,2025-09-08 10:32:23,2026-04-01 06:30:00
SCR-0006655,HS-002930,0,9,2025-12-16 08:15:59,2026-04-01 06:30:00
SCR-0006656,HS-002930,9,38,2025-12-28 17:09:33,2026-04-01 06:30:00
SCR-0006657,HS-002931,0,20,2026-02-13 00:41:53,2026-04-01 06:30:00
SCR-0006658,HS-002932,0,8,2025-09-24 00:02:35,2026-04-01 06:30:00
SCR-0006659,HS-002932,8,33,2025-10-07 04:03:06,2026-04-01 06:30:00
SCR-0006660,HS-002933,0,19,2025-11-05 21:55:27,2026-04-01 06:30:00
SCR-0006661,HS-002933,19,47,2025-11-28 01:08:14,2026-04-01 06:30:00
SCR-0006662,HS-002933,47,87,2025-11-30 00:41:48,2026-04-01 06:30:00
SCR-0006663,HS-002934,0,22,2025-11-13 02:43:40,2026-04-01 06:30:00
SCR-0006664,HS-002934,22,38,2025-11-17 10:47:51,2026-04-01 06:30:00
SCR-0006665,HS-002935,0,22,2026-03-25 16:42:18,2026-04-01 06:30:00
SCR-0006666,HS-002936,0,21,2026-02-20 09:50:43,2026-04-01 06:30:00
SCR-0006667,HS-002937,0,13,2025-10-05 10:43:36,2026-04-01 06:30:00
SCR-0006668,HS-002937,13,39,2025-10-10 21:49:05,2026-04-01 06:30:00
SCR-0006669,HS-002938,0,5,2026-01-12 14:16:39,2026-04-01 06:30:00
SCR-0006670,HS-002938,5,26,2026-01-27 05:09:30,2026-04-01 06:30:00
SCR-0006671,HS-002939,0,16,2025-09-28 04:30:48,2026-04-01 06:30:00
SCR-0006672,HS-002939,16,47,2025-10-12 20:14:26,2026-04-01 06:30:00
SCR-0006673,HS-002939,47,69,2025-10-15 08:40:49,2026-04-01 06:30:00
SCR-0006674,HS-002940,0,16,2026-03-24 16:03:34,2026-04-01 06:30:00
SCR-0006675,HS-002940,16,43,2026-03-27 14:09:32,2026-04-01 06:30:00
SCR-0006676,HS-002940,43,85,2026-03-27 20:42:39,2026-04-01 06:30:00
SCR-0006677,HS-002941,0,18,2025-12-26 07:24:38,2026-04-01 06:30:00
SCR-0006678,HS-002942,0,8,2026-01-18 04:17:45,2026-04-01 06:30:00
SCR-0006679,HS-002942,8,28,2026-02-02 08:22:57,2026-04-01 06:30:00
SCR-0006680,HS-002943,0,17,2025-11-20 13:27:22,2026-04-01 06:30:00
SCR-0006681,HS-002943,17,41,2025-12-01 04:46:47,2026-04-01 06:30:00
SCR-0006682,HS-002943,41,65,2025-12-02 23:15:40,2026-04-01 06:30:00
SCR-0006683,HS-002944,0,24,2026-02-26 23:14:03,2026-04-01 06:30:00
SCR-0006684,HS-002944,24,27,2026-03-17 19:30:18,2026-04-01 06:30:00
SCR-0006685,HS-002945,0,12,2026-01-11 18:37:48,2026-04-01 06:30:00
SCR-0006686,HS-002945,12,31,2026-01-26 03:31:18,2026-04-01 06:30:00
SCR-0006687,HS-002946,0,6,2026-01-26 20:31:42,2026-04-01 06:30:00
SCR-0006688,HS-002946,6,45,2026-02-02 21:04:14,2026-04-01 06:30:00
SCR-0006689,HS-002946,45,77,2026-02-05 14:39:21,2026-04-01 06:30:00
SCR-0006690,HS-002947,0,8,2025-12-15 01:12:24,2026-04-01 06:30:00
SCR-0006691,HS-002947,8,10,2025-12-28 08:34:22,2026-04-01 06:30:00
SCR-0006692,HS-002948,0,22,2025-11-29 07:24:08,2026-04-01 06:30:00
SCR-0006693,HS-002949,0,18,2026-02-16 02:28:47,2026-04-01 06:30:00
SCR-0006694,HS-002950,0,23,2025-11-11 12:17:53,2026-04-01 06:30:00
SCR-0006695,HS-002951,0,17,2025-12-06 08:34:12,2026-04-01 06:30:00
SCR-0006696,HS-002952,0,17,2025-10-05 03:53:12,2026-04-01 06:30:00
SCR-0006697,HS-002952,17,42,2025-10-24 04:23:22,2026-04-01 06:30:00
SCR-0006698,HS-002952,42,56,2025-10-26 20:14:00,2026-04-01 06:30:00
SCR-0006699,HS-002953,0,22,2026-03-11 20:33:46,2026-04-01 06:30:00
SCR-0006700,HS-002953,22,43,2026-03-15 12:59:44,2026-04-01 06:30:00
SCR-0006701,HS-002953,43,82,2026-03-18 07:47:03,2026-04-01 06:30:00
SCR-0006702,HS-002954,0,17,2025-10-15 18:32:56,2026-04-01 06:30:00
SCR-0006703,HS-002955,0,21,2026-03-03 15:11:11,2026-04-01 06:30:00
SCR-0006704,HS-002956,0,12,2026-01-17 17:23:15,2026-04-01 06:30:00
SCR-0006705,HS-002956,12,42,2026-01-25 02:44:04,2026-04-01 06:30:00
SCR-0006706,HS-002956,42,70,2026-01-27 13:05:20,2026-04-01 06:30:00
SCR-0006707,HS-002957,0,24,2025-09-19 04:24:05,2026-04-01 06:30:00
SCR-0006708,HS-002957,24,46,2025-09-29 04:51:08,2026-04-01 06:30:00
SCR-0006709,HS-002957,46,57,2025-09-29 06:39:11,2026-04-01 06:30:00
SCR-0006710,HS-002958,0,6,2026-02-26 10:39:00,2026-04-01 06:30:00
SCR-0006711,HS-002958,6,28,2026-03-09 02:22:12,2026-04-01 06:30:00
SCR-0006712,HS-002959,0,6,2025-10-26 20:48:23,2026-04-01 06:30:00
SCR-0006713,HS-002959,6,14,2025-10-28 20:57:50,2026-04-01 06:30:00
SCR-0006714,HS-002960,0,12,2025-12-13 14:40:22,2026-04-01 06:30:00
SCR-0006715,HS-002960,12,47,2025-12-18 20:34:46,2026-04-01 06:30:00
SCR-0006716,HS-002960,47,84,2025-12-19 14:42:57,2026-04-01 06:30:00
SCR-0006717,HS-002961,0,7,2025-10-24 07:05:36,2026-04-01 06:30:00
SCR-0006718,HS-002961,7,41,2025-10-29 10:23:19,2026-04-01 06:30:00
SCR-0006719,HS-002961,41,77,2025-10-30 19:57:09,2026-04-01 06:30:00
SCR-0006720,HS-002962,0,18,2026-02-13 13:59:44,2026-04-01 06:30:00
SCR-0006721,HS-002962,18,45,2026-02-16 07:48:08,2026-04-01 06:30:00
SCR-0006722,HS-002962,45,77,2026-02-16 23:51:51,2026-04-01 06:30:00
SCR-0006723,HS-002963,0,22,2026-03-26 18:18:57,2026-04-01 06:30:00
SCR-0006724,HS-002964,0,20,2025-11-13 16:28:48,2026-04-01 06:30:00
SCR-0006725,HS-002964,20,35,2025-11-21 22:36:16,2026-04-01 06:30:00
SCR-0006726,HS-002965,0,14,2025-10-17 14:54:31,2026-04-01 06:30:00
SCR-0006727,HS-002965,14,23,2025-10-19 05:49:18,2026-04-01 06:30:00
SCR-0006728,HS-002966,0,22,2025-10-09 01:00:59,2026-04-01 06:30:00
SCR-0006729,HS-002966,22,48,2025-10-23 11:36:50,2026-04-01 06:30:00
SCR-0006730,HS-002966,48,51,2025-10-25 22:27:45,2026-04-01 06:30:00
SCR-0006731,HS-002967,0,23,2025-09-27 07:51:27,2026-04-01 06:30:00
SCR-0006732,HS-002968,0,17,2025-11-07 23:22:22,2026-04-01 06:30:00
SCR-0006733,HS-002968,17,26,2025-11-11 01:15:06,2026-04-01 06:30:00
SCR-0006734,HS-002969,0,16,2026-01-22 14:43:22,2026-04-01 06:30:00
SCR-0006735,HS-002969,16,19,2026-02-05 23:16:58,2026-04-01 06:30:00
SCR-0006736,HS-002970,0,13,2025-10-09 19:22:31,2026-04-01 06:30:00
SCR-0006737,HS-002970,13,15,2025-10-18 14:26:33,2026-04-01 06:30:00
SCR-0006738,HS-002971,0,15,2025-11-12 17:13:40,2026-04-01 06:30:00
SCR-0006739,HS-002971,15,30,2025-11-30 18:41:48,2026-04-01 06:30:00
SCR-0006740,HS-002972,0,21,2026-02-12 06:38:19,2026-04-01 06:30:00
SCR-0006741,HS-002973,0,22,2025-12-27 00:37:01,2026-04-01 06:30:00
SCR-0006742,HS-002973,22,42,2026-01-06 05:42:37,2026-04-01 06:30:00
SCR-0006743,HS-002973,42,65,2026-01-06 18:10:46,2026-04-01 06:30:00
SCR-0006744,HS-002974,0,13,2026-01-26 15:13:04,2026-04-01 06:30:00
SCR-0006745,HS-002974,13,44,2026-02-04 08:30:45,2026-04-01 06:30:00
SCR-0006746,HS-002974,44,86,2026-02-06 13:24:41,2026-04-01 06:30:00
SCR-0006747,HS-002975,0,6,2025-11-21 23:50:17,2026-04-01 06:30:00
SCR-0006748,HS-002975,6,46,2025-11-29 10:52:10,2026-04-01 06:30:00
SCR-0006749,HS-002975,46,74,2025-12-01 02:38:37,2026-04-01 06:30:00
SCR-0006750,HS-002976,0,5,2025-11-10 20:28:31,2026-04-01 06:30:00
SCR-0006751,HS-002976,5,46,2025-11-21 22:54:45,2026-04-01 06:30:00
SCR-0006752,HS-002976,46,80,2025-11-24 12:48:25,2026-04-01 06:30:00
SCR-0006753,HS-002977,0,7,2026-02-09 17:31:12,2026-04-01 06:30:00
SCR-0006754,HS-002977,7,46,2026-02-25 08:31:08,2026-04-01 06:30:00
SCR-0006755,HS-002977,46,52,2026-02-27 08:00:19,2026-04-01 06:30:00
SCR-0006756,HS-002978,0,20,2026-02-14 18:45:08,2026-04-01 06:30:00
SCR-0006757,HS-002979,0,7,2025-11-06 18:35:17,2026-04-01 06:30:00
SCR-0006758,HS-002979,7,40,2025-11-10 22:30:22,2026-04-01 06:30:00
SCR-0006759,HS-002979,40,79,2025-11-13 18:29:07,2026-04-01 06:30:00
SCR-0006760,HS-002980,0,10,2026-01-05 09:37:50,2026-04-01 06:30:00
SCR-0006761,HS-002980,10,33,2026-01-08 23:32:44,2026-04-01 06:30:00
SCR-0006762,HS-002981,0,22,2026-02-07 19:22:30,2026-04-01 06:30:00
SCR-0006763,HS-002982,0,12,2025-09-09 11:31:10,2026-04-01 06:30:00
SCR-0006764,HS-002982,12,22,2025-09-21 08:31:13,2026-04-01 06:30:00
SCR-0006765,HS-002983,0,20,2025-11-26 21:04:54,2026-04-01 06:30:00
SCR-0006766,HS-002983,20,29,2025-12-03 01:20:55,2026-04-01 06:30:00
SCR-0006767,HS-002984,0,19,2025-12-16 20:03:14,2026-04-01 06:30:00
SCR-0006768,HS-002984,19,45,2025-12-18 01:42:41,2026-04-01 06:30:00
SCR-0006769,HS-002984,45,90,2025-12-18 21:50:45,2026-04-01 06:30:00
SCR-0006770,HS-002985,0,24,2025-10-17 10:04:49,2026-04-01 06:30:00
SCR-0006771,HS-002985,24,28,2025-10-25 22:29:04,2026-04-01 06:30:00
SCR-0006772,HS-002986,0,19,2025-10-04 14:26:27,2026-04-01 06:30:00
SCR-0006773,HS-002986,19,42,2025-10-12 04:09:57,2026-04-01 06:30:00
SCR-0006774,HS-002987,0,15,2025-10-27 00:50:14,2026-04-01 06:30:00
SCR-0006775,HS-002987,15,43,2025-11-05 10:32:00,2026-04-01 06:30:00
SCR-0006776,HS-002987,43,71,2025-11-05 11:50:47,2026-04-01 06:30:00
SCR-0006777,HS-002988,0,8,2026-02-18 09:49:12,2026-04-01 06:30:00
SCR-0006778,HS-002988,8,44,2026-02-23 03:57:37,2026-04-01 06:30:00
SCR-0006779,HS-002988,44,76,2026-02-25 19:32:58,2026-04-01 06:30:00
SCR-0006780,HS-002989,0,9,2026-02-01 02:11:22,2026-04-01 06:30:00
SCR-0006781,HS-002989,9,36,2026-02-19 08:31:54,2026-04-01 06:30:00
SCR-0006782,HS-002990,0,23,2025-09-03 22:22:04,2026-04-01 06:30:00
SCR-0006783,HS-002991,0,10,2025-10-09 03:30:26,2026-04-01 06:30:00
SCR-0006784,HS-002991,10,46,2025-10-19 14:26:01,2026-04-01 06:30:00
SCR-0006785,HS-002991,46,70,2025-10-20 03:37:08,2026-04-01 06:30:00
SCR-0006786,HS-002992,0,18,2025-12-21 01:23:06,2026-04-01 06:30:00
SCR-0006787,HS-002992,18,33,2025-12-22 20:12:05,2026-04-01 06:30:00
SCR-0006788,HS-002993,0,12,2026-02-18 10:07:22,2026-04-01 06:30:00
SCR-0006789,HS-002993,12,25,2026-03-04 00:21:07,2026-04-01 06:30:00
SCR-0006790,HS-002994,0,10,2026-03-03 21:52:44,2026-04-01 06:30:00
SCR-0006791,HS-002994,10,45,2026-03-09 02:24:05,2026-04-01 06:30:00
SCR-0006792,HS-002994,45,79,2026-03-10 21:32:35,2026-04-01 06:30:00
SCR-0006793,HS-002995,0,16,2025-10-10 06:59:29,2026-04-01 06:30:00
SCR-0006794,HS-002995,16,46,2025-10-15 05:26:25,2026-04-01 06:30:00
SCR-0006795,HS-002995,46,80,2025-10-16 00:43:22,2026-04-01 06:30:00
SCR-0006796,HS-002996,0,8,2026-02-23 02:11:18,2026-04-01 06:30:00
SCR-0006797,HS-002996,8,44,2026-03-04 02:30:46,2026-04-01 06:30:00
SCR-0006798,HS-002996,44,80,2026-03-04 12:59:47,2026-04-01 06:30:00
SCR-0006799,HS-002997,0,21,2026-01-18 21:30:27,2026-04-01 06:30:00
SCR-0006800,HS-002997,21,27,2026-02-03 12:58:07,2026-04-01 06:30:00
SCR-0006801,HS-002998,0,16,2025-11-16 21:19:48,2026-04-01 06:30:00
SCR-0006802,HS-002998,16,46,2025-11-23 15:43:04,2026-04-01 06:30:00
SCR-0006803,HS-002998,46,86,2025-11-25 20:48:27,2026-04-01 06:30:00
SCR-0006804,HS-002999,0,10,2026-02-05 08:42:55,2026-04-01 06:30:00
SCR-0006805,HS-002999,10,28,2026-02-09 10:14:57,2026-04-01 06:30:00
SCR-0006806,HS-003000,0,24,2025-11-05 17:30:00,2026-04-01 06:30:00
SCR-0006807,HS-003001,0,7,2025-10-28 03:00:36,2026-04-01 06:30:00
SCR-0006808,HS-003001,7,48,2025-11-06 07:22:29,2026-04-01 06:30:00
SCR-0006809,HS-003001,48,59,2025-11-09 02:51:13,2026-04-01 06:30:00
SCR-0006810,HS-003002,0,6,2025-10-26 16:00:34,2026-04-01 06:30:00
SCR-0006811,HS-003002,6,11,2025-11-06 05:53:56,2026-04-01 06:30:00
SCR-0006812,HS-003003,0,16,2026-03-05 22:58:06,2026-04-01 06:30:00
SCR-0006813,HS-003003,16,45,2026-03-20 21:35:53,2026-04-01 06:30:00
SCR-0006814,HS-003003,45,67,2026-03-22 03:46:34,2026-04-01 06:30:00
SCR-0006815,HS-003004,0,20,2026-03-06 07:04:23,2026-04-01 06:30:00
SCR-0006816,HS-003004,20,48,2026-03-23 07:17:30,2026-04-01 06:30:00
SCR-0006817,HS-003004,48,51,2026-03-25 15:15:45,2026-04-01 06:30:00
SCR-0006818,HS-003005,0,17,2026-02-05 06:42:44,2026-04-01 06:30:00
SCR-0006819,HS-003005,17,43,2026-02-24 12:56:45,2026-04-01 06:30:00
SCR-0006820,HS-003005,43,59,2026-02-26 11:45:17,2026-04-01 06:30:00
SCR-0006821,HS-003006,0,13,2025-08-29 14:15:40,2026-04-01 06:30:00
SCR-0006822,HS-003006,13,41,2025-09-05 12:33:29,2026-04-01 06:30:00
SCR-0006823,HS-003006,41,81,2025-09-05 21:39:21,2026-04-01 06:30:00
SCR-0006824,HS-003007,0,6,2025-12-26 15:54:34,2026-04-01 06:30:00
SCR-0006825,HS-003007,6,40,2026-01-02 08:48:54,2026-04-01 06:30:00
SCR-0006826,HS-003007,40,66,2026-01-04 14:04:20,2026-04-01 06:30:00
SCR-0006827,HS-003008,0,16,2026-01-22 12:32:04,2026-04-01 06:30:00
SCR-0006828,HS-003009,0,15,2025-11-01 19:51:13,2026-04-01 06:30:00
SCR-0006829,HS-003009,15,43,2025-11-06 01:34:39,2026-04-01 06:30:00
SCR-0006830,HS-003009,43,50,2025-11-06 19:42:54,2026-04-01 06:30:00
SCR-0006831,HS-003010,0,23,2025-08-28 18:16:01,2026-04-01 06:30:00
SCR-0006832,HS-003010,23,45,2025-08-31 17:29:07,2026-04-01 06:30:00
SCR-0006833,HS-003010,45,85,2025-09-02 18:25:53,2026-04-01 06:30:00
SCR-0006834,HS-003011,0,18,2026-01-13 02:21:39,2026-04-01 06:30:00
SCR-0006835,HS-003011,18,44,2026-01-18 22:43:22,2026-04-01 06:30:00
SCR-0006836,HS-003011,44,90,2026-01-20 21:00:28,2026-04-01 06:30:00
SCR-0006837,HS-003012,0,18,2025-11-27 07:49:30,2026-04-01 06:30:00
SCR-0006838,HS-003012,18,39,2025-12-09 17:07:49,2026-04-01 06:30:00
SCR-0006839,HS-003013,0,6,2025-10-02 09:38:45,2026-04-01 06:30:00
SCR-0006840,HS-003013,6,11,2025-10-15 19:29:25,2026-04-01 06:30:00
SCR-0006841,HS-003014,0,12,2026-02-22 00:52:05,2026-04-01 06:30:00
SCR-0006842,HS-003014,12,19,2026-03-12 07:30:29,2026-04-01 06:30:00
SCR-0006843,HS-003015,0,21,2025-12-08 03:25:41,2026-04-01 06:30:00
SCR-0006844,HS-003015,21,46,2025-12-22 08:01:11,2026-04-01 06:30:00
SCR-0006845,HS-003016,0,8,2025-09-18 09:07:16,2026-04-01 06:30:00
SCR-0006846,HS-003016,8,44,2025-09-25 04:47:56,2026-04-01 06:30:00
SCR-0006847,HS-003016,44,56,2025-09-25 23:33:10,2026-04-01 06:30:00
SCR-0006848,HS-003017,0,21,2025-11-14 02:39:45,2026-04-01 06:30:00
SCR-0006849,HS-003017,21,42,2025-11-21 09:04:20,2026-04-01 06:30:00
SCR-0006850,HS-003017,42,87,2025-11-22 12:16:22,2026-04-01 06:30:00
SCR-0006851,HS-003018,0,14,2025-12-17 20:53:53,2026-04-01 06:30:00
SCR-0006852,HS-003019,0,19,2026-01-07 23:54:47,2026-04-01 06:30:00
SCR-0006853,HS-003019,19,33,2026-01-12 17:05:53,2026-04-01 06:30:00
SCR-0006854,HS-003020,0,17,2025-10-14 04:56:31,2026-04-01 06:30:00
SCR-0006855,HS-003020,17,44,2025-10-18 20:11:22,2026-04-01 06:30:00
SCR-0006856,HS-003021,0,7,2025-09-11 15:37:24,2026-04-01 06:30:00
SCR-0006857,HS-003021,7,25,2025-09-21 12:33:18,2026-04-01 06:30:00
SCR-0006858,HS-003022,0,14,2026-02-16 05:29:53,2026-04-01 06:30:00
SCR-0006859,HS-003022,14,23,2026-02-26 19:12:41,2026-04-01 06:30:00
SCR-0006860,HS-003023,0,21,2025-11-10 17:44:48,2026-04-01 06:30:00
SCR-0006861,HS-003024,0,17,2025-11-28 19:05:20,2026-04-01 06:30:00
SCR-0006862,HS-003024,17,44,2025-12-03 13:10:43,2026-04-01 06:30:00
SCR-0006863,HS-003025,0,15,2025-12-28 18:45:53,2026-04-01 06:30:00
SCR-0006864,HS-003025,15,41,2026-01-13 06:29:57,2026-04-01 06:30:00
SCR-0006865,HS-003025,41,90,2026-01-13 16:01:05,2026-04-01 06:30:00
SCR-0006866,HS-003026,0,19,2025-10-22 02:19:53,2026-04-01 06:30:00
SCR-0006867,HS-003026,19,42,2025-10-26 07:58:06,2026-04-01 06:30:00
SCR-0006868,HS-003026,42,68,2025-10-27 19:44:05,2026-04-01 06:30:00
SCR-0006869,HS-003027,0,7,2026-01-06 00:47:00,2026-04-01 06:30:00
SCR-0006870,HS-003027,7,24,2026-01-25 06:51:56,2026-04-01 06:30:00
SCR-0006871,HS-003028,0,15,2025-09-27 22:04:24,2026-04-01 06:30:00
SCR-0006872,HS-003028,15,47,2025-10-01 23:28:58,2026-04-01 06:30:00
SCR-0006873,HS-003028,47,78,2025-10-03 07:38:15,2026-04-01 06:30:00
SCR-0006874,HS-003029,0,14,2025-12-12 21:39:21,2026-04-01 06:30:00
SCR-0006875,HS-003029,14,41,2025-12-17 00:47:54,2026-04-01 06:30:00
SCR-0006876,HS-003029,41,75,2025-12-17 02:10:56,2026-04-01 06:30:00
SCR-0006877,HS-003030,0,5,2026-03-30 05:38:01,2026-04-01 06:30:00
SCR-0006878,HS-003030,5,37,2026-04-08 04:49:41,2026-04-01 06:30:00
SCR-0006879,HS-003031,0,23,2025-12-08 04:31:29,2026-04-01 06:30:00
SCR-0006880,HS-003031,23,31,2025-12-14 22:30:45,2026-04-01 06:30:00
SCR-0006881,HS-003032,0,13,2025-12-10 13:09:13,2026-04-01 06:30:00
SCR-0006882,HS-003032,13,41,2025-12-23 17:48:28,2026-04-01 06:30:00
SCR-0006883,HS-003032,41,71,2025-12-25 05:25:41,2026-04-01 06:30:00
SCR-0006884,HS-003033,0,5,2025-10-31 01:19:31,2026-04-01 06:30:00
SCR-0006885,HS-003033,5,47,2025-11-07 06:00:19,2026-04-01 06:30:00
SCR-0006886,HS-003033,47,57,2025-11-07 06:02:20,2026-04-01 06:30:00
SCR-0006887,HS-003034,0,21,2025-08-23 05:51:35,2026-04-01 06:30:00
SCR-0006888,HS-003034,21,44,2025-09-07 04:02:49,2026-04-01 06:30:00
SCR-0006889,HS-003034,44,62,2025-09-07 07:33:04,2026-04-01 06:30:00
SCR-0006890,HS-003035,0,17,2025-09-01 22:16:59,2026-04-01 06:30:00
SCR-0006891,HS-003035,17,33,2025-09-11 00:47:33,2026-04-01 06:30:00
SCR-0006892,HS-003036,0,12,2026-03-08 12:40:51,2026-04-01 06:30:00
SCR-0006893,HS-003036,12,17,2026-03-13 17:36:50,2026-04-01 06:30:00
SCR-0006894,HS-003037,0,7,2025-12-20 15:23:38,2026-04-01 06:30:00
SCR-0006895,HS-003037,7,44,2025-12-23 08:30:58,2026-04-01 06:30:00
SCR-0006896,HS-003038,0,13,2026-01-12 16:59:40,2026-04-01 06:30:00
SCR-0006897,HS-003038,13,44,2026-01-19 14:57:23,2026-04-01 06:30:00
SCR-0006898,HS-003038,44,65,2026-01-20 13:12:28,2026-04-01 06:30:00
SCR-0006899,HS-003039,0,23,2025-08-30 05:26:13,2026-04-01 06:30:00
SCR-0006900,HS-003039,23,42,2025-09-20 01:02:24,2026-04-01 06:30:00
SCR-0006901,HS-003039,42,66,2025-09-20 17:36:59,2026-04-01 06:30:00
SCR-0006902,HS-003040,0,16,2026-03-17 09:54:31,2026-04-01 06:30:00
SCR-0006903,HS-003040,16,45,2026-03-26 09:17:16,2026-04-01 06:30:00
SCR-0006904,HS-003040,45,65,2026-03-28 14:30:26,2026-04-01 06:30:00
SCR-0006905,HS-003041,0,21,2025-12-12 07:18:56,2026-04-01 06:30:00
SCR-0006906,HS-003041,21,44,2025-12-21 07:03:45,2026-04-01 06:30:00
SCR-0006907,HS-003041,44,71,2025-12-22 03:08:46,2026-04-01 06:30:00
SCR-0006908,HS-003042,0,9,2026-02-18 02:45:32,2026-04-01 06:30:00
SCR-0006909,HS-003042,9,45,2026-02-23 00:21:29,2026-04-01 06:30:00
SCR-0006910,HS-003042,45,54,2026-02-24 21:18:06,2026-04-01 06:30:00
SCR-0006911,HS-003043,0,18,2025-10-11 10:44:42,2026-04-01 06:30:00
SCR-0006912,HS-003043,18,31,2025-10-27 22:02:47,2026-04-01 06:30:00
SCR-0006913,HS-003044,0,15,2026-01-02 10:43:06,2026-04-01 06:30:00
SCR-0006914,HS-003044,15,31,2026-01-14 02:28:26,2026-04-01 06:30:00
SCR-0006915,HS-003045,0,9,2025-11-14 23:42:21,2026-04-01 06:30:00
SCR-0006916,HS-003045,9,15,2025-11-18 08:55:23,2026-04-01 06:30:00
SCR-0006917,HS-003046,0,14,2026-01-07 13:40:57,2026-04-01 06:30:00
SCR-0006918,HS-003047,0,23,2025-11-14 10:45:10,2026-04-01 06:30:00
SCR-0006919,HS-003047,23,45,2025-11-21 21:27:26,2026-04-01 06:30:00
SCR-0006920,HS-003047,45,71,2025-11-24 07:46:23,2026-04-01 06:30:00
SCR-0006921,HS-003048,0,19,2025-10-14 00:22:32,2026-04-01 06:30:00
SCR-0006922,HS-003048,19,24,2025-10-24 16:36:48,2026-04-01 06:30:00
SCR-0006923,HS-003049,0,15,2025-09-10 21:54:36,2026-04-01 06:30:00
SCR-0006924,HS-003050,0,15,2025-11-22 02:01:36,2026-04-01 06:30:00
SCR-0006925,HS-003050,15,40,2025-12-26 09:06:02,2026-04-01 06:30:00
SCR-0006926,HS-003050,40,77,2025-12-28 04:59:23,2026-04-01 06:30:00
SCR-0006927,HS-003051,0,15,2025-11-12 11:34:10,2026-04-01 06:30:00
SCR-0006928,HS-003051,15,47,2025-11-20 08:37:48,2026-04-01 06:30:00
SCR-0006929,HS-003051,47,54,2025-11-21 07:08:59,2026-04-01 06:30:00
SCR-0006930,HS-003052,0,20,2026-02-11 19:24:55,2026-04-01 06:30:00
SCR-0006931,HS-003052,20,43,2026-02-19 23:54:01,2026-04-01 06:30:00
SCR-0006932,HS-003052,43,51,2026-02-20 21:42:37,2026-04-01 06:30:00
SCR-0006933,HS-003053,0,21,2025-08-30 22:22:08,2026-04-01 06:30:00
SCR-0006934,HS-003053,21,46,2025-09-03 11:57:41,2026-04-01 06:30:00
SCR-0006935,HS-003054,0,16,2026-01-06 16:49:35,2026-04-01 06:30:00
SCR-0006936,HS-003054,16,36,2026-01-11 15:09:12,2026-04-01 06:30:00
SCR-0006937,HS-003055,0,8,2025-10-13 15:11:38,2026-04-01 06:30:00
SCR-0006938,HS-003055,8,46,2025-10-30 19:55:15,2026-04-01 06:30:00
SCR-0006939,HS-003055,46,74,2025-11-02 04:41:07,2026-04-01 06:30:00
SCR-0006940,HS-003056,0,15,2026-02-16 21:34:54,2026-04-01 06:30:00
SCR-0006941,HS-003056,15,47,2026-02-24 10:08:19,2026-04-01 06:30:00
SCR-0006942,HS-003056,47,62,2026-02-24 12:31:03,2026-04-01 06:30:00
SCR-0006943,HS-003057,0,8,2025-12-09 11:33:25,2026-04-01 06:30:00
SCR-0006944,HS-003058,0,8,2025-10-18 06:07:09,2026-04-01 06:30:00
SCR-0006945,HS-003058,8,40,2025-10-24 16:18:47,2026-04-01 06:30:00
SCR-0006946,HS-003058,40,72,2025-10-27 11:19:19,2026-04-01 06:30:00
SCR-0006947,HS-003059,0,18,2026-03-10 14:40:06,2026-04-01 06:30:00
SCR-0006948,HS-003059,18,35,2026-03-30 12:24:59,2026-04-01 06:30:00
SCR-0006949,HS-003060,0,5,2025-09-11 07:21:30,2026-04-01 06:30:00
SCR-0006950,HS-003060,5,6,2025-10-01 04:31:45,2026-04-01 06:30:00
SCR-0006951,HS-003061,0,8,2025-11-06 16:34:55,2026-04-01 06:30:00
SCR-0006952,HS-003061,8,45,2025-11-21 11:47:48,2026-04-01 06:30:00
SCR-0006953,HS-003061,45,77,2025-11-21 15:53:04,2026-04-01 06:30:00
SCR-0006954,HS-003062,0,24,2026-03-06 17:16:40,2026-04-01 06:30:00
SCR-0006955,HS-003063,0,7,2026-02-14 23:27:09,2026-04-01 06:30:00
SCR-0006956,HS-003063,7,45,2026-02-22 21:27:37,2026-04-01 06:30:00
SCR-0006957,HS-003063,45,79,2026-02-25 11:24:36,2026-04-01 06:30:00
SCR-0006958,HS-003064,0,17,2025-11-01 05:49:15,2026-04-01 06:30:00
SCR-0006959,HS-003065,0,12,2025-12-14 07:54:09,2026-04-01 06:30:00
SCR-0006960,HS-003065,12,16,2025-12-17 23:36:43,2026-04-01 06:30:00
SCR-0006961,HS-003066,0,5,2026-01-21 03:17:33,2026-04-01 06:30:00
SCR-0006962,HS-003066,5,9,2026-02-04 22:36:42,2026-04-01 06:30:00
SCR-0006963,HS-003067,0,17,2025-11-27 02:49:45,2026-04-01 06:30:00
SCR-0006964,HS-003067,17,42,2025-12-03 08:54:03,2026-04-01 06:30:00
SCR-0006965,HS-003067,42,75,2025-12-06 05:40:29,2026-04-01 06:30:00
SCR-0006966,HS-003068,0,6,2025-12-09 14:49:30,2026-04-01 06:30:00
SCR-0006967,HS-003068,6,12,2025-12-19 00:55:24,2026-04-01 06:30:00
SCR-0006968,HS-003069,0,24,2025-12-30 13:18:19,2026-04-01 06:30:00
SCR-0006969,HS-003069,24,40,2026-01-07 06:24:06,2026-04-01 06:30:00
SCR-0006970,HS-003069,40,53,2026-01-09 09:58:36,2026-04-01 06:30:00
SCR-0006971,HS-003070,0,13,2025-12-13 02:40:37,2026-04-01 06:30:00
SCR-0006972,HS-003070,13,40,2025-12-21 10:06:34,2026-04-01 06:30:00
SCR-0006973,HS-003070,40,79,2025-12-22 17:39:34,2026-04-01 06:30:00
SCR-0006974,HS-003071,0,23,2026-03-16 00:44:29,2026-04-01 06:30:00
SCR-0006975,HS-003072,0,12,2026-01-01 07:08:10,2026-04-01 06:30:00
SCR-0006976,HS-003072,12,39,2026-01-02 10:09:39,2026-04-01 06:30:00
SCR-0006977,HS-003073,0,9,2025-09-06 08:14:32,2026-04-01 06:30:00
SCR-0006978,HS-003073,9,41,2025-09-08 22:07:15,2026-04-01 06:30:00
SCR-0006979,HS-003073,41,87,2025-09-11 12:04:29,2026-04-01 06:30:00
SCR-0006980,HS-003074,0,11,2025-11-04 21:21:27,2026-04-01 06:30:00
SCR-0006981,HS-003074,11,25,2025-11-17 23:02:05,2026-04-01 06:30:00
SCR-0006982,HS-003075,0,23,2025-09-09 21:43:32,2026-04-01 06:30:00
SCR-0006983,HS-003075,23,48,2025-09-12 17:48:12,2026-04-01 06:30:00
SCR-0006984,HS-003075,48,69,2025-09-14 09:17:11,2026-04-01 06:30:00
SCR-0006985,HS-003076,0,18,2026-02-02 21:54:12,2026-04-01 06:30:00
SCR-0006986,HS-003077,0,12,2025-11-29 02:59:30,2026-04-01 06:30:00
SCR-0006987,HS-003077,12,40,2025-12-13 07:34:16,2026-04-01 06:30:00
SCR-0006988,HS-003077,40,75,2025-12-14 22:41:49,2026-04-01 06:30:00
SCR-0006989,HS-003078,0,8,2025-10-21 00:08:24,2026-04-01 06:30:00
SCR-0006990,HS-003078,8,44,2025-11-02 22:34:06,2026-04-01 06:30:00
SCR-0006991,HS-003078,44,87,2025-11-03 10:41:51,2026-04-01 06:30:00
SCR-0006992,HS-003079,0,7,2026-01-08 09:01:25,2026-04-01 06:30:00
SCR-0006993,HS-003079,7,33,2026-01-12 17:10:39,2026-04-01 06:30:00
SCR-0006994,HS-003080,0,24,2026-03-15 03:54:45,2026-04-01 06:30:00
SCR-0006995,HS-003080,24,40,2026-03-24 15:39:20,2026-04-01 06:30:00
SCR-0006996,HS-003080,40,90,2026-03-26 04:31:24,2026-04-01 06:30:00
SCR-0006997,HS-003081,0,13,2025-08-28 09:01:04,2026-04-01 06:30:00
SCR-0006998,HS-003081,13,44,2025-09-03 01:50:12,2026-04-01 06:30:00
SCR-0006999,HS-003081,44,90,2025-09-05 20:44:16,2026-04-01 06:30:00
SCR-0007000,HS-003082,0,17,2025-11-25 16:33:46,2026-04-01 06:30:00
SCR-0007001,HS-003082,17,20,2025-11-28 11:04:31,2026-04-01 06:30:00
SCR-0007002,HS-003083,0,9,2025-10-24 01:05:31,2026-04-01 06:30:00
SCR-0007003,HS-003083,9,41,2025-10-30 04:08:58,2026-04-01 06:30:00
SCR-0007004,HS-003083,41,56,2025-11-01 11:32:37,2026-04-01 06:30:00
SCR-0007005,HS-003084,0,21,2025-09-13 12:29:58,2026-04-01 06:30:00
SCR-0007006,HS-003084,21,40,2025-09-20 18:30:32,2026-04-01 06:30:00
SCR-0007007,HS-003084,40,50,2025-09-22 00:29:44,2026-04-01 06:30:00
SCR-0007008,HS-003085,0,10,2026-01-15 17:54:15,2026-04-01 06:30:00
SCR-0007009,HS-003086,0,20,2025-10-11 18:28:14,2026-04-01 06:30:00
SCR-0007010,HS-003086,20,26,2025-10-19 08:01:01,2026-04-01 06:30:00
SCR-0007011,HS-003087,0,16,2025-12-10 12:53:05,2026-04-01 06:30:00
SCR-0007012,HS-003088,0,5,2025-12-14 11:53:34,2026-04-01 06:30:00
SCR-0007013,HS-003088,5,45,2025-12-25 09:41:00,2026-04-01 06:30:00
SCR-0007014,HS-003089,0,18,2025-09-10 06:22:24,2026-04-01 06:30:00
SCR-0007015,HS-003090,0,16,2025-11-26 05:24:20,2026-04-01 06:30:00
SCR-0007016,HS-003090,16,42,2025-12-13 20:34:20,2026-04-01 06:30:00
SCR-0007017,HS-003090,42,77,2025-12-15 20:55:23,2026-04-01 06:30:00
SCR-0007018,HS-003091,0,21,2026-03-02 16:57:46,2026-04-01 06:30:00
SCR-0007019,HS-003091,21,40,2026-03-10 01:42:52,2026-04-01 06:30:00
SCR-0007020,HS-003091,40,68,2026-03-11 01:18:47,2026-04-01 06:30:00
SCR-0007021,HS-003092,0,6,2025-12-16 07:07:07,2026-04-01 06:30:00
SCR-0007022,HS-003092,6,15,2026-01-03 11:05:40,2026-04-01 06:30:00
SCR-0007023,HS-003093,0,11,2026-02-06 08:59:53,2026-04-01 06:30:00
SCR-0007024,HS-003093,11,42,2026-02-15 20:36:50,2026-04-01 06:30:00
SCR-0007025,HS-003093,42,71,2026-02-17 01:31:39,2026-04-01 06:30:00
SCR-0007026,HS-003094,0,24,2026-01-19 03:06:58,2026-04-01 06:30:00
SCR-0007027,HS-003094,24,43,2026-02-05 00:32:18,2026-04-01 06:30:00
SCR-0007028,HS-003094,43,64,2026-02-07 18:50:46,2026-04-01 06:30:00
SCR-0007029,HS-003095,0,17,2026-03-18 15:51:17,2026-04-01 06:30:00
SCR-0007030,HS-003096,0,12,2025-12-13 20:36:15,2026-04-01 06:30:00
SCR-0007031,HS-003097,0,7,2025-10-07 07:47:58,2026-04-01 06:30:00
SCR-0007032,HS-003097,7,40,2025-10-13 04:31:31,2026-04-01 06:30:00
SCR-0007033,HS-003098,0,15,2025-11-18 13:38:32,2026-04-01 06:30:00
SCR-0007034,HS-003098,15,22,2025-12-05 01:38:25,2026-04-01 06:30:00
SCR-0007035,HS-003099,0,24,2026-01-03 13:01:31,2026-04-01 06:30:00
SCR-0007036,HS-003099,24,47,2026-01-07 09:18:37,2026-04-01 06:30:00
SCR-0007037,HS-003099,47,54,2026-01-10 04:47:33,2026-04-01 06:30:00
SCR-0007038,HS-003100,0,21,2025-10-25 23:53:34,2026-04-01 06:30:00
SCR-0007039,HS-003100,21,42,2025-11-01 09:07:44,2026-04-01 06:30:00
SCR-0007040,HS-003100,42,69,2025-11-01 15:21:44,2026-04-01 06:30:00
SCR-0007041,HS-003101,0,19,2026-03-16 18:17:24,2026-04-01 06:30:00
SCR-0007042,HS-003101,19,28,2026-04-04 08:09:11,2026-04-01 06:30:00
SCR-0007043,HS-003102,0,18,2026-01-29 03:33:43,2026-04-01 06:30:00
SCR-0007044,HS-003103,0,13,2025-09-27 02:46:01,2026-04-01 06:30:00
SCR-0007045,HS-003104,0,7,2026-02-25 22:33:21,2026-04-01 06:30:00
SCR-0007046,HS-003104,7,26,2026-03-05 15:35:41,2026-04-01 06:30:00
SCR-0007047,HS-003105,0,11,2025-10-03 12:58:52,2026-04-01 06:30:00
SCR-0007048,HS-003105,11,35,2025-10-19 01:34:45,2026-04-01 06:30:00
SCR-0007049,HS-003106,0,8,2025-12-22 12:29:27,2026-04-01 06:30:00
SCR-0007050,HS-003106,8,48,2026-01-02 15:31:23,2026-04-01 06:30:00
SCR-0007051,HS-003106,48,77,2026-01-04 09:49:23,2026-04-01 06:30:00
SCR-0007052,HS-003107,0,5,2026-02-15 03:21:17,2026-04-01 06:30:00
SCR-0007053,HS-003107,5,38,2026-02-19 11:15:41,2026-04-01 06:30:00
SCR-0007054,HS-003108,0,21,2025-10-12 16:39:05,2026-04-01 06:30:00
SCR-0007055,HS-003109,0,11,2025-12-13 00:01:07,2026-04-01 06:30:00
SCR-0007056,HS-003109,11,12,2025-12-25 07:41:34,2026-04-01 06:30:00
SCR-0007057,HS-003110,0,19,2025-11-29 07:30:04,2026-04-01 06:30:00
SCR-0007058,HS-003111,0,6,2025-09-10 07:00:39,2026-04-01 06:30:00
SCR-0007059,HS-003111,6,44,2025-09-20 20:55:05,2026-04-01 06:30:00
SCR-0007060,HS-003111,44,78,2025-09-21 21:04:03,2026-04-01 06:30:00
SCR-0007061,HS-003112,0,18,2025-10-21 21:22:17,2026-04-01 06:30:00
SCR-0007062,HS-003112,18,43,2025-10-25 08:32:05,2026-04-01 06:30:00
SCR-0007063,HS-003112,43,83,2025-10-27 08:40:55,2026-04-01 06:30:00
SCR-0007064,HS-003113,0,15,2025-11-20 13:11:09,2026-04-01 06:30:00
SCR-0007065,HS-003113,15,32,2025-11-22 02:12:26,2026-04-01 06:30:00
SCR-0007066,HS-003114,0,21,2025-12-27 20:04:32,2026-04-01 06:30:00
SCR-0007067,HS-003115,0,9,2026-03-02 21:07:33,2026-04-01 06:30:00
SCR-0007068,HS-003115,9,18,2026-03-12 21:57:08,2026-04-01 06:30:00
SCR-0007069,HS-003116,0,12,2026-03-07 18:59:19,2026-04-01 06:30:00
SCR-0007070,HS-003116,12,43,2026-03-11 10:33:03,2026-04-01 06:30:00
SCR-0007071,HS-003116,43,53,2026-03-12 08:36:07,2026-04-01 06:30:00
SCR-0007072,HS-003117,0,13,2026-03-08 09:54:36,2026-04-01 06:30:00
SCR-0007073,HS-003117,13,49,2026-03-19 03:23:56,2026-04-01 06:30:00
SCR-0007074,HS-003118,0,24,2025-09-29 01:40:23,2026-04-01 06:30:00
SCR-0007075,HS-003118,24,43,2025-10-19 21:10:20,2026-04-01 06:30:00
SCR-0007076,HS-003118,43,53,2025-10-21 15:52:06,2026-04-01 06:30:00
SCR-0007077,HS-003119,0,5,2025-08-23 17:45:59,2026-04-01 06:30:00
SCR-0007078,HS-003119,5,41,2025-09-05 10:54:06,2026-04-01 06:30:00
SCR-0007079,HS-003120,0,10,2026-03-13 02:57:14,2026-04-01 06:30:00
SCR-0007080,HS-003120,10,48,2026-03-28 20:23:37,2026-04-01 06:30:00
SCR-0007081,HS-003120,48,90,2026-03-29 01:28:30,2026-04-01 06:30:00
SCR-0007082,HS-003121,0,19,2025-11-27 11:47:33,2026-04-01 06:30:00
SCR-0007083,HS-003121,19,41,2025-12-09 23:49:27,2026-04-01 06:30:00
SCR-0007084,HS-003121,41,57,2025-12-10 08:26:58,2026-04-01 06:30:00
SCR-0007085,HS-003122,0,7,2026-02-22 20:04:41,2026-04-01 06:30:00
SCR-0007086,HS-003122,7,16,2026-03-13 09:45:20,2026-04-01 06:30:00
SCR-0007087,HS-003123,0,11,2025-11-05 09:35:01,2026-04-01 06:30:00
SCR-0007088,HS-003123,11,45,2025-11-11 19:50:27,2026-04-01 06:30:00
SCR-0007089,HS-003123,45,56,2025-11-13 07:09:00,2026-04-01 06:30:00
SCR-0007090,HS-003124,0,20,2026-01-03 02:05:00,2026-04-01 06:30:00
SCR-0007091,HS-003125,0,14,2025-12-28 08:52:52,2026-04-01 06:30:00
SCR-0007092,HS-003125,14,45,2026-01-03 15:44:22,2026-04-01 06:30:00
SCR-0007093,HS-003125,45,51,2026-01-05 23:00:07,2026-04-01 06:30:00
SCR-0007094,HS-003126,0,16,2025-10-06 13:26:17,2026-04-01 06:30:00
SCR-0007095,HS-003127,0,13,2025-10-10 19:35:50,2026-04-01 06:30:00
SCR-0007096,HS-003127,13,46,2025-10-13 20:21:45,2026-04-01 06:30:00
SCR-0007097,HS-003127,46,80,2025-10-14 13:42:33,2026-04-01 06:30:00
SCR-0007098,HS-003128,0,22,2025-11-30 12:56:54,2026-04-01 06:30:00
SCR-0007099,HS-003129,0,13,2026-02-15 16:48:09,2026-04-01 06:30:00
SCR-0007100,HS-003129,13,41,2026-02-23 22:38:41,2026-04-01 06:30:00
SCR-0007101,HS-003129,41,55,2026-02-25 06:42:46,2026-04-01 06:30:00
SCR-0007102,HS-003130,0,14,2025-12-08 19:55:12,2026-04-01 06:30:00
SCR-0007103,HS-003130,14,41,2025-12-22 08:57:54,2026-04-01 06:30:00
SCR-0007104,HS-003131,0,11,2026-02-09 10:14:36,2026-04-01 06:30:00
SCR-0007105,HS-003131,11,19,2026-02-28 16:51:36,2026-04-01 06:30:00
SCR-0007106,HS-003132,0,13,2025-10-07 08:59:22,2026-04-01 06:30:00
SCR-0007107,HS-003132,13,46,2025-10-15 13:56:19,2026-04-01 06:30:00
SCR-0007108,HS-003132,46,90,2025-10-16 21:26:51,2026-04-01 06:30:00
SCR-0007109,HS-003133,0,17,2025-09-29 17:47:15,2026-04-01 06:30:00
SCR-0007110,HS-003133,17,35,2025-10-12 03:33:53,2026-04-01 06:30:00
SCR-0007111,HS-003134,0,10,2025-12-04 15:42:56,2026-04-01 06:30:00
SCR-0007112,HS-003134,10,43,2025-12-14 01:18:05,2026-04-01 06:30:00
SCR-0007113,HS-003134,43,51,2025-12-15 17:57:59,2026-04-01 06:30:00
SCR-0007114,HS-003135,0,22,2026-03-02 22:23:34,2026-04-01 06:30:00
SCR-0007115,HS-003135,22,45,2026-03-17 03:56:43,2026-04-01 06:30:00
SCR-0007116,HS-003136,0,7,2025-09-18 04:47:08,2026-04-01 06:30:00
SCR-0007117,HS-003136,7,16,2025-09-20 17:14:22,2026-04-01 06:30:00
SCR-0007118,HS-003137,0,14,2025-10-03 19:29:16,2026-04-01 06:30:00
SCR-0007119,HS-003137,14,41,2025-10-12 07:48:42,2026-04-01 06:30:00
SCR-0007120,HS-003137,41,55,2025-10-13 11:29:56,2026-04-01 06:30:00
SCR-0007121,HS-003138,0,12,2025-11-17 22:13:25,2026-04-01 06:30:00
SCR-0007122,HS-003138,12,35,2025-11-22 11:28:40,2026-04-01 06:30:00
SCR-0007123,HS-003139,0,15,2025-12-05 22:37:41,2026-04-01 06:30:00
SCR-0007124,HS-003139,15,22,2025-12-13 17:36:34,2026-04-01 06:30:00
SCR-0007125,HS-003140,0,13,2026-03-06 10:56:14,2026-04-01 06:30:00
SCR-0007126,HS-003140,13,43,2026-03-10 20:15:38,2026-04-01 06:30:00
SCR-0007127,HS-003141,0,22,2026-01-30 15:13:46,2026-04-01 06:30:00
SCR-0007128,HS-003141,22,41,2026-02-03 12:19:37,2026-04-01 06:30:00
SCR-0007129,HS-003142,0,9,2026-03-21 07:25:27,2026-04-01 06:30:00
SCR-0007130,HS-003142,9,24,2026-03-25 12:06:45,2026-04-01 06:30:00
SCR-0007131,HS-003143,0,10,2025-11-22 01:13:02,2026-04-01 06:30:00
SCR-0007132,HS-003143,10,15,2025-12-04 08:53:32,2026-04-01 06:30:00
SCR-0007133,HS-003144,0,17,2025-08-22 07:12:12,2026-04-01 06:30:00
SCR-0007134,HS-003144,17,46,2025-09-06 01:11:40,2026-04-01 06:30:00
SCR-0007135,HS-003144,46,66,2025-09-06 03:45:50,2026-04-01 06:30:00
SCR-0007136,HS-003145,0,11,2025-10-12 11:55:21,2026-04-01 06:30:00
SCR-0007137,HS-003145,11,47,2025-10-16 04:25:42,2026-04-01 06:30:00
SCR-0007138,HS-003145,47,73,2025-10-16 11:54:45,2026-04-01 06:30:00
SCR-0007139,HS-003146,0,7,2025-10-24 00:34:19,2026-04-01 06:30:00
SCR-0007140,HS-003147,0,14,2026-01-08 07:40:26,2026-04-01 06:30:00
SCR-0007141,HS-003147,14,42,2026-01-13 01:20:54,2026-04-01 06:30:00
SCR-0007142,HS-003147,42,85,2026-01-15 03:36:31,2026-04-01 06:30:00
SCR-0007143,HS-003148,0,16,2025-10-18 18:55:49,2026-04-01 06:30:00
SCR-0007144,HS-003148,16,44,2025-10-28 15:28:30,2026-04-01 06:30:00
SCR-0007145,HS-003148,44,50,2025-10-29 08:09:55,2026-04-01 06:30:00
SCR-0007146,HS-003149,0,22,2025-10-25 05:33:26,2026-04-01 06:30:00
SCR-0007147,HS-003149,22,48,2025-10-30 03:16:09,2026-04-01 06:30:00
SCR-0007148,HS-003149,48,77,2025-10-30 20:24:22,2026-04-01 06:30:00
SCR-0007149,HS-003150,0,15,2025-10-22 15:40:26,2026-04-01 06:30:00
SCR-0007150,HS-003150,15,45,2025-10-26 12:10:34,2026-04-01 06:30:00
SCR-0007151,HS-003150,45,86,2025-10-27 21:47:14,2026-04-01 06:30:00
SCR-0007152,HS-003151,0,24,2025-09-14 23:52:53,2026-04-01 06:30:00
SCR-0007153,HS-003152,0,7,2025-11-05 16:35:19,2026-04-01 06:30:00
SCR-0007154,HS-003152,7,20,2025-11-23 02:00:12,2026-04-01 06:30:00
SCR-0007155,HS-003153,0,12,2025-11-01 08:51:23,2026-04-01 06:30:00
SCR-0007156,HS-003153,12,47,2025-11-11 09:43:45,2026-04-01 06:30:00
SCR-0007157,HS-003153,47,69,2025-11-14 09:12:49,2026-04-01 06:30:00
SCR-0007158,HS-003154,0,6,2025-10-24 06:19:40,2026-04-01 06:30:00
SCR-0007159,HS-003154,6,12,2025-11-11 07:08:20,2026-04-01 06:30:00
SCR-0007160,HS-003155,0,18,2025-09-08 11:56:38,2026-04-01 06:30:00
SCR-0007161,HS-003155,18,48,2025-09-13 09:27:34,2026-04-01 06:30:00
SCR-0007162,HS-003155,48,87,2025-09-14 11:45:32,2026-04-01 06:30:00
SCR-0007163,HS-003156,0,7,2025-10-31 04:15:32,2026-04-01 06:30:00
SCR-0007164,HS-003156,7,45,2025-11-24 03:55:36,2026-04-01 06:30:00
SCR-0007165,HS-003156,45,77,2025-11-26 11:38:55,2026-04-01 06:30:00
SCR-0007166,HS-003157,0,19,2025-11-05 06:54:51,2026-04-01 06:30:00
SCR-0007167,HS-003157,19,21,2025-11-09 09:22:33,2026-04-01 06:30:00
SCR-0007168,HS-003158,0,17,2025-11-09 15:43:54,2026-04-01 06:30:00
SCR-0007169,HS-003158,17,26,2025-11-14 07:29:11,2026-04-01 06:30:00
SCR-0007170,HS-003159,0,18,2026-03-15 06:21:27,2026-04-01 06:30:00
SCR-0007171,HS-003159,18,27,2026-03-18 01:43:47,2026-04-01 06:30:00
SCR-0007172,HS-003160,0,8,2025-12-28 23:09:28,2026-04-01 06:30:00
SCR-0007173,HS-003160,8,47,2026-01-01 09:41:13,2026-04-01 06:30:00
SCR-0007174,HS-003160,47,64,2026-01-02 06:48:54,2026-04-01 06:30:00
SCR-0007175,HS-003161,0,7,2026-03-19 18:48:20,2026-04-01 06:30:00
SCR-0007176,HS-003161,7,46,2026-03-23 06:51:29,2026-04-01 06:30:00
SCR-0007177,HS-003161,46,86,2026-03-23 09:59:16,2026-04-01 06:30:00
SCR-0007178,HS-003162,0,22,2025-08-24 03:02:45,2026-04-01 06:30:00
SCR-0007179,HS-003162,22,43,2025-09-02 11:32:35,2026-04-01 06:30:00
SCR-0007180,HS-003162,43,77,2025-09-05 05:05:02,2026-04-01 06:30:00
SCR-0007181,HS-003163,0,8,2025-08-26 19:23:30,2026-04-01 06:30:00
SCR-0007182,HS-003163,8,41,2025-09-01 15:49:23,2026-04-01 06:30:00
SCR-0007183,HS-003164,0,21,2026-02-14 16:51:03,2026-04-01 06:30:00
SCR-0007184,HS-003164,21,46,2026-02-28 23:44:16,2026-04-01 06:30:00
SCR-0007185,HS-003164,46,79,2026-03-02 03:07:10,2026-04-01 06:30:00
SCR-0007186,HS-003165,0,15,2026-03-12 08:29:33,2026-04-01 06:30:00
SCR-0007187,HS-003165,15,47,2026-03-22 07:59:44,2026-04-01 06:30:00
SCR-0007188,HS-003165,47,85,2026-03-24 07:38:05,2026-04-01 06:30:00
SCR-0007189,HS-003166,0,21,2026-01-29 02:08:32,2026-04-01 06:30:00
SCR-0007190,HS-003166,21,41,2026-02-01 12:33:41,2026-04-01 06:30:00
SCR-0007191,HS-003166,41,86,2026-02-02 13:03:16,2026-04-01 06:30:00
SCR-0007192,HS-003167,0,16,2025-09-19 13:09:06,2026-04-01 06:30:00
SCR-0007193,HS-003167,16,43,2025-10-12 10:55:39,2026-04-01 06:30:00
SCR-0007194,HS-003167,43,75,2025-10-14 17:24:38,2026-04-01 06:30:00
SCR-0007195,HS-003168,0,8,2026-01-21 10:37:07,2026-04-01 06:30:00
SCR-0007196,HS-003168,8,24,2026-02-02 12:21:36,2026-04-01 06:30:00
SCR-0007197,HS-003169,0,24,2025-10-14 19:06:16,2026-04-01 06:30:00
SCR-0007198,HS-003169,24,28,2025-10-16 16:52:05,2026-04-01 06:30:00
SCR-0007199,HS-003170,0,19,2025-12-07 08:24:33,2026-04-01 06:30:00
SCR-0007200,HS-003170,19,46,2025-12-15 03:49:43,2026-04-01 06:30:00
SCR-0007201,HS-003170,46,61,2025-12-16 11:15:18,2026-04-01 06:30:00
SCR-0007202,HS-003171,0,12,2025-11-14 07:08:39,2026-04-01 06:30:00
SCR-0007203,HS-003171,12,19,2025-11-19 07:22:52,2026-04-01 06:30:00
SCR-0007204,HS-003172,0,6,2025-09-06 05:10:15,2026-04-01 06:30:00
SCR-0007205,HS-003172,6,47,2025-09-16 10:39:35,2026-04-01 06:30:00
SCR-0007206,HS-003172,47,65,2025-09-17 20:44:53,2026-04-01 06:30:00
SCR-0007207,HS-003173,0,6,2025-11-23 17:19:08,2026-04-01 06:30:00
SCR-0007208,HS-003173,6,45,2025-11-30 16:33:26,2026-04-01 06:30:00
SCR-0007209,HS-003173,45,89,2025-12-01 07:12:46,2026-04-01 06:30:00
SCR-0007210,HS-003174,0,13,2026-02-03 19:48:10,2026-04-01 06:30:00
SCR-0007211,HS-003174,13,36,2026-02-11 02:08:30,2026-04-01 06:30:00
SCR-0007212,HS-003175,0,8,2026-02-02 16:09:26,2026-04-01 06:30:00
SCR-0007213,HS-003175,8,26,2026-02-19 05:57:00,2026-04-01 06:30:00
SCR-0007214,HS-003176,0,9,2025-11-13 10:43:48,2026-04-01 06:30:00
SCR-0007215,HS-003176,9,15,2025-11-16 05:34:04,2026-04-01 06:30:00
SCR-0007216,HS-003177,0,11,2026-02-05 05:34:32,2026-04-01 06:30:00
SCR-0007217,HS-003177,11,44,2026-02-23 02:06:58,2026-04-01 06:30:00
SCR-0007218,HS-003177,44,71,2026-02-25 13:55:38,2026-04-01 06:30:00
SCR-0007219,HS-003178,0,12,2026-01-11 12:50:59,2026-04-01 06:30:00
SCR-0007220,HS-003178,12,27,2026-01-12 17:48:04,2026-04-01 06:30:00
SCR-0007221,HS-003179,0,5,2026-02-09 19:20:15,2026-04-01 06:30:00
SCR-0007222,HS-003179,5,42,2026-02-14 18:03:46,2026-04-01 06:30:00
SCR-0007223,HS-003179,42,58,2026-02-15 05:08:49,2026-04-01 06:30:00
SCR-0007224,HS-003180,0,17,2026-03-02 00:19:12,2026-04-01 06:30:00
SCR-0007225,HS-003180,17,48,2026-03-10 13:01:58,2026-04-01 06:30:00
SCR-0007226,HS-003181,0,12,2025-09-18 07:16:42,2026-04-01 06:30:00
SCR-0007227,HS-003182,0,19,2026-01-17 05:03:46,2026-04-01 06:30:00
SCR-0007228,HS-003182,19,43,2026-01-24 22:02:38,2026-04-01 06:30:00
SCR-0007229,HS-003183,0,10,2025-10-30 06:54:08,2026-04-01 06:30:00
SCR-0007230,HS-003183,10,36,2025-11-17 17:35:12,2026-04-01 06:30:00
SCR-0007231,HS-003184,0,21,2025-10-08 13:28:11,2026-04-01 06:30:00
SCR-0007232,HS-003184,21,47,2025-10-15 07:41:52,2026-04-01 06:30:00
SCR-0007233,HS-003184,47,64,2025-10-16 09:16:50,2026-04-01 06:30:00
SCR-0007234,HS-003185,0,15,2025-10-12 18:12:47,2026-04-01 06:30:00
SCR-0007235,HS-003185,15,43,2025-10-15 14:01:12,2026-04-01 06:30:00
SCR-0007236,HS-003185,43,64,2025-10-17 05:26:34,2026-04-01 06:30:00
SCR-0007237,HS-003186,0,14,2025-08-28 05:05:23,2026-04-01 06:30:00
SCR-0007238,HS-003186,14,40,2025-09-04 14:43:19,2026-04-01 06:30:00
SCR-0007239,HS-003186,40,63,2025-09-05 10:09:36,2026-04-01 06:30:00
SCR-0007240,HS-003187,0,8,2026-03-03 14:43:50,2026-04-01 06:30:00
SCR-0007241,HS-003187,8,28,2026-03-15 13:37:35,2026-04-01 06:30:00
SCR-0007242,HS-003188,0,16,2026-02-01 01:14:31,2026-04-01 06:30:00
SCR-0007243,HS-003188,16,18,2026-02-15 12:52:23,2026-04-01 06:30:00
SCR-0007244,HS-003189,0,14,2025-09-28 11:39:59,2026-04-01 06:30:00
SCR-0007245,HS-003189,14,45,2025-09-30 16:00:35,2026-04-01 06:30:00
SCR-0007246,HS-003189,45,53,2025-09-30 18:33:40,2026-04-01 06:30:00
SCR-0007247,HS-003190,0,14,2025-11-19 00:01:28,2026-04-01 06:30:00
SCR-0007248,HS-003190,14,44,2025-12-04 18:29:13,2026-04-01 06:30:00
SCR-0007249,HS-003190,44,68,2025-12-05 17:08:11,2026-04-01 06:30:00
SCR-0007250,HS-003191,0,24,2025-11-07 12:43:20,2026-04-01 06:30:00
SCR-0007251,HS-003191,24,46,2025-11-11 21:42:06,2026-04-01 06:30:00
SCR-0007252,HS-003191,46,90,2025-11-14 02:58:24,2026-04-01 06:30:00
SCR-0007253,HS-003192,0,11,2025-11-22 01:52:07,2026-04-01 06:30:00
SCR-0007254,HS-003192,11,47,2025-12-18 00:17:09,2026-04-01 06:30:00
SCR-0007255,HS-003192,47,79,2025-12-20 10:56:05,2026-04-01 06:30:00
SCR-0007256,HS-003193,0,17,2026-01-20 19:17:47,2026-04-01 06:30:00
SCR-0007257,HS-003193,17,40,2026-01-29 02:00:54,2026-04-01 06:30:00
SCR-0007258,HS-003193,40,58,2026-01-31 00:48:19,2026-04-01 06:30:00
SCR-0007259,HS-003194,0,6,2026-01-31 04:21:59,2026-04-01 06:30:00
SCR-0007260,HS-003194,6,47,2026-02-09 20:27:23,2026-04-01 06:30:00
SCR-0007261,HS-003194,47,78,2026-02-09 21:10:30,2026-04-01 06:30:00
SCR-0007262,HS-003195,0,12,2025-12-24 18:43:11,2026-04-01 06:30:00
SCR-0007263,HS-003195,12,47,2026-01-03 23:17:21,2026-04-01 06:30:00
SCR-0007264,HS-003195,47,62,2026-01-04 03:47:51,2026-04-01 06:30:00
SCR-0007265,HS-003196,0,7,2025-11-20 14:25:51,2026-04-01 06:30:00
SCR-0007266,HS-003196,7,39,2025-11-26 07:33:14,2026-04-01 06:30:00
SCR-0007267,HS-003197,0,8,2025-10-13 22:03:39,2026-04-01 06:30:00
SCR-0007268,HS-003197,8,18,2025-10-14 23:48:00,2026-04-01 06:30:00
SCR-0007269,HS-003198,0,15,2025-10-25 03:31:28,2026-04-01 06:30:00
SCR-0007270,HS-003198,15,43,2025-10-31 09:53:02,2026-04-01 06:30:00
SCR-0007271,HS-003198,43,86,2025-11-03 01:46:06,2026-04-01 06:30:00
SCR-0007272,HS-003199,0,6,2025-08-23 23:28:17,2026-04-01 06:30:00
SCR-0007273,HS-003199,6,46,2025-09-02 15:21:51,2026-04-01 06:30:00
SCR-0007274,HS-003199,46,69,2025-09-05 06:07:00,2026-04-01 06:30:00
SCR-0007275,HS-003200,0,17,2026-03-11 05:07:56,2026-04-01 06:30:00
SCR-0007276,HS-003200,17,46,2026-03-18 16:31:23,2026-04-01 06:30:00
SCR-0007277,HS-003201,0,16,2026-02-19 17:59:25,2026-04-01 06:30:00
SCR-0007278,HS-003201,16,23,2026-02-23 09:07:05,2026-04-01 06:30:00
SCR-0007279,HS-003202,0,10,2026-03-14 21:46:13,2026-04-01 06:30:00
SCR-0007280,HS-003202,10,48,2026-03-21 08:14:48,2026-04-01 06:30:00
SCR-0007281,HS-003202,48,75,2026-03-22 06:49:57,2026-04-01 06:30:00
SCR-0007282,HS-003203,0,15,2025-11-24 04:51:57,2026-04-01 06:30:00
SCR-0007283,HS-003203,15,44,2025-12-02 18:43:59,2026-04-01 06:30:00
SCR-0007284,HS-003203,44,70,2025-12-05 11:17:44,2026-04-01 06:30:00
SCR-0007285,HS-003204,0,7,2026-01-24 01:37:46,2026-04-01 06:30:00
SCR-0007286,HS-003204,7,21,2026-02-03 22:03:08,2026-04-01 06:30:00
SCR-0007287,HS-003205,0,11,2025-09-17 12:43:36,2026-04-01 06:30:00
SCR-0007288,HS-003205,11,41,2025-09-22 23:56:07,2026-04-01 06:30:00
SCR-0007289,HS-003205,41,80,2025-09-24 19:28:01,2026-04-01 06:30:00
SCR-0007290,HS-003206,0,13,2025-11-16 04:08:03,2026-04-01 06:30:00
SCR-0007291,HS-003206,13,14,2025-11-19 01:06:03,2026-04-01 06:30:00
SCR-0007292,HS-003207,0,10,2025-10-28 16:13:39,2026-04-01 06:30:00
SCR-0007293,HS-003207,10,46,2025-11-08 07:45:27,2026-04-01 06:30:00
SCR-0007294,HS-003207,46,51,2025-11-11 00:29:05,2026-04-01 06:30:00
SCR-0007295,HS-003208,0,20,2025-09-06 21:12:56,2026-04-01 06:30:00
SCR-0007296,HS-003208,20,45,2025-09-17 19:57:19,2026-04-01 06:30:00
SCR-0007297,HS-003208,45,51,2025-09-18 11:55:48,2026-04-01 06:30:00
SCR-0007298,HS-003209,0,8,2026-01-02 11:06:23,2026-04-01 06:30:00
SCR-0007299,HS-003209,8,38,2026-01-19 08:14:21,2026-04-01 06:30:00
SCR-0007300,HS-003210,0,7,2026-02-15 04:34:19,2026-04-01 06:30:00
SCR-0007301,HS-003210,7,45,2026-02-18 16:41:05,2026-04-01 06:30:00
SCR-0007302,HS-003210,45,74,2026-02-20 21:23:27,2026-04-01 06:30:00
SCR-0007303,HS-003211,0,9,2025-12-30 15:47:11,2026-04-01 06:30:00
SCR-0007304,HS-003211,9,46,2026-01-08 18:24:34,2026-04-01 06:30:00
SCR-0007305,HS-003212,0,14,2026-01-25 07:40:25,2026-04-01 06:30:00
SCR-0007306,HS-003212,14,44,2026-01-30 07:48:29,2026-04-01 06:30:00
SCR-0007307,HS-003212,44,68,2026-01-30 23:39:57,2026-04-01 06:30:00
SCR-0007308,HS-003213,0,5,2025-12-01 23:15:28,2026-04-01 06:30:00
SCR-0007309,HS-003213,5,47,2025-12-11 20:27:24,2026-04-01 06:30:00
SCR-0007310,HS-003214,0,15,2026-01-23 01:20:55,2026-04-01 06:30:00
SCR-0007311,HS-003214,15,44,2026-01-31 22:44:43,2026-04-01 06:30:00
SCR-0007312,HS-003214,44,59,2026-02-01 11:58:56,2026-04-01 06:30:00
SCR-0007313,HS-003215,0,24,2026-03-06 08:56:33,2026-04-01 06:30:00
SCR-0007314,HS-003216,0,7,2026-02-07 10:58:22,2026-04-01 06:30:00
SCR-0007315,HS-003216,7,44,2026-02-15 03:57:08,2026-04-01 06:30:00
SCR-0007316,HS-003216,44,84,2026-02-16 14:54:38,2026-04-01 06:30:00
SCR-0007317,HS-003217,0,13,2025-11-25 07:36:37,2026-04-01 06:30:00
SCR-0007318,HS-003217,13,43,2025-12-02 02:44:07,2026-04-01 06:30:00
SCR-0007319,HS-003217,43,51,2025-12-02 13:19:48,2026-04-01 06:30:00
SCR-0007320,HS-003218,0,21,2026-01-04 05:54:34,2026-04-01 06:30:00
SCR-0007321,HS-003218,21,48,2026-01-13 11:19:23,2026-04-01 06:30:00
SCR-0007322,HS-003218,48,52,2026-01-15 23:28:07,2026-04-01 06:30:00
SCR-0007323,HS-003219,0,15,2025-12-20 09:02:41,2026-04-01 06:30:00
SCR-0007324,HS-003219,15,43,2025-12-24 16:37:31,2026-04-01 06:30:00
SCR-0007325,HS-003219,43,58,2025-12-26 14:57:28,2026-04-01 06:30:00
SCR-0007326,HS-003220,0,12,2025-09-16 09:05:39,2026-04-01 06:30:00
SCR-0007327,HS-003220,12,41,2025-09-22 23:43:21,2026-04-01 06:30:00
SCR-0007328,HS-003220,41,86,2025-09-23 00:52:15,2026-04-01 06:30:00
SCR-0007329,HS-003221,0,17,2025-12-03 16:17:47,2026-04-01 06:30:00
SCR-0007330,HS-003222,0,16,2025-09-08 14:13:18,2026-04-01 06:30:00
SCR-0007331,HS-003222,16,45,2025-09-12 13:08:32,2026-04-01 06:30:00
SCR-0007332,HS-003222,45,82,2025-09-13 15:08:28,2026-04-01 06:30:00
SCR-0007333,HS-003223,0,20,2025-11-29 18:30:35,2026-04-01 06:30:00
SCR-0007334,HS-003224,0,10,2025-12-10 03:19:41,2026-04-01 06:30:00
SCR-0007335,HS-003224,10,12,2025-12-24 19:18:44,2026-04-01 06:30:00
SCR-0007336,HS-003225,0,14,2025-12-22 20:01:45,2026-04-01 06:30:00
SCR-0007337,HS-003225,14,48,2025-12-26 17:37:41,2026-04-01 06:30:00
SCR-0007338,HS-003225,48,79,2025-12-27 00:07:48,2026-04-01 06:30:00
SCR-0007339,HS-003226,0,15,2025-12-11 22:05:08,2026-04-01 06:30:00
SCR-0007340,HS-003226,15,47,2025-12-15 12:48:06,2026-04-01 06:30:00
SCR-0007341,HS-003226,47,65,2025-12-18 07:32:01,2026-04-01 06:30:00
SCR-0007342,HS-003227,0,6,2025-09-09 11:00:07,2026-04-01 06:30:00
SCR-0007343,HS-003227,6,33,2025-09-12 02:10:52,2026-04-01 06:30:00
SCR-0007344,HS-003228,0,11,2026-01-15 06:57:25,2026-04-01 06:30:00
SCR-0007345,HS-003229,0,16,2026-02-25 09:36:57,2026-04-01 06:30:00
SCR-0007346,HS-003229,16,46,2026-03-06 05:19:13,2026-04-01 06:30:00
SCR-0007347,HS-003229,46,89,2026-03-08 21:59:37,2026-04-01 06:30:00
SCR-0007348,HS-003230,0,22,2025-11-18 17:11:55,2026-04-01 06:30:00
SCR-0007349,HS-003230,22,48,2025-11-24 09:37:12,2026-04-01 06:30:00
SCR-0007350,HS-003230,48,78,2025-11-24 23:37:57,2026-04-01 06:30:00
SCR-0007351,HS-003231,0,13,2026-03-27 19:31:44,2026-04-01 06:30:00
SCR-0007352,HS-003231,13,38,2026-04-13 19:01:18,2026-04-01 06:30:00
SCR-0007353,HS-003232,0,18,2026-01-08 19:38:14,2026-04-01 06:30:00
SCR-0007354,HS-003232,18,42,2026-01-20 16:31:13,2026-04-01 06:30:00
SCR-0007355,HS-003232,42,68,2026-01-21 05:17:53,2026-04-01 06:30:00
SCR-0007356,HS-003233,0,23,2026-01-13 13:19:14,2026-04-01 06:30:00
SCR-0007357,HS-003233,23,43,2026-01-16 16:11:52,2026-04-01 06:30:00
SCR-0007358,HS-003233,43,63,2026-01-18 20:31:31,2026-04-01 06:30:00
SCR-0007359,HS-003234,0,16,2025-10-10 18:30:12,2026-04-01 06:30:00
SCR-0007360,HS-003234,16,32,2025-10-28 22:58:24,2026-04-01 06:30:00
SCR-0007361,HS-003235,0,8,2025-09-17 14:04:38,2026-04-01 06:30:00
SCR-0007362,HS-003235,8,48,2025-09-26 16:09:45,2026-04-01 06:30:00
SCR-0007363,HS-003235,48,86,2025-09-27 05:00:07,2026-04-01 06:30:00
SCR-0007364,HS-003236,0,6,2026-01-06 11:42:55,2026-04-01 06:30:00
SCR-0007365,HS-003236,6,44,2026-01-19 10:03:22,2026-04-01 06:30:00
SCR-0007366,HS-003236,44,59,2026-01-19 13:50:23,2026-04-01 06:30:00
SCR-0007367,HS-003237,0,24,2026-01-07 01:54:58,2026-04-01 06:30:00
SCR-0007368,HS-003238,0,19,2025-10-19 15:36:59,2026-04-01 06:30:00
SCR-0007369,HS-003238,19,39,2025-10-23 01:08:32,2026-04-01 06:30:00
SCR-0007370,HS-003239,0,7,2026-01-17 10:46:25,2026-04-01 06:30:00
SCR-0007371,HS-003239,7,43,2026-01-24 23:47:03,2026-04-01 06:30:00
SCR-0007372,HS-003239,43,62,2026-01-26 08:36:50,2026-04-01 06:30:00
SCR-0007373,HS-003240,0,21,2025-10-26 19:07:08,2026-04-01 06:30:00
SCR-0007374,HS-003240,21,42,2025-11-02 08:39:27,2026-04-01 06:30:00
SCR-0007375,HS-003240,42,86,2025-11-02 10:58:21,2026-04-01 06:30:00
SCR-0007376,HS-003241,0,9,2026-01-04 02:17:54,2026-04-01 06:30:00
SCR-0007377,HS-003241,9,48,2026-01-22 03:27:40,2026-04-01 06:30:00
SCR-0007378,HS-003241,48,50,2026-01-24 06:10:37,2026-04-01 06:30:00
SCR-0007379,HS-003242,0,21,2025-09-26 21:05:38,2026-04-01 06:30:00
SCR-0007380,HS-003242,21,31,2025-10-10 23:59:01,2026-04-01 06:30:00
SCR-0007381,HS-003243,0,18,2026-03-02 16:24:52,2026-04-01 06:30:00
SCR-0007382,HS-003243,18,46,2026-03-11 00:52:11,2026-04-01 06:30:00
SCR-0007383,HS-003243,46,86,2026-03-11 08:50:52,2026-04-01 06:30:00
SCR-0007384,HS-003244,0,20,2025-10-16 19:00:09,2026-04-01 06:30:00
SCR-0007385,HS-003245,0,11,2025-11-17 04:42:34,2026-04-01 06:30:00
SCR-0007386,HS-003245,11,44,2025-11-22 05:49:53,2026-04-01 06:30:00
SCR-0007387,HS-003245,44,63,2025-11-22 14:14:58,2026-04-01 06:30:00
SCR-0007388,HS-003246,0,13,2026-03-18 04:07:36,2026-04-01 06:30:00
SCR-0007389,HS-003246,13,44,2026-03-27 08:00:53,2026-04-01 06:30:00
SCR-0007390,HS-003246,44,50,2026-03-27 17:44:49,2026-04-01 06:30:00
SCR-0007391,HS-003247,0,18,2025-10-14 01:23:06,2026-04-01 06:30:00
SCR-0007392,HS-003247,18,46,2025-10-18 14:05:59,2026-04-01 06:30:00
SCR-0007393,HS-003247,46,81,2025-10-19 16:02:12,2026-04-01 06:30:00
SCR-0007394,HS-003248,0,20,2025-11-24 22:24:45,2026-04-01 06:30:00
SCR-0007395,HS-003248,20,45,2025-12-02 21:18:09,2026-04-01 06:30:00
SCR-0007396,HS-003248,45,85,2025-12-03 01:50:24,2026-04-01 06:30:00
SCR-0007397,HS-003249,0,18,2026-03-13 19:47:45,2026-04-01 06:30:00
SCR-0007398,HS-003249,18,34,2026-03-16 05:33:58,2026-04-01 06:30:00
SCR-0007399,HS-003250,0,8,2025-11-24 05:08:44,2026-04-01 06:30:00
SCR-0007400,HS-003250,8,45,2025-12-04 22:49:15,2026-04-01 06:30:00
SCR-0007401,HS-003250,45,56,2025-12-05 00:24:21,2026-04-01 06:30:00
SCR-0007402,HS-003251,0,19,2025-08-26 10:38:07,2026-04-01 06:30:00
SCR-0007403,HS-003251,19,43,2025-09-07 03:39:06,2026-04-01 06:30:00
SCR-0007404,HS-003251,43,54,2025-09-08 14:17:24,2026-04-01 06:30:00
SCR-0007405,HS-003252,0,10,2026-02-27 23:01:59,2026-04-01 06:30:00
SCR-0007406,HS-003252,10,42,2026-03-06 11:43:57,2026-04-01 06:30:00
SCR-0007407,HS-003253,0,14,2025-12-28 13:49:15,2026-04-01 06:30:00
SCR-0007408,HS-003253,14,17,2026-01-01 03:53:52,2026-04-01 06:30:00
SCR-0007409,HS-003254,0,20,2026-03-14 09:01:13,2026-04-01 06:30:00
SCR-0007410,HS-003254,20,28,2026-03-30 12:36:53,2026-04-01 06:30:00
SCR-0007411,HS-003255,0,13,2025-11-16 15:37:38,2026-04-01 06:30:00
SCR-0007412,HS-003255,13,42,2025-11-25 08:35:25,2026-04-01 06:30:00
SCR-0007413,HS-003255,42,69,2025-11-26 05:51:40,2026-04-01 06:30:00
SCR-0007414,HS-003256,0,15,2026-01-27 04:08:44,2026-04-01 06:30:00
SCR-0007415,HS-003256,15,16,2026-02-08 03:22:14,2026-04-01 06:30:00
SCR-0007416,HS-003257,0,14,2025-09-27 16:41:07,2026-04-01 06:30:00
SCR-0007417,HS-003257,14,47,2025-10-02 22:28:15,2026-04-01 06:30:00
SCR-0007418,HS-003257,47,84,2025-10-04 00:22:28,2026-04-01 06:30:00
SCR-0007419,HS-003258,0,13,2025-12-19 12:01:26,2026-04-01 06:30:00
SCR-0007420,HS-003258,13,47,2025-12-26 14:26:21,2026-04-01 06:30:00
SCR-0007421,HS-003258,47,50,2025-12-28 17:47:38,2026-04-01 06:30:00
SCR-0007422,HS-003259,0,6,2025-11-21 01:13:23,2026-04-01 06:30:00
SCR-0007423,HS-003259,6,30,2025-12-01 09:51:39,2026-04-01 06:30:00
SCR-0007424,HS-003260,0,14,2026-03-05 08:57:14,2026-04-01 06:30:00
SCR-0007425,HS-003260,14,42,2026-03-19 12:04:14,2026-04-01 06:30:00
SCR-0007426,HS-003260,42,72,2026-03-21 17:21:25,2026-04-01 06:30:00
SCR-0007427,HS-003261,0,18,2026-01-23 04:22:41,2026-04-01 06:30:00
SCR-0007428,HS-003261,18,45,2026-01-27 04:58:04,2026-04-01 06:30:00
SCR-0007429,HS-003261,45,63,2026-01-29 18:15:00,2026-04-01 06:30:00
SCR-0007430,HS-003262,0,22,2026-02-07 08:02:32,2026-04-01 06:30:00
SCR-0007431,HS-003263,0,12,2026-02-02 19:49:10,2026-04-01 06:30:00
SCR-0007432,HS-003263,12,44,2026-02-10 00:01:27,2026-04-01 06:30:00
SCR-0007433,HS-003263,44,53,2026-02-12 16:03:43,2026-04-01 06:30:00
SCR-0007434,HS-003264,0,8,2026-02-20 05:19:25,2026-04-01 06:30:00
SCR-0007435,HS-003264,8,27,2026-03-08 20:47:27,2026-04-01 06:30:00
SCR-0007436,HS-003265,0,17,2026-03-09 00:35:28,2026-04-01 06:30:00
SCR-0007437,HS-003265,17,41,2026-03-13 12:54:14,2026-04-01 06:30:00
SCR-0007438,HS-003265,41,52,2026-03-15 18:55:20,2026-04-01 06:30:00
SCR-0007439,HS-003266,0,6,2025-10-30 04:48:50,2026-04-01 06:30:00
SCR-0007440,HS-003266,6,45,2025-11-08 16:05:23,2026-04-01 06:30:00
SCR-0007441,HS-003266,45,73,2025-11-08 22:51:13,2026-04-01 06:30:00
SCR-0007442,HS-003267,0,11,2025-10-02 00:54:54,2026-04-01 06:30:00
SCR-0007443,HS-003267,11,47,2025-10-05 05:12:01,2026-04-01 06:30:00
SCR-0007444,HS-003267,47,69,2025-10-07 17:00:26,2026-04-01 06:30:00
SCR-0007445,HS-003268,0,12,2025-09-02 10:02:55,2026-04-01 06:30:00
SCR-0007446,HS-003268,12,47,2025-09-08 16:38:35,2026-04-01 06:30:00
SCR-0007447,HS-003268,47,71,2025-09-10 06:59:34,2026-04-01 06:30:00
SCR-0007448,HS-003269,0,24,2026-01-07 10:09:20,2026-04-01 06:30:00
SCR-0007449,HS-003270,0,15,2025-10-17 06:56:05,2026-04-01 06:30:00
SCR-0007450,HS-003270,15,32,2025-10-26 06:09:47,2026-04-01 06:30:00
SCR-0007451,HS-003271,0,10,2026-03-09 22:16:18,2026-04-01 06:30:00
SCR-0007452,HS-003271,10,43,2026-03-13 08:24:09,2026-04-01 06:30:00
SCR-0007453,HS-003271,43,68,2026-03-16 05:49:21,2026-04-01 06:30:00
SCR-0007454,HS-003272,0,19,2025-12-27 00:58:11,2026-04-01 06:30:00
SCR-0007455,HS-003272,19,34,2026-01-08 23:34:57,2026-04-01 06:30:00
SCR-0007456,HS-003273,0,23,2026-01-24 16:35:57,2026-04-01 06:30:00
SCR-0007457,HS-003273,23,42,2026-01-30 10:50:11,2026-04-01 06:30:00
SCR-0007458,HS-003274,0,5,2025-12-27 09:02:41,2026-04-01 06:30:00
SCR-0007459,HS-003274,5,38,2026-01-15 21:30:17,2026-04-01 06:30:00
SCR-0007460,HS-003275,0,20,2025-10-24 20:16:29,2026-04-01 06:30:00
SCR-0007461,HS-003275,20,41,2025-11-04 19:54:50,2026-04-01 06:30:00
SCR-0007462,HS-003275,41,65,2025-11-05 13:00:33,2026-04-01 06:30:00
SCR-0007463,HS-003276,0,8,2025-11-16 12:57:20,2026-04-01 06:30:00
SCR-0007464,HS-003276,8,16,2025-12-01 07:12:05,2026-04-01 06:30:00
SCR-0007465,HS-003277,0,21,2025-11-02 19:33:43,2026-04-01 06:30:00
SCR-0007466,HS-003277,21,35,2025-11-05 10:23:46,2026-04-01 06:30:00
SCR-0007467,HS-003278,0,19,2025-11-30 05:25:17,2026-04-01 06:30:00
SCR-0007468,HS-003278,19,23,2025-12-13 02:32:07,2026-04-01 06:30:00
SCR-0007469,HS-003279,0,12,2025-09-24 02:17:44,2026-04-01 06:30:00
SCR-0007470,HS-003279,12,33,2025-10-04 02:25:08,2026-04-01 06:30:00
SCR-0007471,HS-003280,0,19,2025-11-02 14:16:58,2026-04-01 06:30:00
SCR-0007472,HS-003281,0,9,2025-11-01 05:06:10,2026-04-01 06:30:00
SCR-0007473,HS-003281,9,14,2025-11-18 02:58:58,2026-04-01 06:30:00
SCR-0007474,HS-003282,0,7,2026-02-17 13:31:43,2026-04-01 06:30:00
SCR-0007475,HS-003282,7,19,2026-03-01 05:54:40,2026-04-01 06:30:00
SCR-0007476,HS-003283,0,13,2025-11-25 10:02:54,2026-04-01 06:30:00
SCR-0007477,HS-003283,13,31,2025-12-07 08:54:40,2026-04-01 06:30:00
SCR-0007478,HS-003284,0,19,2025-11-22 14:45:00,2026-04-01 06:30:00
SCR-0007479,HS-003284,19,37,2025-12-08 10:58:48,2026-04-01 06:30:00
SCR-0007480,HS-003285,0,9,2026-01-21 21:51:55,2026-04-01 06:30:00
SCR-0007481,HS-003285,9,25,2026-01-30 17:04:02,2026-04-01 06:30:00
SCR-0007482,HS-003286,0,21,2025-10-30 09:01:25,2026-04-01 06:30:00
SCR-0007483,HS-003286,21,24,2025-11-15 13:01:01,2026-04-01 06:30:00
SCR-0007484,HS-003287,0,7,2025-09-13 12:23:41,2026-04-01 06:30:00
SCR-0007485,HS-003287,7,43,2025-09-19 09:33:33,2026-04-01 06:30:00
SCR-0007486,HS-003287,43,55,2025-09-19 21:15:51,2026-04-01 06:30:00
SCR-0007487,HS-003288,0,20,2025-11-19 11:32:35,2026-04-01 06:30:00
SCR-0007488,HS-003288,20,41,2025-11-24 12:35:39,2026-04-01 06:30:00
SCR-0007489,HS-003288,41,76,2025-11-27 06:31:00,2026-04-01 06:30:00
SCR-0007490,HS-003289,0,11,2026-03-02 18:08:38,2026-04-01 06:30:00
SCR-0007491,HS-003289,11,49,2026-03-12 22:18:01,2026-04-01 06:30:00
SCR-0007492,HS-003290,0,24,2025-10-31 11:27:54,2026-04-01 06:30:00
SCR-0007493,HS-003290,24,27,2025-11-18 08:46:04,2026-04-01 06:30:00
SCR-0007494,HS-003291,0,16,2025-11-07 11:29:11,2026-04-01 06:30:00
SCR-0007495,HS-003292,0,13,2025-10-22 06:26:44,2026-04-01 06:30:00
SCR-0007496,HS-003292,13,33,2025-10-28 11:43:04,2026-04-01 06:30:00
SCR-0007497,HS-003293,0,20,2025-10-09 14:59:27,2026-04-01 06:30:00
SCR-0007498,HS-003293,20,42,2025-10-18 01:16:37,2026-04-01 06:30:00
SCR-0007499,HS-003293,42,65,2025-10-20 00:18:41,2026-04-01 06:30:00
SCR-0007500,HS-003294,0,12,2025-12-15 11:10:32,2026-04-01 06:30:00
SCR-0007501,HS-003294,12,40,2025-12-24 16:25:05,2026-04-01 06:30:00
SCR-0007502,HS-003294,40,81,2025-12-27 05:26:08,2026-04-01 06:30:00
SCR-0007503,HS-003295,0,14,2025-11-12 22:21:27,2026-04-01 06:30:00
SCR-0007504,HS-003295,14,44,2025-11-27 13:24:48,2026-04-01 06:30:00
SCR-0007505,HS-003295,44,53,2025-11-28 09:33:52,2026-04-01 06:30:00
SCR-0007506,HS-003296,0,7,2025-11-16 23:46:35,2026-04-01 06:30:00
SCR-0007507,HS-003296,7,19,2025-12-05 18:51:54,2026-04-01 06:30:00
SCR-0007508,HS-003297,0,24,2025-12-23 00:42:36,2026-04-01 06:30:00
SCR-0007509,HS-003298,0,23,2026-02-24 23:22:40,2026-04-01 06:30:00
SCR-0007510,HS-003298,23,47,2026-03-03 02:35:55,2026-04-01 06:30:00
SCR-0007511,HS-003298,47,78,2026-03-03 16:54:59,2026-04-01 06:30:00
SCR-0007512,HS-003299,0,11,2025-11-13 00:52:36,2026-04-01 06:30:00
SCR-0007513,HS-003299,11,44,2025-11-17 10:53:44,2026-04-01 06:30:00
SCR-0007514,HS-003300,0,6,2026-02-14 14:27:24,2026-04-01 06:30:00
SCR-0007515,HS-003300,6,18,2026-02-27 06:37:56,2026-04-01 06:30:00
SCR-0007516,HS-003301,0,13,2025-09-24 18:47:56,2026-04-01 06:30:00
SCR-0007517,HS-003301,13,34,2025-10-13 06:32:21,2026-04-01 06:30:00
SCR-0007518,HS-003302,0,20,2025-12-14 18:35:13,2026-04-01 06:30:00
SCR-0007519,HS-003303,0,7,2025-12-06 00:16:45,2026-04-01 06:30:00
SCR-0007520,HS-003303,7,43,2025-12-13 23:54:58,2026-04-01 06:30:00
SCR-0007521,HS-003303,43,63,2025-12-16 20:32:54,2026-04-01 06:30:00
SCR-0007522,HS-003304,0,16,2025-11-20 02:36:08,2026-04-01 06:30:00
SCR-0007523,HS-003305,0,20,2025-09-23 06:08:21,2026-04-01 06:30:00
SCR-0007524,HS-003305,20,40,2025-10-11 19:23:41,2026-04-01 06:30:00
SCR-0007525,HS-003305,40,55,2025-10-11 23:23:19,2026-04-01 06:30:00
SCR-0007526,HS-003306,0,13,2025-11-28 16:55:19,2026-04-01 06:30:00
SCR-0007527,HS-003306,13,26,2025-12-02 13:53:57,2026-04-01 06:30:00
SCR-0007528,HS-003307,0,14,2026-03-20 00:23:52,2026-04-01 06:30:00
SCR-0007529,HS-003307,14,48,2026-03-24 13:01:21,2026-04-01 06:30:00
SCR-0007530,HS-003307,48,69,2026-03-26 10:36:34,2026-04-01 06:30:00
SCR-0007531,HS-003308,0,20,2025-09-02 08:23:53,2026-04-01 06:30:00
SCR-0007532,HS-003308,20,30,2025-09-12 16:24:25,2026-04-01 06:30:00
SCR-0007533,HS-003309,0,9,2026-03-24 09:53:50,2026-04-01 06:30:00
SCR-0007534,HS-003309,9,32,2026-03-29 13:15:43,2026-04-01 06:30:00
SCR-0007535,HS-003310,0,18,2025-12-28 03:24:27,2026-04-01 06:30:00
SCR-0007536,HS-003310,18,35,2026-01-02 18:12:08,2026-04-01 06:30:00
SCR-0007537,HS-003311,0,10,2025-11-11 21:14:26,2026-04-01 06:30:00
SCR-0007538,HS-003311,10,46,2025-11-15 23:33:07,2026-04-01 06:30:00
SCR-0007539,HS-003311,46,82,2025-11-17 16:01:02,2026-04-01 06:30:00
SCR-0007540,HS-003312,0,18,2025-09-16 05:39:32,2026-04-01 06:30:00
SCR-0007541,HS-003312,18,38,2025-09-30 05:54:37,2026-04-01 06:30:00
SCR-0007542,HS-003313,0,11,2025-09-28 05:06:45,2026-04-01 06:30:00
SCR-0007543,HS-003313,11,30,2025-10-12 14:52:09,2026-04-01 06:30:00
SCR-0007544,HS-003314,0,6,2025-08-20 17:26:49,2026-04-01 06:30:00
SCR-0007545,HS-003314,6,47,2025-08-31 12:18:42,2026-04-01 06:30:00
SCR-0007546,HS-003314,47,88,2025-09-02 15:21:16,2026-04-01 06:30:00
SCR-0007547,HS-003315,0,5,2025-12-24 06:57:54,2026-04-01 06:30:00
SCR-0007548,HS-003315,5,46,2026-01-04 08:43:21,2026-04-01 06:30:00
SCR-0007549,HS-003315,46,78,2026-01-07 03:21:40,2026-04-01 06:30:00
SCR-0007550,HS-003316,0,13,2025-12-20 17:53:15,2026-04-01 06:30:00
SCR-0007551,HS-003316,13,14,2026-01-01 20:13:51,2026-04-01 06:30:00
SCR-0007552,HS-003317,0,16,2025-11-03 20:26:47,2026-04-01 06:30:00
SCR-0007553,HS-003317,16,40,2025-11-11 05:52:46,2026-04-01 06:30:00
SCR-0007554,HS-003317,40,70,2025-11-13 12:51:54,2026-04-01 06:30:00
SCR-0007555,HS-003318,0,22,2026-01-08 17:27:14,2026-04-01 06:30:00
SCR-0007556,HS-003318,22,31,2026-01-22 08:14:54,2026-04-01 06:30:00
SCR-0007557,HS-003319,0,12,2026-02-01 01:20:45,2026-04-01 06:30:00
SCR-0007558,HS-003320,0,11,2025-08-11 21:32:43,2026-04-01 06:30:00
SCR-0007559,HS-003320,11,44,2025-09-08 01:00:28,2026-04-01 06:30:00
SCR-0007560,HS-003321,0,10,2025-09-05 06:19:19,2026-04-01 06:30:00
SCR-0007561,HS-003321,10,14,2025-09-24 10:54:19,2026-04-01 06:30:00
SCR-0007562,HS-003322,0,24,2025-10-11 04:37:38,2026-04-01 06:30:00
SCR-0007563,HS-003323,0,17,2025-09-09 00:27:59,2026-04-01 06:30:00
SCR-0007564,HS-003323,17,47,2025-09-24 20:50:03,2026-04-01 06:30:00
SCR-0007565,HS-003323,47,70,2025-09-25 08:28:02,2026-04-01 06:30:00
SCR-0007566,HS-003324,0,24,2026-01-25 07:28:07,2026-04-01 06:30:00
SCR-0007567,HS-003325,0,20,2025-10-04 19:05:05,2026-04-01 06:30:00
SCR-0007568,HS-003325,20,45,2025-10-14 17:40:52,2026-04-01 06:30:00
SCR-0007569,HS-003325,45,70,2025-10-16 09:07:44,2026-04-01 06:30:00
SCR-0007570,HS-003326,0,20,2025-12-22 17:32:00,2026-04-01 06:30:00
SCR-0007571,HS-003327,0,17,2025-10-25 10:27:47,2026-04-01 06:30:00
SCR-0007572,HS-003327,17,45,2025-11-04 05:22:09,2026-04-01 06:30:00
SCR-0007573,HS-003328,0,13,2025-10-24 06:06:02,2026-04-01 06:30:00
SCR-0007574,HS-003328,13,39,2025-11-05 01:00:58,2026-04-01 06:30:00
SCR-0007575,HS-003329,0,15,2026-02-12 17:59:35,2026-04-01 06:30:00
SCR-0007576,HS-003329,15,18,2026-02-19 06:25:36,2026-04-01 06:30:00
SCR-0007577,HS-003330,0,15,2025-10-15 19:53:32,2026-04-01 06:30:00
SCR-0007578,HS-003330,15,48,2025-10-22 19:46:49,2026-04-01 06:30:00
SCR-0007579,HS-003330,48,58,2025-10-23 20:49:44,2026-04-01 06:30:00
SCR-0007580,HS-003331,0,21,2026-02-07 23:25:43,2026-04-01 06:30:00
SCR-0007581,HS-003331,21,40,2026-02-14 05:36:54,2026-04-01 06:30:00
SCR-0007582,HS-003331,40,76,2026-02-14 21:24:33,2026-04-01 06:30:00
SCR-0007583,HS-003332,0,24,2026-02-08 10:05:29,2026-04-01 06:30:00
SCR-0007584,HS-003332,24,45,2026-02-14 06:00:36,2026-04-01 06:30:00
SCR-0007585,HS-003332,45,55,2026-02-14 06:53:20,2026-04-01 06:30:00
SCR-0007586,HS-003333,0,23,2026-03-15 12:15:58,2026-04-01 06:30:00
SCR-0007587,HS-003334,0,19,2025-11-05 14:23:04,2026-04-01 06:30:00
SCR-0007588,HS-003334,19,28,2025-11-09 20:25:07,2026-04-01 06:30:00
SCR-0007589,HS-003335,0,21,2026-02-19 22:26:54,2026-04-01 06:30:00
SCR-0007590,HS-003335,21,23,2026-03-07 12:08:26,2026-04-01 06:30:00
SCR-0007591,HS-003336,0,8,2025-11-22 14:40:15,2026-04-01 06:30:00
SCR-0007592,HS-003336,8,48,2025-12-06 14:25:42,2026-04-01 06:30:00
SCR-0007593,HS-003336,48,54,2025-12-07 22:57:10,2026-04-01 06:30:00
SCR-0007594,HS-003337,0,15,2025-11-26 15:12:12,2026-04-01 06:30:00
SCR-0007595,HS-003337,15,42,2025-12-08 11:15:42,2026-04-01 06:30:00
SCR-0007596,HS-003337,42,80,2025-12-11 00:27:42,2026-04-01 06:30:00
SCR-0007597,HS-003338,0,10,2026-02-10 08:00:15,2026-04-01 06:30:00
SCR-0007598,HS-003338,10,22,2026-02-18 21:25:38,2026-04-01 06:30:00
SCR-0007599,HS-003339,0,13,2026-01-30 02:07:48,2026-04-01 06:30:00
SCR-0007600,HS-003339,13,35,2026-02-08 02:05:49,2026-04-01 06:30:00
SCR-0007601,HS-003340,0,5,2025-10-20 05:00:53,2026-04-01 06:30:00
SCR-0007602,HS-003340,5,13,2025-11-07 01:08:27,2026-04-01 06:30:00
SCR-0007603,HS-003341,0,5,2025-10-05 15:11:34,2026-04-01 06:30:00
SCR-0007604,HS-003341,5,11,2025-10-14 22:07:54,2026-04-01 06:30:00
SCR-0007605,HS-003342,0,16,2026-01-16 02:49:34,2026-04-01 06:30:00
SCR-0007606,HS-003342,16,43,2026-01-24 12:01:06,2026-04-01 06:30:00
SCR-0007607,HS-003342,43,78,2026-01-27 08:11:47,2026-04-01 06:30:00
SCR-0007608,HS-003343,0,21,2025-12-03 06:43:19,2026-04-01 06:30:00
SCR-0007609,HS-003344,0,8,2025-09-29 06:05:15,2026-04-01 06:30:00
SCR-0007610,HS-003344,8,46,2025-10-12 10:23:19,2026-04-01 06:30:00
SCR-0007611,HS-003344,46,63,2025-10-13 09:21:28,2026-04-01 06:30:00
SCR-0007612,HS-003345,0,23,2026-02-15 20:20:35,2026-04-01 06:30:00
SCR-0007613,HS-003345,23,34,2026-02-24 15:36:40,2026-04-01 06:30:00
SCR-0007614,HS-003346,0,22,2026-03-20 15:33:48,2026-04-01 06:30:00
SCR-0007615,HS-003346,22,27,2026-04-08 22:00:52,2026-04-01 06:30:00
SCR-0007616,HS-003347,0,8,2025-08-26 13:36:22,2026-04-01 06:30:00
SCR-0007617,HS-003347,8,47,2025-09-03 08:16:10,2026-04-01 06:30:00
SCR-0007618,HS-003347,47,81,2025-09-04 09:27:04,2026-04-01 06:30:00
SCR-0007619,HS-003348,0,20,2026-01-11 10:30:19,2026-04-01 06:30:00
SCR-0007620,HS-003348,20,48,2026-01-20 06:15:17,2026-04-01 06:30:00
SCR-0007621,HS-003348,48,69,2026-01-21 09:50:16,2026-04-01 06:30:00
SCR-0007622,HS-003349,0,5,2026-03-03 00:15:43,2026-04-01 06:30:00
SCR-0007623,HS-003350,0,8,2026-01-19 21:13:23,2026-04-01 06:30:00
SCR-0007624,HS-003350,8,42,2026-01-28 07:16:53,2026-04-01 06:30:00
SCR-0007625,HS-003350,42,63,2026-01-28 14:04:55,2026-04-01 06:30:00
SCR-0007626,HS-003351,0,19,2026-01-26 08:37:36,2026-04-01 06:30:00
SCR-0007627,HS-003351,19,44,2026-02-09 11:17:43,2026-04-01 06:30:00
SCR-0007628,HS-003351,44,57,2026-02-11 06:41:28,2026-04-01 06:30:00
SCR-0007629,HS-003352,0,11,2025-11-01 04:19:26,2026-04-01 06:30:00
SCR-0007630,HS-003352,11,19,2025-11-11 01:31:47,2026-04-01 06:30:00
SCR-0007631,HS-003353,0,14,2025-11-20 11:10:21,2026-04-01 06:30:00
SCR-0007632,HS-003353,14,47,2025-11-30 22:27:20,2026-04-01 06:30:00
SCR-0007633,HS-003353,47,78,2025-12-01 04:08:33,2026-04-01 06:30:00
SCR-0007634,HS-003354,0,16,2025-10-20 14:53:01,2026-04-01 06:30:00
SCR-0007635,HS-003355,0,8,2025-12-28 17:30:28,2026-04-01 06:30:00
SCR-0007636,HS-003355,8,45,2026-01-01 02:30:46,2026-04-01 06:30:00
SCR-0007637,HS-003355,45,64,2026-01-03 01:16:20,2026-04-01 06:30:00
SCR-0007638,HS-003356,0,21,2025-10-05 11:29:15,2026-04-01 06:30:00
SCR-0007639,HS-003357,0,9,2026-02-17 11:11:46,2026-04-01 06:30:00
SCR-0007640,HS-003357,9,43,2026-02-23 04:53:11,2026-04-01 06:30:00
SCR-0007641,HS-003357,43,52,2026-02-24 20:40:54,2026-04-01 06:30:00
SCR-0007642,HS-003358,0,10,2026-01-17 16:05:40,2026-04-01 06:30:00
SCR-0007643,HS-003358,10,17,2026-02-06 08:07:43,2026-04-01 06:30:00
SCR-0007644,HS-003359,0,7,2026-03-04 12:59:21,2026-04-01 06:30:00
SCR-0007645,HS-003359,7,29,2026-03-13 06:37:35,2026-04-01 06:30:00
SCR-0007646,HS-003360,0,21,2026-03-23 00:20:52,2026-04-01 06:30:00
SCR-0007647,HS-003360,21,34,2026-04-07 19:18:24,2026-04-01 06:30:00
SCR-0007648,HS-003361,0,21,2026-02-26 03:58:04,2026-04-01 06:30:00
SCR-0007649,HS-003361,21,43,2026-03-06 05:48:47,2026-04-01 06:30:00
SCR-0007650,HS-003361,43,72,2026-03-07 03:51:12,2026-04-01 06:30:00
SCR-0007651,HS-003362,0,22,2026-02-06 23:46:34,2026-04-01 06:30:00
SCR-0007652,HS-003362,22,34,2026-02-21 07:56:57,2026-04-01 06:30:00
SCR-0007653,HS-003363,0,5,2025-10-19 12:50:43,2026-04-01 06:30:00
SCR-0007654,HS-003363,5,48,2025-11-02 22:02:56,2026-04-01 06:30:00
SCR-0007655,HS-003363,48,85,2025-11-04 23:28:40,2026-04-01 06:30:00
SCR-0007656,HS-003364,0,12,2025-10-28 23:58:32,2026-04-01 06:30:00
SCR-0007657,HS-003364,12,17,2025-11-13 06:58:31,2026-04-01 06:30:00
SCR-0007658,HS-003365,0,13,2025-11-05 13:38:10,2026-04-01 06:30:00
SCR-0007659,HS-003366,0,19,2025-10-08 03:58:20,2026-04-01 06:30:00
SCR-0007660,HS-003366,19,48,2025-11-09 03:29:06,2026-04-01 06:30:00
SCR-0007661,HS-003366,48,78,2025-11-10 17:04:16,2026-04-01 06:30:00
SCR-0007662,HS-003367,0,24,2025-12-21 02:15:52,2026-04-01 06:30:00
SCR-0007663,HS-003367,24,44,2025-12-29 02:21:47,2026-04-01 06:30:00
SCR-0007664,HS-003367,44,55,2025-12-30 21:12:28,2026-04-01 06:30:00
SCR-0007665,HS-003368,0,20,2025-09-11 11:13:26,2026-04-01 06:30:00
SCR-0007666,HS-003368,20,43,2025-09-15 19:11:14,2026-04-01 06:30:00
SCR-0007667,HS-003368,43,89,2025-09-18 06:13:03,2026-04-01 06:30:00
SCR-0007668,HS-003369,0,15,2025-11-22 06:41:43,2026-04-01 06:30:00
SCR-0007669,HS-003369,15,48,2025-11-26 19:48:36,2026-04-01 06:30:00
SCR-0007670,HS-003369,48,57,2025-11-28 22:15:37,2026-04-01 06:30:00
SCR-0007671,HS-003370,0,24,2025-12-30 12:44:53,2026-04-01 06:30:00
SCR-0007672,HS-003370,24,40,2026-01-08 16:51:55,2026-04-01 06:30:00
SCR-0007673,HS-003370,40,53,2026-01-11 10:41:08,2026-04-01 06:30:00
SCR-0007674,HS-003371,0,6,2026-02-27 11:02:05,2026-04-01 06:30:00
SCR-0007675,HS-003371,6,28,2026-03-02 13:55:40,2026-04-01 06:30:00
SCR-0007676,HS-003372,0,23,2025-09-26 14:02:44,2026-04-01 06:30:00
SCR-0007677,HS-003373,0,16,2025-10-22 12:13:47,2026-04-01 06:30:00
SCR-0007678,HS-003373,16,36,2025-11-07 18:41:06,2026-04-01 06:30:00
SCR-0007679,HS-003374,0,12,2026-02-27 17:04:09,2026-04-01 06:30:00
SCR-0007680,HS-003374,12,42,2026-03-10 16:53:43,2026-04-01 06:30:00
SCR-0007681,HS-003374,42,81,2026-03-13 01:34:31,2026-04-01 06:30:00
SCR-0007682,HS-003375,0,9,2026-02-22 21:12:29,2026-04-01 06:30:00
SCR-0007683,HS-003375,9,43,2026-02-26 13:25:57,2026-04-01 06:30:00
SCR-0007684,HS-003375,43,67,2026-03-01 12:51:35,2026-04-01 06:30:00
SCR-0007685,HS-003376,0,24,2025-11-20 12:04:54,2026-04-01 06:30:00
SCR-0007686,HS-003377,0,12,2025-10-29 03:33:09,2026-04-01 06:30:00
SCR-0007687,HS-003377,12,41,2025-11-02 18:22:54,2026-04-01 06:30:00
SCR-0007688,HS-003377,41,76,2025-11-05 10:45:50,2026-04-01 06:30:00
SCR-0007689,HS-003378,0,18,2025-10-15 03:39:10,2026-04-01 06:30:00
SCR-0007690,HS-003378,18,26,2025-11-01 22:44:51,2026-04-01 06:30:00
SCR-0007691,HS-003379,0,23,2026-02-08 03:50:30,2026-04-01 06:30:00
SCR-0007692,HS-003379,23,30,2026-02-22 15:17:25,2026-04-01 06:30:00
SCR-0007693,HS-003380,0,23,2025-11-06 10:24:24,2026-04-01 06:30:00
SCR-0007694,HS-003380,23,31,2025-11-19 20:10:50,2026-04-01 06:30:00
SCR-0007695,HS-003381,0,5,2025-09-04 11:32:08,2026-04-01 06:30:00
SCR-0007696,HS-003381,5,43,2025-09-09 01:00:51,2026-04-01 06:30:00
SCR-0007697,HS-003381,43,78,2025-09-11 21:58:17,2026-04-01 06:30:00
SCR-0007698,HS-003382,0,14,2026-02-16 02:50:01,2026-04-01 06:30:00
SCR-0007699,HS-003382,14,37,2026-02-19 04:06:39,2026-04-01 06:30:00
SCR-0007700,HS-003383,0,11,2025-12-16 21:09:02,2026-04-01 06:30:00
SCR-0007701,HS-003383,11,42,2025-12-25 12:45:33,2026-04-01 06:30:00
SCR-0007702,HS-003383,42,85,2025-12-27 07:43:31,2026-04-01 06:30:00
SCR-0007703,HS-003384,0,21,2026-02-10 22:04:30,2026-04-01 06:30:00
SCR-0007704,HS-003384,21,38,2026-02-19 10:03:40,2026-04-01 06:30:00
SCR-0007705,HS-003385,0,21,2025-09-08 09:11:50,2026-04-01 06:30:00
SCR-0007706,HS-003385,21,44,2025-09-15 01:42:04,2026-04-01 06:30:00
SCR-0007707,HS-003385,44,57,2025-09-15 21:08:56,2026-04-01 06:30:00
SCR-0007708,HS-003386,0,5,2026-02-26 16:19:50,2026-04-01 06:30:00
SCR-0007709,HS-003386,5,31,2026-03-10 10:00:14,2026-04-01 06:30:00
SCR-0007710,HS-003387,0,19,2025-12-23 12:42:45,2026-04-01 06:30:00
SCR-0007711,HS-003388,0,7,2025-11-04 19:51:21,2026-04-01 06:30:00
SCR-0007712,HS-003388,7,44,2025-11-15 16:58:33,2026-04-01 06:30:00
SCR-0007713,HS-003388,44,50,2025-11-15 17:10:24,2026-04-01 06:30:00
SCR-0007714,HS-003389,0,24,2025-12-06 19:25:09,2026-04-01 06:30:00
SCR-0007715,HS-003389,24,46,2025-12-11 08:28:43,2026-04-01 06:30:00
SCR-0007716,HS-003390,0,10,2026-01-25 16:43:12,2026-04-01 06:30:00
SCR-0007717,HS-003390,10,40,2026-02-03 17:42:46,2026-04-01 06:30:00
SCR-0007718,HS-003390,40,60,2026-02-04 23:49:21,2026-04-01 06:30:00
SCR-0007719,HS-003391,0,24,2025-12-07 05:04:48,2026-04-01 06:30:00
SCR-0007720,HS-003392,0,22,2025-10-12 15:27:55,2026-04-01 06:30:00
SCR-0007721,HS-003393,0,8,2025-09-14 21:44:15,2026-04-01 06:30:00
SCR-0007722,HS-003393,8,47,2025-09-23 15:46:09,2026-04-01 06:30:00
SCR-0007723,HS-003394,0,9,2026-03-12 16:07:22,2026-04-01 06:30:00
SCR-0007724,HS-003394,9,17,2026-03-27 17:22:38,2026-04-01 06:30:00
SCR-0007725,HS-003395,0,22,2026-02-01 17:00:48,2026-04-01 06:30:00
SCR-0007726,HS-003396,0,13,2025-10-30 14:34:47,2026-04-01 06:30:00
SCR-0007727,HS-003396,13,34,2025-11-06 22:55:37,2026-04-01 06:30:00
SCR-0007728,HS-003397,0,15,2025-10-23 06:47:06,2026-04-01 06:30:00
SCR-0007729,HS-003397,15,20,2025-10-29 04:58:50,2026-04-01 06:30:00
SCR-0007730,HS-003398,0,19,2025-12-14 16:26:17,2026-04-01 06:30:00
SCR-0007731,HS-003398,19,45,2025-12-17 05:14:35,2026-04-01 06:30:00
SCR-0007732,HS-003398,45,57,2025-12-17 11:47:09,2026-04-01 06:30:00
SCR-0007733,HS-003399,0,12,2026-03-20 09:14:56,2026-04-01 06:30:00
SCR-0007734,HS-003399,12,18,2026-04-03 20:52:59,2026-04-01 06:30:00
SCR-0007735,HS-003400,0,11,2026-01-10 22:41:32,2026-04-01 06:30:00
SCR-0007736,HS-003400,11,40,2026-01-30 02:09:52,2026-04-01 06:30:00
SCR-0007737,HS-003400,40,54,2026-01-31 04:26:21,2026-04-01 06:30:00
SCR-0007738,HS-003401,0,14,2025-11-11 10:50:32,2026-04-01 06:30:00
SCR-0007739,HS-003401,14,41,2025-11-15 21:44:43,2026-04-01 06:30:00
SCR-0007740,HS-003401,41,53,2025-11-17 18:03:27,2026-04-01 06:30:00
SCR-0007741,HS-003402,0,14,2025-10-28 05:21:17,2026-04-01 06:30:00
SCR-0007742,HS-003402,14,41,2025-11-03 04:59:21,2026-04-01 06:30:00
SCR-0007743,HS-003403,0,8,2025-10-06 22:00:26,2026-04-01 06:30:00
SCR-0007744,HS-003403,8,45,2025-10-15 19:24:05,2026-04-01 06:30:00
SCR-0007745,HS-003404,0,14,2025-12-20 19:57:16,2026-04-01 06:30:00
SCR-0007746,HS-003404,14,17,2026-01-04 00:55:22,2026-04-01 06:30:00
SCR-0007747,HS-003405,0,23,2025-09-23 09:41:20,2026-04-01 06:30:00
SCR-0007748,HS-003405,23,39,2025-10-03 23:23:03,2026-04-01 06:30:00
SCR-0007749,HS-003406,0,23,2025-12-02 18:10:43,2026-04-01 06:30:00
SCR-0007750,HS-003406,23,40,2025-12-13 22:31:43,2026-04-01 06:30:00
SCR-0007751,HS-003406,40,80,2025-12-16 20:27:48,2026-04-01 06:30:00
SCR-0007752,HS-003407,0,8,2025-09-11 06:07:03,2026-04-01 06:30:00
SCR-0007753,HS-003407,8,41,2025-09-28 20:35:08,2026-04-01 06:30:00
SCR-0007754,HS-003407,41,77,2025-09-29 06:44:17,2026-04-01 06:30:00
SCR-0007755,HS-003408,0,10,2026-01-27 12:33:24,2026-04-01 06:30:00
SCR-0007756,HS-003409,0,19,2025-11-25 05:23:53,2026-04-01 06:30:00
SCR-0007757,HS-003409,19,46,2025-12-11 15:07:15,2026-04-01 06:30:00
SCR-0007758,HS-003410,0,19,2026-01-31 22:38:25,2026-04-01 06:30:00
SCR-0007759,HS-003411,0,8,2026-02-17 13:05:32,2026-04-01 06:30:00
SCR-0007760,HS-003411,8,36,2026-02-26 20:31:26,2026-04-01 06:30:00
SCR-0007761,HS-003412,0,21,2026-01-21 18:50:36,2026-04-01 06:30:00
SCR-0007762,HS-003412,21,29,2026-01-30 09:14:54,2026-04-01 06:30:00
SCR-0007763,HS-003413,0,5,2025-10-25 22:07:15,2026-04-01 06:30:00
SCR-0007764,HS-003413,5,45,2025-11-05 02:58:16,2026-04-01 06:30:00
SCR-0007765,HS-003414,0,20,2026-02-15 16:26:56,2026-04-01 06:30:00
SCR-0007766,HS-003415,0,13,2026-03-20 19:32:24,2026-04-01 06:30:00
SCR-0007767,HS-003415,13,29,2026-03-22 01:25:41,2026-04-01 06:30:00
SCR-0007768,HS-003416,0,8,2025-12-13 22:32:03,2026-04-01 06:30:00
SCR-0007769,HS-003416,8,18,2025-12-27 11:19:52,2026-04-01 06:30:00
SCR-0007770,HS-003417,0,5,2026-01-12 11:31:07,2026-04-01 06:30:00
SCR-0007771,HS-003417,5,10,2026-01-29 20:27:37,2026-04-01 06:30:00
SCR-0007772,HS-003418,0,9,2026-01-01 10:26:39,2026-04-01 06:30:00
SCR-0007773,HS-003418,9,12,2026-01-20 07:51:28,2026-04-01 06:30:00
SCR-0007774,HS-003419,0,19,2025-11-09 22:56:01,2026-04-01 06:30:00
SCR-0007775,HS-003419,19,45,2025-11-18 11:47:46,2026-04-01 06:30:00
SCR-0007776,HS-003419,45,60,2025-11-19 23:59:07,2026-04-01 06:30:00
SCR-0007777,HS-003420,0,24,2025-11-15 17:27:47,2026-04-01 06:30:00
SCR-0007778,HS-003420,24,32,2025-11-17 06:16:11,2026-04-01 06:30:00
SCR-0007779,HS-003421,0,19,2026-03-16 20:35:16,2026-04-01 06:30:00
SCR-0007780,HS-003422,0,22,2025-11-18 11:55:17,2026-04-01 06:30:00
SCR-0007781,HS-003423,0,11,2025-08-31 03:07:42,2026-04-01 06:30:00
SCR-0007782,HS-003423,11,45,2025-09-07 21:04:40,2026-04-01 06:30:00
SCR-0007783,HS-003423,45,82,2025-09-09 08:39:28,2026-04-01 06:30:00
SCR-0007784,HS-003424,0,13,2025-12-07 16:05:44,2026-04-01 06:30:00
SCR-0007785,HS-003424,13,45,2025-12-13 05:22:51,2026-04-01 06:30:00
SCR-0007786,HS-003424,45,88,2025-12-15 13:37:47,2026-04-01 06:30:00
SCR-0007787,HS-003425,0,14,2026-03-10 01:55:40,2026-04-01 06:30:00
SCR-0007788,HS-003426,0,11,2026-02-19 07:30:22,2026-04-01 06:30:00
SCR-0007789,HS-003426,11,49,2026-03-14 19:13:46,2026-04-01 06:30:00
SCR-0007790,HS-003427,0,21,2025-09-10 02:34:47,2026-04-01 06:30:00
SCR-0007791,HS-003427,21,41,2025-09-12 12:51:00,2026-04-01 06:30:00
SCR-0007792,HS-003427,41,65,2025-09-12 15:01:19,2026-04-01 06:30:00
SCR-0007793,HS-003428,0,18,2026-01-09 08:14:28,2026-04-01 06:30:00
SCR-0007794,HS-003428,18,23,2026-01-12 00:19:33,2026-04-01 06:30:00
SCR-0007795,HS-003429,0,13,2025-10-07 20:15:08,2026-04-01 06:30:00
SCR-0007796,HS-003429,13,49,2025-10-12 09:06:20,2026-04-01 06:30:00
SCR-0007797,HS-003430,0,8,2025-10-20 13:37:21,2026-04-01 06:30:00
SCR-0007798,HS-003430,8,45,2025-10-27 18:43:56,2026-04-01 06:30:00
SCR-0007799,HS-003430,45,74,2025-10-28 03:33:18,2026-04-01 06:30:00
SCR-0007800,HS-003431,0,17,2026-03-13 11:47:44,2026-04-01 06:30:00
SCR-0007801,HS-003431,17,47,2026-03-18 05:30:55,2026-04-01 06:30:00
SCR-0007802,HS-003431,47,78,2026-03-19 23:10:13,2026-04-01 06:30:00
SCR-0007803,HS-003432,0,13,2026-03-14 18:17:21,2026-04-01 06:30:00
SCR-0007804,HS-003432,13,47,2026-03-25 12:15:25,2026-04-01 06:30:00
SCR-0007805,HS-003432,47,89,2026-03-26 09:17:07,2026-04-01 06:30:00
SCR-0007806,HS-003433,0,6,2025-10-06 22:20:23,2026-04-01 06:30:00
SCR-0007807,HS-003433,6,33,2025-10-25 20:58:43,2026-04-01 06:30:00
SCR-0007808,HS-003434,0,16,2025-10-04 20:55:52,2026-04-01 06:30:00
SCR-0007809,HS-003434,16,41,2025-10-15 10:41:34,2026-04-01 06:30:00
SCR-0007810,HS-003434,41,90,2025-10-18 05:57:50,2026-04-01 06:30:00
SCR-0007811,HS-003435,0,20,2025-11-29 07:05:15,2026-04-01 06:30:00
SCR-0007812,HS-003435,20,44,2025-12-14 00:02:32,2026-04-01 06:30:00
SCR-0007813,HS-003435,44,65,2025-12-16 04:17:44,2026-04-01 06:30:00
SCR-0007814,HS-003436,0,18,2025-11-13 21:50:57,2026-04-01 06:30:00
SCR-0007815,HS-003436,18,48,2025-11-18 14:20:36,2026-04-01 06:30:00
SCR-0007816,HS-003436,48,71,2025-11-19 13:38:25,2026-04-01 06:30:00
SCR-0007817,HS-003437,0,20,2026-02-10 02:59:18,2026-04-01 06:30:00
SCR-0007818,HS-003437,20,48,2026-02-14 19:06:37,2026-04-01 06:30:00
SCR-0007819,HS-003437,48,65,2026-02-15 21:22:22,2026-04-01 06:30:00
SCR-0007820,HS-003438,0,15,2025-09-11 14:13:06,2026-04-01 06:30:00
SCR-0007821,HS-003438,15,47,2025-09-15 16:35:00,2026-04-01 06:30:00
SCR-0007822,HS-003438,47,52,2025-09-16 14:00:59,2026-04-01 06:30:00
SCR-0007823,HS-003439,0,12,2026-03-25 21:51:40,2026-04-01 06:30:00
SCR-0007824,HS-003439,12,43,2026-03-28 02:49:56,2026-04-01 06:30:00
SCR-0007825,HS-003439,43,86,2026-03-28 04:54:07,2026-04-01 06:30:00
SCR-0007826,HS-003440,0,7,2026-01-12 21:56:57,2026-04-01 06:30:00
SCR-0007827,HS-003440,7,25,2026-01-25 14:57:11,2026-04-01 06:30:00
SCR-0007828,HS-003441,0,13,2026-01-11 11:47:50,2026-04-01 06:30:00
SCR-0007829,HS-003442,0,14,2025-11-26 06:43:56,2026-04-01 06:30:00
SCR-0007830,HS-003442,14,38,2025-12-08 04:32:44,2026-04-01 06:30:00
SCR-0007831,HS-003443,0,7,2025-12-12 10:49:17,2026-04-01 06:30:00
SCR-0007832,HS-003443,7,47,2025-12-17 14:55:17,2026-04-01 06:30:00
SCR-0007833,HS-003443,47,52,2025-12-19 01:10:10,2026-04-01 06:30:00
SCR-0007834,HS-003444,0,12,2025-12-19 13:51:21,2026-04-01 06:30:00
SCR-0007835,HS-003444,12,44,2025-12-21 02:33:15,2026-04-01 06:30:00
SCR-0007836,HS-003444,44,55,2025-12-23 14:14:50,2026-04-01 06:30:00
SCR-0007837,HS-003445,0,18,2026-02-14 22:23:53,2026-04-01 06:30:00
SCR-0007838,HS-003445,18,44,2026-02-20 23:31:05,2026-04-01 06:30:00
SCR-0007839,HS-003445,44,85,2026-02-21 16:15:48,2026-04-01 06:30:00
SCR-0007840,HS-003446,0,11,2025-12-24 17:15:11,2026-04-01 06:30:00
SCR-0007841,HS-003446,11,21,2025-12-28 04:15:29,2026-04-01 06:30:00
SCR-0007842,HS-003447,0,5,2025-09-06 10:26:46,2026-04-01 06:30:00
SCR-0007843,HS-003447,5,31,2025-09-21 19:25:41,2026-04-01 06:30:00
SCR-0007844,HS-003448,0,8,2025-09-13 10:28:17,2026-04-01 06:30:00
SCR-0007845,HS-003448,8,20,2025-09-20 13:19:39,2026-04-01 06:30:00
SCR-0007846,HS-003449,0,14,2026-01-29 20:00:12,2026-04-01 06:30:00
SCR-0007847,HS-003450,0,5,2026-03-08 07:07:55,2026-04-01 06:30:00
SCR-0007848,HS-003450,5,43,2026-03-16 07:00:32,2026-04-01 06:30:00
SCR-0007849,HS-003450,43,53,2026-03-19 02:54:26,2026-04-01 06:30:00
SCR-0007850,HS-003451,0,7,2025-09-11 12:38:53,2026-04-01 06:30:00
SCR-0007851,HS-003451,7,29,2025-09-15 06:14:07,2026-04-01 06:30:00
SCR-0007852,HS-003452,0,19,2025-09-09 01:23:14,2026-04-01 06:30:00
SCR-0007853,HS-003453,0,5,2025-11-03 07:58:30,2026-04-01 06:30:00
SCR-0007854,HS-003453,5,31,2025-11-16 04:58:28,2026-04-01 06:30:00
SCR-0007855,HS-003454,0,13,2025-10-22 13:20:20,2026-04-01 06:30:00
SCR-0007856,HS-003454,13,46,2025-10-26 11:00:42,2026-04-01 06:30:00
SCR-0007857,HS-003454,46,50,2025-10-27 15:31:23,2026-04-01 06:30:00
SCR-0007858,HS-003455,0,24,2025-12-17 15:39:28,2026-04-01 06:30:00
SCR-0007859,HS-003456,0,14,2025-11-17 22:51:27,2026-04-01 06:30:00
SCR-0007860,HS-003456,14,17,2025-12-06 19:52:43,2026-04-01 06:30:00
SCR-0007861,HS-003457,0,24,2026-02-08 14:37:33,2026-04-01 06:30:00
SCR-0007862,HS-003458,0,17,2025-11-10 07:48:40,2026-04-01 06:30:00
SCR-0007863,HS-003458,17,46,2025-11-22 15:35:06,2026-04-01 06:30:00
SCR-0007864,HS-003458,46,68,2025-11-22 20:44:45,2026-04-01 06:30:00
SCR-0007865,HS-003459,0,7,2026-03-28 05:50:31,2026-04-01 06:30:00
SCR-0007866,HS-003459,7,33,2026-04-06 11:52:35,2026-04-01 06:30:00
SCR-0007867,HS-003460,0,11,2026-02-17 13:28:14,2026-04-01 06:30:00
SCR-0007868,HS-003460,11,41,2026-02-27 12:46:01,2026-04-01 06:30:00
SCR-0007869,HS-003460,41,54,2026-03-02 00:00:08,2026-04-01 06:30:00
SCR-0007870,HS-003461,0,19,2025-09-28 16:55:25,2026-04-01 06:30:00
SCR-0007871,HS-003461,19,23,2025-10-03 11:15:20,2026-04-01 06:30:00
SCR-0007872,HS-003462,0,20,2026-02-08 11:27:09,2026-04-01 06:30:00
SCR-0007873,HS-003463,0,16,2025-09-22 06:55:59,2026-04-01 06:30:00
SCR-0007874,HS-003463,16,45,2025-09-26 19:02:05,2026-04-01 06:30:00
SCR-0007875,HS-003463,45,52,2025-09-27 11:22:20,2026-04-01 06:30:00
SCR-0007876,HS-003464,0,21,2025-11-01 18:10:47,2026-04-01 06:30:00
SCR-0007877,HS-003464,21,30,2025-11-12 10:12:55,2026-04-01 06:30:00
SCR-0007878,HS-003465,0,24,2025-10-22 17:14:16,2026-04-01 06:30:00
SCR-0007879,HS-003465,24,48,2025-11-01 23:42:30,2026-04-01 06:30:00
SCR-0007880,HS-003466,0,19,2026-02-25 10:15:34,2026-04-01 06:30:00
SCR-0007881,HS-003466,19,42,2026-03-04 22:20:53,2026-04-01 06:30:00
SCR-0007882,HS-003466,42,81,2026-03-05 06:24:02,2026-04-01 06:30:00
SCR-0007883,HS-003467,0,14,2026-02-20 02:04:49,2026-04-01 06:30:00
SCR-0007884,HS-003467,14,48,2026-03-09 01:40:45,2026-04-01 06:30:00
SCR-0007885,HS-003467,48,64,2026-03-11 23:32:53,2026-04-01 06:30:00
SCR-0007886,HS-003468,0,22,2026-03-08 20:04:33,2026-04-01 06:30:00
SCR-0007887,HS-003468,22,40,2026-03-16 10:16:12,2026-04-01 06:30:00
SCR-0007888,HS-003468,40,77,2026-03-18 22:38:23,2026-04-01 06:30:00
SCR-0007889,HS-003469,0,10,2025-12-26 07:19:56,2026-04-01 06:30:00
SCR-0007890,HS-003469,10,28,2026-01-10 20:54:41,2026-04-01 06:30:00
SCR-0007891,HS-003470,0,15,2026-02-02 21:58:43,2026-04-01 06:30:00
SCR-0007892,HS-003470,15,48,2026-02-11 07:49:52,2026-04-01 06:30:00
SCR-0007893,HS-003470,48,56,2026-02-12 09:33:29,2026-04-01 06:30:00
SCR-0007894,HS-003471,0,20,2025-11-30 05:51:55,2026-04-01 06:30:00
SCR-0007895,HS-003471,20,47,2025-12-15 00:59:08,2026-04-01 06:30:00
SCR-0007896,HS-003471,47,67,2025-12-16 02:00:23,2026-04-01 06:30:00
SCR-0007897,HS-003472,0,10,2025-11-25 05:34:09,2026-04-01 06:30:00
SCR-0007898,HS-003472,10,45,2025-12-07 10:56:32,2026-04-01 06:30:00
SCR-0007899,HS-003472,45,55,2025-12-07 13:08:22,2026-04-01 06:30:00
SCR-0007900,HS-003473,0,23,2026-01-20 14:01:55,2026-04-01 06:30:00
SCR-0007901,HS-003473,23,39,2026-01-27 02:19:47,2026-04-01 06:30:00
SCR-0007902,HS-003474,0,20,2026-01-14 10:09:27,2026-04-01 06:30:00
SCR-0007903,HS-003474,20,28,2026-01-19 00:26:47,2026-04-01 06:30:00
SCR-0007904,HS-003475,0,11,2026-03-03 16:10:31,2026-04-01 06:30:00
SCR-0007905,HS-003475,11,43,2026-03-09 21:18:54,2026-04-01 06:30:00
SCR-0007906,HS-003475,43,73,2026-03-11 11:19:59,2026-04-01 06:30:00
SCR-0007907,HS-003476,0,24,2025-09-19 06:43:44,2026-04-01 06:30:00
SCR-0007908,HS-003476,24,36,2025-09-30 20:54:01,2026-04-01 06:30:00
SCR-0007909,HS-003477,0,20,2026-03-02 06:16:11,2026-04-01 06:30:00
SCR-0007910,HS-003477,20,41,2026-03-05 06:54:50,2026-04-01 06:30:00
SCR-0007911,HS-003477,41,81,2026-03-08 05:56:03,2026-04-01 06:30:00
SCR-0007912,HS-003478,0,11,2026-03-19 06:17:13,2026-04-01 06:30:00
SCR-0007913,HS-003478,11,40,2026-03-20 15:30:37,2026-04-01 06:30:00
SCR-0007914,HS-003478,40,83,2026-03-21 22:59:54,2026-04-01 06:30:00
SCR-0007915,HS-003479,0,21,2026-02-05 10:01:28,2026-04-01 06:30:00
SCR-0007916,HS-003479,21,47,2026-02-13 02:24:55,2026-04-01 06:30:00
SCR-0007917,HS-003480,0,7,2026-01-04 12:06:28,2026-04-01 06:30:00
SCR-0007918,HS-003480,7,34,2026-01-08 03:50:08,2026-04-01 06:30:00
SCR-0007919,HS-003481,0,9,2026-03-12 02:06:31,2026-04-01 06:30:00
SCR-0007920,HS-003481,9,17,2026-03-26 07:02:15,2026-04-01 06:30:00
SCR-0007921,HS-003482,0,19,2026-03-05 05:25:26,2026-04-01 06:30:00
SCR-0007922,HS-003482,19,40,2026-03-17 10:44:21,2026-04-01 06:30:00
SCR-0007923,HS-003482,40,83,2026-03-19 02:26:36,2026-04-01 06:30:00
SCR-0007924,HS-003483,0,17,2025-10-08 07:03:51,2026-04-01 06:30:00
SCR-0007925,HS-003483,17,46,2025-10-22 22:39:43,2026-04-01 06:30:00
SCR-0007926,HS-003483,46,69,2025-10-25 05:40:43,2026-04-01 06:30:00
SCR-0007927,HS-003484,0,16,2026-03-13 17:15:08,2026-04-01 06:30:00
SCR-0007928,HS-003484,16,48,2026-03-19 23:02:32,2026-04-01 06:30:00
SCR-0007929,HS-003485,0,5,2026-03-16 13:55:40,2026-04-01 06:30:00
SCR-0007930,HS-003485,5,42,2026-03-21 17:21:43,2026-04-01 06:30:00
SCR-0007931,HS-003485,42,84,2026-03-23 07:07:21,2026-04-01 06:30:00
SCR-0007932,HS-003486,0,19,2025-08-29 21:38:35,2026-04-01 06:30:00
SCR-0007933,HS-003486,19,42,2025-09-04 04:50:45,2026-04-01 06:30:00
SCR-0007934,HS-003486,42,64,2025-09-04 05:23:52,2026-04-01 06:30:00
SCR-0007935,HS-003487,0,24,2025-12-23 13:43:38,2026-04-01 06:30:00
SCR-0007936,HS-003487,24,27,2026-01-08 19:49:41,2026-04-01 06:30:00
SCR-0007937,HS-003488,0,13,2026-03-09 16:40:26,2026-04-01 06:30:00
SCR-0007938,HS-003488,13,43,2026-03-15 04:38:20,2026-04-01 06:30:00
SCR-0007939,HS-003488,43,73,2026-03-17 16:31:45,2026-04-01 06:30:00
SCR-0007940,HS-003489,0,8,2026-02-11 17:29:32,2026-04-01 06:30:00
SCR-0007941,HS-003489,8,44,2026-02-16 07:12:19,2026-04-01 06:30:00
SCR-0007942,HS-003489,44,87,2026-02-16 17:49:38,2026-04-01 06:30:00
SCR-0007943,HS-003490,0,6,2025-11-18 22:09:38,2026-04-01 06:30:00
SCR-0007944,HS-003490,6,28,2025-12-04 12:12:35,2026-04-01 06:30:00
SCR-0007945,HS-003491,0,16,2026-01-22 18:16:15,2026-04-01 06:30:00
SCR-0007946,HS-003491,16,36,2026-01-27 21:40:40,2026-04-01 06:30:00
SCR-0007947,HS-003492,0,23,2026-03-08 11:09:39,2026-04-01 06:30:00
SCR-0007948,HS-003492,23,42,2026-03-10 17:41:30,2026-04-01 06:30:00
SCR-0007949,HS-003492,42,69,2026-03-12 14:28:09,2026-04-01 06:30:00
SCR-0007950,HS-003493,0,7,2026-02-16 01:28:13,2026-04-01 06:30:00
SCR-0007951,HS-003493,7,45,2026-02-22 12:00:51,2026-04-01 06:30:00
SCR-0007952,HS-003493,45,58,2026-02-22 20:10:39,2026-04-01 06:30:00
SCR-0007953,HS-003494,0,19,2025-09-22 14:32:20,2026-04-01 06:30:00
SCR-0007954,HS-003494,19,39,2025-10-08 16:48:06,2026-04-01 06:30:00
SCR-0007955,HS-003495,0,12,2025-11-27 09:01:28,2026-04-01 06:30:00
SCR-0007956,HS-003495,12,48,2025-12-01 08:29:03,2026-04-01 06:30:00
SCR-0007957,HS-003495,48,80,2025-12-02 07:38:21,2026-04-01 06:30:00
SCR-0007958,HS-003496,0,15,2025-11-19 23:04:27,2026-04-01 06:30:00
SCR-0007959,HS-003497,0,8,2025-09-09 06:31:25,2026-04-01 06:30:00
SCR-0007960,HS-003497,8,14,2025-09-23 01:50:46,2026-04-01 06:30:00
SCR-0007961,HS-003498,0,17,2026-02-27 13:02:27,2026-04-01 06:30:00
SCR-0007962,HS-003498,17,40,2026-03-03 03:26:52,2026-04-01 06:30:00
SCR-0007963,HS-003499,0,8,2025-10-18 11:36:19,2026-04-01 06:30:00
SCR-0007964,HS-003499,8,39,2025-10-30 03:27:34,2026-04-01 06:30:00
SCR-0007965,HS-003500,0,10,2025-12-03 16:10:33,2026-04-01 06:30:00
SCR-0007966,HS-003500,10,42,2025-12-09 03:30:47,2026-04-01 06:30:00
SCR-0007967,HS-003501,0,18,2026-03-13 13:36:30,2026-04-01 06:30:00
SCR-0007968,HS-003501,18,35,2026-03-29 20:27:55,2026-04-01 06:30:00
SCR-0007969,HS-003502,0,12,2026-02-21 08:55:48,2026-04-01 06:30:00
SCR-0007970,HS-003502,12,17,2026-03-09 14:55:35,2026-04-01 06:30:00
SCR-0007971,HS-003503,0,10,2025-12-05 11:17:57,2026-04-01 06:30:00
SCR-0007972,HS-003503,10,48,2025-12-27 22:09:31,2026-04-01 06:30:00
SCR-0007973,HS-003503,48,60,2025-12-28 02:21:14,2026-04-01 06:30:00
SCR-0007974,HS-003504,0,18,2025-12-30 11:26:11,2026-04-01 06:30:00
SCR-0007975,HS-003505,0,16,2025-11-25 00:44:39,2026-04-01 06:30:00
SCR-0007976,HS-003505,16,42,2025-11-28 17:57:46,2026-04-01 06:30:00
SCR-0007977,HS-003505,42,59,2025-11-30 11:32:30,2026-04-01 06:30:00
SCR-0007978,HS-003506,0,6,2025-11-22 04:19:16,2026-04-01 06:30:00
SCR-0007979,HS-003506,6,25,2025-12-09 10:54:12,2026-04-01 06:30:00
SCR-0007980,HS-003507,0,20,2025-12-17 08:47:39,2026-04-01 06:30:00
SCR-0007981,HS-003508,0,11,2025-11-03 21:27:38,2026-04-01 06:30:00
SCR-0007982,HS-003508,11,32,2025-11-16 09:14:42,2026-04-01 06:30:00
SCR-0007983,HS-003509,0,23,2025-11-14 23:32:38,2026-04-01 06:30:00
SCR-0007984,HS-003510,0,5,2026-02-15 22:51:48,2026-04-01 06:30:00
SCR-0007985,HS-003510,5,28,2026-03-05 23:48:16,2026-04-01 06:30:00
SCR-0007986,HS-003511,0,21,2026-03-19 17:21:09,2026-04-01 06:30:00
SCR-0007987,HS-003511,21,45,2026-03-29 10:15:15,2026-04-01 06:30:00
SCR-0007988,HS-003511,45,84,2026-03-30 09:57:53,2026-04-01 06:30:00
SCR-0007989,HS-003512,0,13,2025-11-29 16:38:03,2026-04-01 06:30:00
SCR-0007990,HS-003512,13,26,2025-12-02 13:35:10,2026-04-01 06:30:00
SCR-0007991,HS-003513,0,9,2026-01-03 14:28:20,2026-04-01 06:30:00
SCR-0007992,HS-003513,9,43,2026-01-12 08:07:22,2026-04-01 06:30:00
SCR-0007993,HS-003513,43,83,2026-01-12 12:01:37,2026-04-01 06:30:00
SCR-0007994,HS-003514,0,9,2025-11-28 08:59:11,2026-04-01 06:30:00
SCR-0007995,HS-003514,9,43,2025-12-09 13:36:46,2026-04-01 06:30:00
SCR-0007996,HS-003514,43,63,2025-12-10 22:58:14,2026-04-01 06:30:00
SCR-0007997,HS-003515,0,13,2026-02-20 04:38:26,2026-04-01 06:30:00
SCR-0007998,HS-003515,13,38,2026-02-26 12:44:35,2026-04-01 06:30:00
SCR-0007999,HS-003516,0,6,2025-09-07 21:34:59,2026-04-01 06:30:00
SCR-0008000,HS-003516,6,45,2025-09-17 21:25:17,2026-04-01 06:30:00
SCR-0008001,HS-003516,45,78,2025-09-19 19:48:12,2026-04-01 06:30:00
SCR-0008002,HS-003517,0,10,2025-10-17 05:24:24,2026-04-01 06:30:00
SCR-0008003,HS-003517,10,40,2025-10-22 10:27:01,2026-04-01 06:30:00
SCR-0008004,HS-003517,40,71,2025-10-22 13:00:12,2026-04-01 06:30:00
SCR-0008005,HS-003518,0,13,2025-11-06 09:07:22,2026-04-01 06:30:00
SCR-0008006,HS-003518,13,34,2025-11-20 05:41:25,2026-04-01 06:30:00
SCR-0008007,HS-003519,0,20,2026-03-01 11:21:28,2026-04-01 06:30:00
SCR-0008008,HS-003520,0,17,2026-01-09 03:27:49,2026-04-01 06:30:00
SCR-0008009,HS-003520,17,47,2026-01-12 17:22:11,2026-04-01 06:30:00
SCR-0008010,HS-003520,47,75,2026-01-13 20:38:49,2026-04-01 06:30:00
SCR-0008011,HS-003521,0,13,2026-03-08 13:30:23,2026-04-01 06:30:00
SCR-0008012,HS-003521,13,42,2026-03-17 02:58:37,2026-04-01 06:30:00
SCR-0008013,HS-003522,0,13,2026-03-20 20:23:26,2026-04-01 06:30:00
SCR-0008014,HS-003523,0,16,2025-11-13 05:02:12,2026-04-01 06:30:00
SCR-0008015,HS-003523,16,36,2025-11-25 05:39:52,2026-04-01 06:30:00
SCR-0008016,HS-003524,0,10,2025-10-27 16:42:48,2026-04-01 06:30:00
SCR-0008017,HS-003524,10,12,2025-11-05 17:27:01,2026-04-01 06:30:00
SCR-0008018,HS-003525,0,11,2026-01-24 13:43:30,2026-04-01 06:30:00
SCR-0008019,HS-003525,11,44,2026-02-04 02:19:52,2026-04-01 06:30:00
SCR-0008020,HS-003525,44,75,2026-02-05 18:39:40,2026-04-01 06:30:00
SCR-0008021,HS-003526,0,8,2026-01-03 17:55:35,2026-04-01 06:30:00
SCR-0008022,HS-003526,8,17,2026-01-17 01:16:19,2026-04-01 06:30:00
SCR-0008023,HS-003527,0,16,2025-10-11 08:02:18,2026-04-01 06:30:00
SCR-0008024,HS-003527,16,37,2025-10-15 01:15:42,2026-04-01 06:30:00
SCR-0008025,HS-003528,0,9,2025-09-26 00:04:50,2026-04-01 06:30:00
SCR-0008026,HS-003528,9,47,2025-10-10 23:57:45,2026-04-01 06:30:00
SCR-0008027,HS-003528,47,67,2025-10-11 17:36:37,2026-04-01 06:30:00
SCR-0008028,HS-003529,0,6,2025-09-30 05:59:26,2026-04-01 06:30:00
SCR-0008029,HS-003529,6,34,2025-10-14 02:11:46,2026-04-01 06:30:00
SCR-0008030,HS-003530,0,12,2025-09-21 02:04:27,2026-04-01 06:30:00
SCR-0008031,HS-003530,12,44,2025-10-07 14:27:02,2026-04-01 06:30:00
SCR-0008032,HS-003531,0,22,2026-01-30 23:25:14,2026-04-01 06:30:00
SCR-0008033,HS-003532,0,12,2026-01-02 16:19:54,2026-04-01 06:30:00
SCR-0008034,HS-003532,12,31,2026-01-08 08:28:39,2026-04-01 06:30:00
SCR-0008035,HS-003533,0,19,2025-11-19 07:20:19,2026-04-01 06:30:00
SCR-0008036,HS-003533,19,46,2025-11-25 16:27:24,2026-04-01 06:30:00
SCR-0008037,HS-003533,46,84,2025-11-27 21:28:34,2026-04-01 06:30:00
SCR-0008038,HS-003534,0,14,2025-09-13 12:40:53,2026-04-01 06:30:00
SCR-0008039,HS-003534,14,28,2025-09-24 02:43:57,2026-04-01 06:30:00
SCR-0008040,HS-003535,0,24,2026-03-09 15:07:17,2026-04-01 06:30:00
SCR-0008041,HS-003536,0,9,2026-03-14 13:43:24,2026-04-01 06:30:00
SCR-0008042,HS-003536,9,32,2026-03-26 10:27:09,2026-04-01 06:30:00
SCR-0008043,HS-003537,0,9,2026-02-11 16:28:00,2026-04-01 06:30:00
SCR-0008044,HS-003537,9,41,2026-02-15 00:31:13,2026-04-01 06:30:00
SCR-0008045,HS-003537,41,57,2026-02-15 11:48:55,2026-04-01 06:30:00
SCR-0008046,HS-003538,0,13,2026-03-22 07:41:26,2026-04-01 06:30:00
SCR-0008047,HS-003538,13,37,2026-03-25 08:21:57,2026-04-01 06:30:00
SCR-0008048,HS-003539,0,23,2025-08-29 07:50:19,2026-04-01 06:30:00
SCR-0008049,HS-003539,23,44,2025-09-03 09:50:59,2026-04-01 06:30:00
SCR-0008050,HS-003539,44,86,2025-09-05 06:54:59,2026-04-01 06:30:00
SCR-0008051,HS-003540,0,6,2025-09-21 16:01:26,2026-04-01 06:30:00
SCR-0008052,HS-003540,6,30,2025-09-24 11:44:39,2026-04-01 06:30:00
SCR-0008053,HS-003541,0,19,2026-01-02 12:43:27,2026-04-01 06:30:00
SCR-0008054,HS-003541,19,44,2026-01-09 19:45:30,2026-04-01 06:30:00
SCR-0008055,HS-003541,44,61,2026-01-10 07:25:36,2026-04-01 06:30:00
SCR-0008056,HS-003542,0,12,2025-08-24 20:12:51,2026-04-01 06:30:00
SCR-0008057,HS-003542,12,44,2025-08-31 08:32:03,2026-04-01 06:30:00
SCR-0008058,HS-003542,44,86,2025-09-01 12:37:57,2026-04-01 06:30:00
SCR-0008059,HS-003543,0,21,2026-03-27 01:23:22,2026-04-01 06:30:00
SCR-0008060,HS-003544,0,6,2025-12-24 11:54:00,2026-04-01 06:30:00
SCR-0008061,HS-003544,6,29,2025-12-31 06:56:49,2026-04-01 06:30:00
SCR-0008062,HS-003545,0,15,2025-10-05 03:56:28,2026-04-01 06:30:00
SCR-0008063,HS-003546,0,13,2025-11-27 01:06:34,2026-04-01 06:30:00
SCR-0008064,HS-003547,0,22,2026-03-11 17:28:03,2026-04-01 06:30:00
SCR-0008065,HS-003548,0,9,2025-10-03 06:19:39,2026-04-01 06:30:00
SCR-0008066,HS-003548,9,39,2025-10-07 01:52:53,2026-04-01 06:30:00
SCR-0008067,HS-003549,0,5,2025-11-10 00:45:02,2026-04-01 06:30:00
SCR-0008068,HS-003549,5,13,2025-11-24 18:32:50,2026-04-01 06:30:00
SCR-0008069,HS-003550,0,22,2026-01-19 18:46:44,2026-04-01 06:30:00
SCR-0008070,HS-003550,22,41,2026-01-29 20:30:48,2026-04-01 06:30:00
SCR-0008071,HS-003550,41,51,2026-01-30 20:57:35,2026-04-01 06:30:00
SCR-0008072,HS-003551,0,9,2026-01-30 23:43:29,2026-04-01 06:30:00
SCR-0008073,HS-003551,9,22,2026-02-03 15:05:02,2026-04-01 06:30:00
SCR-0008074,HS-003552,0,16,2026-01-10 12:43:31,2026-04-01 06:30:00
SCR-0008075,HS-003552,16,46,2026-01-14 18:15:23,2026-04-01 06:30:00
SCR-0008076,HS-003553,0,5,2025-09-20 20:58:22,2026-04-01 06:30:00
SCR-0008077,HS-003553,5,34,2025-10-01 10:42:49,2026-04-01 06:30:00
SCR-0008078,HS-003554,0,6,2026-01-20 11:34:31,2026-04-01 06:30:00
SCR-0008079,HS-003554,6,38,2026-01-30 14:03:05,2026-04-01 06:30:00
SCR-0008080,HS-003555,0,16,2025-10-11 09:05:19,2026-04-01 06:30:00
SCR-0008081,HS-003555,16,46,2025-10-17 03:30:43,2026-04-01 06:30:00
SCR-0008082,HS-003555,46,85,2025-10-18 20:14:59,2026-04-01 06:30:00
SCR-0008083,HS-003556,0,20,2025-12-30 20:18:21,2026-04-01 06:30:00
SCR-0008084,HS-003556,20,27,2026-01-13 23:30:50,2026-04-01 06:30:00
SCR-0008085,HS-003557,0,23,2026-02-11 22:44:07,2026-04-01 06:30:00
SCR-0008086,HS-003557,23,45,2026-02-21 02:10:29,2026-04-01 06:30:00
SCR-0008087,HS-003557,45,55,2026-02-21 21:15:18,2026-04-01 06:30:00
SCR-0008088,HS-003558,0,22,2026-03-16 12:31:38,2026-04-01 06:30:00
SCR-0008089,HS-003559,0,14,2025-12-15 21:00:53,2026-04-01 06:30:00
SCR-0008090,HS-003560,0,11,2025-12-31 23:34:33,2026-04-01 06:30:00
SCR-0008091,HS-003560,11,25,2026-01-11 00:25:55,2026-04-01 06:30:00
SCR-0008092,HS-003561,0,16,2026-02-11 12:41:37,2026-04-01 06:30:00
SCR-0008093,HS-003561,16,33,2026-02-18 02:22:43,2026-04-01 06:30:00
SCR-0008094,HS-003562,0,16,2025-12-07 11:04:10,2026-04-01 06:30:00
SCR-0008095,HS-003562,16,26,2025-12-26 18:59:21,2026-04-01 06:30:00
SCR-0008096,HS-003563,0,13,2026-02-26 19:09:29,2026-04-01 06:30:00
SCR-0008097,HS-003563,13,47,2026-03-05 15:15:17,2026-04-01 06:30:00
SCR-0008098,HS-003563,47,53,2026-03-08 05:50:40,2026-04-01 06:30:00
SCR-0008099,HS-003564,0,17,2026-03-11 06:09:32,2026-04-01 06:30:00
SCR-0008100,HS-003564,17,30,2026-03-22 09:03:35,2026-04-01 06:30:00
SCR-0008101,HS-003565,0,22,2025-11-25 20:27:38,2026-04-01 06:30:00
SCR-0008102,HS-003565,22,48,2025-12-06 14:36:37,2026-04-01 06:30:00
SCR-0008103,HS-003566,0,8,2025-12-21 14:13:00,2026-04-01 06:30:00
SCR-0008104,HS-003566,8,11,2026-01-08 03:41:43,2026-04-01 06:30:00
SCR-0008105,HS-003567,0,10,2026-03-23 15:37:20,2026-04-01 06:30:00
SCR-0008106,HS-003567,10,40,2026-03-27 15:40:29,2026-04-01 06:30:00
SCR-0008107,HS-003568,0,19,2025-09-05 13:36:58,2026-04-01 06:30:00
SCR-0008108,HS-003568,19,43,2025-09-15 11:43:59,2026-04-01 06:30:00
SCR-0008109,HS-003568,43,60,2025-09-15 14:03:26,2026-04-01 06:30:00
SCR-0008110,HS-003569,0,14,2026-01-08 17:13:28,2026-04-01 06:30:00
SCR-0008111,HS-003569,14,48,2026-01-11 23:44:35,2026-04-01 06:30:00
SCR-0008112,HS-003569,48,62,2026-01-12 14:04:54,2026-04-01 06:30:00
SCR-0008113,HS-003570,0,9,2025-12-01 17:39:53,2026-04-01 06:30:00
SCR-0008114,HS-003570,9,46,2025-12-06 00:25:47,2026-04-01 06:30:00
SCR-0008115,HS-003570,46,64,2025-12-08 09:20:51,2026-04-01 06:30:00
SCR-0008116,HS-003571,0,5,2026-03-20 16:46:02,2026-04-01 06:30:00
SCR-0008117,HS-003571,5,19,2026-03-28 07:42:38,2026-04-01 06:30:00
SCR-0008118,HS-003572,0,20,2025-09-13 02:21:46,2026-04-01 06:30:00
SCR-0008119,HS-003572,20,37,2025-09-28 09:54:22,2026-04-01 06:30:00
SCR-0008120,HS-003573,0,24,2025-11-03 11:34:25,2026-04-01 06:30:00
SCR-0008121,HS-003573,24,47,2025-11-07 01:15:37,2026-04-01 06:30:00
SCR-0008122,HS-003573,47,51,2025-11-09 04:56:04,2026-04-01 06:30:00
SCR-0008123,HS-003574,0,18,2026-01-18 14:32:30,2026-04-01 06:30:00
SCR-0008124,HS-003575,0,18,2025-09-18 09:29:13,2026-04-01 06:30:00
SCR-0008125,HS-003576,0,15,2026-03-09 04:28:17,2026-04-01 06:30:00
SCR-0008126,HS-003576,15,47,2026-03-12 05:04:50,2026-04-01 06:30:00
SCR-0008127,HS-003576,47,51,2026-03-14 09:40:47,2026-04-01 06:30:00
SCR-0008128,HS-003577,0,9,2025-10-10 13:47:59,2026-04-01 06:30:00
SCR-0008129,HS-003577,9,35,2025-10-12 10:31:49,2026-04-01 06:30:00
SCR-0008130,HS-003578,0,11,2025-11-29 18:25:48,2026-04-01 06:30:00
SCR-0008131,HS-003579,0,13,2025-12-30 02:04:14,2026-04-01 06:30:00
SCR-0008132,HS-003579,13,44,2026-01-07 03:02:11,2026-04-01 06:30:00
SCR-0008133,HS-003579,44,87,2026-01-07 12:08:30,2026-04-01 06:30:00
SCR-0008134,HS-003580,0,19,2025-09-02 10:08:23,2026-04-01 06:30:00
SCR-0008135,HS-003580,19,34,2025-09-08 13:59:32,2026-04-01 06:30:00
SCR-0008136,HS-003581,0,17,2025-09-23 09:22:37,2026-04-01 06:30:00
SCR-0008137,HS-003581,17,23,2025-10-05 01:06:27,2026-04-01 06:30:00
SCR-0008138,HS-003582,0,7,2026-02-26 00:13:52,2026-04-01 06:30:00
SCR-0008139,HS-003582,7,22,2026-03-02 01:08:11,2026-04-01 06:30:00
SCR-0008140,HS-003583,0,16,2025-11-27 14:13:30,2026-04-01 06:30:00
SCR-0008141,HS-003583,16,45,2025-12-06 00:08:30,2026-04-01 06:30:00
SCR-0008142,HS-003583,45,58,2025-12-08 02:37:17,2026-04-01 06:30:00
SCR-0008143,HS-003584,0,22,2025-09-22 07:34:28,2026-04-01 06:30:00
SCR-0008144,HS-003584,22,45,2025-09-27 04:53:20,2026-04-01 06:30:00
SCR-0008145,HS-003584,45,85,2025-09-29 03:16:29,2026-04-01 06:30:00
SCR-0008146,HS-003585,0,10,2026-02-03 22:40:35,2026-04-01 06:30:00
SCR-0008147,HS-003585,10,48,2026-02-06 23:34:54,2026-04-01 06:30:00
SCR-0008148,HS-003585,48,54,2026-02-07 20:29:43,2026-04-01 06:30:00
SCR-0008149,HS-003586,0,9,2026-03-26 22:54:17,2026-04-01 06:30:00
SCR-0008150,HS-003586,9,30,2026-04-11 08:57:12,2026-04-01 06:30:00
SCR-0008151,HS-003587,0,15,2026-03-06 07:46:17,2026-04-01 06:30:00
SCR-0008152,HS-003587,15,20,2026-03-17 18:17:30,2026-04-01 06:30:00
SCR-0008153,HS-003588,0,12,2026-03-07 10:58:52,2026-04-01 06:30:00
SCR-0008154,HS-003589,0,17,2026-01-09 13:08:55,2026-04-01 06:30:00
SCR-0008155,HS-003589,17,34,2026-01-21 09:45:01,2026-04-01 06:30:00
SCR-0008156,HS-003590,0,8,2026-02-12 22:54:32,2026-04-01 06:30:00
SCR-0008157,HS-003590,8,47,2026-02-22 02:46:10,2026-04-01 06:30:00
SCR-0008158,HS-003590,47,90,2026-02-23 12:53:21,2026-04-01 06:30:00
SCR-0008159,HS-003591,0,15,2026-03-16 16:09:26,2026-04-01 06:30:00
SCR-0008160,HS-003591,15,34,2026-03-30 08:11:17,2026-04-01 06:30:00
SCR-0008161,HS-003592,0,16,2025-09-25 23:08:01,2026-04-01 06:30:00
SCR-0008162,HS-003592,16,20,2025-10-12 01:05:18,2026-04-01 06:30:00
SCR-0008163,HS-003593,0,22,2025-12-31 08:10:12,2026-04-01 06:30:00
SCR-0008164,HS-003593,22,41,2026-01-10 03:37:37,2026-04-01 06:30:00
SCR-0008165,HS-003593,41,78,2026-01-11 23:00:13,2026-04-01 06:30:00
SCR-0008166,HS-003594,0,15,2025-09-23 00:09:18,2026-04-01 06:30:00
SCR-0008167,HS-003594,15,40,2025-10-02 07:10:41,2026-04-01 06:30:00
SCR-0008168,HS-003594,40,72,2025-10-04 19:24:58,2026-04-01 06:30:00
SCR-0008169,HS-003595,0,24,2025-12-14 04:53:08,2026-04-01 06:30:00
SCR-0008170,HS-003596,0,20,2025-11-15 22:16:50,2026-04-01 06:30:00
SCR-0008171,HS-003597,0,21,2025-12-12 02:33:12,2026-04-01 06:30:00
SCR-0008172,HS-003597,21,25,2025-12-24 03:23:45,2026-04-01 06:30:00
SCR-0008173,HS-003598,0,11,2026-03-20 01:04:53,2026-04-01 06:30:00
SCR-0008174,HS-003599,0,11,2025-10-27 19:22:29,2026-04-01 06:30:00
SCR-0008175,HS-003599,11,47,2025-11-16 17:32:38,2026-04-01 06:30:00
SCR-0008176,HS-003599,47,51,2025-11-19 13:20:16,2026-04-01 06:30:00
SCR-0008177,HS-003600,0,13,2025-10-08 15:04:28,2026-04-01 06:30:00
SCR-0008178,HS-003600,13,17,2025-10-24 23:11:32,2026-04-01 06:30:00
SCR-0008179,HS-003601,0,24,2026-03-27 17:53:28,2026-04-01 06:30:00
SCR-0008180,HS-003601,24,37,2026-03-28 18:09:58,2026-04-01 06:30:00
SCR-0008181,HS-003602,0,17,2025-12-19 07:38:05,2026-04-01 06:30:00
SCR-0008182,HS-003603,0,17,2025-12-25 18:23:53,2026-04-01 06:30:00
SCR-0008183,HS-003603,17,46,2025-12-30 10:58:33,2026-04-01 06:30:00
SCR-0008184,HS-003603,46,67,2025-12-31 00:48:07,2026-04-01 06:30:00
SCR-0008185,HS-003604,0,14,2025-12-14 20:56:19,2026-04-01 06:30:00
SCR-0008186,HS-003604,14,44,2025-12-19 16:54:21,2026-04-01 06:30:00
SCR-0008187,HS-003604,44,87,2025-12-20 01:09:56,2026-04-01 06:30:00
SCR-0008188,HS-003605,0,17,2025-12-26 02:27:51,2026-04-01 06:30:00
SCR-0008189,HS-003605,17,18,2026-01-08 03:38:21,2026-04-01 06:30:00
SCR-0008190,HS-003606,0,15,2025-12-20 10:05:24,2026-04-01 06:30:00
SCR-0008191,HS-003606,15,36,2026-01-03 12:41:44,2026-04-01 06:30:00
SCR-0008192,HS-003607,0,18,2025-10-18 08:21:56,2026-04-01 06:30:00
SCR-0008193,HS-003607,18,24,2025-11-04 11:08:06,2026-04-01 06:30:00
SCR-0008194,HS-003608,0,16,2026-01-31 04:22:28,2026-04-01 06:30:00
SCR-0008195,HS-003608,16,48,2026-02-10 17:12:25,2026-04-01 06:30:00
SCR-0008196,HS-003608,48,72,2026-02-12 11:24:48,2026-04-01 06:30:00
SCR-0008197,HS-003609,0,20,2025-10-10 04:20:01,2026-04-01 06:30:00
SCR-0008198,HS-003609,20,28,2025-10-12 14:52:01,2026-04-01 06:30:00
SCR-0008199,HS-003610,0,10,2025-12-09 16:17:18,2026-04-01 06:30:00
SCR-0008200,HS-003610,10,43,2025-12-14 10:47:33,2026-04-01 06:30:00
SCR-0008201,HS-003610,43,79,2025-12-15 01:36:20,2026-04-01 06:30:00
SCR-0008202,HS-003611,0,19,2025-12-11 18:41:38,2026-04-01 06:30:00
SCR-0008203,HS-003611,19,43,2025-12-18 20:51:48,2026-04-01 06:30:00
SCR-0008204,HS-003611,43,60,2025-12-19 18:02:07,2026-04-01 06:30:00
SCR-0008205,HS-003612,0,21,2026-01-30 09:32:17,2026-04-01 06:30:00
SCR-0008206,HS-003613,0,7,2026-02-17 23:58:13,2026-04-01 06:30:00
SCR-0008207,HS-003613,7,45,2026-02-25 02:46:13,2026-04-01 06:30:00
SCR-0008208,HS-003613,45,67,2026-02-26 11:57:53,2026-04-01 06:30:00
SCR-0008209,HS-003614,0,13,2025-09-13 08:52:41,2026-04-01 06:30:00
SCR-0008210,HS-003614,13,37,2025-10-01 23:38:01,2026-04-01 06:30:00
SCR-0008211,HS-003615,0,13,2026-01-08 15:37:22,2026-04-01 06:30:00
SCR-0008212,HS-003615,13,36,2026-01-15 05:01:40,2026-04-01 06:30:00
SCR-0008213,HS-003616,0,7,2025-12-30 14:37:51,2026-04-01 06:30:00
SCR-0008214,HS-003616,7,43,2026-01-15 15:40:31,2026-04-01 06:30:00
SCR-0008215,HS-003616,43,60,2026-01-16 17:54:46,2026-04-01 06:30:00
SCR-0008216,HS-003617,0,17,2026-01-27 05:11:20,2026-04-01 06:30:00
SCR-0008217,HS-003617,17,45,2026-01-31 22:32:50,2026-04-01 06:30:00
SCR-0008218,HS-003617,45,63,2026-02-02 01:34:44,2026-04-01 06:30:00
SCR-0008219,HS-003618,0,19,2025-10-12 16:49:33,2026-04-01 06:30:00
SCR-0008220,HS-003618,19,22,2025-10-24 22:05:10,2026-04-01 06:30:00
SCR-0008221,HS-003619,0,23,2026-01-23 15:51:48,2026-04-01 06:30:00
SCR-0008222,HS-003619,23,40,2026-02-03 08:43:06,2026-04-01 06:30:00
SCR-0008223,HS-003619,40,52,2026-02-05 03:19:23,2026-04-01 06:30:00
SCR-0008224,HS-003620,0,6,2026-03-18 00:34:22,2026-04-01 06:30:00
SCR-0008225,HS-003620,6,15,2026-03-19 14:26:02,2026-04-01 06:30:00
SCR-0008226,HS-003621,0,15,2026-01-07 06:35:52,2026-04-01 06:30:00
SCR-0008227,HS-003621,15,48,2026-01-23 10:08:16,2026-04-01 06:30:00
SCR-0008228,HS-003621,48,62,2026-01-24 20:14:41,2026-04-01 06:30:00
SCR-0008229,HS-003622,0,14,2025-10-23 15:30:33,2026-04-01 06:30:00
SCR-0008230,HS-003622,14,44,2025-10-30 18:45:00,2026-04-01 06:30:00
SCR-0008231,HS-003622,44,51,2025-11-01 22:39:33,2026-04-01 06:30:00
SCR-0008232,HS-003623,0,22,2025-12-18 14:17:00,2026-04-01 06:30:00
SCR-0008233,HS-003623,22,36,2025-12-21 19:21:48,2026-04-01 06:30:00
SCR-0008234,HS-003624,0,13,2025-10-07 11:00:43,2026-04-01 06:30:00
SCR-0008235,HS-003624,13,42,2025-10-11 15:33:37,2026-04-01 06:30:00
SCR-0008236,HS-003624,42,57,2025-10-12 18:00:01,2026-04-01 06:30:00
SCR-0008237,HS-003625,0,11,2025-09-11 20:43:58,2026-04-01 06:30:00
SCR-0008238,HS-003625,11,44,2025-09-20 01:40:36,2026-04-01 06:30:00
SCR-0008239,HS-003625,44,70,2025-09-22 06:03:26,2026-04-01 06:30:00
SCR-0008240,HS-003626,0,17,2026-02-23 08:14:24,2026-04-01 06:30:00
SCR-0008241,HS-003626,17,25,2026-03-14 00:21:15,2026-04-01 06:30:00
SCR-0008242,HS-003627,0,20,2025-12-18 13:50:50,2026-04-01 06:30:00
SCR-0008243,HS-003628,0,22,2026-03-13 19:41:17,2026-04-01 06:30:00
SCR-0008244,HS-003628,22,45,2026-03-22 15:15:25,2026-04-01 06:30:00
SCR-0008245,HS-003628,45,83,2026-03-25 01:30:32,2026-04-01 06:30:00
SCR-0008246,HS-003629,0,13,2025-10-26 03:22:41,2026-04-01 06:30:00
SCR-0008247,HS-003629,13,44,2025-10-31 07:10:13,2026-04-01 06:30:00
SCR-0008248,HS-003629,44,59,2025-11-01 07:34:13,2026-04-01 06:30:00
SCR-0008249,HS-003630,0,6,2026-01-06 15:15:41,2026-04-01 06:30:00
SCR-0008250,HS-003630,6,45,2026-01-15 18:33:37,2026-04-01 06:30:00
SCR-0008251,HS-003630,45,84,2026-01-18 07:30:41,2026-04-01 06:30:00
SCR-0008252,HS-003631,0,12,2026-03-06 14:32:56,2026-04-01 06:30:00
SCR-0008253,HS-003632,0,15,2026-02-02 05:06:40,2026-04-01 06:30:00
SCR-0008254,HS-003632,15,45,2026-02-10 16:05:27,2026-04-01 06:30:00
SCR-0008255,HS-003632,45,68,2026-02-11 09:21:42,2026-04-01 06:30:00
SCR-0008256,HS-003633,0,19,2025-11-06 14:58:48,2026-04-01 06:30:00
SCR-0008257,HS-003633,19,48,2025-11-16 23:53:13,2026-04-01 06:30:00
SCR-0008258,HS-003633,48,56,2025-11-17 08:06:04,2026-04-01 06:30:00
SCR-0008259,HS-003634,0,8,2025-11-26 13:24:56,2026-04-01 06:30:00
SCR-0008260,HS-003634,8,21,2025-11-30 07:36:57,2026-04-01 06:30:00
SCR-0008261,HS-003635,0,24,2026-03-10 20:10:27,2026-04-01 06:30:00
SCR-0008262,HS-003635,24,36,2026-03-14 11:00:14,2026-04-01 06:30:00
SCR-0008263,HS-003636,0,15,2025-11-19 18:39:31,2026-04-01 06:30:00
SCR-0008264,HS-003636,15,40,2025-11-24 19:22:57,2026-04-01 06:30:00
SCR-0008265,HS-003636,40,80,2025-11-26 11:05:38,2026-04-01 06:30:00
SCR-0008266,HS-003637,0,10,2026-02-03 22:58:02,2026-04-01 06:30:00
SCR-0008267,HS-003637,10,40,2026-02-08 05:15:52,2026-04-01 06:30:00
SCR-0008268,HS-003638,0,16,2025-11-03 02:44:50,2026-04-01 06:30:00
SCR-0008269,HS-003638,16,43,2025-11-07 14:54:48,2026-04-01 06:30:00
SCR-0008270,HS-003638,43,79,2025-11-10 01:00:39,2026-04-01 06:30:00
SCR-0008271,HS-003639,0,7,2025-10-22 15:40:24,2026-04-01 06:30:00
SCR-0008272,HS-003639,7,43,2025-10-31 11:37:39,2026-04-01 06:30:00
SCR-0008273,HS-003639,43,74,2025-11-01 19:19:47,2026-04-01 06:30:00
SCR-0008274,HS-003640,0,23,2025-12-17 12:56:42,2026-04-01 06:30:00
SCR-0008275,HS-003640,23,27,2025-12-27 01:24:03,2026-04-01 06:30:00
SCR-0008276,HS-003641,0,19,2025-11-02 00:22:00,2026-04-01 06:30:00
SCR-0008277,HS-003641,19,28,2025-11-12 02:32:39,2026-04-01 06:30:00
SCR-0008278,HS-003642,0,14,2025-11-01 06:53:50,2026-04-01 06:30:00
SCR-0008279,HS-003642,14,43,2025-11-06 18:35:52,2026-04-01 06:30:00
SCR-0008280,HS-003643,0,21,2026-03-21 04:42:51,2026-04-01 06:30:00
SCR-0008281,HS-003644,0,12,2025-09-19 05:33:13,2026-04-01 06:30:00
SCR-0008282,HS-003644,12,44,2025-09-23 03:18:47,2026-04-01 06:30:00
SCR-0008283,HS-003644,44,70,2025-09-24 03:58:01,2026-04-01 06:30:00
SCR-0008284,HS-003645,0,17,2026-01-19 19:50:02,2026-04-01 06:30:00
SCR-0008285,HS-003645,17,44,2026-01-23 05:55:47,2026-04-01 06:30:00
SCR-0008286,HS-003646,0,14,2026-03-17 13:33:41,2026-04-01 06:30:00
SCR-0008287,HS-003646,14,42,2026-03-29 20:37:09,2026-04-01 06:30:00
SCR-0008288,HS-003647,0,16,2025-10-21 14:51:38,2026-04-01 06:30:00
SCR-0008289,HS-003647,16,29,2025-11-08 03:38:17,2026-04-01 06:30:00
SCR-0008290,HS-003648,0,21,2026-02-17 07:28:04,2026-04-01 06:30:00
SCR-0008291,HS-003648,21,25,2026-03-05 14:37:19,2026-04-01 06:30:00
SCR-0008292,HS-003649,0,20,2025-12-02 11:19:41,2026-04-01 06:30:00
SCR-0008293,HS-003650,0,13,2026-03-10 15:02:59,2026-04-01 06:30:00
SCR-0008294,HS-003650,13,48,2026-03-16 05:38:25,2026-04-01 06:30:00
SCR-0008295,HS-003650,48,77,2026-03-17 04:01:57,2026-04-01 06:30:00
SCR-0008296,HS-003651,0,12,2026-02-28 11:30:01,2026-04-01 06:30:00
SCR-0008297,HS-003651,12,40,2026-03-05 10:16:52,2026-04-01 06:30:00
SCR-0008298,HS-003651,40,69,2026-03-06 19:35:11,2026-04-01 06:30:00
SCR-0008299,HS-003652,0,21,2025-12-14 02:20:48,2026-04-01 06:30:00
SCR-0008300,HS-003652,21,43,2025-12-28 06:59:09,2026-04-01 06:30:00
SCR-0008301,HS-003652,43,75,2025-12-29 23:40:18,2026-04-01 06:30:00
SCR-0008302,HS-003653,0,5,2025-10-06 09:09:13,2026-04-01 06:30:00
SCR-0008303,HS-003653,5,30,2025-10-08 18:06:04,2026-04-01 06:30:00
SCR-0008304,HS-003654,0,5,2026-03-13 10:39:15,2026-04-01 06:30:00
SCR-0008305,HS-003654,5,40,2026-03-24 22:52:40,2026-04-01 06:30:00
SCR-0008306,HS-003655,0,11,2025-12-20 09:12:46,2026-04-01 06:30:00
SCR-0008307,HS-003655,11,32,2026-01-04 01:48:29,2026-04-01 06:30:00
SCR-0008308,HS-003656,0,6,2026-01-09 10:04:31,2026-04-01 06:30:00
SCR-0008309,HS-003656,6,41,2026-01-11 09:02:24,2026-04-01 06:30:00
SCR-0008310,HS-003656,41,89,2026-01-13 10:40:52,2026-04-01 06:30:00
SCR-0008311,HS-003657,0,8,2026-01-15 02:42:11,2026-04-01 06:30:00
SCR-0008312,HS-003657,8,47,2026-01-22 06:31:50,2026-04-01 06:30:00
SCR-0008313,HS-003657,47,50,2026-01-23 23:11:39,2026-04-01 06:30:00
SCR-0008314,HS-003658,0,15,2025-10-02 11:20:58,2026-04-01 06:30:00
SCR-0008315,HS-003659,0,5,2025-08-29 04:28:54,2026-04-01 06:30:00
SCR-0008316,HS-003659,5,46,2025-09-02 01:49:02,2026-04-01 06:30:00
SCR-0008317,HS-003660,0,9,2025-12-21 02:06:58,2026-04-01 06:30:00
SCR-0008318,HS-003660,9,45,2025-12-25 16:38:36,2026-04-01 06:30:00
SCR-0008319,HS-003660,45,56,2025-12-26 01:29:47,2026-04-01 06:30:00
SCR-0008320,HS-003661,0,5,2025-10-21 15:48:55,2026-04-01 06:30:00
SCR-0008321,HS-003661,5,7,2025-11-07 16:57:39,2026-04-01 06:30:00
SCR-0008322,HS-003662,0,7,2026-01-23 01:14:29,2026-04-01 06:30:00
SCR-0008323,HS-003662,7,22,2026-01-26 17:13:03,2026-04-01 06:30:00
SCR-0008324,HS-003663,0,11,2025-11-27 04:08:18,2026-04-01 06:30:00
SCR-0008325,HS-003663,11,44,2025-12-15 19:39:51,2026-04-01 06:30:00
SCR-0008326,HS-003663,44,68,2025-12-16 19:42:48,2026-04-01 06:30:00
SCR-0008327,HS-003664,0,14,2026-03-22 12:24:53,2026-04-01 06:30:00
SCR-0008328,HS-003664,14,22,2026-03-26 06:56:42,2026-04-01 06:30:00
SCR-0008329,HS-003665,0,9,2026-01-24 23:55:18,2026-04-01 06:30:00
SCR-0008330,HS-003665,9,42,2026-01-30 14:56:41,2026-04-01 06:30:00
SCR-0008331,HS-003665,42,52,2026-02-01 15:11:48,2026-04-01 06:30:00
SCR-0008332,HS-003666,0,19,2026-02-16 16:53:18,2026-04-01 06:30:00
SCR-0008333,HS-003666,19,44,2026-02-26 14:33:24,2026-04-01 06:30:00
SCR-0008334,HS-003666,44,75,2026-03-01 04:54:31,2026-04-01 06:30:00
SCR-0008335,HS-003667,0,20,2025-10-26 08:19:13,2026-04-01 06:30:00
SCR-0008336,HS-003667,20,35,2025-11-07 03:29:52,2026-04-01 06:30:00
SCR-0008337,HS-003668,0,19,2026-02-17 21:17:28,2026-04-01 06:30:00
SCR-0008338,HS-003668,19,29,2026-03-05 06:47:57,2026-04-01 06:30:00
SCR-0008339,HS-003669,0,14,2026-02-27 02:43:30,2026-04-01 06:30:00
SCR-0008340,HS-003670,0,9,2025-09-03 20:33:21,2026-04-01 06:30:00
SCR-0008341,HS-003670,9,47,2025-09-24 20:59:42,2026-04-01 06:30:00
SCR-0008342,HS-003670,47,59,2025-09-25 20:29:49,2026-04-01 06:30:00
SCR-0008343,HS-003671,0,12,2026-02-11 18:58:01,2026-04-01 06:30:00
SCR-0008344,HS-003671,12,45,2026-02-19 01:44:42,2026-04-01 06:30:00
SCR-0008345,HS-003672,0,16,2026-01-16 23:44:09,2026-04-01 06:30:00
SCR-0008346,HS-003672,16,45,2026-01-19 14:03:18,2026-04-01 06:30:00
SCR-0008347,HS-003672,45,70,2026-01-21 17:38:45,2026-04-01 06:30:00
SCR-0008348,HS-003673,0,14,2026-02-17 12:19:40,2026-04-01 06:30:00
SCR-0008349,HS-003673,14,46,2026-02-25 21:54:00,2026-04-01 06:30:00
SCR-0008350,HS-003673,46,56,2026-02-27 00:21:35,2026-04-01 06:30:00
SCR-0008351,HS-003674,0,9,2025-12-15 12:24:03,2026-04-01 06:30:00
SCR-0008352,HS-003674,9,44,2025-12-24 13:25:10,2026-04-01 06:30:00
SCR-0008353,HS-003674,44,86,2025-12-26 15:46:25,2026-04-01 06:30:00
SCR-0008354,HS-003675,0,22,2025-11-21 09:59:03,2026-04-01 06:30:00
SCR-0008355,HS-003675,22,46,2025-11-24 05:05:40,2026-04-01 06:30:00
SCR-0008356,HS-003675,46,57,2025-11-25 15:02:01,2026-04-01 06:30:00
SCR-0008357,HS-003676,0,8,2025-11-07 11:22:02,2026-04-01 06:30:00
SCR-0008358,HS-003676,8,48,2025-11-12 17:31:11,2026-04-01 06:30:00
SCR-0008359,HS-003676,48,70,2025-11-14 21:07:46,2026-04-01 06:30:00
SCR-0008360,HS-003677,0,18,2026-03-07 23:15:27,2026-04-01 06:30:00
SCR-0008361,HS-003677,18,41,2026-03-26 21:27:11,2026-04-01 06:30:00
SCR-0008362,HS-003677,41,84,2026-03-28 22:18:56,2026-04-01 06:30:00
SCR-0008363,HS-003678,0,16,2026-02-15 19:50:08,2026-04-01 06:30:00
SCR-0008364,HS-003678,16,49,2026-02-21 10:13:00,2026-04-01 06:30:00
SCR-0008365,HS-003679,0,24,2025-12-18 15:48:36,2026-04-01 06:30:00
SCR-0008366,HS-003680,0,10,2025-11-17 20:48:48,2026-04-01 06:30:00
SCR-0008367,HS-003680,10,47,2025-11-19 17:19:59,2026-04-01 06:30:00
SCR-0008368,HS-003680,47,61,2025-11-21 13:43:09,2026-04-01 06:30:00
SCR-0008369,HS-003681,0,12,2025-11-02 08:20:25,2026-04-01 06:30:00
SCR-0008370,HS-003681,12,36,2025-11-20 06:15:32,2026-04-01 06:30:00
SCR-0008371,HS-003682,0,20,2025-10-16 15:59:41,2026-04-01 06:30:00
SCR-0008372,HS-003683,0,21,2026-01-15 15:54:02,2026-04-01 06:30:00
SCR-0008373,HS-003684,0,20,2026-02-07 21:15:01,2026-04-01 06:30:00
SCR-0008374,HS-003684,20,44,2026-02-11 20:14:03,2026-04-01 06:30:00
SCR-0008375,HS-003684,44,82,2026-02-13 02:39:34,2026-04-01 06:30:00
SCR-0008376,HS-003685,0,16,2026-01-04 22:31:06,2026-04-01 06:30:00
SCR-0008377,HS-003685,16,19,2026-01-17 17:00:36,2026-04-01 06:30:00
SCR-0008378,HS-003686,0,13,2026-03-30 21:57:32,2026-04-01 06:30:00
SCR-0008379,HS-003686,13,30,2026-04-16 01:47:13,2026-04-01 06:30:00
SCR-0008380,HS-003687,0,13,2025-12-18 18:28:14,2026-04-01 06:30:00
SCR-0008381,HS-003687,13,41,2025-12-27 16:11:23,2026-04-01 06:30:00
SCR-0008382,HS-003687,41,59,2025-12-30 05:23:53,2026-04-01 06:30:00
SCR-0008383,HS-003688,0,9,2025-10-28 16:50:57,2026-04-01 06:30:00
SCR-0008384,HS-003688,9,44,2025-11-03 10:18:16,2026-04-01 06:30:00
SCR-0008385,HS-003688,44,83,2025-11-04 19:25:21,2026-04-01 06:30:00
SCR-0008386,HS-003689,0,9,2026-02-03 06:06:45,2026-04-01 06:30:00
SCR-0008387,HS-003689,9,41,2026-02-18 06:10:54,2026-04-01 06:30:00
SCR-0008388,HS-003689,41,85,2026-02-19 08:36:38,2026-04-01 06:30:00
SCR-0008389,HS-003690,0,16,2026-02-07 07:45:57,2026-04-01 06:30:00
SCR-0008390,HS-003690,16,47,2026-02-12 10:00:10,2026-04-01 06:30:00
SCR-0008391,HS-003690,47,50,2026-02-14 07:58:51,2026-04-01 06:30:00
SCR-0008392,HS-003691,0,15,2026-02-24 13:24:23,2026-04-01 06:30:00
SCR-0008393,HS-003691,15,23,2026-03-06 14:35:46,2026-04-01 06:30:00
SCR-0008394,HS-003692,0,16,2026-01-21 10:07:51,2026-04-01 06:30:00
SCR-0008395,HS-003692,16,43,2026-01-30 07:37:32,2026-04-01 06:30:00
SCR-0008396,HS-003692,43,52,2026-01-31 01:57:52,2026-04-01 06:30:00
SCR-0008397,HS-003693,0,5,2025-10-11 14:05:50,2026-04-01 06:30:00
SCR-0008398,HS-003693,5,29,2025-10-18 07:55:04,2026-04-01 06:30:00
SCR-0008399,HS-003694,0,18,2025-09-17 23:48:42,2026-04-01 06:30:00
SCR-0008400,HS-003694,18,20,2025-09-30 19:29:57,2026-04-01 06:30:00
SCR-0008401,HS-003695,0,11,2025-10-22 10:09:47,2026-04-01 06:30:00
SCR-0008402,HS-003695,11,48,2025-10-30 06:35:47,2026-04-01 06:30:00
SCR-0008403,HS-003695,48,79,2025-11-02 06:26:20,2026-04-01 06:30:00
SCR-0008404,HS-003696,0,21,2025-12-19 00:58:34,2026-04-01 06:30:00
SCR-0008405,HS-003696,21,24,2025-12-28 08:27:15,2026-04-01 06:30:00
SCR-0008406,HS-003697,0,19,2026-03-17 05:47:09,2026-04-01 06:30:00
SCR-0008407,HS-003697,19,47,2026-03-22 12:11:28,2026-04-01 06:30:00
SCR-0008408,HS-003698,0,5,2026-01-02 05:08:20,2026-04-01 06:30:00
SCR-0008409,HS-003698,5,48,2026-01-06 04:32:45,2026-04-01 06:30:00
SCR-0008410,HS-003698,48,52,2026-01-07 12:39:49,2026-04-01 06:30:00
SCR-0008411,HS-003699,0,6,2025-09-29 15:04:31,2026-04-01 06:30:00
SCR-0008412,HS-003699,6,40,2025-10-08 11:03:39,2026-04-01 06:30:00
SCR-0008413,HS-003700,0,8,2025-12-16 22:07:50,2026-04-01 06:30:00
SCR-0008414,HS-003700,8,40,2025-12-22 08:39:23,2026-04-01 06:30:00
SCR-0008415,HS-003700,40,79,2025-12-22 21:39:32,2026-04-01 06:30:00
SCR-0008416,HS-003701,0,17,2025-12-31 18:50:29,2026-04-01 06:30:00
SCR-0008417,HS-003701,17,45,2026-01-11 07:24:10,2026-04-01 06:30:00
SCR-0008418,HS-003701,45,69,2026-01-13 02:17:35,2026-04-01 06:30:00
SCR-0008419,HS-003702,0,16,2026-01-22 15:06:27,2026-04-01 06:30:00
SCR-0008420,HS-003702,16,18,2026-02-06 00:07:55,2026-04-01 06:30:00
SCR-0008421,HS-003703,0,5,2026-02-17 05:31:42,2026-04-01 06:30:00
SCR-0008422,HS-003703,5,15,2026-02-22 13:17:54,2026-04-01 06:30:00
SCR-0008423,HS-003704,0,9,2025-11-18 14:08:22,2026-04-01 06:30:00
SCR-0008424,HS-003705,0,20,2025-12-29 12:26:23,2026-04-01 06:30:00
SCR-0008425,HS-003706,0,22,2025-10-13 15:58:46,2026-04-01 06:30:00
SCR-0008426,HS-003706,22,44,2025-10-21 05:48:32,2026-04-01 06:30:00
SCR-0008427,HS-003707,0,14,2025-10-30 11:29:03,2026-04-01 06:30:00
SCR-0008428,HS-003707,14,48,2025-11-03 10:03:13,2026-04-01 06:30:00
SCR-0008429,HS-003707,48,66,2025-11-04 13:15:51,2026-04-01 06:30:00
SCR-0008430,HS-003708,0,24,2025-11-11 17:33:54,2026-04-01 06:30:00
SCR-0008431,HS-003709,0,8,2025-10-21 09:19:16,2026-04-01 06:30:00
SCR-0008432,HS-003709,8,25,2025-10-23 07:07:27,2026-04-01 06:30:00
SCR-0008433,HS-003710,0,21,2025-10-03 15:19:31,2026-04-01 06:30:00
SCR-0008434,HS-003710,21,46,2025-10-16 05:34:26,2026-04-01 06:30:00
SCR-0008435,HS-003710,46,82,2025-10-16 10:42:38,2026-04-01 06:30:00
SCR-0008436,HS-003711,0,5,2026-03-03 05:10:51,2026-04-01 06:30:00
SCR-0008437,HS-003711,5,44,2026-03-09 14:17:59,2026-04-01 06:30:00
SCR-0008438,HS-003711,44,50,2026-03-11 21:57:18,2026-04-01 06:30:00
SCR-0008439,HS-003712,0,7,2026-01-11 17:31:52,2026-04-01 06:30:00
SCR-0008440,HS-003712,7,43,2026-01-25 17:43:08,2026-04-01 06:30:00
SCR-0008441,HS-003712,43,77,2026-01-27 03:20:07,2026-04-01 06:30:00
SCR-0008442,HS-003713,0,20,2026-03-14 06:14:12,2026-04-01 06:30:00
SCR-0008443,HS-003714,0,19,2025-12-31 18:01:10,2026-04-01 06:30:00
SCR-0008444,HS-003714,19,34,2026-01-11 07:53:58,2026-04-01 06:30:00
SCR-0008445,HS-003715,0,23,2025-11-01 10:41:07,2026-04-01 06:30:00
SCR-0008446,HS-003715,23,42,2025-11-07 03:20:45,2026-04-01 06:30:00
SCR-0008447,HS-003715,42,90,2025-11-08 10:22:16,2026-04-01 06:30:00
SCR-0008448,HS-003716,0,8,2025-09-06 19:02:50,2026-04-01 06:30:00
SCR-0008449,HS-003716,8,31,2025-09-26 15:18:31,2026-04-01 06:30:00
SCR-0008450,HS-003717,0,18,2025-10-06 12:28:03,2026-04-01 06:30:00
SCR-0008451,HS-003717,18,43,2025-10-20 10:01:05,2026-04-01 06:30:00
SCR-0008452,HS-003717,43,58,2025-10-20 15:12:23,2026-04-01 06:30:00
SCR-0008453,HS-003718,0,18,2025-10-01 12:46:26,2026-04-01 06:30:00
SCR-0008454,HS-003718,18,24,2025-10-09 05:28:52,2026-04-01 06:30:00
SCR-0008455,HS-003719,0,22,2026-03-02 15:10:07,2026-04-01 06:30:00
SCR-0008456,HS-003719,22,45,2026-03-16 06:22:58,2026-04-01 06:30:00
SCR-0008457,HS-003719,45,60,2026-03-17 14:29:46,2026-04-01 06:30:00
SCR-0008458,HS-003720,0,13,2025-12-16 16:07:06,2026-04-01 06:30:00
SCR-0008459,HS-003720,13,48,2025-12-19 19:28:04,2026-04-01 06:30:00
SCR-0008460,HS-003720,48,80,2025-12-22 10:11:46,2026-04-01 06:30:00
SCR-0008461,HS-003721,0,10,2026-03-06 03:28:30,2026-04-01 06:30:00
SCR-0008462,HS-003721,10,25,2026-03-21 04:04:57,2026-04-01 06:30:00
SCR-0008463,HS-003722,0,5,2025-12-22 15:59:31,2026-04-01 06:30:00
SCR-0008464,HS-003722,5,43,2026-01-02 13:36:58,2026-04-01 06:30:00
SCR-0008465,HS-003722,43,55,2026-01-05 11:01:38,2026-04-01 06:30:00
SCR-0008466,HS-003723,0,14,2026-02-27 05:29:08,2026-04-01 06:30:00
SCR-0008467,HS-003723,14,23,2026-03-05 15:43:05,2026-04-01 06:30:00
SCR-0008468,HS-003724,0,13,2025-11-10 17:06:53,2026-04-01 06:30:00
SCR-0008469,HS-003724,13,38,2025-11-27 07:32:28,2026-04-01 06:30:00
SCR-0008470,HS-003725,0,23,2026-02-09 08:19:34,2026-04-01 06:30:00
SCR-0008471,HS-003725,23,45,2026-02-21 12:57:34,2026-04-01 06:30:00
SCR-0008472,HS-003725,45,87,2026-02-21 13:26:14,2026-04-01 06:30:00
SCR-0008473,HS-003726,0,22,2025-12-05 22:45:34,2026-04-01 06:30:00
SCR-0008474,HS-003726,22,44,2025-12-10 17:41:09,2026-04-01 06:30:00
SCR-0008475,HS-003726,44,87,2025-12-10 22:14:20,2026-04-01 06:30:00
SCR-0008476,HS-003727,0,12,2026-03-26 22:35:07,2026-04-01 06:30:00
SCR-0008477,HS-003728,0,8,2025-11-27 01:40:38,2026-04-01 06:30:00
SCR-0008478,HS-003728,8,26,2025-12-03 07:47:24,2026-04-01 06:30:00
SCR-0008479,HS-003729,0,24,2026-01-06 06:34:10,2026-04-01 06:30:00
SCR-0008480,HS-003729,24,27,2026-01-15 14:59:34,2026-04-01 06:30:00
SCR-0008481,HS-003730,0,7,2026-01-30 12:33:14,2026-04-01 06:30:00
SCR-0008482,HS-003730,7,21,2026-02-11 16:01:20,2026-04-01 06:30:00
SCR-0008483,HS-003731,0,18,2025-10-13 15:19:44,2026-04-01 06:30:00
SCR-0008484,HS-003731,18,39,2025-10-28 20:49:56,2026-04-01 06:30:00
SCR-0008485,HS-003732,0,11,2026-02-13 13:16:57,2026-04-01 06:30:00
SCR-0008486,HS-003732,11,37,2026-02-15 06:45:46,2026-04-01 06:30:00
SCR-0008487,HS-003733,0,18,2025-10-22 00:53:42,2026-04-01 06:30:00
SCR-0008488,HS-003733,18,22,2025-10-30 05:37:17,2026-04-01 06:30:00
SCR-0008489,HS-003734,0,16,2026-03-04 06:44:22,2026-04-01 06:30:00
SCR-0008490,HS-003735,0,14,2025-12-28 18:28:46,2026-04-01 06:30:00
SCR-0008491,HS-003735,14,46,2026-01-03 08:00:50,2026-04-01 06:30:00
SCR-0008492,HS-003735,46,89,2026-01-04 08:38:41,2026-04-01 06:30:00
SCR-0008493,HS-003736,0,22,2026-02-16 07:53:44,2026-04-01 06:30:00
SCR-0008494,HS-003736,22,42,2026-02-26 09:07:34,2026-04-01 06:30:00
SCR-0008495,HS-003736,42,65,2026-02-26 17:47:20,2026-04-01 06:30:00
SCR-0008496,HS-003737,0,10,2025-11-29 11:32:09,2026-04-01 06:30:00
SCR-0008497,HS-003737,10,47,2025-12-11 15:51:31,2026-04-01 06:30:00
SCR-0008498,HS-003738,0,17,2026-01-02 05:02:23,2026-04-01 06:30:00
SCR-0008499,HS-003738,17,38,2026-01-12 11:00:59,2026-04-01 06:30:00
SCR-0008500,HS-003739,0,22,2025-11-15 16:39:05,2026-04-01 06:30:00
SCR-0008501,HS-003739,22,46,2025-11-22 04:58:05,2026-04-01 06:30:00
SCR-0008502,HS-003739,46,84,2025-11-22 09:53:09,2026-04-01 06:30:00
SCR-0008503,HS-003740,0,22,2025-10-17 20:46:32,2026-04-01 06:30:00
SCR-0008504,HS-003741,0,24,2026-01-06 10:05:29,2026-04-01 06:30:00
SCR-0008505,HS-003741,24,42,2026-01-24 00:20:26,2026-04-01 06:30:00
SCR-0008506,HS-003741,42,84,2026-01-27 00:01:13,2026-04-01 06:30:00
SCR-0008507,HS-003742,0,15,2025-12-25 04:13:36,2026-04-01 06:30:00
SCR-0008508,HS-003742,15,48,2026-02-09 13:38:49,2026-04-01 06:30:00
SCR-0008509,HS-003742,48,87,2026-02-11 18:58:28,2026-04-01 06:30:00
SCR-0008510,HS-003743,0,16,2026-02-20 05:12:50,2026-04-01 06:30:00
SCR-0008511,HS-003743,16,23,2026-03-01 05:44:16,2026-04-01 06:30:00
SCR-0008512,HS-003744,0,19,2025-12-12 17:16:31,2026-04-01 06:30:00
SCR-0008513,HS-003744,19,48,2025-12-19 11:32:36,2026-04-01 06:30:00
SCR-0008514,HS-003744,48,64,2025-12-19 18:52:54,2026-04-01 06:30:00
SCR-0008515,HS-003745,0,18,2025-11-13 16:03:38,2026-04-01 06:30:00
SCR-0008516,HS-003746,0,8,2025-11-21 20:24:22,2026-04-01 06:30:00
SCR-0008517,HS-003746,8,17,2025-12-01 11:27:03,2026-04-01 06:30:00
SCR-0008518,HS-003747,0,10,2026-01-09 02:16:32,2026-04-01 06:30:00
SCR-0008519,HS-003747,10,33,2026-01-22 02:31:15,2026-04-01 06:30:00
SCR-0008520,HS-003748,0,10,2025-12-13 02:18:07,2026-04-01 06:30:00
SCR-0008521,HS-003748,10,43,2025-12-19 17:11:50,2026-04-01 06:30:00
SCR-0008522,HS-003748,43,80,2025-12-21 00:30:54,2026-04-01 06:30:00
SCR-0008523,HS-003749,0,7,2026-01-17 11:38:57,2026-04-01 06:30:00
SCR-0008524,HS-003749,7,38,2026-01-28 23:18:19,2026-04-01 06:30:00
SCR-0008525,HS-003750,0,10,2025-11-17 15:03:54,2026-04-01 06:30:00
SCR-0008526,HS-003750,10,42,2025-11-22 03:37:28,2026-04-01 06:30:00
SCR-0008527,HS-003750,42,60,2025-11-23 21:42:14,2026-04-01 06:30:00
SCR-0008528,HS-003751,0,13,2026-03-10 23:03:24,2026-04-01 06:30:00
SCR-0008529,HS-003752,0,14,2025-12-18 04:46:24,2026-04-01 06:30:00
SCR-0008530,HS-003753,0,5,2026-03-24 02:42:55,2026-04-01 06:30:00
SCR-0008531,HS-003753,5,24,2026-04-12 12:11:54,2026-04-01 06:30:00
SCR-0008532,HS-003754,0,18,2025-12-12 02:54:38,2026-04-01 06:30:00
SCR-0008533,HS-003754,18,27,2025-12-31 17:52:38,2026-04-01 06:30:00
SCR-0008534,HS-003755,0,20,2025-11-06 23:29:43,2026-04-01 06:30:00
SCR-0008535,HS-003756,0,6,2025-11-14 06:26:47,2026-04-01 06:30:00
SCR-0008536,HS-003756,6,46,2025-11-24 16:47:55,2026-04-01 06:30:00
SCR-0008537,HS-003756,46,81,2025-11-26 15:03:00,2026-04-01 06:30:00
SCR-0008538,HS-003757,0,20,2025-09-09 07:01:24,2026-04-01 06:30:00
SCR-0008539,HS-003757,20,24,2025-09-24 00:26:12,2026-04-01 06:30:00
SCR-0008540,HS-003758,0,14,2026-02-22 13:05:18,2026-04-01 06:30:00
SCR-0008541,HS-003758,14,29,2026-03-06 02:33:26,2026-04-01 06:30:00
SCR-0008542,HS-003759,0,17,2025-09-07 04:11:22,2026-04-01 06:30:00
SCR-0008543,HS-003760,0,8,2025-12-14 06:01:39,2026-04-01 06:30:00
SCR-0008544,HS-003760,8,46,2025-12-23 06:10:24,2026-04-01 06:30:00
SCR-0008545,HS-003760,46,78,2025-12-25 02:15:24,2026-04-01 06:30:00
SCR-0008546,HS-003761,0,5,2025-11-10 21:32:31,2026-04-01 06:30:00
SCR-0008547,HS-003761,5,41,2025-11-14 23:48:51,2026-04-01 06:30:00
SCR-0008548,HS-003761,41,82,2025-11-17 03:19:31,2026-04-01 06:30:00
SCR-0008549,HS-003762,0,8,2025-09-06 16:22:49,2026-04-01 06:30:00
SCR-0008550,HS-003762,8,13,2025-09-25 18:11:26,2026-04-01 06:30:00
SCR-0008551,HS-003763,0,12,2025-09-15 15:49:10,2026-04-01 06:30:00
SCR-0008552,HS-003763,12,34,2025-09-17 18:03:29,2026-04-01 06:30:00
SCR-0008553,HS-003764,0,16,2026-02-25 11:58:44,2026-04-01 06:30:00
SCR-0008554,HS-003765,0,13,2026-01-24 01:06:09,2026-04-01 06:30:00
SCR-0008555,HS-003765,13,45,2026-01-26 05:29:46,2026-04-01 06:30:00
SCR-0008556,HS-003765,45,52,2026-01-28 11:41:04,2026-04-01 06:30:00
SCR-0008557,HS-003766,0,16,2026-02-27 23:29:34,2026-04-01 06:30:00
SCR-0008558,HS-003766,16,42,2026-03-11 02:07:33,2026-04-01 06:30:00
SCR-0008559,HS-003766,42,68,2026-03-12 13:00:50,2026-04-01 06:30:00
SCR-0008560,HS-003767,0,8,2026-03-15 12:35:40,2026-04-01 06:30:00
SCR-0008561,HS-003767,8,46,2026-03-21 21:57:58,2026-04-01 06:30:00
SCR-0008562,HS-003767,46,74,2026-03-22 20:08:09,2026-04-01 06:30:00
SCR-0008563,HS-003768,0,13,2025-09-27 08:03:10,2026-04-01 06:30:00
SCR-0008564,HS-003768,13,45,2025-09-30 22:18:38,2026-04-01 06:30:00
SCR-0008565,HS-003768,45,80,2025-10-03 15:21:05,2026-04-01 06:30:00
SCR-0008566,HS-003769,0,11,2026-02-02 20:18:47,2026-04-01 06:30:00
SCR-0008567,HS-003769,11,38,2026-02-19 15:56:17,2026-04-01 06:30:00
SCR-0008568,HS-003770,0,23,2025-10-16 04:54:30,2026-04-01 06:30:00
SCR-0008569,HS-003770,23,45,2025-10-21 23:24:19,2026-04-01 06:30:00
SCR-0008570,HS-003770,45,58,2025-10-22 05:44:05,2026-04-01 06:30:00
SCR-0008571,HS-003771,0,8,2025-12-13 04:05:22,2026-04-01 06:30:00
SCR-0008572,HS-003772,0,7,2026-01-05 00:16:04,2026-04-01 06:30:00
SCR-0008573,HS-003772,7,10,2026-01-19 21:27:27,2026-04-01 06:30:00
SCR-0008574,HS-003773,0,13,2026-03-28 20:37:25,2026-04-01 06:30:00
SCR-0008575,HS-003773,13,21,2026-04-08 01:22:02,2026-04-01 06:30:00
SCR-0008576,HS-003774,0,8,2026-01-29 01:13:22,2026-04-01 06:30:00
SCR-0008577,HS-003774,8,16,2026-02-04 01:47:21,2026-04-01 06:30:00
SCR-0008578,HS-003775,0,21,2025-11-09 07:46:46,2026-04-01 06:30:00
SCR-0008579,HS-003775,21,42,2025-11-14 11:02:38,2026-04-01 06:30:00
SCR-0008580,HS-003775,42,84,2025-11-17 04:14:17,2026-04-01 06:30:00
SCR-0008581,HS-003776,0,10,2025-10-25 03:56:30,2026-04-01 06:30:00
SCR-0008582,HS-003777,0,6,2026-02-24 07:46:15,2026-04-01 06:30:00
SCR-0008583,HS-003778,0,17,2026-01-31 23:35:35,2026-04-01 06:30:00
SCR-0008584,HS-003778,17,34,2026-02-04 06:47:14,2026-04-01 06:30:00
SCR-0008585,HS-003779,0,16,2025-10-09 08:26:46,2026-04-01 06:30:00
SCR-0008586,HS-003779,16,36,2025-10-23 13:05:33,2026-04-01 06:30:00
SCR-0008587,HS-003780,0,16,2026-02-05 19:08:47,2026-04-01 06:30:00
SCR-0008588,HS-003780,16,18,2026-02-17 20:00:38,2026-04-01 06:30:00
SCR-0008589,HS-003781,0,17,2026-02-21 16:35:56,2026-04-01 06:30:00
SCR-0008590,HS-003781,17,44,2026-03-05 01:58:35,2026-04-01 06:30:00
SCR-0008591,HS-003782,0,24,2025-12-05 08:07:48,2026-04-01 06:30:00
SCR-0008592,HS-003783,0,12,2026-03-15 08:51:22,2026-04-01 06:30:00
SCR-0008593,HS-003783,12,47,2026-03-19 02:07:18,2026-04-01 06:30:00
SCR-0008594,HS-003783,47,54,2026-03-20 14:00:36,2026-04-01 06:30:00
SCR-0008595,HS-003784,0,22,2025-10-11 14:42:44,2026-04-01 06:30:00
SCR-0008596,HS-003785,0,14,2025-11-02 10:12:59,2026-04-01 06:30:00
SCR-0008597,HS-003785,14,45,2025-11-09 08:21:33,2026-04-01 06:30:00
SCR-0008598,HS-003785,45,77,2025-11-12 01:55:16,2026-04-01 06:30:00
SCR-0008599,HS-003786,0,7,2025-12-22 22:46:09,2026-04-01 06:30:00
SCR-0008600,HS-003786,7,19,2025-12-31 13:25:07,2026-04-01 06:30:00
SCR-0008601,HS-003787,0,10,2026-03-21 15:53:08,2026-04-01 06:30:00
SCR-0008602,HS-003787,10,42,2026-03-25 17:40:27,2026-04-01 06:30:00
SCR-0008603,HS-003787,42,78,2026-03-26 08:31:05,2026-04-01 06:30:00
SCR-0008604,HS-003788,0,17,2026-02-17 05:14:51,2026-04-01 06:30:00
SCR-0008605,HS-003788,17,39,2026-02-28 14:10:15,2026-04-01 06:30:00
SCR-0008606,HS-003789,0,14,2025-11-13 10:46:37,2026-04-01 06:30:00
SCR-0008607,HS-003789,14,41,2025-11-16 05:58:01,2026-04-01 06:30:00
SCR-0008608,HS-003789,41,89,2025-11-18 15:44:57,2026-04-01 06:30:00
SCR-0008609,HS-003790,0,22,2025-11-13 23:52:32,2026-04-01 06:30:00
SCR-0008610,HS-003791,0,14,2025-10-10 00:57:30,2026-04-01 06:30:00
SCR-0008611,HS-003791,14,47,2025-10-18 18:25:06,2026-04-01 06:30:00
SCR-0008612,HS-003791,47,76,2025-10-19 09:18:07,2026-04-01 06:30:00
SCR-0008613,HS-003792,0,14,2025-10-30 03:23:12,2026-04-01 06:30:00
SCR-0008614,HS-003792,14,45,2025-11-08 09:02:37,2026-04-01 06:30:00
SCR-0008615,HS-003792,45,54,2025-11-10 07:21:13,2026-04-01 06:30:00
SCR-0008616,HS-003793,0,12,2025-12-05 22:42:44,2026-04-01 06:30:00
SCR-0008617,HS-003793,12,24,2025-12-24 04:19:55,2026-04-01 06:30:00
SCR-0008618,HS-003794,0,14,2026-01-24 14:28:31,2026-04-01 06:30:00
SCR-0008619,HS-003795,0,11,2026-02-11 05:37:02,2026-04-01 06:30:00
SCR-0008620,HS-003795,11,48,2026-02-20 00:50:03,2026-04-01 06:30:00
SCR-0008621,HS-003795,48,78,2026-02-21 10:45:05,2026-04-01 06:30:00
SCR-0008622,HS-003796,0,7,2025-11-12 19:32:29,2026-04-01 06:30:00
SCR-0008623,HS-003796,7,42,2025-11-27 05:20:30,2026-04-01 06:30:00
SCR-0008624,HS-003796,42,70,2025-11-27 17:45:16,2026-04-01 06:30:00
SCR-0008625,HS-003797,0,10,2026-01-01 01:14:37,2026-04-01 06:30:00
SCR-0008626,HS-003797,10,42,2026-01-07 07:33:34,2026-04-01 06:30:00
SCR-0008627,HS-003797,42,63,2026-01-08 11:39:50,2026-04-01 06:30:00
SCR-0008628,HS-003798,0,24,2025-11-15 23:06:01,2026-04-01 06:30:00
SCR-0008629,HS-003799,0,10,2026-01-11 15:19:21,2026-04-01 06:30:00
SCR-0008630,HS-003799,10,16,2026-01-16 08:21:30,2026-04-01 06:30:00
SCR-0008631,HS-003800,0,13,2025-11-17 14:00:21,2026-04-01 06:30:00
SCR-0008632,HS-003800,13,33,2025-12-01 10:51:28,2026-04-01 06:30:00
SCR-0008633,HS-003801,0,16,2025-09-05 12:34:07,2026-04-01 06:30:00
SCR-0008634,HS-003801,16,45,2025-09-09 03:37:18,2026-04-01 06:30:00
SCR-0008635,HS-003801,45,82,2025-09-10 10:45:51,2026-04-01 06:30:00
SCR-0008636,HS-003802,0,21,2025-10-04 06:47:07,2026-04-01 06:30:00
SCR-0008637,HS-003803,0,17,2025-11-10 00:27:00,2026-04-01 06:30:00
SCR-0008638,HS-003803,17,40,2025-11-13 06:34:16,2026-04-01 06:30:00
SCR-0008639,HS-003803,40,58,2025-11-15 14:14:17,2026-04-01 06:30:00
SCR-0008640,HS-003804,0,22,2026-01-14 14:58:51,2026-04-01 06:30:00
SCR-0008641,HS-003804,22,36,2026-02-01 05:29:17,2026-04-01 06:30:00
SCR-0008642,HS-003805,0,10,2026-02-15 08:34:58,2026-04-01 06:30:00
SCR-0008643,HS-003806,0,18,2025-11-27 23:54:49,2026-04-01 06:30:00
SCR-0008644,HS-003806,18,47,2025-12-01 01:03:27,2026-04-01 06:30:00
SCR-0008645,HS-003806,47,90,2025-12-02 21:03:17,2026-04-01 06:30:00
SCR-0008646,HS-003807,0,16,2026-01-02 17:53:36,2026-04-01 06:30:00
SCR-0008647,HS-003807,16,38,2026-01-10 23:13:59,2026-04-01 06:30:00
SCR-0008648,HS-003808,0,7,2026-02-15 06:54:01,2026-04-01 06:30:00
SCR-0008649,HS-003808,7,43,2026-03-07 01:46:46,2026-04-01 06:30:00
SCR-0008650,HS-003808,43,53,2026-03-08 15:33:21,2026-04-01 06:30:00
SCR-0008651,HS-003809,0,13,2025-09-08 00:20:55,2026-04-01 06:30:00
SCR-0008652,HS-003809,13,45,2025-09-17 08:43:53,2026-04-01 06:30:00
SCR-0008653,HS-003809,45,57,2025-09-18 06:42:09,2026-04-01 06:30:00
SCR-0008654,HS-003810,0,5,2025-11-24 02:24:39,2026-04-01 06:30:00
SCR-0008655,HS-003810,5,40,2025-12-01 00:01:43,2026-04-01 06:30:00
SCR-0008656,HS-003810,40,61,2025-12-01 16:34:36,2026-04-01 06:30:00
SCR-0008657,HS-003811,0,22,2025-08-21 01:14:19,2026-04-01 06:30:00
SCR-0008658,HS-003811,22,45,2025-09-13 13:38:57,2026-04-01 06:30:00
SCR-0008659,HS-003811,45,87,2025-09-13 22:17:17,2026-04-01 06:30:00
SCR-0008660,HS-003812,0,16,2025-10-23 18:13:17,2026-04-01 06:30:00
SCR-0008661,HS-003812,16,47,2025-11-01 12:14:51,2026-04-01 06:30:00
SCR-0008662,HS-003812,47,78,2025-11-02 19:39:00,2026-04-01 06:30:00
SCR-0008663,HS-003813,0,8,2025-09-10 14:58:48,2026-04-01 06:30:00
SCR-0008664,HS-003813,8,24,2025-09-14 23:14:34,2026-04-01 06:30:00
SCR-0008665,HS-003814,0,21,2026-03-11 01:10:32,2026-04-01 06:30:00
SCR-0008666,HS-003814,21,42,2026-03-19 05:33:23,2026-04-01 06:30:00
SCR-0008667,HS-003815,0,22,2026-01-28 20:30:17,2026-04-01 06:30:00
SCR-0008668,HS-003815,22,40,2026-02-03 15:04:06,2026-04-01 06:30:00
SCR-0008669,HS-003815,40,50,2026-02-04 15:26:36,2026-04-01 06:30:00
SCR-0008670,HS-003816,0,5,2026-03-10 10:58:10,2026-04-01 06:30:00
SCR-0008671,HS-003816,5,8,2026-03-19 04:32:07,2026-04-01 06:30:00
SCR-0008672,HS-003817,0,9,2025-12-04 22:21:59,2026-04-01 06:30:00
SCR-0008673,HS-003817,9,22,2025-12-11 02:03:43,2026-04-01 06:30:00
SCR-0008674,HS-003818,0,5,2025-08-30 08:58:08,2026-04-01 06:30:00
SCR-0008675,HS-003818,5,41,2025-09-06 15:15:49,2026-04-01 06:30:00
SCR-0008676,HS-003818,41,63,2025-09-07 07:27:16,2026-04-01 06:30:00
SCR-0008677,HS-003819,0,17,2025-09-13 13:47:29,2026-04-01 06:30:00
SCR-0008678,HS-003819,17,42,2025-09-16 01:50:05,2026-04-01 06:30:00
SCR-0008679,HS-003819,42,59,2025-09-16 08:51:40,2026-04-01 06:30:00
SCR-0008680,HS-003820,0,10,2026-01-11 22:11:38,2026-04-01 06:30:00
SCR-0008681,HS-003820,10,46,2026-01-15 07:14:29,2026-04-01 06:30:00
SCR-0008682,HS-003820,46,81,2026-01-15 09:31:20,2026-04-01 06:30:00
SCR-0008683,HS-003821,0,21,2025-09-01 00:34:07,2026-04-01 06:30:00
SCR-0008684,HS-003821,21,40,2025-09-11 07:46:22,2026-04-01 06:30:00
SCR-0008685,HS-003822,0,15,2026-01-23 03:08:32,2026-04-01 06:30:00
SCR-0008686,HS-003823,0,15,2026-02-10 16:08:04,2026-04-01 06:30:00
SCR-0008687,HS-003823,15,48,2026-02-14 02:44:28,2026-04-01 06:30:00
SCR-0008688,HS-003823,48,67,2026-02-15 23:26:11,2026-04-01 06:30:00
SCR-0008689,HS-003824,0,22,2025-10-29 22:19:47,2026-04-01 06:30:00
SCR-0008690,HS-003824,22,40,2025-11-04 05:47:15,2026-04-01 06:30:00
SCR-0008691,HS-003824,40,55,2025-11-04 16:14:12,2026-04-01 06:30:00
SCR-0008692,HS-003825,0,18,2025-12-15 08:51:43,2026-04-01 06:30:00
SCR-0008693,HS-003825,18,47,2025-12-23 23:27:36,2026-04-01 06:30:00
SCR-0008694,HS-003825,47,62,2025-12-25 04:36:39,2026-04-01 06:30:00
SCR-0008695,HS-003826,0,6,2025-09-03 07:34:49,2026-04-01 06:30:00
SCR-0008696,HS-003826,6,8,2025-09-14 04:35:35,2026-04-01 06:30:00
SCR-0008697,HS-003827,0,17,2026-01-06 17:35:01,2026-04-01 06:30:00
SCR-0008698,HS-003827,17,44,2026-01-22 20:36:54,2026-04-01 06:30:00
SCR-0008699,HS-003827,44,89,2026-01-23 10:03:00,2026-04-01 06:30:00
SCR-0008700,HS-003828,0,16,2026-01-28 17:22:21,2026-04-01 06:30:00
SCR-0008701,HS-003829,0,20,2025-09-02 16:23:00,2026-04-01 06:30:00
SCR-0008702,HS-003829,20,46,2025-09-09 23:39:15,2026-04-01 06:30:00
SCR-0008703,HS-003830,0,9,2026-01-28 11:19:50,2026-04-01 06:30:00
SCR-0008704,HS-003830,9,41,2026-02-01 08:48:22,2026-04-01 06:30:00
SCR-0008705,HS-003830,41,60,2026-02-01 18:05:48,2026-04-01 06:30:00
SCR-0008706,HS-003831,0,20,2025-12-18 01:55:06,2026-04-01 06:30:00
SCR-0008707,HS-003831,20,46,2026-01-01 17:11:15,2026-04-01 06:30:00
SCR-0008708,HS-003831,46,68,2026-01-03 09:15:45,2026-04-01 06:30:00
SCR-0008709,HS-003832,0,10,2025-12-22 05:31:41,2026-04-01 06:30:00
SCR-0008710,HS-003832,10,15,2025-12-29 07:05:49,2026-04-01 06:30:00
SCR-0008711,HS-003833,0,15,2026-01-21 14:01:41,2026-04-01 06:30:00
SCR-0008712,HS-003834,0,24,2026-03-02 12:36:14,2026-04-01 06:30:00
SCR-0008713,HS-003834,24,47,2026-03-13 04:32:21,2026-04-01 06:30:00
SCR-0008714,HS-003834,47,81,2026-03-15 06:33:46,2026-04-01 06:30:00
SCR-0008715,HS-003835,0,18,2026-01-17 22:21:02,2026-04-01 06:30:00
SCR-0008716,HS-003836,0,15,2025-10-29 00:18:23,2026-04-01 06:30:00
SCR-0008717,HS-003836,15,41,2025-11-05 21:12:28,2026-04-01 06:30:00
SCR-0008718,HS-003836,41,67,2025-11-08 11:31:29,2026-04-01 06:30:00
SCR-0008719,HS-003837,0,24,2025-11-24 03:44:59,2026-04-01 06:30:00
SCR-0008720,HS-003837,24,46,2025-12-03 02:50:54,2026-04-01 06:30:00
SCR-0008721,HS-003837,46,61,2025-12-04 19:14:07,2026-04-01 06:30:00
SCR-0008722,HS-003838,0,6,2025-11-20 08:31:43,2026-04-01 06:30:00
SCR-0008723,HS-003838,6,31,2025-11-22 23:03:54,2026-04-01 06:30:00
SCR-0008724,HS-003839,0,19,2025-11-24 14:00:11,2026-04-01 06:30:00
SCR-0008725,HS-003839,19,43,2025-12-02 09:32:40,2026-04-01 06:30:00
SCR-0008726,HS-003840,0,15,2025-11-20 14:58:07,2026-04-01 06:30:00
SCR-0008727,HS-003840,15,43,2025-11-29 10:05:03,2026-04-01 06:30:00
SCR-0008728,HS-003840,43,72,2025-11-30 17:23:11,2026-04-01 06:30:00
SCR-0008729,HS-003841,0,7,2026-01-27 16:04:08,2026-04-01 06:30:00
SCR-0008730,HS-003841,7,35,2026-01-28 18:37:07,2026-04-01 06:30:00
SCR-0008731,HS-003842,0,17,2026-03-25 05:10:01,2026-04-01 06:30:00
SCR-0008732,HS-003842,17,48,2026-03-28 13:40:58,2026-04-01 06:30:00
SCR-0008733,HS-003842,48,89,2026-03-28 20:24:20,2026-04-01 06:30:00
SCR-0008734,HS-003843,0,16,2025-12-13 05:37:45,2026-04-01 06:30:00
SCR-0008735,HS-003843,16,18,2026-01-02 00:19:59,2026-04-01 06:30:00
SCR-0008736,HS-003844,0,11,2025-11-08 01:20:27,2026-04-01 06:30:00
SCR-0008737,HS-003844,11,30,2025-11-16 18:56:20,2026-04-01 06:30:00
SCR-0008738,HS-003845,0,23,2025-09-22 05:26:06,2026-04-01 06:30:00
SCR-0008739,HS-003845,23,47,2025-09-27 21:33:54,2026-04-01 06:30:00
SCR-0008740,HS-003845,47,56,2025-09-30 19:49:25,2026-04-01 06:30:00
SCR-0008741,HS-003846,0,22,2026-03-30 04:39:23,2026-04-01 06:30:00
SCR-0008742,HS-003846,22,29,2026-04-03 19:17:57,2026-04-01 06:30:00
SCR-0008743,HS-003847,0,24,2025-12-03 04:37:37,2026-04-01 06:30:00
SCR-0008744,HS-003847,24,46,2025-12-09 05:08:10,2026-04-01 06:30:00
SCR-0008745,HS-003847,46,65,2025-12-09 09:54:25,2026-04-01 06:30:00
SCR-0008746,HS-003848,0,14,2026-03-27 02:54:19,2026-04-01 06:30:00
SCR-0008747,HS-003849,0,14,2025-12-02 07:14:27,2026-04-01 06:30:00
SCR-0008748,HS-003849,14,24,2025-12-12 23:48:43,2026-04-01 06:30:00
SCR-0008749,HS-003850,0,16,2025-09-24 00:45:57,2026-04-01 06:30:00
SCR-0008750,HS-003850,16,33,2025-09-25 15:10:09,2026-04-01 06:30:00
SCR-0008751,HS-003851,0,8,2025-10-12 12:21:08,2026-04-01 06:30:00
SCR-0008752,HS-003851,8,24,2025-10-29 21:51:09,2026-04-01 06:30:00
SCR-0008753,HS-003852,0,22,2026-02-25 14:26:05,2026-04-01 06:30:00
SCR-0008754,HS-003852,22,26,2026-02-27 22:50:07,2026-04-01 06:30:00
SCR-0008755,HS-003853,0,19,2026-01-30 11:49:55,2026-04-01 06:30:00
SCR-0008756,HS-003853,19,42,2026-02-12 11:21:26,2026-04-01 06:30:00
SCR-0008757,HS-003853,42,71,2026-02-13 09:47:02,2026-04-01 06:30:00
SCR-0008758,HS-003854,0,24,2025-12-19 09:19:37,2026-04-01 06:30:00
SCR-0008759,HS-003855,0,5,2026-02-02 10:13:01,2026-04-01 06:30:00
SCR-0008760,HS-003855,5,41,2026-02-08 09:38:40,2026-04-01 06:30:00
SCR-0008761,HS-003855,41,62,2026-02-10 01:54:21,2026-04-01 06:30:00
SCR-0008762,HS-003856,0,24,2026-02-24 16:49:20,2026-04-01 06:30:00
SCR-0008763,HS-003857,0,23,2026-02-24 18:36:30,2026-04-01 06:30:00
SCR-0008764,HS-003858,0,11,2025-10-05 16:13:51,2026-04-01 06:30:00
SCR-0008765,HS-003858,11,13,2025-10-23 02:54:41,2026-04-01 06:30:00
SCR-0008766,HS-003859,0,6,2025-12-26 15:51:26,2026-04-01 06:30:00
SCR-0008767,HS-003859,6,47,2026-01-07 04:28:12,2026-04-01 06:30:00
SCR-0008768,HS-003859,47,72,2026-01-10 04:06:28,2026-04-01 06:30:00
SCR-0008769,HS-003860,0,5,2025-09-17 12:47:29,2026-04-01 06:30:00
SCR-0008770,HS-003860,5,38,2025-09-19 21:59:50,2026-04-01 06:30:00
SCR-0008771,HS-003861,0,8,2026-03-28 07:47:28,2026-04-01 06:30:00
SCR-0008772,HS-003861,8,39,2026-04-02 21:58:17,2026-04-01 06:30:00
SCR-0008773,HS-003862,0,6,2025-09-01 23:42:13,2026-04-01 06:30:00
SCR-0008774,HS-003862,6,21,2025-09-13 19:49:19,2026-04-01 06:30:00
SCR-0008775,HS-003863,0,15,2026-02-28 05:20:56,2026-04-01 06:30:00
SCR-0008776,HS-003863,15,30,2026-03-10 01:59:25,2026-04-01 06:30:00
SCR-0008777,HS-003864,0,15,2026-02-02 15:20:58,2026-04-01 06:30:00
SCR-0008778,HS-003864,15,27,2026-02-19 21:03:03,2026-04-01 06:30:00
SCR-0008779,HS-003865,0,6,2026-02-23 10:11:24,2026-04-01 06:30:00
SCR-0008780,HS-003865,6,43,2026-03-02 04:42:45,2026-04-01 06:30:00
SCR-0008781,HS-003865,43,83,2026-03-02 19:55:02,2026-04-01 06:30:00
SCR-0008782,HS-003866,0,13,2025-12-02 01:40:27,2026-04-01 06:30:00
SCR-0008783,HS-003866,13,21,2025-12-14 12:45:18,2026-04-01 06:30:00
SCR-0008784,HS-003867,0,5,2025-09-18 12:52:07,2026-04-01 06:30:00
SCR-0008785,HS-003867,5,18,2025-10-07 06:20:58,2026-04-01 06:30:00
SCR-0008786,HS-003868,0,14,2025-09-28 16:35:13,2026-04-01 06:30:00
SCR-0008787,HS-003868,14,46,2025-10-03 02:33:26,2026-04-01 06:30:00
SCR-0008788,HS-003868,46,62,2025-10-03 04:35:20,2026-04-01 06:30:00
SCR-0008789,HS-003869,0,14,2025-12-28 08:53:48,2026-04-01 06:30:00
SCR-0008790,HS-003869,14,46,2026-01-05 21:39:59,2026-04-01 06:30:00
SCR-0008791,HS-003869,46,63,2026-01-08 03:23:39,2026-04-01 06:30:00
SCR-0008792,HS-003870,0,15,2025-11-29 11:08:31,2026-04-01 06:30:00
SCR-0008793,HS-003870,15,40,2025-12-05 03:35:07,2026-04-01 06:30:00
SCR-0008794,HS-003871,0,10,2026-02-05 19:11:47,2026-04-01 06:30:00
SCR-0008795,HS-003871,10,43,2026-02-09 14:35:18,2026-04-01 06:30:00
SCR-0008796,HS-003871,43,83,2026-02-11 03:46:48,2026-04-01 06:30:00
SCR-0008797,HS-003872,0,10,2026-01-02 01:32:31,2026-04-01 06:30:00
SCR-0008798,HS-003872,10,24,2026-01-20 14:21:12,2026-04-01 06:30:00
SCR-0008799,HS-003873,0,17,2026-03-03 06:00:33,2026-04-01 06:30:00
SCR-0008800,HS-003873,17,37,2026-03-20 02:45:22,2026-04-01 06:30:00
SCR-0008801,HS-003874,0,20,2026-02-24 01:39:33,2026-04-01 06:30:00
SCR-0008802,HS-003874,20,48,2026-03-06 03:11:48,2026-04-01 06:30:00
SCR-0008803,HS-003874,48,90,2026-03-06 17:20:23,2026-04-01 06:30:00
SCR-0008804,HS-003875,0,24,2025-12-26 17:36:51,2026-04-01 06:30:00
SCR-0008805,HS-003875,24,40,2026-01-04 01:49:29,2026-04-01 06:30:00
SCR-0008806,HS-003875,40,62,2026-01-06 09:50:30,2026-04-01 06:30:00
SCR-0008807,HS-003876,0,12,2025-12-07 14:29:36,2026-04-01 06:30:00
SCR-0008808,HS-003877,0,10,2026-02-15 03:33:06,2026-04-01 06:30:00
SCR-0008809,HS-003877,10,32,2026-02-26 05:43:55,2026-04-01 06:30:00
SCR-0008810,HS-003878,0,6,2025-09-28 14:31:02,2026-04-01 06:30:00
SCR-0008811,HS-003878,6,46,2025-10-03 02:52:39,2026-04-01 06:30:00
SCR-0008812,HS-003878,46,50,2025-10-03 15:54:34,2026-04-01 06:30:00
SCR-0008813,HS-003879,0,9,2026-02-22 17:47:27,2026-04-01 06:30:00
SCR-0008814,HS-003879,9,48,2026-02-27 10:36:46,2026-04-01 06:30:00
SCR-0008815,HS-003879,48,53,2026-03-02 02:46:11,2026-04-01 06:30:00
SCR-0008816,HS-003880,0,8,2025-12-21 20:19:24,2026-04-01 06:30:00
SCR-0008817,HS-003880,8,46,2025-12-29 18:26:33,2026-04-01 06:30:00
SCR-0008818,HS-003880,46,61,2025-12-30 14:37:53,2026-04-01 06:30:00
SCR-0008819,HS-003881,0,12,2026-01-03 21:53:32,2026-04-01 06:30:00
SCR-0008820,HS-003881,12,49,2026-01-11 10:48:43,2026-04-01 06:30:00
SCR-0008821,HS-003882,0,8,2025-11-02 00:01:35,2026-04-01 06:30:00
SCR-0008822,HS-003882,8,16,2025-11-15 00:27:41,2026-04-01 06:30:00
SCR-0008823,HS-003883,0,7,2025-12-28 13:32:40,2026-04-01 06:30:00
SCR-0008824,HS-003883,7,12,2026-01-09 00:46:02,2026-04-01 06:30:00
SCR-0008825,HS-003884,0,7,2025-10-18 14:23:54,2026-04-01 06:30:00
SCR-0008826,HS-003884,7,42,2025-10-30 15:43:12,2026-04-01 06:30:00
SCR-0008827,HS-003885,0,20,2026-02-02 08:58:14,2026-04-01 06:30:00
SCR-0008828,HS-003886,0,21,2025-10-01 14:33:27,2026-04-01 06:30:00
SCR-0008829,HS-003887,0,12,2025-09-22 07:33:38,2026-04-01 06:30:00
SCR-0008830,HS-003887,12,47,2025-09-30 06:49:06,2026-04-01 06:30:00
SCR-0008831,HS-003887,47,53,2025-09-30 10:00:23,2026-04-01 06:30:00
SCR-0008832,HS-003888,0,23,2026-02-09 22:31:19,2026-04-01 06:30:00
SCR-0008833,HS-003889,0,8,2025-12-19 17:22:35,2026-04-01 06:30:00
SCR-0008834,HS-003889,8,12,2025-12-31 21:25:42,2026-04-01 06:30:00
SCR-0008835,HS-003890,0,14,2026-02-07 07:13:53,2026-04-01 06:30:00
SCR-0008836,HS-003890,14,23,2026-02-12 19:42:17,2026-04-01 06:30:00
SCR-0008837,HS-003891,0,5,2025-12-17 06:52:44,2026-04-01 06:30:00
SCR-0008838,HS-003891,5,24,2025-12-30 01:18:07,2026-04-01 06:30:00
SCR-0008839,HS-003892,0,13,2025-12-23 13:47:52,2026-04-01 06:30:00
SCR-0008840,HS-003892,13,49,2026-01-02 03:41:19,2026-04-01 06:30:00
SCR-0008841,HS-003893,0,15,2026-02-25 17:17:56,2026-04-01 06:30:00
SCR-0008842,HS-003894,0,14,2025-09-06 11:22:06,2026-04-01 06:30:00
SCR-0008843,HS-003894,14,30,2025-09-22 10:21:30,2026-04-01 06:30:00
SCR-0008844,HS-003895,0,23,2025-09-11 18:16:33,2026-04-01 06:30:00
SCR-0008845,HS-003895,23,44,2025-09-23 21:18:19,2026-04-01 06:30:00
SCR-0008846,HS-003895,44,80,2025-09-24 22:35:00,2026-04-01 06:30:00
SCR-0008847,HS-003896,0,12,2026-03-25 14:04:54,2026-04-01 06:30:00
SCR-0008848,HS-003897,0,12,2025-11-06 01:00:42,2026-04-01 06:30:00
SCR-0008849,HS-003897,12,21,2025-11-23 12:32:28,2026-04-01 06:30:00
SCR-0008850,HS-003898,0,17,2025-12-21 20:19:15,2026-04-01 06:30:00
SCR-0008851,HS-003898,17,22,2026-01-05 13:18:49,2026-04-01 06:30:00
SCR-0008852,HS-003899,0,15,2025-11-04 04:48:20,2026-04-01 06:30:00
SCR-0008853,HS-003899,15,41,2025-11-13 07:58:11,2026-04-01 06:30:00
SCR-0008854,HS-003899,41,85,2025-11-15 03:54:32,2026-04-01 06:30:00
SCR-0008855,HS-003900,0,11,2025-10-08 15:02:17,2026-04-01 06:30:00
SCR-0008856,HS-003900,11,41,2025-10-20 04:58:03,2026-04-01 06:30:00
SCR-0008857,HS-003900,41,89,2025-10-23 02:02:48,2026-04-01 06:30:00
SCR-0008858,HS-003901,0,9,2025-12-16 12:19:10,2026-04-01 06:30:00
SCR-0008859,HS-003901,9,46,2026-01-08 10:09:48,2026-04-01 06:30:00
SCR-0008860,HS-003901,46,70,2026-01-10 15:40:27,2026-04-01 06:30:00
SCR-0008861,HS-003902,0,11,2025-11-30 04:31:48,2026-04-01 06:30:00
SCR-0008862,HS-003902,11,47,2025-12-02 19:00:30,2026-04-01 06:30:00
SCR-0008863,HS-003902,47,55,2025-12-03 16:56:29,2026-04-01 06:30:00
SCR-0008864,HS-003903,0,22,2026-03-02 14:32:49,2026-04-01 06:30:00
SCR-0008865,HS-003903,22,45,2026-03-11 02:22:33,2026-04-01 06:30:00
SCR-0008866,HS-003903,45,83,2026-03-12 10:02:02,2026-04-01 06:30:00
SCR-0008867,HS-003904,0,11,2025-12-15 08:39:40,2026-04-01 06:30:00
SCR-0008868,HS-003905,0,17,2025-10-08 12:59:12,2026-04-01 06:30:00
SCR-0008869,HS-003905,17,29,2025-10-24 02:48:08,2026-04-01 06:30:00
SCR-0008870,HS-003906,0,20,2025-09-13 18:16:44,2026-04-01 06:30:00
SCR-0008871,HS-003906,20,46,2025-09-18 00:54:00,2026-04-01 06:30:00
SCR-0008872,HS-003907,0,14,2025-12-04 15:51:32,2026-04-01 06:30:00
SCR-0008873,HS-003907,14,42,2025-12-13 10:16:02,2026-04-01 06:30:00
SCR-0008874,HS-003907,42,76,2025-12-14 13:52:32,2026-04-01 06:30:00
SCR-0008875,HS-003908,0,13,2026-03-07 16:12:43,2026-04-01 06:30:00
SCR-0008876,HS-003908,13,46,2026-03-12 15:24:20,2026-04-01 06:30:00
SCR-0008877,HS-003908,46,52,2026-03-12 20:19:08,2026-04-01 06:30:00
SCR-0008878,HS-003909,0,18,2025-09-28 04:00:10,2026-04-01 06:30:00
SCR-0008879,HS-003910,0,13,2026-01-30 06:19:25,2026-04-01 06:30:00
SCR-0008880,HS-003910,13,48,2026-02-03 20:48:00,2026-04-01 06:30:00
SCR-0008881,HS-003911,0,9,2026-03-17 22:24:30,2026-04-01 06:30:00
SCR-0008882,HS-003911,9,42,2026-03-24 00:54:19,2026-04-01 06:30:00
SCR-0008883,HS-003911,42,88,2026-03-24 09:44:44,2026-04-01 06:30:00
SCR-0008884,HS-003912,0,19,2025-10-26 14:42:16,2026-04-01 06:30:00
SCR-0008885,HS-003912,19,40,2025-11-04 04:02:49,2026-04-01 06:30:00
SCR-0008886,HS-003912,40,59,2025-11-05 18:47:29,2026-04-01 06:30:00
SCR-0008887,HS-003913,0,17,2026-01-10 07:31:49,2026-04-01 06:30:00
SCR-0008888,HS-003913,17,42,2026-01-13 09:21:23,2026-04-01 06:30:00
SCR-0008889,HS-003913,42,53,2026-01-16 07:38:58,2026-04-01 06:30:00
SCR-0008890,HS-003914,0,12,2026-01-20 05:50:48,2026-04-01 06:30:00
SCR-0008891,HS-003914,12,46,2026-01-26 02:55:39,2026-04-01 06:30:00
SCR-0008892,HS-003914,46,63,2026-01-26 12:26:52,2026-04-01 06:30:00
SCR-0008893,HS-003915,0,7,2025-11-20 10:36:22,2026-04-01 06:30:00
SCR-0008894,HS-003915,7,19,2025-11-23 23:30:01,2026-04-01 06:30:00
SCR-0008895,HS-003916,0,18,2026-02-13 21:31:48,2026-04-01 06:30:00
SCR-0008896,HS-003916,18,32,2026-02-23 15:05:33,2026-04-01 06:30:00
SCR-0008897,HS-003917,0,12,2026-01-29 13:48:19,2026-04-01 06:30:00
SCR-0008898,HS-003918,0,6,2025-09-04 21:46:20,2026-04-01 06:30:00
SCR-0008899,HS-003918,6,8,2025-09-14 04:58:32,2026-04-01 06:30:00
SCR-0008900,HS-003919,0,24,2025-11-04 01:12:04,2026-04-01 06:30:00
SCR-0008901,HS-003920,0,18,2026-01-26 22:32:04,2026-04-01 06:30:00
SCR-0008902,HS-003920,18,41,2026-02-14 02:31:03,2026-04-01 06:30:00
SCR-0008903,HS-003921,0,16,2025-09-19 17:06:05,2026-04-01 06:30:00
SCR-0008904,HS-003921,16,40,2025-09-28 19:57:01,2026-04-01 06:30:00
SCR-0008905,HS-003921,40,82,2025-09-29 07:02:18,2026-04-01 06:30:00
SCR-0008906,HS-003922,0,5,2026-02-25 14:23:46,2026-04-01 06:30:00
SCR-0008907,HS-003922,5,24,2026-03-16 11:13:12,2026-04-01 06:30:00
SCR-0008908,HS-003923,0,7,2025-10-14 08:38:37,2026-04-01 06:30:00
SCR-0008909,HS-003923,7,33,2025-10-16 14:31:55,2026-04-01 06:30:00
SCR-0008910,HS-003924,0,21,2026-01-29 14:05:03,2026-04-01 06:30:00
SCR-0008911,HS-003924,21,49,2026-01-31 20:43:58,2026-04-01 06:30:00
SCR-0008912,HS-003925,0,10,2025-12-05 08:23:28,2026-04-01 06:30:00
SCR-0008913,HS-003925,10,40,2025-12-12 00:19:12,2026-04-01 06:30:00
SCR-0008914,HS-003925,40,68,2025-12-12 01:11:01,2026-04-01 06:30:00
SCR-0008915,HS-003926,0,24,2025-09-24 21:47:56,2026-04-01 06:30:00
SCR-0008916,HS-003926,24,47,2025-09-27 16:45:51,2026-04-01 06:30:00
SCR-0008917,HS-003926,47,71,2025-09-29 18:39:40,2026-04-01 06:30:00
SCR-0008918,HS-003927,0,6,2026-03-17 03:45:20,2026-04-01 06:30:00
SCR-0008919,HS-003927,6,45,2026-03-19 17:43:08,2026-04-01 06:30:00
SCR-0008920,HS-003927,45,50,2026-03-20 12:50:25,2026-04-01 06:30:00
SCR-0008921,HS-003928,0,24,2026-02-21 18:35:10,2026-04-01 06:30:00
SCR-0008922,HS-003928,24,43,2026-03-01 02:10:23,2026-04-01 06:30:00
SCR-0008923,HS-003928,43,77,2026-03-02 15:55:29,2026-04-01 06:30:00
SCR-0008924,HS-003929,0,9,2026-01-02 07:04:21,2026-04-01 06:30:00
SCR-0008925,HS-003929,9,47,2026-01-08 03:10:55,2026-04-01 06:30:00
SCR-0008926,HS-003929,47,72,2026-01-08 15:35:42,2026-04-01 06:30:00
SCR-0008927,HS-003930,0,15,2025-09-08 12:21:22,2026-04-01 06:30:00
SCR-0008928,HS-003930,15,21,2025-09-23 21:55:15,2026-04-01 06:30:00
SCR-0008929,HS-003931,0,10,2026-02-01 09:48:42,2026-04-01 06:30:00
SCR-0008930,HS-003932,0,15,2025-11-12 01:31:26,2026-04-01 06:30:00
SCR-0008931,HS-003932,15,46,2025-11-15 15:49:16,2026-04-01 06:30:00
SCR-0008932,HS-003932,46,67,2025-11-15 16:25:48,2026-04-01 06:30:00
SCR-0008933,HS-003933,0,21,2025-09-30 18:18:57,2026-04-01 06:30:00
SCR-0008934,HS-003933,21,42,2025-10-12 09:53:11,2026-04-01 06:30:00
SCR-0008935,HS-003933,42,72,2025-10-12 23:44:49,2026-04-01 06:30:00
SCR-0008936,HS-003934,0,20,2026-03-27 12:49:14,2026-04-01 06:30:00
SCR-0008937,HS-003934,20,36,2026-04-13 00:45:59,2026-04-01 06:30:00
SCR-0008938,HS-003935,0,18,2026-03-04 08:42:49,2026-04-01 06:30:00
SCR-0008939,HS-003935,18,35,2026-03-10 00:05:11,2026-04-01 06:30:00
SCR-0008940,HS-003936,0,6,2025-09-01 01:20:11,2026-04-01 06:30:00
SCR-0008941,HS-003936,6,45,2025-09-13 13:31:27,2026-04-01 06:30:00
SCR-0008942,HS-003937,0,16,2026-02-17 22:35:16,2026-04-01 06:30:00
SCR-0008943,HS-003937,16,44,2026-02-23 21:38:46,2026-04-01 06:30:00
SCR-0008944,HS-003937,44,83,2026-02-25 20:23:04,2026-04-01 06:30:00
SCR-0008945,HS-003938,0,21,2025-09-23 18:27:46,2026-04-01 06:30:00
SCR-0008946,HS-003938,21,37,2025-10-03 21:23:36,2026-04-01 06:30:00
SCR-0008947,HS-003939,0,17,2025-10-21 23:37:38,2026-04-01 06:30:00
SCR-0008948,HS-003939,17,40,2025-10-29 18:31:44,2026-04-01 06:30:00
SCR-0008949,HS-003939,40,76,2025-10-30 20:13:03,2026-04-01 06:30:00
SCR-0008950,HS-003940,0,8,2025-10-06 00:12:45,2026-04-01 06:30:00
SCR-0008951,HS-003940,8,47,2025-10-16 15:49:07,2026-04-01 06:30:00
SCR-0008952,HS-003940,47,77,2025-10-19 00:27:51,2026-04-01 06:30:00
SCR-0008953,HS-003941,0,24,2025-12-28 10:28:35,2026-04-01 06:30:00
SCR-0008954,HS-003941,24,47,2025-12-31 17:04:40,2026-04-01 06:30:00
SCR-0008955,HS-003941,47,56,2026-01-01 06:56:00,2026-04-01 06:30:00
SCR-0008956,HS-003942,0,11,2025-09-12 14:15:36,2026-04-01 06:30:00
SCR-0008957,HS-003942,11,40,2025-09-23 07:58:22,2026-04-01 06:30:00
SCR-0008958,HS-003943,0,11,2025-10-25 21:24:38,2026-04-01 06:30:00
SCR-0008959,HS-003944,0,20,2025-11-13 13:51:20,2026-04-01 06:30:00
SCR-0008960,HS-003944,20,42,2025-11-16 15:11:45,2026-04-01 06:30:00
SCR-0008961,HS-003944,42,77,2025-11-19 11:26:25,2026-04-01 06:30:00
SCR-0008962,HS-003945,0,11,2026-03-16 22:38:30,2026-04-01 06:30:00
SCR-0008963,HS-003945,11,20,2026-03-30 14:27:25,2026-04-01 06:30:00
SCR-0008964,HS-003946,0,22,2025-12-06 04:56:45,2026-04-01 06:30:00
SCR-0008965,HS-003946,22,49,2025-12-10 13:55:26,2026-04-01 06:30:00
SCR-0008966,HS-003947,0,18,2025-09-10 20:42:16,2026-04-01 06:30:00
SCR-0008967,HS-003947,18,45,2025-09-23 18:55:38,2026-04-01 06:30:00
SCR-0008968,HS-003947,45,69,2025-09-24 18:11:56,2026-04-01 06:30:00
SCR-0008969,HS-003948,0,5,2025-11-22 18:32:19,2026-04-01 06:30:00
SCR-0008970,HS-003948,5,46,2025-12-04 04:12:04,2026-04-01 06:30:00
SCR-0008971,HS-003948,46,79,2025-12-05 05:18:43,2026-04-01 06:30:00
SCR-0008972,HS-003949,0,15,2025-11-16 01:13:15,2026-04-01 06:30:00
SCR-0008973,HS-003949,15,44,2025-11-20 23:35:38,2026-04-01 06:30:00
SCR-0008974,HS-003949,44,68,2025-11-23 19:55:50,2026-04-01 06:30:00
SCR-0008975,HS-003950,0,18,2026-02-15 01:03:01,2026-04-01 06:30:00
SCR-0008976,HS-003951,0,18,2025-09-01 20:13:54,2026-04-01 06:30:00
SCR-0008977,HS-003951,18,35,2025-09-19 06:17:41,2026-04-01 06:30:00
SCR-0008978,HS-003952,0,17,2025-10-04 12:16:16,2026-04-01 06:30:00
SCR-0008979,HS-003952,17,23,2025-10-21 01:04:07,2026-04-01 06:30:00
SCR-0008980,HS-003953,0,10,2026-02-10 23:19:19,2026-04-01 06:30:00
SCR-0008981,HS-003954,0,18,2025-10-01 20:58:39,2026-04-01 06:30:00
SCR-0008982,HS-003954,18,41,2025-10-05 09:17:36,2026-04-01 06:30:00
SCR-0008983,HS-003955,0,6,2026-02-12 12:44:11,2026-04-01 06:30:00
SCR-0008984,HS-003955,6,48,2026-02-18 15:16:39,2026-04-01 06:30:00
SCR-0008985,HS-003955,48,76,2026-02-18 16:51:48,2026-04-01 06:30:00
SCR-0008986,HS-003956,0,12,2025-12-19 14:28:15,2026-04-01 06:30:00
SCR-0008987,HS-003956,12,15,2026-01-01 18:02:01,2026-04-01 06:30:00
SCR-0008988,HS-003957,0,17,2026-03-28 05:30:13,2026-04-01 06:30:00
SCR-0008989,HS-003958,0,10,2026-02-20 03:05:21,2026-04-01 06:30:00
SCR-0008990,HS-003958,10,46,2026-02-27 20:44:55,2026-04-01 06:30:00
SCR-0008991,HS-003958,46,77,2026-03-01 19:45:27,2026-04-01 06:30:00
SCR-0008992,HS-003959,0,15,2026-03-19 14:21:23,2026-04-01 06:30:00
SCR-0008993,HS-003959,15,25,2026-03-23 04:31:55,2026-04-01 06:30:00
SCR-0008994,HS-003960,0,19,2025-11-18 12:30:09,2026-04-01 06:30:00
SCR-0008995,HS-003960,19,46,2025-11-22 08:37:33,2026-04-01 06:30:00
SCR-0008996,HS-003960,46,58,2025-11-22 19:04:18,2026-04-01 06:30:00
SCR-0008997,HS-003961,0,23,2025-08-11 00:32:07,2026-04-01 06:30:00
SCR-0008998,HS-003961,23,46,2025-08-31 16:55:49,2026-04-01 06:30:00
SCR-0008999,HS-003961,46,71,2025-09-01 01:27:44,2026-04-01 06:30:00
SCR-0009000,HS-003962,0,19,2026-01-10 15:00:37,2026-04-01 06:30:00
SCR-0009001,HS-003962,19,46,2026-01-21 13:32:01,2026-04-01 06:30:00
SCR-0009002,HS-003962,46,89,2026-01-21 18:08:27,2026-04-01 06:30:00
SCR-0009003,HS-003963,0,22,2026-03-11 17:04:59,2026-04-01 06:30:00
SCR-0009004,HS-003964,0,14,2025-10-27 16:11:59,2026-04-01 06:30:00
SCR-0009005,HS-003964,14,40,2025-11-14 16:42:50,2026-04-01 06:30:00
SCR-0009006,HS-003964,40,80,2025-11-17 05:08:39,2026-04-01 06:30:00
SCR-0009007,HS-003965,0,23,2026-01-23 15:52:10,2026-04-01 06:30:00
SCR-0009008,HS-003965,23,44,2026-01-30 23:15:58,2026-04-01 06:30:00
SCR-0009009,HS-003965,44,61,2026-02-01 04:16:31,2026-04-01 06:30:00
SCR-0009010,HS-003966,0,24,2026-03-12 07:09:54,2026-04-01 06:30:00
SCR-0009011,HS-003966,24,30,2026-03-27 01:37:05,2026-04-01 06:30:00
SCR-0009012,HS-003967,0,22,2025-11-11 17:22:04,2026-04-01 06:30:00
SCR-0009013,HS-003967,22,48,2025-11-19 05:30:18,2026-04-01 06:30:00
SCR-0009014,HS-003967,48,75,2025-11-21 21:36:49,2026-04-01 06:30:00
SCR-0009015,HS-003968,0,6,2026-03-12 15:46:51,2026-04-01 06:30:00
SCR-0009016,HS-003968,6,14,2026-03-17 20:02:18,2026-04-01 06:30:00
SCR-0009017,HS-003969,0,9,2025-10-02 06:06:54,2026-04-01 06:30:00
SCR-0009018,HS-003969,9,44,2025-10-06 08:05:27,2026-04-01 06:30:00
SCR-0009019,HS-003969,44,50,2025-10-06 09:52:09,2026-04-01 06:30:00
SCR-0009020,HS-003970,0,9,2026-01-21 19:59:52,2026-04-01 06:30:00
SCR-0009021,HS-003970,9,11,2026-02-05 21:58:47,2026-04-01 06:30:00
SCR-0009022,HS-003971,0,24,2026-02-26 02:12:01,2026-04-01 06:30:00
SCR-0009023,HS-003971,24,45,2026-03-03 00:36:58,2026-04-01 06:30:00
SCR-0009024,HS-003971,45,84,2026-03-04 03:11:54,2026-04-01 06:30:00
SCR-0009025,HS-003972,0,11,2025-09-20 15:36:56,2026-04-01 06:30:00
SCR-0009026,HS-003972,11,41,2025-09-29 16:43:55,2026-04-01 06:30:00
SCR-0009027,HS-003973,0,18,2025-11-04 09:09:23,2026-04-01 06:30:00
SCR-0009028,HS-003973,18,34,2025-11-24 04:38:55,2026-04-01 06:30:00
SCR-0009029,HS-003974,0,6,2025-12-05 15:04:43,2026-04-01 06:30:00
SCR-0009030,HS-003974,6,42,2025-12-17 11:42:37,2026-04-01 06:30:00
SCR-0009031,HS-003974,42,68,2025-12-17 18:54:58,2026-04-01 06:30:00
SCR-0009032,HS-003975,0,13,2025-11-25 06:26:55,2026-04-01 06:30:00
SCR-0009033,HS-003975,13,45,2025-11-29 04:52:55,2026-04-01 06:30:00
SCR-0009034,HS-003975,45,66,2025-11-29 08:36:02,2026-04-01 06:30:00
SCR-0009035,HS-003976,0,22,2026-03-29 13:42:33,2026-04-01 06:30:00
SCR-0009036,HS-003977,0,8,2026-01-16 07:08:59,2026-04-01 06:30:00
SCR-0009037,HS-003977,8,45,2026-01-21 12:04:32,2026-04-01 06:30:00
SCR-0009038,HS-003977,45,63,2026-01-24 01:48:44,2026-04-01 06:30:00
SCR-0009039,HS-003978,0,12,2026-03-09 18:00:21,2026-04-01 06:30:00
SCR-0009040,HS-003978,12,45,2026-03-13 23:06:25,2026-04-01 06:30:00
SCR-0009041,HS-003978,45,75,2026-03-16 02:17:28,2026-04-01 06:30:00
SCR-0009042,HS-003979,0,18,2025-09-06 19:35:27,2026-04-01 06:30:00
SCR-0009043,HS-003980,0,11,2025-12-02 08:17:20,2026-04-01 06:30:00
SCR-0009044,HS-003980,11,46,2025-12-07 03:35:15,2026-04-01 06:30:00
SCR-0009045,HS-003980,46,54,2025-12-07 16:06:34,2026-04-01 06:30:00
SCR-0009046,HS-003981,0,9,2026-02-12 08:38:48,2026-04-01 06:30:00
SCR-0009047,HS-003981,9,29,2026-02-23 08:18:51,2026-04-01 06:30:00
SCR-0009048,HS-003982,0,17,2025-11-15 22:19:55,2026-04-01 06:30:00
SCR-0009049,HS-003982,17,48,2025-11-26 21:23:22,2026-04-01 06:30:00
SCR-0009050,HS-003982,48,59,2025-11-28 00:49:30,2026-04-01 06:30:00
SCR-0009051,HS-003983,0,12,2025-09-23 09:56:30,2026-04-01 06:30:00
SCR-0009052,HS-003984,0,20,2026-01-30 15:38:00,2026-04-01 06:30:00
SCR-0009053,HS-003984,20,48,2026-02-07 08:19:43,2026-04-01 06:30:00
SCR-0009054,HS-003984,48,90,2026-02-08 00:33:19,2026-04-01 06:30:00
SCR-0009055,HS-003985,0,21,2025-11-16 15:38:24,2026-04-01 06:30:00
SCR-0009056,HS-003986,0,15,2025-11-20 03:49:46,2026-04-01 06:30:00
SCR-0009057,HS-003987,0,12,2026-03-20 08:57:50,2026-04-01 06:30:00
SCR-0009058,HS-003987,12,23,2026-03-27 06:20:07,2026-04-01 06:30:00
SCR-0009059,HS-003988,0,23,2026-02-23 05:11:32,2026-04-01 06:30:00
SCR-0009060,HS-003988,23,41,2026-03-02 06:03:30,2026-04-01 06:30:00
SCR-0009061,HS-003988,41,83,2026-03-05 00:27:20,2026-04-01 06:30:00
SCR-0009062,HS-003989,0,16,2025-12-13 06:03:33,2026-04-01 06:30:00
SCR-0009063,HS-003989,16,36,2025-12-19 08:35:47,2026-04-01 06:30:00
SCR-0009064,HS-003990,0,11,2026-01-15 03:24:23,2026-04-01 06:30:00
SCR-0009065,HS-003990,11,45,2026-01-19 13:47:12,2026-04-01 06:30:00
SCR-0009066,HS-003990,45,73,2026-01-21 21:14:54,2026-04-01 06:30:00
SCR-0009067,HS-003991,0,12,2025-11-04 09:49:00,2026-04-01 06:30:00
SCR-0009068,HS-003991,12,43,2025-11-08 02:11:38,2026-04-01 06:30:00
SCR-0009069,HS-003991,43,83,2025-11-10 00:14:19,2026-04-01 06:30:00
SCR-0009070,HS-003992,0,10,2025-10-01 06:16:08,2026-04-01 06:30:00
SCR-0009071,HS-003992,10,15,2025-10-17 04:00:08,2026-04-01 06:30:00
SCR-0009072,HS-003993,0,17,2026-01-23 17:59:53,2026-04-01 06:30:00
SCR-0009073,HS-003993,17,40,2026-01-30 14:24:36,2026-04-01 06:30:00
SCR-0009074,HS-003994,0,6,2025-12-07 19:11:09,2026-04-01 06:30:00
SCR-0009075,HS-003994,6,14,2025-12-15 21:55:27,2026-04-01 06:30:00
SCR-0009076,HS-003995,0,5,2025-09-25 02:08:07,2026-04-01 06:30:00
SCR-0009077,HS-003995,5,6,2025-10-01 09:46:48,2026-04-01 06:30:00
SCR-0009078,HS-003996,0,6,2026-01-09 09:25:34,2026-04-01 06:30:00
SCR-0009079,HS-003996,6,48,2026-02-02 15:41:11,2026-04-01 06:30:00
SCR-0009080,HS-003996,48,52,2026-02-02 22:00:33,2026-04-01 06:30:00
SCR-0009081,HS-003997,0,8,2025-09-19 21:46:25,2026-04-01 06:30:00
SCR-0009082,HS-003997,8,46,2025-09-23 03:34:23,2026-04-01 06:30:00
SCR-0009083,HS-003997,46,81,2025-09-24 09:28:50,2026-04-01 06:30:00
SCR-0009084,HS-003998,0,10,2026-01-02 05:37:15,2026-04-01 06:30:00
SCR-0009085,HS-003998,10,21,2026-01-10 14:47:33,2026-04-01 06:30:00
SCR-0009086,HS-003999,0,20,2026-03-25 05:17:55,2026-04-01 06:30:00
SCR-0009087,HS-003999,20,23,2026-04-05 06:05:21,2026-04-01 06:30:00
SCR-0009088,HS-004000,0,16,2025-12-26 10:46:47,2026-04-01 06:30:00
SCR-0009089,HS-004000,16,41,2025-12-29 15:23:41,2026-04-01 06:30:00
SCR-0009090,HS-004001,0,17,2025-10-19 11:41:53,2026-04-01 06:30:00
SCR-0009091,HS-004001,17,24,2025-11-02 04:39:10,2026-04-01 06:30:00
SCR-0009092,HS-004002,0,8,2025-11-13 18:18:41,2026-04-01 06:30:00
SCR-0009093,HS-004002,8,11,2025-12-01 10:00:17,2026-04-01 06:30:00
SCR-0009094,HS-004003,0,19,2025-08-31 11:24:10,2026-04-01 06:30:00
SCR-0009095,HS-004003,19,42,2025-09-07 09:12:27,2026-04-01 06:30:00
SCR-0009096,HS-004003,42,85,2025-09-09 23:59:21,2026-04-01 06:30:00
SCR-0009097,HS-004004,0,14,2025-12-20 20:38:31,2026-04-01 06:30:00
SCR-0009098,HS-004004,14,41,2026-01-02 22:25:23,2026-04-01 06:30:00
SCR-0009099,HS-004004,41,79,2026-01-05 17:29:47,2026-04-01 06:30:00
SCR-0009100,HS-004005,0,7,2026-02-19 04:06:47,2026-04-01 06:30:00
SCR-0009101,HS-004005,7,28,2026-03-10 20:21:39,2026-04-01 06:30:00
SCR-0009102,HS-004006,0,12,2025-11-27 02:30:46,2026-04-01 06:30:00
SCR-0009103,HS-004007,0,11,2025-10-14 15:56:34,2026-04-01 06:30:00
SCR-0009104,HS-004007,11,43,2025-10-25 02:54:59,2026-04-01 06:30:00
SCR-0009105,HS-004007,43,69,2025-10-26 03:00:43,2026-04-01 06:30:00
SCR-0009106,HS-004008,0,7,2026-02-07 04:35:13,2026-04-01 06:30:00
SCR-0009107,HS-004008,7,43,2026-02-11 22:47:09,2026-04-01 06:30:00
SCR-0009108,HS-004008,43,68,2026-02-13 03:29:15,2026-04-01 06:30:00
SCR-0009109,HS-004009,0,15,2025-12-14 14:43:56,2026-04-01 06:30:00
SCR-0009110,HS-004009,15,46,2025-12-20 23:56:15,2026-04-01 06:30:00
SCR-0009111,HS-004009,46,82,2025-12-23 04:26:14,2026-04-01 06:30:00
SCR-0009112,HS-004010,0,19,2026-02-06 16:09:58,2026-04-01 06:30:00
SCR-0009113,HS-004010,19,44,2026-02-16 16:41:11,2026-04-01 06:30:00
SCR-0009114,HS-004010,44,62,2026-02-18 11:45:21,2026-04-01 06:30:00
SCR-0009115,HS-004011,0,18,2026-02-24 05:56:37,2026-04-01 06:30:00
SCR-0009116,HS-004011,18,41,2026-03-03 20:01:58,2026-04-01 06:30:00
SCR-0009117,HS-004011,41,83,2026-03-04 14:51:59,2026-04-01 06:30:00
SCR-0009118,HS-004012,0,10,2025-10-16 00:31:38,2026-04-01 06:30:00
SCR-0009119,HS-004012,10,38,2025-10-28 03:25:15,2026-04-01 06:30:00
SCR-0009120,HS-004013,0,20,2026-03-02 15:18:28,2026-04-01 06:30:00
SCR-0009121,HS-004013,20,25,2026-03-06 00:11:49,2026-04-01 06:30:00
SCR-0009122,HS-004014,0,23,2026-03-27 00:13:40,2026-04-01 06:30:00
SCR-0009123,HS-004015,0,22,2026-02-18 02:20:16,2026-04-01 06:30:00
SCR-0009124,HS-004016,0,13,2025-12-03 10:52:48,2026-04-01 06:30:00
SCR-0009125,HS-004017,0,14,2026-01-31 18:46:48,2026-04-01 06:30:00
SCR-0009126,HS-004017,14,43,2026-02-07 15:11:06,2026-04-01 06:30:00
SCR-0009127,HS-004017,43,69,2026-02-08 02:12:21,2026-04-01 06:30:00
SCR-0009128,HS-004018,0,13,2025-12-06 02:49:21,2026-04-01 06:30:00
SCR-0009129,HS-004018,13,41,2025-12-12 01:13:40,2026-04-01 06:30:00
SCR-0009130,HS-004018,41,71,2025-12-14 18:54:12,2026-04-01 06:30:00
SCR-0009131,HS-004019,0,15,2025-12-17 13:10:18,2026-04-01 06:30:00
SCR-0009132,HS-004019,15,46,2025-12-26 09:02:10,2026-04-01 06:30:00
SCR-0009133,HS-004019,46,68,2025-12-27 13:04:20,2026-04-01 06:30:00
SCR-0009134,HS-004020,0,24,2026-02-01 14:19:49,2026-04-01 06:30:00
SCR-0009135,HS-004020,24,44,2026-02-05 20:19:09,2026-04-01 06:30:00
SCR-0009136,HS-004020,44,51,2026-02-08 11:32:30,2026-04-01 06:30:00
SCR-0009137,HS-004021,0,16,2025-09-06 15:51:13,2026-04-01 06:30:00
SCR-0009138,HS-004021,16,38,2025-09-12 12:09:56,2026-04-01 06:30:00
SCR-0009139,HS-004022,0,10,2025-12-05 16:16:02,2026-04-01 06:30:00
SCR-0009140,HS-004022,10,34,2025-12-10 21:31:50,2026-04-01 06:30:00
SCR-0009141,HS-004023,0,15,2025-12-28 05:45:13,2026-04-01 06:30:00
SCR-0009142,HS-004024,0,24,2025-11-29 10:22:22,2026-04-01 06:30:00
SCR-0009143,HS-004025,0,6,2026-03-18 22:46:32,2026-04-01 06:30:00
SCR-0009144,HS-004025,6,34,2026-03-30 03:19:17,2026-04-01 06:30:00
SCR-0009145,HS-004026,0,14,2026-02-26 21:22:52,2026-04-01 06:30:00
SCR-0009146,HS-004026,14,41,2026-03-01 17:19:46,2026-04-01 06:30:00
SCR-0009147,HS-004026,41,64,2026-03-02 16:11:07,2026-04-01 06:30:00
SCR-0009148,HS-004027,0,21,2025-12-10 00:03:13,2026-04-01 06:30:00
SCR-0009149,HS-004027,21,43,2025-12-22 23:47:05,2026-04-01 06:30:00
SCR-0009150,HS-004027,43,51,2025-12-25 19:20:53,2026-04-01 06:30:00
SCR-0009151,HS-004028,0,13,2025-11-12 08:20:03,2026-04-01 06:30:00
SCR-0009152,HS-004029,0,16,2025-12-04 07:12:33,2026-04-01 06:30:00
SCR-0009153,HS-004029,16,42,2025-12-11 22:05:59,2026-04-01 06:30:00
SCR-0009154,HS-004029,42,81,2025-12-12 07:03:12,2026-04-01 06:30:00
SCR-0009155,HS-004030,0,20,2025-11-04 15:00:40,2026-04-01 06:30:00
SCR-0009156,HS-004030,20,39,2025-11-18 00:33:08,2026-04-01 06:30:00
SCR-0009157,HS-004031,0,9,2025-09-10 14:01:51,2026-04-01 06:30:00
SCR-0009158,HS-004031,9,41,2025-09-17 23:13:51,2026-04-01 06:30:00
SCR-0009159,HS-004031,41,68,2025-09-19 09:56:54,2026-04-01 06:30:00
SCR-0009160,HS-004032,0,10,2025-12-22 15:52:56,2026-04-01 06:30:00
SCR-0009161,HS-004032,10,45,2026-01-01 08:15:44,2026-04-01 06:30:00
SCR-0009162,HS-004032,45,55,2026-01-02 22:52:42,2026-04-01 06:30:00
SCR-0009163,HS-004033,0,8,2026-01-02 15:53:30,2026-04-01 06:30:00
SCR-0009164,HS-004033,8,45,2026-01-09 21:31:43,2026-04-01 06:30:00
SCR-0009165,HS-004033,45,82,2026-01-11 17:26:35,2026-04-01 06:30:00
SCR-0009166,HS-004034,0,7,2025-12-31 22:35:45,2026-04-01 06:30:00
SCR-0009167,HS-004034,7,48,2026-01-05 01:52:20,2026-04-01 06:30:00
SCR-0009168,HS-004034,48,54,2026-01-05 03:27:06,2026-04-01 06:30:00
SCR-0009169,HS-004035,0,12,2026-02-17 20:16:57,2026-04-01 06:30:00
SCR-0009170,HS-004035,12,41,2026-02-27 03:00:31,2026-04-01 06:30:00
SCR-0009171,HS-004035,41,63,2026-02-27 12:15:45,2026-04-01 06:30:00
SCR-0009172,HS-004036,0,8,2026-03-07 11:22:50,2026-04-01 06:30:00
SCR-0009173,HS-004036,8,45,2026-03-10 00:44:45,2026-04-01 06:30:00
SCR-0009174,HS-004036,45,82,2026-03-11 22:17:13,2026-04-01 06:30:00
SCR-0009175,HS-004037,0,17,2026-02-22 08:35:27,2026-04-01 06:30:00
SCR-0009176,HS-004037,17,41,2026-03-12 19:50:11,2026-04-01 06:30:00
SCR-0009177,HS-004038,0,20,2026-02-14 20:03:42,2026-04-01 06:30:00
SCR-0009178,HS-004038,20,40,2026-02-18 09:31:37,2026-04-01 06:30:00
SCR-0009179,HS-004039,0,23,2025-12-25 08:02:51,2026-04-01 06:30:00
SCR-0009180,HS-004039,23,41,2026-01-04 12:22:28,2026-04-01 06:30:00
SCR-0009181,HS-004039,41,62,2026-01-05 03:54:23,2026-04-01 06:30:00
SCR-0009182,HS-004040,0,18,2026-01-29 12:26:07,2026-04-01 06:30:00
SCR-0009183,HS-004041,0,12,2026-01-02 01:03:12,2026-04-01 06:30:00
SCR-0009184,HS-004041,12,34,2026-01-16 17:09:07,2026-04-01 06:30:00
SCR-0009185,HS-004042,0,16,2025-10-20 09:27:28,2026-04-01 06:30:00
SCR-0009186,HS-004042,16,31,2025-11-02 07:58:33,2026-04-01 06:30:00
SCR-0009187,HS-004043,0,21,2026-01-28 03:25:56,2026-04-01 06:30:00
SCR-0009188,HS-004043,21,31,2026-02-09 21:30:54,2026-04-01 06:30:00
SCR-0009189,HS-004044,0,21,2025-11-19 11:56:38,2026-04-01 06:30:00
SCR-0009190,HS-004044,21,43,2025-11-23 09:49:30,2026-04-01 06:30:00
SCR-0009191,HS-004044,43,86,2025-11-25 05:14:49,2026-04-01 06:30:00
SCR-0009192,HS-004045,0,19,2026-01-22 08:28:18,2026-04-01 06:30:00
SCR-0009193,HS-004045,19,43,2026-01-29 23:44:29,2026-04-01 06:30:00
SCR-0009194,HS-004045,43,63,2026-01-31 19:58:48,2026-04-01 06:30:00
SCR-0009195,HS-004046,0,21,2025-10-23 14:02:48,2026-04-01 06:30:00
SCR-0009196,HS-004046,21,25,2025-11-09 02:38:43,2026-04-01 06:30:00
SCR-0009197,HS-004047,0,23,2025-10-15 08:24:32,2026-04-01 06:30:00
SCR-0009198,HS-004047,23,47,2025-10-19 14:50:22,2026-04-01 06:30:00
SCR-0009199,HS-004047,47,75,2025-10-21 21:05:16,2026-04-01 06:30:00
SCR-0009200,HS-004048,0,22,2025-11-02 14:30:47,2026-04-01 06:30:00
SCR-0009201,HS-004048,22,37,2025-11-21 09:03:22,2026-04-01 06:30:00
SCR-0009202,HS-004049,0,14,2026-02-16 20:53:24,2026-04-01 06:30:00
SCR-0009203,HS-004050,0,12,2025-10-12 01:06:10,2026-04-01 06:30:00
SCR-0009204,HS-004050,12,42,2025-10-17 07:14:25,2026-04-01 06:30:00
SCR-0009205,HS-004050,42,70,2025-10-18 13:52:23,2026-04-01 06:30:00
SCR-0009206,HS-004051,0,23,2026-01-10 20:29:06,2026-04-01 06:30:00
SCR-0009207,HS-004052,0,11,2026-02-01 12:22:14,2026-04-01 06:30:00
SCR-0009208,HS-004052,11,40,2026-02-21 14:56:56,2026-04-01 06:30:00
SCR-0009209,HS-004053,0,15,2025-09-17 12:31:14,2026-04-01 06:30:00
SCR-0009210,HS-004053,15,46,2025-09-21 15:24:18,2026-04-01 06:30:00
SCR-0009211,HS-004053,46,88,2025-09-22 13:41:28,2026-04-01 06:30:00
SCR-0009212,HS-004054,0,8,2025-09-22 09:09:05,2026-04-01 06:30:00
SCR-0009213,HS-004054,8,39,2025-10-11 17:28:45,2026-04-01 06:30:00
SCR-0009214,HS-004055,0,17,2026-02-17 01:01:27,2026-04-01 06:30:00
SCR-0009215,HS-004055,17,23,2026-03-02 12:19:34,2026-04-01 06:30:00
SCR-0009216,HS-004056,0,16,2026-02-20 12:05:34,2026-04-01 06:30:00
SCR-0009217,HS-004057,0,9,2025-12-17 18:34:29,2026-04-01 06:30:00
SCR-0009218,HS-004057,9,26,2026-01-01 04:57:59,2026-04-01 06:30:00
SCR-0009219,HS-004058,0,23,2025-11-16 09:39:37,2026-04-01 06:30:00
SCR-0009220,HS-004058,23,25,2025-11-26 19:00:03,2026-04-01 06:30:00
SCR-0009221,HS-004059,0,13,2025-12-07 14:27:41,2026-04-01 06:30:00
SCR-0009222,HS-004059,13,14,2025-12-13 16:44:02,2026-04-01 06:30:00
SCR-0009223,HS-004060,0,15,2025-12-29 05:08:24,2026-04-01 06:30:00
SCR-0009224,HS-004060,15,20,2026-01-17 10:13:53,2026-04-01 06:30:00
SCR-0009225,HS-004061,0,21,2025-10-26 15:09:35,2026-04-01 06:30:00
SCR-0009226,HS-004061,21,48,2025-11-02 14:54:48,2026-04-01 06:30:00
SCR-0009227,HS-004061,48,78,2025-11-02 19:13:50,2026-04-01 06:30:00
SCR-0009228,HS-004062,0,15,2026-01-17 08:19:36,2026-04-01 06:30:00
SCR-0009229,HS-004062,15,45,2026-01-22 07:42:11,2026-04-01 06:30:00
SCR-0009230,HS-004062,45,74,2026-01-23 09:25:41,2026-04-01 06:30:00
SCR-0009231,HS-004063,0,5,2025-11-06 16:33:48,2026-04-01 06:30:00
SCR-0009232,HS-004063,5,42,2025-11-09 00:21:56,2026-04-01 06:30:00
SCR-0009233,HS-004063,42,77,2025-11-11 11:46:25,2026-04-01 06:30:00
SCR-0009234,HS-004064,0,22,2025-12-16 16:17:31,2026-04-01 06:30:00
SCR-0009235,HS-004064,22,24,2025-12-23 19:34:44,2026-04-01 06:30:00
SCR-0009236,HS-004065,0,10,2026-03-20 20:36:29,2026-04-01 06:30:00
SCR-0009237,HS-004065,10,33,2026-03-31 13:35:20,2026-04-01 06:30:00
SCR-0009238,HS-004066,0,7,2025-12-15 14:29:12,2026-04-01 06:30:00
SCR-0009239,HS-004066,7,46,2025-12-25 08:48:26,2026-04-01 06:30:00
SCR-0009240,HS-004066,46,79,2025-12-27 22:07:05,2026-04-01 06:30:00
SCR-0009241,HS-004067,0,21,2026-03-23 12:23:13,2026-04-01 06:30:00
SCR-0009242,HS-004067,21,36,2026-04-05 02:07:29,2026-04-01 06:30:00
SCR-0009243,HS-004068,0,19,2025-11-06 08:28:46,2026-04-01 06:30:00
SCR-0009244,HS-004068,19,39,2025-11-25 16:24:19,2026-04-01 06:30:00
SCR-0009245,HS-004069,0,16,2026-01-22 16:16:07,2026-04-01 06:30:00
SCR-0009246,HS-004069,16,26,2026-02-09 07:58:59,2026-04-01 06:30:00
SCR-0009247,HS-004070,0,13,2026-01-13 21:41:29,2026-04-01 06:30:00
SCR-0009248,HS-004070,13,45,2026-01-17 18:13:25,2026-04-01 06:30:00
SCR-0009249,HS-004070,45,63,2026-01-19 16:02:47,2026-04-01 06:30:00
SCR-0009250,HS-004071,0,7,2025-11-13 02:50:49,2026-04-01 06:30:00
SCR-0009251,HS-004071,7,40,2025-11-17 07:06:51,2026-04-01 06:30:00
SCR-0009252,HS-004071,40,60,2025-11-20 00:12:54,2026-04-01 06:30:00
SCR-0009253,HS-004072,0,12,2026-02-17 16:09:06,2026-04-01 06:30:00
SCR-0009254,HS-004072,12,45,2026-02-25 15:38:55,2026-04-01 06:30:00
SCR-0009255,HS-004072,45,53,2026-02-26 19:13:48,2026-04-01 06:30:00
SCR-0009256,HS-004073,0,15,2025-12-09 00:13:21,2026-04-01 06:30:00
SCR-0009257,HS-004073,15,34,2025-12-27 10:07:08,2026-04-01 06:30:00
SCR-0009258,HS-004074,0,9,2026-03-16 10:57:18,2026-04-01 06:30:00
SCR-0009259,HS-004074,9,47,2026-03-27 19:11:30,2026-04-01 06:30:00
SCR-0009260,HS-004074,47,64,2026-03-29 02:33:06,2026-04-01 06:30:00
SCR-0009261,HS-004075,0,22,2025-11-04 17:35:57,2026-04-01 06:30:00
SCR-0009262,HS-004076,0,11,2025-09-10 06:51:41,2026-04-01 06:30:00
SCR-0009263,HS-004076,11,31,2025-09-28 16:26:44,2026-04-01 06:30:00
SCR-0009264,HS-004077,0,12,2025-09-19 19:08:03,2026-04-01 06:30:00
SCR-0009265,HS-004077,12,48,2025-09-27 18:05:56,2026-04-01 06:30:00
SCR-0009266,HS-004077,48,73,2025-09-29 01:38:47,2026-04-01 06:30:00
SCR-0009267,HS-004078,0,5,2026-02-21 01:35:26,2026-04-01 06:30:00
SCR-0009268,HS-004078,5,14,2026-03-09 10:31:01,2026-04-01 06:30:00
SCR-0009269,HS-004079,0,15,2025-12-13 23:14:03,2026-04-01 06:30:00
SCR-0009270,HS-004079,15,45,2025-12-15 23:35:42,2026-04-01 06:30:00
SCR-0009271,HS-004079,45,80,2025-12-16 08:49:13,2026-04-01 06:30:00
SCR-0009272,HS-004080,0,19,2025-09-21 12:23:30,2026-04-01 06:30:00
SCR-0009273,HS-004080,19,44,2025-09-26 16:40:21,2026-04-01 06:30:00
SCR-0009274,HS-004080,44,53,2025-09-29 07:17:26,2026-04-01 06:30:00
SCR-0009275,HS-004081,0,16,2025-12-12 11:43:06,2026-04-01 06:30:00
SCR-0009276,HS-004081,16,39,2025-12-14 05:14:55,2026-04-01 06:30:00
SCR-0009277,HS-004082,0,13,2026-02-21 21:06:10,2026-04-01 06:30:00
SCR-0009278,HS-004082,13,16,2026-02-27 10:29:34,2026-04-01 06:30:00
SCR-0009279,HS-004083,0,16,2025-11-21 09:24:36,2026-04-01 06:30:00
SCR-0009280,HS-004083,16,47,2025-11-25 23:00:33,2026-04-01 06:30:00
SCR-0009281,HS-004083,47,54,2025-11-27 17:06:08,2026-04-01 06:30:00
SCR-0009282,HS-004084,0,23,2025-11-11 18:01:32,2026-04-01 06:30:00
SCR-0009283,HS-004084,23,43,2025-11-16 19:53:30,2026-04-01 06:30:00
SCR-0009284,HS-004084,43,54,2025-11-19 12:11:03,2026-04-01 06:30:00
SCR-0009285,HS-004085,0,8,2025-12-24 03:05:23,2026-04-01 06:30:00
SCR-0009286,HS-004085,8,14,2025-12-27 04:03:35,2026-04-01 06:30:00
SCR-0009287,HS-004086,0,13,2026-01-13 12:19:43,2026-04-01 06:30:00
SCR-0009288,HS-004086,13,23,2026-01-30 02:35:22,2026-04-01 06:30:00
SCR-0009289,HS-004087,0,10,2025-12-08 16:03:21,2026-04-01 06:30:00
SCR-0009290,HS-004087,10,19,2025-12-13 21:00:04,2026-04-01 06:30:00
SCR-0009291,HS-004088,0,16,2026-02-18 19:31:03,2026-04-01 06:30:00
SCR-0009292,HS-004088,16,48,2026-02-21 13:10:31,2026-04-01 06:30:00
SCR-0009293,HS-004088,48,72,2026-02-24 13:03:19,2026-04-01 06:30:00
SCR-0009294,HS-004089,0,18,2026-02-12 07:37:55,2026-04-01 06:30:00
SCR-0009295,HS-004090,0,11,2026-01-24 20:14:39,2026-04-01 06:30:00
SCR-0009296,HS-004090,11,45,2026-02-11 12:20:37,2026-04-01 06:30:00
SCR-0009297,HS-004091,0,6,2026-01-17 01:14:04,2026-04-01 06:30:00
SCR-0009298,HS-004091,6,24,2026-01-23 12:59:38,2026-04-01 06:30:00
SCR-0009299,HS-004092,0,14,2026-02-25 02:42:52,2026-04-01 06:30:00
SCR-0009300,HS-004092,14,43,2026-03-02 18:14:07,2026-04-01 06:30:00
SCR-0009301,HS-004092,43,65,2026-03-04 03:26:17,2026-04-01 06:30:00
SCR-0009302,HS-004093,0,23,2026-03-07 04:42:26,2026-04-01 06:30:00
SCR-0009303,HS-004093,23,48,2026-03-12 01:09:51,2026-04-01 06:30:00
SCR-0009304,HS-004094,0,23,2025-10-15 21:46:47,2026-04-01 06:30:00
SCR-0009305,HS-004094,23,40,2025-10-21 02:04:17,2026-04-01 06:30:00
SCR-0009306,HS-004094,40,83,2025-10-21 06:10:43,2026-04-01 06:30:00
SCR-0009307,HS-004095,0,22,2025-10-20 06:49:00,2026-04-01 06:30:00
SCR-0009308,HS-004096,0,15,2025-11-27 23:36:40,2026-04-01 06:30:00
SCR-0009309,HS-004096,15,45,2025-12-03 07:00:24,2026-04-01 06:30:00
SCR-0009310,HS-004096,45,69,2025-12-05 04:05:54,2026-04-01 06:30:00
SCR-0009311,HS-004097,0,23,2026-01-01 07:38:18,2026-04-01 06:30:00
SCR-0009312,HS-004097,23,43,2026-01-07 16:39:45,2026-04-01 06:30:00
SCR-0009313,HS-004097,43,56,2026-01-09 01:43:16,2026-04-01 06:30:00
SCR-0009314,HS-004098,0,24,2025-10-25 01:28:05,2026-04-01 06:30:00
SCR-0009315,HS-004099,0,5,2026-02-12 00:36:28,2026-04-01 06:30:00
SCR-0009316,HS-004099,5,44,2026-02-16 06:59:27,2026-04-01 06:30:00
SCR-0009317,HS-004099,44,66,2026-02-18 13:20:55,2026-04-01 06:30:00
SCR-0009318,HS-004100,0,19,2026-01-03 13:22:21,2026-04-01 06:30:00
SCR-0009319,HS-004100,19,23,2026-01-05 10:31:06,2026-04-01 06:30:00
SCR-0009320,HS-004101,0,21,2025-09-21 17:55:58,2026-04-01 06:30:00
SCR-0009321,HS-004102,0,15,2025-10-12 10:45:56,2026-04-01 06:30:00
SCR-0009322,HS-004102,15,26,2025-10-15 21:23:30,2026-04-01 06:30:00
SCR-0009323,HS-004103,0,15,2025-11-26 19:23:10,2026-04-01 06:30:00
SCR-0009324,HS-004103,15,47,2025-12-06 13:00:39,2026-04-01 06:30:00
SCR-0009325,HS-004103,47,88,2025-12-09 08:22:46,2026-04-01 06:30:00
SCR-0009326,HS-004104,0,16,2025-10-18 06:38:28,2026-04-01 06:30:00
SCR-0009327,HS-004104,16,40,2025-11-12 07:42:13,2026-04-01 06:30:00
SCR-0009328,HS-004104,40,51,2025-11-12 13:20:01,2026-04-01 06:30:00
SCR-0009329,HS-004105,0,15,2025-09-09 23:49:59,2026-04-01 06:30:00
SCR-0009330,HS-004105,15,27,2025-09-18 09:05:58,2026-04-01 06:30:00
SCR-0009331,HS-004106,0,15,2026-01-11 19:31:23,2026-04-01 06:30:00
SCR-0009332,HS-004107,0,13,2026-02-20 08:41:47,2026-04-01 06:30:00
SCR-0009333,HS-004107,13,14,2026-03-02 18:14:53,2026-04-01 06:30:00
SCR-0009334,HS-004108,0,19,2025-09-28 01:28:59,2026-04-01 06:30:00
SCR-0009335,HS-004108,19,42,2025-10-03 10:47:39,2026-04-01 06:30:00
SCR-0009336,HS-004108,42,56,2025-10-03 22:35:27,2026-04-01 06:30:00
SCR-0009337,HS-004109,0,24,2025-10-29 23:40:12,2026-04-01 06:30:00
SCR-0009338,HS-004109,24,30,2025-11-11 09:28:37,2026-04-01 06:30:00
SCR-0009339,HS-004110,0,12,2026-01-13 18:52:18,2026-04-01 06:30:00
SCR-0009340,HS-004110,12,40,2026-01-17 00:20:15,2026-04-01 06:30:00
SCR-0009341,HS-004110,40,56,2026-01-17 04:20:44,2026-04-01 06:30:00
SCR-0009342,HS-004111,0,15,2026-01-15 01:22:30,2026-04-01 06:30:00
SCR-0009343,HS-004111,15,18,2026-01-28 04:44:13,2026-04-01 06:30:00
SCR-0009344,HS-004112,0,6,2025-11-19 23:15:52,2026-04-01 06:30:00
SCR-0009345,HS-004112,6,18,2025-12-04 01:46:28,2026-04-01 06:30:00
SCR-0009346,HS-004113,0,9,2025-08-27 22:21:41,2026-04-01 06:30:00
SCR-0009347,HS-004113,9,43,2025-09-01 13:45:25,2026-04-01 06:30:00
SCR-0009348,HS-004113,43,73,2025-09-03 23:52:13,2026-04-01 06:30:00
SCR-0009349,HS-004114,0,18,2025-09-30 20:39:32,2026-04-01 06:30:00
SCR-0009350,HS-004114,18,45,2025-10-10 07:44:21,2026-04-01 06:30:00
SCR-0009351,HS-004114,45,90,2025-10-12 22:39:09,2026-04-01 06:30:00
SCR-0009352,HS-004115,0,14,2025-10-19 23:56:04,2026-04-01 06:30:00
SCR-0009353,HS-004116,0,18,2025-10-09 17:55:18,2026-04-01 06:30:00
SCR-0009354,HS-004116,18,44,2025-10-13 22:16:13,2026-04-01 06:30:00
SCR-0009355,HS-004116,44,89,2025-10-16 01:30:10,2026-04-01 06:30:00
SCR-0009356,HS-004117,0,18,2026-01-27 11:03:03,2026-04-01 06:30:00
SCR-0009357,HS-004117,18,44,2026-02-04 18:19:04,2026-04-01 06:30:00
SCR-0009358,HS-004117,44,55,2026-02-06 04:21:13,2026-04-01 06:30:00
SCR-0009359,HS-004118,0,9,2026-01-01 06:22:56,2026-04-01 06:30:00
SCR-0009360,HS-004118,9,48,2026-01-04 10:57:38,2026-04-01 06:30:00
SCR-0009361,HS-004118,48,85,2026-01-06 14:22:04,2026-04-01 06:30:00
SCR-0009362,HS-004119,0,10,2025-12-26 18:43:32,2026-04-01 06:30:00
SCR-0009363,HS-004119,10,47,2026-01-04 16:38:58,2026-04-01 06:30:00
SCR-0009364,HS-004119,47,72,2026-01-06 00:28:37,2026-04-01 06:30:00
SCR-0009365,HS-004120,0,9,2026-03-30 13:15:01,2026-04-01 06:30:00
SCR-0009366,HS-004120,9,26,2026-04-11 00:25:05,2026-04-01 06:30:00
SCR-0009367,HS-004121,0,8,2026-01-21 19:12:35,2026-04-01 06:30:00
SCR-0009368,HS-004121,8,24,2026-01-30 23:52:32,2026-04-01 06:30:00
SCR-0009369,HS-004122,0,9,2026-03-18 05:56:36,2026-04-01 06:30:00
SCR-0009370,HS-004122,9,33,2026-03-29 18:41:54,2026-04-01 06:30:00
SCR-0009371,HS-004123,0,21,2025-10-10 18:16:57,2026-04-01 06:30:00
SCR-0009372,HS-004123,21,32,2025-10-19 21:16:58,2026-04-01 06:30:00
SCR-0009373,HS-004124,0,13,2026-02-08 04:31:04,2026-04-01 06:30:00
SCR-0009374,HS-004124,13,37,2026-02-14 15:57:52,2026-04-01 06:30:00
SCR-0009375,HS-004125,0,13,2025-11-13 13:38:52,2026-04-01 06:30:00
SCR-0009376,HS-004125,13,27,2025-11-17 07:45:07,2026-04-01 06:30:00
SCR-0009377,HS-004126,0,24,2025-10-31 05:38:47,2026-04-01 06:30:00
SCR-0009378,HS-004126,24,40,2025-11-09 23:12:03,2026-04-01 06:30:00
SCR-0009379,HS-004126,40,53,2025-11-10 17:27:50,2026-04-01 06:30:00
SCR-0009380,HS-004127,0,24,2025-10-13 10:10:34,2026-04-01 06:30:00
SCR-0009381,HS-004127,24,46,2025-10-20 03:27:49,2026-04-01 06:30:00
SCR-0009382,HS-004127,46,82,2025-10-22 05:20:49,2026-04-01 06:30:00
SCR-0009383,HS-004128,0,23,2026-02-10 17:55:57,2026-04-01 06:30:00
SCR-0009384,HS-004128,23,47,2026-02-14 23:35:17,2026-04-01 06:30:00
SCR-0009385,HS-004128,47,89,2026-02-16 18:02:24,2026-04-01 06:30:00
SCR-0009386,HS-004129,0,22,2025-10-24 13:08:30,2026-04-01 06:30:00
SCR-0009387,HS-004129,22,41,2025-10-28 12:39:52,2026-04-01 06:30:00
SCR-0009388,HS-004129,41,77,2025-10-30 04:22:21,2026-04-01 06:30:00
SCR-0009389,HS-004130,0,6,2026-01-10 16:31:59,2026-04-01 06:30:00
SCR-0009390,HS-004130,6,23,2026-01-22 22:16:57,2026-04-01 06:30:00
SCR-0009391,HS-004131,0,19,2025-10-04 22:07:34,2026-04-01 06:30:00
SCR-0009392,HS-004131,19,33,2025-10-11 05:36:17,2026-04-01 06:30:00
SCR-0009393,HS-004132,0,10,2026-01-29 23:00:18,2026-04-01 06:30:00
SCR-0009394,HS-004132,10,26,2026-02-11 04:48:12,2026-04-01 06:30:00
SCR-0009395,HS-004133,0,23,2026-01-10 01:06:50,2026-04-01 06:30:00
SCR-0009396,HS-004133,23,37,2026-01-11 01:11:07,2026-04-01 06:30:00
SCR-0009397,HS-004134,0,5,2025-08-30 16:57:06,2026-04-01 06:30:00
SCR-0009398,HS-004134,5,41,2025-09-18 08:11:36,2026-04-01 06:30:00
SCR-0009399,HS-004134,41,68,2025-09-19 08:17:02,2026-04-01 06:30:00
SCR-0009400,HS-004135,0,20,2025-11-27 06:43:38,2026-04-01 06:30:00
SCR-0009401,HS-004135,20,24,2025-12-11 00:48:14,2026-04-01 06:30:00
SCR-0009402,HS-004136,0,23,2025-10-07 12:57:36,2026-04-01 06:30:00
SCR-0009403,HS-004136,23,41,2025-10-13 07:56:56,2026-04-01 06:30:00
SCR-0009404,HS-004136,41,85,2025-10-16 06:53:40,2026-04-01 06:30:00
SCR-0009405,HS-004137,0,10,2026-01-14 08:07:14,2026-04-01 06:30:00
SCR-0009406,HS-004137,10,21,2026-01-26 00:55:13,2026-04-01 06:30:00
SCR-0009407,HS-004138,0,10,2025-10-14 03:40:05,2026-04-01 06:30:00
SCR-0009408,HS-004138,10,40,2025-10-18 03:46:57,2026-04-01 06:30:00
SCR-0009409,HS-004138,40,66,2025-10-19 12:31:51,2026-04-01 06:30:00
SCR-0009410,HS-004139,0,16,2026-01-28 22:52:42,2026-04-01 06:30:00
SCR-0009411,HS-004139,16,44,2026-02-09 00:46:21,2026-04-01 06:30:00
SCR-0009412,HS-004139,44,54,2026-02-10 08:58:13,2026-04-01 06:30:00
SCR-0009413,HS-004140,0,6,2026-02-22 11:30:32,2026-04-01 06:30:00
SCR-0009414,HS-004140,6,20,2026-02-26 13:48:24,2026-04-01 06:30:00
SCR-0009415,HS-004141,0,13,2026-02-14 23:02:17,2026-04-01 06:30:00
SCR-0009416,HS-004141,13,20,2026-03-03 06:29:51,2026-04-01 06:30:00
SCR-0009417,HS-004142,0,16,2026-01-08 04:56:07,2026-04-01 06:30:00
SCR-0009418,HS-004142,16,43,2026-01-14 19:49:05,2026-04-01 06:30:00
SCR-0009419,HS-004142,43,73,2026-01-17 02:59:30,2026-04-01 06:30:00
SCR-0009420,HS-004143,0,14,2026-03-14 20:57:28,2026-04-01 06:30:00
SCR-0009421,HS-004143,14,23,2026-03-21 13:20:16,2026-04-01 06:30:00
SCR-0009422,HS-004144,0,7,2026-02-12 14:05:49,2026-04-01 06:30:00
SCR-0009423,HS-004144,7,39,2026-02-16 19:02:00,2026-04-01 06:30:00
SCR-0009424,HS-004145,0,7,2025-12-23 16:21:24,2026-04-01 06:30:00
SCR-0009425,HS-004145,7,48,2025-12-31 13:30:19,2026-04-01 06:30:00
SCR-0009426,HS-004145,48,62,2026-01-01 22:42:23,2026-04-01 06:30:00
SCR-0009427,HS-004146,0,8,2026-01-11 10:17:17,2026-04-01 06:30:00
SCR-0009428,HS-004146,8,46,2026-01-18 21:05:49,2026-04-01 06:30:00
SCR-0009429,HS-004146,46,71,2026-01-19 03:23:02,2026-04-01 06:30:00
SCR-0009430,HS-004147,0,21,2025-10-17 11:31:19,2026-04-01 06:30:00
SCR-0009431,HS-004148,0,11,2025-11-18 06:40:14,2026-04-01 06:30:00
SCR-0009432,HS-004148,11,46,2025-12-06 11:47:05,2026-04-01 06:30:00
SCR-0009433,HS-004148,46,66,2025-12-06 15:54:38,2026-04-01 06:30:00
SCR-0009434,HS-004149,0,20,2026-02-04 02:03:37,2026-04-01 06:30:00
SCR-0009435,HS-004149,20,41,2026-02-15 10:38:37,2026-04-01 06:30:00
SCR-0009436,HS-004149,41,68,2026-02-16 02:10:11,2026-04-01 06:30:00
SCR-0009437,HS-004150,0,14,2025-09-12 18:39:49,2026-04-01 06:30:00
SCR-0009438,HS-004150,14,48,2025-10-05 00:47:50,2026-04-01 06:30:00
SCR-0009439,HS-004150,48,83,2025-10-06 07:21:44,2026-04-01 06:30:00
SCR-0009440,HS-004151,0,12,2025-11-30 02:18:56,2026-04-01 06:30:00
SCR-0009441,HS-004151,12,22,2025-12-03 17:59:42,2026-04-01 06:30:00
SCR-0009442,HS-004152,0,9,2026-03-18 03:45:49,2026-04-01 06:30:00
SCR-0009443,HS-004152,9,46,2026-03-22 08:09:59,2026-04-01 06:30:00
SCR-0009444,HS-004152,46,88,2026-03-25 07:34:41,2026-04-01 06:30:00
SCR-0009445,HS-004153,0,6,2025-11-22 14:15:36,2026-04-01 06:30:00
SCR-0009446,HS-004153,6,15,2025-12-10 00:43:12,2026-04-01 06:30:00
SCR-0009447,HS-004154,0,5,2025-08-21 15:43:34,2026-04-01 06:30:00
SCR-0009448,HS-004154,5,43,2025-08-30 22:56:24,2026-04-01 06:30:00
SCR-0009449,HS-004154,43,55,2025-09-02 01:21:19,2026-04-01 06:30:00
SCR-0009450,HS-004155,0,14,2025-12-12 20:39:34,2026-04-01 06:30:00
SCR-0009451,HS-004155,14,47,2025-12-14 20:50:32,2026-04-01 06:30:00
SCR-0009452,HS-004155,47,53,2025-12-16 18:56:46,2026-04-01 06:30:00
SCR-0009453,HS-004156,0,23,2025-09-05 07:21:23,2026-04-01 06:30:00
SCR-0009454,HS-004156,23,25,2025-09-07 01:14:09,2026-04-01 06:30:00
SCR-0009455,HS-004157,0,10,2025-10-12 23:21:50,2026-04-01 06:30:00
SCR-0009456,HS-004158,0,19,2025-10-18 22:24:33,2026-04-01 06:30:00
SCR-0009457,HS-004159,0,8,2025-11-09 12:40:54,2026-04-01 06:30:00
SCR-0009458,HS-004159,8,43,2025-11-12 20:26:03,2026-04-01 06:30:00
SCR-0009459,HS-004159,43,80,2025-11-15 09:32:07,2026-04-01 06:30:00
SCR-0009460,HS-004160,0,21,2025-10-09 12:56:30,2026-04-01 06:30:00
SCR-0009461,HS-004160,21,42,2025-10-15 20:19:40,2026-04-01 06:30:00
SCR-0009462,HS-004160,42,87,2025-10-18 04:11:07,2026-04-01 06:30:00
SCR-0009463,HS-004161,0,6,2025-10-21 13:35:19,2026-04-01 06:30:00
SCR-0009464,HS-004161,6,27,2025-11-04 06:05:20,2026-04-01 06:30:00
SCR-0009465,HS-004162,0,8,2026-01-26 14:02:32,2026-04-01 06:30:00
SCR-0009466,HS-004162,8,40,2026-01-29 12:01:01,2026-04-01 06:30:00
SCR-0009467,HS-004162,40,66,2026-02-01 00:54:20,2026-04-01 06:30:00
SCR-0009468,HS-004163,0,12,2026-03-16 01:41:11,2026-04-01 06:30:00
SCR-0009469,HS-004163,12,38,2026-03-20 15:52:00,2026-04-01 06:30:00
SCR-0009470,HS-004164,0,21,2025-12-09 02:08:26,2026-04-01 06:30:00
SCR-0009471,HS-004165,0,11,2025-10-11 13:18:06,2026-04-01 06:30:00
SCR-0009472,HS-004165,11,20,2025-10-22 19:26:10,2026-04-01 06:30:00
SCR-0009473,HS-004166,0,21,2025-12-10 19:05:11,2026-04-01 06:30:00
SCR-0009474,HS-004166,21,42,2025-12-21 08:46:29,2026-04-01 06:30:00
SCR-0009475,HS-004166,42,68,2025-12-22 18:05:18,2026-04-01 06:30:00
SCR-0009476,HS-004167,0,17,2026-01-29 07:45:10,2026-04-01 06:30:00
SCR-0009477,HS-004167,17,42,2026-02-06 06:48:42,2026-04-01 06:30:00
SCR-0009478,HS-004167,42,71,2026-02-06 20:54:12,2026-04-01 06:30:00
SCR-0009479,HS-004168,0,14,2025-11-22 23:33:19,2026-04-01 06:30:00
SCR-0009480,HS-004168,14,47,2025-12-09 09:46:48,2026-04-01 06:30:00
SCR-0009481,HS-004169,0,23,2025-11-20 23:55:54,2026-04-01 06:30:00
SCR-0009482,HS-004169,23,45,2025-11-27 19:58:28,2026-04-01 06:30:00
SCR-0009483,HS-004170,0,12,2025-11-13 01:11:05,2026-04-01 06:30:00
SCR-0009484,HS-004170,12,20,2025-11-19 23:43:32,2026-04-01 06:30:00
SCR-0009485,HS-004171,0,20,2025-10-18 21:15:29,2026-04-01 06:30:00
SCR-0009486,HS-004171,20,41,2025-10-24 12:28:29,2026-04-01 06:30:00
SCR-0009487,HS-004171,41,52,2025-10-25 07:34:55,2026-04-01 06:30:00
SCR-0009488,HS-004172,0,7,2025-10-17 20:43:36,2026-04-01 06:30:00
SCR-0009489,HS-004172,7,27,2025-10-26 03:17:54,2026-04-01 06:30:00
SCR-0009490,HS-004173,0,10,2025-12-25 03:56:38,2026-04-01 06:30:00
SCR-0009491,HS-004173,10,12,2025-12-29 04:37:40,2026-04-01 06:30:00
SCR-0009492,HS-004174,0,13,2026-01-12 00:18:31,2026-04-01 06:30:00
SCR-0009493,HS-004174,13,21,2026-01-24 19:11:54,2026-04-01 06:30:00
SCR-0009494,HS-004175,0,10,2026-03-06 16:33:27,2026-04-01 06:30:00
SCR-0009495,HS-004175,10,47,2026-03-24 01:44:32,2026-04-01 06:30:00
SCR-0009496,HS-004175,47,75,2026-03-26 19:48:39,2026-04-01 06:30:00
SCR-0009497,HS-004176,0,11,2025-10-02 12:50:04,2026-04-01 06:30:00
SCR-0009498,HS-004176,11,42,2025-10-10 16:32:06,2026-04-01 06:30:00
SCR-0009499,HS-004176,42,83,2025-10-11 01:28:26,2026-04-01 06:30:00
SCR-0009500,HS-004177,0,10,2026-03-05 11:41:03,2026-04-01 06:30:00
SCR-0009501,HS-004177,10,14,2026-03-06 15:56:13,2026-04-01 06:30:00
SCR-0009502,HS-004178,0,18,2025-09-24 01:27:37,2026-04-01 06:30:00
SCR-0009503,HS-004178,18,40,2025-10-02 12:23:33,2026-04-01 06:30:00
SCR-0009504,HS-004178,40,59,2025-10-05 12:15:12,2026-04-01 06:30:00
SCR-0009505,HS-004179,0,13,2026-02-24 01:11:57,2026-04-01 06:30:00
SCR-0009506,HS-004179,13,42,2026-03-02 11:43:21,2026-04-01 06:30:00
SCR-0009507,HS-004179,42,71,2026-03-04 04:11:31,2026-04-01 06:30:00
SCR-0009508,HS-004180,0,24,2026-01-20 23:47:31,2026-04-01 06:30:00
SCR-0009509,HS-004180,24,30,2026-02-09 05:59:03,2026-04-01 06:30:00
SCR-0009510,HS-004181,0,8,2026-01-16 04:32:16,2026-04-01 06:30:00
SCR-0009511,HS-004181,8,43,2026-01-26 18:41:16,2026-04-01 06:30:00
SCR-0009512,HS-004181,43,78,2026-01-29 15:27:47,2026-04-01 06:30:00
SCR-0009513,HS-004182,0,22,2025-11-07 09:32:43,2026-04-01 06:30:00
SCR-0009514,HS-004182,22,29,2025-11-11 01:12:33,2026-04-01 06:30:00
SCR-0009515,HS-004183,0,17,2025-09-12 18:58:45,2026-04-01 06:30:00
SCR-0009516,HS-004183,17,22,2025-09-21 09:10:35,2026-04-01 06:30:00
SCR-0009517,HS-004184,0,15,2026-03-11 23:39:46,2026-04-01 06:30:00
SCR-0009518,HS-004184,15,19,2026-03-16 18:39:52,2026-04-01 06:30:00
SCR-0009519,HS-004185,0,22,2025-11-18 02:43:26,2026-04-01 06:30:00
SCR-0009520,HS-004185,22,37,2025-11-25 17:31:50,2026-04-01 06:30:00
SCR-0009521,HS-004186,0,13,2026-03-15 10:27:45,2026-04-01 06:30:00
SCR-0009522,HS-004186,13,28,2026-03-24 10:47:14,2026-04-01 06:30:00
SCR-0009523,HS-004187,0,7,2025-12-15 11:00:19,2026-04-01 06:30:00
SCR-0009524,HS-004187,7,44,2025-12-19 15:56:41,2026-04-01 06:30:00
SCR-0009525,HS-004187,44,79,2025-12-20 01:35:07,2026-04-01 06:30:00
SCR-0009526,HS-004188,0,15,2025-12-02 00:36:42,2026-04-01 06:30:00
SCR-0009527,HS-004188,15,43,2025-12-07 00:24:30,2026-04-01 06:30:00
SCR-0009528,HS-004188,43,74,2025-12-09 17:15:33,2026-04-01 06:30:00
SCR-0009529,HS-004189,0,12,2025-09-16 03:26:23,2026-04-01 06:30:00
SCR-0009530,HS-004189,12,15,2025-09-17 08:29:10,2026-04-01 06:30:00
SCR-0009531,HS-004190,0,18,2025-11-15 11:03:10,2026-04-01 06:30:00
SCR-0009532,HS-004190,18,42,2025-11-22 02:07:17,2026-04-01 06:30:00
SCR-0009533,HS-004190,42,76,2025-11-24 11:13:41,2026-04-01 06:30:00
SCR-0009534,HS-004191,0,18,2025-09-21 20:28:17,2026-04-01 06:30:00
SCR-0009535,HS-004191,18,33,2025-10-02 20:00:26,2026-04-01 06:30:00
SCR-0009536,HS-004192,0,20,2026-02-15 06:58:21,2026-04-01 06:30:00
SCR-0009537,HS-004192,20,43,2026-02-20 10:25:18,2026-04-01 06:30:00
SCR-0009538,HS-004192,43,90,2026-02-21 19:16:56,2026-04-01 06:30:00
SCR-0009539,HS-004193,0,13,2026-03-06 09:57:18,2026-04-01 06:30:00
SCR-0009540,HS-004193,13,46,2026-03-15 01:01:57,2026-04-01 06:30:00
SCR-0009541,HS-004193,46,61,2026-03-15 15:00:05,2026-04-01 06:30:00
SCR-0009542,HS-004194,0,22,2025-10-19 13:54:51,2026-04-01 06:30:00
SCR-0009543,HS-004194,22,24,2025-10-21 20:04:55,2026-04-01 06:30:00
SCR-0009544,HS-004195,0,19,2025-10-03 11:02:56,2026-04-01 06:30:00
SCR-0009545,HS-004195,19,46,2025-10-07 11:24:23,2026-04-01 06:30:00
SCR-0009546,HS-004196,0,7,2025-12-27 06:18:05,2026-04-01 06:30:00
SCR-0009547,HS-004196,7,13,2026-01-05 02:43:10,2026-04-01 06:30:00
SCR-0009548,HS-004197,0,18,2025-10-14 18:16:25,2026-04-01 06:30:00
SCR-0009549,HS-004197,18,40,2025-10-18 17:26:17,2026-04-01 06:30:00
SCR-0009550,HS-004197,40,59,2025-10-19 01:31:57,2026-04-01 06:30:00
SCR-0009551,HS-004198,0,12,2026-01-03 07:26:12,2026-04-01 06:30:00
SCR-0009552,HS-004198,12,15,2026-01-18 09:58:48,2026-04-01 06:30:00
SCR-0009553,HS-004199,0,10,2025-09-03 02:34:43,2026-04-01 06:30:00
SCR-0009554,HS-004199,10,13,2025-09-10 12:46:26,2026-04-01 06:30:00
SCR-0009555,HS-004200,0,9,2025-11-08 13:23:31,2026-04-01 06:30:00
SCR-0009556,HS-004200,9,26,2025-11-14 05:51:14,2026-04-01 06:30:00
SCR-0009557,HS-004201,0,17,2025-09-12 01:18:14,2026-04-01 06:30:00
SCR-0009558,HS-004201,17,43,2025-09-16 18:42:27,2026-04-01 06:30:00
SCR-0009559,HS-004201,43,74,2025-09-19 17:21:02,2026-04-01 06:30:00
SCR-0009560,HS-004202,0,23,2026-01-17 22:52:29,2026-04-01 06:30:00
SCR-0009561,HS-004202,23,43,2026-01-21 17:15:53,2026-04-01 06:30:00
SCR-0009562,HS-004202,43,74,2026-01-23 07:26:05,2026-04-01 06:30:00
SCR-0009563,HS-004203,0,13,2025-11-16 06:02:17,2026-04-01 06:30:00
SCR-0009564,HS-004203,13,36,2025-12-01 19:27:54,2026-04-01 06:30:00
SCR-0009565,HS-004204,0,17,2026-02-14 12:07:42,2026-04-01 06:30:00
SCR-0009566,HS-004204,17,27,2026-02-23 08:40:06,2026-04-01 06:30:00
SCR-0009567,HS-004205,0,19,2025-12-13 20:37:15,2026-04-01 06:30:00
SCR-0009568,HS-004205,19,28,2025-12-14 21:02:41,2026-04-01 06:30:00
SCR-0009569,HS-004206,0,23,2025-09-09 21:03:23,2026-04-01 06:30:00
SCR-0009570,HS-004206,23,40,2025-09-13 06:52:45,2026-04-01 06:30:00
SCR-0009571,HS-004206,40,59,2025-09-14 14:13:27,2026-04-01 06:30:00
SCR-0009572,HS-004207,0,15,2025-11-08 09:34:50,2026-04-01 06:30:00
SCR-0009573,HS-004207,15,42,2025-11-12 03:18:16,2026-04-01 06:30:00
SCR-0009574,HS-004207,42,55,2025-11-13 18:49:04,2026-04-01 06:30:00
SCR-0009575,HS-004208,0,6,2025-09-22 15:01:29,2026-04-01 06:30:00
SCR-0009576,HS-004208,6,43,2025-10-04 20:35:33,2026-04-01 06:30:00
SCR-0009577,HS-004208,43,89,2025-10-05 02:37:12,2026-04-01 06:30:00
SCR-0009578,HS-004209,0,24,2025-11-26 08:12:10,2026-04-01 06:30:00
SCR-0009579,HS-004209,24,42,2025-11-30 12:37:09,2026-04-01 06:30:00
SCR-0009580,HS-004209,42,61,2025-12-01 09:08:22,2026-04-01 06:30:00
SCR-0009581,HS-004210,0,13,2025-10-11 14:22:16,2026-04-01 06:30:00
SCR-0009582,HS-004210,13,41,2025-10-24 05:39:55,2026-04-01 06:30:00
SCR-0009583,HS-004210,41,81,2025-10-26 00:12:15,2026-04-01 06:30:00
SCR-0009584,HS-004211,0,21,2025-12-21 20:12:31,2026-04-01 06:30:00
SCR-0009585,HS-004211,21,47,2026-01-05 08:18:19,2026-04-01 06:30:00
SCR-0009586,HS-004211,47,77,2026-01-06 05:33:15,2026-04-01 06:30:00
SCR-0009587,HS-004212,0,16,2026-03-13 03:20:27,2026-04-01 06:30:00
SCR-0009588,HS-004212,16,46,2026-03-20 06:45:14,2026-04-01 06:30:00
SCR-0009589,HS-004212,46,75,2026-03-21 22:15:55,2026-04-01 06:30:00
SCR-0009590,HS-004213,0,21,2025-10-01 02:31:37,2026-04-01 06:30:00
SCR-0009591,HS-004213,21,33,2025-10-10 08:15:04,2026-04-01 06:30:00
SCR-0009592,HS-004214,0,9,2025-10-25 05:13:16,2026-04-01 06:30:00
SCR-0009593,HS-004214,9,27,2025-11-07 12:30:12,2026-04-01 06:30:00
SCR-0009594,HS-004215,0,10,2026-02-14 05:31:17,2026-04-01 06:30:00
SCR-0009595,HS-004215,10,45,2026-02-22 16:10:54,2026-04-01 06:30:00
SCR-0009596,HS-004215,45,67,2026-02-22 17:14:43,2026-04-01 06:30:00
SCR-0009597,HS-004216,0,24,2026-01-07 07:49:46,2026-04-01 06:30:00
SCR-0009598,HS-004216,24,49,2026-01-15 20:15:56,2026-04-01 06:30:00
SCR-0009599,HS-004217,0,22,2025-11-10 15:10:48,2026-04-01 06:30:00
SCR-0009600,HS-004217,22,42,2025-11-21 13:29:50,2026-04-01 06:30:00
SCR-0009601,HS-004217,42,58,2025-11-23 05:03:02,2026-04-01 06:30:00
SCR-0009602,HS-004218,0,17,2025-10-13 21:02:56,2026-04-01 06:30:00
SCR-0009603,HS-004218,17,42,2025-10-17 05:20:29,2026-04-01 06:30:00
SCR-0009604,HS-004219,0,22,2025-12-09 11:44:26,2026-04-01 06:30:00
SCR-0009605,HS-004219,22,44,2025-12-22 12:07:13,2026-04-01 06:30:00
SCR-0009606,HS-004220,0,12,2026-03-13 20:18:13,2026-04-01 06:30:00
SCR-0009607,HS-004220,12,43,2026-03-28 17:53:38,2026-04-01 06:30:00
SCR-0009608,HS-004220,43,90,2026-03-30 17:48:19,2026-04-01 06:30:00
SCR-0009609,HS-004221,0,20,2025-12-18 15:17:58,2026-04-01 06:30:00
SCR-0009610,HS-004221,20,43,2025-12-21 18:28:44,2026-04-01 06:30:00
SCR-0009611,HS-004221,43,62,2025-12-22 11:25:29,2026-04-01 06:30:00
SCR-0009612,HS-004222,0,23,2026-01-26 21:19:10,2026-04-01 06:30:00
SCR-0009613,HS-004223,0,18,2025-09-08 12:16:33,2026-04-01 06:30:00
SCR-0009614,HS-004223,18,46,2025-09-17 17:28:33,2026-04-01 06:30:00
SCR-0009615,HS-004223,46,86,2025-09-20 07:24:35,2026-04-01 06:30:00
SCR-0009616,HS-004224,0,15,2026-02-24 18:50:07,2026-04-01 06:30:00
SCR-0009617,HS-004225,0,13,2025-10-03 06:26:00,2026-04-01 06:30:00
SCR-0009618,HS-004225,13,23,2025-10-05 22:15:46,2026-04-01 06:30:00
SCR-0009619,HS-004226,0,6,2025-11-30 21:10:13,2026-04-01 06:30:00
SCR-0009620,HS-004226,6,32,2025-12-20 05:41:25,2026-04-01 06:30:00
SCR-0009621,HS-004227,0,11,2025-12-05 17:05:17,2026-04-01 06:30:00
SCR-0009622,HS-004227,11,46,2025-12-10 08:09:31,2026-04-01 06:30:00
SCR-0009623,HS-004227,46,65,2025-12-10 19:16:35,2026-04-01 06:30:00
SCR-0009624,HS-004228,0,21,2025-12-30 12:06:42,2026-04-01 06:30:00
SCR-0009625,HS-004229,0,13,2026-01-17 22:08:31,2026-04-01 06:30:00
SCR-0009626,HS-004229,13,44,2026-01-31 00:44:32,2026-04-01 06:30:00
SCR-0009627,HS-004229,44,80,2026-01-31 18:42:56,2026-04-01 06:30:00
SCR-0009628,HS-004230,0,21,2026-01-04 14:39:15,2026-04-01 06:30:00
SCR-0009629,HS-004231,0,20,2026-02-19 23:36:56,2026-04-01 06:30:00
SCR-0009630,HS-004231,20,42,2026-02-24 21:37:10,2026-04-01 06:30:00
SCR-0009631,HS-004231,42,66,2026-02-27 03:44:33,2026-04-01 06:30:00
SCR-0009632,HS-004232,0,23,2025-12-28 23:09:34,2026-04-01 06:30:00
SCR-0009633,HS-004232,23,48,2026-01-09 01:47:13,2026-04-01 06:30:00
SCR-0009634,HS-004232,48,62,2026-01-09 03:00:43,2026-04-01 06:30:00
SCR-0009635,HS-004233,0,10,2025-09-24 08:13:23,2026-04-01 06:30:00
SCR-0009636,HS-004233,10,23,2025-10-04 10:05:40,2026-04-01 06:30:00
SCR-0009637,HS-004234,0,8,2025-11-23 11:25:07,2026-04-01 06:30:00
SCR-0009638,HS-004234,8,44,2025-11-28 05:25:53,2026-04-01 06:30:00
SCR-0009639,HS-004234,44,74,2025-11-30 05:53:24,2026-04-01 06:30:00
SCR-0009640,HS-004235,0,8,2026-01-22 15:14:38,2026-04-01 06:30:00
SCR-0009641,HS-004235,8,13,2026-01-29 10:40:44,2026-04-01 06:30:00
SCR-0009642,HS-004236,0,22,2025-12-13 19:45:35,2026-04-01 06:30:00
SCR-0009643,HS-004237,0,20,2026-02-25 17:29:12,2026-04-01 06:30:00
SCR-0009644,HS-004237,20,43,2026-03-07 16:59:17,2026-04-01 06:30:00
SCR-0009645,HS-004237,43,87,2026-03-10 01:57:46,2026-04-01 06:30:00
SCR-0009646,HS-004238,0,9,2025-09-20 13:32:33,2026-04-01 06:30:00
SCR-0009647,HS-004238,9,37,2025-09-30 11:11:38,2026-04-01 06:30:00
SCR-0009648,HS-004239,0,19,2025-09-03 05:16:22,2026-04-01 06:30:00
SCR-0009649,HS-004239,19,28,2025-09-06 04:37:40,2026-04-01 06:30:00
SCR-0009650,HS-004240,0,19,2026-03-08 20:35:54,2026-04-01 06:30:00
SCR-0009651,HS-004241,0,7,2026-01-02 17:41:14,2026-04-01 06:30:00
SCR-0009652,HS-004241,7,34,2026-01-14 02:22:54,2026-04-01 06:30:00
SCR-0009653,HS-004242,0,6,2026-02-23 04:12:59,2026-04-01 06:30:00
SCR-0009654,HS-004242,6,16,2026-03-13 10:00:27,2026-04-01 06:30:00
SCR-0009655,HS-004243,0,16,2026-02-06 18:02:05,2026-04-01 06:30:00
SCR-0009656,HS-004243,16,31,2026-02-12 00:58:11,2026-04-01 06:30:00
SCR-0009657,HS-004244,0,15,2025-11-13 09:25:50,2026-04-01 06:30:00
SCR-0009658,HS-004244,15,37,2025-11-19 04:34:27,2026-04-01 06:30:00
SCR-0009659,HS-004245,0,19,2026-02-09 14:10:20,2026-04-01 06:30:00
SCR-0009660,HS-004245,19,42,2026-02-12 10:56:06,2026-04-01 06:30:00
SCR-0009661,HS-004245,42,86,2026-02-12 21:46:43,2026-04-01 06:30:00
SCR-0009662,HS-004246,0,23,2025-09-30 15:38:31,2026-04-01 06:30:00
SCR-0009663,HS-004246,23,45,2025-10-07 03:13:08,2026-04-01 06:30:00
SCR-0009664,HS-004246,45,81,2025-10-09 09:09:38,2026-04-01 06:30:00
SCR-0009665,HS-004247,0,16,2026-03-18 13:45:01,2026-04-01 06:30:00
SCR-0009666,HS-004247,16,48,2026-03-21 11:28:33,2026-04-01 06:30:00
SCR-0009667,HS-004247,48,83,2026-03-24 03:03:50,2026-04-01 06:30:00
SCR-0009668,HS-004248,0,6,2025-09-01 21:02:32,2026-04-01 06:30:00
SCR-0009669,HS-004248,6,14,2025-09-09 16:13:48,2026-04-01 06:30:00
SCR-0009670,HS-004249,0,18,2025-09-23 15:41:36,2026-04-01 06:30:00
SCR-0009671,HS-004249,18,46,2025-09-30 00:01:00,2026-04-01 06:30:00
SCR-0009672,HS-004249,46,89,2025-10-01 19:40:10,2026-04-01 06:30:00
SCR-0009673,HS-004250,0,20,2025-09-07 04:27:38,2026-04-01 06:30:00
SCR-0009674,HS-004251,0,20,2025-12-03 04:26:05,2026-04-01 06:30:00
SCR-0009675,HS-004252,0,11,2026-03-11 19:35:39,2026-04-01 06:30:00
SCR-0009676,HS-004252,11,47,2026-03-17 06:47:09,2026-04-01 06:30:00
SCR-0009677,HS-004252,47,73,2026-03-19 17:36:14,2026-04-01 06:30:00
SCR-0009678,HS-004253,0,10,2025-12-13 00:06:53,2026-04-01 06:30:00
SCR-0009679,HS-004253,10,26,2025-12-31 12:19:26,2026-04-01 06:30:00
SCR-0009680,HS-004254,0,7,2025-10-24 21:34:02,2026-04-01 06:30:00
SCR-0009681,HS-004254,7,46,2025-11-08 00:53:12,2026-04-01 06:30:00
SCR-0009682,HS-004254,46,67,2025-11-10 19:40:08,2026-04-01 06:30:00
SCR-0009683,HS-004255,0,14,2026-03-18 16:06:01,2026-04-01 06:30:00
SCR-0009684,HS-004256,0,13,2026-01-29 17:50:36,2026-04-01 06:30:00
SCR-0009685,HS-004256,13,35,2026-02-06 01:37:03,2026-04-01 06:30:00
SCR-0009686,HS-004257,0,19,2025-10-02 03:27:57,2026-04-01 06:30:00
SCR-0009687,HS-004257,19,22,2025-10-16 09:13:53,2026-04-01 06:30:00
SCR-0009688,HS-004258,0,14,2025-10-24 10:05:33,2026-04-01 06:30:00
SCR-0009689,HS-004258,14,44,2025-11-03 02:41:59,2026-04-01 06:30:00
SCR-0009690,HS-004259,0,24,2026-02-03 23:14:47,2026-04-01 06:30:00
SCR-0009691,HS-004260,0,16,2026-01-04 05:26:05,2026-04-01 06:30:00
SCR-0009692,HS-004260,16,35,2026-01-10 12:39:11,2026-04-01 06:30:00
SCR-0009693,HS-004261,0,15,2025-10-08 13:13:35,2026-04-01 06:30:00
SCR-0009694,HS-004261,15,42,2025-10-15 22:46:43,2026-04-01 06:30:00
SCR-0009695,HS-004261,42,72,2025-10-18 21:38:40,2026-04-01 06:30:00
SCR-0009696,HS-004262,0,18,2025-10-15 08:55:00,2026-04-01 06:30:00
SCR-0009697,HS-004262,18,35,2025-10-30 13:29:12,2026-04-01 06:30:00
SCR-0009698,HS-004263,0,23,2025-10-10 17:24:37,2026-04-01 06:30:00
SCR-0009699,HS-004263,23,47,2025-10-19 02:29:26,2026-04-01 06:30:00
SCR-0009700,HS-004263,47,67,2025-10-22 01:38:28,2026-04-01 06:30:00
SCR-0009701,HS-004264,0,9,2025-12-01 08:38:47,2026-04-01 06:30:00
SCR-0009702,HS-004264,9,26,2025-12-14 02:36:11,2026-04-01 06:30:00
SCR-0009703,HS-004265,0,10,2025-12-12 07:19:01,2026-04-01 06:30:00
SCR-0009704,HS-004265,10,12,2025-12-19 02:28:32,2026-04-01 06:30:00
SCR-0009705,HS-004266,0,12,2025-11-24 08:41:41,2026-04-01 06:30:00
SCR-0009706,HS-004266,12,45,2025-12-03 00:33:51,2026-04-01 06:30:00
SCR-0009707,HS-004266,45,69,2025-12-03 11:50:12,2026-04-01 06:30:00
SCR-0009708,HS-004267,0,22,2025-10-18 07:23:27,2026-04-01 06:30:00
SCR-0009709,HS-004268,0,20,2025-12-26 14:47:00,2026-04-01 06:30:00
SCR-0009710,HS-004269,0,22,2025-09-16 12:42:09,2026-04-01 06:30:00
SCR-0009711,HS-004269,22,42,2025-09-22 07:29:41,2026-04-01 06:30:00
SCR-0009712,HS-004269,42,75,2025-09-23 19:20:24,2026-04-01 06:30:00
SCR-0009713,HS-004270,0,6,2026-02-11 07:00:34,2026-04-01 06:30:00
SCR-0009714,HS-004270,6,41,2026-02-16 05:18:37,2026-04-01 06:30:00
SCR-0009715,HS-004270,41,74,2026-02-17 03:31:34,2026-04-01 06:30:00
SCR-0009716,HS-004271,0,10,2026-01-11 08:46:36,2026-04-01 06:30:00
SCR-0009717,HS-004271,10,44,2026-01-15 21:37:08,2026-04-01 06:30:00
SCR-0009718,HS-004271,44,68,2026-01-17 15:06:28,2026-04-01 06:30:00
SCR-0009719,HS-004272,0,23,2026-02-07 05:37:06,2026-04-01 06:30:00
SCR-0009720,HS-004273,0,16,2025-11-26 10:54:23,2026-04-01 06:30:00
SCR-0009721,HS-004273,16,25,2025-11-29 04:44:42,2026-04-01 06:30:00
SCR-0009722,HS-004274,0,17,2025-12-18 06:51:16,2026-04-01 06:30:00
SCR-0009723,HS-004274,17,42,2025-12-31 22:55:59,2026-04-01 06:30:00
SCR-0009724,HS-004274,42,64,2026-01-01 03:09:30,2026-04-01 06:30:00
SCR-0009725,HS-004275,0,11,2025-09-22 05:13:37,2026-04-01 06:30:00
SCR-0009726,HS-004275,11,19,2025-09-24 00:32:53,2026-04-01 06:30:00
SCR-0009727,HS-004276,0,7,2025-12-16 18:43:31,2026-04-01 06:30:00
SCR-0009728,HS-004276,7,48,2026-01-05 05:25:29,2026-04-01 06:30:00
SCR-0009729,HS-004276,48,65,2026-01-06 07:52:32,2026-04-01 06:30:00
SCR-0009730,HS-004277,0,9,2026-02-12 00:58:34,2026-04-01 06:30:00
SCR-0009731,HS-004277,9,37,2026-02-27 10:48:45,2026-04-01 06:30:00
SCR-0009732,HS-004278,0,21,2025-11-25 11:01:09,2026-04-01 06:30:00
SCR-0009733,HS-004278,21,44,2025-11-28 22:49:20,2026-04-01 06:30:00
SCR-0009734,HS-004278,44,58,2025-11-29 00:33:17,2026-04-01 06:30:00
SCR-0009735,HS-004279,0,17,2025-11-11 03:19:39,2026-04-01 06:30:00
SCR-0009736,HS-004279,17,23,2025-11-13 19:50:27,2026-04-01 06:30:00
SCR-0009737,HS-004280,0,22,2026-01-25 21:15:58,2026-04-01 06:30:00
SCR-0009738,HS-004280,22,39,2026-01-28 13:59:51,2026-04-01 06:30:00
SCR-0009739,HS-004281,0,23,2026-01-03 01:28:22,2026-04-01 06:30:00
SCR-0009740,HS-004282,0,17,2026-01-29 00:58:33,2026-04-01 06:30:00
SCR-0009741,HS-004282,17,42,2026-02-03 21:50:28,2026-04-01 06:30:00
SCR-0009742,HS-004282,42,52,2026-02-05 17:22:01,2026-04-01 06:30:00
SCR-0009743,HS-004283,0,17,2025-10-14 07:20:18,2026-04-01 06:30:00
SCR-0009744,HS-004283,17,40,2025-10-18 22:15:21,2026-04-01 06:30:00
SCR-0009745,HS-004284,0,14,2026-02-10 01:24:47,2026-04-01 06:30:00
SCR-0009746,HS-004284,14,48,2026-02-22 13:46:04,2026-04-01 06:30:00
SCR-0009747,HS-004284,48,87,2026-02-23 05:51:07,2026-04-01 06:30:00
SCR-0009748,HS-004285,0,19,2025-10-14 18:41:58,2026-04-01 06:30:00
SCR-0009749,HS-004285,19,23,2025-10-17 08:48:56,2026-04-01 06:30:00
SCR-0009750,HS-004286,0,23,2026-03-20 16:47:24,2026-04-01 06:30:00
SCR-0009751,HS-004286,23,43,2026-03-29 07:49:31,2026-04-01 06:30:00
SCR-0009752,HS-004286,43,76,2026-03-30 13:10:10,2026-04-01 06:30:00
SCR-0009753,HS-004287,0,7,2026-01-21 13:17:04,2026-04-01 06:30:00
SCR-0009754,HS-004287,7,41,2026-01-29 02:53:38,2026-04-01 06:30:00
SCR-0009755,HS-004287,41,54,2026-01-30 22:22:51,2026-04-01 06:30:00
SCR-0009756,HS-004288,0,5,2025-10-25 12:10:07,2026-04-01 06:30:00
SCR-0009757,HS-004288,5,21,2025-11-12 20:41:17,2026-04-01 06:30:00
SCR-0009758,HS-004289,0,8,2026-03-17 06:40:00,2026-04-01 06:30:00
SCR-0009759,HS-004289,8,47,2026-03-24 23:06:54,2026-04-01 06:30:00
SCR-0009760,HS-004289,47,80,2026-03-25 09:10:29,2026-04-01 06:30:00
SCR-0009761,HS-004290,0,13,2025-11-22 07:00:13,2026-04-01 06:30:00
SCR-0009762,HS-004291,0,22,2025-12-16 04:04:54,2026-04-01 06:30:00
SCR-0009763,HS-004292,0,10,2025-12-23 16:35:31,2026-04-01 06:30:00
SCR-0009764,HS-004292,10,44,2025-12-31 05:46:44,2026-04-01 06:30:00
SCR-0009765,HS-004292,44,65,2026-01-02 09:09:09,2026-04-01 06:30:00
SCR-0009766,HS-004293,0,18,2026-03-17 12:09:13,2026-04-01 06:30:00
SCR-0009767,HS-004293,18,26,2026-03-29 13:46:29,2026-04-01 06:30:00
SCR-0009768,HS-004294,0,7,2025-10-05 23:26:06,2026-04-01 06:30:00
SCR-0009769,HS-004294,7,42,2025-10-08 06:33:02,2026-04-01 06:30:00
SCR-0009770,HS-004294,42,50,2025-10-10 17:16:23,2026-04-01 06:30:00
SCR-0009771,HS-004295,0,19,2025-10-22 02:48:54,2026-04-01 06:30:00
SCR-0009772,HS-004295,19,29,2025-11-07 18:20:18,2026-04-01 06:30:00
SCR-0009773,HS-004296,0,12,2025-11-03 12:18:58,2026-04-01 06:30:00
SCR-0009774,HS-004297,0,7,2026-03-28 07:05:03,2026-04-01 06:30:00
SCR-0009775,HS-004297,7,35,2026-04-05 09:03:43,2026-04-01 06:30:00
SCR-0009776,HS-004298,0,10,2025-10-10 16:13:29,2026-04-01 06:30:00
SCR-0009777,HS-004298,10,43,2025-10-20 05:35:01,2026-04-01 06:30:00
SCR-0009778,HS-004298,43,82,2025-10-22 08:27:34,2026-04-01 06:30:00
SCR-0009779,HS-004299,0,9,2026-02-25 20:18:13,2026-04-01 06:30:00
SCR-0009780,HS-004299,9,41,2026-03-02 06:34:19,2026-04-01 06:30:00
SCR-0009781,HS-004299,41,86,2026-03-03 14:22:43,2026-04-01 06:30:00
SCR-0009782,HS-004300,0,12,2025-11-26 14:12:27,2026-04-01 06:30:00
SCR-0009783,HS-004300,12,48,2025-12-06 02:41:35,2026-04-01 06:30:00
SCR-0009784,HS-004300,48,89,2025-12-06 03:50:54,2026-04-01 06:30:00
SCR-0009785,HS-004301,0,16,2025-11-22 06:26:47,2026-04-01 06:30:00
SCR-0009786,HS-004301,16,24,2025-11-28 06:09:59,2026-04-01 06:30:00
SCR-0009787,HS-004302,0,14,2025-10-22 12:58:59,2026-04-01 06:30:00
SCR-0009788,HS-004302,14,47,2025-11-01 17:05:14,2026-04-01 06:30:00
SCR-0009789,HS-004302,47,60,2025-11-03 12:09:16,2026-04-01 06:30:00
SCR-0009790,HS-004303,0,23,2025-12-14 10:53:22,2026-04-01 06:30:00
SCR-0009791,HS-004303,23,42,2025-12-21 11:15:20,2026-04-01 06:30:00
SCR-0009792,HS-004303,42,80,2025-12-22 21:43:42,2026-04-01 06:30:00
SCR-0009793,HS-004304,0,14,2025-11-20 02:16:10,2026-04-01 06:30:00
SCR-0009794,HS-004304,14,48,2025-11-28 03:36:32,2026-04-01 06:30:00
SCR-0009795,HS-004304,48,56,2025-11-29 14:57:03,2026-04-01 06:30:00
SCR-0009796,HS-004305,0,5,2026-02-03 12:27:24,2026-04-01 06:30:00
SCR-0009797,HS-004305,5,45,2026-02-09 17:43:47,2026-04-01 06:30:00
SCR-0009798,HS-004305,45,70,2026-02-11 12:01:01,2026-04-01 06:30:00
SCR-0009799,HS-004306,0,22,2026-02-08 20:21:16,2026-04-01 06:30:00
SCR-0009800,HS-004306,22,23,2026-02-16 14:16:28,2026-04-01 06:30:00
SCR-0009801,HS-004307,0,20,2025-12-10 22:52:08,2026-04-01 06:30:00
SCR-0009802,HS-004308,0,12,2025-09-01 02:18:17,2026-04-01 06:30:00
SCR-0009803,HS-004308,12,22,2025-09-11 10:31:11,2026-04-01 06:30:00
SCR-0009804,HS-004309,0,7,2026-02-23 23:40:56,2026-04-01 06:30:00
SCR-0009805,HS-004309,7,48,2026-03-08 17:29:38,2026-04-01 06:30:00
SCR-0009806,HS-004310,0,18,2026-03-26 10:51:03,2026-04-01 06:30:00
SCR-0009807,HS-004310,18,25,2026-04-11 00:10:28,2026-04-01 06:30:00
SCR-0009808,HS-004311,0,8,2026-01-28 05:00:48,2026-04-01 06:30:00
SCR-0009809,HS-004311,8,23,2026-02-14 09:02:19,2026-04-01 06:30:00
SCR-0009810,HS-004312,0,22,2025-09-05 19:53:53,2026-04-01 06:30:00
SCR-0009811,HS-004312,22,40,2025-09-18 22:03:57,2026-04-01 06:30:00
SCR-0009812,HS-004313,0,13,2025-12-04 09:39:23,2026-04-01 06:30:00
SCR-0009813,HS-004313,13,41,2025-12-09 06:14:52,2026-04-01 06:30:00
SCR-0009814,HS-004313,41,74,2025-12-10 00:05:09,2026-04-01 06:30:00
SCR-0009815,HS-004314,0,21,2025-09-27 04:35:27,2026-04-01 06:30:00
SCR-0009816,HS-004314,21,34,2025-10-05 20:55:43,2026-04-01 06:30:00
SCR-0009817,HS-004315,0,16,2025-12-28 20:48:04,2026-04-01 06:30:00
SCR-0009818,HS-004315,16,33,2026-01-16 16:20:32,2026-04-01 06:30:00
SCR-0009819,HS-004316,0,20,2025-12-02 00:03:16,2026-04-01 06:30:00
SCR-0009820,HS-004316,20,41,2025-12-04 01:18:25,2026-04-01 06:30:00
SCR-0009821,HS-004316,41,54,2025-12-06 20:05:40,2026-04-01 06:30:00
SCR-0009822,HS-004317,0,8,2025-10-10 12:35:32,2026-04-01 06:30:00
SCR-0009823,HS-004317,8,48,2025-10-18 05:57:44,2026-04-01 06:30:00
SCR-0009824,HS-004317,48,55,2025-10-21 01:53:00,2026-04-01 06:30:00
SCR-0009825,HS-004318,0,15,2025-11-16 09:40:03,2026-04-01 06:30:00
SCR-0009826,HS-004318,15,33,2025-11-22 11:04:12,2026-04-01 06:30:00
SCR-0009827,HS-004319,0,24,2026-03-18 00:24:20,2026-04-01 06:30:00
SCR-0009828,HS-004320,0,9,2025-12-17 03:25:02,2026-04-01 06:30:00
SCR-0009829,HS-004320,9,42,2025-12-24 20:46:53,2026-04-01 06:30:00
SCR-0009830,HS-004320,42,76,2025-12-27 02:35:09,2026-04-01 06:30:00
SCR-0009831,HS-004321,0,24,2025-10-19 03:12:57,2026-04-01 06:30:00
SCR-0009832,HS-004322,0,5,2025-12-01 23:41:21,2026-04-01 06:30:00
SCR-0009833,HS-004322,5,18,2025-12-17 05:44:09,2026-04-01 06:30:00
SCR-0009834,HS-004323,0,11,2026-01-28 20:02:59,2026-04-01 06:30:00
SCR-0009835,HS-004323,11,38,2026-02-10 07:30:21,2026-04-01 06:30:00
SCR-0009836,HS-004324,0,11,2025-12-15 02:12:49,2026-04-01 06:30:00
SCR-0009837,HS-004324,11,15,2026-01-01 03:41:07,2026-04-01 06:30:00
SCR-0009838,HS-004325,0,18,2025-12-18 09:14:33,2026-04-01 06:30:00
SCR-0009839,HS-004325,18,28,2025-12-26 21:55:02,2026-04-01 06:30:00
SCR-0009840,HS-004326,0,6,2026-02-07 14:17:05,2026-04-01 06:30:00
SCR-0009841,HS-004326,6,43,2026-02-08 22:45:53,2026-04-01 06:30:00
SCR-0009842,HS-004326,43,65,2026-02-11 00:39:18,2026-04-01 06:30:00
SCR-0009843,HS-004327,0,15,2025-10-17 04:50:41,2026-04-01 06:30:00
SCR-0009844,HS-004327,15,44,2025-10-28 01:14:30,2026-04-01 06:30:00
SCR-0009845,HS-004327,44,89,2025-10-29 05:58:21,2026-04-01 06:30:00
SCR-0009846,HS-004328,0,18,2026-03-11 10:35:43,2026-04-01 06:30:00
SCR-0009847,HS-004328,18,39,2026-03-24 04:33:25,2026-04-01 06:30:00
SCR-0009848,HS-004329,0,15,2025-11-29 07:17:38,2026-04-01 06:30:00
SCR-0009849,HS-004329,15,48,2025-12-10 06:21:30,2026-04-01 06:30:00
SCR-0009850,HS-004329,48,70,2025-12-12 18:57:58,2026-04-01 06:30:00
SCR-0009851,HS-004330,0,21,2026-01-28 10:09:18,2026-04-01 06:30:00
SCR-0009852,HS-004330,21,44,2026-02-03 01:07:51,2026-04-01 06:30:00
SCR-0009853,HS-004330,44,82,2026-02-05 14:19:14,2026-04-01 06:30:00
SCR-0009854,HS-004331,0,7,2025-11-02 03:13:24,2026-04-01 06:30:00
SCR-0009855,HS-004331,7,44,2025-11-11 06:16:24,2026-04-01 06:30:00
SCR-0009856,HS-004332,0,20,2025-11-19 20:07:31,2026-04-01 06:30:00
SCR-0009857,HS-004332,20,46,2025-11-23 20:46:44,2026-04-01 06:30:00
SCR-0009858,HS-004332,46,57,2025-11-26 20:11:49,2026-04-01 06:30:00
SCR-0009859,HS-004333,0,19,2025-09-08 12:38:18,2026-04-01 06:30:00
SCR-0009860,HS-004334,0,6,2026-03-10 09:57:27,2026-04-01 06:30:00
SCR-0009861,HS-004334,6,46,2026-03-22 20:06:14,2026-04-01 06:30:00
SCR-0009862,HS-004334,46,68,2026-03-23 15:02:39,2026-04-01 06:30:00
SCR-0009863,HS-004335,0,5,2025-09-18 07:24:13,2026-04-01 06:30:00
SCR-0009864,HS-004335,5,10,2025-10-07 21:07:15,2026-04-01 06:30:00
SCR-0009865,HS-004336,0,24,2026-02-01 00:47:07,2026-04-01 06:30:00
SCR-0009866,HS-004336,24,31,2026-02-06 19:42:38,2026-04-01 06:30:00
SCR-0009867,HS-004337,0,24,2025-10-12 13:12:00,2026-04-01 06:30:00
SCR-0009868,HS-004337,24,45,2025-10-17 20:21:26,2026-04-01 06:30:00
SCR-0009869,HS-004337,45,69,2025-10-18 11:09:50,2026-04-01 06:30:00
SCR-0009870,HS-004338,0,22,2026-02-19 20:59:50,2026-04-01 06:30:00
SCR-0009871,HS-004338,22,25,2026-03-06 07:59:56,2026-04-01 06:30:00
SCR-0009872,HS-004339,0,18,2026-01-23 21:10:28,2026-04-01 06:30:00
SCR-0009873,HS-004339,18,34,2026-02-06 19:49:19,2026-04-01 06:30:00
SCR-0009874,HS-004340,0,5,2026-01-11 14:30:48,2026-04-01 06:30:00
SCR-0009875,HS-004340,5,16,2026-01-17 22:02:42,2026-04-01 06:30:00
SCR-0009876,HS-004341,0,17,2026-01-22 12:01:21,2026-04-01 06:30:00
SCR-0009877,HS-004341,17,40,2026-01-27 13:47:01,2026-04-01 06:30:00
SCR-0009878,HS-004342,0,20,2025-11-09 01:53:36,2026-04-01 06:30:00
SCR-0009879,HS-004342,20,43,2025-11-14 00:58:41,2026-04-01 06:30:00
SCR-0009880,HS-004342,43,86,2025-11-16 12:30:49,2026-04-01 06:30:00
SCR-0009881,HS-004343,0,6,2026-02-16 11:10:15,2026-04-01 06:30:00
SCR-0009882,HS-004343,6,22,2026-03-03 10:44:14,2026-04-01 06:30:00
SCR-0009883,HS-004344,0,12,2026-03-12 19:20:43,2026-04-01 06:30:00
SCR-0009884,HS-004345,0,5,2025-08-19 14:09:22,2026-04-01 06:30:00
SCR-0009885,HS-004345,5,42,2025-09-05 18:02:40,2026-04-01 06:30:00
SCR-0009886,HS-004345,42,58,2025-09-06 15:03:54,2026-04-01 06:30:00
SCR-0009887,HS-004346,0,17,2026-01-16 01:56:21,2026-04-01 06:30:00
SCR-0009888,HS-004346,17,48,2026-01-20 06:25:58,2026-04-01 06:30:00
SCR-0009889,HS-004346,48,59,2026-01-21 02:55:54,2026-04-01 06:30:00
SCR-0009890,HS-004347,0,7,2026-03-07 02:44:49,2026-04-01 06:30:00
SCR-0009891,HS-004347,7,22,2026-03-21 11:50:07,2026-04-01 06:30:00
SCR-0009892,HS-004348,0,11,2025-10-31 03:35:40,2026-04-01 06:30:00
SCR-0009893,HS-004348,11,44,2025-11-06 00:05:55,2026-04-01 06:30:00
SCR-0009894,HS-004348,44,85,2025-11-06 21:11:21,2026-04-01 06:30:00
SCR-0009895,HS-004349,0,22,2026-03-08 21:14:56,2026-04-01 06:30:00
SCR-0009896,HS-004349,22,41,2026-03-12 17:57:20,2026-04-01 06:30:00
SCR-0009897,HS-004349,41,72,2026-03-14 07:13:20,2026-04-01 06:30:00
SCR-0009898,HS-004350,0,5,2025-10-19 00:02:49,2026-04-01 06:30:00
SCR-0009899,HS-004350,5,43,2025-10-29 23:13:27,2026-04-01 06:30:00
SCR-0009900,HS-004350,43,51,2025-10-31 23:23:19,2026-04-01 06:30:00
SCR-0009901,HS-004351,0,6,2025-11-11 13:28:59,2026-04-01 06:30:00
SCR-0009902,HS-004351,6,33,2025-11-18 06:35:09,2026-04-01 06:30:00
SCR-0009903,HS-004352,0,8,2025-09-11 20:35:07,2026-04-01 06:30:00
SCR-0009904,HS-004352,8,25,2025-09-22 04:27:58,2026-04-01 06:30:00
SCR-0009905,HS-004353,0,14,2026-01-28 07:03:23,2026-04-01 06:30:00
SCR-0009906,HS-004353,14,47,2026-01-30 23:31:46,2026-04-01 06:30:00
SCR-0009907,HS-004353,47,77,2026-02-01 09:15:20,2026-04-01 06:30:00
SCR-0009908,HS-004354,0,18,2025-11-20 03:47:02,2026-04-01 06:30:00
SCR-0009909,HS-004354,18,36,2025-12-07 11:16:05,2026-04-01 06:30:00
SCR-0009910,HS-004355,0,21,2025-09-13 20:54:20,2026-04-01 06:30:00
SCR-0009911,HS-004355,21,29,2025-09-28 11:03:19,2026-04-01 06:30:00
SCR-0009912,HS-004356,0,19,2025-10-03 07:54:54,2026-04-01 06:30:00
SCR-0009913,HS-004357,0,14,2025-10-21 01:41:37,2026-04-01 06:30:00
SCR-0009914,HS-004357,14,42,2025-10-23 17:15:05,2026-04-01 06:30:00
SCR-0009915,HS-004357,42,56,2025-10-23 23:29:12,2026-04-01 06:30:00
SCR-0009916,HS-004358,0,9,2025-10-05 22:16:13,2026-04-01 06:30:00
SCR-0009917,HS-004358,9,46,2025-10-16 19:38:29,2026-04-01 06:30:00
SCR-0009918,HS-004358,46,62,2025-10-17 21:59:16,2026-04-01 06:30:00
SCR-0009919,HS-004359,0,8,2025-11-15 03:56:52,2026-04-01 06:30:00
SCR-0009920,HS-004359,8,44,2025-11-25 13:37:50,2026-04-01 06:30:00
SCR-0009921,HS-004359,44,62,2025-11-27 11:55:19,2026-04-01 06:30:00
SCR-0009922,HS-004360,0,13,2025-11-04 21:15:32,2026-04-01 06:30:00
SCR-0009923,HS-004360,13,48,2025-11-18 09:23:49,2026-04-01 06:30:00
SCR-0009924,HS-004360,48,58,2025-11-19 20:22:11,2026-04-01 06:30:00
SCR-0009925,HS-004361,0,13,2026-03-15 19:05:44,2026-04-01 06:30:00
SCR-0009926,HS-004361,13,48,2026-03-21 11:46:33,2026-04-01 06:30:00
SCR-0009927,HS-004361,48,52,2026-03-24 02:36:22,2026-04-01 06:30:00
SCR-0009928,HS-004362,0,16,2026-01-07 18:08:29,2026-04-01 06:30:00
SCR-0009929,HS-004362,16,43,2026-01-10 08:58:17,2026-04-01 06:30:00
SCR-0009930,HS-004362,43,61,2026-01-11 20:18:19,2026-04-01 06:30:00
SCR-0009931,HS-004363,0,13,2026-01-15 20:46:52,2026-04-01 06:30:00
SCR-0009932,HS-004363,13,28,2026-01-19 17:40:57,2026-04-01 06:30:00
SCR-0009933,HS-004364,0,16,2025-10-05 01:58:16,2026-04-01 06:30:00
SCR-0009934,HS-004364,16,43,2025-10-10 20:20:40,2026-04-01 06:30:00
SCR-0009935,HS-004364,43,51,2025-10-12 04:38:47,2026-04-01 06:30:00
SCR-0009936,HS-004365,0,10,2025-11-20 03:42:11,2026-04-01 06:30:00
SCR-0009937,HS-004365,10,11,2025-12-03 00:28:03,2026-04-01 06:30:00
SCR-0009938,HS-004366,0,15,2026-03-23 08:27:44,2026-04-01 06:30:00
SCR-0009939,HS-004367,0,21,2026-02-25 03:38:38,2026-04-01 06:30:00
SCR-0009940,HS-004368,0,18,2026-03-04 16:40:14,2026-04-01 06:30:00
SCR-0009941,HS-004368,18,38,2026-03-06 07:20:52,2026-04-01 06:30:00
SCR-0009942,HS-004369,0,23,2026-02-15 15:39:16,2026-04-01 06:30:00
SCR-0009943,HS-004370,0,12,2025-10-31 09:57:40,2026-04-01 06:30:00
SCR-0009944,HS-004370,12,13,2025-11-09 19:52:21,2026-04-01 06:30:00
SCR-0009945,HS-004371,0,17,2025-10-23 03:33:10,2026-04-01 06:30:00
SCR-0009946,HS-004372,0,24,2025-12-06 16:19:19,2026-04-01 06:30:00
SCR-0009947,HS-004372,24,45,2025-12-16 21:06:38,2026-04-01 06:30:00
SCR-0009948,HS-004372,45,57,2025-12-18 03:32:54,2026-04-01 06:30:00
SCR-0009949,HS-004373,0,19,2025-10-29 20:07:45,2026-04-01 06:30:00
SCR-0009950,HS-004373,19,41,2025-11-03 02:08:03,2026-04-01 06:30:00
SCR-0009951,HS-004373,41,61,2025-11-04 12:48:11,2026-04-01 06:30:00
SCR-0009952,HS-004374,0,17,2025-11-08 18:22:25,2026-04-01 06:30:00
SCR-0009953,HS-004374,17,47,2025-11-17 14:30:56,2026-04-01 06:30:00
SCR-0009954,HS-004374,47,86,2025-11-20 12:32:50,2026-04-01 06:30:00
SCR-0009955,HS-004375,0,23,2025-10-10 21:31:41,2026-04-01 06:30:00
SCR-0009956,HS-004375,23,43,2025-10-18 02:08:16,2026-04-01 06:30:00
SCR-0009957,HS-004376,0,22,2025-10-04 03:30:13,2026-04-01 06:30:00
SCR-0009958,HS-004377,0,20,2025-10-02 09:44:51,2026-04-01 06:30:00
SCR-0009959,HS-004377,20,40,2025-10-09 15:18:41,2026-04-01 06:30:00
SCR-0009960,HS-004377,40,62,2025-10-12 07:20:59,2026-04-01 06:30:00
SCR-0009961,HS-004378,0,23,2025-10-28 08:39:34,2026-04-01 06:30:00
SCR-0009962,HS-004378,23,32,2025-11-06 21:40:48,2026-04-01 06:30:00
SCR-0009963,HS-004379,0,13,2026-03-04 01:49:09,2026-04-01 06:30:00
SCR-0009964,HS-004379,13,48,2026-03-10 18:48:42,2026-04-01 06:30:00
SCR-0009965,HS-004379,48,55,2026-03-10 20:16:19,2026-04-01 06:30:00
SCR-0009966,HS-004380,0,24,2025-12-15 03:42:09,2026-04-01 06:30:00
SCR-0009967,HS-004380,24,40,2025-12-25 14:19:22,2026-04-01 06:30:00
SCR-0009968,HS-004380,40,73,2025-12-26 12:46:36,2026-04-01 06:30:00
SCR-0009969,HS-004381,0,16,2025-12-07 20:42:42,2026-04-01 06:30:00
SCR-0009970,HS-004382,0,11,2025-12-28 16:59:53,2026-04-01 06:30:00
SCR-0009971,HS-004382,11,43,2026-01-16 06:55:55,2026-04-01 06:30:00
SCR-0009972,HS-004382,43,68,2026-01-17 00:23:16,2026-04-01 06:30:00
SCR-0009973,HS-004383,0,15,2026-03-20 20:32:25,2026-04-01 06:30:00
SCR-0009974,HS-004383,15,30,2026-03-28 02:52:24,2026-04-01 06:30:00
SCR-0009975,HS-004384,0,23,2025-12-13 19:37:03,2026-04-01 06:30:00
SCR-0009976,HS-004384,23,45,2025-12-18 21:12:49,2026-04-01 06:30:00
SCR-0009977,HS-004384,45,52,2025-12-21 09:49:26,2026-04-01 06:30:00
SCR-0009978,HS-004385,0,13,2025-09-26 14:50:17,2026-04-01 06:30:00
SCR-0009979,HS-004385,13,40,2025-10-04 01:17:33,2026-04-01 06:30:00
SCR-0009980,HS-004385,40,87,2025-10-06 21:32:12,2026-04-01 06:30:00
SCR-0009981,HS-004386,0,10,2025-12-30 21:51:30,2026-04-01 06:30:00
SCR-0009982,HS-004386,10,18,2026-01-14 18:35:56,2026-04-01 06:30:00
SCR-0009983,HS-004387,0,18,2026-02-15 05:59:47,2026-04-01 06:30:00
SCR-0009984,HS-004388,0,8,2026-02-14 04:19:52,2026-04-01 06:30:00
SCR-0009985,HS-004388,8,28,2026-03-02 06:48:48,2026-04-01 06:30:00
SCR-0009986,HS-004389,0,6,2025-11-19 23:42:36,2026-04-01 06:30:00
SCR-0009987,HS-004389,6,37,2025-12-03 05:05:35,2026-04-01 06:30:00
SCR-0009988,HS-004390,0,11,2026-01-25 09:41:05,2026-04-01 06:30:00
SCR-0009989,HS-004390,11,18,2026-01-31 22:20:54,2026-04-01 06:30:00
SCR-0009990,HS-004391,0,12,2025-12-10 16:50:44,2026-04-01 06:30:00
SCR-0009991,HS-004392,0,20,2026-02-03 22:10:06,2026-04-01 06:30:00
SCR-0009992,HS-004392,20,48,2026-02-06 13:14:00,2026-04-01 06:30:00
SCR-0009993,HS-004392,48,90,2026-02-08 02:12:15,2026-04-01 06:30:00
SCR-0009994,HS-004393,0,6,2026-03-07 17:49:33,2026-04-01 06:30:00
SCR-0009995,HS-004393,6,30,2026-03-11 19:43:58,2026-04-01 06:30:00
SCR-0009996,HS-004394,0,13,2026-03-02 17:19:15,2026-04-01 06:30:00
SCR-0009997,HS-004394,13,46,2026-03-12 23:48:41,2026-04-01 06:30:00
SCR-0009998,HS-004394,46,68,2026-03-15 21:11:26,2026-04-01 06:30:00
SCR-0009999,HS-004395,0,15,2025-09-05 15:21:02,2026-04-01 06:30:00
SCR-0010000,HS-004395,15,24,2025-09-14 18:01:55,2026-04-01 06:30:00
SCR-0010001,HS-004396,0,23,2025-11-28 09:43:28,2026-04-01 06:30:00
SCR-0010002,HS-004396,23,42,2025-11-30 13:35:43,2026-04-01 06:30:00
SCR-0010003,HS-004396,42,84,2025-12-02 08:34:56,2026-04-01 06:30:00
SCR-0010004,HS-004397,0,19,2026-03-28 17:52:01,2026-04-01 06:30:00
SCR-0010005,HS-004397,19,35,2026-04-04 18:00:43,2026-04-01 06:30:00
SCR-0010006,HS-004398,0,13,2025-08-31 05:52:43,2026-04-01 06:30:00
SCR-0010007,HS-004398,13,44,2025-09-04 21:10:36,2026-04-01 06:30:00
SCR-0010008,HS-004398,44,72,2025-09-06 01:17:36,2026-04-01 06:30:00
SCR-0010009,HS-004399,0,17,2026-02-02 06:06:49,2026-04-01 06:30:00
SCR-0010010,HS-004399,17,24,2026-02-03 10:00:21,2026-04-01 06:30:00
SCR-0010011,HS-004400,0,10,2026-02-03 23:54:09,2026-04-01 06:30:00
SCR-0010012,HS-004400,10,49,2026-02-14 21:17:08,2026-04-01 06:30:00
SCR-0010013,HS-004401,0,21,2025-09-13 19:43:51,2026-04-01 06:30:00
SCR-0010014,HS-004402,0,14,2025-09-29 11:04:00,2026-04-01 06:30:00
SCR-0010015,HS-004402,14,38,2025-10-03 20:00:07,2026-04-01 06:30:00
SCR-0010016,HS-004403,0,24,2026-02-27 01:52:10,2026-04-01 06:30:00
SCR-0010017,HS-004403,24,30,2026-03-17 01:50:53,2026-04-01 06:30:00
SCR-0010018,HS-004404,0,18,2025-09-23 23:13:24,2026-04-01 06:30:00
SCR-0010019,HS-004404,18,41,2025-09-29 08:09:06,2026-04-01 06:30:00
SCR-0010020,HS-004404,41,62,2025-10-02 06:30:28,2026-04-01 06:30:00
SCR-0010021,HS-004405,0,10,2025-12-17 18:53:24,2026-04-01 06:30:00
SCR-0010022,HS-004405,10,46,2025-12-19 23:37:51,2026-04-01 06:30:00
SCR-0010023,HS-004405,46,56,2025-12-21 10:17:46,2026-04-01 06:30:00
SCR-0010024,HS-004406,0,17,2025-12-21 16:12:34,2026-04-01 06:30:00
SCR-0010025,HS-004406,17,48,2025-12-27 08:56:25,2026-04-01 06:30:00
SCR-0010026,HS-004407,0,7,2025-11-16 15:59:23,2026-04-01 06:30:00
SCR-0010027,HS-004407,7,42,2025-11-19 05:27:47,2026-04-01 06:30:00
SCR-0010028,HS-004407,42,68,2025-11-19 05:46:53,2026-04-01 06:30:00
SCR-0010029,HS-004408,0,20,2026-01-06 18:44:56,2026-04-01 06:30:00
SCR-0010030,HS-004408,20,44,2026-01-13 06:24:18,2026-04-01 06:30:00
SCR-0010031,HS-004408,44,71,2026-01-13 23:52:51,2026-04-01 06:30:00
SCR-0010032,HS-004409,0,8,2026-01-19 10:39:39,2026-04-01 06:30:00
SCR-0010033,HS-004409,8,9,2026-02-02 17:29:20,2026-04-01 06:30:00
SCR-0010034,HS-004410,0,22,2025-09-19 12:43:50,2026-04-01 06:30:00
SCR-0010035,HS-004410,22,35,2025-10-02 01:00:23,2026-04-01 06:30:00
SCR-0010036,HS-004411,0,16,2025-08-25 19:46:26,2026-04-01 06:30:00
SCR-0010037,HS-004411,16,45,2025-09-06 04:52:14,2026-04-01 06:30:00
SCR-0010038,HS-004411,45,88,2025-09-08 15:17:09,2026-04-01 06:30:00
SCR-0010039,HS-004412,0,24,2025-09-05 06:57:11,2026-04-01 06:30:00
SCR-0010040,HS-004412,24,28,2025-09-15 11:29:27,2026-04-01 06:30:00
SCR-0010041,HS-004413,0,16,2026-01-28 08:18:52,2026-04-01 06:30:00
SCR-0010042,HS-004414,0,9,2026-01-07 19:24:01,2026-04-01 06:30:00
SCR-0010043,HS-004414,9,29,2026-01-13 08:04:58,2026-04-01 06:30:00
SCR-0010044,HS-004415,0,10,2026-01-20 00:16:36,2026-04-01 06:30:00
SCR-0010045,HS-004415,10,18,2026-01-26 12:12:43,2026-04-01 06:30:00
SCR-0010046,HS-004416,0,14,2026-02-28 03:25:53,2026-04-01 06:30:00
SCR-0010047,HS-004416,14,21,2026-03-05 01:31:04,2026-04-01 06:30:00
SCR-0010048,HS-004417,0,22,2025-12-24 17:55:05,2026-04-01 06:30:00
SCR-0010049,HS-004417,22,45,2025-12-30 17:33:44,2026-04-01 06:30:00
SCR-0010050,HS-004417,45,89,2025-12-30 22:12:43,2026-04-01 06:30:00
SCR-0010051,HS-004418,0,19,2026-01-05 16:13:04,2026-04-01 06:30:00
SCR-0010052,HS-004419,0,21,2026-02-20 12:42:32,2026-04-01 06:30:00
SCR-0010053,HS-004419,21,46,2026-02-24 18:50:22,2026-04-01 06:30:00
SCR-0010054,HS-004419,46,75,2026-02-27 15:12:40,2026-04-01 06:30:00
SCR-0010055,HS-004420,0,23,2025-09-29 07:18:22,2026-04-01 06:30:00
SCR-0010056,HS-004421,0,17,2026-03-21 13:27:27,2026-04-01 06:30:00
SCR-0010057,HS-004422,0,12,2025-12-14 06:19:11,2026-04-01 06:30:00
SCR-0010058,HS-004422,12,46,2025-12-17 05:36:11,2026-04-01 06:30:00
SCR-0010059,HS-004422,46,85,2025-12-18 02:23:19,2026-04-01 06:30:00
SCR-0010060,HS-004423,0,6,2025-11-24 06:55:27,2026-04-01 06:30:00
SCR-0010061,HS-004423,6,46,2025-11-29 23:01:27,2026-04-01 06:30:00
SCR-0010062,HS-004423,46,58,2025-12-02 17:18:12,2026-04-01 06:30:00
SCR-0010063,HS-004424,0,18,2025-11-02 13:41:53,2026-04-01 06:30:00
SCR-0010064,HS-004424,18,41,2025-11-10 06:31:59,2026-04-01 06:30:00
SCR-0010065,HS-004424,41,76,2025-11-10 06:50:14,2026-04-01 06:30:00
SCR-0010066,HS-004425,0,24,2025-11-29 19:48:05,2026-04-01 06:30:00
SCR-0010067,HS-004425,24,30,2025-12-08 16:58:50,2026-04-01 06:30:00
SCR-0010068,HS-004426,0,7,2025-10-01 05:48:29,2026-04-01 06:30:00
SCR-0010069,HS-004426,7,47,2025-10-14 15:51:12,2026-04-01 06:30:00
SCR-0010070,HS-004426,47,62,2025-10-15 11:43:25,2026-04-01 06:30:00
SCR-0010071,HS-004427,0,23,2025-12-26 21:17:45,2026-04-01 06:30:00
SCR-0010072,HS-004428,0,5,2025-12-18 04:29:17,2026-04-01 06:30:00
SCR-0010073,HS-004428,5,13,2025-12-22 05:10:07,2026-04-01 06:30:00
SCR-0010074,HS-004429,0,21,2025-09-18 10:00:07,2026-04-01 06:30:00
SCR-0010075,HS-004429,21,37,2025-10-01 12:49:18,2026-04-01 06:30:00
SCR-0010076,HS-004430,0,16,2026-03-27 08:45:16,2026-04-01 06:30:00
SCR-0010077,HS-004430,16,27,2026-04-08 22:54:21,2026-04-01 06:30:00
SCR-0010078,HS-004431,0,23,2025-12-11 17:31:54,2026-04-01 06:30:00
SCR-0010079,HS-004432,0,24,2025-09-19 21:21:41,2026-04-01 06:30:00
SCR-0010080,HS-004432,24,41,2025-09-25 04:44:44,2026-04-01 06:30:00
SCR-0010081,HS-004432,41,74,2025-09-25 15:00:04,2026-04-01 06:30:00
SCR-0010082,HS-004433,0,21,2026-01-03 03:37:58,2026-04-01 06:30:00
SCR-0010083,HS-004433,21,44,2026-01-14 03:43:39,2026-04-01 06:30:00
SCR-0010084,HS-004433,44,82,2026-01-15 21:53:46,2026-04-01 06:30:00
SCR-0010085,HS-004434,0,16,2025-12-15 04:18:46,2026-04-01 06:30:00
SCR-0010086,HS-004434,16,40,2025-12-18 22:44:42,2026-04-01 06:30:00
SCR-0010087,HS-004434,40,89,2025-12-19 08:11:09,2026-04-01 06:30:00
SCR-0010088,HS-004435,0,15,2025-12-03 15:06:35,2026-04-01 06:30:00
SCR-0010089,HS-004435,15,48,2025-12-07 06:20:50,2026-04-01 06:30:00
SCR-0010090,HS-004435,48,87,2025-12-09 12:41:37,2026-04-01 06:30:00
SCR-0010091,HS-004436,0,13,2025-10-23 06:03:37,2026-04-01 06:30:00
SCR-0010092,HS-004437,0,7,2025-11-22 21:46:43,2026-04-01 06:30:00
SCR-0010093,HS-004437,7,32,2025-11-28 02:14:24,2026-04-01 06:30:00
SCR-0010094,HS-004438,0,24,2025-09-13 16:38:12,2026-04-01 06:30:00
SCR-0010095,HS-004438,24,42,2025-09-23 12:45:13,2026-04-01 06:30:00
SCR-0010096,HS-004439,0,23,2025-08-23 14:50:51,2026-04-01 06:30:00
SCR-0010097,HS-004439,23,44,2025-09-02 08:46:17,2026-04-01 06:30:00
SCR-0010098,HS-004440,0,17,2025-09-26 10:50:51,2026-04-01 06:30:00
SCR-0010099,HS-004440,17,47,2025-10-17 17:53:33,2026-04-01 06:30:00
SCR-0010100,HS-004440,47,62,2025-10-20 17:27:33,2026-04-01 06:30:00
SCR-0010101,HS-004441,0,5,2025-10-31 04:30:19,2026-04-01 06:30:00
SCR-0010102,HS-004441,5,36,2025-11-11 09:57:45,2026-04-01 06:30:00
SCR-0010103,HS-004442,0,13,2026-02-28 03:44:44,2026-04-01 06:30:00
SCR-0010104,HS-004442,13,39,2026-03-09 18:50:18,2026-04-01 06:30:00
SCR-0010105,HS-004443,0,22,2026-01-13 10:33:43,2026-04-01 06:30:00
SCR-0010106,HS-004443,22,48,2026-01-24 09:32:28,2026-04-01 06:30:00
SCR-0010107,HS-004443,48,86,2026-01-27 06:39:34,2026-04-01 06:30:00
SCR-0010108,HS-004444,0,16,2025-11-03 19:50:25,2026-04-01 06:30:00
SCR-0010109,HS-004444,16,18,2025-11-13 03:21:25,2026-04-01 06:30:00
SCR-0010110,HS-004445,0,7,2026-03-23 12:01:30,2026-04-01 06:30:00
SCR-0010111,HS-004445,7,30,2026-03-26 07:44:33,2026-04-01 06:30:00
SCR-0010112,HS-004446,0,21,2026-03-20 14:10:44,2026-04-01 06:30:00
SCR-0010113,HS-004446,21,29,2026-04-05 03:13:17,2026-04-01 06:30:00
SCR-0010114,HS-004447,0,11,2025-09-09 14:43:13,2026-04-01 06:30:00
SCR-0010115,HS-004447,11,23,2025-09-26 19:39:44,2026-04-01 06:30:00
SCR-0010116,HS-004448,0,19,2025-09-26 08:12:11,2026-04-01 06:30:00
SCR-0010117,HS-004448,19,37,2025-10-05 09:45:26,2026-04-01 06:30:00
SCR-0010118,HS-004449,0,13,2025-10-12 02:54:12,2026-04-01 06:30:00
SCR-0010119,HS-004449,13,41,2025-10-17 19:35:27,2026-04-01 06:30:00
SCR-0010120,HS-004449,41,84,2025-10-18 12:51:19,2026-04-01 06:30:00
SCR-0010121,HS-004450,0,24,2026-01-02 18:56:37,2026-04-01 06:30:00
SCR-0010122,HS-004450,24,43,2026-01-08 10:10:52,2026-04-01 06:30:00
SCR-0010123,HS-004450,43,68,2026-01-08 22:40:05,2026-04-01 06:30:00
SCR-0010124,HS-004451,0,22,2025-09-19 03:33:26,2026-04-01 06:30:00
SCR-0010125,HS-004451,22,47,2025-09-24 20:12:55,2026-04-01 06:30:00
SCR-0010126,HS-004451,47,85,2025-09-27 07:53:43,2026-04-01 06:30:00
SCR-0010127,HS-004452,0,14,2025-11-07 20:10:01,2026-04-01 06:30:00
SCR-0010128,HS-004453,0,11,2025-09-18 18:42:21,2026-04-01 06:30:00
SCR-0010129,HS-004453,11,22,2025-09-26 06:43:43,2026-04-01 06:30:00
SCR-0010130,HS-004454,0,15,2026-02-06 11:26:47,2026-04-01 06:30:00
SCR-0010131,HS-004454,15,43,2026-02-11 16:38:16,2026-04-01 06:30:00
SCR-0010132,HS-004454,43,81,2026-02-13 01:30:17,2026-04-01 06:30:00
SCR-0010133,HS-004455,0,20,2026-03-16 06:22:12,2026-04-01 06:30:00
SCR-0010134,HS-004455,20,39,2026-03-19 19:32:04,2026-04-01 06:30:00
SCR-0010135,HS-004456,0,15,2025-10-29 15:47:58,2026-04-01 06:30:00
SCR-0010136,HS-004456,15,23,2025-11-17 21:33:12,2026-04-01 06:30:00
SCR-0010137,HS-004457,0,7,2025-12-23 22:28:18,2026-04-01 06:30:00
SCR-0010138,HS-004457,7,17,2026-01-08 17:18:00,2026-04-01 06:30:00
SCR-0010139,HS-004458,0,20,2025-12-25 04:31:18,2026-04-01 06:30:00
SCR-0010140,HS-004458,20,47,2026-01-07 08:11:40,2026-04-01 06:30:00
SCR-0010141,HS-004458,47,71,2026-01-09 22:37:47,2026-04-01 06:30:00
SCR-0010142,HS-004459,0,6,2026-03-07 22:01:28,2026-04-01 06:30:00
SCR-0010143,HS-004459,6,37,2026-03-21 09:35:55,2026-04-01 06:30:00
SCR-0010144,HS-004460,0,21,2025-11-07 07:52:14,2026-04-01 06:30:00
SCR-0010145,HS-004460,21,31,2025-11-11 17:47:43,2026-04-01 06:30:00
SCR-0010146,HS-004461,0,24,2026-01-29 10:44:28,2026-04-01 06:30:00
SCR-0010147,HS-004461,24,40,2026-02-08 18:49:16,2026-04-01 06:30:00
SCR-0010148,HS-004461,40,85,2026-02-08 22:55:36,2026-04-01 06:30:00
SCR-0010149,HS-004462,0,8,2025-12-11 08:19:31,2026-04-01 06:30:00
SCR-0010150,HS-004462,8,43,2025-12-20 18:33:47,2026-04-01 06:30:00
SCR-0010151,HS-004462,43,75,2025-12-22 17:41:45,2026-04-01 06:30:00
SCR-0010152,HS-004463,0,11,2025-09-18 15:35:02,2026-04-01 06:30:00
SCR-0010153,HS-004463,11,14,2025-09-22 01:56:17,2026-04-01 06:30:00
SCR-0010154,HS-004464,0,15,2025-10-14 01:07:25,2026-04-01 06:30:00
SCR-0010155,HS-004464,15,33,2025-10-19 16:15:11,2026-04-01 06:30:00
SCR-0010156,HS-004465,0,12,2025-11-26 17:09:27,2026-04-01 06:30:00
SCR-0010157,HS-004465,12,15,2025-12-05 15:55:02,2026-04-01 06:30:00
SCR-0010158,HS-004466,0,17,2026-02-14 08:30:00,2026-04-01 06:30:00
SCR-0010159,HS-004467,0,22,2025-12-07 07:43:59,2026-04-01 06:30:00
SCR-0010160,HS-004468,0,8,2025-12-01 12:15:42,2026-04-01 06:30:00
SCR-0010161,HS-004468,8,17,2025-12-20 13:29:16,2026-04-01 06:30:00
SCR-0010162,HS-004469,0,7,2025-11-05 16:51:21,2026-04-01 06:30:00
SCR-0010163,HS-004469,7,34,2025-11-07 00:45:13,2026-04-01 06:30:00
SCR-0010164,HS-004470,0,19,2025-11-24 23:09:17,2026-04-01 06:30:00
SCR-0010165,HS-004470,19,43,2025-12-01 01:45:59,2026-04-01 06:30:00
SCR-0010166,HS-004470,43,65,2025-12-01 11:55:18,2026-04-01 06:30:00
SCR-0010167,HS-004471,0,23,2026-01-06 10:10:15,2026-04-01 06:30:00
SCR-0010168,HS-004471,23,34,2026-01-07 18:51:01,2026-04-01 06:30:00
SCR-0010169,HS-004472,0,23,2025-11-02 14:29:55,2026-04-01 06:30:00
SCR-0010170,HS-004472,23,42,2025-12-12 06:14:11,2026-04-01 06:30:00
SCR-0010171,HS-004472,42,54,2025-12-14 05:04:12,2026-04-01 06:30:00
SCR-0010172,HS-004473,0,13,2025-09-22 02:11:44,2026-04-01 06:30:00
SCR-0010173,HS-004473,13,42,2025-09-27 06:47:46,2026-04-01 06:30:00
SCR-0010174,HS-004473,42,69,2025-09-29 17:29:27,2026-04-01 06:30:00
SCR-0010175,HS-004474,0,5,2026-02-18 09:15:15,2026-04-01 06:30:00
SCR-0010176,HS-004474,5,26,2026-02-21 10:48:37,2026-04-01 06:30:00
SCR-0010177,HS-004475,0,21,2025-12-28 07:02:28,2026-04-01 06:30:00
SCR-0010178,HS-004476,0,17,2025-08-30 20:02:46,2026-04-01 06:30:00
SCR-0010179,HS-004476,17,42,2025-09-13 07:46:08,2026-04-01 06:30:00
SCR-0010180,HS-004476,42,75,2025-09-14 06:44:07,2026-04-01 06:30:00
SCR-0010181,HS-004477,0,5,2026-01-08 22:40:46,2026-04-01 06:30:00
SCR-0010182,HS-004477,5,27,2026-01-15 03:04:23,2026-04-01 06:30:00
SCR-0010183,HS-004478,0,14,2026-01-05 19:59:04,2026-04-01 06:30:00
SCR-0010184,HS-004478,14,41,2026-01-17 18:29:18,2026-04-01 06:30:00
SCR-0010185,HS-004478,41,82,2026-01-20 05:05:39,2026-04-01 06:30:00
SCR-0010186,HS-004479,0,11,2025-12-18 16:57:52,2026-04-01 06:30:00
SCR-0010187,HS-004479,11,42,2025-12-21 23:08:33,2026-04-01 06:30:00
SCR-0010188,HS-004479,42,63,2025-12-24 08:38:11,2026-04-01 06:30:00
SCR-0010189,HS-004480,0,10,2025-11-11 11:41:03,2026-04-01 06:30:00
SCR-0010190,HS-004481,0,9,2025-12-20 20:55:49,2026-04-01 06:30:00
SCR-0010191,HS-004481,9,41,2025-12-29 18:30:25,2026-04-01 06:30:00
SCR-0010192,HS-004481,41,87,2025-12-30 16:54:51,2026-04-01 06:30:00
SCR-0010193,HS-004482,0,12,2026-03-20 07:00:19,2026-04-01 06:30:00
SCR-0010194,HS-004482,12,35,2026-04-07 22:45:54,2026-04-01 06:30:00
SCR-0010195,HS-004483,0,17,2025-09-11 05:55:59,2026-04-01 06:30:00
SCR-0010196,HS-004483,17,40,2025-09-14 11:47:56,2026-04-01 06:30:00
SCR-0010197,HS-004483,40,75,2025-09-15 14:08:54,2026-04-01 06:30:00
SCR-0010198,HS-004484,0,24,2026-01-14 08:05:45,2026-04-01 06:30:00
SCR-0010199,HS-004485,0,7,2026-03-17 18:35:21,2026-04-01 06:30:00
SCR-0010200,HS-004485,7,33,2026-03-30 19:54:57,2026-04-01 06:30:00
SCR-0010201,HS-004486,0,8,2026-02-19 19:41:41,2026-04-01 06:30:00
SCR-0010202,HS-004486,8,36,2026-02-22 08:41:41,2026-04-01 06:30:00
SCR-0010203,HS-004487,0,23,2025-10-04 01:18:46,2026-04-01 06:30:00
SCR-0010204,HS-004487,23,46,2025-10-10 00:07:36,2026-04-01 06:30:00
SCR-0010205,HS-004487,46,75,2025-10-11 15:00:36,2026-04-01 06:30:00
SCR-0010206,HS-004488,0,18,2025-11-06 15:12:25,2026-04-01 06:30:00
SCR-0010207,HS-004488,18,29,2025-11-14 17:56:04,2026-04-01 06:30:00
SCR-0010208,HS-004489,0,13,2025-10-30 15:37:26,2026-04-01 06:30:00
SCR-0010209,HS-004489,13,25,2025-11-12 22:26:24,2026-04-01 06:30:00
SCR-0010210,HS-004490,0,14,2025-10-27 02:32:05,2026-04-01 06:30:00
SCR-0010211,HS-004490,14,27,2025-11-03 04:53:17,2026-04-01 06:30:00
SCR-0010212,HS-004491,0,5,2025-09-09 00:57:52,2026-04-01 06:30:00
SCR-0010213,HS-004491,5,36,2025-09-25 06:57:56,2026-04-01 06:30:00
SCR-0010214,HS-004492,0,20,2026-03-06 16:36:30,2026-04-01 06:30:00
SCR-0010215,HS-004492,20,35,2026-03-15 05:50:20,2026-04-01 06:30:00
SCR-0010216,HS-004493,0,6,2025-11-08 02:10:40,2026-04-01 06:30:00
SCR-0010217,HS-004493,6,25,2025-11-17 17:12:22,2026-04-01 06:30:00
SCR-0010218,HS-004494,0,16,2025-11-30 01:43:23,2026-04-01 06:30:00
SCR-0010219,HS-004495,0,6,2026-02-20 20:13:47,2026-04-01 06:30:00
SCR-0010220,HS-004495,6,45,2026-02-24 10:46:24,2026-04-01 06:30:00
SCR-0010221,HS-004495,45,64,2026-02-25 04:46:49,2026-04-01 06:30:00
SCR-0010222,HS-004496,0,12,2025-10-30 06:20:28,2026-04-01 06:30:00
SCR-0010223,HS-004496,12,48,2025-11-07 06:48:29,2026-04-01 06:30:00
SCR-0010224,HS-004496,48,59,2025-11-08 09:02:03,2026-04-01 06:30:00
SCR-0010225,HS-004497,0,10,2025-09-21 19:37:48,2026-04-01 06:30:00
SCR-0010226,HS-004497,10,14,2025-09-29 07:55:37,2026-04-01 06:30:00
SCR-0010227,HS-004498,0,12,2025-09-25 01:41:51,2026-04-01 06:30:00
SCR-0010228,HS-004498,12,43,2025-09-27 09:58:49,2026-04-01 06:30:00
SCR-0010229,HS-004498,43,76,2025-09-28 23:48:53,2026-04-01 06:30:00
SCR-0010230,HS-004499,0,18,2025-09-13 02:56:35,2026-04-01 06:30:00
SCR-0010231,HS-004499,18,43,2025-10-01 05:01:31,2026-04-01 06:30:00
SCR-0010232,HS-004499,43,69,2025-10-03 06:04:08,2026-04-01 06:30:00
SCR-0010233,HS-004500,0,18,2025-09-01 14:11:08,2026-04-01 06:30:00
SCR-0010234,HS-004500,18,44,2025-09-08 16:03:33,2026-04-01 06:30:00
SCR-0010235,HS-004500,44,51,2025-09-10 15:05:41,2026-04-01 06:30:00
SCR-0010236,HS-004501,0,16,2026-03-22 23:45:53,2026-04-01 06:30:00
SCR-0010237,HS-004501,16,31,2026-03-31 04:48:49,2026-04-01 06:30:00
SCR-0010238,HS-004502,0,12,2025-10-13 17:59:56,2026-04-01 06:30:00
SCR-0010239,HS-004502,12,15,2025-10-20 23:25:51,2026-04-01 06:30:00
SCR-0010240,HS-004503,0,17,2025-12-24 09:09:11,2026-04-01 06:30:00
SCR-0010241,HS-004503,17,44,2026-01-01 21:44:00,2026-04-01 06:30:00
SCR-0010242,HS-004504,0,20,2025-12-04 14:36:14,2026-04-01 06:30:00
SCR-0010243,HS-004504,20,40,2025-12-15 06:41:50,2026-04-01 06:30:00
SCR-0010244,HS-004504,40,69,2025-12-17 18:41:57,2026-04-01 06:30:00
SCR-0010245,HS-004505,0,9,2026-02-17 13:30:24,2026-04-01 06:30:00
SCR-0010246,HS-004505,9,40,2026-02-26 09:10:31,2026-04-01 06:30:00
SCR-0010247,HS-004505,40,76,2026-02-27 05:42:49,2026-04-01 06:30:00
SCR-0010248,HS-004506,0,12,2025-09-08 13:16:51,2026-04-01 06:30:00
SCR-0010249,HS-004506,12,40,2025-09-13 04:53:57,2026-04-01 06:30:00
SCR-0010250,HS-004507,0,13,2025-12-26 22:26:18,2026-04-01 06:30:00
SCR-0010251,HS-004507,13,45,2026-01-04 06:24:10,2026-04-01 06:30:00
SCR-0010252,HS-004507,45,74,2026-01-07 05:01:15,2026-04-01 06:30:00
SCR-0010253,HS-004508,0,22,2026-01-26 14:17:49,2026-04-01 06:30:00
SCR-0010254,HS-004508,22,28,2026-02-14 14:51:58,2026-04-01 06:30:00
SCR-0010255,HS-004509,0,22,2025-12-05 23:41:12,2026-04-01 06:30:00
SCR-0010256,HS-004509,22,46,2025-12-10 16:58:05,2026-04-01 06:30:00
SCR-0010257,HS-004509,46,82,2025-12-11 16:46:35,2026-04-01 06:30:00
SCR-0010258,HS-004510,0,11,2025-10-26 23:06:34,2026-04-01 06:30:00
SCR-0010259,HS-004510,11,18,2025-11-02 09:28:32,2026-04-01 06:30:00
SCR-0010260,HS-004511,0,11,2026-01-24 18:13:45,2026-04-01 06:30:00
SCR-0010261,HS-004511,11,41,2026-01-30 18:21:18,2026-04-01 06:30:00
SCR-0010262,HS-004511,41,52,2026-02-01 09:04:50,2026-04-01 06:30:00
SCR-0010263,HS-004512,0,12,2026-02-27 11:40:58,2026-04-01 06:30:00
SCR-0010264,HS-004513,0,19,2026-03-28 13:24:06,2026-04-01 06:30:00
SCR-0010265,HS-004513,19,32,2026-04-12 21:09:14,2026-04-01 06:30:00
SCR-0010266,HS-004514,0,9,2025-10-15 10:51:47,2026-04-01 06:30:00
SCR-0010267,HS-004514,9,29,2025-10-24 19:39:40,2026-04-01 06:30:00
SCR-0010268,HS-004515,0,8,2026-03-13 11:32:30,2026-04-01 06:30:00
SCR-0010269,HS-004515,8,29,2026-03-27 00:25:42,2026-04-01 06:30:00
SCR-0010270,HS-004516,0,23,2025-12-16 05:18:14,2026-04-01 06:30:00
SCR-0010271,HS-004516,23,46,2025-12-21 01:45:42,2026-04-01 06:30:00
SCR-0010272,HS-004516,46,70,2025-12-22 00:27:40,2026-04-01 06:30:00
SCR-0010273,HS-004517,0,17,2025-12-19 21:09:10,2026-04-01 06:30:00
SCR-0010274,HS-004517,17,42,2025-12-25 12:12:45,2026-04-01 06:30:00
SCR-0010275,HS-004517,42,67,2025-12-26 15:42:15,2026-04-01 06:30:00
SCR-0010276,HS-004518,0,24,2025-10-22 18:38:10,2026-04-01 06:30:00
SCR-0010277,HS-004518,24,44,2025-10-27 14:51:51,2026-04-01 06:30:00
SCR-0010278,HS-004518,44,68,2025-10-28 09:20:58,2026-04-01 06:30:00
SCR-0010279,HS-004519,0,13,2026-02-22 05:35:36,2026-04-01 06:30:00
SCR-0010280,HS-004519,13,43,2026-03-05 08:21:51,2026-04-01 06:30:00
SCR-0010281,HS-004519,43,78,2026-03-06 23:07:53,2026-04-01 06:30:00
SCR-0010282,HS-004520,0,17,2026-02-05 06:18:37,2026-04-01 06:30:00
SCR-0010283,HS-004520,17,49,2026-02-12 21:00:32,2026-04-01 06:30:00
SCR-0010284,HS-004521,0,17,2025-09-23 18:33:03,2026-04-01 06:30:00
SCR-0010285,HS-004521,17,44,2025-09-27 16:30:45,2026-04-01 06:30:00
SCR-0010286,HS-004521,44,57,2025-09-27 18:21:20,2026-04-01 06:30:00
SCR-0010287,HS-004522,0,10,2026-02-02 19:21:20,2026-04-01 06:30:00
SCR-0010288,HS-004522,10,42,2026-02-11 00:34:20,2026-04-01 06:30:00
SCR-0010289,HS-004522,42,68,2026-02-13 11:57:31,2026-04-01 06:30:00
SCR-0010290,HS-004523,0,24,2026-01-16 08:19:40,2026-04-01 06:30:00
SCR-0010291,HS-004523,24,25,2026-01-17 17:37:30,2026-04-01 06:30:00
SCR-0010292,HS-004524,0,6,2026-02-12 01:31:07,2026-04-01 06:30:00
SCR-0010293,HS-004524,6,10,2026-02-25 11:47:13,2026-04-01 06:30:00
SCR-0010294,HS-004525,0,23,2025-12-26 19:14:03,2026-04-01 06:30:00
SCR-0010295,HS-004526,0,17,2025-11-26 10:56:25,2026-04-01 06:30:00
SCR-0010296,HS-004527,0,17,2026-02-16 22:49:42,2026-04-01 06:30:00
SCR-0010297,HS-004527,17,37,2026-03-01 15:52:48,2026-04-01 06:30:00
SCR-0010298,HS-004528,0,10,2026-01-08 13:41:31,2026-04-01 06:30:00
SCR-0010299,HS-004528,10,34,2026-01-10 20:21:54,2026-04-01 06:30:00
SCR-0010300,HS-004529,0,13,2026-02-26 22:13:13,2026-04-01 06:30:00
SCR-0010301,HS-004529,13,41,2026-03-03 04:53:53,2026-04-01 06:30:00
SCR-0010302,HS-004529,41,58,2026-03-05 06:19:26,2026-04-01 06:30:00
SCR-0010303,HS-004530,0,18,2025-09-10 09:36:23,2026-04-01 06:30:00
SCR-0010304,HS-004530,18,45,2025-09-18 21:00:04,2026-04-01 06:30:00
SCR-0010305,HS-004531,0,22,2026-03-07 05:07:01,2026-04-01 06:30:00
SCR-0010306,HS-004531,22,41,2026-03-15 08:49:26,2026-04-01 06:30:00
SCR-0010307,HS-004531,41,78,2026-03-17 04:23:47,2026-04-01 06:30:00
SCR-0010308,HS-004532,0,19,2025-08-22 15:36:16,2026-04-01 06:30:00
SCR-0010309,HS-004532,19,46,2025-09-10 11:06:50,2026-04-01 06:30:00
SCR-0010310,HS-004532,46,64,2025-09-13 03:27:15,2026-04-01 06:30:00
SCR-0010311,HS-004533,0,24,2025-08-19 18:52:55,2026-04-01 06:30:00
SCR-0010312,HS-004533,24,45,2025-09-02 02:12:54,2026-04-01 06:30:00
SCR-0010313,HS-004534,0,24,2026-01-14 05:47:04,2026-04-01 06:30:00
SCR-0010314,HS-004535,0,19,2025-10-10 03:08:53,2026-04-01 06:30:00
SCR-0010315,HS-004535,19,44,2025-10-15 15:44:45,2026-04-01 06:30:00
SCR-0010316,HS-004535,44,56,2025-10-16 06:20:28,2026-04-01 06:30:00
SCR-0010317,HS-004536,0,15,2026-01-07 05:49:45,2026-04-01 06:30:00
SCR-0010318,HS-004536,15,40,2026-01-22 07:43:33,2026-04-01 06:30:00
SCR-0010319,HS-004536,40,77,2026-01-22 23:42:36,2026-04-01 06:30:00
SCR-0010320,HS-004537,0,17,2025-11-27 19:54:09,2026-04-01 06:30:00
SCR-0010321,HS-004537,17,31,2025-12-07 00:33:21,2026-04-01 06:30:00
SCR-0010322,HS-004538,0,21,2025-10-30 21:54:36,2026-04-01 06:30:00
SCR-0010323,HS-004539,0,13,2025-10-28 23:45:58,2026-04-01 06:30:00
SCR-0010324,HS-004539,13,40,2025-11-01 02:33:44,2026-04-01 06:30:00
SCR-0010325,HS-004539,40,74,2025-11-01 12:52:17,2026-04-01 06:30:00
SCR-0010326,HS-004540,0,24,2026-02-28 00:21:32,2026-04-01 06:30:00
SCR-0010327,HS-004541,0,16,2025-10-17 15:48:02,2026-04-01 06:30:00
SCR-0010328,HS-004542,0,9,2026-02-03 04:31:59,2026-04-01 06:30:00
SCR-0010329,HS-004542,9,26,2026-02-18 08:45:55,2026-04-01 06:30:00
SCR-0010330,HS-004543,0,6,2026-03-21 05:11:04,2026-04-01 06:30:00
SCR-0010331,HS-004543,6,35,2026-04-09 12:25:48,2026-04-01 06:30:00
SCR-0010332,HS-004544,0,24,2025-09-22 07:09:15,2026-04-01 06:30:00
SCR-0010333,HS-004544,24,26,2025-10-04 18:03:38,2026-04-01 06:30:00
SCR-0010334,HS-004545,0,6,2025-09-28 08:30:07,2026-04-01 06:30:00
SCR-0010335,HS-004545,6,8,2025-10-09 00:15:42,2026-04-01 06:30:00
SCR-0010336,HS-004546,0,17,2025-12-15 17:14:27,2026-04-01 06:30:00
SCR-0010337,HS-004546,17,45,2025-12-24 06:51:29,2026-04-01 06:30:00
SCR-0010338,HS-004546,45,81,2025-12-24 22:46:18,2026-04-01 06:30:00
SCR-0010339,HS-004547,0,5,2025-11-21 17:53:37,2026-04-01 06:30:00
SCR-0010340,HS-004547,5,46,2025-11-30 02:45:30,2026-04-01 06:30:00
SCR-0010341,HS-004547,46,85,2025-11-30 21:02:10,2026-04-01 06:30:00
SCR-0010342,HS-004548,0,7,2025-11-08 05:12:15,2026-04-01 06:30:00
SCR-0010343,HS-004548,7,38,2025-11-09 12:00:37,2026-04-01 06:30:00
SCR-0010344,HS-004549,0,23,2026-02-16 03:13:20,2026-04-01 06:30:00
SCR-0010345,HS-004550,0,7,2025-11-19 03:36:05,2026-04-01 06:30:00
SCR-0010346,HS-004551,0,7,2025-12-07 13:50:55,2026-04-01 06:30:00
SCR-0010347,HS-004551,7,11,2025-12-18 06:06:39,2026-04-01 06:30:00
SCR-0010348,HS-004552,0,14,2026-02-27 02:14:23,2026-04-01 06:30:00
SCR-0010349,HS-004553,0,8,2026-03-25 22:17:09,2026-04-01 06:30:00
SCR-0010350,HS-004553,8,23,2026-04-05 04:06:17,2026-04-01 06:30:00
SCR-0010351,HS-004554,0,18,2025-11-15 19:52:46,2026-04-01 06:30:00
SCR-0010352,HS-004555,0,10,2026-03-06 11:33:54,2026-04-01 06:30:00
SCR-0010353,HS-004555,10,36,2026-03-15 14:56:07,2026-04-01 06:30:00
SCR-0010354,HS-004556,0,8,2025-12-18 20:06:28,2026-04-01 06:30:00
SCR-0010355,HS-004556,8,20,2025-12-30 04:38:48,2026-04-01 06:30:00
SCR-0010356,HS-004557,0,15,2026-03-08 03:44:51,2026-04-01 06:30:00
SCR-0010357,HS-004557,15,28,2026-03-21 13:43:04,2026-04-01 06:30:00
SCR-0010358,HS-004558,0,23,2026-01-14 18:20:06,2026-04-01 06:30:00
SCR-0010359,HS-004559,0,5,2026-03-06 08:48:40,2026-04-01 06:30:00
SCR-0010360,HS-004559,5,38,2026-03-09 20:39:35,2026-04-01 06:30:00
SCR-0010361,HS-004560,0,19,2026-01-19 00:14:35,2026-04-01 06:30:00
SCR-0010362,HS-004560,19,32,2026-01-20 17:39:02,2026-04-01 06:30:00
SCR-0010363,HS-004561,0,22,2026-01-25 21:56:43,2026-04-01 06:30:00
SCR-0010364,HS-004561,22,44,2026-02-01 16:04:39,2026-04-01 06:30:00
SCR-0010365,HS-004561,44,62,2026-02-03 17:36:53,2026-04-01 06:30:00
SCR-0010366,HS-004562,0,22,2025-11-03 19:46:19,2026-04-01 06:30:00
SCR-0010367,HS-004562,22,44,2025-11-08 19:04:51,2026-04-01 06:30:00
SCR-0010368,HS-004562,44,67,2025-11-10 21:25:04,2026-04-01 06:30:00
SCR-0010369,HS-004563,0,22,2025-09-14 06:39:22,2026-04-01 06:30:00
SCR-0010370,HS-004563,22,46,2025-09-17 23:46:18,2026-04-01 06:30:00
SCR-0010371,HS-004563,46,80,2025-09-20 00:33:54,2026-04-01 06:30:00
SCR-0010372,HS-004564,0,12,2026-01-15 04:35:18,2026-04-01 06:30:00
SCR-0010373,HS-004564,12,30,2026-01-23 11:06:24,2026-04-01 06:30:00
SCR-0010374,HS-004565,0,21,2026-01-10 07:39:02,2026-04-01 06:30:00
SCR-0010375,HS-004566,0,10,2025-09-01 20:20:47,2026-04-01 06:30:00
SCR-0010376,HS-004566,10,45,2025-09-04 22:25:08,2026-04-01 06:30:00
SCR-0010377,HS-004566,45,83,2025-09-07 15:49:13,2026-04-01 06:30:00
SCR-0010378,HS-004567,0,18,2025-10-10 00:07:02,2026-04-01 06:30:00
SCR-0010379,HS-004567,18,22,2025-10-16 03:57:57,2026-04-01 06:30:00
SCR-0010380,HS-004568,0,16,2025-10-27 19:28:45,2026-04-01 06:30:00
SCR-0010381,HS-004568,16,46,2025-11-09 15:13:50,2026-04-01 06:30:00
SCR-0010382,HS-004568,46,50,2025-11-10 20:23:05,2026-04-01 06:30:00
SCR-0010383,HS-004569,0,20,2025-09-21 08:38:42,2026-04-01 06:30:00
SCR-0010384,HS-004569,20,42,2025-10-01 20:18:08,2026-04-01 06:30:00
SCR-0010385,HS-004569,42,59,2025-10-03 04:49:00,2026-04-01 06:30:00
SCR-0010386,HS-004570,0,7,2026-01-05 23:05:42,2026-04-01 06:30:00
SCR-0010387,HS-004570,7,41,2026-01-10 21:42:03,2026-04-01 06:30:00
SCR-0010388,HS-004570,41,58,2026-01-11 23:07:45,2026-04-01 06:30:00
SCR-0010389,HS-004571,0,19,2025-12-10 04:02:52,2026-04-01 06:30:00
SCR-0010390,HS-004571,19,46,2025-12-22 02:41:24,2026-04-01 06:30:00
SCR-0010391,HS-004571,46,66,2025-12-23 03:51:40,2026-04-01 06:30:00
SCR-0010392,HS-004572,0,14,2025-12-30 10:23:21,2026-04-01 06:30:00
SCR-0010393,HS-004572,14,46,2026-01-03 11:58:35,2026-04-01 06:30:00
SCR-0010394,HS-004572,46,71,2026-01-04 01:40:05,2026-04-01 06:30:00
SCR-0010395,HS-004573,0,23,2025-09-26 18:14:18,2026-04-01 06:30:00
SCR-0010396,HS-004573,23,45,2025-10-11 16:58:57,2026-04-01 06:30:00
SCR-0010397,HS-004573,45,70,2025-10-12 17:05:59,2026-04-01 06:30:00
SCR-0010398,HS-004574,0,20,2026-02-16 23:28:56,2026-04-01 06:30:00
SCR-0010399,HS-004574,20,45,2026-02-27 02:49:23,2026-04-01 06:30:00
SCR-0010400,HS-004574,45,70,2026-02-27 09:32:29,2026-04-01 06:30:00
SCR-0010401,HS-004575,0,7,2025-12-15 00:15:00,2026-04-01 06:30:00
SCR-0010402,HS-004575,7,8,2025-12-21 16:17:42,2026-04-01 06:30:00
SCR-0010403,HS-004576,0,11,2025-09-29 02:29:24,2026-04-01 06:30:00
SCR-0010404,HS-004576,11,15,2025-10-11 03:27:58,2026-04-01 06:30:00
SCR-0010405,HS-004577,0,22,2026-01-25 10:37:13,2026-04-01 06:30:00
SCR-0010406,HS-004577,22,48,2026-01-29 16:53:43,2026-04-01 06:30:00
SCR-0010407,HS-004577,48,70,2026-02-01 08:44:52,2026-04-01 06:30:00
SCR-0010408,HS-004578,0,22,2026-02-17 00:32:28,2026-04-01 06:30:00
SCR-0010409,HS-004578,22,44,2026-02-23 00:34:08,2026-04-01 06:30:00
SCR-0010410,HS-004579,0,14,2025-11-15 01:54:43,2026-04-01 06:30:00
SCR-0010411,HS-004579,14,41,2025-11-22 21:15:23,2026-04-01 06:30:00
SCR-0010412,HS-004579,41,70,2025-11-24 21:21:04,2026-04-01 06:30:00
SCR-0010413,HS-004580,0,6,2026-01-02 18:11:21,2026-04-01 06:30:00
SCR-0010414,HS-004580,6,42,2026-01-06 17:26:48,2026-04-01 06:30:00
SCR-0010415,HS-004580,42,85,2026-01-09 11:16:15,2026-04-01 06:30:00
SCR-0010416,HS-004581,0,11,2026-03-12 20:09:38,2026-04-01 06:30:00
SCR-0010417,HS-004581,11,38,2026-03-28 22:20:01,2026-04-01 06:30:00
SCR-0010418,HS-004582,0,9,2025-08-21 15:12:33,2026-04-01 06:30:00
SCR-0010419,HS-004582,9,40,2025-09-04 16:24:17,2026-04-01 06:30:00
SCR-0010420,HS-004582,40,82,2025-09-06 00:26:19,2026-04-01 06:30:00
SCR-0010421,HS-004583,0,13,2025-11-01 17:40:46,2026-04-01 06:30:00
SCR-0010422,HS-004583,13,26,2025-11-11 03:49:52,2026-04-01 06:30:00
SCR-0010423,HS-004584,0,17,2025-09-20 00:54:52,2026-04-01 06:30:00
SCR-0010424,HS-004584,17,41,2025-09-30 23:16:20,2026-04-01 06:30:00
SCR-0010425,HS-004584,41,50,2025-10-01 08:43:43,2026-04-01 06:30:00
SCR-0010426,HS-004585,0,13,2025-11-21 23:20:50,2026-04-01 06:30:00
SCR-0010427,HS-004585,13,35,2025-12-08 15:47:50,2026-04-01 06:30:00
SCR-0010428,HS-004586,0,18,2025-11-18 23:19:40,2026-04-01 06:30:00
SCR-0010429,HS-004586,18,21,2025-12-01 19:35:22,2026-04-01 06:30:00
SCR-0010430,HS-004587,0,16,2026-02-20 07:39:01,2026-04-01 06:30:00
SCR-0010431,HS-004587,16,23,2026-03-06 19:08:48,2026-04-01 06:30:00
SCR-0010432,HS-004588,0,7,2026-01-04 14:06:44,2026-04-01 06:30:00
SCR-0010433,HS-004588,7,12,2026-01-09 02:00:25,2026-04-01 06:30:00
SCR-0010434,HS-004589,0,7,2026-03-26 21:14:45,2026-04-01 06:30:00
SCR-0010435,HS-004589,7,16,2026-04-09 12:27:12,2026-04-01 06:30:00
SCR-0010436,HS-004590,0,12,2025-09-10 03:34:41,2026-04-01 06:30:00
SCR-0010437,HS-004591,0,5,2025-11-14 05:38:22,2026-04-01 06:30:00
SCR-0010438,HS-004591,5,40,2025-11-23 21:05:28,2026-04-01 06:30:00
SCR-0010439,HS-004591,40,63,2025-11-26 18:46:10,2026-04-01 06:30:00
SCR-0010440,HS-004592,0,21,2026-02-24 12:34:44,2026-04-01 06:30:00
SCR-0010441,HS-004592,21,48,2026-03-05 14:12:55,2026-04-01 06:30:00
SCR-0010442,HS-004592,48,78,2026-03-08 01:55:55,2026-04-01 06:30:00
SCR-0010443,HS-004593,0,8,2025-11-02 14:00:23,2026-04-01 06:30:00
SCR-0010444,HS-004593,8,41,2025-11-09 07:36:51,2026-04-01 06:30:00
SCR-0010445,HS-004593,41,71,2025-11-10 15:46:47,2026-04-01 06:30:00
SCR-0010446,HS-004594,0,10,2025-12-06 20:04:56,2026-04-01 06:30:00
SCR-0010447,HS-004594,10,43,2025-12-15 10:37:04,2026-04-01 06:30:00
SCR-0010448,HS-004594,43,57,2025-12-15 20:08:35,2026-04-01 06:30:00
SCR-0010449,HS-004595,0,10,2026-02-16 22:37:17,2026-04-01 06:30:00
SCR-0010450,HS-004595,10,41,2026-02-26 09:09:50,2026-04-01 06:30:00
SCR-0010451,HS-004595,41,83,2026-02-27 10:39:29,2026-04-01 06:30:00
SCR-0010452,HS-004596,0,6,2025-10-25 09:56:04,2026-04-01 06:30:00
SCR-0010453,HS-004596,6,40,2025-11-01 17:27:12,2026-04-01 06:30:00
SCR-0010454,HS-004596,40,71,2025-11-04 00:25:25,2026-04-01 06:30:00
SCR-0010455,HS-004597,0,23,2026-02-12 11:42:47,2026-04-01 06:30:00
SCR-0010456,HS-004597,23,44,2026-02-20 08:12:16,2026-04-01 06:30:00
SCR-0010457,HS-004597,44,87,2026-02-21 20:11:24,2026-04-01 06:30:00
SCR-0010458,HS-004598,0,13,2026-03-12 11:45:34,2026-04-01 06:30:00
SCR-0010459,HS-004599,0,5,2025-09-12 05:03:30,2026-04-01 06:30:00
SCR-0010460,HS-004599,5,39,2025-09-18 01:06:46,2026-04-01 06:30:00
SCR-0010461,HS-004600,0,6,2025-11-14 04:36:06,2026-04-01 06:30:00
SCR-0010462,HS-004600,6,28,2025-11-25 13:42:22,2026-04-01 06:30:00
SCR-0010463,HS-004601,0,13,2026-02-18 02:15:13,2026-04-01 06:30:00
SCR-0010464,HS-004601,13,38,2026-02-24 01:03:30,2026-04-01 06:30:00
SCR-0010465,HS-004602,0,8,2025-08-15 16:47:01,2026-04-01 06:30:00
SCR-0010466,HS-004602,8,40,2025-08-30 16:07:11,2026-04-01 06:30:00
SCR-0010467,HS-004602,40,76,2025-09-02 02:24:27,2026-04-01 06:30:00
SCR-0010468,HS-004603,0,9,2025-12-10 23:57:46,2026-04-01 06:30:00
SCR-0010469,HS-004603,9,16,2025-12-29 18:33:05,2026-04-01 06:30:00
SCR-0010470,HS-004604,0,15,2025-08-28 03:20:30,2026-04-01 06:30:00
SCR-0010471,HS-004604,15,46,2025-09-03 02:30:49,2026-04-01 06:30:00
SCR-0010472,HS-004604,46,63,2025-09-05 06:26:46,2026-04-01 06:30:00
SCR-0010473,HS-004605,0,23,2025-10-14 19:18:49,2026-04-01 06:30:00
SCR-0010474,HS-004606,0,6,2026-03-20 08:05:59,2026-04-01 06:30:00
SCR-0010475,HS-004606,6,39,2026-04-08 03:06:30,2026-04-01 06:30:00
SCR-0010476,HS-004607,0,22,2025-09-11 13:47:50,2026-04-01 06:30:00
SCR-0010477,HS-004607,22,44,2025-09-18 23:36:42,2026-04-01 06:30:00
SCR-0010478,HS-004607,44,87,2025-09-20 03:47:53,2026-04-01 06:30:00
SCR-0010479,HS-004608,0,11,2026-01-20 22:37:49,2026-04-01 06:30:00
SCR-0010480,HS-004608,11,47,2026-01-30 21:34:32,2026-04-01 06:30:00
SCR-0010481,HS-004608,47,72,2026-01-31 21:56:41,2026-04-01 06:30:00
SCR-0010482,HS-004609,0,14,2025-11-07 12:29:32,2026-04-01 06:30:00
SCR-0010483,HS-004609,14,41,2025-11-11 14:17:24,2026-04-01 06:30:00
SCR-0010484,HS-004609,41,53,2025-11-14 05:42:57,2026-04-01 06:30:00
SCR-0010485,HS-004610,0,9,2026-02-08 12:55:32,2026-04-01 06:30:00
SCR-0010486,HS-004611,0,22,2025-11-15 18:02:52,2026-04-01 06:30:00
SCR-0010487,HS-004612,0,5,2025-11-27 19:37:14,2026-04-01 06:30:00
SCR-0010488,HS-004612,5,11,2025-12-04 06:01:26,2026-04-01 06:30:00
SCR-0010489,HS-004613,0,21,2025-11-06 09:36:07,2026-04-01 06:30:00
SCR-0010490,HS-004613,21,46,2025-11-09 07:30:59,2026-04-01 06:30:00
SCR-0010491,HS-004613,46,88,2025-11-10 17:06:09,2026-04-01 06:30:00
SCR-0010492,HS-004614,0,23,2025-10-27 06:24:25,2026-04-01 06:30:00
SCR-0010493,HS-004614,23,28,2025-10-30 07:14:46,2026-04-01 06:30:00
SCR-0010494,HS-004615,0,20,2026-03-15 06:54:26,2026-04-01 06:30:00
SCR-0010495,HS-004615,20,37,2026-03-20 02:51:19,2026-04-01 06:30:00
SCR-0010496,HS-004616,0,10,2025-12-25 00:58:14,2026-04-01 06:30:00
SCR-0010497,HS-004616,10,30,2026-01-14 00:55:40,2026-04-01 06:30:00
SCR-0010498,HS-004617,0,10,2025-10-15 11:24:28,2026-04-01 06:30:00
SCR-0010499,HS-004618,0,14,2025-12-01 03:26:00,2026-04-01 06:30:00
SCR-0010500,HS-004619,0,14,2025-11-05 08:19:08,2026-04-01 06:30:00
SCR-0010501,HS-004619,14,36,2025-11-20 00:41:56,2026-04-01 06:30:00
SCR-0010502,HS-004620,0,18,2025-11-03 02:48:26,2026-04-01 06:30:00
SCR-0010503,HS-004620,18,27,2025-11-22 17:10:59,2026-04-01 06:30:00
SCR-0010504,HS-004621,0,6,2026-01-12 14:01:46,2026-04-01 06:30:00
SCR-0010505,HS-004621,6,41,2026-01-17 18:14:08,2026-04-01 06:30:00
SCR-0010506,HS-004621,41,84,2026-01-20 03:20:32,2026-04-01 06:30:00
SCR-0010507,HS-004622,0,5,2026-03-15 00:44:34,2026-04-01 06:30:00
SCR-0010508,HS-004622,5,45,2026-03-18 19:49:52,2026-04-01 06:30:00
SCR-0010509,HS-004622,45,55,2026-03-18 23:34:16,2026-04-01 06:30:00
SCR-0010510,HS-004623,0,20,2025-10-11 20:15:39,2026-04-01 06:30:00
SCR-0010511,HS-004624,0,9,2025-09-05 13:27:57,2026-04-01 06:30:00
SCR-0010512,HS-004624,9,25,2025-09-14 03:35:16,2026-04-01 06:30:00
SCR-0010513,HS-004625,0,24,2026-01-05 10:06:30,2026-04-01 06:30:00
SCR-0010514,HS-004625,24,41,2026-01-11 10:00:06,2026-04-01 06:30:00
SCR-0010515,HS-004625,41,85,2026-01-13 16:33:37,2026-04-01 06:30:00
SCR-0010516,HS-004626,0,16,2026-02-21 20:18:10,2026-04-01 06:30:00
SCR-0010517,HS-004626,16,44,2026-02-26 07:03:33,2026-04-01 06:30:00
SCR-0010518,HS-004626,44,81,2026-02-28 18:17:35,2026-04-01 06:30:00
SCR-0010519,HS-004627,0,18,2026-01-16 22:39:28,2026-04-01 06:30:00
SCR-0010520,HS-004627,18,22,2026-02-01 06:55:29,2026-04-01 06:30:00
SCR-0010521,HS-004628,0,6,2025-09-08 23:18:29,2026-04-01 06:30:00
SCR-0010522,HS-004628,6,22,2025-09-18 00:27:28,2026-04-01 06:30:00
SCR-0010523,HS-004629,0,16,2025-11-14 23:18:33,2026-04-01 06:30:00
SCR-0010524,HS-004629,16,40,2025-11-19 21:52:20,2026-04-01 06:30:00
SCR-0010525,HS-004629,40,55,2025-11-21 10:06:20,2026-04-01 06:30:00
SCR-0010526,HS-004630,0,9,2026-01-06 00:27:29,2026-04-01 06:30:00
SCR-0010527,HS-004630,9,12,2026-01-24 00:28:21,2026-04-01 06:30:00
SCR-0010528,HS-004631,0,6,2025-11-15 20:38:43,2026-04-01 06:30:00
SCR-0010529,HS-004631,6,41,2025-11-19 21:31:02,2026-04-01 06:30:00
SCR-0010530,HS-004631,41,84,2025-11-20 10:30:29,2026-04-01 06:30:00
SCR-0010531,HS-004632,0,21,2026-01-18 14:20:25,2026-04-01 06:30:00
SCR-0010532,HS-004632,21,46,2026-01-27 15:17:43,2026-04-01 06:30:00
SCR-0010533,HS-004633,0,11,2026-02-09 16:09:12,2026-04-01 06:30:00
SCR-0010534,HS-004633,11,37,2026-02-16 08:44:50,2026-04-01 06:30:00
SCR-0010535,HS-004634,0,20,2025-09-23 20:10:25,2026-04-01 06:30:00
SCR-0010536,HS-004634,20,23,2025-10-08 01:16:45,2026-04-01 06:30:00
SCR-0010537,HS-004635,0,12,2025-11-18 10:47:53,2026-04-01 06:30:00
SCR-0010538,HS-004635,12,34,2025-12-03 10:48:24,2026-04-01 06:30:00
SCR-0010539,HS-004636,0,18,2025-09-28 06:37:15,2026-04-01 06:30:00
SCR-0010540,HS-004636,18,35,2025-10-16 06:30:45,2026-04-01 06:30:00
SCR-0010541,HS-004637,0,20,2025-10-26 17:33:15,2026-04-01 06:30:00
SCR-0010542,HS-004637,20,43,2025-10-31 13:45:26,2026-04-01 06:30:00
SCR-0010543,HS-004637,43,83,2025-11-01 13:44:13,2026-04-01 06:30:00
SCR-0010544,HS-004638,0,21,2025-12-27 11:58:07,2026-04-01 06:30:00
SCR-0010545,HS-004638,21,27,2026-01-01 19:44:54,2026-04-01 06:30:00
SCR-0010546,HS-004639,0,12,2025-10-22 16:20:11,2026-04-01 06:30:00
SCR-0010547,HS-004639,12,29,2025-11-05 17:30:37,2026-04-01 06:30:00
SCR-0010548,HS-004640,0,19,2026-02-06 18:29:30,2026-04-01 06:30:00
SCR-0010549,HS-004640,19,46,2026-02-17 19:15:57,2026-04-01 06:30:00
SCR-0010550,HS-004640,46,65,2026-02-20 17:44:46,2026-04-01 06:30:00
SCR-0010551,HS-004641,0,12,2025-09-16 03:36:55,2026-04-01 06:30:00
SCR-0010552,HS-004642,0,23,2026-02-22 13:24:19,2026-04-01 06:30:00
SCR-0010553,HS-004642,23,44,2026-02-27 07:22:48,2026-04-01 06:30:00
SCR-0010554,HS-004642,44,52,2026-03-01 21:44:28,2026-04-01 06:30:00
SCR-0010555,HS-004643,0,20,2025-10-27 17:10:48,2026-04-01 06:30:00
SCR-0010556,HS-004643,20,29,2025-11-01 02:20:04,2026-04-01 06:30:00
SCR-0010557,HS-004644,0,21,2026-03-19 11:35:36,2026-04-01 06:30:00
SCR-0010558,HS-004644,21,41,2026-03-25 18:21:48,2026-04-01 06:30:00
SCR-0010559,HS-004645,0,13,2026-02-12 21:08:04,2026-04-01 06:30:00
SCR-0010560,HS-004645,13,40,2026-02-24 00:40:50,2026-04-01 06:30:00
SCR-0010561,HS-004645,40,81,2026-02-25 15:08:14,2026-04-01 06:30:00
SCR-0010562,HS-004646,0,6,2026-03-12 20:40:33,2026-04-01 06:30:00
SCR-0010563,HS-004646,6,41,2026-03-18 14:39:24,2026-04-01 06:30:00
SCR-0010564,HS-004646,41,75,2026-03-21 00:57:34,2026-04-01 06:30:00
SCR-0010565,HS-004647,0,20,2025-12-29 09:55:52,2026-04-01 06:30:00
SCR-0010566,HS-004647,20,30,2026-01-07 01:21:03,2026-04-01 06:30:00
SCR-0010567,HS-004648,0,5,2025-10-17 06:14:05,2026-04-01 06:30:00
SCR-0010568,HS-004648,5,43,2025-10-28 15:19:04,2026-04-01 06:30:00
SCR-0010569,HS-004648,43,80,2025-10-30 16:38:06,2026-04-01 06:30:00
SCR-0010570,HS-004649,0,18,2026-01-10 16:30:12,2026-04-01 06:30:00
SCR-0010571,HS-004649,18,21,2026-01-24 00:35:50,2026-04-01 06:30:00
SCR-0010572,HS-004650,0,10,2025-12-22 23:39:22,2026-04-01 06:30:00
SCR-0010573,HS-004650,10,44,2025-12-26 22:18:59,2026-04-01 06:30:00
SCR-0010574,HS-004650,44,56,2025-12-29 17:28:53,2026-04-01 06:30:00
SCR-0010575,HS-004651,0,5,2025-11-15 22:19:11,2026-04-01 06:30:00
SCR-0010576,HS-004651,5,46,2025-11-21 15:31:10,2026-04-01 06:30:00
SCR-0010577,HS-004651,46,86,2025-11-21 18:09:42,2026-04-01 06:30:00
SCR-0010578,HS-004652,0,12,2026-01-14 15:14:42,2026-04-01 06:30:00
SCR-0010579,HS-004652,12,32,2026-01-27 02:02:26,2026-04-01 06:30:00
SCR-0010580,HS-004653,0,5,2025-10-28 03:50:46,2026-04-01 06:30:00
SCR-0010581,HS-004653,5,13,2025-11-15 17:57:30,2026-04-01 06:30:00
SCR-0010582,HS-004654,0,21,2026-03-02 21:49:16,2026-04-01 06:30:00
SCR-0010583,HS-004654,21,28,2026-03-10 17:57:25,2026-04-01 06:30:00
SCR-0010584,HS-004655,0,7,2026-02-18 07:05:03,2026-04-01 06:30:00
SCR-0010585,HS-004655,7,15,2026-02-24 01:11:52,2026-04-01 06:30:00
SCR-0010586,HS-004656,0,5,2026-01-17 16:18:49,2026-04-01 06:30:00
SCR-0010587,HS-004656,5,21,2026-02-05 20:48:19,2026-04-01 06:30:00
SCR-0010588,HS-004657,0,11,2025-11-27 18:03:46,2026-04-01 06:30:00
SCR-0010589,HS-004657,11,34,2025-12-05 10:23:01,2026-04-01 06:30:00
SCR-0010590,HS-004658,0,22,2026-01-17 06:21:35,2026-04-01 06:30:00
SCR-0010591,HS-004658,22,25,2026-02-01 23:57:29,2026-04-01 06:30:00
SCR-0010592,HS-004659,0,8,2025-09-04 19:03:41,2026-04-01 06:30:00
SCR-0010593,HS-004659,8,48,2025-09-14 12:59:14,2026-04-01 06:30:00
SCR-0010594,HS-004659,48,73,2025-09-16 02:55:06,2026-04-01 06:30:00
SCR-0010595,HS-004660,0,10,2026-01-02 05:48:31,2026-04-01 06:30:00
SCR-0010596,HS-004660,10,43,2026-01-22 23:03:42,2026-04-01 06:30:00
SCR-0010597,HS-004661,0,8,2026-01-13 16:40:05,2026-04-01 06:30:00
SCR-0010598,HS-004661,8,38,2026-01-18 13:36:42,2026-04-01 06:30:00
SCR-0010599,HS-004662,0,11,2025-11-11 23:41:56,2026-04-01 06:30:00
SCR-0010600,HS-004662,11,42,2025-11-18 09:49:42,2026-04-01 06:30:00
SCR-0010601,HS-004662,42,83,2025-11-20 11:07:29,2026-04-01 06:30:00
SCR-0010602,HS-004663,0,23,2025-09-05 02:29:10,2026-04-01 06:30:00
SCR-0010603,HS-004663,23,29,2025-09-07 19:59:28,2026-04-01 06:30:00
SCR-0010604,HS-004664,0,5,2025-09-23 06:42:56,2026-04-01 06:30:00
SCR-0010605,HS-004664,5,27,2025-10-08 18:37:51,2026-04-01 06:30:00
SCR-0010606,HS-004665,0,5,2025-10-05 17:45:06,2026-04-01 06:30:00
SCR-0010607,HS-004665,5,39,2025-10-19 02:45:59,2026-04-01 06:30:00
SCR-0010608,HS-004666,0,20,2026-01-13 17:06:53,2026-04-01 06:30:00
SCR-0010609,HS-004666,20,41,2026-01-21 10:32:53,2026-04-01 06:30:00
SCR-0010610,HS-004666,41,65,2026-01-22 05:38:22,2026-04-01 06:30:00
SCR-0010611,HS-004667,0,12,2025-11-26 00:10:29,2026-04-01 06:30:00
SCR-0010612,HS-004667,12,40,2025-12-09 14:26:16,2026-04-01 06:30:00
SCR-0010613,HS-004667,40,78,2025-12-10 06:39:34,2026-04-01 06:30:00
SCR-0010614,HS-004668,0,19,2025-10-16 16:12:35,2026-04-01 06:30:00
SCR-0010615,HS-004668,19,46,2025-10-28 17:49:18,2026-04-01 06:30:00
SCR-0010616,HS-004668,46,61,2025-10-29 08:54:34,2026-04-01 06:30:00
SCR-0010617,HS-004669,0,10,2025-08-29 12:02:54,2026-04-01 06:30:00
SCR-0010618,HS-004669,10,40,2025-09-03 01:51:56,2026-04-01 06:30:00
SCR-0010619,HS-004669,40,67,2025-09-04 20:42:33,2026-04-01 06:30:00
SCR-0010620,HS-004670,0,6,2026-03-20 00:04:29,2026-04-01 06:30:00
SCR-0010621,HS-004670,6,47,2026-03-28 04:06:27,2026-04-01 06:30:00
SCR-0010622,HS-004670,47,60,2026-03-30 12:57:18,2026-04-01 06:30:00
SCR-0010623,HS-004671,0,10,2025-12-01 05:19:45,2026-04-01 06:30:00
SCR-0010624,HS-004671,10,14,2025-12-07 07:50:47,2026-04-01 06:30:00
SCR-0010625,HS-004672,0,9,2025-12-19 09:44:43,2026-04-01 06:30:00
SCR-0010626,HS-004672,9,48,2025-12-22 06:17:16,2026-04-01 06:30:00
SCR-0010627,HS-004672,48,59,2025-12-23 18:35:42,2026-04-01 06:30:00
SCR-0010628,HS-004673,0,6,2025-10-24 12:22:13,2026-04-01 06:30:00
SCR-0010629,HS-004673,6,16,2025-10-31 00:26:15,2026-04-01 06:30:00
SCR-0010630,HS-004674,0,15,2025-12-10 19:35:53,2026-04-01 06:30:00
SCR-0010631,HS-004674,15,44,2025-12-13 02:59:54,2026-04-01 06:30:00
SCR-0010632,HS-004674,44,61,2025-12-15 11:01:56,2026-04-01 06:30:00
SCR-0010633,HS-004675,0,22,2025-11-25 12:29:28,2026-04-01 06:30:00
SCR-0010634,HS-004675,22,31,2025-12-07 01:32:37,2026-04-01 06:30:00
SCR-0010635,HS-004676,0,8,2026-03-03 16:05:42,2026-04-01 06:30:00
SCR-0010636,HS-004676,8,46,2026-03-12 14:18:58,2026-04-01 06:30:00
SCR-0010637,HS-004676,46,53,2026-03-14 12:07:16,2026-04-01 06:30:00
SCR-0010638,HS-004677,0,6,2025-09-05 09:33:18,2026-04-01 06:30:00
SCR-0010639,HS-004677,6,16,2025-09-12 14:17:14,2026-04-01 06:30:00
SCR-0010640,HS-004678,0,11,2025-12-18 01:14:50,2026-04-01 06:30:00
SCR-0010641,HS-004678,11,40,2025-12-26 01:27:10,2026-04-01 06:30:00
SCR-0010642,HS-004678,40,63,2025-12-29 01:08:25,2026-04-01 06:30:00
SCR-0010643,HS-004679,0,11,2026-03-20 00:29:34,2026-04-01 06:30:00
SCR-0010644,HS-004680,0,5,2026-02-21 06:09:04,2026-04-01 06:30:00
SCR-0010645,HS-004680,5,41,2026-02-26 06:22:45,2026-04-01 06:30:00
SCR-0010646,HS-004680,41,53,2026-02-27 11:55:13,2026-04-01 06:30:00
SCR-0010647,HS-004681,0,16,2025-11-15 15:49:47,2026-04-01 06:30:00
SCR-0010648,HS-004681,16,49,2025-11-20 01:52:07,2026-04-01 06:30:00
SCR-0010649,HS-004682,0,17,2026-01-27 15:18:37,2026-04-01 06:30:00
SCR-0010650,HS-004682,17,31,2026-02-14 04:08:25,2026-04-01 06:30:00
SCR-0010651,HS-004683,0,20,2025-12-20 03:57:41,2026-04-01 06:30:00
SCR-0010652,HS-004683,20,31,2025-12-28 07:04:49,2026-04-01 06:30:00
SCR-0010653,HS-004684,0,5,2026-02-14 05:23:00,2026-04-01 06:30:00
SCR-0010654,HS-004684,5,46,2026-02-20 19:22:47,2026-04-01 06:30:00
SCR-0010655,HS-004684,46,81,2026-02-22 08:54:36,2026-04-01 06:30:00
SCR-0010656,HS-004685,0,14,2026-02-16 18:05:18,2026-04-01 06:30:00
SCR-0010657,HS-004685,14,19,2026-03-03 04:51:29,2026-04-01 06:30:00
SCR-0010658,HS-004686,0,20,2025-09-25 04:36:42,2026-04-01 06:30:00
SCR-0010659,HS-004687,0,14,2025-09-09 02:18:42,2026-04-01 06:30:00
SCR-0010660,HS-004688,0,24,2026-02-17 06:42:25,2026-04-01 06:30:00
SCR-0010661,HS-004689,0,19,2025-10-29 00:26:49,2026-04-01 06:30:00
SCR-0010662,HS-004689,19,20,2025-10-30 14:05:15,2026-04-01 06:30:00
SCR-0010663,HS-004690,0,24,2026-01-10 17:27:57,2026-04-01 06:30:00
SCR-0010664,HS-004690,24,46,2026-01-27 02:56:45,2026-04-01 06:30:00
SCR-0010665,HS-004690,46,79,2026-01-29 03:23:59,2026-04-01 06:30:00
SCR-0010666,HS-004691,0,21,2026-02-28 11:51:04,2026-04-01 06:30:00
SCR-0010667,HS-004691,21,47,2026-03-03 19:20:31,2026-04-01 06:30:00
SCR-0010668,HS-004691,47,71,2026-03-06 18:55:26,2026-04-01 06:30:00
SCR-0010669,HS-004692,0,12,2026-01-11 22:03:32,2026-04-01 06:30:00
SCR-0010670,HS-004692,12,37,2026-01-26 05:23:36,2026-04-01 06:30:00
SCR-0010671,HS-004693,0,24,2026-02-07 13:33:53,2026-04-01 06:30:00
SCR-0010672,HS-004693,24,44,2026-02-13 10:32:57,2026-04-01 06:30:00
SCR-0010673,HS-004693,44,64,2026-02-13 12:17:38,2026-04-01 06:30:00
SCR-0010674,HS-004694,0,14,2025-09-07 05:30:30,2026-04-01 06:30:00
SCR-0010675,HS-004694,14,48,2025-09-24 04:31:06,2026-04-01 06:30:00
SCR-0010676,HS-004694,48,81,2025-09-25 01:02:26,2026-04-01 06:30:00
SCR-0010677,HS-004695,0,11,2025-12-27 00:29:43,2026-04-01 06:30:00
SCR-0010678,HS-004695,11,48,2025-12-30 22:34:59,2026-04-01 06:30:00
SCR-0010679,HS-004695,48,68,2025-12-31 06:00:34,2026-04-01 06:30:00
SCR-0010680,HS-004696,0,23,2025-09-14 21:38:00,2026-04-01 06:30:00
SCR-0010681,HS-004696,23,32,2025-09-24 23:01:58,2026-04-01 06:30:00
SCR-0010682,HS-004697,0,15,2026-02-15 17:53:43,2026-04-01 06:30:00
SCR-0010683,HS-004697,15,47,2026-02-21 03:23:03,2026-04-01 06:30:00
SCR-0010684,HS-004697,47,57,2026-02-22 16:05:18,2026-04-01 06:30:00
SCR-0010685,HS-004698,0,24,2025-11-23 05:14:08,2026-04-01 06:30:00
SCR-0010686,HS-004699,0,17,2026-03-06 02:12:45,2026-04-01 06:30:00
SCR-0010687,HS-004699,17,43,2026-03-10 23:21:18,2026-04-01 06:30:00
SCR-0010688,HS-004699,43,67,2026-03-12 01:41:22,2026-04-01 06:30:00
SCR-0010689,HS-004700,0,11,2026-02-09 16:51:58,2026-04-01 06:30:00
SCR-0010690,HS-004700,11,41,2026-02-12 08:56:34,2026-04-01 06:30:00
SCR-0010691,HS-004700,41,87,2026-02-15 05:18:12,2026-04-01 06:30:00
SCR-0010692,HS-004701,0,9,2026-03-28 11:48:41,2026-04-01 06:30:00
SCR-0010693,HS-004701,9,25,2026-04-08 11:59:12,2026-04-01 06:30:00
SCR-0010694,HS-004702,0,9,2026-01-08 00:20:55,2026-04-01 06:30:00
SCR-0010695,HS-004702,9,23,2026-01-20 03:37:00,2026-04-01 06:30:00
SCR-0010696,HS-004703,0,24,2025-12-21 11:21:11,2026-04-01 06:30:00
SCR-0010697,HS-004704,0,5,2026-01-09 08:53:37,2026-04-01 06:30:00
SCR-0010698,HS-004704,5,43,2026-01-28 22:51:20,2026-04-01 06:30:00
SCR-0010699,HS-004704,43,82,2026-01-30 07:22:41,2026-04-01 06:30:00
SCR-0010700,HS-004705,0,5,2025-10-05 12:45:03,2026-04-01 06:30:00
SCR-0010701,HS-004705,5,29,2025-10-16 06:39:47,2026-04-01 06:30:00
SCR-0010702,HS-004706,0,19,2026-01-20 04:13:42,2026-04-01 06:30:00
SCR-0010703,HS-004706,19,45,2026-02-05 14:16:03,2026-04-01 06:30:00
SCR-0010704,HS-004706,45,77,2026-02-07 16:28:04,2026-04-01 06:30:00
SCR-0010705,HS-004707,0,5,2025-12-19 00:56:04,2026-04-01 06:30:00
SCR-0010706,HS-004707,5,41,2025-12-21 04:26:09,2026-04-01 06:30:00
SCR-0010707,HS-004707,41,80,2025-12-23 16:41:01,2026-04-01 06:30:00
SCR-0010708,HS-004708,0,14,2026-03-13 17:09:36,2026-04-01 06:30:00
SCR-0010709,HS-004708,14,42,2026-03-19 20:38:05,2026-04-01 06:30:00
SCR-0010710,HS-004708,42,70,2026-03-20 06:19:41,2026-04-01 06:30:00
SCR-0010711,HS-004709,0,12,2026-02-06 22:35:34,2026-04-01 06:30:00
SCR-0010712,HS-004709,12,45,2026-02-08 08:05:43,2026-04-01 06:30:00
SCR-0010713,HS-004709,45,55,2026-02-08 17:53:05,2026-04-01 06:30:00
SCR-0010714,HS-004710,0,7,2025-08-24 20:04:00,2026-04-01 06:30:00
SCR-0010715,HS-004710,7,45,2025-09-02 20:46:21,2026-04-01 06:30:00
SCR-0010716,HS-004710,45,57,2025-09-04 07:44:29,2026-04-01 06:30:00
SCR-0010717,HS-004711,0,19,2025-09-23 09:39:02,2026-04-01 06:30:00
SCR-0010718,HS-004711,19,47,2025-09-30 11:52:10,2026-04-01 06:30:00
SCR-0010719,HS-004711,47,84,2025-10-01 21:57:22,2026-04-01 06:30:00
SCR-0010720,HS-004712,0,5,2025-09-29 11:33:03,2026-04-01 06:30:00
SCR-0010721,HS-004712,5,42,2025-10-19 21:24:42,2026-04-01 06:30:00
SCR-0010722,HS-004712,42,69,2025-10-22 13:39:02,2026-04-01 06:30:00
SCR-0010723,HS-004713,0,11,2026-03-17 00:53:50,2026-04-01 06:30:00
SCR-0010724,HS-004713,11,40,2026-03-20 05:50:47,2026-04-01 06:30:00
SCR-0010725,HS-004713,40,66,2026-03-21 16:24:46,2026-04-01 06:30:00
SCR-0010726,HS-004714,0,19,2025-10-16 22:38:55,2026-04-01 06:30:00
SCR-0010727,HS-004715,0,8,2025-10-30 23:49:49,2026-04-01 06:30:00
SCR-0010728,HS-004715,8,47,2025-11-05 00:43:08,2026-04-01 06:30:00
SCR-0010729,HS-004715,47,53,2025-11-05 04:19:53,2026-04-01 06:30:00
SCR-0010730,HS-004716,0,10,2026-01-08 18:21:14,2026-04-01 06:30:00
SCR-0010731,HS-004716,10,16,2026-01-21 21:51:56,2026-04-01 06:30:00
SCR-0010732,HS-004717,0,23,2025-12-23 21:21:59,2026-04-01 06:30:00
SCR-0010733,HS-004717,23,48,2025-12-31 08:32:17,2026-04-01 06:30:00
SCR-0010734,HS-004717,48,50,2026-01-02 15:35:51,2026-04-01 06:30:00
SCR-0010735,HS-004718,0,15,2026-02-20 10:50:28,2026-04-01 06:30:00
SCR-0010736,HS-004719,0,9,2025-12-25 02:10:19,2026-04-01 06:30:00
SCR-0010737,HS-004719,9,48,2026-01-06 16:47:15,2026-04-01 06:30:00
SCR-0010738,HS-004719,48,75,2026-01-08 23:41:20,2026-04-01 06:30:00
SCR-0010739,HS-004720,0,21,2025-12-21 21:39:18,2026-04-01 06:30:00
SCR-0010740,HS-004720,21,25,2026-01-06 03:03:31,2026-04-01 06:30:00
SCR-0010741,HS-004721,0,16,2025-10-25 20:32:34,2026-04-01 06:30:00
SCR-0010742,HS-004721,16,41,2025-10-29 14:15:58,2026-04-01 06:30:00
SCR-0010743,HS-004721,41,54,2025-10-31 03:34:33,2026-04-01 06:30:00
SCR-0010744,HS-004722,0,24,2025-12-07 06:25:52,2026-04-01 06:30:00
SCR-0010745,HS-004722,24,33,2025-12-21 11:27:34,2026-04-01 06:30:00
SCR-0010746,HS-004723,0,11,2025-11-23 16:38:00,2026-04-01 06:30:00
SCR-0010747,HS-004723,11,42,2025-11-27 23:32:57,2026-04-01 06:30:00
SCR-0010748,HS-004723,42,79,2025-11-30 09:37:15,2026-04-01 06:30:00
SCR-0010749,HS-004724,0,20,2025-10-29 22:22:06,2026-04-01 06:30:00
SCR-0010750,HS-004725,0,8,2026-03-17 11:29:14,2026-04-01 06:30:00
SCR-0010751,HS-004725,8,41,2026-03-28 07:28:31,2026-04-01 06:30:00
SCR-0010752,HS-004725,41,79,2026-03-28 21:08:28,2026-04-01 06:30:00
SCR-0010753,HS-004726,0,7,2026-02-26 08:40:35,2026-04-01 06:30:00
SCR-0010754,HS-004726,7,30,2026-03-04 03:14:23,2026-04-01 06:30:00
SCR-0010755,HS-004727,0,9,2025-11-13 00:40:52,2026-04-01 06:30:00
SCR-0010756,HS-004727,9,41,2025-11-17 00:43:31,2026-04-01 06:30:00
SCR-0010757,HS-004727,41,69,2025-11-17 02:56:02,2026-04-01 06:30:00
SCR-0010758,HS-004728,0,5,2025-09-11 10:41:01,2026-04-01 06:30:00
SCR-0010759,HS-004728,5,34,2025-09-23 17:34:31,2026-04-01 06:30:00
SCR-0010760,HS-004729,0,17,2026-01-13 10:10:31,2026-04-01 06:30:00
SCR-0010761,HS-004729,17,30,2026-02-01 08:35:25,2026-04-01 06:30:00
SCR-0010762,HS-004730,0,19,2026-03-05 12:24:57,2026-04-01 06:30:00
SCR-0010763,HS-004731,0,12,2025-09-04 10:35:39,2026-04-01 06:30:00
SCR-0010764,HS-004731,12,46,2025-09-17 04:32:36,2026-04-01 06:30:00
SCR-0010765,HS-004731,46,83,2025-09-17 06:43:22,2026-04-01 06:30:00
SCR-0010766,HS-004732,0,10,2025-12-07 02:28:50,2026-04-01 06:30:00
SCR-0010767,HS-004732,10,44,2025-12-27 04:59:34,2026-04-01 06:30:00
SCR-0010768,HS-004732,44,53,2025-12-27 20:04:50,2026-04-01 06:30:00
SCR-0010769,HS-004733,0,17,2025-10-04 11:58:24,2026-04-01 06:30:00
SCR-0010770,HS-004733,17,28,2025-10-08 12:53:56,2026-04-01 06:30:00
SCR-0010771,HS-004734,0,14,2025-09-22 22:06:23,2026-04-01 06:30:00
SCR-0010772,HS-004734,14,47,2025-09-26 08:28:15,2026-04-01 06:30:00
SCR-0010773,HS-004734,47,70,2025-09-29 00:38:34,2026-04-01 06:30:00
SCR-0010774,HS-004735,0,15,2026-01-11 02:14:21,2026-04-01 06:30:00
SCR-0010775,HS-004735,15,45,2026-01-17 00:54:32,2026-04-01 06:30:00
SCR-0010776,HS-004735,45,77,2026-01-18 00:45:12,2026-04-01 06:30:00
SCR-0010777,HS-004736,0,11,2025-11-16 19:25:17,2026-04-01 06:30:00
SCR-0010778,HS-004736,11,41,2025-11-20 14:45:31,2026-04-01 06:30:00
SCR-0010779,HS-004736,41,50,2025-11-22 06:04:04,2026-04-01 06:30:00
SCR-0010780,HS-004737,0,11,2026-01-19 14:36:02,2026-04-01 06:30:00
SCR-0010781,HS-004737,11,42,2026-01-23 10:25:42,2026-04-01 06:30:00
SCR-0010782,HS-004737,42,63,2026-01-24 04:25:01,2026-04-01 06:30:00
SCR-0010783,HS-004738,0,15,2025-12-22 01:56:46,2026-04-01 06:30:00
SCR-0010784,HS-004738,15,31,2025-12-29 10:48:38,2026-04-01 06:30:00
SCR-0010785,HS-004739,0,18,2026-03-23 12:55:33,2026-04-01 06:30:00
SCR-0010786,HS-004739,18,32,2026-04-05 00:53:16,2026-04-01 06:30:00
SCR-0010787,HS-004740,0,24,2026-03-01 17:38:51,2026-04-01 06:30:00
SCR-0010788,HS-004740,24,45,2026-03-12 12:16:10,2026-04-01 06:30:00
SCR-0010789,HS-004740,45,82,2026-03-13 01:20:50,2026-04-01 06:30:00
SCR-0010790,HS-004741,0,7,2025-09-20 18:10:54,2026-04-01 06:30:00
SCR-0010791,HS-004741,7,35,2025-09-25 07:48:03,2026-04-01 06:30:00
SCR-0010792,HS-004742,0,7,2025-12-15 13:41:38,2026-04-01 06:30:00
SCR-0010793,HS-004742,7,45,2025-12-22 15:00:14,2026-04-01 06:30:00
SCR-0010794,HS-004742,45,85,2025-12-23 15:48:44,2026-04-01 06:30:00
SCR-0010795,HS-004743,0,23,2026-02-07 03:36:05,2026-04-01 06:30:00
SCR-0010796,HS-004744,0,19,2025-11-05 15:51:54,2026-04-01 06:30:00
SCR-0010797,HS-004744,19,37,2025-11-15 13:33:27,2026-04-01 06:30:00
SCR-0010798,HS-004745,0,14,2025-09-01 08:23:20,2026-04-01 06:30:00
SCR-0010799,HS-004745,14,47,2025-09-08 10:03:51,2026-04-01 06:30:00
SCR-0010800,HS-004745,47,53,2025-09-09 07:04:02,2026-04-01 06:30:00
SCR-0010801,HS-004746,0,7,2026-01-22 00:33:15,2026-04-01 06:30:00
SCR-0010802,HS-004746,7,42,2026-02-02 16:25:14,2026-04-01 06:30:00
SCR-0010803,HS-004746,42,67,2026-02-02 16:57:31,2026-04-01 06:30:00
SCR-0010804,HS-004747,0,24,2026-02-23 10:42:04,2026-04-01 06:30:00
SCR-0010805,HS-004747,24,31,2026-02-26 06:55:53,2026-04-01 06:30:00
SCR-0010806,HS-004748,0,10,2025-09-08 06:06:32,2026-04-01 06:30:00
SCR-0010807,HS-004748,10,44,2025-09-15 13:18:33,2026-04-01 06:30:00
SCR-0010808,HS-004748,44,68,2025-09-17 06:25:22,2026-04-01 06:30:00
SCR-0010809,HS-004749,0,9,2025-11-13 00:11:22,2026-04-01 06:30:00
SCR-0010810,HS-004749,9,33,2025-11-26 15:07:28,2026-04-01 06:30:00
SCR-0010811,HS-004750,0,24,2026-01-17 19:07:32,2026-04-01 06:30:00
SCR-0010812,HS-004750,24,46,2026-01-29 01:54:46,2026-04-01 06:30:00
SCR-0010813,HS-004750,46,61,2026-01-29 02:53:26,2026-04-01 06:30:00
SCR-0010814,HS-004751,0,13,2026-01-06 21:55:30,2026-04-01 06:30:00
SCR-0010815,HS-004751,13,40,2026-01-14 00:44:38,2026-04-01 06:30:00
SCR-0010816,HS-004751,40,73,2026-01-14 10:00:00,2026-04-01 06:30:00
SCR-0010817,HS-004752,0,23,2026-02-12 02:07:50,2026-04-01 06:30:00
SCR-0010818,HS-004753,0,9,2025-12-13 05:07:44,2026-04-01 06:30:00
SCR-0010819,HS-004753,9,45,2025-12-17 01:26:02,2026-04-01 06:30:00
SCR-0010820,HS-004753,45,83,2025-12-17 04:10:15,2026-04-01 06:30:00
SCR-0010821,HS-004754,0,18,2025-11-28 01:47:40,2026-04-01 06:30:00
SCR-0010822,HS-004754,18,48,2025-12-03 08:51:33,2026-04-01 06:30:00
SCR-0010823,HS-004754,48,86,2025-12-05 00:57:12,2026-04-01 06:30:00
SCR-0010824,HS-004755,0,23,2025-12-31 10:57:03,2026-04-01 06:30:00
SCR-0010825,HS-004755,23,32,2026-01-08 00:40:54,2026-04-01 06:30:00
SCR-0010826,HS-004756,0,8,2025-12-07 22:23:07,2026-04-01 06:30:00
SCR-0010827,HS-004756,8,13,2025-12-13 03:39:05,2026-04-01 06:30:00
SCR-0010828,HS-004757,0,9,2025-11-15 07:16:17,2026-04-01 06:30:00
SCR-0010829,HS-004757,9,47,2025-11-29 13:05:12,2026-04-01 06:30:00
SCR-0010830,HS-004757,47,87,2025-12-01 08:11:53,2026-04-01 06:30:00
SCR-0010831,HS-004758,0,18,2025-10-08 05:54:28,2026-04-01 06:30:00
SCR-0010832,HS-004759,0,9,2025-11-16 22:39:51,2026-04-01 06:30:00
SCR-0010833,HS-004759,9,43,2025-11-24 17:21:02,2026-04-01 06:30:00
SCR-0010834,HS-004759,43,69,2025-11-26 15:31:25,2026-04-01 06:30:00
SCR-0010835,HS-004760,0,5,2026-03-12 22:31:14,2026-04-01 06:30:00
SCR-0010836,HS-004760,5,41,2026-03-15 11:45:34,2026-04-01 06:30:00
SCR-0010837,HS-004761,0,21,2026-01-30 04:45:38,2026-04-01 06:30:00
SCR-0010838,HS-004761,21,31,2026-02-08 16:17:41,2026-04-01 06:30:00
SCR-0010839,HS-004762,0,12,2025-10-16 09:59:34,2026-04-01 06:30:00
SCR-0010840,HS-004762,12,43,2025-10-27 09:08:30,2026-04-01 06:30:00
SCR-0010841,HS-004762,43,90,2025-10-29 04:56:27,2026-04-01 06:30:00
SCR-0010842,HS-004763,0,13,2025-12-01 20:13:35,2026-04-01 06:30:00
SCR-0010843,HS-004763,13,20,2025-12-17 14:47:01,2026-04-01 06:30:00
SCR-0010844,HS-004764,0,14,2026-02-17 18:27:21,2026-04-01 06:30:00
SCR-0010845,HS-004764,14,48,2026-02-23 20:53:32,2026-04-01 06:30:00
SCR-0010846,HS-004764,48,55,2026-02-26 20:02:52,2026-04-01 06:30:00
SCR-0010847,HS-004765,0,14,2026-03-01 22:26:35,2026-04-01 06:30:00
SCR-0010848,HS-004765,14,44,2026-03-04 07:36:26,2026-04-01 06:30:00
SCR-0010849,HS-004765,44,63,2026-03-06 07:29:32,2026-04-01 06:30:00
SCR-0010850,HS-004766,0,15,2025-09-24 09:39:53,2026-04-01 06:30:00
SCR-0010851,HS-004766,15,27,2025-10-06 17:26:57,2026-04-01 06:30:00
SCR-0010852,HS-004767,0,9,2025-10-04 13:34:24,2026-04-01 06:30:00
SCR-0010853,HS-004768,0,9,2026-03-15 07:58:43,2026-04-01 06:30:00
SCR-0010854,HS-004768,9,43,2026-03-19 15:33:16,2026-04-01 06:30:00
SCR-0010855,HS-004768,43,51,2026-03-20 11:36:08,2026-04-01 06:30:00
SCR-0010856,HS-004769,0,22,2026-02-05 10:47:26,2026-04-01 06:30:00
SCR-0010857,HS-004769,22,48,2026-02-11 11:05:06,2026-04-01 06:30:00
SCR-0010858,HS-004770,0,17,2026-01-15 08:34:22,2026-04-01 06:30:00
SCR-0010859,HS-004770,17,48,2026-01-19 12:32:29,2026-04-01 06:30:00
SCR-0010860,HS-004770,48,90,2026-01-21 14:34:25,2026-04-01 06:30:00
SCR-0010861,HS-004771,0,8,2026-03-16 15:58:31,2026-04-01 06:30:00
SCR-0010862,HS-004772,0,6,2025-10-05 15:42:26,2026-04-01 06:30:00
SCR-0010863,HS-004773,0,15,2025-12-26 08:08:41,2026-04-01 06:30:00
SCR-0010864,HS-004773,15,24,2026-01-01 07:42:02,2026-04-01 06:30:00
SCR-0010865,HS-004774,0,21,2025-09-18 04:08:09,2026-04-01 06:30:00
SCR-0010866,HS-004775,0,7,2026-02-24 10:28:06,2026-04-01 06:30:00
SCR-0010867,HS-004775,7,22,2026-03-03 05:07:59,2026-04-01 06:30:00
SCR-0010868,HS-004776,0,24,2025-12-24 09:15:35,2026-04-01 06:30:00
SCR-0010869,HS-004776,24,46,2026-01-07 05:01:14,2026-04-01 06:30:00
SCR-0010870,HS-004776,46,60,2026-01-10 03:17:43,2026-04-01 06:30:00
SCR-0010871,HS-004777,0,10,2025-11-16 04:06:06,2026-04-01 06:30:00
SCR-0010872,HS-004777,10,27,2025-12-06 03:22:17,2026-04-01 06:30:00
SCR-0010873,HS-004778,0,8,2025-11-10 23:39:30,2026-04-01 06:30:00
SCR-0010874,HS-004778,8,44,2025-11-18 19:20:41,2026-04-01 06:30:00
SCR-0010875,HS-004778,44,66,2025-11-19 01:41:58,2026-04-01 06:30:00
SCR-0010876,HS-004779,0,21,2026-02-10 10:39:12,2026-04-01 06:30:00
SCR-0010877,HS-004779,21,43,2026-02-14 00:48:10,2026-04-01 06:30:00
SCR-0010878,HS-004779,43,64,2026-02-14 15:07:52,2026-04-01 06:30:00
SCR-0010879,HS-004780,0,21,2025-10-09 20:10:36,2026-04-01 06:30:00
SCR-0010880,HS-004780,21,33,2025-10-16 17:04:05,2026-04-01 06:30:00
SCR-0010881,HS-004781,0,10,2025-11-03 00:22:25,2026-04-01 06:30:00
SCR-0010882,HS-004781,10,42,2025-11-08 20:07:34,2026-04-01 06:30:00
SCR-0010883,HS-004781,42,54,2025-11-10 19:28:58,2026-04-01 06:30:00
SCR-0010884,HS-004782,0,21,2025-11-24 19:47:25,2026-04-01 06:30:00
SCR-0010885,HS-004783,0,15,2025-12-12 06:42:35,2026-04-01 06:30:00
SCR-0010886,HS-004783,15,46,2025-12-25 20:49:31,2026-04-01 06:30:00
SCR-0010887,HS-004783,46,80,2025-12-28 14:19:34,2026-04-01 06:30:00
SCR-0010888,HS-004784,0,17,2025-11-06 20:25:06,2026-04-01 06:30:00
SCR-0010889,HS-004784,17,47,2025-11-13 23:12:49,2026-04-01 06:30:00
SCR-0010890,HS-004784,47,88,2025-11-16 21:50:53,2026-04-01 06:30:00
SCR-0010891,HS-004785,0,21,2026-01-30 04:23:42,2026-04-01 06:30:00
SCR-0010892,HS-004785,21,32,2026-02-01 23:49:54,2026-04-01 06:30:00
SCR-0010893,HS-004786,0,8,2026-02-28 16:31:12,2026-04-01 06:30:00
SCR-0010894,HS-004786,8,22,2026-03-05 01:42:19,2026-04-01 06:30:00
SCR-0010895,HS-004787,0,8,2025-12-19 10:43:20,2026-04-01 06:30:00
SCR-0010896,HS-004787,8,30,2026-01-08 07:26:00,2026-04-01 06:30:00
SCR-0010897,HS-004788,0,5,2026-03-26 15:52:26,2026-04-01 06:30:00
SCR-0010898,HS-004788,5,35,2026-04-12 15:34:55,2026-04-01 06:30:00
SCR-0010899,HS-004789,0,7,2025-09-02 09:34:33,2026-04-01 06:30:00
SCR-0010900,HS-004789,7,10,2025-09-21 20:40:02,2026-04-01 06:30:00
SCR-0010901,HS-004790,0,5,2025-12-07 15:10:10,2026-04-01 06:30:00
SCR-0010902,HS-004790,5,48,2025-12-11 06:42:33,2026-04-01 06:30:00
SCR-0010903,HS-004790,48,77,2025-12-12 18:42:40,2026-04-01 06:30:00
SCR-0010904,HS-004791,0,13,2026-01-06 05:24:24,2026-04-01 06:30:00
SCR-0010905,HS-004791,13,40,2026-01-14 00:04:21,2026-04-01 06:30:00
SCR-0010906,HS-004791,40,69,2026-01-15 05:47:53,2026-04-01 06:30:00
SCR-0010907,HS-004792,0,5,2026-03-17 07:13:02,2026-04-01 06:30:00
SCR-0010908,HS-004792,5,40,2026-03-21 05:27:16,2026-04-01 06:30:00
SCR-0010909,HS-004792,40,70,2026-03-24 04:21:23,2026-04-01 06:30:00
SCR-0010910,HS-004793,0,13,2025-11-13 18:57:38,2026-04-01 06:30:00
SCR-0010911,HS-004793,13,48,2025-11-19 03:23:05,2026-04-01 06:30:00
SCR-0010912,HS-004793,48,88,2025-11-20 19:04:01,2026-04-01 06:30:00
SCR-0010913,HS-004794,0,20,2026-03-09 15:11:55,2026-04-01 06:30:00
SCR-0010914,HS-004795,0,19,2025-08-30 13:55:27,2026-04-01 06:30:00
SCR-0010915,HS-004795,19,42,2025-09-07 12:03:15,2026-04-01 06:30:00
SCR-0010916,HS-004795,42,90,2025-09-08 10:25:16,2026-04-01 06:30:00
SCR-0010917,HS-004796,0,7,2026-02-12 10:58:09,2026-04-01 06:30:00
SCR-0010918,HS-004796,7,48,2026-02-18 06:42:47,2026-04-01 06:30:00
SCR-0010919,HS-004796,48,69,2026-02-19 13:35:32,2026-04-01 06:30:00
SCR-0010920,HS-004797,0,16,2025-10-11 11:25:21,2026-04-01 06:30:00
SCR-0010921,HS-004798,0,14,2025-12-09 10:24:09,2026-04-01 06:30:00
SCR-0010922,HS-004798,14,19,2025-12-11 19:14:10,2026-04-01 06:30:00
SCR-0010923,HS-004799,0,15,2026-01-28 01:55:49,2026-04-01 06:30:00
SCR-0010924,HS-004799,15,48,2026-02-03 09:37:31,2026-04-01 06:30:00
SCR-0010925,HS-004799,48,85,2026-02-05 21:12:39,2026-04-01 06:30:00
SCR-0010926,HS-004800,0,18,2026-03-25 19:24:08,2026-04-01 06:30:00
SCR-0010927,HS-004800,18,33,2026-03-27 12:23:22,2026-04-01 06:30:00
SCR-0010928,HS-004801,0,13,2026-03-14 06:45:41,2026-04-01 06:30:00
SCR-0010929,HS-004801,13,45,2026-03-23 18:25:47,2026-04-01 06:30:00
SCR-0010930,HS-004802,0,19,2025-09-07 23:53:50,2026-04-01 06:30:00
SCR-0010931,HS-004802,19,38,2025-09-21 02:34:32,2026-04-01 06:30:00
SCR-0010932,HS-004803,0,18,2025-09-03 21:52:48,2026-04-01 06:30:00
SCR-0010933,HS-004803,18,26,2025-09-15 05:07:05,2026-04-01 06:30:00
SCR-0010934,HS-004804,0,19,2025-09-25 06:21:39,2026-04-01 06:30:00
SCR-0010935,HS-004804,19,46,2025-10-05 10:39:34,2026-04-01 06:30:00
SCR-0010936,HS-004804,46,54,2025-10-08 08:27:54,2026-04-01 06:30:00
SCR-0010937,HS-004805,0,23,2026-02-18 14:00:05,2026-04-01 06:30:00
SCR-0010938,HS-004805,23,40,2026-02-24 05:12:34,2026-04-01 06:30:00
SCR-0010939,HS-004805,40,64,2026-02-25 16:31:46,2026-04-01 06:30:00
SCR-0010940,HS-004806,0,21,2025-12-02 08:49:39,2026-04-01 06:30:00
SCR-0010941,HS-004806,21,29,2025-12-07 11:24:33,2026-04-01 06:30:00
SCR-0010942,HS-004807,0,15,2025-11-30 17:37:59,2026-04-01 06:30:00
SCR-0010943,HS-004807,15,48,2025-12-03 14:40:31,2026-04-01 06:30:00
SCR-0010944,HS-004807,48,78,2025-12-05 05:43:37,2026-04-01 06:30:00
SCR-0010945,HS-004808,0,12,2026-02-06 08:27:33,2026-04-01 06:30:00
SCR-0010946,HS-004808,12,45,2026-02-14 20:04:37,2026-04-01 06:30:00
SCR-0010947,HS-004808,45,84,2026-02-16 16:43:55,2026-04-01 06:30:00
SCR-0010948,HS-004809,0,20,2025-09-18 00:49:52,2026-04-01 06:30:00
SCR-0010949,HS-004809,20,45,2025-09-22 21:45:57,2026-04-01 06:30:00
SCR-0010950,HS-004809,45,54,2025-09-25 13:32:08,2026-04-01 06:30:00
SCR-0010951,HS-004810,0,21,2026-02-02 03:27:58,2026-04-01 06:30:00
SCR-0010952,HS-004810,21,41,2026-02-09 17:09:38,2026-04-01 06:30:00
SCR-0010953,HS-004810,41,72,2026-02-10 04:33:33,2026-04-01 06:30:00
SCR-0010954,HS-004811,0,14,2025-12-27 20:58:36,2026-04-01 06:30:00
SCR-0010955,HS-004811,14,44,2025-12-31 03:12:20,2026-04-01 06:30:00
SCR-0010956,HS-004812,0,5,2025-11-27 00:56:27,2026-04-01 06:30:00
SCR-0010957,HS-004812,5,44,2025-12-02 16:33:01,2026-04-01 06:30:00
SCR-0010958,HS-004813,0,7,2026-02-28 17:50:36,2026-04-01 06:30:00
SCR-0010959,HS-004813,7,28,2026-03-15 21:53:20,2026-04-01 06:30:00
SCR-0010960,HS-004814,0,22,2025-10-27 00:27:53,2026-04-01 06:30:00
SCR-0010961,HS-004814,22,23,2025-11-11 06:21:50,2026-04-01 06:30:00
SCR-0010962,HS-004815,0,13,2025-12-06 04:30:25,2026-04-01 06:30:00
SCR-0010963,HS-004815,13,31,2025-12-20 12:21:35,2026-04-01 06:30:00
SCR-0010964,HS-004816,0,7,2026-03-10 21:15:53,2026-04-01 06:30:00
SCR-0010965,HS-004816,7,47,2026-03-20 13:37:54,2026-04-01 06:30:00
SCR-0010966,HS-004816,47,62,2026-03-21 21:26:40,2026-04-01 06:30:00
SCR-0010967,HS-004817,0,14,2026-03-04 19:29:30,2026-04-01 06:30:00
SCR-0010968,HS-004817,14,35,2026-03-21 10:13:33,2026-04-01 06:30:00
SCR-0010969,HS-004818,0,22,2026-02-27 14:26:11,2026-04-01 06:30:00
SCR-0010970,HS-004818,22,44,2026-03-17 11:03:12,2026-04-01 06:30:00
SCR-0010971,HS-004818,44,64,2026-03-18 02:44:29,2026-04-01 06:30:00
SCR-0010972,HS-004819,0,24,2025-10-20 18:20:46,2026-04-01 06:30:00
SCR-0010973,HS-004819,24,42,2025-11-02 23:39:46,2026-04-01 06:30:00
SCR-0010974,HS-004819,42,64,2025-11-04 11:48:08,2026-04-01 06:30:00
SCR-0010975,HS-004820,0,9,2025-12-27 16:44:19,2026-04-01 06:30:00
SCR-0010976,HS-004820,9,47,2026-01-03 00:15:20,2026-04-01 06:30:00
SCR-0010977,HS-004820,47,55,2026-01-05 05:48:13,2026-04-01 06:30:00
SCR-0010978,HS-004821,0,17,2026-03-10 01:47:56,2026-04-01 06:30:00
SCR-0010979,HS-004822,0,23,2026-02-19 15:54:17,2026-04-01 06:30:00
SCR-0010980,HS-004823,0,12,2026-03-01 20:55:58,2026-04-01 06:30:00
SCR-0010981,HS-004823,12,40,2026-03-19 03:17:47,2026-04-01 06:30:00
SCR-0010982,HS-004823,40,65,2026-03-20 17:06:02,2026-04-01 06:30:00
SCR-0010983,HS-004824,0,17,2025-09-29 09:25:13,2026-04-01 06:30:00
SCR-0010984,HS-004824,17,19,2025-10-09 08:21:32,2026-04-01 06:30:00
SCR-0010985,HS-004825,0,10,2025-11-07 22:28:50,2026-04-01 06:30:00
SCR-0010986,HS-004825,10,42,2025-11-10 13:35:24,2026-04-01 06:30:00
SCR-0010987,HS-004825,42,51,2025-11-13 12:16:54,2026-04-01 06:30:00
SCR-0010988,HS-004826,0,9,2026-03-08 06:53:36,2026-04-01 06:30:00
SCR-0010989,HS-004826,9,46,2026-03-15 20:03:12,2026-04-01 06:30:00
SCR-0010990,HS-004826,46,63,2026-03-18 00:26:52,2026-04-01 06:30:00
SCR-0010991,HS-004827,0,20,2025-10-12 22:20:21,2026-04-01 06:30:00
SCR-0010992,HS-004827,20,28,2025-10-14 00:07:48,2026-04-01 06:30:00
SCR-0010993,HS-004828,0,16,2025-12-29 06:53:00,2026-04-01 06:30:00
SCR-0010994,HS-004828,16,43,2026-01-07 00:32:46,2026-04-01 06:30:00
SCR-0010995,HS-004828,43,85,2026-01-08 03:16:29,2026-04-01 06:30:00
SCR-0010996,HS-004829,0,15,2026-01-05 11:45:40,2026-04-01 06:30:00
SCR-0010997,HS-004829,15,30,2026-01-10 21:41:27,2026-04-01 06:30:00
SCR-0010998,HS-004830,0,13,2025-09-17 23:34:44,2026-04-01 06:30:00
SCR-0010999,HS-004830,13,47,2025-10-01 00:20:14,2026-04-01 06:30:00
SCR-0011000,HS-004830,47,80,2025-10-01 02:30:21,2026-04-01 06:30:00
SCR-0011001,HS-004831,0,12,2026-02-28 13:18:55,2026-04-01 06:30:00
SCR-0011002,HS-004831,12,38,2026-03-06 08:17:20,2026-04-01 06:30:00
SCR-0011003,HS-004832,0,5,2025-11-29 05:16:48,2026-04-01 06:30:00
SCR-0011004,HS-004832,5,34,2025-12-07 22:36:11,2026-04-01 06:30:00
SCR-0011005,HS-004833,0,12,2025-10-12 08:51:52,2026-04-01 06:30:00
SCR-0011006,HS-004833,12,41,2025-10-22 08:11:46,2026-04-01 06:30:00
SCR-0011007,HS-004833,41,65,2025-10-22 18:46:22,2026-04-01 06:30:00
SCR-0011008,HS-004834,0,20,2026-01-22 07:10:28,2026-04-01 06:30:00
SCR-0011009,HS-004834,20,45,2026-01-30 03:46:10,2026-04-01 06:30:00
SCR-0011010,HS-004834,45,53,2026-01-31 08:09:20,2026-04-01 06:30:00
SCR-0011011,HS-004835,0,14,2025-12-04 08:02:09,2026-04-01 06:30:00
SCR-0011012,HS-004835,14,43,2025-12-24 13:02:24,2026-04-01 06:30:00
SCR-0011013,HS-004836,0,10,2025-10-17 00:26:15,2026-04-01 06:30:00
SCR-0011014,HS-004836,10,37,2025-10-26 17:33:08,2026-04-01 06:30:00
SCR-0011015,HS-004837,0,23,2026-01-11 20:00:24,2026-04-01 06:30:00
SCR-0011016,HS-004837,23,35,2026-01-26 01:31:04,2026-04-01 06:30:00
SCR-0011017,HS-004838,0,10,2025-09-08 09:27:56,2026-04-01 06:30:00
SCR-0011018,HS-004838,10,45,2025-09-11 23:58:40,2026-04-01 06:30:00
SCR-0011019,HS-004838,45,90,2025-09-14 10:16:32,2026-04-01 06:30:00
SCR-0011020,HS-004839,0,6,2026-02-04 01:52:31,2026-04-01 06:30:00
SCR-0011021,HS-004839,6,20,2026-02-22 00:36:43,2026-04-01 06:30:00
SCR-0011022,HS-004840,0,6,2025-10-18 19:39:41,2026-04-01 06:30:00
SCR-0011023,HS-004840,6,46,2025-10-21 02:23:05,2026-04-01 06:30:00
SCR-0011024,HS-004840,46,57,2025-10-21 16:29:46,2026-04-01 06:30:00
SCR-0011025,HS-004841,0,12,2025-12-08 17:11:19,2026-04-01 06:30:00
SCR-0011026,HS-004841,12,24,2025-12-16 01:24:43,2026-04-01 06:30:00
SCR-0011027,HS-004842,0,12,2025-12-17 16:43:17,2026-04-01 06:30:00
SCR-0011028,HS-004842,12,48,2025-12-27 03:08:10,2026-04-01 06:30:00
SCR-0011029,HS-004842,48,72,2025-12-28 14:44:55,2026-04-01 06:30:00
SCR-0011030,HS-004843,0,15,2025-12-01 22:55:21,2026-04-01 06:30:00
SCR-0011031,HS-004843,15,44,2025-12-14 09:58:23,2026-04-01 06:30:00
SCR-0011032,HS-004843,44,87,2025-12-14 11:42:41,2026-04-01 06:30:00
SCR-0011033,HS-004844,0,22,2026-01-18 04:46:42,2026-04-01 06:30:00
SCR-0011034,HS-004845,0,5,2025-12-11 05:31:32,2026-04-01 06:30:00
SCR-0011035,HS-004845,5,23,2025-12-17 07:25:09,2026-04-01 06:30:00
SCR-0011036,HS-004846,0,16,2026-03-30 00:07:33,2026-04-01 06:30:00
SCR-0011037,HS-004847,0,15,2025-12-19 22:56:19,2026-04-01 06:30:00
SCR-0011038,HS-004847,15,44,2025-12-24 12:16:00,2026-04-01 06:30:00
SCR-0011039,HS-004847,44,77,2025-12-25 06:18:24,2026-04-01 06:30:00
SCR-0011040,HS-004848,0,24,2025-10-10 13:43:02,2026-04-01 06:30:00
SCR-0011041,HS-004849,0,15,2025-10-07 07:00:48,2026-04-01 06:30:00
SCR-0011042,HS-004849,15,30,2025-10-20 13:25:32,2026-04-01 06:30:00
SCR-0011043,HS-004850,0,21,2025-09-02 15:26:23,2026-04-01 06:30:00
SCR-0011044,HS-004850,21,31,2025-09-12 06:50:12,2026-04-01 06:30:00
SCR-0011045,HS-004851,0,8,2025-10-15 06:51:35,2026-04-01 06:30:00
SCR-0011046,HS-004851,8,20,2025-10-19 13:19:05,2026-04-01 06:30:00
SCR-0011047,HS-004852,0,22,2025-09-30 13:24:26,2026-04-01 06:30:00
SCR-0011048,HS-004852,22,35,2025-10-03 08:24:32,2026-04-01 06:30:00
SCR-0011049,HS-004853,0,21,2025-11-11 06:50:47,2026-04-01 06:30:00
SCR-0011050,HS-004853,21,26,2025-11-28 15:20:05,2026-04-01 06:30:00
SCR-0011051,HS-004854,0,14,2025-10-29 16:01:15,2026-04-01 06:30:00
SCR-0011052,HS-004854,14,47,2025-11-03 09:25:07,2026-04-01 06:30:00
SCR-0011053,HS-004854,47,90,2025-11-05 01:59:19,2026-04-01 06:30:00
SCR-0011054,HS-004855,0,12,2026-02-09 05:55:22,2026-04-01 06:30:00
SCR-0011055,HS-004855,12,48,2026-02-12 07:28:11,2026-04-01 06:30:00
SCR-0011056,HS-004856,0,12,2025-09-05 05:00:18,2026-04-01 06:30:00
SCR-0011057,HS-004856,12,42,2025-09-10 20:43:24,2026-04-01 06:30:00
SCR-0011058,HS-004856,42,85,2025-09-11 00:26:54,2026-04-01 06:30:00
SCR-0011059,HS-004857,0,22,2026-02-09 21:08:15,2026-04-01 06:30:00
SCR-0011060,HS-004857,22,43,2026-02-12 01:10:24,2026-04-01 06:30:00
SCR-0011061,HS-004857,43,80,2026-02-12 22:02:34,2026-04-01 06:30:00
SCR-0011062,HS-004858,0,23,2025-11-07 05:30:02,2026-04-01 06:30:00
SCR-0011063,HS-004858,23,25,2025-11-18 14:43:47,2026-04-01 06:30:00
SCR-0011064,HS-004859,0,9,2025-12-16 12:10:19,2026-04-01 06:30:00
SCR-0011065,HS-004859,9,12,2025-12-30 19:29:14,2026-04-01 06:30:00
SCR-0011066,HS-004860,0,5,2025-12-31 03:18:09,2026-04-01 06:30:00
SCR-0011067,HS-004860,5,39,2026-01-10 06:47:15,2026-04-01 06:30:00
SCR-0011068,HS-004861,0,7,2026-03-22 05:15:18,2026-04-01 06:30:00
SCR-0011069,HS-004861,7,20,2026-03-30 15:59:15,2026-04-01 06:30:00
SCR-0011070,HS-004862,0,16,2026-01-30 13:15:01,2026-04-01 06:30:00
SCR-0011071,HS-004862,16,48,2026-02-05 20:04:05,2026-04-01 06:30:00
SCR-0011072,HS-004862,48,74,2026-02-08 15:56:56,2026-04-01 06:30:00
SCR-0011073,HS-004863,0,14,2025-12-27 04:44:37,2026-04-01 06:30:00
SCR-0011074,HS-004863,14,42,2026-01-05 03:15:51,2026-04-01 06:30:00
SCR-0011075,HS-004863,42,61,2026-01-05 09:37:10,2026-04-01 06:30:00
SCR-0011076,HS-004864,0,18,2025-11-21 17:04:10,2026-04-01 06:30:00
SCR-0011077,HS-004864,18,20,2025-12-02 08:56:16,2026-04-01 06:30:00
SCR-0011078,HS-004865,0,18,2025-09-16 04:59:30,2026-04-01 06:30:00
SCR-0011079,HS-004865,18,45,2025-09-23 00:05:41,2026-04-01 06:30:00
SCR-0011080,HS-004865,45,69,2025-09-25 16:50:59,2026-04-01 06:30:00
SCR-0011081,HS-004866,0,21,2025-11-11 01:41:10,2026-04-01 06:30:00
SCR-0011082,HS-004867,0,19,2025-11-07 10:58:41,2026-04-01 06:30:00
SCR-0011083,HS-004867,19,48,2025-11-17 05:25:58,2026-04-01 06:30:00
SCR-0011084,HS-004867,48,82,2025-11-19 18:47:25,2026-04-01 06:30:00
SCR-0011085,HS-004868,0,13,2025-12-18 18:36:20,2026-04-01 06:30:00
SCR-0011086,HS-004868,13,42,2025-12-21 15:33:14,2026-04-01 06:30:00
SCR-0011087,HS-004869,0,17,2026-02-08 02:40:27,2026-04-01 06:30:00
SCR-0011088,HS-004869,17,32,2026-02-18 17:35:38,2026-04-01 06:30:00
SCR-0011089,HS-004870,0,6,2025-10-30 06:44:35,2026-04-01 06:30:00
SCR-0011090,HS-004870,6,45,2025-11-09 09:45:48,2026-04-01 06:30:00
SCR-0011091,HS-004870,45,76,2025-11-11 01:45:39,2026-04-01 06:30:00
SCR-0011092,HS-004871,0,18,2026-03-24 02:56:10,2026-04-01 06:30:00
SCR-0011093,HS-004871,18,34,2026-03-28 15:31:15,2026-04-01 06:30:00
SCR-0011094,HS-004872,0,20,2026-02-05 15:52:30,2026-04-01 06:30:00
SCR-0011095,HS-004872,20,43,2026-02-08 12:52:54,2026-04-01 06:30:00
SCR-0011096,HS-004872,43,54,2026-02-11 02:37:21,2026-04-01 06:30:00
SCR-0011097,HS-004873,0,17,2025-09-28 13:49:07,2026-04-01 06:30:00
SCR-0011098,HS-004873,17,45,2025-10-08 08:32:45,2026-04-01 06:30:00
SCR-0011099,HS-004873,45,66,2025-10-10 14:03:47,2026-04-01 06:30:00
SCR-0011100,HS-004874,0,18,2025-10-23 22:45:43,2026-04-01 06:30:00
SCR-0011101,HS-004874,18,46,2025-11-07 13:37:47,2026-04-01 06:30:00
SCR-0011102,HS-004874,46,67,2025-11-08 20:18:02,2026-04-01 06:30:00
SCR-0011103,HS-004875,0,17,2025-10-17 02:23:19,2026-04-01 06:30:00
SCR-0011104,HS-004875,17,47,2025-10-23 12:46:28,2026-04-01 06:30:00
SCR-0011105,HS-004875,47,55,2025-10-24 19:13:23,2026-04-01 06:30:00
SCR-0011106,HS-004876,0,9,2025-10-08 03:07:20,2026-04-01 06:30:00
SCR-0011107,HS-004876,9,42,2025-10-14 18:55:11,2026-04-01 06:30:00
SCR-0011108,HS-004876,42,68,2025-10-14 23:47:42,2026-04-01 06:30:00
SCR-0011109,HS-004877,0,19,2025-12-02 08:16:12,2026-04-01 06:30:00
SCR-0011110,HS-004877,19,49,2025-12-18 21:53:54,2026-04-01 06:30:00
SCR-0011111,HS-004878,0,22,2025-09-24 06:18:07,2026-04-01 06:30:00
SCR-0011112,HS-004879,0,5,2025-12-17 03:24:58,2026-04-01 06:30:00
SCR-0011113,HS-004879,5,18,2026-01-03 01:45:53,2026-04-01 06:30:00
SCR-0011114,HS-004880,0,23,2025-10-18 18:20:59,2026-04-01 06:30:00
SCR-0011115,HS-004881,0,15,2025-10-14 12:01:20,2026-04-01 06:30:00
SCR-0011116,HS-004881,15,47,2025-10-25 11:03:23,2026-04-01 06:30:00
SCR-0011117,HS-004881,47,68,2025-10-27 02:40:15,2026-04-01 06:30:00
SCR-0011118,HS-004882,0,19,2026-01-27 11:10:55,2026-04-01 06:30:00
SCR-0011119,HS-004882,19,40,2026-01-31 03:50:53,2026-04-01 06:30:00
SCR-0011120,HS-004882,40,81,2026-02-01 23:04:58,2026-04-01 06:30:00
SCR-0011121,HS-004883,0,10,2025-10-01 20:39:52,2026-04-01 06:30:00
SCR-0011122,HS-004884,0,11,2025-10-20 12:34:29,2026-04-01 06:30:00
SCR-0011123,HS-004884,11,47,2025-10-30 03:07:53,2026-04-01 06:30:00
SCR-0011124,HS-004885,0,13,2025-09-25 01:10:02,2026-04-01 06:30:00
SCR-0011125,HS-004885,13,44,2025-10-02 13:41:02,2026-04-01 06:30:00
SCR-0011126,HS-004885,44,71,2025-10-05 01:08:58,2026-04-01 06:30:00
SCR-0011127,HS-004886,0,11,2026-03-26 19:52:20,2026-04-01 06:30:00
SCR-0011128,HS-004886,11,21,2026-03-29 07:48:35,2026-04-01 06:30:00
SCR-0011129,HS-004887,0,9,2025-12-26 14:29:01,2026-04-01 06:30:00
SCR-0011130,HS-004887,9,45,2026-01-02 04:58:08,2026-04-01 06:30:00
SCR-0011131,HS-004887,45,89,2026-01-03 02:07:42,2026-04-01 06:30:00
SCR-0011132,HS-004888,0,14,2025-09-22 11:13:23,2026-04-01 06:30:00
SCR-0011133,HS-004888,14,17,2025-09-28 07:02:45,2026-04-01 06:30:00
SCR-0011134,HS-004889,0,15,2025-10-07 00:44:47,2026-04-01 06:30:00
SCR-0011135,HS-004889,15,40,2025-10-14 06:37:38,2026-04-01 06:30:00
SCR-0011136,HS-004889,40,89,2025-10-14 23:11:13,2026-04-01 06:30:00
SCR-0011137,HS-004890,0,16,2026-01-13 16:16:21,2026-04-01 06:30:00
SCR-0011138,HS-004890,16,38,2026-01-28 20:06:46,2026-04-01 06:30:00
SCR-0011139,HS-004891,0,12,2026-03-17 14:55:38,2026-04-01 06:30:00
SCR-0011140,HS-004891,12,47,2026-03-21 06:22:14,2026-04-01 06:30:00
SCR-0011141,HS-004891,47,51,2026-03-21 13:59:12,2026-04-01 06:30:00
SCR-0011142,HS-004892,0,7,2025-10-30 02:03:04,2026-04-01 06:30:00
SCR-0011143,HS-004892,7,11,2025-11-06 20:47:11,2026-04-01 06:30:00
SCR-0011144,HS-004893,0,22,2026-03-14 02:55:41,2026-04-01 06:30:00
SCR-0011145,HS-004894,0,18,2026-02-01 22:23:06,2026-04-01 06:30:00
SCR-0011146,HS-004894,18,42,2026-02-04 15:44:27,2026-04-01 06:30:00
SCR-0011147,HS-004894,42,60,2026-02-05 07:56:59,2026-04-01 06:30:00
SCR-0011148,HS-004895,0,6,2026-01-03 02:50:43,2026-04-01 06:30:00
SCR-0011149,HS-004895,6,16,2026-01-07 11:23:47,2026-04-01 06:30:00
SCR-0011150,HS-004896,0,18,2025-10-24 17:26:06,2026-04-01 06:30:00
SCR-0011151,HS-004896,18,42,2025-10-26 07:46:00,2026-04-01 06:30:00
SCR-0011152,HS-004896,42,82,2025-10-27 18:27:21,2026-04-01 06:30:00
SCR-0011153,HS-004897,0,11,2025-10-03 01:15:50,2026-04-01 06:30:00
SCR-0011154,HS-004897,11,47,2025-10-09 19:20:56,2026-04-01 06:30:00
SCR-0011155,HS-004898,0,16,2025-11-01 15:31:57,2026-04-01 06:30:00
SCR-0011156,HS-004898,16,42,2025-11-10 03:19:49,2026-04-01 06:30:00
SCR-0011157,HS-004899,0,18,2025-10-31 04:34:13,2026-04-01 06:30:00
SCR-0011158,HS-004899,18,43,2025-11-06 02:47:25,2026-04-01 06:30:00
SCR-0011159,HS-004899,43,90,2025-11-08 02:04:24,2026-04-01 06:30:00
SCR-0011160,HS-004900,0,16,2025-09-23 22:01:53,2026-04-01 06:30:00
SCR-0011161,HS-004900,16,32,2025-10-03 07:14:02,2026-04-01 06:30:00
SCR-0011162,HS-004901,0,6,2026-02-11 12:35:42,2026-04-01 06:30:00
SCR-0011163,HS-004901,6,46,2026-02-19 01:25:49,2026-04-01 06:30:00
SCR-0011164,HS-004901,46,73,2026-02-20 10:26:45,2026-04-01 06:30:00
SCR-0011165,HS-004902,0,7,2025-10-27 00:33:23,2026-04-01 06:30:00
SCR-0011166,HS-004902,7,14,2025-11-10 05:25:53,2026-04-01 06:30:00
SCR-0011167,HS-004903,0,9,2026-02-04 06:20:35,2026-04-01 06:30:00
SCR-0011168,HS-004903,9,25,2026-02-09 18:14:55,2026-04-01 06:30:00
SCR-0011169,HS-004904,0,19,2026-01-21 12:13:01,2026-04-01 06:30:00
SCR-0011170,HS-004904,19,46,2026-01-24 02:59:04,2026-04-01 06:30:00
SCR-0011171,HS-004904,46,76,2026-01-24 14:26:20,2026-04-01 06:30:00
SCR-0011172,HS-004905,0,8,2025-12-17 14:32:27,2026-04-01 06:30:00
SCR-0011173,HS-004905,8,33,2025-12-22 08:52:00,2026-04-01 06:30:00
SCR-0011174,HS-004906,0,21,2026-02-17 07:19:58,2026-04-01 06:30:00
SCR-0011175,HS-004906,21,32,2026-03-04 00:11:00,2026-04-01 06:30:00
SCR-0011176,HS-004907,0,21,2025-09-03 05:25:57,2026-04-01 06:30:00
SCR-0011177,HS-004907,21,41,2025-09-15 23:33:41,2026-04-01 06:30:00
SCR-0011178,HS-004907,41,85,2025-09-16 23:25:06,2026-04-01 06:30:00
SCR-0011179,HS-004908,0,24,2025-12-09 12:42:02,2026-04-01 06:30:00
SCR-0011180,HS-004908,24,33,2025-12-14 10:30:00,2026-04-01 06:30:00
SCR-0011181,HS-004909,0,10,2026-01-10 22:47:20,2026-04-01 06:30:00
SCR-0011182,HS-004909,10,18,2026-01-24 04:38:33,2026-04-01 06:30:00
SCR-0011183,HS-004910,0,23,2025-12-25 00:03:33,2026-04-01 06:30:00
SCR-0011184,HS-004910,23,40,2025-12-31 01:46:18,2026-04-01 06:30:00
SCR-0011185,HS-004910,40,52,2026-01-02 22:09:23,2026-04-01 06:30:00
SCR-0011186,HS-004911,0,17,2026-03-16 05:43:25,2026-04-01 06:30:00
SCR-0011187,HS-004912,0,17,2026-02-10 09:44:20,2026-04-01 06:30:00
SCR-0011188,HS-004912,17,41,2026-02-23 13:15:59,2026-04-01 06:30:00
SCR-0011189,HS-004912,41,67,2026-02-24 10:46:49,2026-04-01 06:30:00
SCR-0011190,HS-004913,0,17,2026-02-24 11:21:41,2026-04-01 06:30:00
SCR-0011191,HS-004913,17,47,2026-02-28 14:22:02,2026-04-01 06:30:00
SCR-0011192,HS-004914,0,11,2026-02-10 20:49:52,2026-04-01 06:30:00
SCR-0011193,HS-004914,11,43,2026-02-13 09:43:18,2026-04-01 06:30:00
SCR-0011194,HS-004914,43,68,2026-02-14 20:29:16,2026-04-01 06:30:00
SCR-0011195,HS-004915,0,7,2025-11-13 17:54:42,2026-04-01 06:30:00
SCR-0011196,HS-004915,7,8,2025-11-25 14:27:17,2026-04-01 06:30:00
SCR-0011197,HS-004916,0,21,2026-02-24 06:35:50,2026-04-01 06:30:00
SCR-0011198,HS-004916,21,43,2026-03-04 09:29:44,2026-04-01 06:30:00
SCR-0011199,HS-004916,43,90,2026-03-04 17:13:41,2026-04-01 06:30:00
SCR-0011200,HS-004917,0,11,2025-11-10 03:28:34,2026-04-01 06:30:00
SCR-0011201,HS-004917,11,21,2025-11-25 15:54:06,2026-04-01 06:30:00
SCR-0011202,HS-004918,0,17,2025-10-06 14:55:17,2026-04-01 06:30:00
SCR-0011203,HS-004918,17,40,2025-10-26 03:09:54,2026-04-01 06:30:00
SCR-0011204,HS-004918,40,55,2025-10-26 16:02:46,2026-04-01 06:30:00
SCR-0011205,HS-004919,0,23,2026-03-01 12:01:36,2026-04-01 06:30:00
SCR-0011206,HS-004920,0,9,2025-09-03 21:01:24,2026-04-01 06:30:00
SCR-0011207,HS-004920,9,38,2025-09-08 08:59:02,2026-04-01 06:30:00
SCR-0011208,HS-004921,0,7,2026-03-02 14:09:24,2026-04-01 06:30:00
SCR-0011209,HS-004921,7,18,2026-03-16 20:34:35,2026-04-01 06:30:00
SCR-0011210,HS-004922,0,11,2026-03-13 06:11:50,2026-04-01 06:30:00
SCR-0011211,HS-004922,11,42,2026-03-21 05:12:12,2026-04-01 06:30:00
SCR-0011212,HS-004922,42,81,2026-03-24 00:29:33,2026-04-01 06:30:00
SCR-0011213,HS-004923,0,13,2026-01-13 10:39:56,2026-04-01 06:30:00
SCR-0011214,HS-004924,0,9,2025-12-14 05:24:42,2026-04-01 06:30:00
SCR-0011215,HS-004924,9,17,2025-12-19 03:31:27,2026-04-01 06:30:00
SCR-0011216,HS-004925,0,5,2025-12-14 04:57:35,2026-04-01 06:30:00
SCR-0011217,HS-004925,5,48,2025-12-19 00:33:39,2026-04-01 06:30:00
SCR-0011218,HS-004925,48,73,2025-12-20 13:16:43,2026-04-01 06:30:00
SCR-0011219,HS-004926,0,5,2025-11-20 20:05:44,2026-04-01 06:30:00
SCR-0011220,HS-004926,5,6,2025-11-25 16:45:38,2026-04-01 06:30:00
SCR-0011221,HS-004927,0,10,2025-10-10 08:04:38,2026-04-01 06:30:00
SCR-0011222,HS-004928,0,5,2026-03-24 09:26:27,2026-04-01 06:30:00
SCR-0011223,HS-004928,5,25,2026-03-30 13:34:11,2026-04-01 06:30:00
SCR-0011224,HS-004929,0,5,2026-02-22 18:15:18,2026-04-01 06:30:00
SCR-0011225,HS-004929,5,8,2026-02-24 04:42:08,2026-04-01 06:30:00
SCR-0011226,HS-004930,0,11,2026-02-21 14:54:32,2026-04-01 06:30:00
SCR-0011227,HS-004930,11,13,2026-03-05 10:09:05,2026-04-01 06:30:00
SCR-0011228,HS-004931,0,8,2025-11-28 19:42:16,2026-04-01 06:30:00
SCR-0011229,HS-004931,8,46,2025-12-05 20:07:43,2026-04-01 06:30:00
SCR-0011230,HS-004932,0,11,2025-11-14 11:44:22,2026-04-01 06:30:00
SCR-0011231,HS-004932,11,18,2025-11-21 19:48:04,2026-04-01 06:30:00
SCR-0011232,HS-004933,0,5,2026-01-25 05:51:36,2026-04-01 06:30:00
SCR-0011233,HS-004933,5,38,2026-02-04 05:52:28,2026-04-01 06:30:00
SCR-0011234,HS-004934,0,20,2026-03-04 18:56:04,2026-04-01 06:30:00
SCR-0011235,HS-004935,0,9,2026-03-11 19:31:58,2026-04-01 06:30:00
SCR-0011236,HS-004935,9,49,2026-03-26 12:37:26,2026-04-01 06:30:00
SCR-0011237,HS-004936,0,8,2025-12-21 11:17:27,2026-04-01 06:30:00
SCR-0011238,HS-004936,8,22,2026-01-09 05:06:05,2026-04-01 06:30:00
SCR-0011239,HS-004937,0,15,2025-09-15 12:40:15,2026-04-01 06:30:00
SCR-0011240,HS-004937,15,46,2025-09-23 14:25:38,2026-04-01 06:30:00
SCR-0011241,HS-004937,46,80,2025-09-24 09:20:18,2026-04-01 06:30:00
SCR-0011242,HS-004938,0,7,2026-02-19 16:04:49,2026-04-01 06:30:00
SCR-0011243,HS-004938,7,43,2026-03-01 18:50:07,2026-04-01 06:30:00
SCR-0011244,HS-004939,0,6,2026-03-21 02:07:11,2026-04-01 06:30:00
SCR-0011245,HS-004939,6,18,2026-03-26 23:07:42,2026-04-01 06:30:00
SCR-0011246,HS-004940,0,9,2026-02-16 19:18:40,2026-04-01 06:30:00
SCR-0011247,HS-004940,9,34,2026-03-08 14:51:14,2026-04-01 06:30:00
SCR-0011248,HS-004941,0,24,2025-12-31 00:59:14,2026-04-01 06:30:00
SCR-0011249,HS-004941,24,42,2026-01-05 02:10:54,2026-04-01 06:30:00
SCR-0011250,HS-004941,42,69,2026-01-05 03:14:35,2026-04-01 06:30:00
SCR-0011251,HS-004942,0,14,2025-10-22 05:39:54,2026-04-01 06:30:00
SCR-0011252,HS-004942,14,48,2025-10-30 22:29:42,2026-04-01 06:30:00
SCR-0011253,HS-004942,48,68,2025-11-01 12:06:53,2026-04-01 06:30:00
SCR-0011254,HS-004943,0,7,2026-02-02 03:21:28,2026-04-01 06:30:00
SCR-0011255,HS-004943,7,42,2026-02-10 01:46:56,2026-04-01 06:30:00
SCR-0011256,HS-004943,42,86,2026-02-10 14:02:27,2026-04-01 06:30:00
SCR-0011257,HS-004944,0,9,2025-09-13 02:42:43,2026-04-01 06:30:00
SCR-0011258,HS-004944,9,42,2025-09-16 11:47:18,2026-04-01 06:30:00
SCR-0011259,HS-004944,42,89,2025-09-17 23:27:19,2026-04-01 06:30:00
SCR-0011260,HS-004945,0,17,2025-09-03 10:34:31,2026-04-01 06:30:00
SCR-0011261,HS-004945,17,23,2025-09-18 19:03:31,2026-04-01 06:30:00
SCR-0011262,HS-004946,0,18,2026-02-14 17:53:40,2026-04-01 06:30:00
SCR-0011263,HS-004946,18,43,2026-02-20 18:01:15,2026-04-01 06:30:00
SCR-0011264,HS-004946,43,64,2026-02-21 15:57:16,2026-04-01 06:30:00
SCR-0011265,HS-004947,0,7,2026-02-03 20:27:22,2026-04-01 06:30:00
SCR-0011266,HS-004947,7,11,2026-02-11 22:03:08,2026-04-01 06:30:00
SCR-0011267,HS-004948,0,18,2026-03-15 01:09:54,2026-04-01 06:30:00
SCR-0011268,HS-004949,0,14,2025-11-08 06:47:36,2026-04-01 06:30:00
SCR-0011269,HS-004949,14,27,2025-11-16 09:45:19,2026-04-01 06:30:00
SCR-0011270,HS-004950,0,16,2025-11-06 15:14:02,2026-04-01 06:30:00
SCR-0011271,HS-004951,0,24,2025-10-22 20:45:43,2026-04-01 06:30:00
SCR-0011272,HS-004952,0,9,2025-09-12 14:55:19,2026-04-01 06:30:00
SCR-0011273,HS-004952,9,21,2025-09-16 19:36:47,2026-04-01 06:30:00
SCR-0011274,HS-004953,0,5,2026-02-10 14:30:57,2026-04-01 06:30:00
SCR-0011275,HS-004953,5,44,2026-02-19 23:07:21,2026-04-01 06:30:00
SCR-0011276,HS-004953,44,77,2026-02-22 21:56:59,2026-04-01 06:30:00
SCR-0011277,HS-004954,0,23,2026-03-23 15:11:44,2026-04-01 06:30:00
SCR-0011278,HS-004955,0,7,2025-11-24 00:29:52,2026-04-01 06:30:00
SCR-0011279,HS-004955,7,22,2025-11-27 14:32:10,2026-04-01 06:30:00
SCR-0011280,HS-004956,0,5,2025-11-11 19:44:38,2026-04-01 06:30:00
SCR-0011281,HS-004956,5,36,2025-11-20 11:38:53,2026-04-01 06:30:00
SCR-0011282,HS-004957,0,10,2025-11-19 06:08:50,2026-04-01 06:30:00
SCR-0011283,HS-004957,10,30,2025-11-23 11:21:37,2026-04-01 06:30:00
SCR-0011284,HS-004958,0,16,2025-11-05 08:52:10,2026-04-01 06:30:00
SCR-0011285,HS-004958,16,43,2025-11-09 06:33:56,2026-04-01 06:30:00
SCR-0011286,HS-004958,43,65,2025-11-11 02:58:25,2026-04-01 06:30:00
SCR-0011287,HS-004959,0,10,2026-02-05 15:52:21,2026-04-01 06:30:00
SCR-0011288,HS-004959,10,43,2026-02-22 11:15:32,2026-04-01 06:30:00
SCR-0011289,HS-004959,43,84,2026-02-23 01:05:57,2026-04-01 06:30:00
SCR-0011290,HS-004960,0,24,2026-01-06 15:02:15,2026-04-01 06:30:00
SCR-0011291,HS-004960,24,48,2026-01-13 02:37:12,2026-04-01 06:30:00
SCR-0011292,HS-004960,48,58,2026-01-13 14:50:16,2026-04-01 06:30:00
SCR-0011293,HS-004961,0,11,2025-10-13 17:48:17,2026-04-01 06:30:00
SCR-0011294,HS-004961,11,42,2025-10-22 22:06:08,2026-04-01 06:30:00
SCR-0011295,HS-004962,0,7,2025-11-12 03:50:05,2026-04-01 06:30:00
SCR-0011296,HS-004962,7,33,2025-11-30 11:40:15,2026-04-01 06:30:00
SCR-0011297,HS-004963,0,10,2026-01-27 10:24:26,2026-04-01 06:30:00
SCR-0011298,HS-004963,10,42,2026-02-04 21:50:07,2026-04-01 06:30:00
SCR-0011299,HS-004963,42,67,2026-02-04 22:43:54,2026-04-01 06:30:00
SCR-0011300,HS-004964,0,15,2025-11-07 19:48:03,2026-04-01 06:30:00
SCR-0011301,HS-004964,15,26,2025-11-20 23:52:09,2026-04-01 06:30:00
SCR-0011302,HS-004965,0,20,2026-01-25 18:16:09,2026-04-01 06:30:00
SCR-0011303,HS-004966,0,21,2025-09-10 00:15:47,2026-04-01 06:30:00
SCR-0011304,HS-004966,21,42,2025-09-18 19:50:47,2026-04-01 06:30:00
SCR-0011305,HS-004966,42,50,2025-09-19 03:05:30,2026-04-01 06:30:00
SCR-0011306,HS-004967,0,14,2025-12-08 19:05:57,2026-04-01 06:30:00
SCR-0011307,HS-004967,14,17,2025-12-10 05:56:06,2026-04-01 06:30:00
SCR-0011308,HS-004968,0,16,2025-10-02 12:54:09,2026-04-01 06:30:00
SCR-0011309,HS-004968,16,41,2025-10-11 03:40:24,2026-04-01 06:30:00
SCR-0011310,HS-004968,41,69,2025-10-13 00:38:19,2026-04-01 06:30:00
SCR-0011311,HS-004969,0,23,2025-11-09 09:18:31,2026-04-01 06:30:00
SCR-0011312,HS-004970,0,16,2026-01-27 13:22:06,2026-04-01 06:30:00
SCR-0011313,HS-004971,0,8,2026-03-12 09:40:03,2026-04-01 06:30:00
SCR-0011314,HS-004971,8,21,2026-03-25 12:38:15,2026-04-01 06:30:00
SCR-0011315,HS-004972,0,9,2026-03-15 03:00:23,2026-04-01 06:30:00
SCR-0011316,HS-004972,9,31,2026-03-26 02:29:29,2026-04-01 06:30:00
SCR-0011317,HS-004973,0,10,2026-01-25 21:23:43,2026-04-01 06:30:00
SCR-0011318,HS-004974,0,10,2025-12-12 04:45:21,2026-04-01 06:30:00
SCR-0011319,HS-004974,10,34,2025-12-18 17:03:03,2026-04-01 06:30:00
SCR-0011320,HS-004975,0,17,2025-12-06 12:37:34,2026-04-01 06:30:00
SCR-0011321,HS-004975,17,40,2025-12-10 09:20:50,2026-04-01 06:30:00
SCR-0011322,HS-004975,40,57,2025-12-12 05:29:15,2026-04-01 06:30:00
SCR-0011323,HS-004976,0,20,2026-03-21 19:15:55,2026-04-01 06:30:00
SCR-0011324,HS-004976,20,41,2026-03-27 09:30:47,2026-04-01 06:30:00
SCR-0011325,HS-004976,41,75,2026-03-28 02:26:21,2026-04-01 06:30:00
SCR-0011326,HS-004977,0,10,2026-03-27 11:00:37,2026-04-01 06:30:00
SCR-0011327,HS-004977,10,15,2026-04-01 14:44:11,2026-04-01 06:30:00
SCR-0011328,HS-004978,0,10,2025-10-09 20:56:05,2026-04-01 06:30:00
SCR-0011329,HS-004978,10,47,2025-10-16 22:37:31,2026-04-01 06:30:00
SCR-0011330,HS-004978,47,86,2025-10-17 18:39:27,2026-04-01 06:30:00
SCR-0011331,HS-004979,0,16,2025-12-20 04:48:25,2026-04-01 06:30:00
SCR-0011332,HS-004980,0,12,2026-02-12 22:37:00,2026-04-01 06:30:00
SCR-0011333,HS-004980,12,17,2026-02-18 01:37:49,2026-04-01 06:30:00
SCR-0011334,HS-004981,0,19,2026-03-23 16:00:20,2026-04-01 06:30:00
SCR-0011335,HS-004981,19,44,2026-03-25 17:12:27,2026-04-01 06:30:00
SCR-0011336,HS-004981,44,90,2026-03-25 22:37:54,2026-04-01 06:30:00
SCR-0011337,HS-004982,0,20,2025-10-04 02:24:20,2026-04-01 06:30:00
SCR-0011338,HS-004983,0,8,2025-11-07 11:16:44,2026-04-01 06:30:00
SCR-0011339,HS-004983,8,24,2025-11-18 06:40:17,2026-04-01 06:30:00
SCR-0011340,HS-004984,0,11,2025-11-04 12:33:43,2026-04-01 06:30:00
SCR-0011341,HS-004984,11,46,2025-11-11 15:50:32,2026-04-01 06:30:00
SCR-0011342,HS-004984,46,50,2025-11-14 06:21:31,2026-04-01 06:30:00
SCR-0011343,HS-004985,0,19,2025-10-16 20:30:49,2026-04-01 06:30:00
SCR-0011344,HS-004985,19,20,2025-10-29 09:19:47,2026-04-01 06:30:00
SCR-0011345,HS-004986,0,15,2025-11-21 08:09:10,2026-04-01 06:30:00
SCR-0011346,HS-004986,15,26,2025-11-26 12:28:32,2026-04-01 06:30:00
SCR-0011347,HS-004987,0,14,2025-11-01 19:59:54,2026-04-01 06:30:00
SCR-0011348,HS-004987,14,40,2025-11-08 07:22:52,2026-04-01 06:30:00
SCR-0011349,HS-004987,40,86,2025-11-08 10:51:37,2026-04-01 06:30:00
SCR-0011350,HS-004988,0,6,2026-01-26 00:04:33,2026-04-01 06:30:00
SCR-0011351,HS-004988,6,46,2026-01-28 03:46:34,2026-04-01 06:30:00
SCR-0011352,HS-004988,46,53,2026-01-30 11:43:18,2026-04-01 06:30:00
SCR-0011353,HS-004989,0,10,2026-01-12 18:52:45,2026-04-01 06:30:00
SCR-0011354,HS-004989,10,15,2026-01-16 22:17:15,2026-04-01 06:30:00
SCR-0011355,HS-004990,0,15,2026-02-07 21:12:22,2026-04-01 06:30:00
SCR-0011356,HS-004990,15,44,2026-02-13 10:41:03,2026-04-01 06:30:00
SCR-0011357,HS-004990,44,55,2026-02-15 14:24:03,2026-04-01 06:30:00
SCR-0011358,HS-004991,0,17,2025-11-20 21:53:06,2026-04-01 06:30:00
SCR-0011359,HS-004991,17,44,2025-11-28 00:52:39,2026-04-01 06:30:00
SCR-0011360,HS-004991,44,84,2025-11-30 18:15:52,2026-04-01 06:30:00
SCR-0011361,HS-004992,0,21,2025-12-29 18:52:00,2026-04-01 06:30:00
SCR-0011362,HS-004992,21,44,2026-01-15 08:21:32,2026-04-01 06:30:00
SCR-0011363,HS-004992,44,78,2026-01-18 07:10:29,2026-04-01 06:30:00
SCR-0011364,HS-004993,0,23,2025-09-18 15:41:23,2026-04-01 06:30:00
SCR-0011365,HS-004993,23,45,2025-09-27 01:47:34,2026-04-01 06:30:00
SCR-0011366,HS-004993,45,51,2025-09-27 16:45:24,2026-04-01 06:30:00
SCR-0011367,HS-004994,0,18,2026-03-02 13:50:34,2026-04-01 06:30:00
SCR-0011368,HS-004994,18,47,2026-03-09 18:32:05,2026-04-01 06:30:00
SCR-0011369,HS-004994,47,62,2026-03-12 13:57:25,2026-04-01 06:30:00
SCR-0011370,HS-004995,0,23,2025-12-07 19:28:55,2026-04-01 06:30:00
SCR-0011371,HS-004996,0,7,2026-01-29 03:20:23,2026-04-01 06:30:00
SCR-0011372,HS-004996,7,41,2026-02-12 20:25:52,2026-04-01 06:30:00
SCR-0011373,HS-004996,41,61,2026-02-15 12:06:22,2026-04-01 06:30:00
SCR-0011374,HS-004997,0,14,2026-02-14 06:41:09,2026-04-01 06:30:00
SCR-0011375,HS-004997,14,21,2026-03-05 11:06:46,2026-04-01 06:30:00
SCR-0011376,HS-004998,0,15,2025-11-10 20:02:04,2026-04-01 06:30:00
SCR-0011377,HS-004999,0,5,2026-02-02 01:23:08,2026-04-01 06:30:00
SCR-0011378,HS-004999,5,18,2026-02-15 21:52:43,2026-04-01 06:30:00
SCR-0011379,HS-005000,0,7,2025-11-12 08:42:32,2026-04-01 06:30:00
SCR-0011380,HS-005000,7,45,2025-11-26 03:01:06,2026-04-01 06:30:00
SCR-0011381,HS-005000,45,74,2025-11-27 00:35:35,2026-04-01 06:30:00
SCR-0011382,HS-005001,0,10,2025-09-09 17:20:43,2026-04-01 06:30:00
SCR-0011383,HS-005001,10,47,2025-09-15 02:23:15,2026-04-01 06:30:00
SCR-0011384,HS-005001,47,73,2025-09-15 16:09:22,2026-04-01 06:30:00
SCR-0011385,HS-005002,0,23,2025-10-23 23:45:37,2026-04-01 06:30:00
SCR-0011386,HS-005002,23,42,2025-10-29 04:25:02,2026-04-01 06:30:00
SCR-0011387,HS-005002,42,85,2025-10-29 15:46:24,2026-04-01 06:30:00
SCR-0011388,HS-005003,0,20,2025-11-22 23:43:43,2026-04-01 06:30:00
SCR-0011389,HS-005003,20,46,2025-11-29 12:11:47,2026-04-01 06:30:00
SCR-0011390,HS-005004,0,18,2025-12-28 03:39:36,2026-04-01 06:30:00
SCR-0011391,HS-005004,18,40,2026-01-12 05:02:18,2026-04-01 06:30:00
SCR-0011392,HS-005004,40,88,2026-01-13 02:40:00,2026-04-01 06:30:00
SCR-0011393,HS-005005,0,18,2026-01-03 04:29:13,2026-04-01 06:30:00
SCR-0011394,HS-005005,18,45,2026-01-08 23:46:39,2026-04-01 06:30:00
SCR-0011395,HS-005005,45,80,2026-01-11 10:47:02,2026-04-01 06:30:00
SCR-0011396,HS-005006,0,12,2026-02-12 12:17:56,2026-04-01 06:30:00
SCR-0011397,HS-005006,12,23,2026-02-19 22:52:59,2026-04-01 06:30:00
SCR-0011398,HS-005007,0,7,2025-09-15 14:41:07,2026-04-01 06:30:00
SCR-0011399,HS-005007,7,20,2025-09-19 10:39:10,2026-04-01 06:30:00
SCR-0011400,HS-005008,0,7,2026-03-22 02:18:28,2026-04-01 06:30:00
SCR-0011401,HS-005008,7,11,2026-04-04 23:25:34,2026-04-01 06:30:00
SCR-0011402,HS-005009,0,21,2025-10-28 11:25:40,2026-04-01 06:30:00
SCR-0011403,HS-005009,21,40,2025-11-03 20:35:36,2026-04-01 06:30:00
SCR-0011404,HS-005009,40,62,2025-11-04 06:43:49,2026-04-01 06:30:00
SCR-0011405,HS-005010,0,21,2025-12-05 12:57:41,2026-04-01 06:30:00
SCR-0011406,HS-005011,0,6,2025-11-28 00:42:18,2026-04-01 06:30:00
SCR-0011407,HS-005012,0,12,2025-10-06 20:23:15,2026-04-01 06:30:00
SCR-0011408,HS-005012,12,24,2025-10-17 22:16:23,2026-04-01 06:30:00
SCR-0011409,HS-005013,0,9,2025-12-28 05:23:00,2026-04-01 06:30:00
SCR-0011410,HS-005013,9,36,2026-01-01 12:32:20,2026-04-01 06:30:00
SCR-0011411,HS-005014,0,15,2026-02-07 21:20:41,2026-04-01 06:30:00
SCR-0011412,HS-005015,0,12,2026-02-14 06:55:48,2026-04-01 06:30:00
SCR-0011413,HS-005015,12,42,2026-02-22 07:25:41,2026-04-01 06:30:00
SCR-0011414,HS-005015,42,88,2026-02-24 21:06:49,2026-04-01 06:30:00
SCR-0011415,HS-005016,0,9,2025-10-13 17:05:40,2026-04-01 06:30:00
SCR-0011416,HS-005016,9,36,2025-10-29 14:01:20,2026-04-01 06:30:00
SCR-0011417,HS-005017,0,10,2025-11-17 01:58:35,2026-04-01 06:30:00
SCR-0011418,HS-005017,10,45,2025-11-22 02:26:14,2026-04-01 06:30:00
SCR-0011419,HS-005017,45,57,2025-11-24 18:33:55,2026-04-01 06:30:00
SCR-0011420,HS-005018,0,13,2025-10-12 02:01:25,2026-04-01 06:30:00
SCR-0011421,HS-005018,13,41,2025-10-15 20:04:38,2026-04-01 06:30:00
SCR-0011422,HS-005018,41,65,2025-10-18 08:16:43,2026-04-01 06:30:00
SCR-0011423,HS-005019,0,6,2025-09-20 09:23:11,2026-04-01 06:30:00
SCR-0011424,HS-005019,6,46,2025-09-26 17:51:38,2026-04-01 06:30:00
SCR-0011425,HS-005019,46,79,2025-09-27 01:35:10,2026-04-01 06:30:00
SCR-0011426,HS-005020,0,8,2025-11-15 16:47:46,2026-04-01 06:30:00
SCR-0011427,HS-005020,8,21,2025-11-21 02:47:30,2026-04-01 06:30:00
SCR-0011428,HS-005021,0,17,2026-02-15 14:07:16,2026-04-01 06:30:00
SCR-0011429,HS-005021,17,26,2026-03-04 11:09:42,2026-04-01 06:30:00
SCR-0011430,HS-005022,0,12,2026-01-15 12:04:05,2026-04-01 06:30:00
SCR-0011431,HS-005022,12,46,2026-01-19 16:27:24,2026-04-01 06:30:00
SCR-0011432,HS-005022,46,69,2026-01-20 14:05:20,2026-04-01 06:30:00
SCR-0011433,HS-005023,0,14,2026-02-22 03:12:33,2026-04-01 06:30:00
SCR-0011434,HS-005023,14,34,2026-03-03 22:18:43,2026-04-01 06:30:00
SCR-0011435,HS-005024,0,21,2025-11-12 18:48:59,2026-04-01 06:30:00
SCR-0011436,HS-005024,21,46,2025-11-18 22:53:19,2026-04-01 06:30:00
SCR-0011437,HS-005024,46,74,2025-11-21 06:02:32,2026-04-01 06:30:00
SCR-0011438,HS-005025,0,17,2025-11-30 06:19:06,2026-04-01 06:30:00
SCR-0011439,HS-005025,17,29,2025-12-15 02:17:23,2026-04-01 06:30:00
SCR-0011440,HS-005026,0,20,2025-12-07 06:27:58,2026-04-01 06:30:00
SCR-0011441,HS-005026,20,35,2025-12-15 09:22:29,2026-04-01 06:30:00
SCR-0011442,HS-005027,0,6,2026-01-27 01:09:40,2026-04-01 06:30:00
SCR-0011443,HS-005027,6,18,2026-02-15 20:00:52,2026-04-01 06:30:00
SCR-0011444,HS-005028,0,11,2026-03-28 10:55:02,2026-04-01 06:30:00
SCR-0011445,HS-005029,0,18,2025-09-18 16:55:04,2026-04-01 06:30:00
SCR-0011446,HS-005029,18,34,2025-09-27 07:52:00,2026-04-01 06:30:00
SCR-0011447,HS-005030,0,10,2025-10-01 03:05:48,2026-04-01 06:30:00
SCR-0011448,HS-005030,10,42,2025-10-11 15:38:12,2026-04-01 06:30:00
SCR-0011449,HS-005031,0,16,2025-09-10 19:25:33,2026-04-01 06:30:00
SCR-0011450,HS-005031,16,42,2025-09-20 17:48:54,2026-04-01 06:30:00
SCR-0011451,HS-005031,42,55,2025-09-23 16:09:56,2026-04-01 06:30:00
SCR-0011452,HS-005032,0,17,2026-02-05 12:04:22,2026-04-01 06:30:00
SCR-0011453,HS-005032,17,41,2026-02-09 02:38:02,2026-04-01 06:30:00
SCR-0011454,HS-005033,0,20,2026-01-22 16:45:26,2026-04-01 06:30:00
SCR-0011455,HS-005033,20,31,2026-01-26 20:39:38,2026-04-01 06:30:00
SCR-0011456,HS-005034,0,5,2025-09-15 09:21:33,2026-04-01 06:30:00
SCR-0011457,HS-005034,5,31,2025-09-19 14:23:33,2026-04-01 06:30:00
SCR-0011458,HS-005035,0,15,2026-01-13 10:22:22,2026-04-01 06:30:00
SCR-0011459,HS-005035,15,28,2026-01-21 19:03:37,2026-04-01 06:30:00
SCR-0011460,HS-005036,0,6,2025-09-15 20:59:34,2026-04-01 06:30:00
SCR-0011461,HS-005036,6,48,2025-09-27 02:18:11,2026-04-01 06:30:00
SCR-0011462,HS-005037,0,21,2025-09-19 17:57:07,2026-04-01 06:30:00
SCR-0011463,HS-005037,21,36,2025-10-01 06:39:46,2026-04-01 06:30:00
SCR-0011464,HS-005038,0,20,2026-01-20 00:08:36,2026-04-01 06:30:00
SCR-0011465,HS-005038,20,38,2026-01-26 03:36:12,2026-04-01 06:30:00
SCR-0011466,HS-005039,0,9,2026-01-27 14:44:51,2026-04-01 06:30:00
SCR-0011467,HS-005039,9,40,2026-01-31 07:29:56,2026-04-01 06:30:00
SCR-0011468,HS-005039,40,77,2026-02-02 09:28:14,2026-04-01 06:30:00
SCR-0011469,HS-005040,0,8,2025-09-29 15:50:25,2026-04-01 06:30:00
SCR-0011470,HS-005040,8,21,2025-10-06 12:15:30,2026-04-01 06:30:00
SCR-0011471,HS-005041,0,8,2026-02-20 18:33:04,2026-04-01 06:30:00
SCR-0011472,HS-005042,0,15,2025-10-02 10:45:33,2026-04-01 06:30:00
SCR-0011473,HS-005043,0,15,2026-02-04 14:27:57,2026-04-01 06:30:00
SCR-0011474,HS-005043,15,41,2026-02-17 04:23:09,2026-04-01 06:30:00
SCR-0011475,HS-005043,41,61,2026-02-17 19:58:40,2026-04-01 06:30:00
SCR-0011476,HS-005044,0,5,2026-01-03 06:18:38,2026-04-01 06:30:00
SCR-0011477,HS-005044,5,9,2026-01-19 20:38:23,2026-04-01 06:30:00
SCR-0011478,HS-005045,0,9,2025-10-04 01:40:20,2026-04-01 06:30:00
SCR-0011479,HS-005045,9,43,2025-10-10 05:53:47,2026-04-01 06:30:00
SCR-0011480,HS-005045,43,90,2025-10-12 12:42:11,2026-04-01 06:30:00
SCR-0011481,HS-005046,0,21,2026-01-18 07:16:33,2026-04-01 06:30:00
SCR-0011482,HS-005047,0,6,2025-11-12 19:10:58,2026-04-01 06:30:00
SCR-0011483,HS-005047,6,31,2025-11-21 12:21:33,2026-04-01 06:30:00
SCR-0011484,HS-005048,0,13,2026-01-23 14:27:18,2026-04-01 06:30:00
SCR-0011485,HS-005048,13,47,2026-01-28 00:34:05,2026-04-01 06:30:00
SCR-0011486,HS-005049,0,21,2025-10-10 09:28:03,2026-04-01 06:30:00
SCR-0011487,HS-005049,21,29,2025-10-17 02:10:22,2026-04-01 06:30:00
SCR-0011488,HS-005050,0,10,2025-10-16 03:15:37,2026-04-01 06:30:00
SCR-0011489,HS-005050,10,37,2025-10-27 16:34:52,2026-04-01 06:30:00
SCR-0011490,HS-005051,0,16,2025-10-19 12:28:20,2026-04-01 06:30:00
SCR-0011491,HS-005052,0,24,2025-12-29 22:55:16,2026-04-01 06:30:00
SCR-0011492,HS-005053,0,20,2025-11-20 03:04:03,2026-04-01 06:30:00
SCR-0011493,HS-005053,20,38,2025-11-27 06:22:26,2026-04-01 06:30:00
SCR-0011494,HS-005054,0,23,2026-03-24 06:12:47,2026-04-01 06:30:00
SCR-0011495,HS-005054,23,28,2026-03-28 14:02:13,2026-04-01 06:30:00
SCR-0011496,HS-005055,0,22,2025-12-13 14:44:25,2026-04-01 06:30:00
SCR-0011497,HS-005055,22,26,2025-12-21 14:41:42,2026-04-01 06:30:00
SCR-0011498,HS-005056,0,22,2026-01-25 00:53:18,2026-04-01 06:30:00
SCR-0011499,HS-005056,22,43,2026-01-28 03:08:01,2026-04-01 06:30:00
SCR-0011500,HS-005056,43,87,2026-01-30 06:47:33,2026-04-01 06:30:00
SCR-0011501,HS-005057,0,23,2026-03-25 22:29:07,2026-04-01 06:30:00
SCR-0011502,HS-005057,23,38,2026-04-06 10:27:10,2026-04-01 06:30:00
SCR-0011503,HS-005058,0,14,2026-02-12 02:54:36,2026-04-01 06:30:00
SCR-0011504,HS-005058,14,20,2026-02-24 16:13:49,2026-04-01 06:30:00
SCR-0011505,HS-005059,0,15,2025-09-27 20:51:10,2026-04-01 06:30:00
SCR-0011506,HS-005059,15,41,2025-10-05 18:26:49,2026-04-01 06:30:00
SCR-0011507,HS-005059,41,84,2025-10-06 20:45:48,2026-04-01 06:30:00
SCR-0011508,HS-005060,0,17,2025-12-27 00:20:59,2026-04-01 06:30:00
SCR-0011509,HS-005060,17,44,2026-01-09 06:35:53,2026-04-01 06:30:00
SCR-0011510,HS-005060,44,75,2026-01-11 23:08:05,2026-04-01 06:30:00
SCR-0011511,HS-005061,0,12,2025-12-05 14:22:00,2026-04-01 06:30:00
SCR-0011512,HS-005061,12,32,2025-12-25 04:28:54,2026-04-01 06:30:00
SCR-0011513,HS-005062,0,11,2025-10-29 02:01:40,2026-04-01 06:30:00
SCR-0011514,HS-005062,11,42,2025-11-02 11:33:08,2026-04-01 06:30:00
SCR-0011515,HS-005062,42,55,2025-11-04 03:44:28,2026-04-01 06:30:00
SCR-0011516,HS-005063,0,11,2025-09-16 18:02:56,2026-04-01 06:30:00
SCR-0011517,HS-005063,11,42,2025-09-21 15:56:50,2026-04-01 06:30:00
SCR-0011518,HS-005063,42,72,2025-09-22 06:04:12,2026-04-01 06:30:00
SCR-0011519,HS-005064,0,22,2026-03-21 16:26:00,2026-04-01 06:30:00
SCR-0011520,HS-005064,22,32,2026-03-30 15:07:36,2026-04-01 06:30:00
SCR-0011521,HS-005065,0,7,2025-09-24 04:21:55,2026-04-01 06:30:00
SCR-0011522,HS-005065,7,49,2025-09-29 03:10:04,2026-04-01 06:30:00
SCR-0011523,HS-005066,0,10,2025-11-05 01:17:09,2026-04-01 06:30:00
SCR-0011524,HS-005066,10,38,2025-11-06 01:48:50,2026-04-01 06:30:00
SCR-0011525,HS-005067,0,9,2025-10-18 15:39:02,2026-04-01 06:30:00
SCR-0011526,HS-005067,9,24,2025-11-07 03:56:12,2026-04-01 06:30:00
SCR-0011527,HS-005068,0,20,2025-10-05 06:12:04,2026-04-01 06:30:00
SCR-0011528,HS-005068,20,47,2025-10-16 08:00:11,2026-04-01 06:30:00
SCR-0011529,HS-005068,47,66,2025-10-18 22:55:40,2026-04-01 06:30:00
SCR-0011530,HS-005069,0,22,2026-03-13 06:29:57,2026-04-01 06:30:00
SCR-0011531,HS-005069,22,42,2026-03-18 01:48:29,2026-04-01 06:30:00
SCR-0011532,HS-005069,42,62,2026-03-18 11:19:57,2026-04-01 06:30:00
SCR-0011533,HS-005070,0,18,2026-01-22 05:41:28,2026-04-01 06:30:00
SCR-0011534,HS-005070,18,34,2026-01-28 19:09:26,2026-04-01 06:30:00
SCR-0011535,HS-005071,0,17,2025-11-23 21:55:04,2026-04-01 06:30:00
SCR-0011536,HS-005072,0,5,2026-01-27 16:59:55,2026-04-01 06:30:00
SCR-0011537,HS-005072,5,42,2026-02-01 04:02:02,2026-04-01 06:30:00
SCR-0011538,HS-005072,42,55,2026-02-01 23:22:33,2026-04-01 06:30:00
SCR-0011539,HS-005073,0,7,2025-12-26 15:03:22,2026-04-01 06:30:00
SCR-0011540,HS-005073,7,27,2025-12-30 15:41:14,2026-04-01 06:30:00
SCR-0011541,HS-005074,0,19,2026-03-08 15:27:29,2026-04-01 06:30:00
SCR-0011542,HS-005074,19,29,2026-03-19 19:39:47,2026-04-01 06:30:00
SCR-0011543,HS-005075,0,17,2025-12-28 08:18:56,2026-04-01 06:30:00
SCR-0011544,HS-005075,17,45,2026-01-07 23:24:48,2026-04-01 06:30:00
SCR-0011545,HS-005075,45,84,2026-01-08 11:50:34,2026-04-01 06:30:00
SCR-0011546,HS-005076,0,11,2025-09-18 17:30:40,2026-04-01 06:30:00
SCR-0011547,HS-005076,11,37,2025-09-23 14:21:34,2026-04-01 06:30:00
SCR-0011548,HS-005077,0,18,2025-12-28 14:53:09,2026-04-01 06:30:00
SCR-0011549,HS-005077,18,48,2026-01-05 05:07:10,2026-04-01 06:30:00
SCR-0011550,HS-005077,48,68,2026-01-06 04:45:28,2026-04-01 06:30:00
SCR-0011551,HS-005078,0,5,2025-11-13 18:37:36,2026-04-01 06:30:00
SCR-0011552,HS-005078,5,47,2025-11-19 13:59:57,2026-04-01 06:30:00
SCR-0011553,HS-005078,47,76,2025-11-19 16:27:43,2026-04-01 06:30:00
SCR-0011554,HS-005079,0,17,2025-08-20 05:22:51,2026-04-01 06:30:00
SCR-0011555,HS-005079,17,48,2025-09-02 13:19:52,2026-04-01 06:30:00
SCR-0011556,HS-005079,48,61,2025-09-04 05:36:01,2026-04-01 06:30:00
SCR-0011557,HS-005080,0,5,2025-10-15 23:15:47,2026-04-01 06:30:00
SCR-0011558,HS-005080,5,23,2025-10-29 19:19:05,2026-04-01 06:30:00
SCR-0011559,HS-005081,0,12,2025-11-24 08:01:13,2026-04-01 06:30:00
SCR-0011560,HS-005081,12,26,2025-12-07 10:18:52,2026-04-01 06:30:00
SCR-0011561,HS-005082,0,21,2025-11-09 13:16:38,2026-04-01 06:30:00
SCR-0011562,HS-005082,21,45,2025-11-13 04:01:59,2026-04-01 06:30:00
SCR-0011563,HS-005082,45,73,2025-11-13 12:54:21,2026-04-01 06:30:00
SCR-0011564,HS-005083,0,22,2025-12-05 08:23:15,2026-04-01 06:30:00
SCR-0011565,HS-005083,22,40,2025-12-09 05:07:00,2026-04-01 06:30:00
SCR-0011566,HS-005083,40,71,2025-12-10 10:17:42,2026-04-01 06:30:00
SCR-0011567,HS-005084,0,7,2025-10-05 07:41:03,2026-04-01 06:30:00
SCR-0011568,HS-005084,7,41,2025-10-13 06:34:55,2026-04-01 06:30:00
SCR-0011569,HS-005084,41,70,2025-10-14 23:47:12,2026-04-01 06:30:00
SCR-0011570,HS-005085,0,9,2025-10-07 02:26:10,2026-04-01 06:30:00
SCR-0011571,HS-005085,9,16,2025-10-19 04:32:10,2026-04-01 06:30:00
SCR-0011572,HS-005086,0,19,2026-02-20 10:26:29,2026-04-01 06:30:00
SCR-0011573,HS-005086,19,43,2026-02-27 06:28:09,2026-04-01 06:30:00
SCR-0011574,HS-005086,43,81,2026-02-27 17:14:30,2026-04-01 06:30:00
SCR-0011575,HS-005087,0,7,2025-09-18 09:02:00,2026-04-01 06:30:00
SCR-0011576,HS-005087,7,38,2025-09-23 11:12:51,2026-04-01 06:30:00
SCR-0011577,HS-005088,0,18,2025-12-24 07:54:25,2026-04-01 06:30:00
SCR-0011578,HS-005088,18,48,2025-12-31 22:57:30,2026-04-01 06:30:00
SCR-0011579,HS-005088,48,70,2026-01-01 03:05:38,2026-04-01 06:30:00
SCR-0011580,HS-005089,0,19,2026-03-11 14:51:36,2026-04-01 06:30:00
SCR-0011581,HS-005089,19,25,2026-03-12 18:21:03,2026-04-01 06:30:00
SCR-0011582,HS-005090,0,17,2025-10-15 18:52:44,2026-04-01 06:30:00
SCR-0011583,HS-005090,17,43,2025-10-23 22:18:31,2026-04-01 06:30:00
SCR-0011584,HS-005090,43,88,2025-10-24 02:23:19,2026-04-01 06:30:00
SCR-0011585,HS-005091,0,18,2026-02-19 03:28:40,2026-04-01 06:30:00
SCR-0011586,HS-005091,18,43,2026-02-27 04:43:27,2026-04-01 06:30:00
SCR-0011587,HS-005091,43,63,2026-02-28 07:14:56,2026-04-01 06:30:00
SCR-0011588,HS-005092,0,12,2026-03-21 11:52:52,2026-04-01 06:30:00
SCR-0011589,HS-005092,12,22,2026-04-04 14:40:10,2026-04-01 06:30:00
SCR-0011590,HS-005093,0,24,2025-10-28 07:55:21,2026-04-01 06:30:00
SCR-0011591,HS-005094,0,9,2025-11-13 07:37:51,2026-04-01 06:30:00
SCR-0011592,HS-005094,9,44,2025-11-30 02:48:58,2026-04-01 06:30:00
SCR-0011593,HS-005094,44,77,2025-12-01 14:53:01,2026-04-01 06:30:00
SCR-0011594,HS-005095,0,11,2025-11-04 15:40:15,2026-04-01 06:30:00
SCR-0011595,HS-005095,11,41,2025-11-12 22:51:12,2026-04-01 06:30:00
SCR-0011596,HS-005095,41,71,2025-11-15 05:41:23,2026-04-01 06:30:00
SCR-0011597,HS-005096,0,5,2026-01-28 03:25:20,2026-04-01 06:30:00
SCR-0011598,HS-005096,5,43,2026-02-03 12:00:36,2026-04-01 06:30:00
SCR-0011599,HS-005096,43,51,2026-02-04 04:16:50,2026-04-01 06:30:00
SCR-0011600,HS-005097,0,23,2025-10-03 09:46:23,2026-04-01 06:30:00
SCR-0011601,HS-005098,0,15,2025-11-12 15:54:29,2026-04-01 06:30:00
SCR-0011602,HS-005098,15,47,2025-11-17 17:43:03,2026-04-01 06:30:00
SCR-0011603,HS-005098,47,50,2025-11-20 00:17:46,2026-04-01 06:30:00
SCR-0011604,HS-005099,0,9,2026-01-03 13:01:54,2026-04-01 06:30:00
SCR-0011605,HS-005099,9,48,2026-01-10 17:43:28,2026-04-01 06:30:00
SCR-0011606,HS-005099,48,66,2026-01-13 08:48:14,2026-04-01 06:30:00
SCR-0011607,HS-005100,0,15,2026-03-13 23:08:54,2026-04-01 06:30:00
SCR-0011608,HS-005100,15,42,2026-03-22 14:08:19,2026-04-01 06:30:00
SCR-0011609,HS-005101,0,14,2025-09-08 03:33:28,2026-04-01 06:30:00
SCR-0011610,HS-005101,14,48,2025-09-14 16:19:29,2026-04-01 06:30:00
SCR-0011611,HS-005101,48,79,2025-09-15 23:24:10,2026-04-01 06:30:00
SCR-0011612,HS-005102,0,21,2025-09-28 04:08:32,2026-04-01 06:30:00
SCR-0011613,HS-005103,0,17,2025-11-22 22:54:03,2026-04-01 06:30:00
SCR-0011614,HS-005104,0,21,2026-01-12 23:30:15,2026-04-01 06:30:00
SCR-0011615,HS-005104,21,45,2026-01-22 20:33:58,2026-04-01 06:30:00
SCR-0011616,HS-005104,45,68,2026-01-24 14:55:37,2026-04-01 06:30:00
SCR-0011617,HS-005105,0,7,2025-09-30 13:25:19,2026-04-01 06:30:00
SCR-0011618,HS-005105,7,43,2025-10-07 09:16:54,2026-04-01 06:30:00
SCR-0011619,HS-005105,43,90,2025-10-09 00:45:33,2026-04-01 06:30:00
SCR-0011620,HS-005106,0,5,2025-10-02 17:46:40,2026-04-01 06:30:00
SCR-0011621,HS-005106,5,47,2025-10-09 16:36:41,2026-04-01 06:30:00
SCR-0011622,HS-005107,0,11,2025-12-29 06:33:57,2026-04-01 06:30:00
SCR-0011623,HS-005107,11,44,2026-01-02 15:18:44,2026-04-01 06:30:00
SCR-0011624,HS-005107,44,67,2026-01-05 05:24:41,2026-04-01 06:30:00
SCR-0011625,HS-005108,0,8,2026-03-16 13:24:49,2026-04-01 06:30:00
SCR-0011626,HS-005108,8,9,2026-03-26 04:46:15,2026-04-01 06:30:00
SCR-0011627,HS-005109,0,14,2025-11-10 15:40:25,2026-04-01 06:30:00
SCR-0011628,HS-005109,14,45,2025-11-15 17:10:14,2026-04-01 06:30:00
SCR-0011629,HS-005109,45,55,2025-11-16 13:27:58,2026-04-01 06:30:00
SCR-0011630,HS-005110,0,24,2025-12-04 21:56:42,2026-04-01 06:30:00
SCR-0011631,HS-005110,24,40,2025-12-11 19:58:07,2026-04-01 06:30:00
SCR-0011632,HS-005111,0,5,2026-03-23 06:06:18,2026-04-01 06:30:00
SCR-0011633,HS-005111,5,33,2026-03-25 11:32:27,2026-04-01 06:30:00
SCR-0011634,HS-005112,0,10,2025-12-01 14:41:15,2026-04-01 06:30:00
SCR-0011635,HS-005112,10,42,2025-12-07 04:36:33,2026-04-01 06:30:00
SCR-0011636,HS-005112,42,50,2025-12-07 06:01:40,2026-04-01 06:30:00
SCR-0011637,HS-005113,0,13,2026-03-11 15:48:28,2026-04-01 06:30:00
SCR-0011638,HS-005113,13,40,2026-03-22 21:32:22,2026-04-01 06:30:00
SCR-0011639,HS-005113,40,70,2026-03-24 21:26:46,2026-04-01 06:30:00
SCR-0011640,HS-005114,0,19,2025-09-10 04:37:16,2026-04-01 06:30:00
SCR-0011641,HS-005114,19,33,2025-09-18 18:34:46,2026-04-01 06:30:00
SCR-0011642,HS-005115,0,17,2025-12-10 09:14:38,2026-04-01 06:30:00
SCR-0011643,HS-005115,17,43,2025-12-15 15:30:52,2026-04-01 06:30:00
SCR-0011644,HS-005115,43,76,2025-12-16 05:49:10,2026-04-01 06:30:00
SCR-0011645,HS-005116,0,19,2025-12-09 08:00:30,2026-04-01 06:30:00
SCR-0011646,HS-005116,19,40,2025-12-17 03:08:56,2026-04-01 06:30:00
SCR-0011647,HS-005117,0,19,2026-01-15 05:26:30,2026-04-01 06:30:00
SCR-0011648,HS-005118,0,11,2026-03-13 20:44:32,2026-04-01 06:30:00
SCR-0011649,HS-005118,11,44,2026-03-22 04:56:12,2026-04-01 06:30:00
SCR-0011650,HS-005118,44,82,2026-03-22 14:54:15,2026-04-01 06:30:00
SCR-0011651,HS-005119,0,6,2026-03-17 06:43:02,2026-04-01 06:30:00
SCR-0011652,HS-005119,6,28,2026-04-03 21:46:55,2026-04-01 06:30:00
SCR-0011653,HS-005120,0,5,2026-01-07 12:24:10,2026-04-01 06:30:00
SCR-0011654,HS-005120,5,48,2026-01-24 10:57:40,2026-04-01 06:30:00
SCR-0011655,HS-005121,0,12,2026-02-14 04:27:22,2026-04-01 06:30:00
SCR-0011656,HS-005121,12,33,2026-02-21 18:59:22,2026-04-01 06:30:00
SCR-0011657,HS-005122,0,9,2026-02-10 01:25:51,2026-04-01 06:30:00
SCR-0011658,HS-005122,9,41,2026-02-18 15:52:06,2026-04-01 06:30:00
SCR-0011659,HS-005122,41,81,2026-02-20 10:37:12,2026-04-01 06:30:00
SCR-0011660,HS-005123,0,24,2025-09-29 11:34:44,2026-04-01 06:30:00
SCR-0011661,HS-005123,24,47,2025-10-02 18:00:43,2026-04-01 06:30:00
SCR-0011662,HS-005123,47,84,2025-10-04 02:02:24,2026-04-01 06:30:00
SCR-0011663,HS-005124,0,18,2025-10-25 06:44:24,2026-04-01 06:30:00
SCR-0011664,HS-005124,18,42,2025-11-04 01:26:45,2026-04-01 06:30:00
SCR-0011665,HS-005124,42,73,2025-11-04 19:30:50,2026-04-01 06:30:00
SCR-0011666,HS-005125,0,15,2026-01-15 11:30:04,2026-04-01 06:30:00
SCR-0011667,HS-005125,15,48,2026-01-19 14:21:11,2026-04-01 06:30:00
SCR-0011668,HS-005125,48,88,2026-01-19 18:47:49,2026-04-01 06:30:00
SCR-0011669,HS-005126,0,7,2025-09-06 16:08:46,2026-04-01 06:30:00
SCR-0011670,HS-005126,7,45,2025-09-12 10:16:07,2026-04-01 06:30:00
SCR-0011671,HS-005126,45,56,2025-09-13 05:53:20,2026-04-01 06:30:00
SCR-0011672,HS-005127,0,19,2025-09-12 02:53:50,2026-04-01 06:30:00
SCR-0011673,HS-005128,0,14,2025-09-04 13:50:11,2026-04-01 06:30:00
SCR-0011674,HS-005129,0,5,2025-12-29 12:37:56,2026-04-01 06:30:00
SCR-0011675,HS-005129,5,28,2026-01-03 15:09:57,2026-04-01 06:30:00
SCR-0011676,HS-005130,0,14,2026-01-31 16:49:32,2026-04-01 06:30:00
SCR-0011677,HS-005130,14,28,2026-02-13 05:09:46,2026-04-01 06:30:00
SCR-0011678,HS-005131,0,16,2025-10-01 22:44:50,2026-04-01 06:30:00
SCR-0011679,HS-005131,16,44,2025-10-22 12:03:32,2026-04-01 06:30:00
SCR-0011680,HS-005131,44,81,2025-10-22 20:13:03,2026-04-01 06:30:00
SCR-0011681,HS-005132,0,23,2025-11-22 16:43:34,2026-04-01 06:30:00
SCR-0011682,HS-005132,23,35,2025-12-03 10:30:14,2026-04-01 06:30:00
SCR-0011683,HS-005133,0,14,2026-01-24 12:07:46,2026-04-01 06:30:00
SCR-0011684,HS-005133,14,46,2026-02-06 04:52:22,2026-04-01 06:30:00
SCR-0011685,HS-005133,46,69,2026-02-07 21:14:29,2026-04-01 06:30:00
SCR-0011686,HS-005134,0,24,2026-02-04 01:15:06,2026-04-01 06:30:00
SCR-0011687,HS-005134,24,44,2026-02-17 13:12:13,2026-04-01 06:30:00
SCR-0011688,HS-005134,44,68,2026-02-18 19:11:28,2026-04-01 06:30:00
SCR-0011689,HS-005135,0,18,2025-09-21 02:25:26,2026-04-01 06:30:00
SCR-0011690,HS-005136,0,20,2025-09-28 23:31:13,2026-04-01 06:30:00
SCR-0011691,HS-005136,20,42,2025-10-11 00:09:05,2026-04-01 06:30:00
SCR-0011692,HS-005136,42,62,2025-10-12 12:17:33,2026-04-01 06:30:00
SCR-0011693,HS-005137,0,8,2026-02-27 13:12:00,2026-04-01 06:30:00
SCR-0011694,HS-005137,8,42,2026-03-02 14:18:33,2026-04-01 06:30:00
SCR-0011695,HS-005137,42,53,2026-03-04 18:30:45,2026-04-01 06:30:00
SCR-0011696,HS-005138,0,17,2026-03-03 14:14:08,2026-04-01 06:30:00
SCR-0011697,HS-005138,17,42,2026-03-07 16:27:48,2026-04-01 06:30:00
SCR-0011698,HS-005138,42,72,2026-03-10 04:11:58,2026-04-01 06:30:00
SCR-0011699,HS-005139,0,6,2026-02-21 08:59:17,2026-04-01 06:30:00
SCR-0011700,HS-005139,6,48,2026-02-25 22:14:03,2026-04-01 06:30:00
SCR-0011701,HS-005139,48,89,2026-02-27 16:04:16,2026-04-01 06:30:00
SCR-0011702,HS-005140,0,6,2026-02-08 16:46:40,2026-04-01 06:30:00
SCR-0011703,HS-005140,6,35,2026-02-20 20:18:07,2026-04-01 06:30:00
SCR-0011704,HS-005141,0,8,2025-12-08 00:11:19,2026-04-01 06:30:00
SCR-0011705,HS-005141,8,42,2025-12-15 02:14:28,2026-04-01 06:30:00
SCR-0011706,HS-005141,42,58,2025-12-16 03:51:03,2026-04-01 06:30:00
SCR-0011707,HS-005142,0,14,2026-01-15 07:31:57,2026-04-01 06:30:00
SCR-0011708,HS-005142,14,28,2026-01-28 21:35:09,2026-04-01 06:30:00
SCR-0011709,HS-005143,0,13,2026-02-21 08:35:38,2026-04-01 06:30:00
SCR-0011710,HS-005143,13,25,2026-03-03 05:25:39,2026-04-01 06:30:00
SCR-0011711,HS-005144,0,24,2025-12-08 17:05:19,2026-04-01 06:30:00
SCR-0011712,HS-005145,0,12,2025-11-14 18:10:26,2026-04-01 06:30:00
SCR-0011713,HS-005145,12,29,2025-11-25 03:18:34,2026-04-01 06:30:00
SCR-0011714,HS-005146,0,6,2026-01-01 18:10:25,2026-04-01 06:30:00
SCR-0011715,HS-005146,6,46,2026-01-11 10:04:15,2026-04-01 06:30:00
SCR-0011716,HS-005146,46,67,2026-01-13 14:22:26,2026-04-01 06:30:00
SCR-0011717,HS-005147,0,14,2026-02-16 08:35:43,2026-04-01 06:30:00
SCR-0011718,HS-005148,0,9,2025-11-22 07:57:18,2026-04-01 06:30:00
SCR-0011719,HS-005148,9,41,2025-11-29 08:39:34,2026-04-01 06:30:00
SCR-0011720,HS-005148,41,90,2025-11-30 17:14:01,2026-04-01 06:30:00
SCR-0011721,HS-005149,0,13,2025-09-09 21:56:32,2026-04-01 06:30:00
SCR-0011722,HS-005150,0,21,2026-01-02 08:21:55,2026-04-01 06:30:00
SCR-0011723,HS-005151,0,5,2025-12-10 22:56:34,2026-04-01 06:30:00
SCR-0011724,HS-005151,5,16,2025-12-15 17:32:54,2026-04-01 06:30:00
SCR-0011725,HS-005152,0,10,2025-11-01 13:09:06,2026-04-01 06:30:00
SCR-0011726,HS-005152,10,35,2025-11-08 18:45:11,2026-04-01 06:30:00
SCR-0011727,HS-005153,0,22,2025-12-13 18:58:14,2026-04-01 06:30:00
SCR-0011728,HS-005153,22,43,2025-12-17 09:00:16,2026-04-01 06:30:00
SCR-0011729,HS-005153,43,64,2025-12-18 05:10:19,2026-04-01 06:30:00
SCR-0011730,HS-005154,0,7,2025-11-22 13:06:47,2026-04-01 06:30:00
SCR-0011731,HS-005154,7,45,2025-12-01 13:53:02,2026-04-01 06:30:00
SCR-0011732,HS-005154,45,72,2025-12-02 20:10:23,2026-04-01 06:30:00
SCR-0011733,HS-005155,0,24,2026-01-04 17:47:32,2026-04-01 06:30:00
SCR-0011734,HS-005156,0,19,2025-11-20 03:34:27,2026-04-01 06:30:00
SCR-0011735,HS-005156,19,46,2025-11-29 18:02:08,2026-04-01 06:30:00
SCR-0011736,HS-005156,46,50,2025-11-30 12:02:03,2026-04-01 06:30:00
SCR-0011737,HS-005157,0,21,2025-11-20 07:43:31,2026-04-01 06:30:00
SCR-0011738,HS-005157,21,41,2025-11-30 20:59:05,2026-04-01 06:30:00
SCR-0011739,HS-005157,41,53,2025-12-01 10:23:18,2026-04-01 06:30:00
SCR-0011740,HS-005158,0,21,2026-03-21 05:44:56,2026-04-01 06:30:00
SCR-0011741,HS-005158,21,48,2026-03-26 03:53:29,2026-04-01 06:30:00
SCR-0011742,HS-005158,48,59,2026-03-29 01:25:33,2026-04-01 06:30:00
SCR-0011743,HS-005159,0,21,2026-01-16 11:36:52,2026-04-01 06:30:00
SCR-0011744,HS-005159,21,33,2026-01-28 03:27:44,2026-04-01 06:30:00
SCR-0011745,HS-005160,0,12,2026-03-02 06:05:05,2026-04-01 06:30:00
SCR-0011746,HS-005160,12,31,2026-03-07 23:35:04,2026-04-01 06:30:00
SCR-0011747,HS-005161,0,5,2026-02-25 07:58:08,2026-04-01 06:30:00
SCR-0011748,HS-005161,5,46,2026-03-03 13:06:27,2026-04-01 06:30:00
SCR-0011749,HS-005161,46,71,2026-03-03 22:40:57,2026-04-01 06:30:00
SCR-0011750,HS-005162,0,7,2025-09-26 08:03:28,2026-04-01 06:30:00
SCR-0011751,HS-005162,7,48,2025-10-17 14:29:23,2026-04-01 06:30:00
SCR-0011752,HS-005163,0,12,2025-10-14 20:07:29,2026-04-01 06:30:00
SCR-0011753,HS-005163,12,48,2025-10-21 15:44:47,2026-04-01 06:30:00
SCR-0011754,HS-005163,48,81,2025-10-23 18:33:27,2026-04-01 06:30:00
SCR-0011755,HS-005164,0,11,2025-10-08 20:57:18,2026-04-01 06:30:00
SCR-0011756,HS-005164,11,47,2025-10-18 09:51:04,2026-04-01 06:30:00
SCR-0011757,HS-005165,0,6,2025-10-04 17:13:05,2026-04-01 06:30:00
SCR-0011758,HS-005165,6,43,2025-10-12 13:22:34,2026-04-01 06:30:00
SCR-0011759,HS-005165,43,83,2025-10-12 14:17:18,2026-04-01 06:30:00
SCR-0011760,HS-005166,0,19,2026-02-24 12:38:02,2026-04-01 06:30:00
SCR-0011761,HS-005167,0,12,2025-09-22 04:40:52,2026-04-01 06:30:00
SCR-0011762,HS-005168,0,22,2025-10-27 02:27:52,2026-04-01 06:30:00
SCR-0011763,HS-005168,22,29,2025-10-31 14:34:11,2026-04-01 06:30:00
SCR-0011764,HS-005169,0,6,2025-10-07 14:06:12,2026-04-01 06:30:00
SCR-0011765,HS-005169,6,39,2025-10-09 20:42:21,2026-04-01 06:30:00
SCR-0011766,HS-005170,0,6,2026-02-23 01:31:27,2026-04-01 06:30:00
SCR-0011767,HS-005170,6,35,2026-03-14 23:07:50,2026-04-01 06:30:00
SCR-0011768,HS-005171,0,6,2026-01-20 18:21:01,2026-04-01 06:30:00
SCR-0011769,HS-005171,6,41,2026-01-28 00:06:37,2026-04-01 06:30:00
SCR-0011770,HS-005171,41,69,2026-01-30 19:19:32,2026-04-01 06:30:00
SCR-0011771,HS-005172,0,10,2026-01-11 04:10:30,2026-04-01 06:30:00
SCR-0011772,HS-005172,10,33,2026-01-28 15:33:54,2026-04-01 06:30:00
SCR-0011773,HS-005173,0,7,2025-10-31 00:33:22,2026-04-01 06:30:00
SCR-0011774,HS-005173,7,46,2025-11-05 07:58:50,2026-04-01 06:30:00
SCR-0011775,HS-005173,46,77,2025-11-05 10:10:30,2026-04-01 06:30:00
SCR-0011776,HS-005174,0,22,2026-01-03 10:13:25,2026-04-01 06:30:00
SCR-0011777,HS-005174,22,44,2026-01-17 08:26:28,2026-04-01 06:30:00
SCR-0011778,HS-005174,44,52,2026-01-18 03:08:32,2026-04-01 06:30:00
SCR-0011779,HS-005175,0,6,2026-01-26 02:18:37,2026-04-01 06:30:00
SCR-0011780,HS-005175,6,47,2026-01-30 09:24:40,2026-04-01 06:30:00
SCR-0011781,HS-005175,47,54,2026-02-01 02:32:04,2026-04-01 06:30:00
SCR-0011782,HS-005176,0,22,2026-01-29 11:51:26,2026-04-01 06:30:00
SCR-0011783,HS-005176,22,44,2026-02-03 05:05:19,2026-04-01 06:30:00
SCR-0011784,HS-005176,44,65,2026-02-04 05:23:14,2026-04-01 06:30:00
SCR-0011785,HS-005177,0,6,2026-01-12 18:22:48,2026-04-01 06:30:00
SCR-0011786,HS-005177,6,48,2026-01-15 16:57:50,2026-04-01 06:30:00
SCR-0011787,HS-005177,48,53,2026-01-16 04:45:03,2026-04-01 06:30:00
SCR-0011788,HS-005178,0,6,2026-02-15 19:09:32,2026-04-01 06:30:00
SCR-0011789,HS-005178,6,35,2026-02-28 09:03:47,2026-04-01 06:30:00
SCR-0011790,HS-005179,0,24,2025-12-14 20:57:34,2026-04-01 06:30:00
SCR-0011791,HS-005179,24,40,2025-12-18 20:15:04,2026-04-01 06:30:00
SCR-0011792,HS-005179,40,57,2025-12-19 00:26:22,2026-04-01 06:30:00
SCR-0011793,HS-005180,0,21,2025-12-25 04:00:44,2026-04-01 06:30:00
SCR-0011794,HS-005180,21,47,2026-01-04 20:38:55,2026-04-01 06:30:00
SCR-0011795,HS-005180,47,69,2026-01-06 13:01:07,2026-04-01 06:30:00
SCR-0011796,HS-005181,0,21,2026-03-17 20:27:09,2026-04-01 06:30:00
SCR-0011797,HS-005181,21,42,2026-03-28 13:15:48,2026-04-01 06:30:00
SCR-0011798,HS-005181,42,76,2026-03-30 21:22:26,2026-04-01 06:30:00
SCR-0011799,HS-005182,0,9,2026-03-06 22:10:29,2026-04-01 06:30:00
SCR-0011800,HS-005182,9,41,2026-03-13 12:37:08,2026-04-01 06:30:00
SCR-0011801,HS-005182,41,78,2026-03-14 10:19:26,2026-04-01 06:30:00
SCR-0011802,HS-005183,0,18,2025-09-18 07:19:59,2026-04-01 06:30:00
SCR-0011803,HS-005183,18,40,2025-09-26 20:55:30,2026-04-01 06:30:00
SCR-0011804,HS-005184,0,6,2026-03-19 06:07:39,2026-04-01 06:30:00
SCR-0011805,HS-005184,6,23,2026-03-26 12:33:59,2026-04-01 06:30:00
SCR-0011806,HS-005185,0,7,2026-02-05 17:20:14,2026-04-01 06:30:00
SCR-0011807,HS-005185,7,45,2026-02-07 17:28:54,2026-04-01 06:30:00
SCR-0011808,HS-005186,0,16,2026-03-12 13:04:43,2026-04-01 06:30:00
SCR-0011809,HS-005186,16,45,2026-03-18 11:48:15,2026-04-01 06:30:00
SCR-0011810,HS-005186,45,69,2026-03-18 12:14:18,2026-04-01 06:30:00
SCR-0011811,HS-005187,0,15,2025-12-01 14:04:58,2026-04-01 06:30:00
SCR-0011812,HS-005187,15,45,2025-12-09 03:16:00,2026-04-01 06:30:00
SCR-0011813,HS-005187,45,79,2025-12-10 18:57:51,2026-04-01 06:30:00
SCR-0011814,HS-005188,0,8,2025-10-04 10:01:59,2026-04-01 06:30:00
SCR-0011815,HS-005188,8,48,2025-10-08 20:04:05,2026-04-01 06:30:00
SCR-0011816,HS-005189,0,12,2025-10-08 22:16:03,2026-04-01 06:30:00
SCR-0011817,HS-005189,12,41,2025-10-14 12:35:57,2026-04-01 06:30:00
SCR-0011818,HS-005189,41,58,2025-10-17 11:00:58,2026-04-01 06:30:00
SCR-0011819,HS-005190,0,13,2025-10-12 19:52:25,2026-04-01 06:30:00
SCR-0011820,HS-005190,13,28,2025-10-22 15:36:49,2026-04-01 06:30:00
SCR-0011821,HS-005191,0,19,2026-01-15 23:17:44,2026-04-01 06:30:00
SCR-0011822,HS-005191,19,48,2026-01-19 05:58:33,2026-04-01 06:30:00
SCR-0011823,HS-005191,48,59,2026-01-22 04:53:32,2026-04-01 06:30:00
SCR-0011824,HS-005192,0,24,2025-12-04 05:29:25,2026-04-01 06:30:00
SCR-0011825,HS-005192,24,45,2025-12-11 20:05:34,2026-04-01 06:30:00
SCR-0011826,HS-005192,45,78,2025-12-13 15:11:50,2026-04-01 06:30:00
SCR-0011827,HS-005193,0,9,2025-12-30 14:25:55,2026-04-01 06:30:00
SCR-0011828,HS-005193,9,27,2026-01-09 00:34:31,2026-04-01 06:30:00
SCR-0011829,HS-005194,0,17,2026-01-21 15:29:40,2026-04-01 06:30:00
SCR-0011830,HS-005194,17,47,2026-02-01 17:33:29,2026-04-01 06:30:00
SCR-0011831,HS-005194,47,61,2026-02-03 23:23:00,2026-04-01 06:30:00
SCR-0011832,HS-005195,0,17,2025-09-26 07:40:49,2026-04-01 06:30:00
SCR-0011833,HS-005195,17,39,2025-10-05 12:53:11,2026-04-01 06:30:00
SCR-0011834,HS-005196,0,20,2026-02-10 09:46:52,2026-04-01 06:30:00
SCR-0011835,HS-005197,0,24,2026-01-14 12:04:05,2026-04-01 06:30:00
SCR-0011836,HS-005197,24,40,2026-01-20 21:17:22,2026-04-01 06:30:00
SCR-0011837,HS-005197,40,90,2026-01-21 07:45:52,2026-04-01 06:30:00
SCR-0011838,HS-005198,0,5,2026-03-06 12:37:56,2026-04-01 06:30:00
SCR-0011839,HS-005198,5,42,2026-03-18 14:07:03,2026-04-01 06:30:00
SCR-0011840,HS-005198,42,58,2026-03-19 17:12:50,2026-04-01 06:30:00
SCR-0011841,HS-005199,0,14,2026-02-09 08:53:52,2026-04-01 06:30:00
SCR-0011842,HS-005199,14,44,2026-03-07 16:02:49,2026-04-01 06:30:00
SCR-0011843,HS-005199,44,69,2026-03-09 21:09:22,2026-04-01 06:30:00
SCR-0011844,HS-005200,0,9,2025-09-29 10:41:11,2026-04-01 06:30:00
SCR-0011845,HS-005200,9,44,2025-10-10 01:51:49,2026-04-01 06:30:00
SCR-0011846,HS-005200,44,58,2025-10-12 09:15:51,2026-04-01 06:30:00
SCR-0011847,HS-005201,0,11,2025-12-17 14:20:38,2026-04-01 06:30:00
SCR-0011848,HS-005201,11,47,2025-12-27 07:03:32,2026-04-01 06:30:00
SCR-0011849,HS-005201,47,81,2025-12-27 12:13:06,2026-04-01 06:30:00
SCR-0011850,HS-005202,0,19,2025-11-03 18:33:45,2026-04-01 06:30:00
SCR-0011851,HS-005202,19,43,2025-11-11 17:12:04,2026-04-01 06:30:00
SCR-0011852,HS-005202,43,55,2025-11-12 07:50:29,2026-04-01 06:30:00
SCR-0011853,HS-005203,0,9,2025-10-13 19:04:51,2026-04-01 06:30:00
SCR-0011854,HS-005203,9,27,2025-10-16 01:15:56,2026-04-01 06:30:00
SCR-0011855,HS-005204,0,24,2025-09-23 05:26:41,2026-04-01 06:30:00
SCR-0011856,HS-005204,24,44,2025-10-01 06:11:48,2026-04-01 06:30:00
SCR-0011857,HS-005204,44,88,2025-10-02 15:42:01,2026-04-01 06:30:00
SCR-0011858,HS-005205,0,8,2026-02-02 04:09:01,2026-04-01 06:30:00
SCR-0011859,HS-005205,8,13,2026-02-04 21:30:37,2026-04-01 06:30:00
SCR-0011860,HS-005206,0,10,2026-03-26 04:10:10,2026-04-01 06:30:00
SCR-0011861,HS-005206,10,14,2026-03-29 10:16:55,2026-04-01 06:30:00
SCR-0011862,HS-005207,0,12,2025-12-09 17:51:00,2026-04-01 06:30:00
SCR-0011863,HS-005208,0,17,2025-12-24 09:13:27,2026-04-01 06:30:00
SCR-0011864,HS-005208,17,48,2026-01-01 23:51:15,2026-04-01 06:30:00
SCR-0011865,HS-005208,48,52,2026-01-04 18:46:22,2026-04-01 06:30:00
SCR-0011866,HS-005209,0,10,2025-12-07 10:47:41,2026-04-01 06:30:00
SCR-0011867,HS-005209,10,41,2025-12-12 13:06:22,2026-04-01 06:30:00
SCR-0011868,HS-005209,41,60,2025-12-13 03:25:47,2026-04-01 06:30:00
SCR-0011869,HS-005210,0,16,2025-12-31 23:04:00,2026-04-01 06:30:00
SCR-0011870,HS-005211,0,8,2025-09-10 09:22:57,2026-04-01 06:30:00
SCR-0011871,HS-005211,8,42,2025-09-20 01:21:14,2026-04-01 06:30:00
SCR-0011872,HS-005211,42,74,2025-09-22 05:35:38,2026-04-01 06:30:00
SCR-0011873,HS-005212,0,6,2026-03-01 06:04:01,2026-04-01 06:30:00
SCR-0011874,HS-005212,6,39,2026-03-19 08:50:19,2026-04-01 06:30:00
SCR-0011875,HS-005213,0,16,2026-02-10 03:09:46,2026-04-01 06:30:00
SCR-0011876,HS-005213,16,44,2026-02-19 02:19:33,2026-04-01 06:30:00
SCR-0011877,HS-005213,44,83,2026-02-20 07:26:12,2026-04-01 06:30:00
SCR-0011878,HS-005214,0,8,2025-12-02 19:08:58,2026-04-01 06:30:00
SCR-0011879,HS-005214,8,47,2025-12-14 06:59:01,2026-04-01 06:30:00
SCR-0011880,HS-005214,47,50,2025-12-14 12:46:21,2026-04-01 06:30:00
SCR-0011881,HS-005215,0,18,2025-11-16 01:49:51,2026-04-01 06:30:00
SCR-0011882,HS-005215,18,44,2025-11-19 05:54:58,2026-04-01 06:30:00
SCR-0011883,HS-005216,0,5,2025-09-24 22:36:42,2026-04-01 06:30:00
SCR-0011884,HS-005216,5,15,2025-09-28 19:50:47,2026-04-01 06:30:00
SCR-0011885,HS-005217,0,19,2025-11-11 01:39:04,2026-04-01 06:30:00
SCR-0011886,HS-005217,19,33,2025-11-17 11:27:30,2026-04-01 06:30:00
SCR-0011887,HS-005218,0,23,2026-03-21 08:10:12,2026-04-01 06:30:00
SCR-0011888,HS-005219,0,24,2026-03-16 04:44:45,2026-04-01 06:30:00
SCR-0011889,HS-005219,24,44,2026-03-18 21:03:39,2026-04-01 06:30:00
SCR-0011890,HS-005219,44,77,2026-03-21 20:18:20,2026-04-01 06:30:00
SCR-0011891,HS-005220,0,16,2025-08-26 01:58:18,2026-04-01 06:30:00
SCR-0011892,HS-005220,16,43,2025-09-15 16:12:16,2026-04-01 06:30:00
SCR-0011893,HS-005220,43,60,2025-09-16 15:41:14,2026-04-01 06:30:00
SCR-0011894,HS-005221,0,10,2026-02-04 11:19:53,2026-04-01 06:30:00
SCR-0011895,HS-005221,10,45,2026-02-14 17:18:37,2026-04-01 06:30:00
SCR-0011896,HS-005221,45,72,2026-02-17 16:17:33,2026-04-01 06:30:00
SCR-0011897,HS-005222,0,19,2025-12-11 03:55:01,2026-04-01 06:30:00
SCR-0011898,HS-005223,0,9,2026-01-12 15:45:58,2026-04-01 06:30:00
SCR-0011899,HS-005223,9,47,2026-01-15 18:10:12,2026-04-01 06:30:00
SCR-0011900,HS-005223,47,64,2026-01-18 08:42:38,2026-04-01 06:30:00
SCR-0011901,HS-005224,0,8,2025-12-30 14:34:12,2026-04-01 06:30:00
SCR-0011902,HS-005224,8,41,2026-01-06 07:32:55,2026-04-01 06:30:00
SCR-0011903,HS-005224,41,85,2026-01-09 05:15:09,2026-04-01 06:30:00
SCR-0011904,HS-005225,0,7,2025-12-17 11:25:02,2026-04-01 06:30:00
SCR-0011905,HS-005225,7,42,2025-12-24 10:28:14,2026-04-01 06:30:00
SCR-0011906,HS-005225,42,74,2025-12-24 14:39:07,2026-04-01 06:30:00
SCR-0011907,HS-005226,0,13,2026-03-12 03:47:57,2026-04-01 06:30:00
SCR-0011908,HS-005226,13,40,2026-03-16 16:28:54,2026-04-01 06:30:00
SCR-0011909,HS-005227,0,22,2025-12-12 03:42:33,2026-04-01 06:30:00
SCR-0011910,HS-005227,22,43,2025-12-21 20:34:04,2026-04-01 06:30:00
SCR-0011911,HS-005227,43,71,2025-12-24 13:56:03,2026-04-01 06:30:00
SCR-0011912,HS-005228,0,22,2025-12-19 16:04:18,2026-04-01 06:30:00
SCR-0011913,HS-005229,0,23,2025-12-08 19:20:48,2026-04-01 06:30:00
SCR-0011914,HS-005229,23,33,2025-12-12 02:52:28,2026-04-01 06:30:00
SCR-0011915,HS-005230,0,8,2026-02-17 13:17:23,2026-04-01 06:30:00
SCR-0011916,HS-005230,8,28,2026-02-26 12:26:01,2026-04-01 06:30:00
SCR-0011917,HS-005231,0,16,2025-09-24 08:23:32,2026-04-01 06:30:00
SCR-0011918,HS-005231,16,46,2025-09-28 12:46:16,2026-04-01 06:30:00
SCR-0011919,HS-005231,46,54,2025-09-29 23:15:05,2026-04-01 06:30:00
SCR-0011920,HS-005232,0,5,2026-01-13 14:01:36,2026-04-01 06:30:00
SCR-0011921,HS-005232,5,40,2026-01-16 10:43:38,2026-04-01 06:30:00
SCR-0011922,HS-005232,40,72,2026-01-18 03:53:48,2026-04-01 06:30:00
SCR-0011923,HS-005233,0,17,2025-11-20 07:30:21,2026-04-01 06:30:00
SCR-0011924,HS-005233,17,44,2025-11-25 03:59:43,2026-04-01 06:30:00
SCR-0011925,HS-005233,44,80,2025-11-26 22:08:14,2026-04-01 06:30:00
SCR-0011926,HS-005234,0,24,2026-03-17 08:52:29,2026-04-01 06:30:00
SCR-0011927,HS-005234,24,42,2026-03-27 02:51:45,2026-04-01 06:30:00
SCR-0011928,HS-005235,0,22,2025-11-01 09:05:50,2026-04-01 06:30:00
SCR-0011929,HS-005235,22,40,2025-11-12 09:02:03,2026-04-01 06:30:00
SCR-0011930,HS-005235,40,68,2025-11-13 03:23:45,2026-04-01 06:30:00
SCR-0011931,HS-005236,0,24,2026-02-19 19:48:15,2026-04-01 06:30:00
SCR-0011932,HS-005237,0,14,2025-09-10 19:51:13,2026-04-01 06:30:00
SCR-0011933,HS-005237,14,45,2025-09-16 13:18:55,2026-04-01 06:30:00
SCR-0011934,HS-005237,45,69,2025-09-17 22:29:19,2026-04-01 06:30:00
SCR-0011935,HS-005238,0,8,2025-11-23 17:55:56,2026-04-01 06:30:00
SCR-0011936,HS-005238,8,19,2025-12-04 14:34:25,2026-04-01 06:30:00
SCR-0011937,HS-005239,0,19,2026-02-09 15:13:16,2026-04-01 06:30:00
SCR-0011938,HS-005239,19,47,2026-02-21 12:26:54,2026-04-01 06:30:00
SCR-0011939,HS-005239,47,71,2026-02-23 05:42:32,2026-04-01 06:30:00
SCR-0011940,HS-005240,0,5,2025-08-27 03:23:07,2026-04-01 06:30:00
SCR-0011941,HS-005240,5,48,2025-09-07 00:21:09,2026-04-01 06:30:00
SCR-0011942,HS-005240,48,51,2025-09-09 01:44:11,2026-04-01 06:30:00
SCR-0011943,HS-005241,0,15,2025-10-03 13:44:17,2026-04-01 06:30:00
SCR-0011944,HS-005241,15,42,2025-10-11 00:31:29,2026-04-01 06:30:00
SCR-0011945,HS-005241,42,68,2025-10-13 18:33:31,2026-04-01 06:30:00
SCR-0011946,HS-005242,0,18,2026-02-05 03:01:05,2026-04-01 06:30:00
SCR-0011947,HS-005242,18,27,2026-02-22 23:31:56,2026-04-01 06:30:00
SCR-0011948,HS-005243,0,15,2025-12-15 20:56:43,2026-04-01 06:30:00
SCR-0011949,HS-005243,15,20,2025-12-23 02:54:23,2026-04-01 06:30:00
SCR-0011950,HS-005244,0,14,2025-10-05 15:05:04,2026-04-01 06:30:00
SCR-0011951,HS-005244,14,46,2025-10-20 19:58:05,2026-04-01 06:30:00
SCR-0011952,HS-005244,46,65,2025-10-21 20:17:07,2026-04-01 06:30:00
SCR-0011953,HS-005245,0,7,2025-11-27 17:30:27,2026-04-01 06:30:00
SCR-0011954,HS-005245,7,48,2025-11-30 02:11:36,2026-04-01 06:30:00
SCR-0011955,HS-005245,48,83,2025-12-02 02:28:10,2026-04-01 06:30:00
SCR-0011956,HS-005246,0,12,2026-03-04 17:20:50,2026-04-01 06:30:00
SCR-0011957,HS-005246,12,48,2026-03-08 15:29:19,2026-04-01 06:30:00
SCR-0011958,HS-005246,48,85,2026-03-11 09:17:46,2026-04-01 06:30:00
SCR-0011959,HS-005247,0,5,2025-12-24 06:50:07,2026-04-01 06:30:00
SCR-0011960,HS-005247,5,37,2026-01-07 23:13:15,2026-04-01 06:30:00
SCR-0011961,HS-005248,0,19,2025-12-04 05:20:46,2026-04-01 06:30:00
SCR-0011962,HS-005248,19,46,2025-12-13 08:29:31,2026-04-01 06:30:00
SCR-0011963,HS-005248,46,87,2025-12-14 00:32:28,2026-04-01 06:30:00
SCR-0011964,HS-005249,0,12,2025-11-17 10:33:31,2026-04-01 06:30:00
SCR-0011965,HS-005249,12,46,2025-11-26 07:14:43,2026-04-01 06:30:00
SCR-0011966,HS-005249,46,85,2025-11-27 12:56:27,2026-04-01 06:30:00
SCR-0011967,HS-005250,0,6,2026-01-15 08:15:50,2026-04-01 06:30:00
SCR-0011968,HS-005250,6,23,2026-01-26 15:58:45,2026-04-01 06:30:00
SCR-0011969,HS-005251,0,6,2026-03-10 03:59:59,2026-04-01 06:30:00
SCR-0011970,HS-005251,6,44,2026-03-13 07:04:55,2026-04-01 06:30:00
SCR-0011971,HS-005251,44,87,2026-03-15 00:30:42,2026-04-01 06:30:00
SCR-0011972,HS-005252,0,11,2025-10-28 04:46:44,2026-04-01 06:30:00
SCR-0011973,HS-005252,11,37,2025-11-13 09:32:59,2026-04-01 06:30:00
SCR-0011974,HS-005253,0,14,2025-12-22 16:51:29,2026-04-01 06:30:00
SCR-0011975,HS-005253,14,46,2025-12-29 11:46:01,2026-04-01 06:30:00
SCR-0011976,HS-005253,46,51,2025-12-30 09:21:33,2026-04-01 06:30:00
SCR-0011977,HS-005254,0,10,2025-12-07 11:38:12,2026-04-01 06:30:00
SCR-0011978,HS-005254,10,17,2025-12-21 20:30:03,2026-04-01 06:30:00
SCR-0011979,HS-005255,0,19,2025-11-08 07:35:14,2026-04-01 06:30:00
SCR-0011980,HS-005256,0,14,2025-12-17 12:34:46,2026-04-01 06:30:00
SCR-0011981,HS-005256,14,42,2025-12-26 21:03:25,2026-04-01 06:30:00
SCR-0011982,HS-005257,0,21,2025-11-25 11:08:58,2026-04-01 06:30:00
SCR-0011983,HS-005257,21,30,2025-11-28 09:09:11,2026-04-01 06:30:00
SCR-0011984,HS-005258,0,7,2025-08-29 13:46:14,2026-04-01 06:30:00
SCR-0011985,HS-005258,7,48,2025-09-02 09:37:40,2026-04-01 06:30:00
SCR-0011986,HS-005258,48,85,2025-09-04 20:25:23,2026-04-01 06:30:00
SCR-0011987,HS-005259,0,14,2025-10-29 13:17:43,2026-04-01 06:30:00
SCR-0011988,HS-005259,14,20,2025-11-09 05:43:23,2026-04-01 06:30:00
SCR-0011989,HS-005260,0,6,2025-10-06 10:02:08,2026-04-01 06:30:00
SCR-0011990,HS-005260,6,39,2025-10-24 09:54:33,2026-04-01 06:30:00
SCR-0011991,HS-005261,0,22,2025-11-05 10:21:09,2026-04-01 06:30:00
SCR-0011992,HS-005262,0,22,2025-09-09 00:00:50,2026-04-01 06:30:00
SCR-0011993,HS-005262,22,45,2025-09-12 05:09:59,2026-04-01 06:30:00
SCR-0011994,HS-005262,45,89,2025-09-14 11:01:39,2026-04-01 06:30:00
SCR-0011995,HS-005263,0,24,2026-01-25 11:05:36,2026-04-01 06:30:00
SCR-0011996,HS-005263,24,47,2026-02-01 21:43:10,2026-04-01 06:30:00
SCR-0011997,HS-005264,0,16,2026-02-28 18:31:44,2026-04-01 06:30:00
SCR-0011998,HS-005264,16,44,2026-03-14 09:06:40,2026-04-01 06:30:00
SCR-0011999,HS-005265,0,8,2025-11-12 16:53:54,2026-04-01 06:30:00
SCR-0012000,HS-005265,8,48,2025-11-28 00:49:46,2026-04-01 06:30:00
SCR-0012001,HS-005265,48,63,2025-11-28 03:47:54,2026-04-01 06:30:00
SCR-0012002,HS-005266,0,18,2025-11-14 14:46:42,2026-04-01 06:30:00
SCR-0012003,HS-005266,18,47,2025-11-19 10:57:26,2026-04-01 06:30:00
SCR-0012004,HS-005266,47,82,2025-11-20 11:33:19,2026-04-01 06:30:00
SCR-0012005,HS-005267,0,23,2025-09-09 05:20:00,2026-04-01 06:30:00
SCR-0012006,HS-005268,0,13,2025-09-14 10:50:34,2026-04-01 06:30:00
SCR-0012007,HS-005268,13,29,2025-09-24 23:56:09,2026-04-01 06:30:00
SCR-0012008,HS-005269,0,16,2025-12-28 11:56:20,2026-04-01 06:30:00
SCR-0012009,HS-005270,0,11,2025-12-02 15:23:47,2026-04-01 06:30:00
SCR-0012010,HS-005270,11,30,2025-12-16 16:02:34,2026-04-01 06:30:00
SCR-0012011,HS-005271,0,11,2025-09-17 21:13:08,2026-04-01 06:30:00
SCR-0012012,HS-005271,11,47,2025-09-25 06:33:22,2026-04-01 06:30:00
SCR-0012013,HS-005271,47,56,2025-09-27 02:11:53,2026-04-01 06:30:00
SCR-0012014,HS-005272,0,24,2026-02-04 01:59:48,2026-04-01 06:30:00
SCR-0012015,HS-005272,24,45,2026-02-11 11:23:31,2026-04-01 06:30:00
SCR-0012016,HS-005272,45,72,2026-02-12 23:23:45,2026-04-01 06:30:00
SCR-0012017,HS-005273,0,17,2025-11-25 03:06:11,2026-04-01 06:30:00
SCR-0012018,HS-005273,17,41,2025-12-02 11:59:53,2026-04-01 06:30:00
SCR-0012019,HS-005273,41,50,2025-12-04 13:16:25,2026-04-01 06:30:00
SCR-0012020,HS-005274,0,5,2026-03-20 03:31:38,2026-04-01 06:30:00
SCR-0012021,HS-005274,5,43,2026-03-27 00:18:11,2026-04-01 06:30:00
SCR-0012022,HS-005275,0,5,2025-10-21 19:25:50,2026-04-01 06:30:00
SCR-0012023,HS-005275,5,35,2025-11-03 08:24:24,2026-04-01 06:30:00
SCR-0012024,HS-005276,0,13,2025-12-25 18:27:54,2026-04-01 06:30:00
SCR-0012025,HS-005276,13,24,2026-01-03 21:24:57,2026-04-01 06:30:00
SCR-0012026,HS-005277,0,20,2026-03-06 08:14:51,2026-04-01 06:30:00
SCR-0012027,HS-005278,0,7,2025-10-07 09:41:09,2026-04-01 06:30:00
SCR-0012028,HS-005278,7,44,2025-10-18 19:01:10,2026-04-01 06:30:00
SCR-0012029,HS-005278,44,70,2025-10-20 09:08:55,2026-04-01 06:30:00
SCR-0012030,HS-005279,0,22,2025-10-21 09:48:42,2026-04-01 06:30:00
SCR-0012031,HS-005280,0,15,2025-09-18 05:44:36,2026-04-01 06:30:00
SCR-0012032,HS-005280,15,44,2025-09-28 22:33:45,2026-04-01 06:30:00
SCR-0012033,HS-005280,44,53,2025-09-30 22:00:36,2026-04-01 06:30:00
SCR-0012034,HS-005281,0,19,2025-09-12 14:06:02,2026-04-01 06:30:00
SCR-0012035,HS-005281,19,41,2025-09-15 22:14:39,2026-04-01 06:30:00
SCR-0012036,HS-005281,41,58,2025-09-18 13:56:37,2026-04-01 06:30:00
SCR-0012037,HS-005282,0,7,2025-11-01 22:14:43,2026-04-01 06:30:00
SCR-0012038,HS-005282,7,16,2025-11-04 03:36:51,2026-04-01 06:30:00
SCR-0012039,HS-005283,0,20,2025-10-29 14:53:46,2026-04-01 06:30:00
SCR-0012040,HS-005284,0,15,2026-03-02 18:22:16,2026-04-01 06:30:00
SCR-0012041,HS-005284,15,17,2026-03-14 09:15:35,2026-04-01 06:30:00
SCR-0012042,HS-005285,0,17,2025-12-02 11:41:25,2026-04-01 06:30:00
SCR-0012043,HS-005285,17,47,2025-12-16 11:19:09,2026-04-01 06:30:00
SCR-0012044,HS-005285,47,50,2025-12-18 16:47:58,2026-04-01 06:30:00
SCR-0012045,HS-005286,0,7,2025-11-20 03:09:16,2026-04-01 06:30:00
SCR-0012046,HS-005286,7,46,2025-11-25 23:45:37,2026-04-01 06:30:00
SCR-0012047,HS-005286,46,78,2025-11-26 10:53:33,2026-04-01 06:30:00
SCR-0012048,HS-005287,0,24,2025-12-02 17:34:54,2026-04-01 06:30:00
SCR-0012049,HS-005287,24,43,2025-12-09 10:33:49,2026-04-01 06:30:00
SCR-0012050,HS-005287,43,76,2025-12-10 23:37:01,2026-04-01 06:30:00
SCR-0012051,HS-005288,0,8,2026-02-26 05:39:19,2026-04-01 06:30:00
SCR-0012052,HS-005288,8,45,2026-03-03 15:27:45,2026-04-01 06:30:00
SCR-0012053,HS-005288,45,65,2026-03-05 22:48:38,2026-04-01 06:30:00
SCR-0012054,HS-005289,0,12,2025-11-19 20:36:20,2026-04-01 06:30:00
SCR-0012055,HS-005289,12,20,2025-11-23 18:12:55,2026-04-01 06:30:00
SCR-0012056,HS-005290,0,8,2025-11-02 04:58:42,2026-04-01 06:30:00
SCR-0012057,HS-005290,8,40,2025-11-10 15:27:15,2026-04-01 06:30:00
SCR-0012058,HS-005290,40,70,2025-11-11 21:12:17,2026-04-01 06:30:00
SCR-0012059,HS-005291,0,10,2025-11-03 13:11:59,2026-04-01 06:30:00
SCR-0012060,HS-005291,10,40,2025-11-10 20:08:21,2026-04-01 06:30:00
SCR-0012061,HS-005292,0,23,2025-10-22 16:23:18,2026-04-01 06:30:00
SCR-0012062,HS-005292,23,30,2025-11-10 02:40:17,2026-04-01 06:30:00
SCR-0012063,HS-005293,0,21,2026-02-05 22:21:22,2026-04-01 06:30:00
SCR-0012064,HS-005294,0,11,2025-12-10 06:21:08,2026-04-01 06:30:00
SCR-0012065,HS-005294,11,39,2025-12-17 08:31:47,2026-04-01 06:30:00
SCR-0012066,HS-005295,0,12,2026-01-04 00:35:10,2026-04-01 06:30:00
SCR-0012067,HS-005295,12,27,2026-01-11 08:23:50,2026-04-01 06:30:00
SCR-0012068,HS-005296,0,10,2026-01-14 18:17:44,2026-04-01 06:30:00
SCR-0012069,HS-005296,10,28,2026-01-17 06:49:47,2026-04-01 06:30:00
SCR-0012070,HS-005297,0,14,2026-03-27 19:26:48,2026-04-01 06:30:00
SCR-0012071,HS-005297,14,21,2026-03-31 19:45:30,2026-04-01 06:30:00
SCR-0012072,HS-005298,0,7,2025-10-24 05:55:43,2026-04-01 06:30:00
SCR-0012073,HS-005298,7,44,2025-10-30 05:06:21,2026-04-01 06:30:00
SCR-0012074,HS-005298,44,57,2025-10-30 16:42:53,2026-04-01 06:30:00
SCR-0012075,HS-005299,0,6,2026-03-08 18:41:40,2026-04-01 06:30:00
SCR-0012076,HS-005299,6,45,2026-03-19 13:56:50,2026-04-01 06:30:00
SCR-0012077,HS-005299,45,55,2026-03-20 11:33:23,2026-04-01 06:30:00
SCR-0012078,HS-005300,0,12,2025-11-28 17:56:26,2026-04-01 06:30:00
SCR-0012079,HS-005300,12,32,2025-12-12 17:19:41,2026-04-01 06:30:00
SCR-0012080,HS-005301,0,13,2026-03-21 08:31:04,2026-04-01 06:30:00
SCR-0012081,HS-005301,13,30,2026-04-04 00:34:03,2026-04-01 06:30:00
SCR-0012082,HS-005302,0,12,2025-12-03 19:34:26,2026-04-01 06:30:00
SCR-0012083,HS-005302,12,44,2025-12-11 06:01:44,2026-04-01 06:30:00
SCR-0012084,HS-005302,44,64,2025-12-13 00:22:20,2026-04-01 06:30:00
SCR-0012085,HS-005303,0,6,2025-10-03 10:07:22,2026-04-01 06:30:00
SCR-0012086,HS-005303,6,46,2025-10-08 23:24:58,2026-04-01 06:30:00
SCR-0012087,HS-005303,46,86,2025-10-11 00:39:58,2026-04-01 06:30:00
SCR-0012088,HS-005304,0,17,2025-11-08 07:57:41,2026-04-01 06:30:00
SCR-0012089,HS-005304,17,38,2025-11-19 03:54:14,2026-04-01 06:30:00
SCR-0012090,HS-005305,0,11,2025-08-26 02:12:15,2026-04-01 06:30:00
SCR-0012091,HS-005305,11,48,2025-09-04 14:12:20,2026-04-01 06:30:00
SCR-0012092,HS-005305,48,50,2025-09-05 04:09:50,2026-04-01 06:30:00
SCR-0012093,HS-005306,0,24,2026-01-09 04:29:30,2026-04-01 06:30:00
SCR-0012094,HS-005306,24,40,2026-01-13 18:02:12,2026-04-01 06:30:00
SCR-0012095,HS-005306,40,82,2026-01-15 02:34:26,2026-04-01 06:30:00
SCR-0012096,HS-005307,0,20,2025-10-20 02:26:09,2026-04-01 06:30:00
SCR-0012097,HS-005307,20,30,2025-10-27 12:46:14,2026-04-01 06:30:00
SCR-0012098,HS-005308,0,19,2025-10-14 02:57:23,2026-04-01 06:30:00
SCR-0012099,HS-005308,19,26,2025-11-01 10:30:33,2026-04-01 06:30:00
SCR-0012100,HS-005309,0,24,2026-02-21 13:53:37,2026-04-01 06:30:00
SCR-0012101,HS-005309,24,31,2026-03-01 05:34:49,2026-04-01 06:30:00
SCR-0012102,HS-005310,0,23,2026-02-14 22:46:41,2026-04-01 06:30:00
SCR-0012103,HS-005310,23,44,2026-02-22 05:40:51,2026-04-01 06:30:00
SCR-0012104,HS-005310,44,68,2026-02-22 23:21:16,2026-04-01 06:30:00
SCR-0012105,HS-005311,0,8,2026-01-17 05:03:28,2026-04-01 06:30:00
SCR-0012106,HS-005311,8,48,2026-01-29 07:03:08,2026-04-01 06:30:00
SCR-0012107,HS-005311,48,71,2026-01-30 18:56:32,2026-04-01 06:30:00
SCR-0012108,HS-005312,0,22,2025-10-02 00:08:06,2026-04-01 06:30:00
SCR-0012109,HS-005312,22,34,2025-10-16 21:06:02,2026-04-01 06:30:00
SCR-0012110,HS-005313,0,16,2026-03-30 04:22:02,2026-04-01 06:30:00
SCR-0012111,HS-005314,0,17,2025-09-18 21:56:42,2026-04-01 06:30:00
SCR-0012112,HS-005314,17,44,2025-09-29 18:02:56,2026-04-01 06:30:00
SCR-0012113,HS-005314,44,79,2025-09-30 12:44:38,2026-04-01 06:30:00
SCR-0012114,HS-005315,0,24,2025-09-22 17:21:26,2026-04-01 06:30:00
SCR-0012115,HS-005315,24,32,2025-09-25 06:53:16,2026-04-01 06:30:00
SCR-0012116,HS-005316,0,9,2025-11-21 07:57:05,2026-04-01 06:30:00
SCR-0012117,HS-005316,9,23,2025-11-29 16:57:04,2026-04-01 06:30:00
SCR-0012118,HS-005317,0,22,2025-09-16 22:23:38,2026-04-01 06:30:00
SCR-0012119,HS-005318,0,7,2025-10-20 19:03:23,2026-04-01 06:30:00
SCR-0012120,HS-005318,7,42,2025-10-24 15:15:22,2026-04-01 06:30:00
SCR-0012121,HS-005318,42,90,2025-10-26 15:04:58,2026-04-01 06:30:00
SCR-0012122,HS-005319,0,22,2025-09-18 01:05:38,2026-04-01 06:30:00
SCR-0012123,HS-005320,0,16,2026-01-01 13:18:45,2026-04-01 06:30:00
SCR-0012124,HS-005320,16,47,2026-01-06 01:08:16,2026-04-01 06:30:00
SCR-0012125,HS-005320,47,67,2026-01-07 14:48:56,2026-04-01 06:30:00
SCR-0012126,HS-005321,0,22,2026-03-18 17:01:54,2026-04-01 06:30:00
SCR-0012127,HS-005322,0,21,2025-09-05 05:46:59,2026-04-01 06:30:00
SCR-0012128,HS-005323,0,22,2025-10-29 06:02:55,2026-04-01 06:30:00
SCR-0012129,HS-005323,22,38,2025-11-01 02:08:55,2026-04-01 06:30:00
SCR-0012130,HS-005324,0,15,2025-11-20 14:32:38,2026-04-01 06:30:00
SCR-0012131,HS-005324,15,46,2025-11-29 13:42:12,2026-04-01 06:30:00
SCR-0012132,HS-005324,46,66,2025-11-30 22:58:10,2026-04-01 06:30:00
SCR-0012133,HS-005325,0,23,2025-11-06 21:40:32,2026-04-01 06:30:00
SCR-0012134,HS-005326,0,5,2025-12-08 11:46:39,2026-04-01 06:30:00
SCR-0012135,HS-005326,5,43,2025-12-14 12:51:40,2026-04-01 06:30:00
SCR-0012136,HS-005326,43,61,2025-12-17 07:52:25,2026-04-01 06:30:00
SCR-0012137,HS-005327,0,13,2026-02-08 06:43:40,2026-04-01 06:30:00
SCR-0012138,HS-005327,13,42,2026-02-20 05:20:39,2026-04-01 06:30:00
SCR-0012139,HS-005327,42,57,2026-02-22 14:25:41,2026-04-01 06:30:00
SCR-0012140,HS-005328,0,13,2026-03-23 16:16:58,2026-04-01 06:30:00
SCR-0012141,HS-005328,13,47,2026-03-28 20:45:51,2026-04-01 06:30:00
SCR-0012142,HS-005328,47,57,2026-03-30 10:43:46,2026-04-01 06:30:00
SCR-0012143,HS-005329,0,21,2025-12-22 14:26:31,2026-04-01 06:30:00
SCR-0012144,HS-005330,0,10,2026-01-19 05:03:48,2026-04-01 06:30:00
SCR-0012145,HS-005330,10,18,2026-02-05 20:08:39,2026-04-01 06:30:00
SCR-0012146,HS-005331,0,6,2026-03-02 00:41:53,2026-04-01 06:30:00
SCR-0012147,HS-005331,6,48,2026-03-07 02:31:53,2026-04-01 06:30:00
SCR-0012148,HS-005331,48,57,2026-03-09 08:34:40,2026-04-01 06:30:00
SCR-0012149,HS-005332,0,21,2025-12-16 19:24:25,2026-04-01 06:30:00
SCR-0012150,HS-005333,0,6,2025-09-14 22:24:33,2026-04-01 06:30:00
SCR-0012151,HS-005333,6,22,2025-09-17 03:24:01,2026-04-01 06:30:00
SCR-0012152,HS-005334,0,7,2025-12-09 16:21:54,2026-04-01 06:30:00
SCR-0012153,HS-005334,7,40,2025-12-14 23:11:27,2026-04-01 06:30:00
SCR-0012154,HS-005334,40,73,2025-12-16 17:14:15,2026-04-01 06:30:00
SCR-0012155,HS-005335,0,20,2025-12-03 16:05:22,2026-04-01 06:30:00
SCR-0012156,HS-005335,20,43,2025-12-06 04:22:42,2026-04-01 06:30:00
SCR-0012157,HS-005335,43,65,2025-12-06 06:48:56,2026-04-01 06:30:00
SCR-0012158,HS-005336,0,17,2026-03-01 21:12:04,2026-04-01 06:30:00
SCR-0012159,HS-005336,17,40,2026-03-08 22:31:29,2026-04-01 06:30:00
SCR-0012160,HS-005336,40,58,2026-03-11 11:57:11,2026-04-01 06:30:00
SCR-0012161,HS-005337,0,11,2026-03-13 09:54:27,2026-04-01 06:30:00
SCR-0012162,HS-005337,11,44,2026-03-22 19:48:28,2026-04-01 06:30:00
SCR-0012163,HS-005337,44,82,2026-03-25 06:08:40,2026-04-01 06:30:00
SCR-0012164,HS-005338,0,14,2026-02-10 05:47:26,2026-04-01 06:30:00
SCR-0012165,HS-005338,14,27,2026-02-18 23:45:06,2026-04-01 06:30:00
SCR-0012166,HS-005339,0,8,2025-09-28 21:48:38,2026-04-01 06:30:00
SCR-0012167,HS-005339,8,16,2025-10-14 05:05:45,2026-04-01 06:30:00
SCR-0012168,HS-005340,0,20,2025-10-20 13:26:49,2026-04-01 06:30:00
SCR-0012169,HS-005340,20,29,2025-10-23 15:14:14,2026-04-01 06:30:00
SCR-0012170,HS-005341,0,21,2026-02-26 01:36:40,2026-04-01 06:30:00
SCR-0012171,HS-005341,21,41,2026-03-02 15:43:31,2026-04-01 06:30:00
SCR-0012172,HS-005341,41,70,2026-03-05 10:40:38,2026-04-01 06:30:00
SCR-0012173,HS-005342,0,21,2025-09-20 12:12:01,2026-04-01 06:30:00
SCR-0012174,HS-005342,21,42,2025-09-30 17:26:20,2026-04-01 06:30:00
SCR-0012175,HS-005342,42,78,2025-10-02 12:01:21,2026-04-01 06:30:00
SCR-0012176,HS-005343,0,22,2025-09-12 03:14:10,2026-04-01 06:30:00
SCR-0012177,HS-005343,22,41,2025-09-19 16:05:20,2026-04-01 06:30:00
SCR-0012178,HS-005343,41,90,2025-09-20 18:37:15,2026-04-01 06:30:00
SCR-0012179,HS-005344,0,8,2025-09-03 12:08:29,2026-04-01 06:30:00
SCR-0012180,HS-005344,8,41,2025-09-11 21:02:48,2026-04-01 06:30:00
SCR-0012181,HS-005344,41,84,2025-09-13 06:38:08,2026-04-01 06:30:00
SCR-0012182,HS-005345,0,16,2026-03-09 09:53:47,2026-04-01 06:30:00
SCR-0012183,HS-005345,16,25,2026-03-19 15:27:48,2026-04-01 06:30:00
SCR-0012184,HS-005346,0,22,2025-11-11 08:46:58,2026-04-01 06:30:00
SCR-0012185,HS-005346,22,41,2025-11-25 23:38:40,2026-04-01 06:30:00
SCR-0012186,HS-005346,41,69,2025-11-27 01:31:04,2026-04-01 06:30:00
SCR-0012187,HS-005347,0,19,2025-12-27 02:44:39,2026-04-01 06:30:00
SCR-0012188,HS-005347,19,42,2026-01-08 07:15:06,2026-04-01 06:30:00
SCR-0012189,HS-005347,42,80,2026-01-10 19:54:54,2026-04-01 06:30:00
SCR-0012190,HS-005348,0,20,2025-12-30 06:59:55,2026-04-01 06:30:00
SCR-0012191,HS-005349,0,11,2026-03-05 05:44:30,2026-04-01 06:30:00
SCR-0012192,HS-005349,11,48,2026-03-14 13:58:12,2026-04-01 06:30:00
SCR-0012193,HS-005349,48,87,2026-03-16 00:35:22,2026-04-01 06:30:00
SCR-0012194,HS-005350,0,10,2026-03-03 08:12:50,2026-04-01 06:30:00
SCR-0012195,HS-005350,10,48,2026-03-13 15:11:20,2026-04-01 06:30:00
SCR-0012196,HS-005350,48,86,2026-03-13 17:01:38,2026-04-01 06:30:00
SCR-0012197,HS-005351,0,14,2026-02-14 04:32:28,2026-04-01 06:30:00
SCR-0012198,HS-005351,14,41,2026-02-20 09:08:20,2026-04-01 06:30:00
SCR-0012199,HS-005351,41,75,2026-02-21 14:05:48,2026-04-01 06:30:00
SCR-0012200,HS-005352,0,10,2025-08-27 20:18:16,2026-04-01 06:30:00
SCR-0012201,HS-005352,10,48,2025-09-09 06:47:38,2026-04-01 06:30:00
SCR-0012202,HS-005352,48,58,2025-09-10 09:05:32,2026-04-01 06:30:00
SCR-0012203,HS-005353,0,6,2026-03-03 23:39:19,2026-04-01 06:30:00
SCR-0012204,HS-005353,6,48,2026-03-09 04:59:05,2026-04-01 06:30:00
SCR-0012205,HS-005353,48,90,2026-03-11 01:42:22,2026-04-01 06:30:00
SCR-0012206,HS-005354,0,14,2026-01-06 18:56:52,2026-04-01 06:30:00
SCR-0012207,HS-005354,14,44,2026-01-17 00:46:50,2026-04-01 06:30:00
SCR-0012208,HS-005354,44,88,2026-01-18 15:09:47,2026-04-01 06:30:00
SCR-0012209,HS-005355,0,7,2026-02-09 06:13:18,2026-04-01 06:30:00
SCR-0012210,HS-005355,7,48,2026-02-12 19:10:37,2026-04-01 06:30:00
SCR-0012211,HS-005355,48,55,2026-02-13 10:05:50,2026-04-01 06:30:00
SCR-0012212,HS-005356,0,18,2025-09-25 19:10:36,2026-04-01 06:30:00
SCR-0012213,HS-005356,18,22,2025-09-27 20:25:04,2026-04-01 06:30:00
SCR-0012214,HS-005357,0,22,2026-03-03 09:38:12,2026-04-01 06:30:00
SCR-0012215,HS-005357,22,43,2026-03-11 20:14:50,2026-04-01 06:30:00
SCR-0012216,HS-005357,43,80,2026-03-14 00:13:35,2026-04-01 06:30:00
SCR-0012217,HS-005358,0,20,2025-12-15 09:16:04,2026-04-01 06:30:00
SCR-0012218,HS-005358,20,40,2025-12-27 04:11:05,2026-04-01 06:30:00
SCR-0012219,HS-005358,40,64,2025-12-27 19:02:59,2026-04-01 06:30:00
SCR-0012220,HS-005359,0,8,2026-03-12 04:40:14,2026-04-01 06:30:00
SCR-0012221,HS-005359,8,25,2026-03-14 01:26:07,2026-04-01 06:30:00
SCR-0012222,HS-005360,0,13,2025-12-13 21:08:19,2026-04-01 06:30:00
SCR-0012223,HS-005361,0,7,2025-09-26 23:55:55,2026-04-01 06:30:00
SCR-0012224,HS-005361,7,13,2025-10-16 17:04:49,2026-04-01 06:30:00
SCR-0012225,HS-005362,0,8,2025-10-25 12:43:30,2026-04-01 06:30:00
SCR-0012226,HS-005362,8,14,2025-11-01 11:45:29,2026-04-01 06:30:00
SCR-0012227,HS-005363,0,22,2025-12-27 02:21:46,2026-04-01 06:30:00
SCR-0012228,HS-005363,22,43,2026-01-01 20:59:47,2026-04-01 06:30:00
SCR-0012229,HS-005363,43,69,2026-01-03 17:45:21,2026-04-01 06:30:00
SCR-0012230,HS-005364,0,12,2026-02-28 11:10:54,2026-04-01 06:30:00
SCR-0012231,HS-005364,12,25,2026-03-13 22:07:49,2026-04-01 06:30:00
SCR-0012232,HS-005365,0,21,2025-12-02 01:50:25,2026-04-01 06:30:00
SCR-0012233,HS-005365,21,46,2025-12-11 07:12:43,2026-04-01 06:30:00
SCR-0012234,HS-005365,46,87,2025-12-12 01:30:02,2026-04-01 06:30:00
SCR-0012235,HS-005366,0,7,2026-02-18 14:49:45,2026-04-01 06:30:00
SCR-0012236,HS-005366,7,44,2026-02-24 10:44:35,2026-04-01 06:30:00
SCR-0012237,HS-005366,44,79,2026-02-26 00:01:29,2026-04-01 06:30:00
SCR-0012238,HS-005367,0,22,2026-03-28 07:12:33,2026-04-01 06:30:00
SCR-0012239,HS-005368,0,12,2025-11-26 04:37:33,2026-04-01 06:30:00
SCR-0012240,HS-005368,12,40,2025-12-04 22:35:10,2026-04-01 06:30:00
SCR-0012241,HS-005368,40,71,2025-12-04 23:13:55,2026-04-01 06:30:00
SCR-0012242,HS-005369,0,12,2026-01-19 10:53:44,2026-04-01 06:30:00
SCR-0012243,HS-005369,12,48,2026-01-30 01:33:10,2026-04-01 06:30:00
SCR-0012244,HS-005369,48,76,2026-01-31 08:37:51,2026-04-01 06:30:00
SCR-0012245,HS-005370,0,5,2026-01-23 17:31:55,2026-04-01 06:30:00
SCR-0012246,HS-005370,5,20,2026-01-30 16:13:14,2026-04-01 06:30:00
SCR-0012247,HS-005371,0,12,2025-08-23 06:15:46,2026-04-01 06:30:00
SCR-0012248,HS-005371,12,43,2025-09-11 21:44:35,2026-04-01 06:30:00
SCR-0012249,HS-005371,43,85,2025-09-12 23:33:14,2026-04-01 06:30:00
SCR-0012250,HS-005372,0,15,2025-10-06 09:46:28,2026-04-01 06:30:00
SCR-0012251,HS-005372,15,40,2025-10-15 19:14:47,2026-04-01 06:30:00
SCR-0012252,HS-005372,40,64,2025-10-17 00:45:09,2026-04-01 06:30:00
SCR-0012253,HS-005373,0,11,2025-12-04 23:59:26,2026-04-01 06:30:00
SCR-0012254,HS-005373,11,47,2025-12-10 00:18:20,2026-04-01 06:30:00
SCR-0012255,HS-005373,47,60,2025-12-10 02:21:15,2026-04-01 06:30:00
SCR-0012256,HS-005374,0,5,2026-03-21 15:19:01,2026-04-01 06:30:00
SCR-0012257,HS-005374,5,38,2026-03-30 20:50:05,2026-04-01 06:30:00
SCR-0012258,HS-005375,0,10,2026-02-14 01:22:19,2026-04-01 06:30:00
SCR-0012259,HS-005375,10,49,2026-02-22 06:39:02,2026-04-01 06:30:00
SCR-0012260,HS-005376,0,7,2025-12-02 12:35:37,2026-04-01 06:30:00
SCR-0012261,HS-005376,7,25,2025-12-05 15:54:12,2026-04-01 06:30:00
SCR-0012262,HS-005377,0,5,2025-11-18 08:00:35,2026-04-01 06:30:00
SCR-0012263,HS-005377,5,17,2025-12-05 10:16:56,2026-04-01 06:30:00
SCR-0012264,HS-005378,0,10,2025-12-04 01:41:54,2026-04-01 06:30:00
SCR-0012265,HS-005378,10,41,2025-12-08 15:15:42,2026-04-01 06:30:00
SCR-0012266,HS-005378,41,81,2025-12-10 21:39:11,2026-04-01 06:30:00
SCR-0012267,HS-005379,0,20,2026-01-06 14:50:04,2026-04-01 06:30:00
SCR-0012268,HS-005379,20,40,2026-01-09 00:56:55,2026-04-01 06:30:00
SCR-0012269,HS-005379,40,70,2026-01-10 16:50:17,2026-04-01 06:30:00
SCR-0012270,HS-005380,0,20,2025-10-13 16:02:54,2026-04-01 06:30:00
SCR-0012271,HS-005380,20,40,2025-10-22 15:54:06,2026-04-01 06:30:00
SCR-0012272,HS-005380,40,53,2025-10-23 07:15:22,2026-04-01 06:30:00
SCR-0012273,HS-005381,0,21,2025-09-20 13:29:34,2026-04-01 06:30:00
SCR-0012274,HS-005382,0,11,2026-02-15 19:23:25,2026-04-01 06:30:00
SCR-0012275,HS-005382,11,25,2026-03-03 21:34:10,2026-04-01 06:30:00
SCR-0012276,HS-005383,0,13,2026-03-03 03:02:41,2026-04-01 06:30:00
SCR-0012277,HS-005383,13,43,2026-03-11 17:07:49,2026-04-01 06:30:00
SCR-0012278,HS-005383,43,87,2026-03-13 20:52:00,2026-04-01 06:30:00
SCR-0012279,HS-005384,0,7,2025-10-19 08:36:20,2026-04-01 06:30:00
SCR-0012280,HS-005384,7,42,2025-11-02 01:27:40,2026-04-01 06:30:00
SCR-0012281,HS-005385,0,19,2025-09-21 16:41:20,2026-04-01 06:30:00
SCR-0012282,HS-005385,19,44,2025-09-26 23:23:58,2026-04-01 06:30:00
SCR-0012283,HS-005385,44,54,2025-09-28 01:56:53,2026-04-01 06:30:00
SCR-0012284,HS-005386,0,5,2026-02-17 14:17:36,2026-04-01 06:30:00
SCR-0012285,HS-005386,5,33,2026-03-06 14:10:10,2026-04-01 06:30:00
SCR-0012286,HS-005387,0,7,2025-09-14 03:43:56,2026-04-01 06:30:00
SCR-0012287,HS-005387,7,39,2025-09-23 17:02:43,2026-04-01 06:30:00
SCR-0012288,HS-005388,0,7,2025-11-30 15:00:24,2026-04-01 06:30:00
SCR-0012289,HS-005389,0,10,2025-11-28 10:41:15,2026-04-01 06:30:00
SCR-0012290,HS-005389,10,40,2025-12-08 23:21:43,2026-04-01 06:30:00
SCR-0012291,HS-005390,0,21,2025-12-01 10:52:49,2026-04-01 06:30:00
SCR-0012292,HS-005391,0,12,2025-11-26 06:48:42,2026-04-01 06:30:00
SCR-0012293,HS-005391,12,40,2025-12-01 04:55:45,2026-04-01 06:30:00
SCR-0012294,HS-005391,40,76,2025-12-04 02:36:51,2026-04-01 06:30:00
SCR-0012295,HS-005392,0,20,2026-02-21 14:27:07,2026-04-01 06:30:00
SCR-0012296,HS-005392,20,43,2026-02-28 03:08:26,2026-04-01 06:30:00
SCR-0012297,HS-005392,43,56,2026-03-01 16:23:47,2026-04-01 06:30:00
SCR-0012298,HS-005393,0,15,2025-12-29 04:39:29,2026-04-01 06:30:00
SCR-0012299,HS-005393,15,42,2026-01-02 01:32:14,2026-04-01 06:30:00
SCR-0012300,HS-005393,42,57,2026-01-02 14:37:59,2026-04-01 06:30:00
SCR-0012301,HS-005394,0,23,2026-02-13 10:53:43,2026-04-01 06:30:00
SCR-0012302,HS-005394,23,37,2026-02-26 23:52:42,2026-04-01 06:30:00
SCR-0012303,HS-005395,0,14,2026-01-16 04:25:45,2026-04-01 06:30:00
SCR-0012304,HS-005395,14,15,2026-01-28 01:05:12,2026-04-01 06:30:00
SCR-0012305,HS-005396,0,18,2025-09-06 04:00:08,2026-04-01 06:30:00
SCR-0012306,HS-005396,18,48,2025-09-24 13:25:04,2026-04-01 06:30:00
SCR-0012307,HS-005396,48,68,2025-09-27 03:23:58,2026-04-01 06:30:00
SCR-0012308,HS-005397,0,8,2026-02-11 22:45:15,2026-04-01 06:30:00
SCR-0012309,HS-005397,8,46,2026-02-17 17:33:02,2026-04-01 06:30:00
SCR-0012310,HS-005397,46,82,2026-02-19 13:41:32,2026-04-01 06:30:00
SCR-0012311,HS-005398,0,10,2026-01-26 19:07:08,2026-04-01 06:30:00
SCR-0012312,HS-005398,10,41,2026-02-05 23:41:31,2026-04-01 06:30:00
SCR-0012313,HS-005398,41,85,2026-02-08 17:11:29,2026-04-01 06:30:00
SCR-0012314,HS-005399,0,11,2025-09-12 03:37:57,2026-04-01 06:30:00
SCR-0012315,HS-005399,11,21,2025-09-27 23:03:08,2026-04-01 06:30:00
SCR-0012316,HS-005400,0,10,2026-01-05 18:11:50,2026-04-01 06:30:00
SCR-0012317,HS-005400,10,46,2026-01-12 01:04:57,2026-04-01 06:30:00
SCR-0012318,HS-005401,0,21,2026-02-21 09:31:11,2026-04-01 06:30:00
SCR-0012319,HS-005401,21,43,2026-03-17 01:03:57,2026-04-01 06:30:00
SCR-0012320,HS-005402,0,23,2026-02-02 16:36:08,2026-04-01 06:30:00
SCR-0012321,HS-005403,0,19,2025-11-02 22:44:46,2026-04-01 06:30:00
SCR-0012322,HS-005404,0,16,2025-09-27 18:13:26,2026-04-01 06:30:00
SCR-0012323,HS-005404,16,46,2025-10-02 20:19:07,2026-04-01 06:30:00
SCR-0012324,HS-005404,46,65,2025-10-03 04:23:42,2026-04-01 06:30:00
SCR-0012325,HS-005405,0,16,2026-01-23 22:19:06,2026-04-01 06:30:00
SCR-0012326,HS-005405,16,43,2026-01-26 04:59:46,2026-04-01 06:30:00
SCR-0012327,HS-005405,43,72,2026-01-27 17:54:47,2026-04-01 06:30:00
SCR-0012328,HS-005406,0,13,2025-09-22 07:07:46,2026-04-01 06:30:00
SCR-0012329,HS-005406,13,21,2025-10-03 21:01:17,2026-04-01 06:30:00
SCR-0012330,HS-005407,0,19,2025-10-28 03:55:52,2026-04-01 06:30:00
SCR-0012331,HS-005407,19,48,2025-10-31 15:40:49,2026-04-01 06:30:00
SCR-0012332,HS-005407,48,85,2025-11-01 01:57:02,2026-04-01 06:30:00
SCR-0012333,HS-005408,0,9,2026-02-04 02:00:06,2026-04-01 06:30:00
SCR-0012334,HS-005408,9,48,2026-02-06 22:48:42,2026-04-01 06:30:00
SCR-0012335,HS-005409,0,14,2026-02-13 12:48:23,2026-04-01 06:30:00
SCR-0012336,HS-005409,14,32,2026-02-18 20:34:39,2026-04-01 06:30:00
SCR-0012337,HS-005410,0,6,2025-09-18 16:50:57,2026-04-01 06:30:00
SCR-0012338,HS-005410,6,46,2025-09-21 19:39:16,2026-04-01 06:30:00
SCR-0012339,HS-005410,46,66,2025-09-22 19:02:29,2026-04-01 06:30:00
SCR-0012340,HS-005411,0,6,2025-11-01 18:38:40,2026-04-01 06:30:00
SCR-0012341,HS-005411,6,45,2025-11-07 06:04:58,2026-04-01 06:30:00
SCR-0012342,HS-005411,45,66,2025-11-08 13:35:36,2026-04-01 06:30:00
SCR-0012343,HS-005412,0,19,2025-09-03 17:25:55,2026-04-01 06:30:00
SCR-0012344,HS-005412,19,40,2025-09-10 10:08:02,2026-04-01 06:30:00
SCR-0012345,HS-005412,40,55,2025-09-11 00:38:48,2026-04-01 06:30:00
SCR-0012346,HS-005413,0,18,2025-11-27 00:35:53,2026-04-01 06:30:00
SCR-0012347,HS-005413,18,37,2025-12-07 21:59:11,2026-04-01 06:30:00
SCR-0012348,HS-005414,0,9,2026-01-01 01:50:48,2026-04-01 06:30:00
SCR-0012349,HS-005414,9,25,2026-01-18 18:27:04,2026-04-01 06:30:00
SCR-0012350,HS-005415,0,7,2025-11-30 15:54:46,2026-04-01 06:30:00
SCR-0012351,HS-005415,7,48,2025-12-11 03:23:51,2026-04-01 06:30:00
SCR-0012352,HS-005415,48,53,2025-12-13 02:54:38,2026-04-01 06:30:00
SCR-0012353,HS-005416,0,8,2026-02-24 19:26:02,2026-04-01 06:30:00
SCR-0012354,HS-005416,8,36,2026-02-28 06:22:14,2026-04-01 06:30:00
SCR-0012355,HS-005417,0,22,2026-01-25 06:18:09,2026-04-01 06:30:00
SCR-0012356,HS-005417,22,45,2026-01-30 04:56:03,2026-04-01 06:30:00
SCR-0012357,HS-005417,45,57,2026-01-31 06:40:41,2026-04-01 06:30:00
SCR-0012358,HS-005418,0,5,2025-09-16 12:49:26,2026-04-01 06:30:00
SCR-0012359,HS-005418,5,48,2025-09-19 17:07:08,2026-04-01 06:30:00
SCR-0012360,HS-005418,48,79,2025-09-20 08:28:43,2026-04-01 06:30:00
SCR-0012361,HS-005419,0,22,2026-01-30 16:06:47,2026-04-01 06:30:00
SCR-0012362,HS-005419,22,28,2026-02-07 08:25:59,2026-04-01 06:30:00
SCR-0012363,HS-005420,0,21,2025-12-29 08:02:55,2026-04-01 06:30:00
SCR-0012364,HS-005420,21,45,2026-01-12 18:27:07,2026-04-01 06:30:00
SCR-0012365,HS-005420,45,74,2026-01-14 23:17:41,2026-04-01 06:30:00
SCR-0012366,HS-005421,0,24,2026-01-15 14:45:42,2026-04-01 06:30:00
SCR-0012367,HS-005422,0,9,2025-11-06 11:39:36,2026-04-01 06:30:00
SCR-0012368,HS-005422,9,43,2025-11-22 12:36:59,2026-04-01 06:30:00
SCR-0012369,HS-005422,43,75,2025-11-24 00:12:51,2026-04-01 06:30:00
SCR-0012370,HS-005423,0,10,2025-11-09 14:28:36,2026-04-01 06:30:00
SCR-0012371,HS-005423,10,15,2025-11-23 14:27:05,2026-04-01 06:30:00
SCR-0012372,HS-005424,0,13,2025-10-01 22:24:29,2026-04-01 06:30:00
SCR-0012373,HS-005424,13,14,2025-10-16 06:56:24,2026-04-01 06:30:00
SCR-0012374,HS-005425,0,19,2025-10-05 09:23:38,2026-04-01 06:30:00
SCR-0012375,HS-005425,19,32,2025-10-08 10:42:27,2026-04-01 06:30:00
SCR-0012376,HS-005426,0,9,2026-01-30 21:49:26,2026-04-01 06:30:00
SCR-0012377,HS-005426,9,40,2026-02-02 16:57:45,2026-04-01 06:30:00
SCR-0012378,HS-005426,40,86,2026-02-05 11:41:35,2026-04-01 06:30:00
SCR-0012379,HS-005427,0,19,2025-11-01 19:42:22,2026-04-01 06:30:00
SCR-0012380,HS-005427,19,31,2025-11-15 19:12:41,2026-04-01 06:30:00
SCR-0012381,HS-005428,0,20,2025-09-21 20:42:12,2026-04-01 06:30:00
SCR-0012382,HS-005428,20,46,2025-09-27 16:41:47,2026-04-01 06:30:00
SCR-0012383,HS-005428,46,51,2025-09-27 19:11:11,2026-04-01 06:30:00
SCR-0012384,HS-005429,0,7,2025-09-17 13:07:16,2026-04-01 06:30:00
SCR-0012385,HS-005429,7,42,2025-09-22 14:34:26,2026-04-01 06:30:00
SCR-0012386,HS-005429,42,80,2025-09-24 14:10:21,2026-04-01 06:30:00
SCR-0012387,HS-005430,0,12,2026-01-21 20:38:00,2026-04-01 06:30:00
SCR-0012388,HS-005430,12,41,2026-02-03 04:42:06,2026-04-01 06:30:00
SCR-0012389,HS-005431,0,9,2026-02-23 02:57:52,2026-04-01 06:30:00
SCR-0012390,HS-005431,9,42,2026-03-01 15:54:10,2026-04-01 06:30:00
SCR-0012391,HS-005431,42,87,2026-03-03 07:33:33,2026-04-01 06:30:00
SCR-0012392,HS-005432,0,15,2025-11-19 01:25:33,2026-04-01 06:30:00
SCR-0012393,HS-005432,15,44,2025-11-26 11:59:42,2026-04-01 06:30:00
SCR-0012394,HS-005432,44,85,2025-11-28 23:30:46,2026-04-01 06:30:00
SCR-0012395,HS-005433,0,16,2026-01-16 22:47:58,2026-04-01 06:30:00
SCR-0012396,HS-005433,16,43,2026-01-23 13:16:41,2026-04-01 06:30:00
SCR-0012397,HS-005433,43,54,2026-01-24 19:31:50,2026-04-01 06:30:00
SCR-0012398,HS-005434,0,15,2026-02-02 18:07:09,2026-04-01 06:30:00
SCR-0012399,HS-005434,15,45,2026-02-07 09:18:08,2026-04-01 06:30:00
SCR-0012400,HS-005434,45,72,2026-02-08 07:05:47,2026-04-01 06:30:00
SCR-0012401,HS-005435,0,15,2026-02-15 13:30:24,2026-04-01 06:30:00
SCR-0012402,HS-005435,15,38,2026-02-26 16:26:13,2026-04-01 06:30:00
SCR-0012403,HS-005436,0,7,2025-10-04 22:22:58,2026-04-01 06:30:00
SCR-0012404,HS-005436,7,27,2025-10-09 20:22:54,2026-04-01 06:30:00
SCR-0012405,HS-005437,0,9,2026-01-24 03:27:45,2026-04-01 06:30:00
SCR-0012406,HS-005437,9,47,2026-02-12 23:42:25,2026-04-01 06:30:00
SCR-0012407,HS-005437,47,88,2026-02-15 05:20:45,2026-04-01 06:30:00
SCR-0012408,HS-005438,0,11,2025-09-04 08:14:01,2026-04-01 06:30:00
SCR-0012409,HS-005438,11,41,2025-09-13 00:08:40,2026-04-01 06:30:00
SCR-0012410,HS-005438,41,56,2025-09-13 20:13:02,2026-04-01 06:30:00
SCR-0012411,HS-005439,0,20,2026-01-29 21:26:47,2026-04-01 06:30:00
SCR-0012412,HS-005439,20,25,2026-02-07 08:09:21,2026-04-01 06:30:00
SCR-0012413,HS-005440,0,18,2026-02-06 11:19:28,2026-04-01 06:30:00
SCR-0012414,HS-005440,18,42,2026-02-15 13:21:12,2026-04-01 06:30:00
SCR-0012415,HS-005440,42,67,2026-02-16 03:12:20,2026-04-01 06:30:00
SCR-0012416,HS-005441,0,11,2025-11-18 20:52:03,2026-04-01 06:30:00
SCR-0012417,HS-005441,11,38,2025-11-21 13:24:41,2026-04-01 06:30:00
SCR-0012418,HS-005442,0,22,2025-12-22 16:02:48,2026-04-01 06:30:00
SCR-0012419,HS-005442,22,48,2026-01-02 12:57:37,2026-04-01 06:30:00
SCR-0012420,HS-005442,48,51,2026-01-02 16:52:12,2026-04-01 06:30:00
SCR-0012421,HS-005443,0,24,2025-10-12 02:27:26,2026-04-01 06:30:00
SCR-0012422,HS-005443,24,28,2025-10-19 00:04:49,2026-04-01 06:30:00
SCR-0012423,HS-005444,0,7,2026-02-18 11:23:01,2026-04-01 06:30:00
SCR-0012424,HS-005444,7,36,2026-03-10 11:07:58,2026-04-01 06:30:00
SCR-0012425,HS-005445,0,7,2026-02-16 17:56:19,2026-04-01 06:30:00
SCR-0012426,HS-005445,7,12,2026-03-04 08:48:56,2026-04-01 06:30:00
SCR-0012427,HS-005446,0,19,2025-12-15 07:41:32,2026-04-01 06:30:00
SCR-0012428,HS-005446,19,45,2025-12-22 07:46:38,2026-04-01 06:30:00
SCR-0012429,HS-005447,0,23,2025-09-30 18:33:57,2026-04-01 06:30:00
SCR-0012430,HS-005447,23,41,2025-10-10 13:52:56,2026-04-01 06:30:00
SCR-0012431,HS-005447,41,60,2025-10-11 18:24:39,2026-04-01 06:30:00
SCR-0012432,HS-005448,0,20,2025-11-25 07:42:57,2026-04-01 06:30:00
SCR-0012433,HS-005449,0,8,2025-11-09 06:01:49,2026-04-01 06:30:00
SCR-0012434,HS-005449,8,17,2025-11-12 19:08:24,2026-04-01 06:30:00
SCR-0012435,HS-005450,0,10,2025-11-21 10:24:58,2026-04-01 06:30:00
SCR-0012436,HS-005450,10,39,2025-12-10 23:35:44,2026-04-01 06:30:00
SCR-0012437,HS-005451,0,23,2025-11-04 21:43:03,2026-04-01 06:30:00
SCR-0012438,HS-005451,23,43,2025-11-09 23:00:09,2026-04-01 06:30:00
SCR-0012439,HS-005451,43,67,2025-11-11 05:39:42,2026-04-01 06:30:00
SCR-0012440,HS-005452,0,5,2025-10-23 07:43:33,2026-04-01 06:30:00
SCR-0012441,HS-005452,5,46,2025-10-30 00:13:16,2026-04-01 06:30:00
SCR-0012442,HS-005452,46,68,2025-10-31 15:01:13,2026-04-01 06:30:00
SCR-0012443,HS-005453,0,13,2025-10-15 12:56:04,2026-04-01 06:30:00
SCR-0012444,HS-005453,13,17,2025-10-24 06:12:07,2026-04-01 06:30:00
SCR-0012445,HS-005454,0,16,2026-02-06 22:17:05,2026-04-01 06:30:00
SCR-0012446,HS-005454,16,30,2026-02-24 00:06:38,2026-04-01 06:30:00
SCR-0012447,HS-005455,0,9,2025-09-21 23:52:29,2026-04-01 06:30:00
SCR-0012448,HS-005456,0,5,2025-12-20 13:21:25,2026-04-01 06:30:00
SCR-0012449,HS-005456,5,45,2025-12-26 15:50:41,2026-04-01 06:30:00
SCR-0012450,HS-005456,45,56,2025-12-27 21:48:18,2026-04-01 06:30:00
SCR-0012451,HS-005457,0,6,2025-12-25 17:21:58,2026-04-01 06:30:00
SCR-0012452,HS-005457,6,13,2025-12-28 04:36:24,2026-04-01 06:30:00
SCR-0012453,HS-005458,0,24,2025-11-09 01:29:13,2026-04-01 06:30:00
SCR-0012454,HS-005458,24,45,2025-11-15 21:07:49,2026-04-01 06:30:00
SCR-0012455,HS-005458,45,72,2025-11-17 01:45:11,2026-04-01 06:30:00
SCR-0012456,HS-005459,0,24,2025-08-24 16:07:57,2026-04-01 06:30:00
SCR-0012457,HS-005459,24,48,2025-08-31 23:09:15,2026-04-01 06:30:00
SCR-0012458,HS-005459,48,57,2025-09-03 09:38:36,2026-04-01 06:30:00
SCR-0012459,HS-005460,0,13,2026-03-10 14:14:58,2026-04-01 06:30:00
SCR-0012460,HS-005460,13,37,2026-03-26 10:06:00,2026-04-01 06:30:00
SCR-0012461,HS-005461,0,23,2026-02-05 10:07:28,2026-04-01 06:30:00
SCR-0012462,HS-005461,23,43,2026-02-14 16:16:02,2026-04-01 06:30:00
SCR-0012463,HS-005462,0,11,2026-03-02 02:46:14,2026-04-01 06:30:00
SCR-0012464,HS-005462,11,34,2026-03-18 03:24:36,2026-04-01 06:30:00
SCR-0012465,HS-005463,0,12,2025-10-06 16:02:02,2026-04-01 06:30:00
SCR-0012466,HS-005463,12,13,2025-10-11 09:19:58,2026-04-01 06:30:00
SCR-0012467,HS-005464,0,23,2026-03-23 00:15:27,2026-04-01 06:30:00
SCR-0012468,HS-005464,23,41,2026-03-26 11:05:46,2026-04-01 06:30:00
SCR-0012469,HS-005464,41,53,2026-03-28 12:15:29,2026-04-01 06:30:00
SCR-0012470,HS-005465,0,14,2025-10-07 02:23:31,2026-04-01 06:30:00
SCR-0012471,HS-005465,14,43,2025-10-13 06:43:44,2026-04-01 06:30:00
SCR-0012472,HS-005466,0,17,2025-09-18 20:48:55,2026-04-01 06:30:00
SCR-0012473,HS-005466,17,48,2025-09-27 22:41:57,2026-04-01 06:30:00
SCR-0012474,HS-005466,48,71,2025-09-30 11:59:48,2026-04-01 06:30:00
SCR-0012475,HS-005467,0,12,2026-02-06 07:55:35,2026-04-01 06:30:00
SCR-0012476,HS-005467,12,41,2026-02-12 16:21:46,2026-04-01 06:30:00
SCR-0012477,HS-005467,41,87,2026-02-13 12:45:17,2026-04-01 06:30:00
SCR-0012478,HS-005468,0,11,2025-10-27 16:17:07,2026-04-01 06:30:00
SCR-0012479,HS-005468,11,46,2025-11-03 07:47:54,2026-04-01 06:30:00
SCR-0012480,HS-005468,46,53,2025-11-05 02:42:07,2026-04-01 06:30:00
SCR-0012481,HS-005469,0,17,2026-03-16 02:16:58,2026-04-01 06:30:00
SCR-0012482,HS-005469,17,34,2026-03-22 19:37:02,2026-04-01 06:30:00
SCR-0012483,HS-005470,0,8,2026-03-07 09:55:53,2026-04-01 06:30:00
SCR-0012484,HS-005470,8,30,2026-03-26 03:35:40,2026-04-01 06:30:00
SCR-0012485,HS-005471,0,23,2025-12-11 13:09:00,2026-04-01 06:30:00
SCR-0012486,HS-005471,23,47,2025-12-22 05:24:47,2026-04-01 06:30:00
SCR-0012487,HS-005471,47,87,2025-12-24 17:41:37,2026-04-01 06:30:00
SCR-0012488,HS-005472,0,16,2025-12-17 12:21:32,2026-04-01 06:30:00
SCR-0012489,HS-005472,16,46,2025-12-31 21:09:20,2026-04-01 06:30:00
SCR-0012490,HS-005473,0,20,2026-02-06 12:52:33,2026-04-01 06:30:00
SCR-0012491,HS-005474,0,12,2025-10-23 19:06:00,2026-04-01 06:30:00
SCR-0012492,HS-005474,12,48,2025-10-28 16:11:47,2026-04-01 06:30:00
SCR-0012493,HS-005474,48,75,2025-10-30 10:08:02,2026-04-01 06:30:00
SCR-0012494,HS-005475,0,12,2025-11-08 03:18:17,2026-04-01 06:30:00
SCR-0012495,HS-005475,12,48,2025-11-14 23:38:11,2026-04-01 06:30:00
SCR-0012496,HS-005475,48,81,2025-11-16 12:23:34,2026-04-01 06:30:00
SCR-0012497,HS-005476,0,10,2025-10-12 00:52:35,2026-04-01 06:30:00
SCR-0012498,HS-005476,10,45,2025-10-24 22:19:00,2026-04-01 06:30:00
SCR-0012499,HS-005476,45,64,2025-10-26 11:33:00,2026-04-01 06:30:00
SCR-0012500,HS-005477,0,6,2025-10-25 14:27:33,2026-04-01 06:30:00
SCR-0012501,HS-005478,0,6,2025-10-30 22:07:35,2026-04-01 06:30:00
SCR-0012502,HS-005478,6,48,2025-11-05 21:53:43,2026-04-01 06:30:00
SCR-0012503,HS-005478,48,53,2025-11-08 11:31:43,2026-04-01 06:30:00
SCR-0012504,HS-005479,0,8,2026-02-07 11:43:58,2026-04-01 06:30:00
SCR-0012505,HS-005479,8,47,2026-02-14 22:44:49,2026-04-01 06:30:00
SCR-0012506,HS-005480,0,6,2025-11-22 20:53:30,2026-04-01 06:30:00
SCR-0012507,HS-005480,6,48,2025-12-09 04:19:45,2026-04-01 06:30:00
SCR-0012508,HS-005480,48,67,2025-12-10 18:30:07,2026-04-01 06:30:00
SCR-0012509,HS-005481,0,13,2026-01-16 11:03:57,2026-04-01 06:30:00
SCR-0012510,HS-005481,13,35,2026-01-24 09:40:56,2026-04-01 06:30:00
SCR-0012511,HS-005482,0,21,2025-12-18 03:57:39,2026-04-01 06:30:00
SCR-0012512,HS-005482,21,41,2025-12-22 16:18:56,2026-04-01 06:30:00
SCR-0012513,HS-005482,41,68,2025-12-23 21:50:39,2026-04-01 06:30:00
SCR-0012514,HS-005483,0,15,2026-01-30 17:53:46,2026-04-01 06:30:00
SCR-0012515,HS-005483,15,38,2026-02-13 18:58:09,2026-04-01 06:30:00
SCR-0012516,HS-005484,0,11,2025-09-12 14:26:18,2026-04-01 06:30:00
SCR-0012517,HS-005485,0,11,2025-10-03 06:16:32,2026-04-01 06:30:00
SCR-0012518,HS-005485,11,43,2025-10-08 04:53:48,2026-04-01 06:30:00
SCR-0012519,HS-005486,0,23,2025-09-20 07:46:48,2026-04-01 06:30:00
SCR-0012520,HS-005487,0,20,2025-11-21 20:06:41,2026-04-01 06:30:00
SCR-0012521,HS-005487,20,45,2025-11-24 08:17:20,2026-04-01 06:30:00
SCR-0012522,HS-005487,45,69,2025-11-25 09:10:36,2026-04-01 06:30:00
SCR-0012523,HS-005488,0,20,2026-01-15 00:58:55,2026-04-01 06:30:00
SCR-0012524,HS-005489,0,14,2025-11-07 11:54:29,2026-04-01 06:30:00
SCR-0012525,HS-005489,14,18,2025-11-19 15:17:05,2026-04-01 06:30:00
SCR-0012526,HS-005490,0,16,2026-02-20 21:58:00,2026-04-01 06:30:00
SCR-0012527,HS-005490,16,44,2026-03-10 17:43:32,2026-04-01 06:30:00
SCR-0012528,HS-005490,44,84,2026-03-12 02:41:57,2026-04-01 06:30:00
SCR-0012529,HS-005491,0,17,2025-09-06 21:00:58,2026-04-01 06:30:00
SCR-0012530,HS-005491,17,34,2025-09-15 15:30:36,2026-04-01 06:30:00
SCR-0012531,HS-005492,0,13,2026-03-28 14:37:51,2026-04-01 06:30:00
SCR-0012532,HS-005493,0,13,2025-12-24 19:43:29,2026-04-01 06:30:00
SCR-0012533,HS-005493,13,48,2025-12-27 11:30:08,2026-04-01 06:30:00
SCR-0012534,HS-005493,48,76,2025-12-30 06:28:28,2026-04-01 06:30:00
SCR-0012535,HS-005494,0,18,2025-11-22 12:16:47,2026-04-01 06:30:00
SCR-0012536,HS-005495,0,7,2025-09-14 00:21:00,2026-04-01 06:30:00
SCR-0012537,HS-005495,7,48,2025-09-25 02:00:58,2026-04-01 06:30:00
SCR-0012538,HS-005495,48,75,2025-09-27 03:19:09,2026-04-01 06:30:00
SCR-0012539,HS-005496,0,18,2025-12-14 05:42:46,2026-04-01 06:30:00
SCR-0012540,HS-005496,18,27,2025-12-20 10:42:37,2026-04-01 06:30:00
SCR-0012541,HS-005497,0,19,2025-12-09 13:00:18,2026-04-01 06:30:00
SCR-0012542,HS-005497,19,48,2025-12-17 23:33:29,2026-04-01 06:30:00
SCR-0012543,HS-005498,0,6,2025-10-14 09:02:20,2026-04-01 06:30:00
SCR-0012544,HS-005498,6,26,2025-10-28 17:48:11,2026-04-01 06:30:00
SCR-0012545,HS-005499,0,11,2026-03-12 08:05:56,2026-04-01 06:30:00
SCR-0012546,HS-005499,11,43,2026-03-21 05:47:33,2026-04-01 06:30:00
SCR-0012547,HS-005499,43,90,2026-03-21 14:37:14,2026-04-01 06:30:00
SCR-0012548,HS-005500,0,21,2026-03-10 09:43:53,2026-04-01 06:30:00
SCR-0012549,HS-005500,21,22,2026-03-23 16:42:49,2026-04-01 06:30:00
SCR-0012550,HS-005501,0,6,2025-11-20 13:52:16,2026-04-01 06:30:00
SCR-0012551,HS-005501,6,17,2025-11-27 14:18:23,2026-04-01 06:30:00
SCR-0012552,HS-005502,0,12,2025-10-07 16:48:53,2026-04-01 06:30:00
SCR-0012553,HS-005502,12,20,2025-10-20 04:57:57,2026-04-01 06:30:00
SCR-0012554,HS-005503,0,7,2026-02-11 04:42:10,2026-04-01 06:30:00
SCR-0012555,HS-005503,7,40,2026-02-16 10:27:01,2026-04-01 06:30:00
SCR-0012556,HS-005503,40,61,2026-02-17 12:06:17,2026-04-01 06:30:00
SCR-0012557,HS-005504,0,10,2026-02-09 18:47:36,2026-04-01 06:30:00
SCR-0012558,HS-005504,10,40,2026-02-14 17:38:57,2026-04-01 06:30:00
SCR-0012559,HS-005504,40,61,2026-02-15 16:25:24,2026-04-01 06:30:00
SCR-0012560,HS-005505,0,8,2025-09-08 23:54:29,2026-04-01 06:30:00
SCR-0012561,HS-005505,8,44,2025-09-17 17:55:06,2026-04-01 06:30:00
SCR-0012562,HS-005505,44,89,2025-09-20 15:48:12,2026-04-01 06:30:00
SCR-0012563,HS-005506,0,19,2025-12-07 11:25:38,2026-04-01 06:30:00
SCR-0012564,HS-005506,19,36,2025-12-22 21:24:05,2026-04-01 06:30:00
SCR-0012565,HS-005507,0,24,2025-10-14 07:51:07,2026-04-01 06:30:00
SCR-0012566,HS-005507,24,27,2025-10-15 22:14:50,2026-04-01 06:30:00
SCR-0012567,HS-005508,0,23,2025-12-06 00:50:48,2026-04-01 06:30:00
SCR-0012568,HS-005508,23,47,2025-12-12 01:37:27,2026-04-01 06:30:00
SCR-0012569,HS-005508,47,89,2025-12-14 19:13:32,2026-04-01 06:30:00
SCR-0012570,HS-005509,0,19,2025-12-19 12:00:11,2026-04-01 06:30:00
SCR-0012571,HS-005509,19,26,2026-01-01 03:51:18,2026-04-01 06:30:00
SCR-0012572,HS-005510,0,6,2025-12-13 04:25:50,2026-04-01 06:30:00
SCR-0012573,HS-005510,6,18,2025-12-20 12:52:34,2026-04-01 06:30:00
SCR-0012574,HS-005511,0,6,2026-02-19 01:45:42,2026-04-01 06:30:00
SCR-0012575,HS-005511,6,10,2026-02-27 14:39:16,2026-04-01 06:30:00
SCR-0012576,HS-005512,0,5,2025-12-20 07:00:32,2026-04-01 06:30:00
SCR-0012577,HS-005512,5,43,2025-12-25 08:33:32,2026-04-01 06:30:00
SCR-0012578,HS-005513,0,20,2025-09-11 03:33:39,2026-04-01 06:30:00
SCR-0012579,HS-005513,20,37,2025-09-14 12:36:39,2026-04-01 06:30:00
SCR-0012580,HS-005514,0,8,2026-02-10 05:19:25,2026-04-01 06:30:00
SCR-0012581,HS-005514,8,43,2026-02-15 13:16:59,2026-04-01 06:30:00
SCR-0012582,HS-005514,43,52,2026-02-16 14:14:58,2026-04-01 06:30:00
SCR-0012583,HS-005515,0,9,2025-12-28 16:50:20,2026-04-01 06:30:00
SCR-0012584,HS-005515,9,23,2025-12-31 21:06:04,2026-04-01 06:30:00
SCR-0012585,HS-005516,0,7,2025-12-21 19:42:25,2026-04-01 06:30:00
SCR-0012586,HS-005516,7,14,2025-12-23 14:44:02,2026-04-01 06:30:00
SCR-0012587,HS-005517,0,13,2025-11-08 06:58:12,2026-04-01 06:30:00
SCR-0012588,HS-005517,13,42,2025-11-18 15:24:12,2026-04-01 06:30:00
SCR-0012589,HS-005517,42,77,2025-11-19 08:44:59,2026-04-01 06:30:00
SCR-0012590,HS-005518,0,16,2026-03-17 05:25:44,2026-04-01 06:30:00
SCR-0012591,HS-005518,16,44,2026-03-26 01:52:39,2026-04-01 06:30:00
SCR-0012592,HS-005518,44,60,2026-03-28 10:35:48,2026-04-01 06:30:00
SCR-0012593,HS-005519,0,10,2025-09-04 17:03:08,2026-04-01 06:30:00
SCR-0012594,HS-005519,10,49,2025-09-09 19:46:42,2026-04-01 06:30:00
SCR-0012595,HS-005520,0,14,2026-01-09 18:40:10,2026-04-01 06:30:00
SCR-0012596,HS-005520,14,37,2026-01-23 09:01:48,2026-04-01 06:30:00
SCR-0012597,HS-005521,0,11,2025-09-01 03:18:21,2026-04-01 06:30:00
SCR-0012598,HS-005521,11,32,2025-09-03 03:21:18,2026-04-01 06:30:00
SCR-0012599,HS-005522,0,18,2025-11-24 06:09:09,2026-04-01 06:30:00
SCR-0012600,HS-005523,0,7,2025-11-05 21:12:38,2026-04-01 06:30:00
SCR-0012601,HS-005523,7,48,2025-11-24 02:18:51,2026-04-01 06:30:00
SCR-0012602,HS-005523,48,80,2025-11-24 07:15:21,2026-04-01 06:30:00
SCR-0012603,HS-005524,0,18,2025-11-30 09:30:18,2026-04-01 06:30:00
SCR-0012604,HS-005525,0,18,2025-12-13 08:56:53,2026-04-01 06:30:00
SCR-0012605,HS-005525,18,23,2025-12-15 08:17:23,2026-04-01 06:30:00
SCR-0012606,HS-005526,0,19,2025-08-29 01:13:55,2026-04-01 06:30:00
SCR-0012607,HS-005526,19,41,2025-09-02 06:37:38,2026-04-01 06:30:00
SCR-0012608,HS-005526,41,77,2025-09-04 13:52:20,2026-04-01 06:30:00
SCR-0012609,HS-005527,0,5,2025-09-02 14:52:49,2026-04-01 06:30:00
SCR-0012610,HS-005527,5,48,2025-09-11 15:29:18,2026-04-01 06:30:00
SCR-0012611,HS-005528,0,22,2026-01-05 14:09:20,2026-04-01 06:30:00
SCR-0012612,HS-005528,22,29,2026-01-24 15:53:09,2026-04-01 06:30:00
SCR-0012613,HS-005529,0,5,2025-12-15 13:43:20,2026-04-01 06:30:00
SCR-0012614,HS-005529,5,8,2026-01-02 03:30:01,2026-04-01 06:30:00
SCR-0012615,HS-005530,0,16,2026-02-11 12:41:08,2026-04-01 06:30:00
SCR-0012616,HS-005530,16,23,2026-02-24 09:41:16,2026-04-01 06:30:00
SCR-0012617,HS-005531,0,17,2025-11-09 11:53:23,2026-04-01 06:30:00
SCR-0012618,HS-005531,17,30,2025-11-20 12:42:24,2026-04-01 06:30:00
SCR-0012619,HS-005532,0,11,2025-11-25 05:32:30,2026-04-01 06:30:00
SCR-0012620,HS-005532,11,37,2025-12-06 10:53:31,2026-04-01 06:30:00
SCR-0012621,HS-005533,0,20,2025-08-27 00:48:47,2026-04-01 06:30:00
SCR-0012622,HS-005533,20,43,2025-09-01 16:07:05,2026-04-01 06:30:00
SCR-0012623,HS-005533,43,87,2025-09-03 10:07:45,2026-04-01 06:30:00
SCR-0012624,HS-005534,0,6,2025-10-31 00:56:40,2026-04-01 06:30:00
SCR-0012625,HS-005534,6,42,2025-11-03 16:55:47,2026-04-01 06:30:00
SCR-0012626,HS-005534,42,58,2025-11-04 05:40:13,2026-04-01 06:30:00
SCR-0012627,HS-005535,0,6,2026-03-09 15:34:20,2026-04-01 06:30:00
SCR-0012628,HS-005535,6,44,2026-03-19 17:00:54,2026-04-01 06:30:00
SCR-0012629,HS-005536,0,16,2025-12-22 04:30:55,2026-04-01 06:30:00
SCR-0012630,HS-005536,16,33,2026-01-04 11:12:25,2026-04-01 06:30:00
SCR-0012631,HS-005537,0,10,2025-10-07 22:24:24,2026-04-01 06:30:00
SCR-0012632,HS-005537,10,42,2025-10-11 20:53:38,2026-04-01 06:30:00
SCR-0012633,HS-005538,0,20,2025-11-19 18:22:19,2026-04-01 06:30:00
SCR-0012634,HS-005538,20,44,2025-11-24 20:23:00,2026-04-01 06:30:00
SCR-0012635,HS-005538,44,88,2025-11-26 03:39:11,2026-04-01 06:30:00
SCR-0012636,HS-005539,0,18,2026-02-17 09:05:27,2026-04-01 06:30:00
SCR-0012637,HS-005540,0,13,2025-09-05 17:03:44,2026-04-01 06:30:00
SCR-0012638,HS-005540,13,46,2025-09-08 08:45:23,2026-04-01 06:30:00
SCR-0012639,HS-005541,0,24,2026-01-16 13:49:28,2026-04-01 06:30:00
SCR-0012640,HS-005541,24,47,2026-01-20 07:48:17,2026-04-01 06:30:00
SCR-0012641,HS-005541,47,65,2026-01-23 06:52:59,2026-04-01 06:30:00
SCR-0012642,HS-005542,0,21,2026-02-03 22:03:53,2026-04-01 06:30:00
SCR-0012643,HS-005543,0,7,2025-10-15 06:20:12,2026-04-01 06:30:00
SCR-0012644,HS-005543,7,22,2025-11-01 23:54:33,2026-04-01 06:30:00
SCR-0012645,HS-005544,0,5,2025-09-10 00:23:16,2026-04-01 06:30:00
SCR-0012646,HS-005544,5,27,2025-09-27 15:54:08,2026-04-01 06:30:00
SCR-0012647,HS-005545,0,19,2026-02-28 22:37:16,2026-04-01 06:30:00
SCR-0012648,HS-005545,19,26,2026-03-10 22:42:39,2026-04-01 06:30:00
SCR-0012649,HS-005546,0,10,2025-09-25 09:56:11,2026-04-01 06:30:00
SCR-0012650,HS-005546,10,27,2025-10-02 14:57:04,2026-04-01 06:30:00
SCR-0012651,HS-005547,0,5,2025-11-28 18:02:22,2026-04-01 06:30:00
SCR-0012652,HS-005547,5,41,2025-12-03 19:34:40,2026-04-01 06:30:00
SCR-0012653,HS-005547,41,81,2025-12-06 16:41:20,2026-04-01 06:30:00
SCR-0012654,HS-005548,0,7,2026-01-15 03:18:55,2026-04-01 06:30:00
SCR-0012655,HS-005548,7,36,2026-01-22 06:20:01,2026-04-01 06:30:00
SCR-0012656,HS-005549,0,12,2026-01-01 13:37:53,2026-04-01 06:30:00
SCR-0012657,HS-005549,12,45,2026-01-11 14:44:18,2026-04-01 06:30:00
SCR-0012658,HS-005550,0,5,2026-02-19 07:05:50,2026-04-01 06:30:00
SCR-0012659,HS-005550,5,45,2026-02-25 15:42:25,2026-04-01 06:30:00
SCR-0012660,HS-005550,45,88,2026-02-26 10:04:09,2026-04-01 06:30:00
SCR-0012661,HS-005551,0,20,2025-12-31 08:01:57,2026-04-01 06:30:00
SCR-0012662,HS-005551,20,31,2026-01-05 00:22:19,2026-04-01 06:30:00
SCR-0012663,HS-005552,0,20,2026-01-22 20:49:04,2026-04-01 06:30:00
SCR-0012664,HS-005552,20,23,2026-02-01 19:13:40,2026-04-01 06:30:00
SCR-0012665,HS-005553,0,11,2025-12-06 05:18:42,2026-04-01 06:30:00
SCR-0012666,HS-005553,11,45,2025-12-15 05:27:54,2026-04-01 06:30:00
SCR-0012667,HS-005553,45,77,2025-12-16 03:29:45,2026-04-01 06:30:00
SCR-0012668,HS-005554,0,18,2025-11-12 17:02:07,2026-04-01 06:30:00
SCR-0012669,HS-005554,18,43,2025-11-19 11:39:06,2026-04-01 06:30:00
SCR-0012670,HS-005554,43,74,2025-11-20 22:50:21,2026-04-01 06:30:00
SCR-0012671,HS-005555,0,7,2025-10-27 14:37:04,2026-04-01 06:30:00
SCR-0012672,HS-005555,7,43,2025-11-03 21:58:09,2026-04-01 06:30:00
SCR-0012673,HS-005555,43,84,2025-11-06 09:52:31,2026-04-01 06:30:00
SCR-0012674,HS-005556,0,11,2026-03-12 23:03:22,2026-04-01 06:30:00
SCR-0012675,HS-005556,11,22,2026-03-26 04:20:10,2026-04-01 06:30:00
SCR-0012676,HS-005557,0,19,2025-10-07 23:47:07,2026-04-01 06:30:00
SCR-0012677,HS-005557,19,43,2025-10-10 18:43:34,2026-04-01 06:30:00
SCR-0012678,HS-005557,43,52,2025-10-11 11:55:56,2026-04-01 06:30:00
SCR-0012679,HS-005558,0,12,2025-09-15 05:11:03,2026-04-01 06:30:00
SCR-0012680,HS-005558,12,26,2025-09-30 04:09:50,2026-04-01 06:30:00
SCR-0012681,HS-005559,0,22,2025-12-01 23:18:49,2026-04-01 06:30:00
SCR-0012682,HS-005559,22,42,2025-12-07 20:58:46,2026-04-01 06:30:00
SCR-0012683,HS-005559,42,65,2025-12-08 03:29:18,2026-04-01 06:30:00
SCR-0012684,HS-005560,0,21,2025-10-20 21:46:52,2026-04-01 06:30:00
SCR-0012685,HS-005560,21,46,2025-11-04 04:10:26,2026-04-01 06:30:00
SCR-0012686,HS-005561,0,7,2025-09-10 14:54:41,2026-04-01 06:30:00
SCR-0012687,HS-005561,7,30,2025-09-16 05:09:59,2026-04-01 06:30:00
SCR-0012688,HS-005562,0,11,2026-01-01 12:34:25,2026-04-01 06:30:00
SCR-0012689,HS-005562,11,42,2026-01-11 09:08:58,2026-04-01 06:30:00
SCR-0012690,HS-005562,42,66,2026-01-12 23:36:35,2026-04-01 06:30:00
SCR-0012691,HS-005563,0,11,2025-12-31 01:38:38,2026-04-01 06:30:00
SCR-0012692,HS-005563,11,41,2026-01-05 21:34:17,2026-04-01 06:30:00
SCR-0012693,HS-005563,41,85,2026-01-07 05:34:45,2026-04-01 06:30:00
SCR-0012694,HS-005564,0,22,2026-03-21 13:47:34,2026-04-01 06:30:00
SCR-0012695,HS-005564,22,31,2026-04-02 23:43:22,2026-04-01 06:30:00
SCR-0012696,HS-005565,0,20,2025-12-13 02:17:04,2026-04-01 06:30:00
SCR-0012697,HS-005566,0,17,2025-11-13 18:13:50,2026-04-01 06:30:00
SCR-0012698,HS-005567,0,15,2025-10-25 11:14:13,2026-04-01 06:30:00
SCR-0012699,HS-005567,15,45,2025-10-30 09:56:46,2026-04-01 06:30:00
SCR-0012700,HS-005567,45,80,2025-11-02 04:47:45,2026-04-01 06:30:00
SCR-0012701,HS-005568,0,8,2025-10-03 17:50:55,2026-04-01 06:30:00
SCR-0012702,HS-005568,8,40,2025-10-18 11:53:57,2026-04-01 06:30:00
SCR-0012703,HS-005568,40,67,2025-10-20 08:48:27,2026-04-01 06:30:00
SCR-0012704,HS-005569,0,13,2025-09-30 01:00:21,2026-04-01 06:30:00
SCR-0012705,HS-005569,13,36,2025-10-09 15:36:39,2026-04-01 06:30:00
SCR-0012706,HS-005570,0,18,2025-10-17 08:06:06,2026-04-01 06:30:00
SCR-0012707,HS-005570,18,22,2025-10-31 16:48:29,2026-04-01 06:30:00
SCR-0012708,HS-005571,0,24,2025-11-08 03:02:20,2026-04-01 06:30:00
SCR-0012709,HS-005571,24,36,2025-11-23 00:19:19,2026-04-01 06:30:00
SCR-0012710,HS-005572,0,5,2025-11-06 11:41:24,2026-04-01 06:30:00
SCR-0012711,HS-005572,5,41,2025-11-11 09:43:12,2026-04-01 06:30:00
SCR-0012712,HS-005572,41,78,2025-11-11 15:48:14,2026-04-01 06:30:00
SCR-0012713,HS-005573,0,10,2025-11-05 20:14:47,2026-04-01 06:30:00
SCR-0012714,HS-005573,10,38,2025-11-18 16:45:01,2026-04-01 06:30:00
SCR-0012715,HS-005574,0,6,2026-02-28 02:27:23,2026-04-01 06:30:00
SCR-0012716,HS-005575,0,10,2025-11-24 20:30:30,2026-04-01 06:30:00
SCR-0012717,HS-005575,10,45,2025-11-29 18:00:07,2026-04-01 06:30:00
SCR-0012718,HS-005575,45,54,2025-12-01 17:53:48,2026-04-01 06:30:00
SCR-0012719,HS-005576,0,11,2025-10-20 07:35:13,2026-04-01 06:30:00
SCR-0012720,HS-005576,11,12,2025-10-31 03:29:25,2026-04-01 06:30:00
SCR-0012721,HS-005577,0,10,2025-10-05 22:22:04,2026-04-01 06:30:00
SCR-0012722,HS-005577,10,43,2025-10-08 22:40:17,2026-04-01 06:30:00
SCR-0012723,HS-005577,43,79,2025-10-10 17:54:09,2026-04-01 06:30:00
SCR-0012724,HS-005578,0,15,2025-12-24 10:49:36,2026-04-01 06:30:00
SCR-0012725,HS-005579,0,12,2025-08-30 06:04:43,2026-04-01 06:30:00
SCR-0012726,HS-005579,12,44,2025-09-04 13:38:42,2026-04-01 06:30:00
SCR-0012727,HS-005579,44,63,2025-09-05 18:07:54,2026-04-01 06:30:00
SCR-0012728,HS-005580,0,24,2026-02-03 06:01:31,2026-04-01 06:30:00
SCR-0012729,HS-005580,24,46,2026-02-04 19:00:50,2026-04-01 06:30:00
SCR-0012730,HS-005580,46,88,2026-02-06 19:11:33,2026-04-01 06:30:00
SCR-0012731,HS-005581,0,6,2025-12-03 09:06:33,2026-04-01 06:30:00
SCR-0012732,HS-005581,6,10,2025-12-14 06:56:50,2026-04-01 06:30:00
SCR-0012733,HS-005582,0,6,2025-09-18 09:50:00,2026-04-01 06:30:00
SCR-0012734,HS-005582,6,43,2025-11-12 17:59:18,2026-04-01 06:30:00
SCR-0012735,HS-005582,43,71,2025-11-14 16:59:04,2026-04-01 06:30:00
SCR-0012736,HS-005583,0,20,2025-11-10 03:36:54,2026-04-01 06:30:00
SCR-0012737,HS-005583,20,35,2025-11-21 12:07:19,2026-04-01 06:30:00
SCR-0012738,HS-005584,0,7,2025-11-20 12:07:12,2026-04-01 06:30:00
SCR-0012739,HS-005584,7,45,2025-12-09 16:17:09,2026-04-01 06:30:00
SCR-0012740,HS-005584,45,65,2025-12-12 04:47:01,2026-04-01 06:30:00
SCR-0012741,HS-005585,0,23,2026-01-03 17:10:52,2026-04-01 06:30:00
SCR-0012742,HS-005586,0,19,2025-09-02 17:31:20,2026-04-01 06:30:00
SCR-0012743,HS-005586,19,27,2025-09-09 03:50:09,2026-04-01 06:30:00
SCR-0012744,HS-005587,0,6,2025-10-05 08:47:21,2026-04-01 06:30:00
SCR-0012745,HS-005587,6,17,2025-10-11 00:47:06,2026-04-01 06:30:00
SCR-0012746,HS-005588,0,12,2025-10-24 21:29:35,2026-04-01 06:30:00
SCR-0012747,HS-005588,12,34,2025-11-02 15:00:36,2026-04-01 06:30:00
SCR-0012748,HS-005589,0,19,2025-10-11 23:10:58,2026-04-01 06:30:00
SCR-0012749,HS-005589,19,43,2025-11-05 12:47:17,2026-04-01 06:30:00
SCR-0012750,HS-005589,43,69,2025-11-06 13:13:05,2026-04-01 06:30:00
SCR-0012751,HS-005590,0,19,2025-12-10 14:15:56,2026-04-01 06:30:00
SCR-0012752,HS-005590,19,48,2025-12-18 04:38:04,2026-04-01 06:30:00
SCR-0012753,HS-005590,48,82,2025-12-20 15:19:32,2026-04-01 06:30:00
SCR-0012754,HS-005591,0,6,2025-11-06 10:52:47,2026-04-01 06:30:00
SCR-0012755,HS-005591,6,11,2025-11-23 06:31:21,2026-04-01 06:30:00
SCR-0012756,HS-005592,0,9,2025-10-20 14:36:30,2026-04-01 06:30:00
SCR-0012757,HS-005592,9,30,2025-10-22 18:42:18,2026-04-01 06:30:00
SCR-0012758,HS-005593,0,19,2025-10-07 14:32:55,2026-04-01 06:30:00
SCR-0012759,HS-005593,19,47,2025-10-26 15:08:16,2026-04-01 06:30:00
SCR-0012760,HS-005593,47,51,2025-10-27 04:32:14,2026-04-01 06:30:00
SCR-0012761,HS-005594,0,5,2025-12-27 03:55:54,2026-04-01 06:30:00
SCR-0012762,HS-005594,5,37,2026-01-03 05:51:52,2026-04-01 06:30:00
SCR-0012763,HS-005595,0,7,2025-10-13 04:06:28,2026-04-01 06:30:00
SCR-0012764,HS-005595,7,33,2025-10-25 07:49:12,2026-04-01 06:30:00
SCR-0012765,HS-005596,0,24,2025-10-20 23:05:19,2026-04-01 06:30:00
SCR-0012766,HS-005596,24,42,2025-10-25 14:43:17,2026-04-01 06:30:00
SCR-0012767,HS-005597,0,22,2025-11-20 22:12:00,2026-04-01 06:30:00
SCR-0012768,HS-005597,22,42,2025-11-23 10:10:24,2026-04-01 06:30:00
SCR-0012769,HS-005597,42,78,2025-11-25 14:38:02,2026-04-01 06:30:00
SCR-0012770,HS-005598,0,17,2025-11-02 06:23:00,2026-04-01 06:30:00
SCR-0012771,HS-005598,17,45,2025-11-17 04:03:08,2026-04-01 06:30:00
SCR-0012772,HS-005598,45,67,2025-11-19 08:24:45,2026-04-01 06:30:00
SCR-0012773,HS-005599,0,6,2025-12-30 12:00:41,2026-04-01 06:30:00
SCR-0012774,HS-005599,6,32,2026-01-17 23:17:14,2026-04-01 06:30:00
SCR-0012775,HS-005600,0,21,2025-11-05 06:51:50,2026-04-01 06:30:00
SCR-0012776,HS-005600,21,41,2025-11-09 05:44:47,2026-04-01 06:30:00
SCR-0012777,HS-005600,41,54,2025-11-11 04:05:03,2026-04-01 06:30:00
SCR-0012778,HS-005601,0,5,2026-01-17 21:46:49,2026-04-01 06:30:00
SCR-0012779,HS-005601,5,25,2026-01-23 18:05:41,2026-04-01 06:30:00
SCR-0012780,HS-005602,0,14,2025-09-22 01:19:12,2026-04-01 06:30:00
SCR-0012781,HS-005602,14,31,2025-10-01 15:36:48,2026-04-01 06:30:00
SCR-0012782,HS-005603,0,21,2026-02-02 02:23:46,2026-04-01 06:30:00
SCR-0012783,HS-005603,21,48,2026-02-14 02:15:15,2026-04-01 06:30:00
SCR-0012784,HS-005604,0,24,2025-09-28 16:50:14,2026-04-01 06:30:00
SCR-0012785,HS-005605,0,16,2026-01-18 21:39:02,2026-04-01 06:30:00
SCR-0012786,HS-005606,0,11,2026-01-24 16:37:21,2026-04-01 06:30:00
SCR-0012787,HS-005606,11,36,2026-01-28 19:39:43,2026-04-01 06:30:00
SCR-0012788,HS-005607,0,7,2026-02-16 08:18:50,2026-04-01 06:30:00
SCR-0012789,HS-005607,7,20,2026-03-03 17:58:31,2026-04-01 06:30:00
SCR-0012790,HS-005608,0,5,2025-09-06 20:06:49,2026-04-01 06:30:00
SCR-0012791,HS-005608,5,42,2025-09-09 03:38:57,2026-04-01 06:30:00
SCR-0012792,HS-005608,42,55,2025-09-10 08:13:37,2026-04-01 06:30:00
SCR-0012793,HS-005609,0,11,2026-01-17 02:16:44,2026-04-01 06:30:00
SCR-0012794,HS-005609,11,12,2026-01-18 04:37:21,2026-04-01 06:30:00
SCR-0012795,HS-005610,0,13,2025-12-07 10:29:52,2026-04-01 06:30:00
SCR-0012796,HS-005610,13,44,2025-12-13 15:30:54,2026-04-01 06:30:00
SCR-0012797,HS-005610,44,77,2025-12-14 11:46:57,2026-04-01 06:30:00
SCR-0012798,HS-005611,0,24,2025-12-27 23:22:13,2026-04-01 06:30:00
SCR-0012799,HS-005611,24,31,2026-01-05 10:30:48,2026-04-01 06:30:00
SCR-0012800,HS-005612,0,15,2025-09-04 13:36:59,2026-04-01 06:30:00
SCR-0012801,HS-005612,15,45,2025-09-19 08:33:58,2026-04-01 06:30:00
SCR-0012802,HS-005612,45,73,2025-09-21 00:38:39,2026-04-01 06:30:00
SCR-0012803,HS-005613,0,6,2025-11-01 17:23:36,2026-04-01 06:30:00
SCR-0012804,HS-005613,6,44,2025-11-08 07:07:18,2026-04-01 06:30:00
SCR-0012805,HS-005613,44,54,2025-11-09 18:08:32,2026-04-01 06:30:00
SCR-0012806,HS-005614,0,13,2025-11-22 12:41:40,2026-04-01 06:30:00
SCR-0012807,HS-005614,13,20,2025-11-23 23:19:10,2026-04-01 06:30:00
SCR-0012808,HS-005615,0,7,2025-10-15 14:58:28,2026-04-01 06:30:00
SCR-0012809,HS-005615,7,46,2025-10-21 06:38:52,2026-04-01 06:30:00
SCR-0012810,HS-005615,46,81,2025-10-23 18:37:41,2026-04-01 06:30:00
SCR-0012811,HS-005616,0,6,2025-12-24 22:21:50,2026-04-01 06:30:00
SCR-0012812,HS-005616,6,24,2025-12-27 19:32:23,2026-04-01 06:30:00
SCR-0012813,HS-005617,0,9,2026-01-21 16:04:19,2026-04-01 06:30:00
SCR-0012814,HS-005617,9,31,2026-01-26 02:19:53,2026-04-01 06:30:00
SCR-0012815,HS-005618,0,13,2025-11-13 15:26:17,2026-04-01 06:30:00
SCR-0012816,HS-005618,13,34,2025-11-19 02:46:21,2026-04-01 06:30:00
SCR-0012817,HS-005619,0,10,2026-01-26 11:59:03,2026-04-01 06:30:00
SCR-0012818,HS-005619,10,40,2026-02-02 02:05:49,2026-04-01 06:30:00
SCR-0012819,HS-005619,40,87,2026-02-02 13:35:58,2026-04-01 06:30:00
SCR-0012820,HS-005620,0,19,2026-01-26 12:24:57,2026-04-01 06:30:00
SCR-0012821,HS-005620,19,37,2026-02-08 11:31:53,2026-04-01 06:30:00
SCR-0012822,HS-005621,0,11,2026-02-11 20:54:46,2026-04-01 06:30:00
SCR-0012823,HS-005621,11,33,2026-02-14 18:36:30,2026-04-01 06:30:00
SCR-0012824,HS-005622,0,19,2026-02-12 17:02:53,2026-04-01 06:30:00
SCR-0012825,HS-005622,19,24,2026-02-23 00:58:48,2026-04-01 06:30:00
SCR-0012826,HS-005623,0,23,2025-09-09 21:50:57,2026-04-01 06:30:00
SCR-0012827,HS-005623,23,40,2025-09-30 21:31:20,2026-04-01 06:30:00
SCR-0012828,HS-005624,0,14,2026-01-06 07:03:57,2026-04-01 06:30:00
SCR-0012829,HS-005624,14,30,2026-01-18 17:23:20,2026-04-01 06:30:00
SCR-0012830,HS-005625,0,24,2026-03-02 20:12:43,2026-04-01 06:30:00
SCR-0012831,HS-005625,24,45,2026-03-08 18:43:33,2026-04-01 06:30:00
SCR-0012832,HS-005625,45,53,2026-03-10 04:56:34,2026-04-01 06:30:00
SCR-0012833,HS-005626,0,21,2026-03-12 18:39:20,2026-04-01 06:30:00
SCR-0012834,HS-005627,0,15,2025-12-12 11:15:39,2026-04-01 06:30:00
SCR-0012835,HS-005627,15,46,2026-01-02 06:46:37,2026-04-01 06:30:00
SCR-0012836,HS-005627,46,88,2026-01-03 13:15:25,2026-04-01 06:30:00
SCR-0012837,HS-005628,0,8,2026-01-12 08:56:00,2026-04-01 06:30:00
SCR-0012838,HS-005628,8,11,2026-01-21 01:42:24,2026-04-01 06:30:00
SCR-0012839,HS-005629,0,7,2025-11-14 22:56:48,2026-04-01 06:30:00
SCR-0012840,HS-005629,7,47,2025-12-05 09:17:01,2026-04-01 06:30:00
SCR-0012841,HS-005629,47,55,2025-12-08 00:09:44,2026-04-01 06:30:00
SCR-0012842,HS-005630,0,15,2025-09-29 04:39:20,2026-04-01 06:30:00
SCR-0012843,HS-005630,15,18,2025-09-30 14:33:54,2026-04-01 06:30:00
SCR-0012844,HS-005631,0,24,2026-03-29 05:18:28,2026-04-01 06:30:00
SCR-0012845,HS-005631,24,36,2026-04-01 08:33:46,2026-04-01 06:30:00
SCR-0012846,HS-005632,0,6,2026-01-27 13:34:56,2026-04-01 06:30:00
SCR-0012847,HS-005632,6,42,2026-02-03 03:16:32,2026-04-01 06:30:00
SCR-0012848,HS-005632,42,84,2026-02-04 23:48:02,2026-04-01 06:30:00
SCR-0012849,HS-005633,0,22,2025-09-03 00:41:53,2026-04-01 06:30:00
SCR-0012850,HS-005633,22,28,2025-09-18 22:47:04,2026-04-01 06:30:00
SCR-0012851,HS-005634,0,22,2025-08-02 09:29:04,2026-04-01 06:30:00
SCR-0012852,HS-005634,22,47,2025-09-02 09:23:05,2026-04-01 06:30:00
SCR-0012853,HS-005634,47,70,2025-09-02 16:40:41,2026-04-01 06:30:00
SCR-0012854,HS-005635,0,24,2025-12-08 05:38:36,2026-04-01 06:30:00
SCR-0012855,HS-005636,0,5,2025-09-24 20:08:42,2026-04-01 06:30:00
SCR-0012856,HS-005636,5,13,2025-09-30 18:11:11,2026-04-01 06:30:00
SCR-0012857,HS-005637,0,5,2025-09-02 12:29:50,2026-04-01 06:30:00
SCR-0012858,HS-005637,5,46,2025-09-07 02:15:56,2026-04-01 06:30:00
SCR-0012859,HS-005637,46,76,2025-09-10 01:59:16,2026-04-01 06:30:00
SCR-0012860,HS-005638,0,19,2026-01-12 21:01:01,2026-04-01 06:30:00
SCR-0012861,HS-005639,0,24,2026-02-05 07:02:56,2026-04-01 06:30:00
SCR-0012862,HS-005639,24,29,2026-02-11 17:24:00,2026-04-01 06:30:00
SCR-0012863,HS-005640,0,12,2025-10-02 20:55:24,2026-04-01 06:30:00
SCR-0012864,HS-005640,12,30,2025-10-21 15:13:11,2026-04-01 06:30:00
SCR-0012865,HS-005641,0,10,2025-10-02 13:28:48,2026-04-01 06:30:00
SCR-0012866,HS-005641,10,41,2025-10-07 10:32:05,2026-04-01 06:30:00
SCR-0012867,HS-005641,41,85,2025-10-07 13:53:45,2026-04-01 06:30:00
SCR-0012868,HS-005642,0,8,2025-09-12 17:40:56,2026-04-01 06:30:00
SCR-0012869,HS-005642,8,48,2025-09-22 12:50:31,2026-04-01 06:30:00
SCR-0012870,HS-005642,48,61,2025-09-24 08:38:44,2026-04-01 06:30:00
SCR-0012871,HS-005643,0,15,2026-02-21 09:09:29,2026-04-01 06:30:00
SCR-0012872,HS-005643,15,22,2026-03-09 17:54:55,2026-04-01 06:30:00
SCR-0012873,HS-005644,0,7,2025-12-28 15:07:13,2026-04-01 06:30:00
SCR-0012874,HS-005644,7,40,2026-01-07 20:46:01,2026-04-01 06:30:00
SCR-0012875,HS-005644,40,89,2026-01-08 08:41:04,2026-04-01 06:30:00
SCR-0012876,HS-005645,0,16,2025-11-27 12:57:31,2026-04-01 06:30:00
SCR-0012877,HS-005645,16,37,2025-12-02 14:44:59,2026-04-01 06:30:00
SCR-0012878,HS-005646,0,5,2025-08-20 16:20:47,2026-04-01 06:30:00
SCR-0012879,HS-005646,5,42,2025-08-30 05:50:52,2026-04-01 06:30:00
SCR-0012880,HS-005646,42,90,2025-09-01 20:38:43,2026-04-01 06:30:00
SCR-0012881,HS-005647,0,23,2026-03-12 05:40:19,2026-04-01 06:30:00
SCR-0012882,HS-005647,23,48,2026-03-17 16:03:28,2026-04-01 06:30:00
SCR-0012883,HS-005647,48,63,2026-03-19 11:38:34,2026-04-01 06:30:00
SCR-0012884,HS-005648,0,19,2025-11-05 07:57:03,2026-04-01 06:30:00
SCR-0012885,HS-005649,0,20,2025-09-06 17:28:19,2026-04-01 06:30:00
SCR-0012886,HS-005649,20,44,2025-09-13 14:58:46,2026-04-01 06:30:00
SCR-0012887,HS-005649,44,86,2025-09-16 06:37:19,2026-04-01 06:30:00
SCR-0012888,HS-005650,0,15,2025-11-06 14:04:44,2026-04-01 06:30:00
SCR-0012889,HS-005651,0,24,2026-01-19 22:42:56,2026-04-01 06:30:00
SCR-0012890,HS-005651,24,45,2026-02-07 02:54:26,2026-04-01 06:30:00
SCR-0012891,HS-005651,45,81,2026-02-09 20:24:25,2026-04-01 06:30:00
SCR-0012892,HS-005652,0,6,2025-12-01 10:01:06,2026-04-01 06:30:00
SCR-0012893,HS-005652,6,44,2025-12-12 14:58:56,2026-04-01 06:30:00
SCR-0012894,HS-005652,44,58,2025-12-12 20:46:26,2026-04-01 06:30:00
SCR-0012895,HS-005653,0,10,2025-10-15 17:41:12,2026-04-01 06:30:00
SCR-0012896,HS-005653,10,41,2025-10-19 06:39:48,2026-04-01 06:30:00
SCR-0012897,HS-005653,41,66,2025-10-21 18:36:46,2026-04-01 06:30:00
SCR-0012898,HS-005654,0,16,2026-03-01 03:47:25,2026-04-01 06:30:00
SCR-0012899,HS-005655,0,8,2025-11-12 14:21:00,2026-04-01 06:30:00
SCR-0012900,HS-005655,8,47,2025-11-17 21:32:52,2026-04-01 06:30:00
SCR-0012901,HS-005655,47,72,2025-11-18 01:14:42,2026-04-01 06:30:00
SCR-0012902,HS-005656,0,15,2026-03-08 12:46:19,2026-04-01 06:30:00
SCR-0012903,HS-005656,15,46,2026-03-12 16:22:32,2026-04-01 06:30:00
SCR-0012904,HS-005656,46,64,2026-03-13 19:46:19,2026-04-01 06:30:00
SCR-0012905,HS-005657,0,17,2025-12-18 11:29:31,2026-04-01 06:30:00
SCR-0012906,HS-005657,17,41,2026-01-02 09:02:33,2026-04-01 06:30:00
SCR-0012907,HS-005657,41,72,2026-01-04 23:14:10,2026-04-01 06:30:00
SCR-0012908,HS-005658,0,5,2026-01-08 22:27:18,2026-04-01 06:30:00
SCR-0012909,HS-005658,5,41,2026-01-16 00:27:03,2026-04-01 06:30:00
SCR-0012910,HS-005658,41,76,2026-01-17 07:32:23,2026-04-01 06:30:00
SCR-0012911,HS-005659,0,12,2026-01-06 06:21:36,2026-04-01 06:30:00
SCR-0012912,HS-005659,12,42,2026-01-11 02:04:23,2026-04-01 06:30:00
SCR-0012913,HS-005659,42,81,2026-01-12 23:51:22,2026-04-01 06:30:00
SCR-0012914,HS-005660,0,5,2025-08-27 17:31:15,2026-04-01 06:30:00
SCR-0012915,HS-005660,5,47,2025-09-04 08:57:58,2026-04-01 06:30:00
SCR-0012916,HS-005660,47,50,2025-09-05 17:45:13,2026-04-01 06:30:00
SCR-0012917,HS-005661,0,11,2025-12-04 06:47:54,2026-04-01 06:30:00
SCR-0012918,HS-005661,11,42,2025-12-08 17:14:02,2026-04-01 06:30:00
SCR-0012919,HS-005661,42,69,2025-12-11 06:35:08,2026-04-01 06:30:00
SCR-0012920,HS-005662,0,12,2025-10-16 04:45:05,2026-04-01 06:30:00
SCR-0012921,HS-005662,12,19,2025-10-25 07:08:29,2026-04-01 06:30:00
SCR-0012922,HS-005663,0,16,2026-02-21 17:58:13,2026-04-01 06:30:00
SCR-0012923,HS-005663,16,46,2026-02-26 10:00:07,2026-04-01 06:30:00
SCR-0012924,HS-005663,46,67,2026-02-28 05:00:46,2026-04-01 06:30:00
SCR-0012925,HS-005664,0,22,2026-01-02 01:21:47,2026-04-01 06:30:00
SCR-0012926,HS-005664,22,47,2026-01-08 10:58:24,2026-04-01 06:30:00
SCR-0012927,HS-005664,47,83,2026-01-09 01:59:21,2026-04-01 06:30:00
SCR-0012928,HS-005665,0,6,2025-12-13 11:53:13,2026-04-01 06:30:00
SCR-0012929,HS-005665,6,39,2025-12-23 21:00:27,2026-04-01 06:30:00
SCR-0012930,HS-005666,0,12,2025-11-13 23:39:22,2026-04-01 06:30:00
SCR-0012931,HS-005666,12,47,2025-11-19 17:30:08,2026-04-01 06:30:00
SCR-0012932,HS-005666,47,82,2025-11-20 10:30:10,2026-04-01 06:30:00
SCR-0012933,HS-005667,0,12,2025-11-20 12:08:43,2026-04-01 06:30:00
SCR-0012934,HS-005667,12,44,2025-11-25 07:19:57,2026-04-01 06:30:00
SCR-0012935,HS-005667,44,63,2025-11-26 16:40:43,2026-04-01 06:30:00
SCR-0012936,HS-005668,0,23,2025-11-06 05:11:14,2026-04-01 06:30:00
SCR-0012937,HS-005669,0,21,2026-03-01 03:55:18,2026-04-01 06:30:00
SCR-0012938,HS-005669,21,34,2026-03-13 08:16:42,2026-04-01 06:30:00
SCR-0012939,HS-005670,0,14,2025-12-14 09:53:12,2026-04-01 06:30:00
SCR-0012940,HS-005671,0,5,2026-03-24 08:05:26,2026-04-01 06:30:00
SCR-0012941,HS-005671,5,33,2026-04-12 20:40:18,2026-04-01 06:30:00
SCR-0012942,HS-005672,0,18,2025-10-25 20:48:25,2026-04-01 06:30:00
SCR-0012943,HS-005672,18,46,2025-10-29 06:08:59,2026-04-01 06:30:00
SCR-0012944,HS-005672,46,63,2025-10-31 18:03:28,2026-04-01 06:30:00
SCR-0012945,HS-005673,0,6,2026-02-03 14:23:44,2026-04-01 06:30:00
SCR-0012946,HS-005673,6,47,2026-02-07 12:29:51,2026-04-01 06:30:00
SCR-0012947,HS-005673,47,57,2026-02-09 12:34:26,2026-04-01 06:30:00
SCR-0012948,HS-005674,0,10,2025-11-13 18:11:58,2026-04-01 06:30:00
SCR-0012949,HS-005674,10,16,2025-11-29 20:55:07,2026-04-01 06:30:00
SCR-0012950,HS-005675,0,24,2025-11-21 13:19:52,2026-04-01 06:30:00
SCR-0012951,HS-005675,24,28,2025-12-05 02:48:49,2026-04-01 06:30:00
SCR-0012952,HS-005676,0,13,2026-02-26 05:56:28,2026-04-01 06:30:00
SCR-0012953,HS-005676,13,49,2026-03-06 12:30:43,2026-04-01 06:30:00
SCR-0012954,HS-005677,0,15,2026-03-20 17:58:23,2026-04-01 06:30:00
SCR-0012955,HS-005677,15,18,2026-03-25 21:35:59,2026-04-01 06:30:00
SCR-0012956,HS-005678,0,6,2025-09-19 10:00:53,2026-04-01 06:30:00
SCR-0012957,HS-005678,6,18,2025-09-24 18:33:07,2026-04-01 06:30:00
SCR-0012958,HS-005679,0,20,2025-11-20 05:33:04,2026-04-01 06:30:00
SCR-0012959,HS-005679,20,46,2025-11-26 10:37:48,2026-04-01 06:30:00
SCR-0012960,HS-005679,46,64,2025-11-29 02:09:25,2026-04-01 06:30:00
SCR-0012961,HS-005680,0,20,2026-02-16 08:09:27,2026-04-01 06:30:00
SCR-0012962,HS-005680,20,44,2026-03-02 02:09:45,2026-04-01 06:30:00
SCR-0012963,HS-005680,44,58,2026-03-02 03:37:14,2026-04-01 06:30:00
SCR-0012964,HS-005681,0,12,2026-01-10 08:21:35,2026-04-01 06:30:00
SCR-0012965,HS-005681,12,46,2026-01-16 19:59:23,2026-04-01 06:30:00
SCR-0012966,HS-005681,46,89,2026-01-19 10:15:06,2026-04-01 06:30:00
SCR-0012967,HS-005682,0,20,2025-09-17 19:10:01,2026-04-01 06:30:00
SCR-0012968,HS-005682,20,45,2025-09-22 01:01:17,2026-04-01 06:30:00
SCR-0012969,HS-005682,45,56,2025-09-22 17:31:18,2026-04-01 06:30:00
SCR-0012970,HS-005683,0,14,2026-02-12 19:25:45,2026-04-01 06:30:00
SCR-0012971,HS-005683,14,42,2026-02-20 00:02:36,2026-04-01 06:30:00
SCR-0012972,HS-005683,42,85,2026-02-22 01:40:49,2026-04-01 06:30:00
SCR-0012973,HS-005684,0,19,2025-09-10 03:38:23,2026-04-01 06:30:00
SCR-0012974,HS-005684,19,45,2025-10-02 07:36:07,2026-04-01 06:30:00
SCR-0012975,HS-005684,45,50,2025-10-05 06:07:44,2026-04-01 06:30:00
SCR-0012976,HS-005685,0,10,2026-02-20 11:55:55,2026-04-01 06:30:00
SCR-0012977,HS-005685,10,43,2026-03-01 08:16:48,2026-04-01 06:30:00
SCR-0012978,HS-005685,43,53,2026-03-02 18:01:26,2026-04-01 06:30:00
SCR-0012979,HS-005686,0,14,2025-12-11 21:44:10,2026-04-01 06:30:00
SCR-0012980,HS-005686,14,32,2025-12-17 11:58:42,2026-04-01 06:30:00
SCR-0012981,HS-005687,0,14,2026-01-21 22:24:35,2026-04-01 06:30:00
SCR-0012982,HS-005687,14,42,2026-02-09 05:00:18,2026-04-01 06:30:00
SCR-0012983,HS-005687,42,74,2026-02-09 21:56:16,2026-04-01 06:30:00
SCR-0012984,HS-005688,0,10,2025-10-07 09:49:17,2026-04-01 06:30:00
SCR-0012985,HS-005688,10,31,2025-10-11 03:03:51,2026-04-01 06:30:00
SCR-0012986,HS-005689,0,17,2026-01-02 02:00:08,2026-04-01 06:30:00
SCR-0012987,HS-005689,17,43,2026-01-07 08:54:05,2026-04-01 06:30:00
SCR-0012988,HS-005689,43,62,2026-01-08 17:37:08,2026-04-01 06:30:00
SCR-0012989,HS-005690,0,16,2025-09-25 12:58:23,2026-04-01 06:30:00
SCR-0012990,HS-005690,16,29,2025-10-01 01:14:59,2026-04-01 06:30:00
SCR-0012991,HS-005691,0,21,2025-12-05 04:39:02,2026-04-01 06:30:00
SCR-0012992,HS-005691,21,33,2025-12-24 01:57:03,2026-04-01 06:30:00
SCR-0012993,HS-005692,0,10,2025-09-22 21:17:50,2026-04-01 06:30:00
SCR-0012994,HS-005692,10,22,2025-10-01 10:58:35,2026-04-01 06:30:00
SCR-0012995,HS-005693,0,13,2026-03-06 12:24:54,2026-04-01 06:30:00
SCR-0012996,HS-005694,0,18,2025-11-13 14:37:05,2026-04-01 06:30:00
SCR-0012997,HS-005694,18,47,2025-11-23 21:53:44,2026-04-01 06:30:00
SCR-0012998,HS-005694,47,53,2025-11-26 17:01:01,2026-04-01 06:30:00
SCR-0012999,HS-005695,0,21,2026-03-19 12:39:23,2026-04-01 06:30:00
SCR-0013000,HS-005695,21,37,2026-03-26 23:26:27,2026-04-01 06:30:00
SCR-0013001,HS-005696,0,18,2025-10-10 21:56:35,2026-04-01 06:30:00
SCR-0013002,HS-005696,18,35,2025-10-23 01:25:26,2026-04-01 06:30:00
SCR-0013003,HS-005697,0,20,2026-03-19 01:54:23,2026-04-01 06:30:00
SCR-0013004,HS-005698,0,11,2026-02-13 10:24:51,2026-04-01 06:30:00
SCR-0013005,HS-005698,11,48,2026-02-26 06:38:43,2026-04-01 06:30:00
SCR-0013006,HS-005698,48,57,2026-02-28 19:32:46,2026-04-01 06:30:00
SCR-0013007,HS-005699,0,17,2025-10-01 00:05:20,2026-04-01 06:30:00
SCR-0013008,HS-005699,17,44,2025-10-06 08:23:01,2026-04-01 06:30:00
SCR-0013009,HS-005699,44,68,2025-10-08 07:03:42,2026-04-01 06:30:00
SCR-0013010,HS-005700,0,19,2025-08-28 20:44:22,2026-04-01 06:30:00
SCR-0013011,HS-005700,19,46,2025-09-22 20:51:08,2026-04-01 06:30:00
SCR-0013012,HS-005700,46,90,2025-09-24 10:15:53,2026-04-01 06:30:00
SCR-0013013,HS-005701,0,16,2025-09-01 10:26:12,2026-04-01 06:30:00
SCR-0013014,HS-005701,16,43,2025-09-13 08:05:52,2026-04-01 06:30:00
SCR-0013015,HS-005701,43,62,2025-09-14 22:53:33,2026-04-01 06:30:00
SCR-0013016,HS-005702,0,19,2026-01-09 20:02:28,2026-04-01 06:30:00
SCR-0013017,HS-005702,19,48,2026-01-15 15:46:30,2026-04-01 06:30:00
SCR-0013018,HS-005702,48,53,2026-01-17 10:45:51,2026-04-01 06:30:00
SCR-0013019,HS-005703,0,12,2025-10-09 22:01:06,2026-04-01 06:30:00
SCR-0013020,HS-005704,0,6,2026-01-13 20:16:26,2026-04-01 06:30:00
SCR-0013021,HS-005704,6,18,2026-01-24 05:17:14,2026-04-01 06:30:00
SCR-0013022,HS-005705,0,23,2025-10-24 01:55:33,2026-04-01 06:30:00
SCR-0013023,HS-005706,0,13,2025-11-05 19:55:54,2026-04-01 06:30:00
SCR-0013024,HS-005706,13,48,2025-11-11 05:37:17,2026-04-01 06:30:00
SCR-0013025,HS-005706,48,64,2025-11-12 15:25:37,2026-04-01 06:30:00
SCR-0013026,HS-005707,0,14,2026-02-17 05:29:16,2026-04-01 06:30:00
SCR-0013027,HS-005707,14,43,2026-02-19 14:58:40,2026-04-01 06:30:00
SCR-0013028,HS-005707,43,54,2026-02-20 17:54:12,2026-04-01 06:30:00
SCR-0013029,HS-005708,0,11,2026-01-27 09:33:02,2026-04-01 06:30:00
SCR-0013030,HS-005708,11,46,2026-01-31 05:18:36,2026-04-01 06:30:00
SCR-0013031,HS-005708,46,71,2026-01-31 08:12:54,2026-04-01 06:30:00
SCR-0013032,HS-005709,0,6,2025-11-22 12:24:12,2026-04-01 06:30:00
SCR-0013033,HS-005709,6,48,2025-12-04 15:19:44,2026-04-01 06:30:00
SCR-0013034,HS-005709,48,79,2025-12-05 21:19:57,2026-04-01 06:30:00
SCR-0013035,HS-005710,0,9,2025-12-14 21:54:42,2026-04-01 06:30:00
SCR-0013036,HS-005710,9,32,2025-12-23 02:21:09,2026-04-01 06:30:00
SCR-0013037,HS-005711,0,15,2026-01-31 08:07:27,2026-04-01 06:30:00
SCR-0013038,HS-005711,15,48,2026-02-06 16:17:40,2026-04-01 06:30:00
SCR-0013039,HS-005711,48,71,2026-02-08 00:34:15,2026-04-01 06:30:00
SCR-0013040,HS-005712,0,5,2025-12-08 17:12:24,2026-04-01 06:30:00
SCR-0013041,HS-005712,5,41,2025-12-16 02:02:28,2026-04-01 06:30:00
SCR-0013042,HS-005712,41,86,2025-12-18 20:08:54,2026-04-01 06:30:00
SCR-0013043,HS-005713,0,12,2026-01-18 16:12:38,2026-04-01 06:30:00
SCR-0013044,HS-005713,12,46,2026-01-26 12:29:37,2026-04-01 06:30:00
SCR-0013045,HS-005713,46,56,2026-01-26 16:53:23,2026-04-01 06:30:00
SCR-0013046,HS-005714,0,11,2025-09-23 13:04:15,2026-04-01 06:30:00
SCR-0013047,HS-005715,0,13,2025-09-14 00:35:59,2026-04-01 06:30:00
SCR-0013048,HS-005716,0,22,2025-11-03 23:15:02,2026-04-01 06:30:00
SCR-0013049,HS-005717,0,16,2025-09-20 17:44:59,2026-04-01 06:30:00
SCR-0013050,HS-005717,16,47,2025-09-30 04:35:12,2026-04-01 06:30:00
SCR-0013051,HS-005717,47,86,2025-10-01 22:03:15,2026-04-01 06:30:00
SCR-0013052,HS-005718,0,9,2025-12-14 02:29:33,2026-04-01 06:30:00
SCR-0013053,HS-005718,9,15,2025-12-18 21:33:30,2026-04-01 06:30:00
SCR-0013054,HS-005719,0,23,2025-08-26 08:30:12,2026-04-01 06:30:00
SCR-0013055,HS-005719,23,42,2025-09-03 00:20:11,2026-04-01 06:30:00
SCR-0013056,HS-005719,42,75,2025-09-03 16:30:59,2026-04-01 06:30:00
SCR-0013057,HS-005720,0,24,2025-11-10 12:59:33,2026-04-01 06:30:00
SCR-0013058,HS-005721,0,23,2026-02-15 22:30:51,2026-04-01 06:30:00
SCR-0013059,HS-005721,23,41,2026-02-19 05:21:26,2026-04-01 06:30:00
SCR-0013060,HS-005721,41,66,2026-02-22 04:31:41,2026-04-01 06:30:00
SCR-0013061,HS-005722,0,14,2026-03-15 20:45:48,2026-04-01 06:30:00
SCR-0013062,HS-005722,14,44,2026-03-21 13:26:23,2026-04-01 06:30:00
SCR-0013063,HS-005722,44,74,2026-03-22 18:02:23,2026-04-01 06:30:00
SCR-0013064,HS-005723,0,23,2026-03-03 07:20:33,2026-04-01 06:30:00
SCR-0013065,HS-005724,0,10,2026-01-17 16:03:40,2026-04-01 06:30:00
SCR-0013066,HS-005724,10,41,2026-01-23 19:18:15,2026-04-01 06:30:00
SCR-0013067,HS-005724,41,73,2026-01-25 20:12:24,2026-04-01 06:30:00
SCR-0013068,HS-005725,0,24,2026-01-03 17:48:26,2026-04-01 06:30:00
SCR-0013069,HS-005726,0,20,2025-10-12 13:42:23,2026-04-01 06:30:00
SCR-0013070,HS-005726,20,48,2025-10-19 23:16:19,2026-04-01 06:30:00
SCR-0013071,HS-005726,48,88,2025-10-21 21:44:39,2026-04-01 06:30:00
SCR-0013072,HS-005727,0,16,2025-12-19 01:36:37,2026-04-01 06:30:00
SCR-0013073,HS-005727,16,40,2026-01-15 06:31:21,2026-04-01 06:30:00
SCR-0013074,HS-005727,40,59,2026-01-17 19:19:50,2026-04-01 06:30:00
SCR-0013075,HS-005728,0,18,2025-09-11 03:23:36,2026-04-01 06:30:00
SCR-0013076,HS-005728,18,47,2025-09-20 03:32:33,2026-04-01 06:30:00
SCR-0013077,HS-005728,47,82,2025-09-20 13:44:58,2026-04-01 06:30:00
SCR-0013078,HS-005729,0,24,2025-09-19 07:53:37,2026-04-01 06:30:00
SCR-0013079,HS-005730,0,17,2025-11-05 02:55:14,2026-04-01 06:30:00
SCR-0013080,HS-005730,17,48,2025-11-11 03:40:07,2026-04-01 06:30:00
SCR-0013081,HS-005730,48,72,2025-11-12 17:30:19,2026-04-01 06:30:00
SCR-0013082,HS-005731,0,6,2025-09-21 10:52:29,2026-04-01 06:30:00
SCR-0013083,HS-005731,6,18,2025-10-04 02:08:42,2026-04-01 06:30:00
SCR-0013084,HS-005732,0,10,2026-01-06 22:45:19,2026-04-01 06:30:00
SCR-0013085,HS-005732,10,43,2026-01-13 22:33:19,2026-04-01 06:30:00
SCR-0013086,HS-005732,43,89,2026-01-14 11:56:57,2026-04-01 06:30:00
SCR-0013087,HS-005733,0,12,2025-11-05 02:42:37,2026-04-01 06:30:00
SCR-0013088,HS-005733,12,43,2025-11-16 13:08:01,2026-04-01 06:30:00
SCR-0013089,HS-005733,43,85,2025-11-19 02:50:14,2026-04-01 06:30:00
SCR-0013090,HS-005734,0,8,2025-11-20 13:48:16,2026-04-01 06:30:00
SCR-0013091,HS-005734,8,11,2025-12-01 00:30:01,2026-04-01 06:30:00
SCR-0013092,HS-005735,0,7,2026-02-01 02:29:54,2026-04-01 06:30:00
SCR-0013093,HS-005735,7,34,2026-02-03 06:10:45,2026-04-01 06:30:00
SCR-0013094,HS-005736,0,14,2025-12-01 01:51:20,2026-04-01 06:30:00
SCR-0013095,HS-005736,14,44,2025-12-26 17:41:42,2026-04-01 06:30:00
SCR-0013096,HS-005736,44,73,2025-12-28 06:17:20,2026-04-01 06:30:00
SCR-0013097,HS-005737,0,17,2026-02-05 12:36:06,2026-04-01 06:30:00
SCR-0013098,HS-005738,0,24,2025-09-01 01:16:27,2026-04-01 06:30:00
SCR-0013099,HS-005738,24,49,2025-09-16 07:54:43,2026-04-01 06:30:00
SCR-0013100,HS-005739,0,18,2025-08-25 12:26:03,2026-04-01 06:30:00
SCR-0013101,HS-005739,18,44,2025-08-31 03:20:41,2026-04-01 06:30:00
SCR-0013102,HS-005739,44,64,2025-09-01 06:59:10,2026-04-01 06:30:00
SCR-0013103,HS-005740,0,10,2026-03-12 09:50:54,2026-04-01 06:30:00
SCR-0013104,HS-005740,10,36,2026-03-15 06:09:44,2026-04-01 06:30:00
SCR-0013105,HS-005741,0,5,2025-10-29 00:01:35,2026-04-01 06:30:00
SCR-0013106,HS-005741,5,41,2025-11-01 10:11:39,2026-04-01 06:30:00
SCR-0013107,HS-005741,41,90,2025-11-01 18:31:28,2026-04-01 06:30:00
SCR-0013108,HS-005742,0,10,2025-11-25 13:31:47,2026-04-01 06:30:00
SCR-0013109,HS-005742,10,14,2025-12-07 21:16:07,2026-04-01 06:30:00
SCR-0013110,HS-005743,0,11,2025-11-14 07:51:02,2026-04-01 06:30:00
SCR-0013111,HS-005743,11,34,2025-11-22 09:30:01,2026-04-01 06:30:00
SCR-0013112,HS-005744,0,13,2026-01-28 18:37:19,2026-04-01 06:30:00
SCR-0013113,HS-005745,0,11,2025-10-15 03:31:34,2026-04-01 06:30:00
SCR-0013114,HS-005745,11,17,2025-10-30 21:33:30,2026-04-01 06:30:00
SCR-0013115,HS-005746,0,20,2025-11-13 14:20:23,2026-04-01 06:30:00
SCR-0013116,HS-005746,20,27,2025-11-21 19:53:57,2026-04-01 06:30:00
SCR-0013117,HS-005747,0,23,2025-10-11 06:43:34,2026-04-01 06:30:00
SCR-0013118,HS-005747,23,29,2025-10-13 00:54:27,2026-04-01 06:30:00
SCR-0013119,HS-005748,0,24,2026-01-13 04:23:00,2026-04-01 06:30:00
SCR-0013120,HS-005748,24,47,2026-01-17 06:28:16,2026-04-01 06:30:00
SCR-0013121,HS-005748,47,58,2026-01-19 16:53:12,2026-04-01 06:30:00
SCR-0013122,HS-005749,0,20,2025-10-12 04:40:16,2026-04-01 06:30:00
SCR-0013123,HS-005749,20,43,2025-10-21 04:50:54,2026-04-01 06:30:00
SCR-0013124,HS-005749,43,60,2025-10-22 04:01:40,2026-04-01 06:30:00
SCR-0013125,HS-005750,0,9,2026-03-18 06:11:31,2026-04-01 06:30:00
SCR-0013126,HS-005751,0,14,2025-09-28 03:43:18,2026-04-01 06:30:00
SCR-0013127,HS-005751,14,43,2025-09-29 23:29:29,2026-04-01 06:30:00
SCR-0013128,HS-005752,0,17,2025-10-30 00:19:21,2026-04-01 06:30:00
SCR-0013129,HS-005753,0,24,2026-01-21 13:31:28,2026-04-01 06:30:00
SCR-0013130,HS-005753,24,46,2026-01-28 01:36:52,2026-04-01 06:30:00
SCR-0013131,HS-005753,46,63,2026-01-30 10:44:21,2026-04-01 06:30:00
SCR-0013132,HS-005754,0,16,2026-02-06 09:11:02,2026-04-01 06:30:00
SCR-0013133,HS-005754,16,45,2026-02-11 17:04:11,2026-04-01 06:30:00
SCR-0013134,HS-005755,0,9,2026-03-26 15:43:14,2026-04-01 06:30:00
SCR-0013135,HS-005755,9,10,2026-04-08 07:56:05,2026-04-01 06:30:00
SCR-0013136,HS-005756,0,15,2025-09-19 07:36:21,2026-04-01 06:30:00
SCR-0013137,HS-005756,15,16,2025-10-08 02:47:39,2026-04-01 06:30:00
SCR-0013138,HS-005757,0,13,2026-01-25 04:01:26,2026-04-01 06:30:00
SCR-0013139,HS-005757,13,48,2026-02-01 15:12:56,2026-04-01 06:30:00
SCR-0013140,HS-005757,48,80,2026-02-02 12:24:19,2026-04-01 06:30:00
SCR-0013141,HS-005758,0,6,2025-11-16 21:11:21,2026-04-01 06:30:00
SCR-0013142,HS-005758,6,38,2025-11-29 12:03:46,2026-04-01 06:30:00
SCR-0013143,HS-005759,0,11,2025-08-28 08:48:22,2026-04-01 06:30:00
SCR-0013144,HS-005759,11,43,2025-09-01 05:51:55,2026-04-01 06:30:00
SCR-0013145,HS-005759,43,79,2025-09-03 07:16:49,2026-04-01 06:30:00
SCR-0013146,HS-005760,0,21,2025-09-26 20:57:10,2026-04-01 06:30:00
SCR-0013147,HS-005760,21,41,2025-10-05 06:06:23,2026-04-01 06:30:00
SCR-0013148,HS-005760,41,76,2025-10-05 23:35:59,2026-04-01 06:30:00
SCR-0013149,HS-005761,0,23,2025-10-09 11:54:27,2026-04-01 06:30:00
SCR-0013150,HS-005761,23,43,2025-10-22 06:51:05,2026-04-01 06:30:00
SCR-0013151,HS-005761,43,83,2025-10-22 11:14:29,2026-04-01 06:30:00
SCR-0013152,HS-005762,0,14,2026-01-29 21:14:28,2026-04-01 06:30:00
SCR-0013153,HS-005763,0,10,2025-10-07 22:22:41,2026-04-01 06:30:00
SCR-0013154,HS-005763,10,40,2025-10-12 21:14:34,2026-04-01 06:30:00
SCR-0013155,HS-005763,40,82,2025-10-14 08:58:30,2026-04-01 06:30:00
SCR-0013156,HS-005764,0,11,2025-09-20 05:48:50,2026-04-01 06:30:00
SCR-0013157,HS-005764,11,46,2025-09-29 00:36:57,2026-04-01 06:30:00
SCR-0013158,HS-005764,46,57,2025-10-01 05:30:49,2026-04-01 06:30:00
SCR-0013159,HS-005765,0,10,2025-12-18 17:20:15,2026-04-01 06:30:00
SCR-0013160,HS-005765,10,11,2025-12-29 03:47:28,2026-04-01 06:30:00
SCR-0013161,HS-005766,0,14,2025-10-08 03:17:27,2026-04-01 06:30:00
SCR-0013162,HS-005766,14,41,2025-10-21 09:28:35,2026-04-01 06:30:00
SCR-0013163,HS-005767,0,17,2025-10-06 01:31:19,2026-04-01 06:30:00
SCR-0013164,HS-005767,17,43,2025-10-12 01:36:11,2026-04-01 06:30:00
SCR-0013165,HS-005768,0,16,2025-08-30 14:07:49,2026-04-01 06:30:00
SCR-0013166,HS-005768,16,46,2025-09-06 15:02:56,2026-04-01 06:30:00
SCR-0013167,HS-005768,46,81,2025-09-08 21:08:48,2026-04-01 06:30:00
SCR-0013168,HS-005769,0,23,2025-11-20 09:51:48,2026-04-01 06:30:00
SCR-0013169,HS-005770,0,14,2026-03-15 03:56:52,2026-04-01 06:30:00
SCR-0013170,HS-005770,14,42,2026-03-24 00:03:53,2026-04-01 06:30:00
SCR-0013171,HS-005770,42,66,2026-03-26 19:41:51,2026-04-01 06:30:00
SCR-0013172,HS-005771,0,22,2026-03-06 06:41:24,2026-04-01 06:30:00
SCR-0013173,HS-005772,0,13,2025-09-01 15:42:21,2026-04-01 06:30:00
SCR-0013174,HS-005772,13,22,2025-09-17 22:58:44,2026-04-01 06:30:00
SCR-0013175,HS-005773,0,24,2025-09-05 21:30:27,2026-04-01 06:30:00
SCR-0013176,HS-005774,0,15,2025-10-08 20:35:33,2026-04-01 06:30:00
SCR-0013177,HS-005774,15,47,2025-10-15 23:49:46,2026-04-01 06:30:00
SCR-0013178,HS-005774,47,90,2025-10-16 14:20:26,2026-04-01 06:30:00
SCR-0013179,HS-005775,0,7,2026-01-27 23:13:13,2026-04-01 06:30:00
SCR-0013180,HS-005775,7,21,2026-01-30 15:37:33,2026-04-01 06:30:00
SCR-0013181,HS-005776,0,22,2026-02-03 16:10:43,2026-04-01 06:30:00
SCR-0013182,HS-005777,0,22,2025-10-18 23:45:33,2026-04-01 06:30:00
SCR-0013183,HS-005777,22,28,2025-11-06 06:41:30,2026-04-01 06:30:00
SCR-0013184,HS-005778,0,11,2026-03-11 01:59:17,2026-04-01 06:30:00
SCR-0013185,HS-005778,11,40,2026-03-14 12:42:17,2026-04-01 06:30:00
SCR-0013186,HS-005778,40,74,2026-03-17 10:13:43,2026-04-01 06:30:00
SCR-0013187,HS-005779,0,15,2025-09-03 06:31:56,2026-04-01 06:30:00
SCR-0013188,HS-005780,0,19,2026-03-24 08:22:53,2026-04-01 06:30:00
SCR-0013189,HS-005780,19,38,2026-04-08 18:48:22,2026-04-01 06:30:00
SCR-0013190,HS-005781,0,14,2025-10-23 20:42:19,2026-04-01 06:30:00
SCR-0013191,HS-005781,14,45,2025-11-02 06:37:43,2026-04-01 06:30:00
SCR-0013192,HS-005781,45,84,2025-11-04 17:29:13,2026-04-01 06:30:00
SCR-0013193,HS-005782,0,19,2025-11-14 00:24:58,2026-04-01 06:30:00
SCR-0013194,HS-005783,0,19,2025-11-09 18:11:46,2026-04-01 06:30:00
SCR-0013195,HS-005784,0,5,2025-11-20 23:33:59,2026-04-01 06:30:00
SCR-0013196,HS-005784,5,14,2025-11-23 02:28:20,2026-04-01 06:30:00
SCR-0013197,HS-005785,0,13,2025-09-29 23:33:50,2026-04-01 06:30:00
SCR-0013198,HS-005785,13,42,2025-10-09 16:59:18,2026-04-01 06:30:00
SCR-0013199,HS-005785,42,77,2025-10-09 22:21:56,2026-04-01 06:30:00
SCR-0013200,HS-005786,0,19,2025-10-02 15:29:46,2026-04-01 06:30:00
SCR-0013201,HS-005786,19,37,2025-10-18 16:40:47,2026-04-01 06:30:00
SCR-0013202,HS-005787,0,17,2025-10-29 14:04:54,2026-04-01 06:30:00
SCR-0013203,HS-005787,17,41,2025-11-05 15:46:12,2026-04-01 06:30:00
SCR-0013204,HS-005787,41,61,2025-11-07 01:50:29,2026-04-01 06:30:00
SCR-0013205,HS-005788,0,16,2025-10-11 19:24:55,2026-04-01 06:30:00
SCR-0013206,HS-005788,16,26,2025-10-15 15:03:33,2026-04-01 06:30:00
SCR-0013207,HS-005789,0,15,2026-02-12 14:09:06,2026-04-01 06:30:00
SCR-0013208,HS-005789,15,17,2026-02-13 16:58:20,2026-04-01 06:30:00
SCR-0013209,HS-005790,0,11,2026-01-16 14:57:16,2026-04-01 06:30:00
SCR-0013210,HS-005790,11,22,2026-01-18 20:26:00,2026-04-01 06:30:00
SCR-0013211,HS-005791,0,10,2026-02-20 16:14:39,2026-04-01 06:30:00
SCR-0013212,HS-005791,10,41,2026-03-01 19:35:22,2026-04-01 06:30:00
SCR-0013213,HS-005791,41,87,2026-03-03 13:04:33,2026-04-01 06:30:00
SCR-0013214,HS-005792,0,18,2025-12-14 21:05:25,2026-04-01 06:30:00
SCR-0013215,HS-005792,18,45,2025-12-26 19:29:41,2026-04-01 06:30:00
SCR-0013216,HS-005792,45,84,2025-12-27 07:48:50,2026-04-01 06:30:00
SCR-0013217,HS-005793,0,13,2025-09-27 11:49:14,2026-04-01 06:30:00
SCR-0013218,HS-005793,13,27,2025-10-14 12:54:20,2026-04-01 06:30:00
SCR-0013219,HS-005794,0,10,2025-10-28 02:01:10,2026-04-01 06:30:00
SCR-0013220,HS-005794,10,20,2025-11-12 03:20:42,2026-04-01 06:30:00
SCR-0013221,HS-005795,0,14,2026-01-03 08:46:05,2026-04-01 06:30:00
SCR-0013222,HS-005795,14,47,2026-01-10 15:19:54,2026-04-01 06:30:00
SCR-0013223,HS-005795,47,63,2026-01-12 13:27:11,2026-04-01 06:30:00
SCR-0013224,HS-005796,0,18,2025-09-12 14:01:33,2026-04-01 06:30:00
SCR-0013225,HS-005796,18,20,2025-09-16 14:56:38,2026-04-01 06:30:00
SCR-0013226,HS-005797,0,12,2026-02-17 07:05:10,2026-04-01 06:30:00
SCR-0013227,HS-005798,0,17,2025-11-03 09:43:24,2026-04-01 06:30:00
SCR-0013228,HS-005798,17,32,2025-11-11 22:26:02,2026-04-01 06:30:00
SCR-0013229,HS-005799,0,18,2025-12-07 09:44:36,2026-04-01 06:30:00
SCR-0013230,HS-005800,0,24,2025-11-29 05:30:39,2026-04-01 06:30:00
SCR-0013231,HS-005800,24,40,2025-12-06 13:09:26,2026-04-01 06:30:00
SCR-0013232,HS-005800,40,87,2025-12-06 23:45:51,2026-04-01 06:30:00
SCR-0013233,HS-005801,0,20,2026-03-06 16:39:33,2026-04-01 06:30:00
SCR-0013234,HS-005801,20,27,2026-03-09 16:43:32,2026-04-01 06:30:00
SCR-0013235,HS-005802,0,12,2026-02-17 00:18:52,2026-04-01 06:30:00
SCR-0013236,HS-005802,12,48,2026-02-20 06:40:27,2026-04-01 06:30:00
SCR-0013237,HS-005802,48,59,2026-02-22 11:36:26,2026-04-01 06:30:00
SCR-0013238,HS-005803,0,8,2026-02-27 06:30:09,2026-04-01 06:30:00
SCR-0013239,HS-005803,8,24,2026-03-18 13:18:23,2026-04-01 06:30:00
SCR-0013240,HS-005804,0,7,2026-02-25 08:48:24,2026-04-01 06:30:00
SCR-0013241,HS-005804,7,12,2026-03-07 08:30:14,2026-04-01 06:30:00
SCR-0013242,HS-005805,0,9,2025-12-10 15:27:33,2026-04-01 06:30:00
SCR-0013243,HS-005805,9,40,2025-12-22 06:10:49,2026-04-01 06:30:00
SCR-0013244,HS-005805,40,67,2025-12-24 09:16:22,2026-04-01 06:30:00
SCR-0013245,HS-005806,0,5,2026-01-14 20:02:05,2026-04-01 06:30:00
SCR-0013246,HS-005806,5,17,2026-01-22 21:43:59,2026-04-01 06:30:00
SCR-0013247,HS-005807,0,13,2026-02-06 03:56:30,2026-04-01 06:30:00
SCR-0013248,HS-005808,0,13,2026-03-22 19:44:43,2026-04-01 06:30:00
SCR-0013249,HS-005808,13,19,2026-03-24 22:49:05,2026-04-01 06:30:00
SCR-0013250,HS-005809,0,10,2025-11-27 14:24:50,2026-04-01 06:30:00
SCR-0013251,HS-005809,10,44,2025-11-30 09:55:29,2026-04-01 06:30:00
SCR-0013252,HS-005809,44,60,2025-12-01 00:11:00,2026-04-01 06:30:00
SCR-0013253,HS-005810,0,5,2026-02-02 13:38:46,2026-04-01 06:30:00
SCR-0013254,HS-005810,5,11,2026-02-03 21:12:33,2026-04-01 06:30:00
SCR-0013255,HS-005811,0,11,2026-03-01 07:06:09,2026-04-01 06:30:00
SCR-0013256,HS-005812,0,13,2026-03-22 13:09:18,2026-04-01 06:30:00
SCR-0013257,HS-005812,13,35,2026-03-26 02:48:22,2026-04-01 06:30:00
SCR-0013258,HS-005813,0,15,2025-11-05 15:41:09,2026-04-01 06:30:00
SCR-0013259,HS-005813,15,33,2025-11-15 00:56:24,2026-04-01 06:30:00
SCR-0013260,HS-005814,0,18,2025-09-27 10:01:20,2026-04-01 06:30:00
SCR-0013261,HS-005814,18,47,2025-10-05 08:31:14,2026-04-01 06:30:00
SCR-0013262,HS-005814,47,61,2025-10-06 06:12:03,2026-04-01 06:30:00
SCR-0013263,HS-005815,0,20,2025-10-10 06:56:13,2026-04-01 06:30:00
SCR-0013264,HS-005815,20,29,2025-10-12 23:15:36,2026-04-01 06:30:00
SCR-0013265,HS-005816,0,9,2026-03-04 23:36:24,2026-04-01 06:30:00
SCR-0013266,HS-005816,9,48,2026-03-10 01:16:20,2026-04-01 06:30:00
SCR-0013267,HS-005816,48,83,2026-03-10 13:54:51,2026-04-01 06:30:00
SCR-0013268,HS-005817,0,19,2026-02-12 01:13:12,2026-04-01 06:30:00
SCR-0013269,HS-005818,0,6,2026-01-11 19:23:38,2026-04-01 06:30:00
SCR-0013270,HS-005818,6,40,2026-02-07 13:32:11,2026-04-01 06:30:00
SCR-0013271,HS-005819,0,12,2026-03-12 12:55:51,2026-04-01 06:30:00
SCR-0013272,HS-005819,12,18,2026-03-16 10:40:39,2026-04-01 06:30:00
SCR-0013273,HS-005820,0,6,2026-01-23 22:05:56,2026-04-01 06:30:00
SCR-0013274,HS-005820,6,44,2026-02-01 08:15:04,2026-04-01 06:30:00
SCR-0013275,HS-005821,0,12,2025-10-29 23:54:47,2026-04-01 06:30:00
SCR-0013276,HS-005821,12,48,2025-11-04 15:14:50,2026-04-01 06:30:00
SCR-0013277,HS-005821,48,68,2025-11-04 21:23:05,2026-04-01 06:30:00
SCR-0013278,HS-005822,0,16,2026-02-03 00:31:53,2026-04-01 06:30:00
SCR-0013279,HS-005822,16,39,2026-02-19 16:21:47,2026-04-01 06:30:00
SCR-0013280,HS-005823,0,9,2025-11-06 03:05:16,2026-04-01 06:30:00
SCR-0013281,HS-005824,0,7,2025-11-02 20:55:53,2026-04-01 06:30:00
SCR-0013282,HS-005824,7,46,2025-11-09 16:43:02,2026-04-01 06:30:00
SCR-0013283,HS-005824,46,56,2025-11-11 16:21:06,2026-04-01 06:30:00
SCR-0013284,HS-005825,0,22,2025-11-23 01:40:04,2026-04-01 06:30:00
SCR-0013285,HS-005826,0,19,2025-12-12 03:14:12,2026-04-01 06:30:00
SCR-0013286,HS-005826,19,41,2025-12-20 08:54:27,2026-04-01 06:30:00
SCR-0013287,HS-005826,41,63,2025-12-20 20:18:57,2026-04-01 06:30:00
SCR-0013288,HS-005827,0,24,2025-11-04 12:07:10,2026-04-01 06:30:00
SCR-0013289,HS-005827,24,44,2025-11-11 06:28:18,2026-04-01 06:30:00
SCR-0013290,HS-005827,44,50,2025-11-11 17:36:34,2026-04-01 06:30:00
SCR-0013291,HS-005828,0,12,2026-03-03 12:42:04,2026-04-01 06:30:00
SCR-0013292,HS-005829,0,20,2025-11-08 04:39:51,2026-04-01 06:30:00
SCR-0013293,HS-005829,20,41,2025-11-13 07:48:33,2026-04-01 06:30:00
SCR-0013294,HS-005830,0,23,2026-01-26 11:11:05,2026-04-01 06:30:00
SCR-0013295,HS-005831,0,19,2025-11-23 18:57:50,2026-04-01 06:30:00
SCR-0013296,HS-005831,19,31,2025-12-03 19:03:13,2026-04-01 06:30:00
SCR-0013297,HS-005832,0,23,2026-01-29 18:04:27,2026-04-01 06:30:00
SCR-0013298,HS-005833,0,20,2025-11-06 01:58:03,2026-04-01 06:30:00
SCR-0013299,HS-005833,20,43,2025-11-09 19:16:14,2026-04-01 06:30:00
SCR-0013300,HS-005833,43,77,2025-11-12 04:00:46,2026-04-01 06:30:00
SCR-0013301,HS-005834,0,24,2026-02-07 22:54:05,2026-04-01 06:30:00
SCR-0013302,HS-005834,24,48,2026-02-15 00:26:45,2026-04-01 06:30:00
SCR-0013303,HS-005834,48,81,2026-02-15 20:27:12,2026-04-01 06:30:00
SCR-0013304,HS-005835,0,15,2025-11-12 10:23:06,2026-04-01 06:30:00
SCR-0013305,HS-005836,0,10,2025-11-19 19:34:00,2026-04-01 06:30:00
SCR-0013306,HS-005836,10,22,2025-11-21 18:51:14,2026-04-01 06:30:00
SCR-0013307,HS-005837,0,18,2025-11-20 18:00:45,2026-04-01 06:30:00
SCR-0013308,HS-005837,18,27,2025-12-06 01:45:17,2026-04-01 06:30:00
SCR-0013309,HS-005838,0,16,2025-09-04 01:13:47,2026-04-01 06:30:00
SCR-0013310,HS-005838,16,41,2025-09-08 14:23:03,2026-04-01 06:30:00
SCR-0013311,HS-005838,41,64,2025-09-09 08:04:09,2026-04-01 06:30:00
SCR-0013312,HS-005839,0,7,2025-11-03 06:11:58,2026-04-01 06:30:00
SCR-0013313,HS-005839,7,38,2025-11-16 12:35:07,2026-04-01 06:30:00
SCR-0013314,HS-005840,0,21,2026-01-30 00:39:19,2026-04-01 06:30:00
SCR-0013315,HS-005840,21,44,2026-02-06 06:36:13,2026-04-01 06:30:00
SCR-0013316,HS-005840,44,75,2026-02-08 19:12:42,2026-04-01 06:30:00
SCR-0013317,HS-005841,0,19,2026-01-10 09:32:05,2026-04-01 06:30:00
SCR-0013318,HS-005841,19,46,2026-01-14 04:51:19,2026-04-01 06:30:00
SCR-0013319,HS-005841,46,76,2026-01-15 20:08:00,2026-04-01 06:30:00
SCR-0013320,HS-005842,0,11,2025-09-22 20:49:55,2026-04-01 06:30:00
SCR-0013321,HS-005842,11,12,2025-09-24 17:04:04,2026-04-01 06:30:00
SCR-0013322,HS-005843,0,10,2025-12-05 08:59:46,2026-04-01 06:30:00
SCR-0013323,HS-005843,10,42,2025-12-09 21:41:37,2026-04-01 06:30:00
SCR-0013324,HS-005843,42,82,2025-12-10 06:31:55,2026-04-01 06:30:00
SCR-0013325,HS-005844,0,21,2025-11-16 10:32:34,2026-04-01 06:30:00
SCR-0013326,HS-005844,21,40,2025-11-20 16:40:12,2026-04-01 06:30:00
SCR-0013327,HS-005844,40,69,2025-11-21 07:35:52,2026-04-01 06:30:00
SCR-0013328,HS-005845,0,24,2025-08-29 22:10:43,2026-04-01 06:30:00
SCR-0013329,HS-005845,24,44,2025-09-18 15:07:12,2026-04-01 06:30:00
SCR-0013330,HS-005845,44,84,2025-09-20 20:19:30,2026-04-01 06:30:00
SCR-0013331,HS-005846,0,16,2025-09-13 23:30:05,2026-04-01 06:30:00
SCR-0013332,HS-005846,16,42,2025-09-17 19:21:57,2026-04-01 06:30:00
SCR-0013333,HS-005846,42,87,2025-09-20 02:13:10,2026-04-01 06:30:00
SCR-0013334,HS-005847,0,19,2026-03-01 20:32:03,2026-04-01 06:30:00
SCR-0013335,HS-005847,19,24,2026-03-13 03:07:02,2026-04-01 06:30:00
SCR-0013336,HS-005848,0,23,2025-12-13 16:31:46,2026-04-01 06:30:00
SCR-0013337,HS-005849,0,20,2025-09-13 19:09:39,2026-04-01 06:30:00
SCR-0013338,HS-005849,20,45,2025-09-24 18:44:16,2026-04-01 06:30:00
SCR-0013339,HS-005849,45,70,2025-09-27 09:41:10,2026-04-01 06:30:00
SCR-0013340,HS-005850,0,12,2026-02-11 23:24:15,2026-04-01 06:30:00
SCR-0013341,HS-005850,12,46,2026-02-17 10:31:09,2026-04-01 06:30:00
SCR-0013342,HS-005850,46,67,2026-02-19 17:43:51,2026-04-01 06:30:00
SCR-0013343,HS-005851,0,18,2026-02-02 10:52:44,2026-04-01 06:30:00
SCR-0013344,HS-005852,0,23,2026-03-06 00:44:51,2026-04-01 06:30:00
SCR-0013345,HS-005852,23,45,2026-03-08 16:34:19,2026-04-01 06:30:00
SCR-0013346,HS-005852,45,54,2026-03-08 23:36:01,2026-04-01 06:30:00
SCR-0013347,HS-005853,0,16,2025-12-03 09:58:19,2026-04-01 06:30:00
SCR-0013348,HS-005853,16,48,2025-12-10 19:37:44,2026-04-01 06:30:00
SCR-0013349,HS-005854,0,16,2025-11-08 11:18:52,2026-04-01 06:30:00
SCR-0013350,HS-005854,16,35,2025-11-11 23:48:31,2026-04-01 06:30:00
SCR-0013351,HS-005855,0,11,2026-01-30 06:00:42,2026-04-01 06:30:00
SCR-0013352,HS-005855,11,27,2026-02-06 11:43:01,2026-04-01 06:30:00
SCR-0013353,HS-005856,0,12,2026-02-08 23:12:22,2026-04-01 06:30:00
SCR-0013354,HS-005856,12,40,2026-02-11 02:04:34,2026-04-01 06:30:00
SCR-0013355,HS-005856,40,59,2026-02-14 01:17:17,2026-04-01 06:30:00
SCR-0013356,HS-005857,0,23,2025-12-20 20:10:46,2026-04-01 06:30:00
SCR-0013357,HS-005857,23,43,2025-12-31 22:20:10,2026-04-01 06:30:00
SCR-0013358,HS-005857,43,89,2026-01-03 18:46:12,2026-04-01 06:30:00
SCR-0013359,HS-005858,0,8,2025-12-01 18:51:05,2026-04-01 06:30:00
SCR-0013360,HS-005859,0,16,2026-01-09 06:52:07,2026-04-01 06:30:00
SCR-0013361,HS-005859,16,39,2026-01-23 00:24:01,2026-04-01 06:30:00
SCR-0013362,HS-005860,0,19,2025-10-11 01:49:44,2026-04-01 06:30:00
SCR-0013363,HS-005860,19,33,2025-10-21 08:19:00,2026-04-01 06:30:00
SCR-0013364,HS-005861,0,19,2026-02-07 23:32:00,2026-04-01 06:30:00
SCR-0013365,HS-005862,0,12,2026-03-14 02:37:11,2026-04-01 06:30:00
SCR-0013366,HS-005863,0,5,2026-03-11 20:41:38,2026-04-01 06:30:00
SCR-0013367,HS-005863,5,12,2026-03-22 04:46:43,2026-04-01 06:30:00
SCR-0013368,HS-005864,0,11,2026-02-15 15:39:53,2026-04-01 06:30:00
SCR-0013369,HS-005865,0,16,2026-01-29 09:45:23,2026-04-01 06:30:00
SCR-0013370,HS-005865,16,25,2026-02-09 16:14:48,2026-04-01 06:30:00
SCR-0013371,HS-005866,0,22,2025-09-03 23:05:04,2026-04-01 06:30:00
SCR-0013372,HS-005866,22,23,2025-09-19 07:45:55,2026-04-01 06:30:00
SCR-0013373,HS-005867,0,19,2025-11-16 04:08:26,2026-04-01 06:30:00
SCR-0013374,HS-005868,0,6,2025-11-23 16:55:23,2026-04-01 06:30:00
SCR-0013375,HS-005868,6,48,2025-12-03 06:06:34,2026-04-01 06:30:00
SCR-0013376,HS-005868,48,72,2025-12-03 16:21:55,2026-04-01 06:30:00
SCR-0013377,HS-005869,0,23,2026-01-30 22:05:35,2026-04-01 06:30:00
SCR-0013378,HS-005870,0,11,2026-01-31 09:03:37,2026-04-01 06:30:00
SCR-0013379,HS-005870,11,16,2026-02-12 13:48:18,2026-04-01 06:30:00
SCR-0013380,HS-005871,0,15,2025-12-13 05:56:29,2026-04-01 06:30:00
SCR-0013381,HS-005871,15,22,2025-12-20 22:09:51,2026-04-01 06:30:00
SCR-0013382,HS-005872,0,7,2025-09-09 11:17:18,2026-04-01 06:30:00
SCR-0013383,HS-005872,7,43,2025-09-11 10:36:20,2026-04-01 06:30:00
SCR-0013384,HS-005872,43,66,2025-09-12 16:46:26,2026-04-01 06:30:00
SCR-0013385,HS-005873,0,13,2025-09-20 22:56:31,2026-04-01 06:30:00
SCR-0013386,HS-005873,13,30,2025-09-29 09:43:49,2026-04-01 06:30:00
SCR-0013387,HS-005874,0,20,2026-01-25 10:14:28,2026-04-01 06:30:00
SCR-0013388,HS-005875,0,16,2025-08-23 20:43:09,2026-04-01 06:30:00
SCR-0013389,HS-005875,16,44,2025-08-31 04:21:49,2026-04-01 06:30:00
SCR-0013390,HS-005875,44,57,2025-09-01 08:42:24,2026-04-01 06:30:00
SCR-0013391,HS-005876,0,7,2025-08-21 20:07:28,2026-04-01 06:30:00
SCR-0013392,HS-005876,7,48,2025-09-02 12:11:02,2026-04-01 06:30:00
SCR-0013393,HS-005876,48,77,2025-09-02 18:34:59,2026-04-01 06:30:00
SCR-0013394,HS-005877,0,10,2026-01-12 03:39:11,2026-04-01 06:30:00
SCR-0013395,HS-005877,10,45,2026-01-18 09:43:52,2026-04-01 06:30:00
SCR-0013396,HS-005877,45,71,2026-01-20 21:34:21,2026-04-01 06:30:00
SCR-0013397,HS-005878,0,22,2025-09-18 12:32:28,2026-04-01 06:30:00
SCR-0013398,HS-005878,22,47,2025-09-28 06:12:44,2026-04-01 06:30:00
SCR-0013399,HS-005879,0,10,2025-11-28 16:24:43,2026-04-01 06:30:00
SCR-0013400,HS-005879,10,42,2025-12-03 23:13:14,2026-04-01 06:30:00
SCR-0013401,HS-005879,42,71,2025-12-05 08:15:43,2026-04-01 06:30:00
SCR-0013402,HS-005880,0,16,2026-03-17 06:14:37,2026-04-01 06:30:00
SCR-0013403,HS-005881,0,5,2025-09-01 14:44:17,2026-04-01 06:30:00
SCR-0013404,HS-005881,5,19,2025-09-18 18:00:54,2026-04-01 06:30:00
SCR-0013405,HS-005882,0,19,2026-01-27 20:30:30,2026-04-01 06:30:00
SCR-0013406,HS-005883,0,19,2025-11-18 05:45:33,2026-04-01 06:30:00
SCR-0013407,HS-005883,19,46,2025-11-24 19:26:01,2026-04-01 06:30:00
SCR-0013408,HS-005883,46,75,2025-11-26 06:41:51,2026-04-01 06:30:00
SCR-0013409,HS-005884,0,8,2025-09-26 19:26:05,2026-04-01 06:30:00
SCR-0013410,HS-005884,8,17,2025-09-29 12:50:16,2026-04-01 06:30:00
SCR-0013411,HS-005885,0,24,2026-01-29 13:29:17,2026-04-01 06:30:00
SCR-0013412,HS-005885,24,45,2026-02-05 09:29:19,2026-04-01 06:30:00
SCR-0013413,HS-005885,45,71,2026-02-07 11:51:35,2026-04-01 06:30:00
SCR-0013414,HS-005886,0,20,2025-11-28 08:49:02,2026-04-01 06:30:00
SCR-0013415,HS-005886,20,36,2025-12-12 06:34:10,2026-04-01 06:30:00
SCR-0013416,HS-005887,0,12,2025-12-27 05:23:11,2026-04-01 06:30:00
SCR-0013417,HS-005887,12,33,2026-01-07 22:04:25,2026-04-01 06:30:00
SCR-0013418,HS-005888,0,8,2026-01-17 04:19:03,2026-04-01 06:30:00
SCR-0013419,HS-005888,8,45,2026-01-25 07:11:05,2026-04-01 06:30:00
SCR-0013420,HS-005888,45,80,2026-01-27 07:22:22,2026-04-01 06:30:00
SCR-0013421,HS-005889,0,5,2025-12-21 09:21:55,2026-04-01 06:30:00
SCR-0013422,HS-005889,5,8,2025-12-26 10:28:01,2026-04-01 06:30:00
SCR-0013423,HS-005890,0,7,2025-10-24 18:42:34,2026-04-01 06:30:00
SCR-0013424,HS-005890,7,42,2025-11-02 18:16:05,2026-04-01 06:30:00
SCR-0013425,HS-005890,42,56,2025-11-04 12:17:04,2026-04-01 06:30:00
SCR-0013426,HS-005891,0,14,2025-11-23 02:12:52,2026-04-01 06:30:00
SCR-0013427,HS-005891,14,39,2025-12-02 09:23:42,2026-04-01 06:30:00
SCR-0013428,HS-005892,0,11,2025-12-09 07:21:19,2026-04-01 06:30:00
SCR-0013429,HS-005892,11,48,2025-12-13 14:48:16,2026-04-01 06:30:00
SCR-0013430,HS-005892,48,84,2025-12-15 08:58:02,2026-04-01 06:30:00
SCR-0013431,HS-005893,0,12,2026-02-10 13:57:44,2026-04-01 06:30:00
SCR-0013432,HS-005893,12,46,2026-02-14 11:57:10,2026-04-01 06:30:00
SCR-0013433,HS-005893,46,75,2026-02-15 22:52:38,2026-04-01 06:30:00
SCR-0013434,HS-005894,0,11,2025-12-10 21:55:27,2026-04-01 06:30:00
SCR-0013435,HS-005895,0,22,2025-12-23 00:27:55,2026-04-01 06:30:00
SCR-0013436,HS-005895,22,37,2026-01-09 18:35:06,2026-04-01 06:30:00
SCR-0013437,HS-005896,0,9,2025-11-08 07:14:06,2026-04-01 06:30:00
SCR-0013438,HS-005896,9,47,2025-11-20 04:37:35,2026-04-01 06:30:00
SCR-0013439,HS-005897,0,22,2026-02-04 21:43:57,2026-04-01 06:30:00
SCR-0013440,HS-005897,22,42,2026-02-07 22:58:15,2026-04-01 06:30:00
SCR-0013441,HS-005898,0,5,2025-09-26 23:53:55,2026-04-01 06:30:00
SCR-0013442,HS-005898,5,42,2025-10-02 13:31:17,2026-04-01 06:30:00
SCR-0013443,HS-005898,42,55,2025-10-04 07:42:04,2026-04-01 06:30:00
SCR-0013444,HS-005899,0,21,2025-10-18 17:50:10,2026-04-01 06:30:00
SCR-0013445,HS-005900,0,8,2025-10-30 11:07:11,2026-04-01 06:30:00
SCR-0013446,HS-005900,8,38,2025-11-05 07:30:11,2026-04-01 06:30:00
SCR-0013447,HS-005901,0,8,2025-11-16 07:28:43,2026-04-01 06:30:00
SCR-0013448,HS-005901,8,9,2025-11-20 06:53:02,2026-04-01 06:30:00
SCR-0013449,HS-005902,0,21,2025-09-11 18:28:16,2026-04-01 06:30:00
SCR-0013450,HS-005902,21,40,2025-09-20 04:55:48,2026-04-01 06:30:00
SCR-0013451,HS-005902,40,87,2025-09-21 11:05:53,2026-04-01 06:30:00
SCR-0013452,HS-005903,0,14,2025-12-04 05:48:56,2026-04-01 06:30:00
SCR-0013453,HS-005903,14,32,2025-12-21 21:08:11,2026-04-01 06:30:00
SCR-0013454,HS-005904,0,18,2025-12-08 10:32:08,2026-04-01 06:30:00
SCR-0013455,HS-005904,18,44,2025-12-11 15:15:08,2026-04-01 06:30:00
SCR-0013456,HS-005904,44,53,2025-12-13 22:49:34,2026-04-01 06:30:00
SCR-0013457,HS-005905,0,8,2025-12-02 01:46:24,2026-04-01 06:30:00
SCR-0013458,HS-005905,8,22,2025-12-11 13:04:29,2026-04-01 06:30:00
SCR-0013459,HS-005906,0,14,2025-11-06 02:41:10,2026-04-01 06:30:00
SCR-0013460,HS-005906,14,47,2025-11-11 22:20:05,2026-04-01 06:30:00
SCR-0013461,HS-005906,47,72,2025-11-13 18:42:43,2026-04-01 06:30:00
SCR-0013462,HS-005907,0,15,2025-09-24 16:56:25,2026-04-01 06:30:00
SCR-0013463,HS-005907,15,45,2025-10-04 14:23:27,2026-04-01 06:30:00
SCR-0013464,HS-005908,0,7,2025-12-21 15:28:40,2026-04-01 06:30:00
SCR-0013465,HS-005908,7,37,2026-01-09 11:38:40,2026-04-01 06:30:00
SCR-0013466,HS-005909,0,14,2025-12-27 21:52:58,2026-04-01 06:30:00
SCR-0013467,HS-005909,14,42,2026-01-02 04:07:46,2026-04-01 06:30:00
SCR-0013468,HS-005909,42,61,2026-01-02 18:21:26,2026-04-01 06:30:00
SCR-0013469,HS-005910,0,16,2026-02-21 23:53:50,2026-04-01 06:30:00
SCR-0013470,HS-005910,16,48,2026-02-28 04:34:20,2026-04-01 06:30:00
SCR-0013471,HS-005910,48,81,2026-03-03 03:40:59,2026-04-01 06:30:00
SCR-0013472,HS-005911,0,10,2026-02-19 03:51:16,2026-04-01 06:30:00
SCR-0013473,HS-005911,10,14,2026-02-28 13:37:25,2026-04-01 06:30:00
SCR-0013474,HS-005912,0,24,2026-02-05 18:43:40,2026-04-01 06:30:00
SCR-0013475,HS-005913,0,16,2025-11-14 16:50:03,2026-04-01 06:30:00
SCR-0013476,HS-005913,16,37,2025-11-17 18:55:16,2026-04-01 06:30:00
SCR-0013477,HS-005914,0,11,2025-10-17 05:31:53,2026-04-01 06:30:00
SCR-0013478,HS-005914,11,46,2025-10-21 23:51:57,2026-04-01 06:30:00
SCR-0013479,HS-005914,46,85,2025-10-24 22:23:00,2026-04-01 06:30:00
SCR-0013480,HS-005915,0,20,2025-09-05 07:43:26,2026-04-01 06:30:00
SCR-0013481,HS-005916,0,13,2026-02-26 05:42:28,2026-04-01 06:30:00
SCR-0013482,HS-005916,13,48,2026-03-02 09:39:44,2026-04-01 06:30:00
SCR-0013483,HS-005916,48,65,2026-03-04 08:38:49,2026-04-01 06:30:00
SCR-0013484,HS-005917,0,20,2025-10-07 05:56:23,2026-04-01 06:30:00
SCR-0013485,HS-005917,20,25,2025-10-13 11:27:22,2026-04-01 06:30:00
SCR-0013486,HS-005918,0,15,2025-10-06 09:34:49,2026-04-01 06:30:00
SCR-0013487,HS-005918,15,27,2025-10-07 19:54:00,2026-04-01 06:30:00
SCR-0013488,HS-005919,0,19,2025-11-22 18:21:21,2026-04-01 06:30:00
SCR-0013489,HS-005919,19,44,2025-11-27 08:35:52,2026-04-01 06:30:00
SCR-0013490,HS-005919,44,83,2025-11-29 05:41:43,2026-04-01 06:30:00
SCR-0013491,HS-005920,0,22,2026-03-08 05:46:34,2026-04-01 06:30:00
SCR-0013492,HS-005920,22,25,2026-03-20 03:57:46,2026-04-01 06:30:00
SCR-0013493,HS-005921,0,17,2025-09-29 04:44:20,2026-04-01 06:30:00
SCR-0013494,HS-005921,17,40,2025-10-01 17:47:45,2026-04-01 06:30:00
SCR-0013495,HS-005921,40,73,2025-10-01 23:35:36,2026-04-01 06:30:00
SCR-0013496,HS-005922,0,11,2026-02-25 19:14:40,2026-04-01 06:30:00
SCR-0013497,HS-005922,11,46,2026-03-01 19:26:19,2026-04-01 06:30:00
SCR-0013498,HS-005922,46,77,2026-03-02 03:20:25,2026-04-01 06:30:00
SCR-0013499,HS-005923,0,16,2025-12-03 22:42:40,2026-04-01 06:30:00
SCR-0013500,HS-005923,16,29,2025-12-22 09:09:25,2026-04-01 06:30:00
SCR-0013501,HS-005924,0,5,2026-02-02 15:30:23,2026-04-01 06:30:00
SCR-0013502,HS-005924,5,22,2026-02-08 05:03:30,2026-04-01 06:30:00
SCR-0013503,HS-005925,0,22,2025-09-14 08:41:30,2026-04-01 06:30:00
SCR-0013504,HS-005925,22,30,2025-09-21 05:28:26,2026-04-01 06:30:00
SCR-0013505,HS-005926,0,20,2025-09-01 19:12:34,2026-04-01 06:30:00
SCR-0013506,HS-005926,20,47,2025-09-11 19:39:17,2026-04-01 06:30:00
SCR-0013507,HS-005926,47,80,2025-09-12 23:15:26,2026-04-01 06:30:00
SCR-0013508,HS-005927,0,7,2026-03-07 19:57:23,2026-04-01 06:30:00
SCR-0013509,HS-005927,7,44,2026-03-19 18:46:37,2026-04-01 06:30:00
SCR-0013510,HS-005927,44,58,2026-03-22 00:18:10,2026-04-01 06:30:00
SCR-0013511,HS-005928,0,22,2025-10-25 23:44:08,2026-04-01 06:30:00
SCR-0013512,HS-005928,22,47,2025-10-28 12:55:30,2026-04-01 06:30:00
SCR-0013513,HS-005928,47,52,2025-10-29 06:10:37,2026-04-01 06:30:00
SCR-0013514,HS-005929,0,17,2026-02-05 19:59:18,2026-04-01 06:30:00
SCR-0013515,HS-005929,17,39,2026-02-09 20:07:13,2026-04-01 06:30:00
SCR-0013516,HS-005930,0,5,2025-09-08 07:18:04,2026-04-01 06:30:00
SCR-0013517,HS-005930,5,18,2025-09-24 09:52:39,2026-04-01 06:30:00
SCR-0013518,HS-005931,0,8,2025-12-08 03:43:04,2026-04-01 06:30:00
SCR-0013519,HS-005931,8,37,2025-12-27 18:23:44,2026-04-01 06:30:00
SCR-0013520,HS-005932,0,24,2026-01-10 14:04:26,2026-04-01 06:30:00
SCR-0013521,HS-005932,24,44,2026-01-21 19:38:08,2026-04-01 06:30:00
SCR-0013522,HS-005932,44,65,2026-01-22 14:18:29,2026-04-01 06:30:00
SCR-0013523,HS-005933,0,14,2026-03-22 11:26:15,2026-04-01 06:30:00
SCR-0013524,HS-005933,14,40,2026-03-26 09:32:30,2026-04-01 06:30:00
SCR-0013525,HS-005933,40,79,2026-03-28 12:58:53,2026-04-01 06:30:00
SCR-0013526,HS-005934,0,18,2025-12-22 17:21:57,2026-04-01 06:30:00
SCR-0013527,HS-005934,18,48,2025-12-25 06:50:38,2026-04-01 06:30:00
SCR-0013528,HS-005934,48,67,2025-12-26 15:45:55,2026-04-01 06:30:00
SCR-0013529,HS-005935,0,11,2026-02-05 22:46:38,2026-04-01 06:30:00
SCR-0013530,HS-005935,11,26,2026-02-20 11:00:35,2026-04-01 06:30:00
SCR-0013531,HS-005936,0,15,2026-01-19 18:33:01,2026-04-01 06:30:00
SCR-0013532,HS-005936,15,33,2026-02-07 00:51:34,2026-04-01 06:30:00
SCR-0013533,HS-005937,0,15,2025-12-18 21:45:56,2026-04-01 06:30:00
SCR-0013534,HS-005937,15,41,2025-12-23 15:22:48,2026-04-01 06:30:00
SCR-0013535,HS-005937,41,79,2025-12-23 19:47:10,2026-04-01 06:30:00
SCR-0013536,HS-005938,0,22,2025-12-27 21:20:34,2026-04-01 06:30:00
SCR-0013537,HS-005938,22,40,2026-01-04 11:21:28,2026-04-01 06:30:00
SCR-0013538,HS-005938,40,76,2026-01-04 11:31:32,2026-04-01 06:30:00
SCR-0013539,HS-005939,0,22,2025-09-22 08:58:36,2026-04-01 06:30:00
SCR-0013540,HS-005940,0,11,2025-10-05 05:05:24,2026-04-01 06:30:00
SCR-0013541,HS-005940,11,18,2025-10-18 17:04:41,2026-04-01 06:30:00
SCR-0013542,HS-005941,0,9,2025-09-09 22:18:44,2026-04-01 06:30:00
SCR-0013543,HS-005941,9,36,2025-09-12 09:48:19,2026-04-01 06:30:00
SCR-0013544,HS-005942,0,6,2025-10-22 22:29:01,2026-04-01 06:30:00
SCR-0013545,HS-005942,6,19,2025-11-03 13:02:00,2026-04-01 06:30:00
SCR-0013546,HS-005943,0,19,2025-11-04 16:26:12,2026-04-01 06:30:00
SCR-0013547,HS-005944,0,18,2026-01-31 06:44:38,2026-04-01 06:30:00
SCR-0013548,HS-005944,18,41,2026-02-10 03:59:06,2026-04-01 06:30:00
SCR-0013549,HS-005944,41,62,2026-02-11 13:38:18,2026-04-01 06:30:00
SCR-0013550,HS-005945,0,11,2026-02-18 23:08:17,2026-04-01 06:30:00
SCR-0013551,HS-005945,11,41,2026-02-28 18:05:16,2026-04-01 06:30:00
SCR-0013552,HS-005945,41,52,2026-03-02 07:16:43,2026-04-01 06:30:00
SCR-0013553,HS-005946,0,21,2025-11-21 14:51:25,2026-04-01 06:30:00
SCR-0013554,HS-005947,0,12,2025-12-09 00:52:07,2026-04-01 06:30:00
SCR-0013555,HS-005947,12,16,2025-12-25 03:48:33,2026-04-01 06:30:00
SCR-0013556,HS-005948,0,11,2026-03-19 22:06:25,2026-04-01 06:30:00
SCR-0013557,HS-005948,11,38,2026-04-01 14:06:06,2026-04-01 06:30:00
SCR-0013558,HS-005949,0,5,2026-01-31 22:34:18,2026-04-01 06:30:00
SCR-0013559,HS-005949,5,31,2026-02-20 12:37:56,2026-04-01 06:30:00
SCR-0013560,HS-005950,0,12,2025-10-12 13:01:38,2026-04-01 06:30:00
SCR-0013561,HS-005950,12,39,2025-10-26 06:50:49,2026-04-01 06:30:00
SCR-0013562,HS-005951,0,11,2025-08-22 22:51:01,2026-04-01 06:30:00
SCR-0013563,HS-005951,11,42,2025-08-29 11:34:53,2026-04-01 06:30:00
SCR-0013564,HS-005951,42,63,2025-09-01 03:58:28,2026-04-01 06:30:00
SCR-0013565,HS-005952,0,23,2025-12-13 11:17:11,2026-04-01 06:30:00
SCR-0013566,HS-005953,0,7,2026-01-31 15:26:02,2026-04-01 06:30:00
SCR-0013567,HS-005953,7,36,2026-02-03 06:05:42,2026-04-01 06:30:00
SCR-0013568,HS-005954,0,12,2025-09-03 07:53:55,2026-04-01 06:30:00
SCR-0013569,HS-005954,12,40,2025-09-08 02:38:28,2026-04-01 06:30:00
SCR-0013570,HS-005955,0,12,2026-01-26 15:20:50,2026-04-01 06:30:00
SCR-0013571,HS-005955,12,42,2026-02-01 05:02:47,2026-04-01 06:30:00
SCR-0013572,HS-005955,42,60,2026-02-02 02:06:54,2026-04-01 06:30:00
SCR-0013573,HS-005956,0,14,2025-10-12 12:41:38,2026-04-01 06:30:00
SCR-0013574,HS-005956,14,40,2025-10-20 16:55:56,2026-04-01 06:30:00
SCR-0013575,HS-005956,40,54,2025-10-22 02:34:58,2026-04-01 06:30:00
SCR-0013576,HS-005957,0,23,2025-11-25 06:54:34,2026-04-01 06:30:00
SCR-0013577,HS-005958,0,17,2026-01-02 12:07:55,2026-04-01 06:30:00
SCR-0013578,HS-005959,0,5,2025-09-05 05:10:00,2026-04-01 06:30:00
SCR-0013579,HS-005959,5,38,2025-09-23 14:41:35,2026-04-01 06:30:00
SCR-0013580,HS-005960,0,24,2026-01-30 19:19:41,2026-04-01 06:30:00
SCR-0013581,HS-005960,24,44,2026-02-05 00:49:29,2026-04-01 06:30:00
SCR-0013582,HS-005960,44,65,2026-02-06 06:43:57,2026-04-01 06:30:00
SCR-0013583,HS-005961,0,14,2025-09-06 18:11:47,2026-04-01 06:30:00
SCR-0013584,HS-005961,14,18,2025-09-17 07:17:47,2026-04-01 06:30:00
SCR-0013585,HS-005962,0,11,2025-12-22 21:47:25,2026-04-01 06:30:00
SCR-0013586,HS-005962,11,41,2025-12-30 10:55:48,2026-04-01 06:30:00
SCR-0013587,HS-005962,41,69,2026-01-01 17:22:11,2026-04-01 06:30:00
SCR-0013588,HS-005963,0,17,2026-03-18 01:55:33,2026-04-01 06:30:00
SCR-0013589,HS-005964,0,9,2026-01-20 23:12:28,2026-04-01 06:30:00
SCR-0013590,HS-005964,9,25,2026-02-01 12:13:13,2026-04-01 06:30:00
SCR-0013591,HS-005965,0,22,2026-02-24 04:42:48,2026-04-01 06:30:00
SCR-0013592,HS-005966,0,19,2025-12-06 06:38:05,2026-04-01 06:30:00
SCR-0013593,HS-005966,19,33,2025-12-16 07:32:57,2026-04-01 06:30:00
SCR-0013594,HS-005967,0,15,2025-12-01 21:16:35,2026-04-01 06:30:00
SCR-0013595,HS-005968,0,6,2025-09-07 19:26:09,2026-04-01 06:30:00
SCR-0013596,HS-005968,6,18,2025-09-21 08:44:02,2026-04-01 06:30:00
SCR-0013597,HS-005969,0,17,2025-10-03 11:34:43,2026-04-01 06:30:00
SCR-0013598,HS-005969,17,48,2025-10-15 20:39:20,2026-04-01 06:30:00
SCR-0013599,HS-005969,48,84,2025-10-16 13:34:41,2026-04-01 06:30:00
SCR-0013600,HS-005970,0,24,2026-03-01 23:39:02,2026-04-01 06:30:00
SCR-0013601,HS-005971,0,15,2025-09-02 10:47:14,2026-04-01 06:30:00
SCR-0013602,HS-005971,15,17,2025-09-17 16:05:56,2026-04-01 06:30:00
SCR-0013603,HS-005972,0,17,2026-02-14 06:08:21,2026-04-01 06:30:00
SCR-0013604,HS-005972,17,34,2026-03-04 19:41:29,2026-04-01 06:30:00
SCR-0013605,HS-005973,0,15,2026-01-01 00:38:48,2026-04-01 06:30:00
SCR-0013606,HS-005974,0,21,2025-10-04 23:29:17,2026-04-01 06:30:00
SCR-0013607,HS-005974,21,46,2025-10-09 22:59:53,2026-04-01 06:30:00
SCR-0013608,HS-005974,46,64,2025-10-11 10:31:31,2026-04-01 06:30:00
SCR-0013609,HS-005975,0,20,2025-11-10 12:54:30,2026-04-01 06:30:00
SCR-0013610,HS-005975,20,24,2025-11-24 03:32:17,2026-04-01 06:30:00
SCR-0013611,HS-005976,0,11,2025-10-02 20:23:23,2026-04-01 06:30:00
SCR-0013612,HS-005976,11,30,2025-10-21 02:49:26,2026-04-01 06:30:00
SCR-0013613,HS-005977,0,20,2025-10-12 23:28:13,2026-04-01 06:30:00
SCR-0013614,HS-005977,20,27,2025-10-17 20:19:58,2026-04-01 06:30:00
SCR-0013615,HS-005978,0,22,2026-01-04 23:39:40,2026-04-01 06:30:00
SCR-0013616,HS-005979,0,14,2025-09-30 05:37:05,2026-04-01 06:30:00
SCR-0013617,HS-005979,14,46,2025-10-12 03:41:34,2026-04-01 06:30:00
SCR-0013618,HS-005979,46,77,2025-10-15 02:46:36,2026-04-01 06:30:00
SCR-0013619,HS-005980,0,11,2025-10-09 13:37:02,2026-04-01 06:30:00
SCR-0013620,HS-005980,11,45,2025-10-14 19:02:46,2026-04-01 06:30:00
SCR-0013621,HS-005980,45,63,2025-10-15 05:05:49,2026-04-01 06:30:00
SCR-0013622,HS-005981,0,18,2025-10-18 19:41:39,2026-04-01 06:30:00
SCR-0013623,HS-005981,18,29,2025-10-31 03:28:42,2026-04-01 06:30:00
SCR-0013624,HS-005982,0,22,2026-01-14 08:01:13,2026-04-01 06:30:00
SCR-0013625,HS-005983,0,8,2025-09-06 22:03:36,2026-04-01 06:30:00
SCR-0013626,HS-005983,8,10,2025-09-19 11:03:41,2026-04-01 06:30:00
SCR-0013627,HS-005984,0,18,2026-01-21 07:43:45,2026-04-01 06:30:00
SCR-0013628,HS-005984,18,40,2026-01-29 19:26:49,2026-04-01 06:30:00
SCR-0013629,HS-005984,40,51,2026-01-31 17:31:22,2026-04-01 06:30:00
SCR-0013630,HS-005985,0,23,2025-09-22 10:36:20,2026-04-01 06:30:00
SCR-0013631,HS-005985,23,44,2025-10-03 17:31:33,2026-04-01 06:30:00
SCR-0013632,HS-005985,44,64,2025-10-04 17:44:39,2026-04-01 06:30:00
SCR-0013633,HS-005986,0,13,2025-11-18 01:03:14,2026-04-01 06:30:00
SCR-0013634,HS-005986,13,17,2025-11-25 03:41:36,2026-04-01 06:30:00
SCR-0013635,HS-005987,0,10,2026-01-30 02:42:57,2026-04-01 06:30:00
SCR-0013636,HS-005987,10,43,2026-02-01 22:42:38,2026-04-01 06:30:00
SCR-0013637,HS-005988,0,23,2025-10-29 13:48:44,2026-04-01 06:30:00
SCR-0013638,HS-005988,23,30,2025-11-04 05:25:03,2026-04-01 06:30:00
SCR-0013639,HS-005989,0,7,2025-10-04 03:35:11,2026-04-01 06:30:00
SCR-0013640,HS-005989,7,24,2025-10-05 07:50:34,2026-04-01 06:30:00
SCR-0013641,HS-005990,0,22,2025-12-13 04:35:46,2026-04-01 06:30:00
SCR-0013642,HS-005990,22,43,2025-12-25 06:59:16,2026-04-01 06:30:00
SCR-0013643,HS-005990,43,81,2025-12-27 03:08:15,2026-04-01 06:30:00
SCR-0013644,HS-005991,0,9,2025-09-20 01:11:29,2026-04-01 06:30:00
SCR-0013645,HS-005991,9,48,2025-09-26 16:05:35,2026-04-01 06:30:00
SCR-0013646,HS-005991,48,83,2025-09-27 20:54:56,2026-04-01 06:30:00
SCR-0013647,HS-005992,0,19,2026-01-28 07:01:49,2026-04-01 06:30:00
SCR-0013648,HS-005992,19,42,2026-02-06 14:35:35,2026-04-01 06:30:00
SCR-0013649,HS-005992,42,61,2026-02-09 00:24:05,2026-04-01 06:30:00
SCR-0013650,HS-005993,0,5,2025-12-21 10:42:07,2026-04-01 06:30:00
SCR-0013651,HS-005993,5,46,2025-12-25 01:39:03,2026-04-01 06:30:00
SCR-0013652,HS-005993,46,74,2025-12-25 13:07:02,2026-04-01 06:30:00
SCR-0013653,HS-005994,0,24,2026-01-21 04:14:41,2026-04-01 06:30:00
SCR-0013654,HS-005995,0,14,2025-12-07 02:53:01,2026-04-01 06:30:00
SCR-0013655,HS-005995,14,44,2025-12-15 00:45:27,2026-04-01 06:30:00
SCR-0013656,HS-005995,44,79,2025-12-17 14:48:34,2026-04-01 06:30:00
SCR-0013657,HS-005996,0,15,2026-02-18 21:11:46,2026-04-01 06:30:00
SCR-0013658,HS-005996,15,48,2026-02-22 03:51:26,2026-04-01 06:30:00
SCR-0013659,HS-005996,48,85,2026-02-23 21:36:26,2026-04-01 06:30:00
SCR-0013660,HS-005997,0,8,2025-08-31 01:47:46,2026-04-01 06:30:00
SCR-0013661,HS-005997,8,45,2025-09-02 18:00:59,2026-04-01 06:30:00
SCR-0013662,HS-005997,45,86,2025-09-04 00:51:31,2026-04-01 06:30:00
SCR-0013663,HS-005998,0,22,2026-02-14 00:21:50,2026-04-01 06:30:00
SCR-0013664,HS-005998,22,35,2026-02-20 20:05:47,2026-04-01 06:30:00
SCR-0013665,HS-005999,0,13,2026-01-06 22:24:01,2026-04-01 06:30:00
SCR-0013666,HS-005999,13,38,2026-01-15 18:36:37,2026-04-01 06:30:00
SCR-0013667,HS-006000,0,16,2025-12-22 22:52:06,2026-04-01 06:30:00
SCR-0013668,HS-006000,16,41,2026-01-01 08:49:17,2026-04-01 06:30:00
SCR-0013669,HS-006000,41,75,2026-01-03 18:08:37,2026-04-01 06:30:00
