activity_id,lead_id,owner_id,activity_type,activity_at,_synced_at
ACT-0000001,LEAD-000003,USR-0017,Meeting,2026-03-25 23:09:27,2026-04-01 07:00:00
ACT-0000002,LEAD-000006,USR-0019,Call,2026-02-20 04:02:39,2026-04-01 07:00:00
ACT-0000003,LEAD-000007,USR-0003,Meeting,2025-12-23 01:36:46,2026-04-01 07:00:00
ACT-0000004,LEAD-000009,USR-0015,Meeting,2026-03-08 19:55:32,2026-04-01 07:00:00
ACT-0000005,LEAD-000011,USR-0019,Call,2026-02-10 21:11:04,2026-04-01 07:00:00
ACT-0000006,LEAD-000013,USR-0008,Email,2026-03-10 15:05:28,2026-04-01 07:00:00
ACT-0000007,LEAD-000017,USR-0008,Call,2025-12-06 12:56:05,2026-04-01 07:00:00
ACT-0000008,LEAD-000019,USR-0019,Call,2025-09-30 14:24:04,2026-04-01 07:00:00
ACT-0000009,LEAD-000024,USR-0022,Meeting,2026-01-26 09:44:06,2026-04-01 07:00:00
ACT-0000010,LEAD-000026,USR-0002,Call,2026-01-10 08:49:13,2026-04-01 07:00:00
ACT-0000011,LEAD-000029,USR-0001,Email,2025-11-26 01:31:26,2026-04-01 07:00:00
ACT-0000012,LEAD-000032,USR-0011,Meeting,2026-02-09 17:14:36,2026-04-01 07:00:00
ACT-0000013,LEAD-000033,USR-0006,Meeting,2025-09-04 11:42:56,2026-04-01 07:00:00
ACT-0000014,LEAD-000034,USR-0001,Email,2026-03-13 02:32:20,2026-04-01 07:00:00
ACT-0000015,LEAD-000035,USR-0014,Call,2026-02-05 23:04:00,2026-04-01 07:00:00
ACT-0000016,LEAD-000038,USR-0002,Call,2025-09-26 18:46:30,2026-04-01 07:00:00
ACT-0000017,LEAD-000040,USR-0005,Email,2026-01-05 07:17:55,2026-04-01 07:00:00
ACT-0000018,LEAD-000042,USR-0011,Meeting,2025-10-18 06:34:05,2026-04-01 07:00:00
ACT-0000019,LEAD-000043,USR-0015,Email,2026-03-05 05:43:51,2026-04-01 07:00:00
ACT-0000020,LEAD-000044,USR-0021,Meeting,2025-11-22 00:10:21,2026-04-01 07:00:00
ACT-0000021,LEAD-000045,USR-0017,Email,2026-02-28 21:16:56,2026-04-01 07:00:00
ACT-0000022,LEAD-000046,USR-0007,Call,2025-10-18 18:31:51,2026-04-01 07:00:00
ACT-0000023,LEAD-000047,USR-0016,Email,2026-01-15 20:30:20,2026-04-01 07:00:00
ACT-0000024,LEAD-000048,USR-0008,Email,2025-12-21 22:07:54,2026-04-01 07:00:00
ACT-0000025,LEAD-000049,USR-0012,Meeting,2026-02-27 09:53:50,2026-04-01 07:00:00
ACT-0000026,LEAD-000050,USR-0003,Email,2025-12-01 06:45:25,2026-04-01 07:00:00
ACT-0000027,LEAD-000051,USR-0007,Meeting,2026-03-12 14:52:06,2026-04-01 07:00:00
ACT-0000028,LEAD-000052,USR-0010,Meeting,2025-12-04 19:32:59,2026-04-01 07:00:00
ACT-0000029,LEAD-000057,USR-0016,Call,2025-09-10 14:33:35,2026-04-01 07:00:00
ACT-0000030,LEAD-000059,USR-0005,Email,2025-11-10 03:41:54,2026-04-01 07:00:00
ACT-0000031,LEAD-000061,USR-0009,Call,2026-03-28 01:10:35,2026-04-01 07:00:00
ACT-0000032,LEAD-000064,USR-0022,Email,2025-10-08 09:17:12,2026-04-01 07:00:00
ACT-0000033,LEAD-000065,USR-0012,Call,2026-01-13 08:54:06,2026-04-01 07:00:00
ACT-0000034,LEAD-000066,USR-0013,Meeting,2025-10-04 18:00:41,2026-04-01 07:00:00
ACT-0000035,LEAD-000070,USR-0003,Call,2025-11-24 17:30:45,2026-04-01 07:00:00
ACT-0000036,LEAD-000073,USR-0001,Call,2025-11-19 06:02:44,2026-04-01 07:00:00
ACT-0000037,LEAD-000074,USR-0005,Call,2025-09-04 16:41:37,2026-04-01 07:00:00
ACT-0000038,LEAD-000076,USR-0011,Meeting,2025-09-06 06:21:26,2026-04-01 07:00:00
ACT-0000039,LEAD-000078,USR-0001,Email,2026-02-18 19:42:14,2026-04-01 07:00:00
ACT-0000040,LEAD-000081,USR-0011,Email,2025-10-02 00:42:16,2026-04-01 07:00:00
ACT-0000041,LEAD-000082,USR-0019,Call,2025-12-29 17:00:10,2026-04-01 07:00:00
ACT-0000042,LEAD-000085,USR-0018,Call,2025-09-13 06:51:19,2026-04-01 07:00:00
ACT-0000043,LEAD-000086,USR-0008,Meeting,2025-11-01 03:52:38,2026-04-01 07:00:00
ACT-0000044,LEAD-000087,USR-0002,Meeting,2026-02-24 21:59:45,2026-04-01 07:00:00
ACT-0000045,LEAD-000090,USR-0010,Meeting,2025-11-04 18:12:47,2026-04-01 07:00:00
ACT-0000046,LEAD-000091,USR-0018,Email,2025-10-21 01:55:45,2026-04-01 07:00:00
ACT-0000047,LEAD-000097,USR-0006,Email,2026-01-23 14:35:54,2026-04-01 07:00:00
ACT-0000048,LEAD-000099,USR-0008,Call,2025-12-08 22:03:50,2026-04-01 07:00:00
ACT-0000049,LEAD-000102,USR-0015,Call,2025-12-08 00:06:40,2026-04-01 07:00:00
ACT-0000050,LEAD-000103,USR-0013,Call,2026-01-04 03:54:23,2026-04-01 07:00:00
ACT-0000051,LEAD-000106,USR-0017,Call,2026-01-19 12:49:15,2026-04-01 07:00:00
ACT-0000052,LEAD-000107,USR-0001,Email,2025-12-29 21:21:43,2026-04-01 07:00:00
ACT-0000053,LEAD-000109,USR-0020,Email,2026-02-04 00:02:43,2026-04-01 07:00:00
ACT-0000054,LEAD-000114,USR-0001,Email,2025-11-21 09:31:57,2026-04-01 07:00:00
ACT-0000055,LEAD-000116,USR-0009,Meeting,2025-09-09 22:28:48,2026-04-01 07:00:00
ACT-0000056,LEAD-000117,USR-0003,Meeting,2025-11-30 00:59:10,2026-04-01 07:00:00
ACT-0000057,LEAD-000118,USR-0005,Call,2025-12-12 05:59:28,2026-04-01 07:00:00
ACT-0000058,LEAD-000120,USR-0006,Call,2025-10-06 00:12:04,2026-04-01 07:00:00
ACT-0000059,LEAD-000121,USR-0016,Email,2025-12-11 10:19:00,2026-04-01 07:00:00
ACT-0000060,LEAD-000122,USR-0011,Email,2026-02-05 23:59:43,2026-04-01 07:00:00
ACT-0000061,LEAD-000124,USR-0005,Call,2025-09-30 01:33:19,2026-04-01 07:00:00
ACT-0000062,LEAD-000126,USR-0021,Email,2025-12-05 02:08:30,2026-04-01 07:00:00
ACT-0000063,LEAD-000128,USR-0008,Call,2026-01-14 07:10:36,2026-04-01 07:00:00
ACT-0000064,LEAD-000129,USR-0011,Call,2025-10-12 12:54:32,2026-04-01 07:00:00
ACT-0000065,LEAD-000130,USR-0002,Meeting,2025-11-23 04:41:41,2026-04-01 07:00:00
ACT-0000066,LEAD-000131,USR-0013,Email,2025-10-19 17:22:41,2026-04-01 07:00:00
ACT-0000067,LEAD-000134,USR-0007,Call,2026-03-01 04:19:51,2026-04-01 07:00:00
ACT-0000068,LEAD-000136,USR-0011,Call,2025-09-03 09:03:55,2026-04-01 07:00:00
ACT-0000069,LEAD-000138,USR-0005,Meeting,2025-10-27 23:19:49,2026-04-01 07:00:00
ACT-0000070,LEAD-000139,USR-0010,Call,2025-09-11 14:47:43,2026-04-01 07:00:00
ACT-0000071,LEAD-000141,USR-0008,Call,2026-01-06 16:00:26,2026-04-01 07:00:00
ACT-0000072,LEAD-000142,USR-0002,Email,2026-01-25 00:19:01,2026-04-01 07:00:00
ACT-0000073,LEAD-000143,USR-0002,Call,2025-10-17 11:46:04,2026-04-01 07:00:00
ACT-0000074,LEAD-000144,USR-0008,Email,2025-11-30 00:04:37,2026-04-01 07:00:00
ACT-0000075,LEAD-000145,USR-0012,Email,2026-02-20 08:45:33,2026-04-01 07:00:00
ACT-0000076,LEAD-000146,USR-0020,Email,2025-11-29 08:09:06,2026-04-01 07:00:00
ACT-0000077,LEAD-000147,USR-0005,Meeting,2026-03-07 20:40:28,2026-04-01 07:00:00
ACT-0000078,LEAD-000148,USR-0016,Email,2025-10-29 16:14:45,2026-04-01 07:00:00
ACT-0000079,LEAD-000149,USR-0006,Call,2026-02-28 09:35:11,2026-04-01 07:00:00
ACT-0000080,LEAD-000152,USR-0008,Meeting,2026-03-06 11:37:49,2026-04-01 07:00:00
ACT-0000081,LEAD-000154,USR-0007,Meeting,2025-12-13 16:56:50,2026-04-01 07:00:00
ACT-0000082,LEAD-000155,USR-0015,Call,2025-12-13 00:55:44,2026-04-01 07:00:00
ACT-0000083,LEAD-000157,USR-0006,Call,2025-09-06 00:21:35,2026-04-01 07:00:00
ACT-0000084,LEAD-000161,USR-0003,Meeting,2025-11-11 14:23:17,2026-04-01 07:00:00
ACT-0000085,LEAD-000162,USR-0022,Meeting,2025-10-26 01:32:56,2026-04-01 07:00:00
ACT-0000086,LEAD-000167,USR-0008,Call,2026-03-13 11:47:46,2026-04-01 07:00:00
ACT-0000087,LEAD-000168,USR-0006,Call,2026-01-05 20:00:45,2026-04-01 07:00:00
ACT-0000088,LEAD-000174,USR-0005,Email,2025-11-23 22:21:31,2026-04-01 07:00:00
ACT-0000089,LEAD-000177,USR-0019,Call,2026-03-05 18:43:07,2026-04-01 07:00:00
ACT-0000090,LEAD-000180,USR-0018,Call,2025-12-03 00:19:40,2026-04-01 07:00:00
ACT-0000091,LEAD-000181,USR-0006,Meeting,2026-03-05 04:50:11,2026-04-01 07:00:00
ACT-0000092,LEAD-000182,USR-0009,Call,2025-12-28 11:12:26,2026-04-01 07:00:00
ACT-0000093,LEAD-000183,USR-0015,Call,2026-01-30 07:31:21,2026-04-01 07:00:00
ACT-0000094,LEAD-000185,USR-0012,Meeting,2026-02-23 14:52:14,2026-04-01 07:00:00
ACT-0000095,LEAD-000187,USR-0008,Email,2026-01-10 10:59:57,2026-04-01 07:00:00
ACT-0000096,LEAD-000188,USR-0016,Email,2026-02-23 21:55:56,2026-04-01 07:00:00
ACT-0000097,LEAD-000190,USR-0017,Email,2025-10-24 13:26:39,2026-04-01 07:00:00
ACT-0000098,LEAD-000194,USR-0018,Call,2025-12-07 00:53:45,2026-04-01 07:00:00
ACT-0000099,LEAD-000197,USR-0005,Email,2025-12-07 05:19:48,2026-04-01 07:00:00
ACT-0000100,LEAD-000198,USR-0011,Meeting,2026-03-19 12:21:21,2026-04-01 07:00:00
ACT-0000101,LEAD-000202,USR-0002,Meeting,2025-09-08 22:22:31,2026-04-01 07:00:00
ACT-0000102,LEAD-000204,USR-0017,Meeting,2026-02-04 07:28:55,2026-04-01 07:00:00
ACT-0000103,LEAD-000205,USR-0003,Meeting,2026-03-12 19:33:18,2026-04-01 07:00:00
ACT-0000104,LEAD-000207,USR-0009,Email,2025-12-28 00:40:09,2026-04-01 07:00:00
ACT-0000105,LEAD-000209,USR-0008,Call,2025-11-29 12:15:07,2026-04-01 07:00:00
ACT-0000106,LEAD-000212,USR-0011,Call,2025-10-17 20:16:46,2026-04-01 07:00:00
ACT-0000107,LEAD-000216,USR-0009,Meeting,2026-02-14 22:04:22,2026-04-01 07:00:00
ACT-0000108,LEAD-000218,USR-0010,Email,2025-10-26 22:53:18,2026-04-01 07:00:00
ACT-0000109,LEAD-000223,USR-0017,Email,2026-03-06 20:32:49,2026-04-01 07:00:00
ACT-0000110,LEAD-000224,USR-0011,Email,2025-09-19 05:28:29,2026-04-01 07:00:00
ACT-0000111,LEAD-000225,USR-0020,Email,2026-02-09 22:06:04,2026-04-01 07:00:00
ACT-0000112,LEAD-000229,USR-0010,Meeting,2026-01-04 04:41:50,2026-04-01 07:00:00
ACT-0000113,LEAD-000231,USR-0002,Meeting,2025-10-18 18:00:56,2026-04-01 07:00:00
ACT-0000114,LEAD-000235,USR-0011,Call,2026-01-01 21:11:02,2026-04-01 07:00:00
ACT-0000115,LEAD-000236,USR-0006,Meeting,2025-11-12 11:15:08,2026-04-01 07:00:00
ACT-0000116,LEAD-000240,USR-0015,Call,2026-02-01 10:20:39,2026-04-01 07:00:00
ACT-0000117,LEAD-000242,USR-0022,Email,2026-03-18 22:03:53,2026-04-01 07:00:00
ACT-0000118,LEAD-000243,USR-0015,Meeting,2026-03-16 21:12:14,2026-04-01 07:00:00
ACT-0000119,LEAD-000244,USR-0001,Meeting,2025-09-23 03:38:00,2026-04-01 07:00:00
ACT-0000120,LEAD-000246,USR-0015,Call,2026-01-02 00:24:58,2026-04-01 07:00:00
ACT-0000121,LEAD-000248,USR-0003,Email,2026-01-26 19:56:56,2026-04-01 07:00:00
ACT-0000122,LEAD-000250,USR-0009,Meeting,2026-01-26 18:57:59,2026-04-01 07:00:00
ACT-0000123,LEAD-000251,USR-0011,Email,2025-11-01 21:46:55,2026-04-01 07:00:00
ACT-0000124,LEAD-000252,USR-0005,Email,2026-01-03 16:55:43,2026-04-01 07:00:00
ACT-0000125,LEAD-000253,USR-0011,Meeting,2026-01-22 05:50:16,2026-04-01 07:00:00
ACT-0000126,LEAD-000255,USR-0007,Meeting,2025-09-13 08:25:23,2026-04-01 07:00:00
ACT-0000127,LEAD-000262,USR-0011,Email,2025-12-11 12:45:57,2026-04-01 07:00:00
ACT-0000128,LEAD-000264,USR-0017,Call,2026-01-05 14:39:42,2026-04-01 07:00:00
ACT-0000129,LEAD-000265,USR-0009,Email,2026-03-28 15:31:15,2026-04-01 07:00:00
ACT-0000130,LEAD-000266,USR-0009,Email,2025-10-14 17:12:42,2026-04-01 07:00:00
ACT-0000131,LEAD-000269,USR-0009,Meeting,2025-12-25 17:46:32,2026-04-01 07:00:00
ACT-0000132,LEAD-000273,USR-0001,Call,2026-02-19 12:48:31,2026-04-01 07:00:00
ACT-0000133,LEAD-000274,USR-0016,Meeting,2025-12-30 04:14:56,2026-04-01 07:00:00
ACT-0000134,LEAD-000275,USR-0001,Meeting,2025-10-04 18:58:06,2026-04-01 07:00:00
ACT-0000135,LEAD-000277,USR-0020,Meeting,2025-12-27 01:34:50,2026-04-01 07:00:00
ACT-0000136,LEAD-000279,USR-0010,Email,2025-11-07 08:05:13,2026-04-01 07:00:00
ACT-0000137,LEAD-000281,USR-0018,Meeting,2025-10-22 11:21:46,2026-04-01 07:00:00
ACT-0000138,LEAD-000283,USR-0014,Meeting,2026-03-03 23:10:46,2026-04-01 07:00:00
ACT-0000139,LEAD-000284,USR-0009,Email,2025-10-19 10:20:56,2026-04-01 07:00:00
ACT-0000140,LEAD-000285,USR-0011,Email,2026-01-31 00:25:23,2026-04-01 07:00:00
ACT-0000141,LEAD-000287,USR-0011,Call,2025-09-07 01:31:18,2026-04-01 07:00:00
ACT-0000142,LEAD-000290,USR-0011,Email,2025-10-26 16:10:16,2026-04-01 07:00:00
ACT-0000143,LEAD-000292,USR-0010,Call,2025-09-15 08:50:43,2026-04-01 07:00:00
ACT-0000144,LEAD-000293,USR-0010,Email,2025-12-07 01:46:41,2026-04-01 07:00:00
ACT-0000145,LEAD-000294,USR-0013,Email,2025-10-01 03:12:10,2026-04-01 07:00:00
ACT-0000146,LEAD-000295,USR-0003,Email,2026-01-06 10:31:17,2026-04-01 07:00:00
ACT-0000147,LEAD-000296,USR-0009,Call,2025-10-31 23:59:26,2026-04-01 07:00:00
ACT-0000148,LEAD-000299,USR-0002,Call,2025-12-24 16:40:04,2026-04-01 07:00:00
ACT-0000149,LEAD-000302,USR-0003,Email,2025-10-10 13:19:38,2026-04-01 07:00:00
ACT-0000150,LEAD-000303,USR-0006,Call,2025-10-07 03:27:40,2026-04-01 07:00:00
ACT-0000151,LEAD-000305,USR-0013,Email,2025-10-04 13:17:48,2026-04-01 07:00:00
ACT-0000152,LEAD-000307,USR-0013,Email,2025-12-01 10:13:09,2026-04-01 07:00:00
ACT-0000153,LEAD-000308,USR-0006,Email,2025-10-08 21:23:58,2026-04-01 07:00:00
ACT-0000154,LEAD-000313,USR-0016,Call,2025-09-11 16:42:28,2026-04-01 07:00:00
ACT-0000155,LEAD-000315,USR-0010,Call,2026-01-27 12:51:40,2026-04-01 07:00:00
ACT-0000156,LEAD-000316,USR-0016,Email,2025-10-28 11:21:32,2026-04-01 07:00:00
ACT-0000157,LEAD-000318,USR-0001,Call,2026-02-09 19:14:49,2026-04-01 07:00:00
ACT-0000158,LEAD-000319,USR-0012,Email,2025-11-06 10:20:48,2026-04-01 07:00:00
ACT-0000159,LEAD-000323,USR-0019,Email,2025-10-12 20:05:48,2026-04-01 07:00:00
ACT-0000160,LEAD-000324,USR-0009,Call,2026-02-22 13:39:54,2026-04-01 07:00:00
ACT-0000161,LEAD-000327,USR-0008,Email,2025-09-12 13:12:45,2026-04-01 07:00:00
ACT-0000162,LEAD-000328,USR-0021,Email,2025-10-18 15:57:15,2026-04-01 07:00:00
ACT-0000163,LEAD-000329,USR-0006,Meeting,2026-03-10 19:52:10,2026-04-01 07:00:00
ACT-0000164,LEAD-000332,USR-0010,Call,2025-09-05 19:59:20,2026-04-01 07:00:00
ACT-0000165,LEAD-000336,USR-0001,Email,2025-10-04 07:23:09,2026-04-01 07:00:00
ACT-0000166,LEAD-000337,USR-0003,Meeting,2026-02-12 11:06:08,2026-04-01 07:00:00
ACT-0000167,LEAD-000338,USR-0016,Call,2025-11-27 10:45:57,2026-04-01 07:00:00
ACT-0000168,LEAD-000339,USR-0005,Email,2025-11-26 11:49:54,2026-04-01 07:00:00
ACT-0000169,LEAD-000340,USR-0013,Call,2025-10-07 18:47:33,2026-04-01 07:00:00
ACT-0000170,LEAD-000343,USR-0003,Call,2025-09-09 08:25:55,2026-04-01 07:00:00
ACT-0000171,LEAD-000348,USR-0013,Email,2025-11-10 10:04:04,2026-04-01 07:00:00
ACT-0000172,LEAD-000353,USR-0007,Email,2025-10-17 06:34:32,2026-04-01 07:00:00
ACT-0000173,LEAD-000356,USR-0013,Email,2025-11-18 12:25:42,2026-04-01 07:00:00
ACT-0000174,LEAD-000357,USR-0001,Meeting,2026-03-05 09:07:47,2026-04-01 07:00:00
ACT-0000175,LEAD-000363,USR-0011,Meeting,2026-03-02 10:22:41,2026-04-01 07:00:00
ACT-0000176,LEAD-000364,USR-0018,Email,2025-12-07 17:22:23,2026-04-01 07:00:00
ACT-0000177,LEAD-000366,USR-0020,Call,2026-03-23 18:18:02,2026-04-01 07:00:00
ACT-0000178,LEAD-000371,USR-0001,Email,2025-09-01 11:30:07,2026-04-01 07:00:00
ACT-0000179,LEAD-000374,USR-0001,Email,2025-10-20 10:57:29,2026-04-01 07:00:00
ACT-0000180,LEAD-000376,USR-0009,Call,2025-09-21 01:13:13,2026-04-01 07:00:00
ACT-0000181,LEAD-000377,USR-0003,Email,2026-03-25 01:39:41,2026-04-01 07:00:00
ACT-0000182,LEAD-000378,USR-0009,Meeting,2025-09-12 10:11:59,2026-04-01 07:00:00
ACT-0000183,LEAD-000380,USR-0001,Call,2026-02-23 23:13:01,2026-04-01 07:00:00
ACT-0000184,LEAD-000381,USR-0001,Email,2026-03-03 02:42:07,2026-04-01 07:00:00
ACT-0000185,LEAD-000383,USR-0012,Meeting,2026-02-21 22:12:34,2026-04-01 07:00:00
ACT-0000186,LEAD-000389,USR-0018,Email,2026-01-02 02:10:32,2026-04-01 07:00:00
ACT-0000187,LEAD-000391,USR-0003,Meeting,2025-10-17 12:28:00,2026-04-01 07:00:00
ACT-0000188,LEAD-000392,USR-0011,Meeting,2026-02-15 22:51:30,2026-04-01 07:00:00
ACT-0000189,LEAD-000394,USR-0002,Meeting,2026-01-20 02:13:43,2026-04-01 07:00:00
ACT-0000190,LEAD-000398,USR-0007,Call,2026-02-15 15:56:42,2026-04-01 07:00:00
ACT-0000191,LEAD-000400,USR-0002,Call,2025-11-12 06:36:59,2026-04-01 07:00:00
ACT-0000192,LEAD-000401,USR-0008,Call,2025-10-12 21:49:38,2026-04-01 07:00:00
ACT-0000193,LEAD-000402,USR-0014,Email,2026-01-06 23:58:20,2026-04-01 07:00:00
ACT-0000194,LEAD-000403,USR-0007,Email,2025-11-09 06:21:12,2026-04-01 07:00:00
ACT-0000195,LEAD-000404,USR-0009,Call,2026-02-09 15:47:43,2026-04-01 07:00:00
ACT-0000196,LEAD-000405,USR-0010,Meeting,2025-11-05 01:03:37,2026-04-01 07:00:00
ACT-0000197,LEAD-000409,USR-0009,Meeting,2026-03-17 19:38:50,2026-04-01 07:00:00
ACT-0000198,LEAD-000412,USR-0009,Call,2026-02-22 11:51:58,2026-04-01 07:00:00
ACT-0000199,LEAD-000416,USR-0001,Email,2026-01-17 07:58:03,2026-04-01 07:00:00
ACT-0000200,LEAD-000417,USR-0015,Meeting,2026-01-28 04:51:52,2026-04-01 07:00:00
ACT-0000201,LEAD-000419,USR-0003,Call,2026-03-20 16:00:16,2026-04-01 07:00:00
ACT-0000202,LEAD-000422,USR-0022,Meeting,2026-02-08 20:13:54,2026-04-01 07:00:00
ACT-0000203,LEAD-000425,USR-0019,Email,2025-11-15 10:03:05,2026-04-01 07:00:00
ACT-0000204,LEAD-000430,USR-0009,Email,2026-02-07 01:54:58,2026-04-01 07:00:00
ACT-0000205,LEAD-000433,USR-0012,Email,2025-12-01 01:35:54,2026-04-01 07:00:00
ACT-0000206,LEAD-000435,USR-0010,Email,2026-03-03 16:21:27,2026-04-01 07:00:00
ACT-0000207,LEAD-000436,USR-0009,Meeting,2025-09-29 09:29:44,2026-04-01 07:00:00
ACT-0000208,LEAD-000440,USR-0009,Call,2025-11-28 03:43:22,2026-04-01 07:00:00
ACT-0000209,LEAD-000442,USR-0003,Call,2025-11-24 04:07:56,2026-04-01 07:00:00
ACT-0000210,LEAD-000445,USR-0006,Email,2025-12-31 08:11:28,2026-04-01 07:00:00
ACT-0000211,LEAD-000448,USR-0001,Call,2025-09-27 17:58:59,2026-04-01 07:00:00
ACT-0000212,LEAD-000449,USR-0007,Meeting,2025-10-01 15:16:07,2026-04-01 07:00:00
ACT-0000213,LEAD-000451,USR-0005,Email,2025-10-13 10:06:12,2026-04-01 07:00:00
ACT-0000214,LEAD-000452,USR-0015,Meeting,2025-10-12 16:54:10,2026-04-01 07:00:00
ACT-0000215,LEAD-000456,USR-0003,Email,2026-01-05 00:32:37,2026-04-01 07:00:00
ACT-0000216,LEAD-000457,USR-0001,Email,2025-11-12 16:44:34,2026-04-01 07:00:00
ACT-0000217,LEAD-000461,USR-0012,Email,2026-01-06 04:19:11,2026-04-01 07:00:00
ACT-0000218,LEAD-000462,USR-0007,Meeting,2025-11-08 16:26:44,2026-04-01 07:00:00
ACT-0000219,LEAD-000468,USR-0003,Email,2026-01-11 22:59:13,2026-04-01 07:00:00
ACT-0000220,LEAD-000470,USR-0005,Call,2026-01-13 22:34:59,2026-04-01 07:00:00
ACT-0000221,LEAD-000472,USR-0020,Call,2025-10-24 23:49:37,2026-04-01 07:00:00
ACT-0000222,LEAD-000473,USR-0007,Email,2025-12-04 12:30:43,2026-04-01 07:00:00
ACT-0000223,LEAD-000476,USR-0019,Email,2025-12-01 17:22:06,2026-04-01 07:00:00
ACT-0000224,LEAD-000478,USR-0001,Call,2025-11-14 02:39:19,2026-04-01 07:00:00
ACT-0000225,LEAD-000479,USR-0022,Call,2026-02-20 12:17:39,2026-04-01 07:00:00
ACT-0000226,LEAD-000483,USR-0005,Call,2025-10-18 21:33:45,2026-04-01 07:00:00
ACT-0000227,LEAD-000489,USR-0005,Meeting,2025-09-11 20:21:59,2026-04-01 07:00:00
ACT-0000228,LEAD-000491,USR-0019,Call,2026-03-30 20:16:14,2026-04-01 07:00:00
ACT-0000229,LEAD-000493,USR-0011,Email,2025-10-31 17:53:19,2026-04-01 07:00:00
ACT-0000230,LEAD-000496,USR-0005,Email,2025-09-13 18:26:53,2026-04-01 07:00:00
ACT-0000231,LEAD-000499,USR-0017,Email,2025-09-21 04:30:37,2026-04-01 07:00:00
ACT-0000232,LEAD-000501,USR-0010,Meeting,2026-01-27 15:08:56,2026-04-01 07:00:00
ACT-0000233,LEAD-000502,USR-0006,Call,2025-12-13 14:03:13,2026-04-01 07:00:00
ACT-0000234,LEAD-000504,USR-0001,Meeting,2025-10-13 14:09:01,2026-04-01 07:00:00
ACT-0000235,LEAD-000514,USR-0017,Email,2025-12-09 09:35:57,2026-04-01 07:00:00
ACT-0000236,LEAD-000520,USR-0009,Call,2025-11-20 07:02:08,2026-04-01 07:00:00
ACT-0000237,LEAD-000522,USR-0001,Call,2025-12-10 16:52:38,2026-04-01 07:00:00
ACT-0000238,LEAD-000526,USR-0002,Call,2026-01-11 20:35:18,2026-04-01 07:00:00
ACT-0000239,LEAD-000527,USR-0003,Email,2025-11-05 20:45:25,2026-04-01 07:00:00
ACT-0000240,LEAD-000529,USR-0021,Call,2025-12-26 23:59:34,2026-04-01 07:00:00
ACT-0000241,LEAD-000530,USR-0003,Meeting,2026-01-07 12:09:25,2026-04-01 07:00:00
ACT-0000242,LEAD-000531,USR-0014,Meeting,2026-02-10 19:24:56,2026-04-01 07:00:00
ACT-0000243,LEAD-000533,USR-0019,Call,2025-09-07 22:50:28,2026-04-01 07:00:00
ACT-0000244,LEAD-000535,USR-0013,Meeting,2025-11-21 18:58:39,2026-04-01 07:00:00
ACT-0000245,LEAD-000537,USR-0013,Email,2025-09-13 19:24:25,2026-04-01 07:00:00
ACT-0000246,LEAD-000538,USR-0009,Meeting,2025-09-01 19:56:06,2026-04-01 07:00:00
ACT-0000247,LEAD-000540,USR-0002,Meeting,2025-11-20 07:17:12,2026-04-01 07:00:00
ACT-0000248,LEAD-000541,USR-0021,Email,2026-01-11 13:05:38,2026-04-01 07:00:00
ACT-0000249,LEAD-000542,USR-0009,Email,2026-02-06 01:51:18,2026-04-01 07:00:00
ACT-0000250,LEAD-000545,USR-0003,Email,2026-02-06 15:08:28,2026-04-01 07:00:00
ACT-0000251,LEAD-000548,USR-0010,Email,2025-10-20 12:04:57,2026-04-01 07:00:00
ACT-0000252,LEAD-000550,USR-0021,Call,2025-12-28 20:08:04,2026-04-01 07:00:00
ACT-0000253,LEAD-000551,USR-0001,Meeting,2025-12-29 07:59:49,2026-04-01 07:00:00
ACT-0000254,LEAD-000552,USR-0001,Meeting,2026-02-16 13:41:31,2026-04-01 07:00:00
ACT-0000255,LEAD-000554,USR-0011,Call,2026-02-24 11:40:12,2026-04-01 07:00:00
ACT-0000256,LEAD-000555,USR-0013,Call,2026-01-27 15:18:06,2026-04-01 07:00:00
ACT-0000257,LEAD-000556,USR-0009,Call,2025-09-26 00:54:40,2026-04-01 07:00:00
ACT-0000258,LEAD-000557,USR-0007,Meeting,2026-02-16 09:19:07,2026-04-01 07:00:00
ACT-0000259,LEAD-000558,USR-0002,Email,2026-01-21 12:43:51,2026-04-01 07:00:00
ACT-0000260,LEAD-000559,USR-0015,Call,2025-09-11 13:50:23,2026-04-01 07:00:00
ACT-0000261,LEAD-000560,USR-0008,Call,2026-02-21 10:42:34,2026-04-01 07:00:00
ACT-0000262,LEAD-000562,USR-0011,Meeting,2026-01-05 17:28:39,2026-04-01 07:00:00
ACT-0000263,LEAD-000570,USR-0012,Meeting,2025-11-25 11:07:14,2026-04-01 07:00:00
ACT-0000264,LEAD-000571,USR-0021,Call,2026-02-12 18:34:03,2026-04-01 07:00:00
ACT-0000265,LEAD-000572,USR-0003,Call,2025-12-17 19:09:13,2026-04-01 07:00:00
ACT-0000266,LEAD-000573,USR-0003,Meeting,2025-10-10 15:03:12,2026-04-01 07:00:00
ACT-0000267,LEAD-000574,USR-0011,Meeting,2025-11-22 16:28:36,2026-04-01 07:00:00
ACT-0000268,LEAD-000577,USR-0016,Meeting,2025-10-23 10:44:39,2026-04-01 07:00:00
ACT-0000269,LEAD-000581,USR-0008,Email,2025-09-09 16:47:14,2026-04-01 07:00:00
ACT-0000270,LEAD-000584,USR-0021,Email,2025-12-20 12:23:35,2026-04-01 07:00:00
ACT-0000271,LEAD-000585,USR-0021,Meeting,2026-01-25 17:46:55,2026-04-01 07:00:00
ACT-0000272,LEAD-000589,USR-0015,Email,2025-12-28 10:08:58,2026-04-01 07:00:00
ACT-0000273,LEAD-000590,USR-0014,Call,2025-11-02 02:14:54,2026-04-01 07:00:00
ACT-0000274,LEAD-000595,USR-0022,Call,2026-02-26 01:59:32,2026-04-01 07:00:00
ACT-0000275,LEAD-000598,USR-0005,Meeting,2026-01-10 01:41:29,2026-04-01 07:00:00
ACT-0000276,LEAD-000599,USR-0005,Email,2025-09-20 05:13:53,2026-04-01 07:00:00
ACT-0000277,LEAD-000604,USR-0008,Email,2025-10-13 04:36:20,2026-04-01 07:00:00
ACT-0000278,LEAD-000607,USR-0020,Call,2026-02-05 18:08:52,2026-04-01 07:00:00
ACT-0000279,LEAD-000608,USR-0012,Meeting,2025-10-13 17:42:54,2026-04-01 07:00:00
ACT-0000280,LEAD-000611,USR-0002,Email,2025-12-06 11:36:31,2026-04-01 07:00:00
ACT-0000281,LEAD-000614,USR-0008,Call,2026-01-14 03:20:45,2026-04-01 07:00:00
ACT-0000282,LEAD-000618,USR-0008,Call,2025-09-28 15:48:36,2026-04-01 07:00:00
ACT-0000283,LEAD-000619,USR-0022,Email,2025-12-10 23:46:18,2026-04-01 07:00:00
ACT-0000284,LEAD-000620,USR-0015,Email,2025-10-26 08:14:30,2026-04-01 07:00:00
ACT-0000285,LEAD-000625,USR-0022,Meeting,2025-10-03 03:50:47,2026-04-01 07:00:00
ACT-0000286,LEAD-000626,USR-0022,Meeting,2026-03-05 09:37:10,2026-04-01 07:00:00
ACT-0000287,LEAD-000627,USR-0006,Email,2026-03-22 06:29:21,2026-04-01 07:00:00
ACT-0000288,LEAD-000634,USR-0009,Call,2025-10-26 14:29:04,2026-04-01 07:00:00
ACT-0000289,LEAD-000641,USR-0010,Meeting,2026-01-27 20:44:09,2026-04-01 07:00:00
ACT-0000290,LEAD-000645,USR-0013,Meeting,2026-03-08 13:17:01,2026-04-01 07:00:00
ACT-0000291,LEAD-000647,USR-0014,Email,2026-01-28 00:07:41,2026-04-01 07:00:00
ACT-0000292,LEAD-000648,USR-0009,Call,2025-11-07 06:53:28,2026-04-01 07:00:00
ACT-0000293,LEAD-000650,USR-0001,Email,2025-09-06 03:23:32,2026-04-01 07:00:00
ACT-0000294,LEAD-000652,USR-0001,Email,2026-02-01 02:14:06,2026-04-01 07:00:00
ACT-0000295,LEAD-000664,USR-0021,Meeting,2025-09-27 21:48:01,2026-04-01 07:00:00
ACT-0000296,LEAD-000667,USR-0010,Meeting,2026-02-16 00:57:19,2026-04-01 07:00:00
ACT-0000297,LEAD-000668,USR-0005,Call,2025-09-23 21:52:08,2026-04-01 07:00:00
ACT-0000298,LEAD-000670,USR-0005,Meeting,2026-01-21 04:11:05,2026-04-01 07:00:00
ACT-0000299,LEAD-000671,USR-0022,Email,2025-12-16 12:29:33,2026-04-01 07:00:00
ACT-0000300,LEAD-000673,USR-0005,Call,2025-10-29 04:37:19,2026-04-01 07:00:00
ACT-0000301,LEAD-000676,USR-0010,Meeting,2026-01-03 00:47:34,2026-04-01 07:00:00
ACT-0000302,LEAD-000677,USR-0011,Call,2026-02-14 02:31:11,2026-04-01 07:00:00
ACT-0000303,LEAD-000678,USR-0009,Call,2025-10-23 00:47:42,2026-04-01 07:00:00
ACT-0000304,LEAD-000679,USR-0007,Call,2025-09-11 12:20:20,2026-04-01 07:00:00
ACT-0000305,LEAD-000682,USR-0003,Email,2025-11-04 13:59:39,2026-04-01 07:00:00
ACT-0000306,LEAD-000683,USR-0017,Email,2025-10-26 03:09:09,2026-04-01 07:00:00
ACT-0000307,LEAD-000686,USR-0008,Email,2026-01-08 02:29:19,2026-04-01 07:00:00
ACT-0000308,LEAD-000688,USR-0019,Call,2026-01-07 00:17:28,2026-04-01 07:00:00
ACT-0000309,LEAD-000689,USR-0018,Email,2025-11-08 17:02:03,2026-04-01 07:00:00
ACT-0000310,LEAD-000693,USR-0003,Call,2025-12-30 16:11:51,2026-04-01 07:00:00
ACT-0000311,LEAD-000695,USR-0017,Meeting,2025-10-29 12:19:33,2026-04-01 07:00:00
ACT-0000312,LEAD-000700,USR-0010,Call,2025-10-21 06:33:21,2026-04-01 07:00:00
ACT-0000313,LEAD-000701,USR-0001,Meeting,2025-10-21 07:02:17,2026-04-01 07:00:00
ACT-0000314,LEAD-000702,USR-0016,Call,2025-12-19 09:12:57,2026-04-01 07:00:00
ACT-0000315,LEAD-000703,USR-0009,Email,2026-01-14 07:55:27,2026-04-01 07:00:00
ACT-0000316,LEAD-000704,USR-0003,Call,2025-12-07 04:52:59,2026-04-01 07:00:00
ACT-0000317,LEAD-000708,USR-0011,Call,2026-01-06 17:14:08,2026-04-01 07:00:00
ACT-0000318,LEAD-000710,USR-0009,Email,2025-10-26 13:40:44,2026-04-01 07:00:00
ACT-0000319,LEAD-000715,USR-0014,Call,2025-10-17 16:36:10,2026-04-01 07:00:00
ACT-0000320,LEAD-000716,USR-0002,Email,2026-01-25 14:29:19,2026-04-01 07:00:00
ACT-0000321,LEAD-000718,USR-0017,Meeting,2026-03-26 12:55:47,2026-04-01 07:00:00
ACT-0000322,LEAD-000720,USR-0009,Meeting,2025-11-29 20:40:11,2026-04-01 07:00:00
ACT-0000323,LEAD-000722,USR-0007,Call,2025-12-19 03:10:07,2026-04-01 07:00:00
ACT-0000324,LEAD-000724,USR-0001,Meeting,2025-12-28 00:08:54,2026-04-01 07:00:00
ACT-0000325,LEAD-000725,USR-0017,Call,2025-10-01 19:03:15,2026-04-01 07:00:00
ACT-0000326,LEAD-000729,USR-0014,Email,2025-09-20 02:11:42,2026-04-01 07:00:00
ACT-0000327,LEAD-000730,USR-0005,Email,2026-02-14 19:23:38,2026-04-01 07:00:00
ACT-0000328,LEAD-000731,USR-0012,Email,2025-09-06 17:27:18,2026-04-01 07:00:00
ACT-0000329,LEAD-000739,USR-0010,Email,2026-03-22 15:55:49,2026-04-01 07:00:00
ACT-0000330,LEAD-000741,USR-0002,Call,2025-09-22 02:24:01,2026-04-01 07:00:00
ACT-0000331,LEAD-000745,USR-0016,Email,2025-12-06 16:02:42,2026-04-01 07:00:00
ACT-0000332,LEAD-000746,USR-0012,Meeting,2025-11-03 20:56:28,2026-04-01 07:00:00
ACT-0000333,LEAD-000747,USR-0001,Call,2026-02-11 17:12:36,2026-04-01 07:00:00
ACT-0000334,LEAD-000749,USR-0018,Meeting,2026-03-28 03:09:38,2026-04-01 07:00:00
ACT-0000335,LEAD-000752,USR-0010,Meeting,2025-10-29 12:45:26,2026-04-01 07:00:00
ACT-0000336,LEAD-000755,USR-0003,Email,2025-09-10 06:59:26,2026-04-01 07:00:00
ACT-0000337,LEAD-000757,USR-0013,Email,2025-11-09 15:51:56,2026-04-01 07:00:00
ACT-0000338,LEAD-000759,USR-0006,Email,2025-11-08 12:13:04,2026-04-01 07:00:00
ACT-0000339,LEAD-000762,USR-0010,Email,2026-01-15 23:00:50,2026-04-01 07:00:00
ACT-0000340,LEAD-000764,USR-0010,Email,2025-09-24 01:28:43,2026-04-01 07:00:00
ACT-0000341,LEAD-000768,USR-0010,Call,2026-01-24 15:41:05,2026-04-01 07:00:00
ACT-0000342,LEAD-000771,USR-0010,Meeting,2025-12-20 12:01:26,2026-04-01 07:00:00
ACT-0000343,LEAD-000772,USR-0007,Email,2025-10-05 16:22:34,2026-04-01 07:00:00
ACT-0000344,LEAD-000774,USR-0001,Call,2026-02-15 14:27:19,2026-04-01 07:00:00
ACT-0000345,LEAD-000776,USR-0017,Call,2026-01-03 08:15:51,2026-04-01 07:00:00
ACT-0000346,LEAD-000780,USR-0011,Email,2026-01-03 06:05:26,2026-04-01 07:00:00
ACT-0000347,LEAD-000788,USR-0009,Email,2025-09-13 05:14:02,2026-04-01 07:00:00
ACT-0000348,LEAD-000789,USR-0022,Email,2026-01-20 23:20:32,2026-04-01 07:00:00
ACT-0000349,LEAD-000790,USR-0016,Meeting,2026-01-07 12:37:37,2026-04-01 07:00:00
ACT-0000350,LEAD-000797,USR-0014,Email,2026-02-08 00:23:57,2026-04-01 07:00:00
ACT-0000351,LEAD-000801,USR-0009,Email,2025-09-14 19:16:11,2026-04-01 07:00:00
ACT-0000352,LEAD-000803,USR-0001,Email,2026-02-04 11:23:36,2026-04-01 07:00:00
ACT-0000353,LEAD-000805,USR-0001,Email,2026-02-22 04:23:35,2026-04-01 07:00:00
ACT-0000354,LEAD-000806,USR-0007,Call,2025-10-19 19:17:31,2026-04-01 07:00:00
ACT-0000355,LEAD-000808,USR-0001,Meeting,2025-09-01 02:54:35,2026-04-01 07:00:00
ACT-0000356,LEAD-000811,USR-0016,Call,2025-12-24 18:01:10,2026-04-01 07:00:00
ACT-0000357,LEAD-000813,USR-0002,Email,2026-02-05 10:15:30,2026-04-01 07:00:00
ACT-0000358,LEAD-000814,USR-0009,Email,2026-01-18 21:57:49,2026-04-01 07:00:00
ACT-0000359,LEAD-000816,USR-0019,Call,2026-03-21 12:21:58,2026-04-01 07:00:00
ACT-0000360,LEAD-000819,USR-0002,Email,2026-03-23 00:12:19,2026-04-01 07:00:00
ACT-0000361,LEAD-000821,USR-0011,Meeting,2025-12-24 10:57:49,2026-04-01 07:00:00
ACT-0000362,LEAD-000823,USR-0017,Call,2026-01-08 03:08:43,2026-04-01 07:00:00
ACT-0000363,LEAD-000829,USR-0010,Call,2025-09-09 22:33:28,2026-04-01 07:00:00
ACT-0000364,LEAD-000830,USR-0001,Email,2026-02-17 17:43:02,2026-04-01 07:00:00
ACT-0000365,LEAD-000831,USR-0012,Call,2026-02-21 00:54:08,2026-04-01 07:00:00
ACT-0000366,LEAD-000832,USR-0003,Email,2025-10-17 20:51:29,2026-04-01 07:00:00
ACT-0000367,LEAD-000835,USR-0014,Meeting,2025-10-20 14:09:53,2026-04-01 07:00:00
ACT-0000368,LEAD-000837,USR-0005,Email,2026-02-14 11:43:26,2026-04-01 07:00:00
ACT-0000369,LEAD-000839,USR-0009,Meeting,2026-01-13 12:16:20,2026-04-01 07:00:00
ACT-0000370,LEAD-000841,USR-0002,Call,2026-01-22 00:02:26,2026-04-01 07:00:00
ACT-0000371,LEAD-000848,USR-0019,Email,2025-09-01 06:21:11,2026-04-01 07:00:00
ACT-0000372,LEAD-000852,USR-0001,Call,2025-12-24 23:31:27,2026-04-01 07:00:00
ACT-0000373,LEAD-000853,USR-0019,Email,2025-10-12 17:49:48,2026-04-01 07:00:00
ACT-0000374,LEAD-000855,USR-0011,Email,2025-09-27 11:00:49,2026-04-01 07:00:00
ACT-0000375,LEAD-000856,USR-0007,Call,2025-09-12 15:33:51,2026-04-01 07:00:00
ACT-0000376,LEAD-000862,USR-0003,Meeting,2026-03-25 05:34:36,2026-04-01 07:00:00
ACT-0000377,LEAD-000865,USR-0008,Meeting,2026-01-29 01:40:31,2026-04-01 07:00:00
ACT-0000378,LEAD-000866,USR-0011,Call,2026-02-02 09:43:48,2026-04-01 07:00:00
ACT-0000379,LEAD-000867,USR-0005,Call,2025-11-13 07:55:44,2026-04-01 07:00:00
ACT-0000380,LEAD-000868,USR-0002,Email,2026-01-14 02:43:19,2026-04-01 07:00:00
ACT-0000381,LEAD-000870,USR-0011,Call,2026-01-20 23:06:58,2026-04-01 07:00:00
ACT-0000382,LEAD-000872,USR-0003,Meeting,2026-01-08 11:10:50,2026-04-01 07:00:00
ACT-0000383,LEAD-000873,USR-0012,Email,2026-03-03 05:40:08,2026-04-01 07:00:00
ACT-0000384,LEAD-000874,USR-0017,Meeting,2025-12-31 01:49:53,2026-04-01 07:00:00
ACT-0000385,LEAD-000879,USR-0001,Meeting,2025-09-02 21:31:38,2026-04-01 07:00:00
ACT-0000386,LEAD-000882,USR-0010,Call,2025-10-15 19:32:21,2026-04-01 07:00:00
ACT-0000387,LEAD-000884,USR-0017,Meeting,2025-10-18 18:47:03,2026-04-01 07:00:00
ACT-0000388,LEAD-000885,USR-0005,Email,2026-01-07 15:36:38,2026-04-01 07:00:00
ACT-0000389,LEAD-000889,USR-0014,Email,2026-03-29 10:47:40,2026-04-01 07:00:00
ACT-0000390,LEAD-000892,USR-0013,Email,2026-01-20 00:52:12,2026-04-01 07:00:00
ACT-0000391,LEAD-000893,USR-0003,Meeting,2026-02-17 21:50:55,2026-04-01 07:00:00
ACT-0000392,LEAD-000894,USR-0018,Call,2025-12-04 19:08:37,2026-04-01 07:00:00
ACT-0000393,LEAD-000898,USR-0001,Email,2026-03-20 13:18:57,2026-04-01 07:00:00
ACT-0000394,LEAD-000899,USR-0021,Email,2026-02-19 20:04:49,2026-04-01 07:00:00
ACT-0000395,LEAD-000903,USR-0022,Email,2025-09-21 21:53:10,2026-04-01 07:00:00
ACT-0000396,LEAD-000905,USR-0008,Call,2025-09-03 18:00:01,2026-04-01 07:00:00
ACT-0000397,LEAD-000906,USR-0011,Call,2025-09-26 08:56:03,2026-04-01 07:00:00
ACT-0000398,LEAD-000910,USR-0016,Meeting,2025-11-29 09:01:57,2026-04-01 07:00:00
ACT-0000399,LEAD-000911,USR-0010,Meeting,2025-10-26 14:41:15,2026-04-01 07:00:00
ACT-0000400,LEAD-000912,USR-0002,Meeting,2025-09-22 10:34:46,2026-04-01 07:00:00
ACT-0000401,LEAD-000913,USR-0008,Meeting,2025-09-02 04:26:07,2026-04-01 07:00:00
ACT-0000402,LEAD-000915,USR-0006,Call,2025-12-31 08:37:22,2026-04-01 07:00:00
ACT-0000403,LEAD-000917,USR-0007,Meeting,2026-02-06 08:21:04,2026-04-01 07:00:00
ACT-0000404,LEAD-000923,USR-0009,Call,2025-11-20 02:44:07,2026-04-01 07:00:00
ACT-0000405,LEAD-000924,USR-0006,Meeting,2025-11-02 22:43:26,2026-04-01 07:00:00
ACT-0000406,LEAD-000925,USR-0011,Email,2025-09-01 18:05:30,2026-04-01 07:00:00
ACT-0000407,LEAD-000926,USR-0002,Email,2026-02-04 06:03:49,2026-04-01 07:00:00
ACT-0000408,LEAD-000930,USR-0019,Meeting,2025-09-10 11:09:16,2026-04-01 07:00:00
ACT-0000409,LEAD-000935,USR-0015,Email,2026-01-07 09:52:41,2026-04-01 07:00:00
ACT-0000410,LEAD-000938,USR-0003,Call,2026-02-21 11:58:20,2026-04-01 07:00:00
ACT-0000411,LEAD-000940,USR-0013,Meeting,2025-11-15 01:18:12,2026-04-01 07:00:00
ACT-0000412,LEAD-000941,USR-0006,Email,2025-12-20 13:11:34,2026-04-01 07:00:00
ACT-0000413,LEAD-000944,USR-0010,Call,2025-11-09 23:04:16,2026-04-01 07:00:00
ACT-0000414,LEAD-000948,USR-0005,Email,2025-09-04 23:42:24,2026-04-01 07:00:00
ACT-0000415,LEAD-000949,USR-0009,Meeting,2025-11-14 12:29:40,2026-04-01 07:00:00
ACT-0000416,LEAD-000950,USR-0022,Meeting,2026-03-09 12:27:08,2026-04-01 07:00:00
ACT-0000417,LEAD-000951,USR-0014,Meeting,2025-09-17 03:58:13,2026-04-01 07:00:00
ACT-0000418,LEAD-000952,USR-0003,Meeting,2025-11-14 07:17:05,2026-04-01 07:00:00
ACT-0000419,LEAD-000953,USR-0016,Call,2025-09-20 18:28:47,2026-04-01 07:00:00
ACT-0000420,LEAD-000955,USR-0012,Meeting,2026-01-09 12:42:51,2026-04-01 07:00:00
ACT-0000421,LEAD-000958,USR-0006,Call,2026-01-14 02:03:21,2026-04-01 07:00:00
ACT-0000422,LEAD-000960,USR-0008,Email,2026-02-28 07:41:00,2026-04-01 07:00:00
ACT-0000423,LEAD-000961,USR-0021,Meeting,2025-10-10 13:43:45,2026-04-01 07:00:00
ACT-0000424,LEAD-000962,USR-0018,Meeting,2026-01-03 19:09:59,2026-04-01 07:00:00
ACT-0000425,LEAD-000965,USR-0015,Call,2025-11-03 21:32:24,2026-04-01 07:00:00
ACT-0000426,LEAD-000969,USR-0008,Meeting,2026-02-20 11:47:19,2026-04-01 07:00:00
ACT-0000427,LEAD-000971,USR-0020,Meeting,2025-09-25 21:26:37,2026-04-01 07:00:00
ACT-0000428,LEAD-000982,USR-0015,Meeting,2025-11-13 00:44:28,2026-04-01 07:00:00
ACT-0000429,LEAD-000983,USR-0012,Meeting,2026-02-25 00:31:14,2026-04-01 07:00:00
ACT-0000430,LEAD-000984,USR-0018,Email,2025-10-01 08:34:07,2026-04-01 07:00:00
ACT-0000431,LEAD-000986,USR-0018,Email,2026-02-22 19:08:40,2026-04-01 07:00:00
ACT-0000432,LEAD-000991,USR-0014,Meeting,2026-01-08 01:56:14,2026-04-01 07:00:00
ACT-0000433,LEAD-000992,USR-0006,Email,2025-12-23 02:06:48,2026-04-01 07:00:00
ACT-0000434,LEAD-000996,USR-0012,Meeting,2026-03-30 17:41:44,2026-04-01 07:00:00
ACT-0000435,LEAD-000998,USR-0011,Meeting,2025-09-22 20:58:07,2026-04-01 07:00:00
ACT-0000436,LEAD-000999,USR-0022,Call,2025-10-01 13:58:22,2026-04-01 07:00:00
ACT-0000437,LEAD-001000,USR-0009,Meeting,2025-09-14 09:48:36,2026-04-01 07:00:00
ACT-0000438,LEAD-001002,USR-0007,Call,2026-02-21 04:56:56,2026-04-01 07:00:00
ACT-0000439,LEAD-001003,USR-0019,Meeting,2025-09-12 02:50:22,2026-04-01 07:00:00
ACT-0000440,LEAD-001006,USR-0008,Meeting,2026-01-21 20:57:14,2026-04-01 07:00:00
ACT-0000441,LEAD-001007,USR-0007,Meeting,2025-12-16 12:44:49,2026-04-01 07:00:00
ACT-0000442,LEAD-001008,USR-0008,Meeting,2025-11-08 12:35:51,2026-04-01 07:00:00
ACT-0000443,LEAD-001010,USR-0006,Email,2026-02-25 23:51:13,2026-04-01 07:00:00
ACT-0000444,LEAD-001011,USR-0007,Email,2025-09-18 04:57:24,2026-04-01 07:00:00
ACT-0000445,LEAD-001013,USR-0007,Meeting,2026-01-25 22:34:42,2026-04-01 07:00:00
ACT-0000446,LEAD-001016,USR-0017,Call,2026-02-18 22:39:12,2026-04-01 07:00:00
ACT-0000447,LEAD-001023,USR-0006,Call,2025-09-05 21:36:27,2026-04-01 07:00:00
ACT-0000448,LEAD-001025,USR-0021,Call,2026-02-12 06:19:57,2026-04-01 07:00:00
ACT-0000449,LEAD-001027,USR-0021,Meeting,2026-02-09 20:59:29,2026-04-01 07:00:00
ACT-0000450,LEAD-001029,USR-0022,Meeting,2025-12-04 04:20:31,2026-04-01 07:00:00
ACT-0000451,LEAD-001030,USR-0005,Email,2025-09-30 08:30:54,2026-04-01 07:00:00
ACT-0000452,LEAD-001031,USR-0014,Email,2026-03-26 23:22:38,2026-04-01 07:00:00
ACT-0000453,LEAD-001035,USR-0012,Meeting,2026-01-01 04:58:15,2026-04-01 07:00:00
ACT-0000454,LEAD-001043,USR-0018,Email,2025-10-26 17:54:04,2026-04-01 07:00:00
ACT-0000455,LEAD-001044,USR-0011,Call,2025-10-27 02:21:09,2026-04-01 07:00:00
ACT-0000456,LEAD-001045,USR-0011,Call,2025-09-24 08:01:44,2026-04-01 07:00:00
ACT-0000457,LEAD-001049,USR-0022,Email,2025-11-05 11:48:32,2026-04-01 07:00:00
ACT-0000458,LEAD-001051,USR-0017,Call,2025-11-08 09:20:51,2026-04-01 07:00:00
ACT-0000459,LEAD-001052,USR-0001,Email,2025-12-02 02:02:34,2026-04-01 07:00:00
ACT-0000460,LEAD-001053,USR-0002,Email,2026-02-26 09:39:48,2026-04-01 07:00:00
ACT-0000461,LEAD-001054,USR-0003,Meeting,2025-11-29 20:26:16,2026-04-01 07:00:00
ACT-0000462,LEAD-001055,USR-0006,Call,2025-12-21 03:03:19,2026-04-01 07:00:00
ACT-0000463,LEAD-001056,USR-0001,Meeting,2026-01-26 00:25:02,2026-04-01 07:00:00
ACT-0000464,LEAD-001066,USR-0018,Call,2026-03-02 09:42:47,2026-04-01 07:00:00
ACT-0000465,LEAD-001067,USR-0009,Email,2026-02-19 22:35:36,2026-04-01 07:00:00
ACT-0000466,LEAD-001069,USR-0010,Meeting,2026-02-26 07:56:16,2026-04-01 07:00:00
ACT-0000467,LEAD-001070,USR-0013,Call,2026-01-30 07:11:19,2026-04-01 07:00:00
ACT-0000468,LEAD-001072,USR-0001,Meeting,2025-11-11 07:27:02,2026-04-01 07:00:00
ACT-0000469,LEAD-001073,USR-0002,Meeting,2025-12-22 04:47:57,2026-04-01 07:00:00
ACT-0000470,LEAD-001078,USR-0002,Email,2026-01-15 03:46:47,2026-04-01 07:00:00
ACT-0000471,LEAD-001080,USR-0014,Email,2026-03-03 15:07:57,2026-04-01 07:00:00
ACT-0000472,LEAD-001081,USR-0016,Call,2025-09-09 10:47:56,2026-04-01 07:00:00
ACT-0000473,LEAD-001082,USR-0017,Email,2026-02-05 01:02:40,2026-04-01 07:00:00
ACT-0000474,LEAD-001084,USR-0001,Call,2025-10-21 21:16:07,2026-04-01 07:00:00
ACT-0000475,LEAD-001087,USR-0010,Meeting,2025-11-12 04:00:25,2026-04-01 07:00:00
ACT-0000476,LEAD-001090,USR-0014,Call,2026-03-03 20:58:52,2026-04-01 07:00:00
ACT-0000477,LEAD-001094,USR-0021,Meeting,2025-11-30 09:40:00,2026-04-01 07:00:00
ACT-0000478,LEAD-001096,USR-0019,Email,2026-01-25 17:14:22,2026-04-01 07:00:00
ACT-0000479,LEAD-001097,USR-0002,Email,2026-03-15 06:23:01,2026-04-01 07:00:00
ACT-0000480,LEAD-001099,USR-0002,Meeting,2025-09-29 15:23:11,2026-04-01 07:00:00
ACT-0000481,LEAD-001101,USR-0018,Email,2025-09-06 10:54:46,2026-04-01 07:00:00
ACT-0000482,LEAD-001102,USR-0019,Meeting,2025-11-03 06:09:51,2026-04-01 07:00:00
ACT-0000483,LEAD-001103,USR-0005,Call,2026-03-21 16:37:41,2026-04-01 07:00:00
ACT-0000484,LEAD-001108,USR-0022,Call,2026-03-19 04:23:33,2026-04-01 07:00:00
ACT-0000485,LEAD-001119,USR-0005,Call,2026-01-16 21:31:04,2026-04-01 07:00:00
ACT-0000486,LEAD-001124,USR-0015,Call,2026-02-19 10:37:24,2026-04-01 07:00:00
ACT-0000487,LEAD-001127,USR-0018,Meeting,2025-10-05 23:18:16,2026-04-01 07:00:00
ACT-0000488,LEAD-001130,USR-0018,Meeting,2025-10-23 16:26:12,2026-04-01 07:00:00
ACT-0000489,LEAD-001131,USR-0018,Meeting,2026-02-16 14:01:35,2026-04-01 07:00:00
ACT-0000490,LEAD-001133,USR-0003,Call,2025-12-08 16:37:27,2026-04-01 07:00:00
ACT-0000491,LEAD-001137,USR-0013,Call,2025-11-24 05:40:15,2026-04-01 07:00:00
ACT-0000492,LEAD-001138,USR-0001,Email,2026-01-13 18:22:54,2026-04-01 07:00:00
ACT-0000493,LEAD-001146,USR-0001,Email,2026-03-17 07:12:16,2026-04-01 07:00:00
ACT-0000494,LEAD-001147,USR-0011,Call,2025-12-29 04:49:16,2026-04-01 07:00:00
ACT-0000495,LEAD-001148,USR-0020,Meeting,2026-01-19 19:28:01,2026-04-01 07:00:00
ACT-0000496,LEAD-001149,USR-0017,Meeting,2026-03-06 19:00:40,2026-04-01 07:00:00
ACT-0000497,LEAD-001151,USR-0013,Call,2025-11-01 17:02:40,2026-04-01 07:00:00
ACT-0000498,LEAD-001152,USR-0002,Email,2026-01-21 13:14:37,2026-04-01 07:00:00
ACT-0000499,LEAD-001154,USR-0008,Email,2025-09-25 12:16:47,2026-04-01 07:00:00
ACT-0000500,LEAD-001155,USR-0007,Call,2025-11-05 06:48:32,2026-04-01 07:00:00
ACT-0000501,LEAD-001156,USR-0016,Email,2026-03-10 20:39:24,2026-04-01 07:00:00
ACT-0000502,LEAD-001161,USR-0011,Call,2025-11-23 06:23:32,2026-04-01 07:00:00
ACT-0000503,LEAD-001164,USR-0015,Email,2025-12-03 05:53:11,2026-04-01 07:00:00
ACT-0000504,LEAD-001166,USR-0013,Meeting,2026-02-26 13:01:24,2026-04-01 07:00:00
ACT-0000505,LEAD-001167,USR-0007,Meeting,2025-12-16 21:39:22,2026-04-01 07:00:00
ACT-0000506,LEAD-001168,USR-0009,Email,2026-03-22 05:08:31,2026-04-01 07:00:00
ACT-0000507,LEAD-001169,USR-0007,Call,2025-09-26 09:15:44,2026-04-01 07:00:00
ACT-0000508,LEAD-001170,USR-0010,Meeting,2025-11-19 01:19:50,2026-04-01 07:00:00
ACT-0000509,LEAD-001171,USR-0021,Email,2026-02-23 21:02:36,2026-04-01 07:00:00
ACT-0000510,LEAD-001173,USR-0002,Meeting,2026-03-29 00:37:30,2026-04-01 07:00:00
ACT-0000511,LEAD-001175,USR-0022,Call,2026-03-29 08:19:46,2026-04-01 07:00:00
ACT-0000512,LEAD-001176,USR-0002,Meeting,2026-01-31 23:58:24,2026-04-01 07:00:00
ACT-0000513,LEAD-001177,USR-0013,Email,2025-09-11 22:02:15,2026-04-01 07:00:00
ACT-0000514,LEAD-001180,USR-0020,Meeting,2026-03-22 14:04:34,2026-04-01 07:00:00
ACT-0000515,LEAD-001182,USR-0008,Meeting,2026-03-28 21:24:54,2026-04-01 07:00:00
ACT-0000516,LEAD-001187,USR-0003,Call,2025-11-21 04:05:58,2026-04-01 07:00:00
ACT-0000517,LEAD-001189,USR-0005,Email,2025-10-13 05:39:59,2026-04-01 07:00:00
ACT-0000518,LEAD-001191,USR-0011,Call,2026-03-26 12:57:51,2026-04-01 07:00:00
ACT-0000519,LEAD-001193,USR-0003,Meeting,2025-09-04 14:09:35,2026-04-01 07:00:00
ACT-0000520,LEAD-001194,USR-0006,Call,2025-12-15 15:09:57,2026-04-01 07:00:00
ACT-0000521,LEAD-001196,USR-0013,Call,2025-10-06 23:34:28,2026-04-01 07:00:00
ACT-0000522,LEAD-001197,USR-0001,Meeting,2025-10-05 13:06:17,2026-04-01 07:00:00
ACT-0000523,LEAD-001201,USR-0017,Meeting,2026-03-22 15:57:27,2026-04-01 07:00:00
ACT-0000524,LEAD-001204,USR-0011,Meeting,2025-12-07 12:38:46,2026-04-01 07:00:00
ACT-0000525,LEAD-001206,USR-0002,Email,2025-09-16 15:28:45,2026-04-01 07:00:00
ACT-0000526,LEAD-001207,USR-0003,Call,2025-10-31 10:01:23,2026-04-01 07:00:00
ACT-0000527,LEAD-001208,USR-0005,Call,2025-12-04 00:10:27,2026-04-01 07:00:00
ACT-0000528,LEAD-001212,USR-0007,Call,2025-09-28 16:31:00,2026-04-01 07:00:00
ACT-0000529,LEAD-001213,USR-0003,Email,2025-09-14 10:02:49,2026-04-01 07:00:00
ACT-0000530,LEAD-001216,USR-0018,Meeting,2026-01-07 12:17:31,2026-04-01 07:00:00
ACT-0000531,LEAD-001219,USR-0011,Meeting,2026-02-12 23:07:27,2026-04-01 07:00:00
ACT-0000532,LEAD-001221,USR-0007,Email,2026-03-07 12:55:58,2026-04-01 07:00:00
ACT-0000533,LEAD-001223,USR-0009,Call,2025-12-06 12:06:55,2026-04-01 07:00:00
ACT-0000534,LEAD-001225,USR-0003,Meeting,2026-02-03 03:00:38,2026-04-01 07:00:00
ACT-0000535,LEAD-001227,USR-0012,Call,2025-09-12 00:55:03,2026-04-01 07:00:00
ACT-0000536,LEAD-001229,USR-0005,Call,2026-01-18 14:16:28,2026-04-01 07:00:00
ACT-0000537,LEAD-001230,USR-0009,Email,2026-01-31 05:19:22,2026-04-01 07:00:00
ACT-0000538,LEAD-001231,USR-0011,Meeting,2026-03-03 19:25:23,2026-04-01 07:00:00
ACT-0000539,LEAD-001232,USR-0008,Meeting,2025-09-14 12:32:05,2026-04-01 07:00:00
ACT-0000540,LEAD-001233,USR-0017,Call,2025-12-28 05:51:31,2026-04-01 07:00:00
ACT-0000541,LEAD-001240,USR-0002,Call,2026-03-30 18:01:28,2026-04-01 07:00:00
ACT-0000542,LEAD-001244,USR-0014,Meeting,2026-01-07 05:48:43,2026-04-01 07:00:00
ACT-0000543,LEAD-001248,USR-0010,Email,2026-02-03 00:37:35,2026-04-01 07:00:00
ACT-0000544,LEAD-001250,USR-0017,Email,2026-01-19 03:32:00,2026-04-01 07:00:00
ACT-0000545,LEAD-001251,USR-0016,Email,2026-03-14 06:28:32,2026-04-01 07:00:00
ACT-0000546,LEAD-001252,USR-0011,Email,2025-11-28 06:25:41,2026-04-01 07:00:00
ACT-0000547,LEAD-001253,USR-0022,Email,2026-02-21 17:53:08,2026-04-01 07:00:00
ACT-0000548,LEAD-001254,USR-0003,Call,2025-12-29 09:38:51,2026-04-01 07:00:00
ACT-0000549,LEAD-001256,USR-0002,Call,2025-12-23 11:06:43,2026-04-01 07:00:00
ACT-0000550,LEAD-001260,USR-0007,Email,2025-09-19 09:10:49,2026-04-01 07:00:00
ACT-0000551,LEAD-001262,USR-0018,Meeting,2025-10-12 00:32:16,2026-04-01 07:00:00
ACT-0000552,LEAD-001265,USR-0003,Meeting,2025-09-03 06:32:29,2026-04-01 07:00:00
ACT-0000553,LEAD-001266,USR-0002,Meeting,2025-09-15 19:26:38,2026-04-01 07:00:00
ACT-0000554,LEAD-001267,USR-0001,Email,2026-02-25 17:18:47,2026-04-01 07:00:00
ACT-0000555,LEAD-001269,USR-0001,Call,2026-02-07 21:39:33,2026-04-01 07:00:00
ACT-0000556,LEAD-001272,USR-0011,Meeting,2025-11-29 17:21:43,2026-04-01 07:00:00
ACT-0000557,LEAD-001276,USR-0013,Call,2025-12-12 08:20:14,2026-04-01 07:00:00
ACT-0000558,LEAD-001277,USR-0011,Email,2026-03-03 11:56:07,2026-04-01 07:00:00
ACT-0000559,LEAD-001278,USR-0018,Call,2025-10-15 14:06:46,2026-04-01 07:00:00
ACT-0000560,LEAD-001279,USR-0011,Meeting,2026-02-05 06:38:37,2026-04-01 07:00:00
ACT-0000561,LEAD-001282,USR-0007,Email,2026-02-23 09:44:08,2026-04-01 07:00:00
ACT-0000562,LEAD-001283,USR-0011,Meeting,2026-02-11 11:18:00,2026-04-01 07:00:00
ACT-0000563,LEAD-001284,USR-0012,Email,2026-03-26 20:47:14,2026-04-01 07:00:00
ACT-0000564,LEAD-001287,USR-0018,Call,2026-02-14 01:48:18,2026-04-01 07:00:00
ACT-0000565,LEAD-001288,USR-0008,Meeting,2025-10-16 19:59:02,2026-04-01 07:00:00
ACT-0000566,LEAD-001289,USR-0021,Email,2025-09-29 19:02:56,2026-04-01 07:00:00
ACT-0000567,LEAD-001291,USR-0009,Meeting,2026-03-17 04:08:29,2026-04-01 07:00:00
ACT-0000568,LEAD-001295,USR-0008,Meeting,2025-09-27 02:51:05,2026-04-01 07:00:00
ACT-0000569,LEAD-001297,USR-0013,Meeting,2025-09-17 19:02:51,2026-04-01 07:00:00
ACT-0000570,LEAD-001301,USR-0008,Call,2025-11-30 17:10:57,2026-04-01 07:00:00
ACT-0000571,LEAD-001305,USR-0007,Meeting,2025-10-20 03:42:38,2026-04-01 07:00:00
ACT-0000572,LEAD-001311,USR-0014,Email,2025-12-12 14:34:27,2026-04-01 07:00:00
ACT-0000573,LEAD-001312,USR-0013,Call,2025-10-28 23:01:35,2026-04-01 07:00:00
ACT-0000574,LEAD-001315,USR-0003,Call,2026-03-02 05:43:09,2026-04-01 07:00:00
ACT-0000575,LEAD-001316,USR-0015,Email,2025-09-16 13:49:40,2026-04-01 07:00:00
ACT-0000576,LEAD-001317,USR-0011,Email,2026-02-27 11:44:26,2026-04-01 07:00:00
ACT-0000577,LEAD-001318,USR-0012,Call,2025-12-15 03:45:52,2026-04-01 07:00:00
ACT-0000578,LEAD-001320,USR-0014,Email,2026-01-22 09:39:43,2026-04-01 07:00:00
ACT-0000579,LEAD-001325,USR-0012,Email,2025-10-28 00:41:07,2026-04-01 07:00:00
ACT-0000580,LEAD-001326,USR-0002,Email,2025-10-17 07:30:25,2026-04-01 07:00:00
ACT-0000581,LEAD-001328,USR-0008,Meeting,2026-02-22 08:25:35,2026-04-01 07:00:00
ACT-0000582,LEAD-001334,USR-0021,Call,2025-09-24 05:51:32,2026-04-01 07:00:00
ACT-0000583,LEAD-001335,USR-0008,Meeting,2026-03-21 04:11:30,2026-04-01 07:00:00
ACT-0000584,LEAD-001338,USR-0009,Call,2026-03-04 02:19:53,2026-04-01 07:00:00
ACT-0000585,LEAD-001341,USR-0014,Meeting,2025-11-06 19:22:47,2026-04-01 07:00:00
ACT-0000586,LEAD-001342,USR-0011,Email,2026-03-21 13:43:05,2026-04-01 07:00:00
ACT-0000587,LEAD-001347,USR-0007,Meeting,2025-11-07 05:21:01,2026-04-01 07:00:00
ACT-0000588,LEAD-001348,USR-0007,Email,2025-11-03 12:15:44,2026-04-01 07:00:00
ACT-0000589,LEAD-001350,USR-0008,Call,2025-10-11 20:09:58,2026-04-01 07:00:00
ACT-0000590,LEAD-001351,USR-0015,Call,2025-12-23 14:44:37,2026-04-01 07:00:00
ACT-0000591,LEAD-001352,USR-0022,Email,2025-11-29 01:17:30,2026-04-01 07:00:00
ACT-0000592,LEAD-001353,USR-0013,Email,2025-09-14 09:48:19,2026-04-01 07:00:00
ACT-0000593,LEAD-001357,USR-0006,Meeting,2026-02-07 20:11:37,2026-04-01 07:00:00
ACT-0000594,LEAD-001359,USR-0005,Meeting,2026-02-12 22:59:32,2026-04-01 07:00:00
ACT-0000595,LEAD-001363,USR-0019,Call,2026-02-27 17:30:14,2026-04-01 07:00:00
ACT-0000596,LEAD-001364,USR-0015,Email,2025-11-14 16:23:37,2026-04-01 07:00:00
ACT-0000597,LEAD-001367,USR-0012,Email,2026-01-05 15:35:14,2026-04-01 07:00:00
ACT-0000598,LEAD-001370,USR-0016,Email,2025-11-05 07:09:55,2026-04-01 07:00:00
ACT-0000599,LEAD-001372,USR-0003,Call,2025-11-16 16:55:05,2026-04-01 07:00:00
ACT-0000600,LEAD-001374,USR-0016,Email,2026-03-22 14:25:11,2026-04-01 07:00:00
ACT-0000601,LEAD-001375,USR-0016,Email,2025-09-28 03:13:01,2026-04-01 07:00:00
ACT-0000602,LEAD-001378,USR-0018,Call,2025-11-12 05:17:12,2026-04-01 07:00:00
ACT-0000603,LEAD-001380,USR-0013,Call,2026-03-18 11:13:45,2026-04-01 07:00:00
ACT-0000604,LEAD-001384,USR-0009,Email,2025-10-08 09:19:10,2026-04-01 07:00:00
ACT-0000605,LEAD-001387,USR-0016,Meeting,2025-11-03 17:11:29,2026-04-01 07:00:00
ACT-0000606,LEAD-001388,USR-0021,Meeting,2026-01-27 17:21:37,2026-04-01 07:00:00
ACT-0000607,LEAD-001397,USR-0020,Email,2025-11-23 20:06:57,2026-04-01 07:00:00
ACT-0000608,LEAD-001398,USR-0005,Meeting,2025-11-01 23:06:09,2026-04-01 07:00:00
ACT-0000609,LEAD-001399,USR-0009,Email,2025-10-16 19:09:13,2026-04-01 07:00:00
ACT-0000610,LEAD-001404,USR-0001,Email,2026-01-02 11:47:13,2026-04-01 07:00:00
ACT-0000611,LEAD-001405,USR-0005,Meeting,2025-10-03 10:29:55,2026-04-01 07:00:00
ACT-0000612,LEAD-001406,USR-0018,Call,2026-01-09 02:16:53,2026-04-01 07:00:00
ACT-0000613,LEAD-001409,USR-0005,Email,2025-11-01 13:56:20,2026-04-01 07:00:00
ACT-0000614,LEAD-001411,USR-0003,Meeting,2026-03-29 02:47:10,2026-04-01 07:00:00
ACT-0000615,LEAD-001412,USR-0007,Call,2025-12-24 13:03:35,2026-04-01 07:00:00
ACT-0000616,LEAD-001413,USR-0017,Email,2025-10-30 10:25:44,2026-04-01 07:00:00
ACT-0000617,LEAD-001414,USR-0016,Call,2026-01-17 04:41:14,2026-04-01 07:00:00
ACT-0000618,LEAD-001415,USR-0002,Email,2025-10-10 18:42:09,2026-04-01 07:00:00
ACT-0000619,LEAD-001419,USR-0017,Call,2026-01-12 19:21:09,2026-04-01 07:00:00
ACT-0000620,LEAD-001420,USR-0012,Email,2025-09-26 06:02:06,2026-04-01 07:00:00
ACT-0000621,LEAD-001422,USR-0001,Email,2025-10-22 10:21:52,2026-04-01 07:00:00
ACT-0000622,LEAD-001424,USR-0006,Meeting,2025-12-13 23:20:12,2026-04-01 07:00:00
ACT-0000623,LEAD-001429,USR-0011,Email,2025-10-06 11:05:35,2026-04-01 07:00:00
ACT-0000624,LEAD-001432,USR-0018,Meeting,2025-12-19 12:13:27,2026-04-01 07:00:00
ACT-0000625,LEAD-001435,USR-0001,Meeting,2026-03-03 14:55:03,2026-04-01 07:00:00
ACT-0000626,LEAD-001436,USR-0002,Call,2026-02-02 16:42:37,2026-04-01 07:00:00
ACT-0000627,LEAD-001438,USR-0013,Email,2026-01-09 00:43:34,2026-04-01 07:00:00
ACT-0000628,LEAD-001443,USR-0003,Email,2026-02-03 01:59:37,2026-04-01 07:00:00
ACT-0000629,LEAD-001445,USR-0002,Email,2025-09-05 22:37:53,2026-04-01 07:00:00
ACT-0000630,LEAD-001446,USR-0005,Call,2025-12-03 00:32:27,2026-04-01 07:00:00
ACT-0000631,LEAD-001447,USR-0022,Email,2026-03-18 11:53:04,2026-04-01 07:00:00
ACT-0000632,LEAD-001448,USR-0009,Meeting,2025-12-27 09:52:22,2026-04-01 07:00:00
ACT-0000633,LEAD-001457,USR-0005,Email,2025-09-22 16:18:18,2026-04-01 07:00:00
ACT-0000634,LEAD-001461,USR-0020,Meeting,2025-10-03 23:17:53,2026-04-01 07:00:00
ACT-0000635,LEAD-001467,USR-0022,Meeting,2025-11-25 12:25:51,2026-04-01 07:00:00
ACT-0000636,LEAD-001469,USR-0003,Meeting,2025-11-24 21:21:13,2026-04-01 07:00:00
ACT-0000637,LEAD-001473,USR-0016,Meeting,2025-09-05 16:22:52,2026-04-01 07:00:00
ACT-0000638,LEAD-001475,USR-0005,Call,2026-01-21 23:46:05,2026-04-01 07:00:00
ACT-0000639,LEAD-001478,USR-0006,Call,2025-11-18 01:12:37,2026-04-01 07:00:00
ACT-0000640,LEAD-001481,USR-0021,Call,2025-10-09 14:03:58,2026-04-01 07:00:00
ACT-0000641,LEAD-001484,USR-0021,Email,2025-12-26 20:35:36,2026-04-01 07:00:00
ACT-0000642,LEAD-001486,USR-0020,Email,2026-01-06 14:37:40,2026-04-01 07:00:00
ACT-0000643,LEAD-001487,USR-0001,Email,2025-10-20 10:59:08,2026-04-01 07:00:00
ACT-0000644,LEAD-001489,USR-0012,Email,2025-10-07 04:03:44,2026-04-01 07:00:00
ACT-0000645,LEAD-001490,USR-0017,Call,2025-10-05 06:47:38,2026-04-01 07:00:00
ACT-0000646,LEAD-001493,USR-0006,Meeting,2025-10-22 11:04:48,2026-04-01 07:00:00
ACT-0000647,LEAD-001494,USR-0002,Email,2025-10-23 01:11:49,2026-04-01 07:00:00
ACT-0000648,LEAD-001495,USR-0010,Email,2026-01-01 22:56:30,2026-04-01 07:00:00
ACT-0000649,LEAD-001498,USR-0003,Call,2026-03-11 10:53:49,2026-04-01 07:00:00
ACT-0000650,LEAD-001500,USR-0003,Call,2026-01-29 13:58:38,2026-04-01 07:00:00
ACT-0000651,LEAD-001501,USR-0018,Call,2025-11-05 06:23:13,2026-04-01 07:00:00
ACT-0000652,LEAD-001505,USR-0017,Call,2025-10-10 00:47:27,2026-04-01 07:00:00
ACT-0000653,LEAD-001506,USR-0011,Call,2026-01-07 19:35:58,2026-04-01 07:00:00
ACT-0000654,LEAD-001507,USR-0009,Meeting,2025-10-21 23:30:29,2026-04-01 07:00:00
ACT-0000655,LEAD-001509,USR-0002,Call,2025-12-23 05:12:10,2026-04-01 07:00:00
ACT-0000656,LEAD-001510,USR-0012,Email,2025-12-20 06:54:30,2026-04-01 07:00:00
ACT-0000657,LEAD-001513,USR-0006,Email,2026-01-21 05:44:06,2026-04-01 07:00:00
ACT-0000658,LEAD-001518,USR-0007,Email,2025-09-16 07:41:18,2026-04-01 07:00:00
ACT-0000659,LEAD-001519,USR-0007,Call,2026-01-19 05:58:59,2026-04-01 07:00:00
ACT-0000660,LEAD-001523,USR-0022,Email,2026-03-06 02:32:44,2026-04-01 07:00:00
ACT-0000661,LEAD-001528,USR-0006,Meeting,2025-11-27 15:11:36,2026-04-01 07:00:00
ACT-0000662,LEAD-001531,USR-0009,Call,2026-01-03 20:59:00,2026-04-01 07:00:00
ACT-0000663,LEAD-001532,USR-0002,Email,2026-01-28 09:53:24,2026-04-01 07:00:00
ACT-0000664,LEAD-001533,USR-0002,Call,2026-02-16 00:47:24,2026-04-01 07:00:00
ACT-0000665,LEAD-001536,USR-0012,Call,2026-03-21 14:07:38,2026-04-01 07:00:00
ACT-0000666,LEAD-001538,USR-0002,Meeting,2025-12-03 15:48:17,2026-04-01 07:00:00
ACT-0000667,LEAD-001545,USR-0015,Email,2025-12-14 12:34:36,2026-04-01 07:00:00
ACT-0000668,LEAD-001546,USR-0003,Meeting,2025-09-27 23:40:42,2026-04-01 07:00:00
ACT-0000669,LEAD-001547,USR-0002,Meeting,2026-01-02 11:30:10,2026-04-01 07:00:00
ACT-0000670,LEAD-001549,USR-0001,Call,2026-02-25 15:35:56,2026-04-01 07:00:00
ACT-0000671,LEAD-001550,USR-0017,Call,2026-01-17 19:21:29,2026-04-01 07:00:00
ACT-0000672,LEAD-001551,USR-0021,Call,2026-03-16 16:05:48,2026-04-01 07:00:00
ACT-0000673,LEAD-001552,USR-0015,Meeting,2026-01-19 10:03:55,2026-04-01 07:00:00
ACT-0000674,LEAD-001554,USR-0010,Call,2025-10-21 09:49:41,2026-04-01 07:00:00
ACT-0000675,LEAD-001555,USR-0017,Meeting,2025-10-24 10:33:28,2026-04-01 07:00:00
ACT-0000676,LEAD-001559,USR-0007,Meeting,2025-10-09 03:22:12,2026-04-01 07:00:00
ACT-0000677,LEAD-001560,USR-0021,Meeting,2025-10-28 09:56:13,2026-04-01 07:00:00
ACT-0000678,LEAD-001563,USR-0008,Email,2026-01-04 13:25:19,2026-04-01 07:00:00
ACT-0000679,LEAD-001564,USR-0007,Email,2026-01-17 18:42:24,2026-04-01 07:00:00
ACT-0000680,LEAD-001566,USR-0006,Email,2025-11-17 10:27:55,2026-04-01 07:00:00
ACT-0000681,LEAD-001567,USR-0002,Meeting,2026-03-23 04:56:54,2026-04-01 07:00:00
ACT-0000682,LEAD-001571,USR-0016,Meeting,2025-10-16 20:33:12,2026-04-01 07:00:00
ACT-0000683,LEAD-001572,USR-0001,Call,2025-11-01 00:53:40,2026-04-01 07:00:00
ACT-0000684,LEAD-001574,USR-0019,Email,2026-02-04 16:37:38,2026-04-01 07:00:00
ACT-0000685,LEAD-001579,USR-0003,Meeting,2026-01-02 21:56:48,2026-04-01 07:00:00
ACT-0000686,LEAD-001581,USR-0018,Meeting,2025-10-30 15:19:30,2026-04-01 07:00:00
ACT-0000687,LEAD-001584,USR-0009,Email,2026-03-01 00:31:17,2026-04-01 07:00:00
ACT-0000688,LEAD-001586,USR-0009,Email,2025-12-22 19:09:50,2026-04-01 07:00:00
ACT-0000689,LEAD-001596,USR-0011,Meeting,2026-03-30 14:11:48,2026-04-01 07:00:00
ACT-0000690,LEAD-001598,USR-0011,Call,2026-01-21 03:42:51,2026-04-01 07:00:00
ACT-0000691,LEAD-001601,USR-0014,Call,2025-10-07 15:36:33,2026-04-01 07:00:00
ACT-0000692,LEAD-001605,USR-0021,Email,2025-12-08 01:18:51,2026-04-01 07:00:00
ACT-0000693,LEAD-001606,USR-0020,Email,2025-11-09 03:10:19,2026-04-01 07:00:00
ACT-0000694,LEAD-001609,USR-0007,Meeting,2026-03-20 20:22:31,2026-04-01 07:00:00
ACT-0000695,LEAD-001612,USR-0008,Email,2025-10-11 06:02:59,2026-04-01 07:00:00
ACT-0000696,LEAD-001614,USR-0019,Meeting,2026-03-01 18:56:40,2026-04-01 07:00:00
ACT-0000697,LEAD-001615,USR-0005,Call,2026-01-03 04:28:27,2026-04-01 07:00:00
ACT-0000698,LEAD-001618,USR-0006,Meeting,2025-12-02 16:34:54,2026-04-01 07:00:00
ACT-0000699,LEAD-001621,USR-0002,Call,2025-10-18 00:35:06,2026-04-01 07:00:00
ACT-0000700,LEAD-001623,USR-0018,Meeting,2025-09-15 16:26:18,2026-04-01 07:00:00
ACT-0000701,LEAD-001625,USR-0009,Email,2025-09-15 04:58:37,2026-04-01 07:00:00
ACT-0000702,LEAD-001631,USR-0011,Meeting,2026-03-05 05:16:55,2026-04-01 07:00:00
ACT-0000703,LEAD-001632,USR-0010,Call,2026-01-26 06:32:46,2026-04-01 07:00:00
ACT-0000704,LEAD-001633,USR-0008,Meeting,2025-09-07 02:15:03,2026-04-01 07:00:00
ACT-0000705,LEAD-001635,USR-0018,Email,2026-03-25 23:19:26,2026-04-01 07:00:00
ACT-0000706,LEAD-001636,USR-0020,Email,2025-11-24 16:55:58,2026-04-01 07:00:00
ACT-0000707,LEAD-001642,USR-0019,Call,2025-11-18 13:06:13,2026-04-01 07:00:00
ACT-0000708,LEAD-001646,USR-0010,Call,2025-12-11 18:27:27,2026-04-01 07:00:00
ACT-0000709,LEAD-001650,USR-0022,Email,2025-12-22 16:39:28,2026-04-01 07:00:00
ACT-0000710,LEAD-001652,USR-0002,Email,2026-01-29 05:13:42,2026-04-01 07:00:00
ACT-0000711,LEAD-001653,USR-0017,Email,2025-10-12 13:25:29,2026-04-01 07:00:00
ACT-0000712,LEAD-001654,USR-0006,Email,2025-11-30 04:52:59,2026-04-01 07:00:00
ACT-0000713,LEAD-001655,USR-0016,Email,2025-12-16 21:32:29,2026-04-01 07:00:00
ACT-0000714,LEAD-001657,USR-0009,Meeting,2025-09-03 21:56:23,2026-04-01 07:00:00
ACT-0000715,LEAD-001659,USR-0017,Call,2025-10-10 16:55:48,2026-04-01 07:00:00
ACT-0000716,LEAD-001660,USR-0001,Email,2026-01-15 16:35:17,2026-04-01 07:00:00
ACT-0000717,LEAD-001664,USR-0002,Call,2026-03-28 01:01:57,2026-04-01 07:00:00
ACT-0000718,LEAD-001665,USR-0001,Meeting,2025-11-30 03:44:26,2026-04-01 07:00:00
ACT-0000719,LEAD-001666,USR-0002,Meeting,2025-09-02 12:21:31,2026-04-01 07:00:00
ACT-0000720,LEAD-001667,USR-0021,Email,2026-01-24 08:27:13,2026-04-01 07:00:00
ACT-0000721,LEAD-001668,USR-0011,Meeting,2026-02-11 02:20:33,2026-04-01 07:00:00
ACT-0000722,LEAD-001672,USR-0005,Email,2025-12-12 13:11:34,2026-04-01 07:00:00
ACT-0000723,LEAD-001673,USR-0010,Email,2025-10-06 00:22:03,2026-04-01 07:00:00
ACT-0000724,LEAD-001674,USR-0005,Email,2025-09-18 12:44:20,2026-04-01 07:00:00
ACT-0000725,LEAD-001677,USR-0014,Call,2025-10-13 06:02:36,2026-04-01 07:00:00
ACT-0000726,LEAD-001684,USR-0006,Meeting,2025-11-21 03:10:35,2026-04-01 07:00:00
ACT-0000727,LEAD-001685,USR-0019,Meeting,2025-10-05 00:49:44,2026-04-01 07:00:00
ACT-0000728,LEAD-001686,USR-0008,Email,2026-01-07 05:34:32,2026-04-01 07:00:00
ACT-0000729,LEAD-001689,USR-0001,Call,2025-09-15 05:10:18,2026-04-01 07:00:00
ACT-0000730,LEAD-001690,USR-0002,Call,2026-02-09 20:00:14,2026-04-01 07:00:00
ACT-0000731,LEAD-001691,USR-0014,Call,2026-02-26 01:09:22,2026-04-01 07:00:00
ACT-0000732,LEAD-001693,USR-0016,Meeting,2025-11-25 00:18:16,2026-04-01 07:00:00
ACT-0000733,LEAD-001696,USR-0003,Email,2026-01-08 06:16:12,2026-04-01 07:00:00
ACT-0000734,LEAD-001697,USR-0015,Call,2026-01-30 14:39:26,2026-04-01 07:00:00
ACT-0000735,LEAD-001701,USR-0010,Email,2025-09-18 21:54:36,2026-04-01 07:00:00
ACT-0000736,LEAD-001706,USR-0014,Email,2025-10-03 01:25:33,2026-04-01 07:00:00
ACT-0000737,LEAD-001707,USR-0018,Email,2025-11-17 12:54:42,2026-04-01 07:00:00
ACT-0000738,LEAD-001710,USR-0006,Call,2026-03-22 18:59:56,2026-04-01 07:00:00
ACT-0000739,LEAD-001713,USR-0012,Call,2026-01-16 23:01:36,2026-04-01 07:00:00
ACT-0000740,LEAD-001714,USR-0010,Call,2026-01-29 20:49:10,2026-04-01 07:00:00
ACT-0000741,LEAD-001715,USR-0001,Meeting,2025-11-17 13:25:08,2026-04-01 07:00:00
ACT-0000742,LEAD-001717,USR-0002,Email,2025-09-27 10:42:16,2026-04-01 07:00:00
ACT-0000743,LEAD-001722,USR-0020,Meeting,2025-09-10 18:53:32,2026-04-01 07:00:00
ACT-0000744,LEAD-001726,USR-0005,Email,2025-12-31 23:15:46,2026-04-01 07:00:00
ACT-0000745,LEAD-001728,USR-0006,Meeting,2025-12-24 06:29:27,2026-04-01 07:00:00
ACT-0000746,LEAD-001729,USR-0014,Meeting,2026-02-20 12:15:50,2026-04-01 07:00:00
ACT-0000747,LEAD-001731,USR-0009,Meeting,2025-09-28 10:53:28,2026-04-01 07:00:00
ACT-0000748,LEAD-001733,USR-0016,Meeting,2025-10-05 12:08:37,2026-04-01 07:00:00
ACT-0000749,LEAD-001734,USR-0007,Call,2025-12-05 08:36:52,2026-04-01 07:00:00
ACT-0000750,LEAD-001735,USR-0014,Call,2026-03-03 12:33:59,2026-04-01 07:00:00
ACT-0000751,LEAD-001738,USR-0002,Email,2025-11-15 16:38:56,2026-04-01 07:00:00
ACT-0000752,LEAD-001739,USR-0021,Call,2025-11-28 07:37:10,2026-04-01 07:00:00
ACT-0000753,LEAD-001742,USR-0008,Email,2026-01-15 06:54:26,2026-04-01 07:00:00
ACT-0000754,LEAD-001744,USR-0010,Email,2025-09-25 16:48:51,2026-04-01 07:00:00
ACT-0000755,LEAD-001746,USR-0003,Call,2025-10-26 23:42:34,2026-04-01 07:00:00
ACT-0000756,LEAD-001748,USR-0006,Email,2026-01-12 16:28:38,2026-04-01 07:00:00
ACT-0000757,LEAD-001749,USR-0005,Email,2026-01-04 22:25:22,2026-04-01 07:00:00
ACT-0000758,LEAD-001751,USR-0014,Email,2025-10-25 14:11:17,2026-04-01 07:00:00
ACT-0000759,LEAD-001753,USR-0020,Email,2026-03-27 10:51:07,2026-04-01 07:00:00
ACT-0000760,LEAD-001755,USR-0002,Call,2025-12-15 16:50:10,2026-04-01 07:00:00
ACT-0000761,LEAD-001757,USR-0011,Call,2025-11-04 13:56:18,2026-04-01 07:00:00
ACT-0000762,LEAD-001758,USR-0011,Email,2026-02-25 00:47:25,2026-04-01 07:00:00
ACT-0000763,LEAD-001763,USR-0011,Call,2025-10-17 06:33:01,2026-04-01 07:00:00
ACT-0000764,LEAD-001767,USR-0001,Call,2026-01-05 11:22:03,2026-04-01 07:00:00
ACT-0000765,LEAD-001773,USR-0011,Email,2025-09-28 23:13:24,2026-04-01 07:00:00
ACT-0000766,LEAD-001774,USR-0009,Meeting,2025-09-29 09:36:45,2026-04-01 07:00:00
ACT-0000767,LEAD-001775,USR-0014,Call,2025-10-26 08:46:20,2026-04-01 07:00:00
ACT-0000768,LEAD-001780,USR-0005,Meeting,2026-01-13 07:56:23,2026-04-01 07:00:00
ACT-0000769,LEAD-001782,USR-0014,Meeting,2025-10-04 06:15:54,2026-04-01 07:00:00
ACT-0000770,LEAD-001783,USR-0001,Meeting,2026-03-07 02:19:07,2026-04-01 07:00:00
ACT-0000771,LEAD-001785,USR-0002,Call,2026-01-07 16:08:42,2026-04-01 07:00:00
ACT-0000772,LEAD-001788,USR-0010,Call,2025-12-08 12:30:06,2026-04-01 07:00:00
ACT-0000773,LEAD-001795,USR-0006,Call,2026-02-09 04:09:30,2026-04-01 07:00:00
ACT-0000774,LEAD-001796,USR-0006,Email,2025-10-02 20:06:11,2026-04-01 07:00:00
ACT-0000775,LEAD-001798,USR-0015,Meeting,2026-03-29 21:34:06,2026-04-01 07:00:00
ACT-0000776,LEAD-001799,USR-0015,Call,2025-09-04 22:30:48,2026-04-01 07:00:00
ACT-0000777,LEAD-001800,USR-0008,Meeting,2025-11-14 05:02:26,2026-04-01 07:00:00
ACT-0000778,LEAD-001802,USR-0013,Email,2026-03-27 03:13:34,2026-04-01 07:00:00
ACT-0000779,LEAD-001803,USR-0018,Call,2025-12-21 03:34:54,2026-04-01 07:00:00
ACT-0000780,LEAD-001804,USR-0016,Meeting,2026-03-29 16:36:18,2026-04-01 07:00:00
ACT-0000781,LEAD-001809,USR-0012,Meeting,2025-11-23 00:37:49,2026-04-01 07:00:00
ACT-0000782,LEAD-001811,USR-0014,Call,2025-09-11 02:32:45,2026-04-01 07:00:00
ACT-0000783,LEAD-001813,USR-0002,Meeting,2025-10-17 23:51:54,2026-04-01 07:00:00
ACT-0000784,LEAD-001817,USR-0011,Call,2025-12-01 23:28:51,2026-04-01 07:00:00
ACT-0000785,LEAD-001819,USR-0013,Meeting,2026-03-15 14:02:41,2026-04-01 07:00:00
ACT-0000786,LEAD-001822,USR-0009,Email,2025-09-12 08:53:34,2026-04-01 07:00:00
ACT-0000787,LEAD-001826,USR-0010,Meeting,2025-09-30 18:06:33,2026-04-01 07:00:00
ACT-0000788,LEAD-001827,USR-0009,Email,2026-03-01 17:40:13,2026-04-01 07:00:00
ACT-0000789,LEAD-001828,USR-0007,Meeting,2025-09-30 14:48:35,2026-04-01 07:00:00
ACT-0000790,LEAD-001832,USR-0020,Email,2026-02-13 23:31:29,2026-04-01 07:00:00
ACT-0000791,LEAD-001835,USR-0017,Call,2025-09-29 21:16:51,2026-04-01 07:00:00
ACT-0000792,LEAD-001836,USR-0019,Email,2025-10-25 09:48:56,2026-04-01 07:00:00
ACT-0000793,LEAD-001837,USR-0014,Meeting,2026-03-02 11:06:03,2026-04-01 07:00:00
ACT-0000794,LEAD-001839,USR-0013,Call,2026-02-19 10:37:10,2026-04-01 07:00:00
ACT-0000795,LEAD-001840,USR-0012,Call,2026-02-11 00:12:48,2026-04-01 07:00:00
ACT-0000796,LEAD-001844,USR-0022,Call,2026-02-21 07:51:54,2026-04-01 07:00:00
ACT-0000797,LEAD-001845,USR-0003,Call,2025-12-02 11:33:41,2026-04-01 07:00:00
ACT-0000798,LEAD-001846,USR-0006,Email,2025-10-03 13:45:12,2026-04-01 07:00:00
ACT-0000799,LEAD-001850,USR-0019,Meeting,2026-03-03 23:31:58,2026-04-01 07:00:00
ACT-0000800,LEAD-001856,USR-0011,Meeting,2026-03-06 02:54:04,2026-04-01 07:00:00
ACT-0000801,LEAD-001857,USR-0010,Meeting,2025-11-14 19:16:26,2026-04-01 07:00:00
ACT-0000802,LEAD-001862,USR-0012,Meeting,2025-09-22 18:32:20,2026-04-01 07:00:00
ACT-0000803,LEAD-001864,USR-0019,Meeting,2025-09-23 09:58:13,2026-04-01 07:00:00
ACT-0000804,LEAD-001868,USR-0011,Meeting,2025-10-16 09:23:15,2026-04-01 07:00:00
ACT-0000805,LEAD-001871,USR-0005,Call,2025-09-04 22:42:12,2026-04-01 07:00:00
ACT-0000806,LEAD-001872,USR-0011,Call,2025-12-09 09:34:53,2026-04-01 07:00:00
ACT-0000807,LEAD-001873,USR-0015,Call,2026-02-25 14:18:43,2026-04-01 07:00:00
ACT-0000808,LEAD-001874,USR-0008,Call,2026-03-10 21:23:03,2026-04-01 07:00:00
ACT-0000809,LEAD-001875,USR-0003,Call,2026-01-06 01:55:14,2026-04-01 07:00:00
ACT-0000810,LEAD-001878,USR-0003,Meeting,2026-01-21 21:46:42,2026-04-01 07:00:00
ACT-0000811,LEAD-001881,USR-0017,Call,2025-12-20 04:32:40,2026-04-01 07:00:00
ACT-0000812,LEAD-001884,USR-0007,Meeting,2026-01-13 14:19:48,2026-04-01 07:00:00
ACT-0000813,LEAD-001885,USR-0009,Meeting,2025-09-12 21:50:12,2026-04-01 07:00:00
ACT-0000814,LEAD-001888,USR-0018,Call,2025-12-04 21:59:00,2026-04-01 07:00:00
ACT-0000815,LEAD-001890,USR-0002,Call,2025-12-26 01:35:03,2026-04-01 07:00:00
ACT-0000816,LEAD-001893,USR-0008,Email,2025-12-29 14:47:13,2026-04-01 07:00:00
ACT-0000817,LEAD-001894,USR-0005,Email,2025-10-30 02:26:03,2026-04-01 07:00:00
ACT-0000818,LEAD-001896,USR-0022,Call,2026-01-26 22:50:40,2026-04-01 07:00:00
ACT-0000819,LEAD-001897,USR-0012,Call,2025-09-05 06:27:32,2026-04-01 07:00:00
ACT-0000820,LEAD-001901,USR-0019,Call,2025-12-05 01:27:35,2026-04-01 07:00:00
ACT-0000821,LEAD-001902,USR-0008,Call,2025-10-20 07:14:31,2026-04-01 07:00:00
ACT-0000822,LEAD-001905,USR-0016,Call,2025-10-11 06:23:42,2026-04-01 07:00:00
ACT-0000823,LEAD-001906,USR-0006,Call,2026-02-04 07:29:11,2026-04-01 07:00:00
ACT-0000824,LEAD-001907,USR-0002,Meeting,2026-02-15 13:27:27,2026-04-01 07:00:00
ACT-0000825,LEAD-001917,USR-0015,Meeting,2026-02-14 12:15:45,2026-04-01 07:00:00
ACT-0000826,LEAD-001919,USR-0019,Email,2025-11-11 04:15:34,2026-04-01 07:00:00
ACT-0000827,LEAD-001924,USR-0003,Call,2025-09-01 13:27:25,2026-04-01 07:00:00
ACT-0000828,LEAD-001925,USR-0012,Call,2026-01-07 13:58:53,2026-04-01 07:00:00
ACT-0000829,LEAD-001928,USR-0020,Meeting,2026-01-15 13:21:40,2026-04-01 07:00:00
ACT-0000830,LEAD-001929,USR-0015,Meeting,2026-01-31 02:21:10,2026-04-01 07:00:00
ACT-0000831,LEAD-001933,USR-0022,Meeting,2026-03-07 13:21:16,2026-04-01 07:00:00
ACT-0000832,LEAD-001937,USR-0005,Email,2025-12-02 13:11:53,2026-04-01 07:00:00
ACT-0000833,LEAD-001939,USR-0003,Email,2025-09-08 13:06:04,2026-04-01 07:00:00
ACT-0000834,LEAD-001941,USR-0016,Meeting,2026-01-02 10:17:18,2026-04-01 07:00:00
ACT-0000835,LEAD-001942,USR-0002,Email,2025-10-28 17:04:31,2026-04-01 07:00:00
ACT-0000836,LEAD-001943,USR-0021,Email,2025-12-17 19:45:55,2026-04-01 07:00:00
ACT-0000837,LEAD-001944,USR-0001,Email,2026-01-10 12:42:10,2026-04-01 07:00:00
ACT-0000838,LEAD-001945,USR-0011,Call,2026-01-22 15:51:06,2026-04-01 07:00:00
ACT-0000839,LEAD-001946,USR-0020,Call,2026-02-09 09:30:36,2026-04-01 07:00:00
ACT-0000840,LEAD-001949,USR-0022,Meeting,2025-12-27 14:15:06,2026-04-01 07:00:00
ACT-0000841,LEAD-001951,USR-0002,Meeting,2025-12-30 22:33:27,2026-04-01 07:00:00
ACT-0000842,LEAD-001954,USR-0012,Call,2026-01-24 04:58:51,2026-04-01 07:00:00
ACT-0000843,LEAD-001956,USR-0011,Meeting,2025-10-01 23:45:17,2026-04-01 07:00:00
ACT-0000844,LEAD-001958,USR-0001,Meeting,2026-01-21 23:51:41,2026-04-01 07:00:00
ACT-0000845,LEAD-001959,USR-0001,Email,2026-02-22 17:51:06,2026-04-01 07:00:00
ACT-0000846,LEAD-001961,USR-0014,Email,2026-02-11 11:54:40,2026-04-01 07:00:00
ACT-0000847,LEAD-001963,USR-0019,Email,2025-10-15 03:41:59,2026-04-01 07:00:00
ACT-0000848,LEAD-001972,USR-0002,Email,2025-09-29 15:54:26,2026-04-01 07:00:00
ACT-0000849,LEAD-001974,USR-0005,Call,2026-01-13 14:28:51,2026-04-01 07:00:00
ACT-0000850,LEAD-001975,USR-0010,Call,2025-10-09 11:30:17,2026-04-01 07:00:00
ACT-0000851,LEAD-001976,USR-0016,Call,2026-03-27 05:33:40,2026-04-01 07:00:00
ACT-0000852,LEAD-001985,USR-0014,Meeting,2026-03-29 14:22:49,2026-04-01 07:00:00
ACT-0000853,LEAD-001986,USR-0006,Call,2026-03-19 11:06:13,2026-04-01 07:00:00
ACT-0000854,LEAD-001992,USR-0020,Call,2025-09-03 02:14:01,2026-04-01 07:00:00
ACT-0000855,LEAD-001993,USR-0001,Call,2025-09-04 01:19:58,2026-04-01 07:00:00
ACT-0000856,LEAD-001995,USR-0011,Meeting,2026-03-12 19:56:26,2026-04-01 07:00:00
ACT-0000857,LEAD-001997,USR-0020,Meeting,2026-03-26 22:30:28,2026-04-01 07:00:00
ACT-0000858,LEAD-001998,USR-0007,Email,2025-11-16 23:53:33,2026-04-01 07:00:00
ACT-0000859,LEAD-002001,USR-0001,Meeting,2025-12-31 23:47:56,2026-04-01 07:00:00
ACT-0000860,LEAD-002002,USR-0007,Meeting,2025-11-28 11:21:57,2026-04-01 07:00:00
ACT-0000861,LEAD-002003,USR-0010,Email,2026-02-02 21:02:54,2026-04-01 07:00:00
ACT-0000862,LEAD-002004,USR-0001,Email,2026-02-12 01:45:49,2026-04-01 07:00:00
ACT-0000863,LEAD-002009,USR-0009,Meeting,2025-11-19 09:01:23,2026-04-01 07:00:00
ACT-0000864,LEAD-002010,USR-0001,Call,2025-12-26 23:40:36,2026-04-01 07:00:00
ACT-0000865,LEAD-002015,USR-0008,Meeting,2026-02-22 00:31:32,2026-04-01 07:00:00
ACT-0000866,LEAD-002016,USR-0018,Email,2025-12-29 11:31:52,2026-04-01 07:00:00
ACT-0000867,LEAD-002017,USR-0013,Meeting,2026-01-25 00:32:54,2026-04-01 07:00:00
ACT-0000868,LEAD-002018,USR-0005,Call,2026-01-03 21:49:29,2026-04-01 07:00:00
ACT-0000869,LEAD-002020,USR-0008,Email,2026-03-27 19:37:58,2026-04-01 07:00:00
ACT-0000870,LEAD-002021,USR-0018,Call,2026-02-26 00:46:58,2026-04-01 07:00:00
ACT-0000871,LEAD-002024,USR-0022,Email,2025-10-02 16:11:04,2026-04-01 07:00:00
ACT-0000872,LEAD-002032,USR-0011,Call,2026-03-23 19:49:38,2026-04-01 07:00:00
ACT-0000873,LEAD-002034,USR-0014,Call,2026-01-05 01:13:02,2026-04-01 07:00:00
ACT-0000874,LEAD-002035,USR-0014,Meeting,2026-02-02 20:07:42,2026-04-01 07:00:00
ACT-0000875,LEAD-002043,USR-0007,Email,2026-02-21 17:23:49,2026-04-01 07:00:00
ACT-0000876,LEAD-002046,USR-0019,Email,2026-01-29 22:27:51,2026-04-01 07:00:00
ACT-0000877,LEAD-002048,USR-0010,Email,2025-12-29 10:15:48,2026-04-01 07:00:00
ACT-0000878,LEAD-002049,USR-0017,Email,2026-01-23 14:52:21,2026-04-01 07:00:00
ACT-0000879,LEAD-002051,USR-0022,Meeting,2026-01-01 13:39:31,2026-04-01 07:00:00
ACT-0000880,LEAD-002052,USR-0016,Meeting,2025-12-08 16:22:48,2026-04-01 07:00:00
ACT-0000881,LEAD-002053,USR-0011,Call,2025-09-17 22:43:31,2026-04-01 07:00:00
ACT-0000882,LEAD-002055,USR-0013,Call,2025-09-09 03:36:05,2026-04-01 07:00:00
ACT-0000883,LEAD-002057,USR-0016,Email,2025-12-17 18:38:10,2026-04-01 07:00:00
ACT-0000884,LEAD-002058,USR-0015,Meeting,2025-11-25 10:32:09,2026-04-01 07:00:00
ACT-0000885,LEAD-002063,USR-0001,Email,2025-09-06 13:41:14,2026-04-01 07:00:00
ACT-0000886,LEAD-002065,USR-0002,Call,2025-10-06 01:14:46,2026-04-01 07:00:00
ACT-0000887,LEAD-002066,USR-0015,Call,2026-01-01 19:05:03,2026-04-01 07:00:00
ACT-0000888,LEAD-002068,USR-0003,Call,2026-01-16 11:07:17,2026-04-01 07:00:00
ACT-0000889,LEAD-002069,USR-0012,Call,2026-03-04 16:11:08,2026-04-01 07:00:00
ACT-0000890,LEAD-002073,USR-0018,Email,2026-02-03 09:55:11,2026-04-01 07:00:00
ACT-0000891,LEAD-002076,USR-0012,Meeting,2026-01-15 20:27:12,2026-04-01 07:00:00
ACT-0000892,LEAD-002082,USR-0012,Email,2026-02-01 11:58:18,2026-04-01 07:00:00
ACT-0000893,LEAD-002084,USR-0007,Call,2026-03-29 13:18:37,2026-04-01 07:00:00
ACT-0000894,LEAD-002086,USR-0010,Email,2026-03-04 23:57:42,2026-04-01 07:00:00
ACT-0000895,LEAD-002088,USR-0002,Meeting,2025-10-31 01:50:34,2026-04-01 07:00:00
ACT-0000896,LEAD-002091,USR-0015,Email,2025-09-30 05:25:07,2026-04-01 07:00:00
ACT-0000897,LEAD-002092,USR-0017,Email,2026-01-17 14:20:36,2026-04-01 07:00:00
ACT-0000898,LEAD-002093,USR-0014,Meeting,2026-02-02 18:22:55,2026-04-01 07:00:00
ACT-0000899,LEAD-002095,USR-0012,Email,2025-09-19 18:41:17,2026-04-01 07:00:00
ACT-0000900,LEAD-002097,USR-0022,Meeting,2025-12-20 02:00:27,2026-04-01 07:00:00
ACT-0000901,LEAD-002098,USR-0007,Meeting,2025-11-16 19:18:01,2026-04-01 07:00:00
ACT-0000902,LEAD-002099,USR-0007,Call,2026-01-29 16:53:12,2026-04-01 07:00:00
ACT-0000903,LEAD-002101,USR-0009,Email,2026-03-08 17:53:15,2026-04-01 07:00:00
ACT-0000904,LEAD-002105,USR-0015,Email,2025-09-04 21:20:34,2026-04-01 07:00:00
ACT-0000905,LEAD-002106,USR-0002,Meeting,2026-03-05 02:08:00,2026-04-01 07:00:00
ACT-0000906,LEAD-002107,USR-0019,Call,2025-10-24 11:09:35,2026-04-01 07:00:00
ACT-0000907,LEAD-002108,USR-0013,Email,2025-12-31 12:41:22,2026-04-01 07:00:00
ACT-0000908,LEAD-002112,USR-0022,Meeting,2026-02-02 22:18:27,2026-04-01 07:00:00
ACT-0000909,LEAD-002118,USR-0016,Email,2026-02-01 04:03:02,2026-04-01 07:00:00
ACT-0000910,LEAD-002120,USR-0020,Meeting,2025-10-18 08:42:53,2026-04-01 07:00:00
ACT-0000911,LEAD-002123,USR-0007,Meeting,2025-11-05 07:36:14,2026-04-01 07:00:00
ACT-0000912,LEAD-002125,USR-0012,Meeting,2025-10-26 14:23:30,2026-04-01 07:00:00
ACT-0000913,LEAD-002127,USR-0003,Call,2025-11-25 23:24:43,2026-04-01 07:00:00
ACT-0000914,LEAD-002129,USR-0003,Call,2026-01-21 17:35:33,2026-04-01 07:00:00
ACT-0000915,LEAD-002131,USR-0009,Meeting,2025-10-29 07:41:29,2026-04-01 07:00:00
ACT-0000916,LEAD-002133,USR-0015,Email,2026-01-15 06:06:40,2026-04-01 07:00:00
ACT-0000917,LEAD-002134,USR-0012,Call,2025-10-24 12:26:51,2026-04-01 07:00:00
ACT-0000918,LEAD-002142,USR-0015,Email,2026-01-18 05:51:09,2026-04-01 07:00:00
ACT-0000919,LEAD-002144,USR-0007,Meeting,2025-09-17 01:01:41,2026-04-01 07:00:00
ACT-0000920,LEAD-002149,USR-0018,Call,2026-01-18 13:15:44,2026-04-01 07:00:00
ACT-0000921,LEAD-002151,USR-0013,Meeting,2025-12-01 20:41:38,2026-04-01 07:00:00
ACT-0000922,LEAD-002155,USR-0008,Call,2026-01-18 19:43:32,2026-04-01 07:00:00
ACT-0000923,LEAD-002164,USR-0008,Meeting,2025-11-09 09:42:02,2026-04-01 07:00:00
ACT-0000924,LEAD-002165,USR-0011,Call,2025-09-28 14:47:04,2026-04-01 07:00:00
ACT-0000925,LEAD-002166,USR-0016,Call,2025-09-08 07:52:47,2026-04-01 07:00:00
ACT-0000926,LEAD-002168,USR-0011,Email,2025-10-24 20:04:52,2026-04-01 07:00:00
ACT-0000927,LEAD-002169,USR-0022,Meeting,2026-01-12 23:11:04,2026-04-01 07:00:00
ACT-0000928,LEAD-002171,USR-0003,Meeting,2026-01-12 20:28:30,2026-04-01 07:00:00
ACT-0000929,LEAD-002172,USR-0003,Meeting,2025-10-04 14:56:55,2026-04-01 07:00:00
ACT-0000930,LEAD-002174,USR-0006,Meeting,2026-01-12 07:01:42,2026-04-01 07:00:00
ACT-0000931,LEAD-002184,USR-0012,Meeting,2025-11-08 19:39:20,2026-04-01 07:00:00
ACT-0000932,LEAD-002188,USR-0005,Email,2025-10-12 22:47:04,2026-04-01 07:00:00
ACT-0000933,LEAD-002189,USR-0020,Meeting,2025-09-05 14:58:34,2026-04-01 07:00:00
ACT-0000934,LEAD-002196,USR-0011,Email,2026-01-29 03:02:39,2026-04-01 07:00:00
ACT-0000935,LEAD-002198,USR-0002,Meeting,2025-10-24 01:03:02,2026-04-01 07:00:00
ACT-0000936,LEAD-002199,USR-0009,Meeting,2025-12-29 09:14:22,2026-04-01 07:00:00
ACT-0000937,LEAD-002200,USR-0010,Email,2026-03-09 02:46:31,2026-04-01 07:00:00
ACT-0000938,LEAD-002201,USR-0009,Meeting,2026-01-31 21:08:49,2026-04-01 07:00:00
ACT-0000939,LEAD-002202,USR-0013,Email,2026-02-08 00:40:35,2026-04-01 07:00:00
ACT-0000940,LEAD-002204,USR-0008,Meeting,2026-03-27 21:18:47,2026-04-01 07:00:00
ACT-0000941,LEAD-002205,USR-0014,Meeting,2025-09-17 07:23:30,2026-04-01 07:00:00
ACT-0000942,LEAD-002206,USR-0009,Email,2025-11-21 19:41:42,2026-04-01 07:00:00
ACT-0000943,LEAD-002207,USR-0010,Meeting,2026-02-06 15:35:08,2026-04-01 07:00:00
ACT-0000944,LEAD-002208,USR-0010,Email,2026-01-29 03:35:20,2026-04-01 07:00:00
ACT-0000945,LEAD-002209,USR-0015,Email,2025-12-01 20:04:09,2026-04-01 07:00:00
ACT-0000946,LEAD-002210,USR-0001,Call,2025-10-03 16:03:58,2026-04-01 07:00:00
ACT-0000947,LEAD-002214,USR-0009,Meeting,2025-12-25 21:46:38,2026-04-01 07:00:00
ACT-0000948,LEAD-002215,USR-0019,Email,2025-11-21 20:58:54,2026-04-01 07:00:00
ACT-0000949,LEAD-002217,USR-0009,Call,2025-09-02 18:02:37,2026-04-01 07:00:00
ACT-0000950,LEAD-002218,USR-0007,Meeting,2026-01-23 17:26:21,2026-04-01 07:00:00
ACT-0000951,LEAD-002219,USR-0018,Email,2026-02-03 05:17:12,2026-04-01 07:00:00
ACT-0000952,LEAD-002223,USR-0007,Meeting,2025-11-02 06:54:17,2026-04-01 07:00:00
ACT-0000953,LEAD-002225,USR-0001,Meeting,2026-01-11 12:38:49,2026-04-01 07:00:00
ACT-0000954,LEAD-002227,USR-0011,Email,2025-09-13 05:24:41,2026-04-01 07:00:00
ACT-0000955,LEAD-002229,USR-0007,Meeting,2025-10-04 07:38:28,2026-04-01 07:00:00
ACT-0000956,LEAD-002231,USR-0011,Call,2026-02-15 12:33:02,2026-04-01 07:00:00
ACT-0000957,LEAD-002236,USR-0002,Email,2026-03-06 06:13:56,2026-04-01 07:00:00
ACT-0000958,LEAD-002237,USR-0006,Email,2025-12-27 00:58:00,2026-04-01 07:00:00
ACT-0000959,LEAD-002238,USR-0019,Email,2026-01-04 07:04:35,2026-04-01 07:00:00
ACT-0000960,LEAD-002241,USR-0009,Meeting,2025-09-24 10:10:11,2026-04-01 07:00:00
ACT-0000961,LEAD-002243,USR-0002,Meeting,2025-10-13 23:44:49,2026-04-01 07:00:00
ACT-0000962,LEAD-002245,USR-0020,Email,2026-01-14 07:55:50,2026-04-01 07:00:00
ACT-0000963,LEAD-002247,USR-0008,Call,2025-11-06 04:22:48,2026-04-01 07:00:00
ACT-0000964,LEAD-002249,USR-0019,Email,2026-03-17 05:46:20,2026-04-01 07:00:00
ACT-0000965,LEAD-002251,USR-0008,Call,2025-11-12 23:10:13,2026-04-01 07:00:00
ACT-0000966,LEAD-002255,USR-0005,Call,2025-10-08 08:00:12,2026-04-01 07:00:00
ACT-0000967,LEAD-002256,USR-0010,Meeting,2025-11-02 03:16:06,2026-04-01 07:00:00
ACT-0000968,LEAD-002257,USR-0015,Call,2026-03-01 04:40:38,2026-04-01 07:00:00
ACT-0000969,LEAD-002259,USR-0015,Meeting,2026-02-09 20:09:46,2026-04-01 07:00:00
ACT-0000970,LEAD-002260,USR-0007,Call,2026-01-16 22:36:00,2026-04-01 07:00:00
ACT-0000971,LEAD-002261,USR-0003,Email,2026-02-05 09:10:47,2026-04-01 07:00:00
ACT-0000972,LEAD-002263,USR-0017,Email,2025-11-14 21:23:27,2026-04-01 07:00:00
ACT-0000973,LEAD-002265,USR-0001,Email,2026-02-06 22:52:03,2026-04-01 07:00:00
ACT-0000974,LEAD-002266,USR-0011,Meeting,2025-12-26 09:53:09,2026-04-01 07:00:00
ACT-0000975,LEAD-002270,USR-0007,Meeting,2026-01-01 19:12:04,2026-04-01 07:00:00
ACT-0000976,LEAD-002272,USR-0018,Email,2025-12-20 17:55:01,2026-04-01 07:00:00
ACT-0000977,LEAD-002273,USR-0007,Meeting,2025-09-30 10:54:40,2026-04-01 07:00:00
ACT-0000978,LEAD-002274,USR-0014,Email,2025-10-01 08:19:51,2026-04-01 07:00:00
ACT-0000979,LEAD-002276,USR-0012,Call,2025-09-11 19:16:04,2026-04-01 07:00:00
ACT-0000980,LEAD-002283,USR-0022,Call,2026-02-02 15:08:24,2026-04-01 07:00:00
ACT-0000981,LEAD-002292,USR-0014,Meeting,2025-10-21 20:24:51,2026-04-01 07:00:00
ACT-0000982,LEAD-002293,USR-0005,Meeting,2025-10-23 08:54:19,2026-04-01 07:00:00
ACT-0000983,LEAD-002295,USR-0010,Meeting,2026-02-14 16:33:25,2026-04-01 07:00:00
ACT-0000984,LEAD-002296,USR-0008,Email,2025-12-11 13:19:02,2026-04-01 07:00:00
ACT-0000985,LEAD-002298,USR-0001,Call,2025-09-17 07:14:36,2026-04-01 07:00:00
ACT-0000986,LEAD-002300,USR-0013,Email,2025-11-14 09:40:14,2026-04-01 07:00:00
ACT-0000987,LEAD-002302,USR-0006,Meeting,2026-03-05 11:55:58,2026-04-01 07:00:00
ACT-0000988,LEAD-002305,USR-0021,Meeting,2025-11-13 03:22:48,2026-04-01 07:00:00
ACT-0000989,LEAD-002306,USR-0009,Email,2026-03-25 23:34:30,2026-04-01 07:00:00
ACT-0000990,LEAD-002309,USR-0001,Email,2026-01-24 04:02:06,2026-04-01 07:00:00
ACT-0000991,LEAD-002310,USR-0010,Call,2025-11-14 05:55:59,2026-04-01 07:00:00
ACT-0000992,LEAD-002312,USR-0013,Call,2025-12-30 10:57:29,2026-04-01 07:00:00
ACT-0000993,LEAD-002315,USR-0003,Email,2025-09-11 13:13:53,2026-04-01 07:00:00
ACT-0000994,LEAD-002316,USR-0002,Email,2026-01-06 11:07:46,2026-04-01 07:00:00
ACT-0000995,LEAD-002318,USR-0002,Meeting,2025-12-27 17:11:19,2026-04-01 07:00:00
ACT-0000996,LEAD-002324,USR-0002,Email,2025-10-04 11:22:51,2026-04-01 07:00:00
ACT-0000997,LEAD-002326,USR-0014,Email,2026-02-14 02:30:56,2026-04-01 07:00:00
ACT-0000998,LEAD-002328,USR-0022,Email,2026-03-12 07:02:24,2026-04-01 07:00:00
ACT-0000999,LEAD-002329,USR-0009,Email,2025-11-02 19:52:09,2026-04-01 07:00:00
ACT-0001000,LEAD-002332,USR-0011,Call,2026-02-17 17:52:31,2026-04-01 07:00:00
ACT-0001001,LEAD-002336,USR-0021,Meeting,2026-02-28 14:58:23,2026-04-01 07:00:00
ACT-0001002,LEAD-002340,USR-0021,Meeting,2025-10-17 02:38:00,2026-04-01 07:00:00
ACT-0001003,LEAD-002343,USR-0002,Meeting,2025-12-11 04:02:28,2026-04-01 07:00:00
ACT-0001004,LEAD-002345,USR-0018,Email,2025-10-27 14:33:34,2026-04-01 07:00:00
ACT-0001005,LEAD-002347,USR-0010,Email,2025-12-24 06:20:46,2026-04-01 07:00:00
ACT-0001006,LEAD-002350,USR-0011,Call,2025-12-20 16:55:40,2026-04-01 07:00:00
ACT-0001007,LEAD-002351,USR-0014,Call,2025-09-17 17:37:34,2026-04-01 07:00:00
ACT-0001008,LEAD-002352,USR-0018,Call,2026-01-06 15:50:16,2026-04-01 07:00:00
ACT-0001009,LEAD-002355,USR-0010,Meeting,2025-11-25 01:10:55,2026-04-01 07:00:00
ACT-0001010,LEAD-002357,USR-0020,Meeting,2026-02-14 14:22:21,2026-04-01 07:00:00
ACT-0001011,LEAD-002365,USR-0003,Meeting,2026-03-07 06:02:09,2026-04-01 07:00:00
ACT-0001012,LEAD-002367,USR-0008,Email,2025-11-23 02:45:56,2026-04-01 07:00:00
ACT-0001013,LEAD-002368,USR-0003,Meeting,2026-01-10 21:04:00,2026-04-01 07:00:00
ACT-0001014,LEAD-002370,USR-0011,Call,2025-10-27 21:06:45,2026-04-01 07:00:00
ACT-0001015,LEAD-002371,USR-0022,Meeting,2025-12-29 23:42:55,2026-04-01 07:00:00
ACT-0001016,LEAD-002377,USR-0019,Meeting,2026-02-28 08:42:48,2026-04-01 07:00:00
ACT-0001017,LEAD-002380,USR-0003,Email,2025-12-20 18:04:26,2026-04-01 07:00:00
ACT-0001018,LEAD-002383,USR-0017,Meeting,2025-12-04 06:28:12,2026-04-01 07:00:00
ACT-0001019,LEAD-002386,USR-0008,Email,2025-09-10 03:18:57,2026-04-01 07:00:00
ACT-0001020,LEAD-002387,USR-0003,Email,2026-03-24 09:13:31,2026-04-01 07:00:00
ACT-0001021,LEAD-002390,USR-0021,Meeting,2025-12-25 15:14:11,2026-04-01 07:00:00
ACT-0001022,LEAD-002394,USR-0022,Email,2025-11-05 19:36:14,2026-04-01 07:00:00
ACT-0001023,LEAD-002396,USR-0019,Meeting,2026-03-09 01:53:16,2026-04-01 07:00:00
ACT-0001024,LEAD-002397,USR-0001,Call,2025-11-24 11:23:24,2026-04-01 07:00:00
ACT-0001025,LEAD-002400,USR-0010,Email,2025-09-14 06:25:53,2026-04-01 07:00:00
ACT-0001026,LEAD-002401,USR-0016,Meeting,2025-10-21 15:29:05,2026-04-01 07:00:00
ACT-0001027,LEAD-002402,USR-0022,Call,2025-09-13 16:09:12,2026-04-01 07:00:00
ACT-0001028,LEAD-002404,USR-0010,Email,2026-03-12 13:23:43,2026-04-01 07:00:00
ACT-0001029,LEAD-002405,USR-0006,Email,2025-11-13 01:20:58,2026-04-01 07:00:00
ACT-0001030,LEAD-002408,USR-0012,Meeting,2025-10-27 05:21:42,2026-04-01 07:00:00
ACT-0001031,LEAD-002409,USR-0022,Email,2025-12-15 08:49:04,2026-04-01 07:00:00
ACT-0001032,LEAD-002410,USR-0003,Email,2026-03-19 22:21:03,2026-04-01 07:00:00
ACT-0001033,LEAD-002411,USR-0005,Email,2025-11-21 01:38:21,2026-04-01 07:00:00
ACT-0001034,LEAD-002414,USR-0009,Call,2026-01-06 23:22:30,2026-04-01 07:00:00
ACT-0001035,LEAD-002416,USR-0002,Email,2026-03-29 11:42:59,2026-04-01 07:00:00
ACT-0001036,LEAD-002419,USR-0007,Email,2025-12-17 12:06:58,2026-04-01 07:00:00
ACT-0001037,LEAD-002420,USR-0022,Call,2025-12-06 01:18:04,2026-04-01 07:00:00
ACT-0001038,LEAD-002422,USR-0002,Email,2026-03-10 12:00:11,2026-04-01 07:00:00
ACT-0001039,LEAD-002425,USR-0009,Email,2026-03-28 15:15:15,2026-04-01 07:00:00
ACT-0001040,LEAD-002426,USR-0006,Meeting,2026-02-19 02:27:45,2026-04-01 07:00:00
ACT-0001041,LEAD-002429,USR-0011,Meeting,2026-02-04 18:14:50,2026-04-01 07:00:00
ACT-0001042,LEAD-002431,USR-0010,Email,2026-03-09 20:18:35,2026-04-01 07:00:00
ACT-0001043,LEAD-002433,USR-0003,Call,2025-11-13 15:23:58,2026-04-01 07:00:00
ACT-0001044,LEAD-002434,USR-0015,Call,2025-12-13 23:02:36,2026-04-01 07:00:00
ACT-0001045,LEAD-002435,USR-0019,Email,2025-09-19 16:51:12,2026-04-01 07:00:00
ACT-0001046,LEAD-002437,USR-0001,Call,2026-02-20 17:06:55,2026-04-01 07:00:00
ACT-0001047,LEAD-002440,USR-0006,Email,2025-09-17 21:58:36,2026-04-01 07:00:00
ACT-0001048,LEAD-002442,USR-0009,Meeting,2026-03-15 15:56:53,2026-04-01 07:00:00
ACT-0001049,LEAD-002443,USR-0022,Meeting,2025-09-27 20:03:43,2026-04-01 07:00:00
ACT-0001050,LEAD-002446,USR-0016,Meeting,2026-01-31 02:33:56,2026-04-01 07:00:00
ACT-0001051,LEAD-002451,USR-0011,Meeting,2026-03-17 08:26:35,2026-04-01 07:00:00
ACT-0001052,LEAD-002452,USR-0006,Email,2026-03-29 18:52:04,2026-04-01 07:00:00
ACT-0001053,LEAD-002454,USR-0008,Email,2025-09-06 11:13:56,2026-04-01 07:00:00
ACT-0001054,LEAD-002455,USR-0009,Call,2026-01-23 16:49:30,2026-04-01 07:00:00
ACT-0001055,LEAD-002457,USR-0011,Meeting,2026-03-12 01:31:37,2026-04-01 07:00:00
ACT-0001056,LEAD-002460,USR-0021,Email,2026-02-07 23:20:50,2026-04-01 07:00:00
ACT-0001057,LEAD-002462,USR-0011,Meeting,2025-10-13 10:32:45,2026-04-01 07:00:00
ACT-0001058,LEAD-002463,USR-0010,Call,2025-11-25 07:17:41,2026-04-01 07:00:00
ACT-0001059,LEAD-002469,USR-0001,Meeting,2026-02-16 11:02:04,2026-04-01 07:00:00
ACT-0001060,LEAD-002470,USR-0013,Email,2026-03-06 23:35:48,2026-04-01 07:00:00
ACT-0001061,LEAD-002471,USR-0010,Meeting,2025-10-01 08:11:03,2026-04-01 07:00:00
ACT-0001062,LEAD-002473,USR-0002,Email,2026-02-03 10:47:03,2026-04-01 07:00:00
ACT-0001063,LEAD-002476,USR-0013,Email,2026-03-03 06:35:50,2026-04-01 07:00:00
ACT-0001064,LEAD-002477,USR-0011,Meeting,2025-09-26 03:28:07,2026-04-01 07:00:00
ACT-0001065,LEAD-002482,USR-0005,Meeting,2025-10-15 10:31:44,2026-04-01 07:00:00
ACT-0001066,LEAD-002483,USR-0009,Email,2026-01-13 02:05:36,2026-04-01 07:00:00
ACT-0001067,LEAD-002484,USR-0001,Meeting,2025-12-23 13:26:56,2026-04-01 07:00:00
ACT-0001068,LEAD-002486,USR-0021,Call,2026-03-13 22:39:51,2026-04-01 07:00:00
ACT-0001069,LEAD-002488,USR-0005,Email,2026-01-21 17:12:02,2026-04-01 07:00:00
ACT-0001070,LEAD-002489,USR-0017,Meeting,2025-12-28 21:40:50,2026-04-01 07:00:00
ACT-0001071,LEAD-002499,USR-0021,Email,2026-02-18 11:36:31,2026-04-01 07:00:00
ACT-0001072,LEAD-002501,USR-0022,Email,2025-09-21 08:31:46,2026-04-01 07:00:00
ACT-0001073,LEAD-002502,USR-0009,Email,2026-03-13 08:56:20,2026-04-01 07:00:00
ACT-0001074,LEAD-002511,USR-0020,Meeting,2026-03-30 19:27:39,2026-04-01 07:00:00
ACT-0001075,LEAD-002513,USR-0017,Meeting,2025-12-22 02:06:10,2026-04-01 07:00:00
ACT-0001076,LEAD-002516,USR-0015,Meeting,2026-01-08 16:26:45,2026-04-01 07:00:00
ACT-0001077,LEAD-002517,USR-0003,Meeting,2025-12-10 19:37:15,2026-04-01 07:00:00
ACT-0001078,LEAD-002520,USR-0002,Call,2025-10-18 03:12:23,2026-04-01 07:00:00
ACT-0001079,LEAD-002522,USR-0009,Meeting,2025-11-08 03:37:22,2026-04-01 07:00:00
ACT-0001080,LEAD-002525,USR-0012,Meeting,2026-01-17 08:42:21,2026-04-01 07:00:00
ACT-0001081,LEAD-002526,USR-0002,Email,2026-03-13 13:13:41,2026-04-01 07:00:00
ACT-0001082,LEAD-002527,USR-0008,Call,2025-11-14 21:18:46,2026-04-01 07:00:00
ACT-0001083,LEAD-002529,USR-0003,Meeting,2025-12-08 22:12:53,2026-04-01 07:00:00
ACT-0001084,LEAD-002533,USR-0014,Email,2025-09-19 10:00:28,2026-04-01 07:00:00
ACT-0001085,LEAD-002536,USR-0002,Email,2026-01-18 04:33:13,2026-04-01 07:00:00
ACT-0001086,LEAD-002538,USR-0008,Call,2026-02-12 12:44:08,2026-04-01 07:00:00
ACT-0001087,LEAD-002539,USR-0001,Call,2025-11-17 16:38:03,2026-04-01 07:00:00
ACT-0001088,LEAD-002541,USR-0009,Email,2025-10-14 05:29:46,2026-04-01 07:00:00
ACT-0001089,LEAD-002544,USR-0006,Call,2025-11-26 06:09:33,2026-04-01 07:00:00
ACT-0001090,LEAD-002545,USR-0002,Email,2026-01-03 04:37:46,2026-04-01 07:00:00
ACT-0001091,LEAD-002548,USR-0003,Email,2025-10-13 05:02:34,2026-04-01 07:00:00
ACT-0001092,LEAD-002549,USR-0020,Call,2026-03-06 06:40:25,2026-04-01 07:00:00
ACT-0001093,LEAD-002554,USR-0006,Call,2025-12-14 09:48:11,2026-04-01 07:00:00
ACT-0001094,LEAD-002555,USR-0002,Email,2025-09-12 22:32:01,2026-04-01 07:00:00
ACT-0001095,LEAD-002557,USR-0005,Meeting,2026-01-31 12:05:05,2026-04-01 07:00:00
ACT-0001096,LEAD-002559,USR-0005,Email,2026-01-21 20:15:39,2026-04-01 07:00:00
ACT-0001097,LEAD-002560,USR-0003,Meeting,2025-10-15 14:17:32,2026-04-01 07:00:00
ACT-0001098,LEAD-002563,USR-0002,Meeting,2026-02-13 01:48:56,2026-04-01 07:00:00
ACT-0001099,LEAD-002564,USR-0019,Call,2025-11-18 12:42:04,2026-04-01 07:00:00
ACT-0001100,LEAD-002568,USR-0011,Email,2025-09-11 08:25:41,2026-04-01 07:00:00
ACT-0001101,LEAD-002569,USR-0010,Email,2025-09-09 06:52:21,2026-04-01 07:00:00
ACT-0001102,LEAD-002578,USR-0008,Meeting,2026-02-11 16:58:14,2026-04-01 07:00:00
ACT-0001103,LEAD-002582,USR-0003,Call,2026-02-26 03:19:03,2026-04-01 07:00:00
ACT-0001104,LEAD-002584,USR-0007,Email,2026-01-02 03:39:59,2026-04-01 07:00:00
ACT-0001105,LEAD-002586,USR-0021,Email,2026-03-06 16:31:49,2026-04-01 07:00:00
ACT-0001106,LEAD-002591,USR-0002,Email,2026-01-25 09:45:57,2026-04-01 07:00:00
ACT-0001107,LEAD-002594,USR-0009,Call,2026-03-16 05:57:35,2026-04-01 07:00:00
ACT-0001108,LEAD-002595,USR-0003,Email,2026-03-23 03:26:47,2026-04-01 07:00:00
ACT-0001109,LEAD-002596,USR-0007,Meeting,2026-03-23 07:56:59,2026-04-01 07:00:00
ACT-0001110,LEAD-002599,USR-0016,Email,2026-03-28 23:25:14,2026-04-01 07:00:00
ACT-0001111,LEAD-002600,USR-0019,Email,2025-11-12 11:20:09,2026-04-01 07:00:00
ACT-0001112,LEAD-002603,USR-0014,Email,2025-11-22 14:23:40,2026-04-01 07:00:00
ACT-0001113,LEAD-002605,USR-0020,Meeting,2025-09-27 08:37:33,2026-04-01 07:00:00
ACT-0001114,LEAD-002606,USR-0014,Call,2025-11-21 18:37:46,2026-04-01 07:00:00
ACT-0001115,LEAD-002611,USR-0010,Email,2025-12-03 12:40:36,2026-04-01 07:00:00
ACT-0001116,LEAD-002612,USR-0014,Meeting,2026-02-15 12:31:27,2026-04-01 07:00:00
ACT-0001117,LEAD-002613,USR-0012,Email,2025-10-22 12:34:12,2026-04-01 07:00:00
ACT-0001118,LEAD-002617,USR-0016,Email,2025-12-23 12:54:33,2026-04-01 07:00:00
ACT-0001119,LEAD-002621,USR-0012,Call,2025-12-13 18:12:48,2026-04-01 07:00:00
ACT-0001120,LEAD-002623,USR-0005,Email,2025-09-09 14:04:25,2026-04-01 07:00:00
ACT-0001121,LEAD-002625,USR-0003,Call,2026-01-05 00:21:19,2026-04-01 07:00:00
ACT-0001122,LEAD-002627,USR-0014,Meeting,2025-11-22 20:58:26,2026-04-01 07:00:00
ACT-0001123,LEAD-002631,USR-0019,Email,2026-03-05 21:20:46,2026-04-01 07:00:00
ACT-0001124,LEAD-002634,USR-0012,Call,2025-12-24 13:50:18,2026-04-01 07:00:00
ACT-0001125,LEAD-002637,USR-0010,Meeting,2026-02-25 12:58:36,2026-04-01 07:00:00
ACT-0001126,LEAD-002641,USR-0012,Email,2025-09-14 02:00:01,2026-04-01 07:00:00
ACT-0001127,LEAD-002643,USR-0021,Call,2025-10-03 16:19:17,2026-04-01 07:00:00
ACT-0001128,LEAD-002647,USR-0014,Meeting,2025-12-12 11:21:28,2026-04-01 07:00:00
ACT-0001129,LEAD-002648,USR-0005,Email,2025-11-08 20:12:19,2026-04-01 07:00:00
ACT-0001130,LEAD-002653,USR-0011,Email,2026-02-18 21:21:11,2026-04-01 07:00:00
ACT-0001131,LEAD-002655,USR-0016,Call,2026-03-22 06:41:38,2026-04-01 07:00:00
ACT-0001132,LEAD-002664,USR-0012,Email,2025-11-29 16:18:12,2026-04-01 07:00:00
ACT-0001133,LEAD-002667,USR-0015,Meeting,2025-08-31 18:57:53,2026-04-01 07:00:00
ACT-0001134,LEAD-002668,USR-0016,Call,2026-03-20 19:54:54,2026-04-01 07:00:00
ACT-0001135,LEAD-002669,USR-0002,Email,2025-11-23 16:50:03,2026-04-01 07:00:00
ACT-0001136,LEAD-002670,USR-0012,Meeting,2025-10-29 06:58:06,2026-04-01 07:00:00
ACT-0001137,LEAD-002672,USR-0017,Meeting,2025-09-09 18:04:28,2026-04-01 07:00:00
ACT-0001138,LEAD-002675,USR-0009,Email,2026-03-23 03:47:16,2026-04-01 07:00:00
ACT-0001139,LEAD-002677,USR-0011,Email,2026-01-08 15:49:22,2026-04-01 07:00:00
ACT-0001140,LEAD-002680,USR-0016,Meeting,2025-12-20 09:22:36,2026-04-01 07:00:00
ACT-0001141,LEAD-002681,USR-0008,Email,2026-03-28 08:35:18,2026-04-01 07:00:00
ACT-0001142,LEAD-002682,USR-0019,Call,2025-09-26 15:47:59,2026-04-01 07:00:00
ACT-0001143,LEAD-002684,USR-0002,Meeting,2025-12-28 18:40:18,2026-04-01 07:00:00
ACT-0001144,LEAD-002685,USR-0022,Email,2026-02-23 03:57:37,2026-04-01 07:00:00
ACT-0001145,LEAD-002687,USR-0003,Meeting,2025-12-05 03:54:35,2026-04-01 07:00:00
ACT-0001146,LEAD-002691,USR-0001,Email,2025-09-21 20:33:32,2026-04-01 07:00:00
ACT-0001147,LEAD-002692,USR-0002,Email,2026-02-25 19:28:35,2026-04-01 07:00:00
ACT-0001148,LEAD-002694,USR-0011,Meeting,2026-01-16 12:53:57,2026-04-01 07:00:00
ACT-0001149,LEAD-002696,USR-0005,Email,2025-10-27 09:07:01,2026-04-01 07:00:00
ACT-0001150,LEAD-002697,USR-0008,Call,2026-01-18 21:01:11,2026-04-01 07:00:00
ACT-0001151,LEAD-002700,USR-0008,Meeting,2025-09-17 16:04:12,2026-04-01 07:00:00
ACT-0001152,LEAD-002704,USR-0011,Meeting,2026-01-21 12:03:47,2026-04-01 07:00:00
ACT-0001153,LEAD-002707,USR-0011,Email,2026-01-23 06:09:16,2026-04-01 07:00:00
ACT-0001154,LEAD-002708,USR-0019,Meeting,2025-09-25 20:41:20,2026-04-01 07:00:00
ACT-0001155,LEAD-002709,USR-0009,Email,2025-09-21 16:15:47,2026-04-01 07:00:00
ACT-0001156,LEAD-002711,USR-0005,Meeting,2026-03-12 01:52:29,2026-04-01 07:00:00
ACT-0001157,LEAD-002713,USR-0008,Email,2025-12-27 05:30:21,2026-04-01 07:00:00
ACT-0001158,LEAD-002715,USR-0017,Email,2025-12-16 23:17:43,2026-04-01 07:00:00
ACT-0001159,LEAD-002716,USR-0012,Email,2025-10-17 21:57:32,2026-04-01 07:00:00
ACT-0001160,LEAD-002725,USR-0020,Email,2026-01-24 02:54:39,2026-04-01 07:00:00
ACT-0001161,LEAD-002726,USR-0006,Email,2025-12-16 22:24:37,2026-04-01 07:00:00
ACT-0001162,LEAD-002727,USR-0007,Email,2026-01-12 15:36:51,2026-04-01 07:00:00
ACT-0001163,LEAD-002730,USR-0010,Meeting,2025-11-14 07:35:10,2026-04-01 07:00:00
ACT-0001164,LEAD-002732,USR-0006,Email,2026-02-28 20:58:33,2026-04-01 07:00:00
ACT-0001165,LEAD-002733,USR-0017,Call,2025-10-02 20:32:02,2026-04-01 07:00:00
ACT-0001166,LEAD-002735,USR-0018,Email,2025-10-03 11:27:51,2026-04-01 07:00:00
ACT-0001167,LEAD-002740,USR-0010,Email,2026-01-19 08:12:52,2026-04-01 07:00:00
ACT-0001168,LEAD-002741,USR-0013,Meeting,2025-10-19 08:42:00,2026-04-01 07:00:00
ACT-0001169,LEAD-002743,USR-0021,Email,2026-01-12 07:48:11,2026-04-01 07:00:00
ACT-0001170,LEAD-002744,USR-0012,Meeting,2025-10-03 08:32:13,2026-04-01 07:00:00
ACT-0001171,LEAD-002745,USR-0010,Call,2025-10-12 04:57:04,2026-04-01 07:00:00
ACT-0001172,LEAD-002746,USR-0001,Meeting,2026-03-17 03:45:19,2026-04-01 07:00:00
ACT-0001173,LEAD-002747,USR-0010,Email,2025-11-29 18:00:57,2026-04-01 07:00:00
ACT-0001174,LEAD-002750,USR-0019,Email,2026-03-18 17:51:09,2026-04-01 07:00:00
ACT-0001175,LEAD-002761,USR-0019,Email,2025-09-07 15:58:18,2026-04-01 07:00:00
ACT-0001176,LEAD-002769,USR-0011,Meeting,2026-03-07 18:47:18,2026-04-01 07:00:00
ACT-0001177,LEAD-002770,USR-0007,Call,2025-11-20 04:00:46,2026-04-01 07:00:00
ACT-0001178,LEAD-002771,USR-0006,Call,2025-12-28 02:59:57,2026-04-01 07:00:00
ACT-0001179,LEAD-002778,USR-0015,Email,2025-09-30 03:27:15,2026-04-01 07:00:00
ACT-0001180,LEAD-002780,USR-0005,Call,2026-01-20 19:25:50,2026-04-01 07:00:00
ACT-0001181,LEAD-002781,USR-0007,Call,2025-11-26 11:09:33,2026-04-01 07:00:00
ACT-0001182,LEAD-002783,USR-0017,Email,2025-11-23 12:20:47,2026-04-01 07:00:00
ACT-0001183,LEAD-002785,USR-0019,Email,2025-11-06 11:05:07,2026-04-01 07:00:00
ACT-0001184,LEAD-002787,USR-0009,Email,2026-01-17 20:59:57,2026-04-01 07:00:00
ACT-0001185,LEAD-002794,USR-0008,Email,2025-09-16 08:47:29,2026-04-01 07:00:00
ACT-0001186,LEAD-002797,USR-0017,Call,2026-03-30 05:39:00,2026-04-01 07:00:00
ACT-0001187,LEAD-002800,USR-0009,Call,2025-11-13 05:47:06,2026-04-01 07:00:00
ACT-0001188,LEAD-002802,USR-0016,Meeting,2025-12-05 19:23:50,2026-04-01 07:00:00
ACT-0001189,LEAD-002804,USR-0019,Meeting,2026-01-14 21:05:49,2026-04-01 07:00:00
ACT-0001190,LEAD-002806,USR-0019,Call,2025-12-28 17:30:03,2026-04-01 07:00:00
ACT-0001191,LEAD-002812,USR-0006,Call,2026-02-17 08:29:01,2026-04-01 07:00:00
ACT-0001192,LEAD-002814,USR-0018,Email,2025-11-23 05:00:58,2026-04-01 07:00:00
ACT-0001193,LEAD-002817,USR-0003,Email,2026-02-21 01:28:10,2026-04-01 07:00:00
ACT-0001194,LEAD-002818,USR-0002,Meeting,2026-03-24 12:26:23,2026-04-01 07:00:00
ACT-0001195,LEAD-002819,USR-0010,Email,2026-02-20 17:07:56,2026-04-01 07:00:00
ACT-0001196,LEAD-002820,USR-0017,Meeting,2025-10-08 10:48:30,2026-04-01 07:00:00
ACT-0001197,LEAD-002823,USR-0011,Call,2025-10-17 20:49:07,2026-04-01 07:00:00
ACT-0001198,LEAD-002824,USR-0011,Call,2025-09-19 15:07:16,2026-04-01 07:00:00
ACT-0001199,LEAD-002825,USR-0006,Meeting,2025-10-26 05:35:46,2026-04-01 07:00:00
ACT-0001200,LEAD-002826,USR-0001,Email,2026-03-19 01:07:15,2026-04-01 07:00:00
ACT-0001201,LEAD-002827,USR-0005,Meeting,2025-12-01 13:09:16,2026-04-01 07:00:00
ACT-0001202,LEAD-002829,USR-0009,Call,2025-10-02 14:01:35,2026-04-01 07:00:00
ACT-0001203,LEAD-002830,USR-0005,Meeting,2025-10-31 17:06:53,2026-04-01 07:00:00
ACT-0001204,LEAD-002833,USR-0011,Meeting,2026-02-04 23:45:56,2026-04-01 07:00:00
ACT-0001205,LEAD-002836,USR-0003,Call,2025-09-22 10:44:58,2026-04-01 07:00:00
ACT-0001206,LEAD-002839,USR-0005,Meeting,2025-09-27 22:51:02,2026-04-01 07:00:00
ACT-0001207,LEAD-002840,USR-0009,Call,2026-02-24 12:40:18,2026-04-01 07:00:00
ACT-0001208,LEAD-002841,USR-0018,Call,2026-03-24 13:13:40,2026-04-01 07:00:00
ACT-0001209,LEAD-002842,USR-0002,Call,2025-12-08 18:38:52,2026-04-01 07:00:00
ACT-0001210,LEAD-002844,USR-0021,Call,2026-01-23 16:06:12,2026-04-01 07:00:00
ACT-0001211,LEAD-002845,USR-0005,Meeting,2025-09-04 05:56:47,2026-04-01 07:00:00
ACT-0001212,LEAD-002851,USR-0006,Call,2026-03-26 12:59:48,2026-04-01 07:00:00
ACT-0001213,LEAD-002854,USR-0022,Email,2026-01-06 07:15:25,2026-04-01 07:00:00
ACT-0001214,LEAD-002856,USR-0022,Call,2026-02-08 13:04:57,2026-04-01 07:00:00
ACT-0001215,LEAD-002857,USR-0005,Meeting,2026-03-16 07:37:47,2026-04-01 07:00:00
ACT-0001216,LEAD-002858,USR-0010,Email,2025-09-01 12:32:24,2026-04-01 07:00:00
ACT-0001217,LEAD-002859,USR-0009,Meeting,2026-02-12 03:06:21,2026-04-01 07:00:00
ACT-0001218,LEAD-002861,USR-0012,Call,2025-09-25 15:42:30,2026-04-01 07:00:00
ACT-0001219,LEAD-002862,USR-0014,Email,2025-10-18 20:26:32,2026-04-01 07:00:00
ACT-0001220,LEAD-002863,USR-0008,Call,2025-09-23 22:14:28,2026-04-01 07:00:00
ACT-0001221,LEAD-002867,USR-0009,Call,2025-09-27 19:09:35,2026-04-01 07:00:00
ACT-0001222,LEAD-002871,USR-0007,Call,2025-12-14 15:14:26,2026-04-01 07:00:00
ACT-0001223,LEAD-002877,USR-0006,Email,2025-12-23 11:22:07,2026-04-01 07:00:00
ACT-0001224,LEAD-002878,USR-0012,Email,2026-01-01 11:43:32,2026-04-01 07:00:00
ACT-0001225,LEAD-002881,USR-0007,Email,2026-01-16 07:11:55,2026-04-01 07:00:00
ACT-0001226,LEAD-002882,USR-0008,Call,2026-02-27 07:23:29,2026-04-01 07:00:00
ACT-0001227,LEAD-002886,USR-0011,Email,2026-02-12 00:45:29,2026-04-01 07:00:00
ACT-0001228,LEAD-002890,USR-0016,Meeting,2025-12-03 12:57:47,2026-04-01 07:00:00
ACT-0001229,LEAD-002891,USR-0006,Call,2025-12-29 23:46:22,2026-04-01 07:00:00
ACT-0001230,LEAD-002893,USR-0021,Email,2025-10-27 13:07:00,2026-04-01 07:00:00
ACT-0001231,LEAD-002896,USR-0012,Meeting,2026-03-11 09:50:45,2026-04-01 07:00:00
ACT-0001232,LEAD-002900,USR-0010,Meeting,2025-09-13 21:57:20,2026-04-01 07:00:00
ACT-0001233,LEAD-002903,USR-0011,Email,2025-12-02 20:59:43,2026-04-01 07:00:00
ACT-0001234,LEAD-002908,USR-0013,Meeting,2026-03-02 15:49:25,2026-04-01 07:00:00
ACT-0001235,LEAD-002909,USR-0021,Call,2026-01-01 22:07:24,2026-04-01 07:00:00
ACT-0001236,LEAD-002910,USR-0002,Email,2026-02-19 03:24:15,2026-04-01 07:00:00
ACT-0001237,LEAD-002912,USR-0016,Call,2026-03-22 12:49:54,2026-04-01 07:00:00
ACT-0001238,LEAD-002913,USR-0006,Email,2025-09-15 10:43:48,2026-04-01 07:00:00
ACT-0001239,LEAD-002914,USR-0005,Call,2026-03-06 09:51:52,2026-04-01 07:00:00
ACT-0001240,LEAD-002918,USR-0001,Call,2026-02-14 11:45:31,2026-04-01 07:00:00
ACT-0001241,LEAD-002919,USR-0011,Email,2025-10-26 00:13:32,2026-04-01 07:00:00
ACT-0001242,LEAD-002920,USR-0019,Meeting,2025-10-14 22:20:19,2026-04-01 07:00:00
ACT-0001243,LEAD-002922,USR-0005,Call,2025-09-06 16:08:48,2026-04-01 07:00:00
ACT-0001244,LEAD-002929,USR-0013,Meeting,2025-09-08 05:37:02,2026-04-01 07:00:00
ACT-0001245,LEAD-002933,USR-0017,Email,2025-11-29 18:47:30,2026-04-01 07:00:00
ACT-0001246,LEAD-002939,USR-0010,Call,2025-10-15 01:43:36,2026-04-01 07:00:00
ACT-0001247,LEAD-002940,USR-0003,Call,2026-03-27 14:52:26,2026-04-01 07:00:00
ACT-0001248,LEAD-002943,USR-0011,Meeting,2025-12-02 17:16:36,2026-04-01 07:00:00
ACT-0001249,LEAD-002946,USR-0006,Meeting,2026-02-05 07:39:43,2026-04-01 07:00:00
ACT-0001250,LEAD-002952,USR-0019,Call,2025-10-26 14:36:02,2026-04-01 07:00:00
ACT-0001251,LEAD-002953,USR-0011,Meeting,2026-03-18 02:53:48,2026-04-01 07:00:00
ACT-0001252,LEAD-002956,USR-0011,Email,2026-01-27 07:08:10,2026-04-01 07:00:00
ACT-0001253,LEAD-002957,USR-0013,Call,2025-09-29 01:55:51,2026-04-01 07:00:00
ACT-0001254,LEAD-002960,USR-0014,Email,2025-12-19 10:16:22,2026-04-01 07:00:00
ACT-0001255,LEAD-002961,USR-0018,Email,2025-10-30 16:05:22,2026-04-01 07:00:00
ACT-0001256,LEAD-002962,USR-0012,Meeting,2026-02-16 16:54:28,2026-04-01 07:00:00
ACT-0001257,LEAD-002966,USR-0015,Call,2025-10-25 15:31:42,2026-04-01 07:00:00
ACT-0001258,LEAD-002973,USR-0013,Meeting,2026-01-06 12:34:26,2026-04-01 07:00:00
ACT-0001259,LEAD-002974,USR-0017,Call,2026-02-06 07:37:46,2026-04-01 07:00:00
ACT-0001260,LEAD-002975,USR-0002,Meeting,2025-11-30 21:41:05,2026-04-01 07:00:00
ACT-0001261,LEAD-002976,USR-0008,Email,2025-11-24 06:02:15,2026-04-01 07:00:00
ACT-0001262,LEAD-002977,USR-0010,Meeting,2026-02-27 00:03:35,2026-04-01 07:00:00
ACT-0001263,LEAD-002979,USR-0001,Email,2025-11-13 13:38:31,2026-04-01 07:00:00
ACT-0001264,LEAD-002984,USR-0007,Meeting,2025-12-18 14:24:35,2026-04-01 07:00:00
ACT-0001265,LEAD-002987,USR-0022,Call,2025-11-05 04:55:54,2026-04-01 07:00:00
ACT-0001266,LEAD-002988,USR-0013,Call,2026-02-25 14:01:41,2026-04-01 07:00:00
ACT-0001267,LEAD-002991,USR-0002,Meeting,2025-10-19 23:41:12,2026-04-01 07:00:00
ACT-0001268,LEAD-002994,USR-0015,Email,2026-03-10 14:51:31,2026-04-01 07:00:00
ACT-0001269,LEAD-002995,USR-0001,Meeting,2025-10-15 21:15:49,2026-04-01 07:00:00
ACT-0001270,LEAD-002996,USR-0001,Meeting,2026-03-04 08:12:34,2026-04-01 07:00:00
ACT-0001271,LEAD-002998,USR-0002,Meeting,2025-11-25 15:48:42,2026-04-01 07:00:00
ACT-0001272,LEAD-003001,USR-0009,Email,2025-11-08 21:53:00,2026-04-01 07:00:00
ACT-0001273,LEAD-003003,USR-0022,Call,2026-03-21 22:37:15,2026-04-01 07:00:00
ACT-0001274,LEAD-003004,USR-0011,Email,2026-03-25 10:22:02,2026-04-01 07:00:00
ACT-0001275,LEAD-003005,USR-0017,Call,2026-02-26 05:51:48,2026-04-01 07:00:00
ACT-0001276,LEAD-003006,USR-0002,Meeting,2025-09-05 17:42:57,2026-04-01 07:00:00
ACT-0001277,LEAD-003007,USR-0020,Email,2026-01-04 09:38:31,2026-04-01 07:00:00
ACT-0001278,LEAD-003009,USR-0006,Email,2025-11-06 12:44:12,2026-04-01 07:00:00
ACT-0001279,LEAD-003010,USR-0006,Meeting,2025-09-02 12:42:42,2026-04-01 07:00:00
ACT-0001280,LEAD-003011,USR-0009,Call,2026-01-20 16:02:43,2026-04-01 07:00:00
ACT-0001281,LEAD-003016,USR-0001,Email,2025-09-25 19:55:42,2026-04-01 07:00:00
ACT-0001282,LEAD-003017,USR-0020,Meeting,2025-11-22 07:24:11,2026-04-01 07:00:00
ACT-0001283,LEAD-003025,USR-0020,Call,2026-01-13 11:21:27,2026-04-01 07:00:00
ACT-0001284,LEAD-003026,USR-0008,Meeting,2025-10-27 13:49:45,2026-04-01 07:00:00
ACT-0001285,LEAD-003028,USR-0009,Call,2025-10-03 03:40:35,2026-04-01 07:00:00
ACT-0001286,LEAD-003029,USR-0008,Meeting,2025-12-16 19:15:30,2026-04-01 07:00:00
ACT-0001287,LEAD-003032,USR-0019,Call,2025-12-24 22:36:24,2026-04-01 07:00:00
ACT-0001288,LEAD-003033,USR-0019,Email,2025-11-06 23:23:17,2026-04-01 07:00:00
ACT-0001289,LEAD-003034,USR-0015,Call,2025-09-07 00:36:03,2026-04-01 07:00:00
ACT-0001290,LEAD-003038,USR-0008,Meeting,2026-01-20 06:18:09,2026-04-01 07:00:00
ACT-0001291,LEAD-003039,USR-0022,Call,2025-09-20 12:25:11,2026-04-01 07:00:00
ACT-0001292,LEAD-003040,USR-0010,Email,2026-03-28 07:38:45,2026-04-01 07:00:00
ACT-0001293,LEAD-003041,USR-0003,Email,2025-12-21 20:23:00,2026-04-01 07:00:00
ACT-0001294,LEAD-003042,USR-0002,Email,2026-02-24 16:24:59,2026-04-01 07:00:00
ACT-0001295,LEAD-003047,USR-0014,Email,2025-11-24 03:16:42,2026-04-01 07:00:00
ACT-0001296,LEAD-003050,USR-0016,Call,2025-12-27 21:03:54,2026-04-01 07:00:00
ACT-0001297,LEAD-003051,USR-0013,Call,2025-11-21 01:09:56,2026-04-01 07:00:00
ACT-0001298,LEAD-003052,USR-0018,Email,2026-02-20 17:07:46,2026-04-01 07:00:00
ACT-0001299,LEAD-003055,USR-0014,Email,2025-11-02 01:00:53,2026-04-01 07:00:00
ACT-0001300,LEAD-003056,USR-0017,Email,2026-02-24 06:48:34,2026-04-01 07:00:00
ACT-0001301,LEAD-003058,USR-0009,Call,2025-10-27 07:21:48,2026-04-01 07:00:00
ACT-0001302,LEAD-003061,USR-0018,Email,2025-11-21 11:12:31,2026-04-01 07:00:00
ACT-0001303,LEAD-003063,USR-0001,Meeting,2026-02-25 06:26:10,2026-04-01 07:00:00
ACT-0001304,LEAD-003067,USR-0008,Meeting,2025-12-05 22:48:41,2026-04-01 07:00:00
ACT-0001305,LEAD-003069,USR-0002,Email,2026-01-09 05:03:01,2026-04-01 07:00:00
ACT-0001306,LEAD-003070,USR-0008,Call,2025-12-22 10:43:51,2026-04-01 07:00:00
ACT-0001307,LEAD-003073,USR-0008,Meeting,2025-09-11 06:08:09,2026-04-01 07:00:00
ACT-0001308,LEAD-003075,USR-0001,Email,2025-09-14 05:19:15,2026-04-01 07:00:00
ACT-0001309,LEAD-003077,USR-0009,Call,2025-12-14 17:47:22,2026-04-01 07:00:00
ACT-0001310,LEAD-003078,USR-0010,Call,2025-11-03 02:44:42,2026-04-01 07:00:00
ACT-0001311,LEAD-003080,USR-0009,Email,2026-03-26 00:32:22,2026-04-01 07:00:00
ACT-0001312,LEAD-003081,USR-0007,Meeting,2025-09-05 13:50:24,2026-04-01 07:00:00
ACT-0001313,LEAD-003083,USR-0010,Call,2025-11-01 04:34:47,2026-04-01 07:00:00
ACT-0001314,LEAD-003084,USR-0013,Email,2025-09-21 19:41:21,2026-04-01 07:00:00
ACT-0001315,LEAD-003090,USR-0018,Meeting,2025-12-15 16:06:32,2026-04-01 07:00:00
ACT-0001316,LEAD-003091,USR-0017,Email,2026-03-10 20:32:11,2026-04-01 07:00:00
ACT-0001317,LEAD-003093,USR-0010,Call,2026-02-16 17:50:45,2026-04-01 07:00:00
ACT-0001318,LEAD-003094,USR-0022,Meeting,2026-02-07 12:41:14,2026-04-01 07:00:00
ACT-0001319,LEAD-003099,USR-0006,Meeting,2026-01-09 21:50:06,2026-04-01 07:00:00
ACT-0001320,LEAD-003100,USR-0019,Meeting,2025-11-01 09:54:01,2026-04-01 07:00:00
ACT-0001321,LEAD-003106,USR-0019,Email,2026-01-04 02:54:35,2026-04-01 07:00:00
ACT-0001322,LEAD-003111,USR-0020,Meeting,2025-09-21 18:05:33,2026-04-01 07:00:00
ACT-0001323,LEAD-003112,USR-0001,Call,2025-10-27 04:59:25,2026-04-01 07:00:00
ACT-0001324,LEAD-003116,USR-0012,Call,2026-03-12 02:40:01,2026-04-01 07:00:00
ACT-0001325,LEAD-003118,USR-0014,Call,2025-10-21 12:03:04,2026-04-01 07:00:00
ACT-0001326,LEAD-003120,USR-0010,Meeting,2026-03-28 18:30:11,2026-04-01 07:00:00
ACT-0001327,LEAD-003121,USR-0019,Call,2025-12-10 01:46:44,2026-04-01 07:00:00
ACT-0001328,LEAD-003123,USR-0018,Email,2025-11-13 02:22:41,2026-04-01 07:00:00
ACT-0001329,LEAD-003125,USR-0011,Email,2026-01-05 17:05:24,2026-04-01 07:00:00
ACT-0001330,LEAD-003127,USR-0012,Meeting,2025-10-14 07:50:23,2026-04-01 07:00:00
ACT-0001331,LEAD-003129,USR-0009,Email,2026-02-25 01:57:56,2026-04-01 07:00:00
ACT-0001332,LEAD-003132,USR-0016,Email,2025-10-16 14:41:27,2026-04-01 07:00:00
ACT-0001333,LEAD-003134,USR-0003,Meeting,2025-12-15 11:01:36,2026-04-01 07:00:00
ACT-0001334,LEAD-003137,USR-0007,Meeting,2025-10-13 04:31:28,2026-04-01 07:00:00
ACT-0001335,LEAD-003144,USR-0012,Email,2025-09-05 21:50:24,2026-04-01 07:00:00
ACT-0001336,LEAD-003145,USR-0007,Meeting,2025-10-16 04:57:38,2026-04-01 07:00:00
ACT-0001337,LEAD-003147,USR-0012,Call,2026-01-14 20:39:36,2026-04-01 07:00:00
ACT-0001338,LEAD-003148,USR-0006,Email,2025-10-29 02:11:30,2026-04-01 07:00:00
ACT-0001339,LEAD-003149,USR-0001,Call,2025-10-30 16:41:51,2026-04-01 07:00:00
ACT-0001340,LEAD-003150,USR-0009,Call,2025-10-27 17:55:34,2026-04-01 07:00:00
ACT-0001341,LEAD-003153,USR-0013,Call,2025-11-14 03:47:56,2026-04-01 07:00:00
ACT-0001342,LEAD-003155,USR-0003,Call,2025-09-14 05:54:27,2026-04-01 07:00:00
ACT-0001343,LEAD-003156,USR-0011,Email,2025-11-26 05:51:48,2026-04-01 07:00:00
ACT-0001344,LEAD-003160,USR-0003,Call,2026-01-01 23:51:29,2026-04-01 07:00:00
ACT-0001345,LEAD-003161,USR-0012,Meeting,2026-03-23 04:14:47,2026-04-01 07:00:00
ACT-0001346,LEAD-003162,USR-0015,Call,2025-09-04 22:12:33,2026-04-01 07:00:00
ACT-0001347,LEAD-003164,USR-0002,Meeting,2026-03-01 22:10:49,2026-04-01 07:00:00
ACT-0001348,LEAD-003165,USR-0006,Email,2026-03-24 01:41:19,2026-04-01 07:00:00
ACT-0001349,LEAD-003166,USR-0006,Meeting,2026-02-02 06:05:19,2026-04-01 07:00:00
ACT-0001350,LEAD-003167,USR-0021,Call,2025-10-14 15:06:49,2026-04-01 07:00:00
ACT-0001351,LEAD-003170,USR-0022,Meeting,2025-12-16 04:44:14,2026-04-01 07:00:00
ACT-0001352,LEAD-003172,USR-0013,Email,2025-09-17 15:58:27,2026-04-01 07:00:00
ACT-0001353,LEAD-003173,USR-0001,Meeting,2025-12-01 02:20:28,2026-04-01 07:00:00
ACT-0001354,LEAD-003177,USR-0008,Email,2026-02-25 06:57:26,2026-04-01 07:00:00
ACT-0001355,LEAD-003179,USR-0010,Email,2026-02-14 21:19:38,2026-04-01 07:00:00
ACT-0001356,LEAD-003184,USR-0006,Call,2025-10-16 03:17:51,2026-04-01 07:00:00
ACT-0001357,LEAD-003185,USR-0012,Email,2025-10-16 23:28:44,2026-04-01 07:00:00
ACT-0001358,LEAD-003186,USR-0002,Call,2025-09-05 06:12:57,2026-04-01 07:00:00
ACT-0001359,LEAD-003189,USR-0011,Meeting,2025-09-30 13:36:15,2026-04-01 07:00:00
ACT-0001360,LEAD-003190,USR-0007,Call,2025-12-05 09:12:17,2026-04-01 07:00:00
ACT-0001361,LEAD-003191,USR-0001,Meeting,2025-11-13 22:06:09,2026-04-01 07:00:00
ACT-0001362,LEAD-003192,USR-0016,Email,2025-12-20 03:08:24,2026-04-01 07:00:00
ACT-0001363,LEAD-003193,USR-0018,Call,2026-01-30 19:51:12,2026-04-01 07:00:00
ACT-0001364,LEAD-003194,USR-0013,Email,2026-02-09 15:16:29,2026-04-01 07:00:00
ACT-0001365,LEAD-003195,USR-0011,Email,2026-01-03 21:48:45,2026-04-01 07:00:00
ACT-0001366,LEAD-003198,USR-0014,Email,2025-11-02 21:11:14,2026-04-01 07:00:00
ACT-0001367,LEAD-003199,USR-0013,Call,2025-09-05 01:23:12,2026-04-01 07:00:00
ACT-0001368,LEAD-003202,USR-0010,Email,2026-03-21 23:52:56,2026-04-01 07:00:00
ACT-0001369,LEAD-003203,USR-0012,Meeting,2025-12-05 04:23:26,2026-04-01 07:00:00
ACT-0001370,LEAD-003205,USR-0014,Email,2025-09-24 15:32:30,2026-04-01 07:00:00
ACT-0001371,LEAD-003207,USR-0022,Meeting,2025-11-10 19:09:42,2026-04-01 07:00:00
ACT-0001372,LEAD-003208,USR-0010,Call,2025-09-18 04:57:40,2026-04-01 07:00:00
ACT-0001373,LEAD-003210,USR-0002,Meeting,2026-02-20 16:34:25,2026-04-01 07:00:00
ACT-0001374,LEAD-003212,USR-0003,Meeting,2026-01-30 16:47:57,2026-04-01 07:00:00
ACT-0001375,LEAD-003214,USR-0012,Call,2026-02-01 05:02:50,2026-04-01 07:00:00
ACT-0001376,LEAD-003216,USR-0019,Email,2026-02-16 08:00:06,2026-04-01 07:00:00
ACT-0001377,LEAD-003217,USR-0012,Meeting,2025-12-02 06:21:57,2026-04-01 07:00:00
ACT-0001378,LEAD-003218,USR-0017,Email,2026-01-15 17:41:51,2026-04-01 07:00:00
ACT-0001379,LEAD-003219,USR-0012,Call,2025-12-26 08:05:55,2026-04-01 07:00:00
ACT-0001380,LEAD-003220,USR-0005,Email,2025-09-22 18:54:31,2026-04-01 07:00:00
ACT-0001381,LEAD-003222,USR-0019,Meeting,2025-09-13 09:14:25,2026-04-01 07:00:00
ACT-0001382,LEAD-003225,USR-0003,Call,2025-12-26 17:09:10,2026-04-01 07:00:00
ACT-0001383,LEAD-003226,USR-0011,Email,2025-12-18 01:33:32,2026-04-01 07:00:00
ACT-0001384,LEAD-003229,USR-0007,Call,2026-03-08 15:05:28,2026-04-01 07:00:00
ACT-0001385,LEAD-003230,USR-0001,Call,2025-11-24 18:42:08,2026-04-01 07:00:00
ACT-0001386,LEAD-003232,USR-0003,Call,2026-01-20 22:19:23,2026-04-01 07:00:00
ACT-0001387,LEAD-003233,USR-0005,Call,2026-01-18 13:46:21,2026-04-01 07:00:00
ACT-0001388,LEAD-003235,USR-0008,Call,2025-09-26 23:04:38,2026-04-01 07:00:00
ACT-0001389,LEAD-003236,USR-0015,Meeting,2026-01-19 06:04:01,2026-04-01 07:00:00
ACT-0001390,LEAD-003239,USR-0003,Call,2026-01-26 01:38:33,2026-04-01 07:00:00
ACT-0001391,LEAD-003240,USR-0017,Meeting,2025-11-02 05:06:38,2026-04-01 07:00:00
ACT-0001392,LEAD-003241,USR-0005,Call,2026-01-23 23:12:58,2026-04-01 07:00:00
ACT-0001393,LEAD-003243,USR-0009,Email,2026-03-11 04:52:42,2026-04-01 07:00:00
ACT-0001394,LEAD-003245,USR-0015,Email,2025-11-22 06:47:04,2026-04-01 07:00:00
ACT-0001395,LEAD-003246,USR-0012,Email,2026-03-27 11:54:18,2026-04-01 07:00:00
ACT-0001396,LEAD-003247,USR-0010,Meeting,2025-10-19 09:10:02,2026-04-01 07:00:00
ACT-0001397,LEAD-003248,USR-0018,Meeting,2025-12-02 21:31:08,2026-04-01 07:00:00
ACT-0001398,LEAD-003250,USR-0020,Email,2025-12-04 21:03:59,2026-04-01 07:00:00
ACT-0001399,LEAD-003251,USR-0010,Call,2025-09-08 07:20:50,2026-04-01 07:00:00
ACT-0001400,LEAD-003255,USR-0012,Email,2025-11-25 22:54:54,2026-04-01 07:00:00
ACT-0001401,LEAD-003257,USR-0010,Meeting,2025-10-03 17:25:53,2026-04-01 07:00:00
ACT-0001402,LEAD-003258,USR-0007,Meeting,2025-12-28 09:56:02,2026-04-01 07:00:00
ACT-0001403,LEAD-003260,USR-0020,Call,2026-03-21 14:20:51,2026-04-01 07:00:00
ACT-0001404,LEAD-003261,USR-0018,Call,2026-01-29 13:38:19,2026-04-01 07:00:00
ACT-0001405,LEAD-003263,USR-0002,Call,2026-02-12 11:08:07,2026-04-01 07:00:00
ACT-0001406,LEAD-003265,USR-0008,Email,2026-03-15 12:58:49,2026-04-01 07:00:00
ACT-0001407,LEAD-003266,USR-0013,Email,2025-11-08 16:58:06,2026-04-01 07:00:00
ACT-0001408,LEAD-003267,USR-0009,Call,2025-10-07 13:09:53,2026-04-01 07:00:00
ACT-0001409,LEAD-003268,USR-0009,Call,2025-09-10 03:01:17,2026-04-01 07:00:00
ACT-0001410,LEAD-003271,USR-0017,Call,2026-03-16 00:56:04,2026-04-01 07:00:00
ACT-0001411,LEAD-003275,USR-0006,Meeting,2025-11-05 06:04:15,2026-04-01 07:00:00
ACT-0001412,LEAD-003287,USR-0006,Call,2025-09-19 15:16:56,2026-04-01 07:00:00
ACT-0001413,LEAD-003288,USR-0022,Call,2025-11-27 00:06:53,2026-04-01 07:00:00
ACT-0001414,LEAD-003293,USR-0022,Email,2025-10-19 21:51:08,2026-04-01 07:00:00
ACT-0001415,LEAD-003294,USR-0016,Call,2025-12-26 21:40:20,2026-04-01 07:00:00
ACT-0001416,LEAD-003295,USR-0016,Call,2025-11-28 01:38:35,2026-04-01 07:00:00
ACT-0001417,LEAD-003298,USR-0001,Meeting,2026-03-03 12:34:34,2026-04-01 07:00:00
ACT-0001418,LEAD-003303,USR-0006,Email,2025-12-16 13:34:11,2026-04-01 07:00:00
ACT-0001419,LEAD-003305,USR-0016,Meeting,2025-10-11 16:25:56,2026-04-01 07:00:00
ACT-0001420,LEAD-003307,USR-0019,Email,2026-03-26 05:40:20,2026-04-01 07:00:00
ACT-0001421,LEAD-003311,USR-0002,Email,2025-11-17 11:02:16,2026-04-01 07:00:00
ACT-0001422,LEAD-003314,USR-0007,Email,2025-09-02 08:22:27,2026-04-01 07:00:00
ACT-0001423,LEAD-003315,USR-0013,Email,2026-01-06 21:48:11,2026-04-01 07:00:00
ACT-0001424,LEAD-003317,USR-0003,Meeting,2025-11-13 05:56:04,2026-04-01 07:00:00
ACT-0001425,LEAD-003323,USR-0008,Call,2025-09-25 02:33:49,2026-04-01 07:00:00
ACT-0001426,LEAD-003325,USR-0010,Meeting,2025-10-16 02:12:12,2026-04-01 07:00:00
ACT-0001427,LEAD-003330,USR-0010,Call,2025-10-23 14:00:19,2026-04-01 07:00:00
ACT-0001428,LEAD-003331,USR-0011,Call,2026-02-14 15:30:51,2026-04-01 07:00:00
ACT-0001429,LEAD-003332,USR-0010,Email,2026-02-13 23:01:13,2026-04-01 07:00:00
ACT-0001430,LEAD-003336,USR-0008,Call,2025-12-07 15:59:49,2026-04-01 07:00:00
ACT-0001431,LEAD-003337,USR-0009,Meeting,2025-12-10 19:43:43,2026-04-01 07:00:00
ACT-0001432,LEAD-003342,USR-0005,Email,2026-01-27 01:13:45,2026-04-01 07:00:00
ACT-0001433,LEAD-003344,USR-0020,Call,2025-10-13 05:42:44,2026-04-01 07:00:00
ACT-0001434,LEAD-003347,USR-0003,Email,2025-09-04 03:37:08,2026-04-01 07:00:00
ACT-0001435,LEAD-003348,USR-0019,Call,2026-01-21 03:13:37,2026-04-01 07:00:00
ACT-0001436,LEAD-003350,USR-0002,Call,2026-01-28 09:08:37,2026-04-01 07:00:00
ACT-0001437,LEAD-003351,USR-0022,Email,2026-02-11 00:01:17,2026-04-01 07:00:00
ACT-0001438,LEAD-003353,USR-0016,Meeting,2025-11-30 20:30:46,2026-04-01 07:00:00
ACT-0001439,LEAD-003355,USR-0007,Email,2026-01-02 17:17:12,2026-04-01 07:00:00
ACT-0001440,LEAD-003357,USR-0011,Meeting,2026-02-24 14:41:32,2026-04-01 07:00:00
ACT-0001441,LEAD-003361,USR-0015,Meeting,2026-03-06 20:07:41,2026-04-01 07:00:00
ACT-0001442,LEAD-003363,USR-0014,Call,2025-11-04 18:34:19,2026-04-01 07:00:00
ACT-0001443,LEAD-003366,USR-0020,Call,2025-11-10 13:13:39,2026-04-01 07:00:00
ACT-0001444,LEAD-003367,USR-0001,Email,2025-12-30 16:17:30,2026-04-01 07:00:00
ACT-0001445,LEAD-003368,USR-0012,Email,2025-09-18 00:15:41,2026-04-01 07:00:00
ACT-0001446,LEAD-003369,USR-0014,Email,2025-11-28 17:23:50,2026-04-01 07:00:00
ACT-0001447,LEAD-003370,USR-0006,Meeting,2026-01-11 03:45:49,2026-04-01 07:00:00
ACT-0001448,LEAD-003374,USR-0019,Call,2026-03-12 21:23:36,2026-04-01 07:00:00
ACT-0001449,LEAD-003375,USR-0009,Email,2026-03-01 07:57:21,2026-04-01 07:00:00
ACT-0001450,LEAD-003377,USR-0007,Meeting,2025-11-05 02:56:47,2026-04-01 07:00:00
ACT-0001451,LEAD-003381,USR-0012,Email,2025-09-11 16:00:22,2026-04-01 07:00:00
ACT-0001452,LEAD-003383,USR-0010,Call,2025-12-26 23:44:44,2026-04-01 07:00:00
ACT-0001453,LEAD-003385,USR-0017,Email,2025-09-15 16:30:14,2026-04-01 07:00:00
ACT-0001454,LEAD-003388,USR-0022,Meeting,2025-11-15 11:58:23,2026-04-01 07:00:00
ACT-0001455,LEAD-003390,USR-0017,Meeting,2026-02-04 18:00:41,2026-04-01 07:00:00
ACT-0001456,LEAD-003398,USR-0015,Email,2025-12-17 03:54:52,2026-04-01 07:00:00
ACT-0001457,LEAD-003400,USR-0021,Email,2026-01-30 22:55:17,2026-04-01 07:00:00
ACT-0001458,LEAD-003401,USR-0010,Call,2025-11-17 10:22:46,2026-04-01 07:00:00
ACT-0001459,LEAD-003406,USR-0002,Email,2025-12-16 15:39:19,2026-04-01 07:00:00
ACT-0001460,LEAD-003407,USR-0005,Call,2025-09-29 00:49:44,2026-04-01 07:00:00
ACT-0001461,LEAD-003419,USR-0015,Call,2025-11-19 16:02:30,2026-04-01 07:00:00
ACT-0001462,LEAD-003423,USR-0006,Email,2025-09-09 03:12:06,2026-04-01 07:00:00
ACT-0001463,LEAD-003424,USR-0021,Meeting,2025-12-15 09:49:05,2026-04-01 07:00:00
ACT-0001464,LEAD-003427,USR-0002,Email,2025-09-12 11:08:05,2026-04-01 07:00:00
ACT-0001465,LEAD-003430,USR-0008,Email,2025-10-27 21:46:35,2026-04-01 07:00:00
ACT-0001466,LEAD-003431,USR-0018,Meeting,2026-03-19 19:22:31,2026-04-01 07:00:00
ACT-0001467,LEAD-003432,USR-0011,Meeting,2026-03-26 04:18:50,2026-04-01 07:00:00
ACT-0001468,LEAD-003434,USR-0016,Call,2025-10-17 23:00:53,2026-04-01 07:00:00
ACT-0001469,LEAD-003435,USR-0008,Call,2025-12-15 21:22:44,2026-04-01 07:00:00
ACT-0001470,LEAD-003436,USR-0009,Meeting,2025-11-19 08:49:42,2026-04-01 07:00:00
ACT-0001471,LEAD-003437,USR-0011,Email,2026-02-15 15:22:49,2026-04-01 07:00:00
ACT-0001472,LEAD-003438,USR-0009,Call,2025-09-16 10:03:08,2026-04-01 07:00:00
ACT-0001473,LEAD-003439,USR-0012,Meeting,2026-03-27 22:59:42,2026-04-01 07:00:00
ACT-0001474,LEAD-003443,USR-0011,Meeting,2025-12-18 19:11:46,2026-04-01 07:00:00
ACT-0001475,LEAD-003444,USR-0012,Meeting,2025-12-23 07:15:59,2026-04-01 07:00:00
ACT-0001476,LEAD-003445,USR-0001,Call,2026-02-21 11:18:35,2026-04-01 07:00:00
ACT-0001477,LEAD-003450,USR-0014,Call,2026-03-18 23:08:50,2026-04-01 07:00:00
ACT-0001478,LEAD-003454,USR-0003,Meeting,2025-10-27 09:39:53,2026-04-01 07:00:00
ACT-0001479,LEAD-003458,USR-0011,Call,2025-11-22 14:45:38,2026-04-01 07:00:00
ACT-0001480,LEAD-003460,USR-0017,Call,2026-03-01 18:04:29,2026-04-01 07:00:00
ACT-0001481,LEAD-003463,USR-0002,Meeting,2025-09-27 07:27:50,2026-04-01 07:00:00
ACT-0001482,LEAD-003466,USR-0015,Meeting,2026-03-04 22:37:19,2026-04-01 07:00:00
ACT-0001483,LEAD-003467,USR-0009,Email,2026-03-11 19:36:12,2026-04-01 07:00:00
ACT-0001484,LEAD-003468,USR-0021,Email,2026-03-18 19:40:36,2026-04-01 07:00:00
ACT-0001485,LEAD-003470,USR-0018,Email,2026-02-12 04:45:47,2026-04-01 07:00:00
ACT-0001486,LEAD-003471,USR-0020,Email,2025-12-15 21:09:06,2026-04-01 07:00:00
ACT-0001487,LEAD-003472,USR-0011,Call,2025-12-07 07:11:47,2026-04-01 07:00:00
ACT-0001488,LEAD-003475,USR-0011,Call,2026-03-11 06:24:08,2026-04-01 07:00:00
ACT-0001489,LEAD-003477,USR-0005,Meeting,2026-03-07 22:58:05,2026-04-01 07:00:00
ACT-0001490,LEAD-003478,USR-0010,Call,2026-03-21 16:01:06,2026-04-01 07:00:00
ACT-0001491,LEAD-003482,USR-0002,Call,2026-03-18 22:29:30,2026-04-01 07:00:00
ACT-0001492,LEAD-003483,USR-0013,Call,2025-10-25 00:49:23,2026-04-01 07:00:00
ACT-0001493,LEAD-003485,USR-0002,Email,2026-03-23 03:18:15,2026-04-01 07:00:00
ACT-0001494,LEAD-003486,USR-0010,Email,2025-09-03 22:27:42,2026-04-01 07:00:00
ACT-0001495,LEAD-003488,USR-0005,Call,2026-03-17 10:35:04,2026-04-01 07:00:00
ACT-0001496,LEAD-003489,USR-0010,Email,2026-02-16 09:51:40,2026-04-01 07:00:00
ACT-0001497,LEAD-003492,USR-0001,Meeting,2026-03-12 10:29:55,2026-04-01 07:00:00
ACT-0001498,LEAD-003493,USR-0009,Call,2026-02-22 15:11:45,2026-04-01 07:00:00
ACT-0001499,LEAD-003495,USR-0008,Call,2025-12-02 00:42:27,2026-04-01 07:00:00
ACT-0001500,LEAD-003503,USR-0010,Meeting,2025-12-27 18:25:16,2026-04-01 07:00:00
ACT-0001501,LEAD-003505,USR-0005,Meeting,2025-11-30 04:34:59,2026-04-01 07:00:00
ACT-0001502,LEAD-003511,USR-0010,Meeting,2026-03-30 03:03:10,2026-04-01 07:00:00
ACT-0001503,LEAD-003513,USR-0010,Meeting,2026-01-12 04:04:54,2026-04-01 07:00:00
ACT-0001504,LEAD-003514,USR-0003,Call,2025-12-10 16:01:35,2026-04-01 07:00:00
ACT-0001505,LEAD-003516,USR-0020,Call,2025-09-19 17:43:44,2026-04-01 07:00:00
ACT-0001506,LEAD-003517,USR-0010,Email,2025-10-22 06:09:48,2026-04-01 07:00:00
ACT-0001507,LEAD-003520,USR-0018,Call,2026-01-13 15:56:45,2026-04-01 07:00:00
ACT-0001508,LEAD-003525,USR-0010,Call,2026-02-05 10:46:10,2026-04-01 07:00:00
ACT-0001509,LEAD-003528,USR-0019,Call,2025-10-11 11:40:22,2026-04-01 07:00:00
ACT-0001510,LEAD-003533,USR-0017,Meeting,2025-11-27 15:33:55,2026-04-01 07:00:00
ACT-0001511,LEAD-003537,USR-0002,Email,2026-02-15 06:51:42,2026-04-01 07:00:00
ACT-0001512,LEAD-003539,USR-0012,Email,2025-09-05 00:59:48,2026-04-01 07:00:00
ACT-0001513,LEAD-003541,USR-0016,Email,2026-01-09 23:33:13,2026-04-01 07:00:00
ACT-0001514,LEAD-003542,USR-0011,Call,2025-09-01 07:38:29,2026-04-01 07:00:00
ACT-0001515,LEAD-003550,USR-0015,Call,2026-01-30 13:01:38,2026-04-01 07:00:00
ACT-0001516,LEAD-003555,USR-0013,Email,2025-10-18 15:18:49,2026-04-01 07:00:00
ACT-0001517,LEAD-003557,USR-0021,Email,2026-02-21 16:40:30,2026-04-01 07:00:00
ACT-0001518,LEAD-003563,USR-0007,Email,2026-03-07 21:55:19,2026-04-01 07:00:00
ACT-0001519,LEAD-003568,USR-0008,Email,2025-09-15 08:05:14,2026-04-01 07:00:00
ACT-0001520,LEAD-003569,USR-0006,Email,2026-01-12 07:07:57,2026-04-01 07:00:00
ACT-0001521,LEAD-003570,USR-0001,Call,2025-12-08 04:21:28,2026-04-01 07:00:00
ACT-0001522,LEAD-003573,USR-0003,Email,2025-11-08 22:01:21,2026-04-01 07:00:00
ACT-0001523,LEAD-003576,USR-0010,Call,2026-03-14 02:47:07,2026-04-01 07:00:00
ACT-0001524,LEAD-003579,USR-0022,Email,2026-01-07 05:49:51,2026-04-01 07:00:00
ACT-0001525,LEAD-003583,USR-0003,Meeting,2025-12-07 19:38:58,2026-04-01 07:00:00
ACT-0001526,LEAD-003584,USR-0011,Meeting,2025-09-28 22:39:29,2026-04-01 07:00:00
ACT-0001527,LEAD-003585,USR-0015,Email,2026-02-07 12:53:31,2026-04-01 07:00:00
ACT-0001528,LEAD-003590,USR-0003,Email,2026-02-23 05:54:59,2026-04-01 07:00:00
ACT-0001529,LEAD-003593,USR-0020,Call,2026-01-11 20:09:02,2026-04-01 07:00:00
ACT-0001530,LEAD-003594,USR-0002,Meeting,2025-10-04 15:27:14,2026-04-01 07:00:00
ACT-0001531,LEAD-003599,USR-0007,Meeting,2025-11-19 05:24:23,2026-04-01 07:00:00
ACT-0001532,LEAD-003603,USR-0010,Email,2025-12-30 16:54:50,2026-04-01 07:00:00
ACT-0001533,LEAD-003604,USR-0014,Email,2025-12-19 20:29:11,2026-04-01 07:00:00
ACT-0001534,LEAD-003608,USR-0002,Call,2026-02-12 06:26:11,2026-04-01 07:00:00
ACT-0001535,LEAD-003610,USR-0012,Email,2025-12-14 18:45:47,2026-04-01 07:00:00
ACT-0001536,LEAD-003611,USR-0021,Meeting,2025-12-19 12:23:49,2026-04-01 07:00:00
ACT-0001537,LEAD-003613,USR-0017,Call,2026-02-26 06:11:03,2026-04-01 07:00:00
ACT-0001538,LEAD-003616,USR-0012,Meeting,2026-01-16 10:56:29,2026-04-01 07:00:00
ACT-0001539,LEAD-003617,USR-0006,Call,2026-02-01 18:38:53,2026-04-01 07:00:00
ACT-0001540,LEAD-003619,USR-0017,Call,2026-02-04 22:48:05,2026-04-01 07:00:00
ACT-0001541,LEAD-003621,USR-0006,Email,2026-01-24 13:18:23,2026-04-01 07:00:00
ACT-0001542,LEAD-003622,USR-0012,Call,2025-11-01 16:44:04,2026-04-01 07:00:00
ACT-0001543,LEAD-003624,USR-0010,Email,2025-10-12 11:03:05,2026-04-01 07:00:00
ACT-0001544,LEAD-003625,USR-0007,Email,2025-09-21 23:04:20,2026-04-01 07:00:00
ACT-0001545,LEAD-003628,USR-0017,Meeting,2026-03-24 20:47:29,2026-04-01 07:00:00
ACT-0001546,LEAD-003629,USR-0017,Meeting,2025-11-01 02:48:56,2026-04-01 07:00:00
ACT-0001547,LEAD-003630,USR-0008,Call,2026-01-18 00:31:59,2026-04-01 07:00:00
ACT-0001548,LEAD-003632,USR-0009,Email,2026-02-11 04:27:21,2026-04-01 07:00:00
ACT-0001549,LEAD-003633,USR-0006,Meeting,2025-11-17 01:32:19,2026-04-01 07:00:00
ACT-0001550,LEAD-003636,USR-0010,Meeting,2025-11-26 03:08:51,2026-04-01 07:00:00
ACT-0001551,LEAD-003638,USR-0010,Call,2025-11-09 17:04:47,2026-04-01 07:00:00
ACT-0001552,LEAD-003639,USR-0018,Meeting,2025-11-01 15:45:40,2026-04-01 07:00:00
ACT-0001553,LEAD-003644,USR-0009,Meeting,2025-09-24 00:03:43,2026-04-01 07:00:00
ACT-0001554,LEAD-003650,USR-0010,Email,2026-03-16 21:03:55,2026-04-01 07:00:00
ACT-0001555,LEAD-003651,USR-0006,Call,2026-03-06 12:38:26,2026-04-01 07:00:00
ACT-0001556,LEAD-003652,USR-0016,Email,2025-12-29 15:41:30,2026-04-01 07:00:00
ACT-0001557,LEAD-003656,USR-0003,Meeting,2026-01-13 04:02:15,2026-04-01 07:00:00
ACT-0001558,LEAD-003657,USR-0015,Email,2026-01-23 15:18:05,2026-04-01 07:00:00
ACT-0001559,LEAD-003660,USR-0002,Email,2025-12-25 20:34:37,2026-04-01 07:00:00
ACT-0001560,LEAD-003663,USR-0015,Email,2025-12-16 11:54:52,2026-04-01 07:00:00
ACT-0001561,LEAD-003665,USR-0002,Email,2026-02-01 10:18:34,2026-04-01 07:00:00
ACT-0001562,LEAD-003666,USR-0009,Call,2026-02-28 23:59:28,2026-04-01 07:00:00
ACT-0001563,LEAD-003670,USR-0009,Email,2025-09-25 16:30:28,2026-04-01 07:00:00
ACT-0001564,LEAD-003672,USR-0014,Meeting,2026-01-21 12:46:04,2026-04-01 07:00:00
ACT-0001565,LEAD-003673,USR-0022,Meeting,2026-02-26 17:44:35,2026-04-01 07:00:00
ACT-0001566,LEAD-003674,USR-0021,Email,2025-12-26 10:38:16,2026-04-01 07:00:00
ACT-0001567,LEAD-003675,USR-0007,Call,2025-11-25 07:04:00,2026-04-01 07:00:00
ACT-0001568,LEAD-003676,USR-0011,Call,2025-11-14 15:12:42,2026-04-01 07:00:00
ACT-0001569,LEAD-003677,USR-0017,Meeting,2026-03-28 17:53:41,2026-04-01 07:00:00
ACT-0001570,LEAD-003680,USR-0016,Email,2025-11-21 06:00:43,2026-04-01 07:00:00
ACT-0001571,LEAD-003684,USR-0002,Meeting,2026-02-12 21:40:14,2026-04-01 07:00:00
ACT-0001572,LEAD-003687,USR-0011,Call,2025-12-29 23:28:09,2026-04-01 07:00:00
ACT-0001573,LEAD-003688,USR-0008,Meeting,2025-11-04 12:40:11,2026-04-01 07:00:00
ACT-0001574,LEAD-003689,USR-0022,Meeting,2026-02-19 02:04:22,2026-04-01 07:00:00
ACT-0001575,LEAD-003690,USR-0007,Call,2026-02-13 23:59:24,2026-04-01 07:00:00
ACT-0001576,LEAD-003692,USR-0008,Call,2026-01-30 19:00:18,2026-04-01 07:00:00
ACT-0001577,LEAD-003695,USR-0005,Email,2025-11-02 00:29:20,2026-04-01 07:00:00
ACT-0001578,LEAD-003698,USR-0014,Call,2026-01-07 08:01:41,2026-04-01 07:00:00
ACT-0001579,LEAD-003700,USR-0012,Email,2025-12-22 14:40:47,2026-04-01 07:00:00
ACT-0001580,LEAD-003701,USR-0018,Meeting,2026-01-12 21:21:57,2026-04-01 07:00:00
ACT-0001581,LEAD-003707,USR-0007,Meeting,2025-11-04 05:21:31,2026-04-01 07:00:00
ACT-0001582,LEAD-003710,USR-0014,Meeting,2025-10-16 06:50:39,2026-04-01 07:00:00
ACT-0001583,LEAD-003711,USR-0009,Call,2026-03-11 18:02:16,2026-04-01 07:00:00
ACT-0001584,LEAD-003712,USR-0014,Meeting,2026-01-26 22:41:37,2026-04-01 07:00:00
ACT-0001585,LEAD-003715,USR-0008,Email,2025-11-08 03:25:37,2026-04-01 07:00:00
ACT-0001586,LEAD-003717,USR-0006,Meeting,2025-10-20 09:15:28,2026-04-01 07:00:00
ACT-0001587,LEAD-003719,USR-0002,Meeting,2026-03-17 10:36:25,2026-04-01 07:00:00
ACT-0001588,LEAD-003720,USR-0003,Meeting,2025-12-22 03:20:47,2026-04-01 07:00:00
ACT-0001589,LEAD-003722,USR-0018,Call,2026-01-05 06:07:08,2026-04-01 07:00:00
ACT-0001590,LEAD-003725,USR-0009,Call,2026-02-21 08:35:33,2026-04-01 07:00:00
ACT-0001591,LEAD-003726,USR-0010,Call,2025-12-10 14:29:30,2026-04-01 07:00:00
ACT-0001592,LEAD-003735,USR-0012,Meeting,2026-01-04 01:46:25,2026-04-01 07:00:00
ACT-0001593,LEAD-003736,USR-0008,Email,2026-02-26 11:07:42,2026-04-01 07:00:00
ACT-0001594,LEAD-003739,USR-0014,Call,2025-11-22 05:10:51,2026-04-01 07:00:00
ACT-0001595,LEAD-003741,USR-0020,Call,2026-01-26 20:14:30,2026-04-01 07:00:00
ACT-0001596,LEAD-003742,USR-0013,Call,2026-02-11 13:15:17,2026-04-01 07:00:00
ACT-0001597,LEAD-003744,USR-0010,Call,2025-12-19 11:01:52,2026-04-01 07:00:00
ACT-0001598,LEAD-003748,USR-0011,Call,2025-12-20 18:32:32,2026-04-01 07:00:00
ACT-0001599,LEAD-003750,USR-0009,Call,2025-11-23 16:46:35,2026-04-01 07:00:00
ACT-0001600,LEAD-003756,USR-0002,Email,2025-11-26 10:06:32,2026-04-01 07:00:00
ACT-0001601,LEAD-003760,USR-0018,Email,2025-12-24 21:19:36,2026-04-01 07:00:00
ACT-0001602,LEAD-003761,USR-0011,Meeting,2025-11-16 21:24:14,2026-04-01 07:00:00
ACT-0001603,LEAD-003765,USR-0006,Call,2026-01-28 04:44:35,2026-04-01 07:00:00
ACT-0001604,LEAD-003766,USR-0011,Email,2026-03-12 08:07:00,2026-04-01 07:00:00
ACT-0001605,LEAD-003767,USR-0020,Meeting,2026-03-22 18:15:18,2026-04-01 07:00:00
ACT-0001606,LEAD-003768,USR-0010,Meeting,2025-10-03 08:23:38,2026-04-01 07:00:00
ACT-0001607,LEAD-003770,USR-0007,Meeting,2025-10-21 22:50:51,2026-04-01 07:00:00
ACT-0001608,LEAD-003775,USR-0018,Meeting,2025-11-16 23:26:01,2026-04-01 07:00:00
ACT-0001609,LEAD-003783,USR-0010,Meeting,2026-03-20 07:09:42,2026-04-01 07:00:00
ACT-0001610,LEAD-003785,USR-0007,Meeting,2025-11-11 17:55:28,2026-04-01 07:00:00
ACT-0001611,LEAD-003787,USR-0006,Email,2026-03-26 02:52:56,2026-04-01 07:00:00
ACT-0001612,LEAD-003789,USR-0012,Call,2025-11-18 08:53:15,2026-04-01 07:00:00
ACT-0001613,LEAD-003791,USR-0016,Email,2025-10-19 02:23:26,2026-04-01 07:00:00
ACT-0001614,LEAD-003792,USR-0002,Email,2025-11-10 02:23:41,2026-04-01 07:00:00
ACT-0001615,LEAD-003795,USR-0006,Meeting,2026-02-21 03:46:26,2026-04-01 07:00:00
ACT-0001616,LEAD-003796,USR-0017,Meeting,2025-11-27 12:01:01,2026-04-01 07:00:00
ACT-0001617,LEAD-003797,USR-0007,Call,2026-01-08 03:40:52,2026-04-01 07:00:00
ACT-0001618,LEAD-003801,USR-0001,Email,2025-09-10 06:50:32,2026-04-01 07:00:00
ACT-0001619,LEAD-003803,USR-0012,Call,2025-11-15 07:18:11,2026-04-01 07:00:00
ACT-0001620,LEAD-003806,USR-0005,Meeting,2025-12-02 14:09:15,2026-04-01 07:00:00
ACT-0001621,LEAD-003808,USR-0013,Email,2026-03-08 10:46:25,2026-04-01 07:00:00
ACT-0001622,LEAD-003809,USR-0007,Meeting,2025-09-17 23:45:54,2026-04-01 07:00:00
ACT-0001623,LEAD-003810,USR-0009,Email,2025-12-01 11:40:12,2026-04-01 07:00:00
ACT-0001624,LEAD-003811,USR-0016,Email,2025-09-13 15:17:58,2026-04-01 07:00:00
ACT-0001625,LEAD-003812,USR-0011,Meeting,2025-11-02 13:46:54,2026-04-01 07:00:00
ACT-0001626,LEAD-003815,USR-0008,Meeting,2026-02-04 08:42:07,2026-04-01 07:00:00
ACT-0001627,LEAD-003818,USR-0015,Call,2025-09-07 00:57:51,2026-04-01 07:00:00
ACT-0001628,LEAD-003819,USR-0016,Meeting,2025-09-16 02:25:38,2026-04-01 07:00:00
ACT-0001629,LEAD-003820,USR-0002,Meeting,2026-01-15 04:34:08,2026-04-01 07:00:00
ACT-0001630,LEAD-003823,USR-0016,Call,2026-02-15 15:39:10,2026-04-01 07:00:00
ACT-0001631,LEAD-003824,USR-0001,Meeting,2025-11-04 11:17:49,2026-04-01 07:00:00
ACT-0001632,LEAD-003825,USR-0012,Email,2025-12-24 22:02:01,2026-04-01 07:00:00
ACT-0001633,LEAD-003827,USR-0022,Meeting,2026-01-23 03:31:05,2026-04-01 07:00:00
ACT-0001634,LEAD-003830,USR-0006,Email,2026-02-01 11:06:25,2026-04-01 07:00:00
ACT-0001635,LEAD-003831,USR-0021,Call,2026-01-03 04:41:02,2026-04-01 07:00:00
ACT-0001636,LEAD-003834,USR-0017,Meeting,2026-03-15 01:44:05,2026-04-01 07:00:00
ACT-0001637,LEAD-003836,USR-0007,Meeting,2025-11-08 03:32:22,2026-04-01 07:00:00
ACT-0001638,LEAD-003837,USR-0012,Call,2025-12-04 12:16:02,2026-04-01 07:00:00
ACT-0001639,LEAD-003840,USR-0018,Meeting,2025-11-30 12:37:25,2026-04-01 07:00:00
ACT-0001640,LEAD-003842,USR-0002,Call,2026-03-28 16:24:45,2026-04-01 07:00:00
ACT-0001641,LEAD-003845,USR-0005,Meeting,2025-09-30 13:52:10,2026-04-01 07:00:00
ACT-0001642,LEAD-003847,USR-0021,Call,2025-12-09 04:58:39,2026-04-01 07:00:00
ACT-0001643,LEAD-003853,USR-0020,Call,2026-02-13 05:29:13,2026-04-01 07:00:00
ACT-0001644,LEAD-003855,USR-0020,Email,2026-02-09 21:27:12,2026-04-01 07:00:00
ACT-0001645,LEAD-003859,USR-0002,Call,2026-01-09 23:08:31,2026-04-01 07:00:00
ACT-0001646,LEAD-003865,USR-0009,Call,2026-03-02 14:59:59,2026-04-01 07:00:00
ACT-0001647,LEAD-003868,USR-0009,Email,2025-10-03 00:43:07,2026-04-01 07:00:00
ACT-0001648,LEAD-003869,USR-0010,Call,2026-01-07 19:25:44,2026-04-01 07:00:00
ACT-0001649,LEAD-003871,USR-0003,Email,2026-02-10 20:49:53,2026-04-01 07:00:00
ACT-0001650,LEAD-003874,USR-0022,Email,2026-03-06 13:12:34,2026-04-01 07:00:00
ACT-0001651,LEAD-003875,USR-0015,Email,2026-01-06 01:57:37,2026-04-01 07:00:00
ACT-0001652,LEAD-003878,USR-0003,Meeting,2025-10-03 09:58:58,2026-04-01 07:00:00
ACT-0001653,LEAD-003879,USR-0008,Email,2026-03-01 20:05:40,2026-04-01 07:00:00
ACT-0001654,LEAD-003880,USR-0016,Call,2025-12-30 06:52:34,2026-04-01 07:00:00
ACT-0001655,LEAD-003887,USR-0018,Email,2025-09-30 06:12:35,2026-04-01 07:00:00
ACT-0001656,LEAD-003895,USR-0021,Email,2025-09-24 18:25:40,2026-04-01 07:00:00
ACT-0001657,LEAD-003899,USR-0011,Call,2025-11-14 22:00:23,2026-04-01 07:00:00
ACT-0001658,LEAD-003900,USR-0016,Meeting,2025-10-22 19:36:34,2026-04-01 07:00:00
ACT-0001659,LEAD-003901,USR-0010,Email,2026-01-10 07:41:19,2026-04-01 07:00:00
ACT-0001660,LEAD-003902,USR-0001,Call,2025-12-03 11:57:27,2026-04-01 07:00:00
ACT-0001661,LEAD-003903,USR-0016,Call,2026-03-12 03:12:00,2026-04-01 07:00:00
ACT-0001662,LEAD-003907,USR-0013,Meeting,2025-12-14 08:07:54,2026-04-01 07:00:00
ACT-0001663,LEAD-003908,USR-0017,Email,2026-03-12 15:22:35,2026-04-01 07:00:00
ACT-0001664,LEAD-003911,USR-0009,Meeting,2026-03-24 05:52:02,2026-04-01 07:00:00
ACT-0001665,LEAD-003912,USR-0006,Call,2025-11-05 11:48:49,2026-04-01 07:00:00
ACT-0001666,LEAD-003913,USR-0011,Meeting,2026-01-16 01:44:58,2026-04-01 07:00:00
ACT-0001667,LEAD-003914,USR-0011,Meeting,2026-01-26 06:32:08,2026-04-01 07:00:00
ACT-0001668,LEAD-003921,USR-0002,Meeting,2025-09-29 03:04:34,2026-04-01 07:00:00
ACT-0001669,LEAD-003925,USR-0010,Call,2025-12-11 17:17:07,2026-04-01 07:00:00
ACT-0001670,LEAD-003926,USR-0007,Email,2025-09-29 11:51:40,2026-04-01 07:00:00
ACT-0001671,LEAD-003927,USR-0011,Meeting,2026-03-20 08:12:09,2026-04-01 07:00:00
ACT-0001672,LEAD-003928,USR-0009,Email,2026-03-02 10:57:59,2026-04-01 07:00:00
ACT-0001673,LEAD-003929,USR-0007,Email,2026-01-08 07:44:18,2026-04-01 07:00:00
ACT-0001674,LEAD-003932,USR-0012,Email,2025-11-15 09:43:56,2026-04-01 07:00:00
ACT-0001675,LEAD-003933,USR-0017,Meeting,2025-10-12 18:54:19,2026-04-01 07:00:00
ACT-0001676,LEAD-003937,USR-0009,Meeting,2026-02-25 15:28:32,2026-04-01 07:00:00
ACT-0001677,LEAD-003939,USR-0007,Meeting,2025-10-30 13:14:35,2026-04-01 07:00:00
ACT-0001678,LEAD-003940,USR-0003,Email,2025-10-18 18:32:30,2026-04-01 07:00:00
ACT-0001679,LEAD-003941,USR-0007,Call,2025-12-31 22:59:32,2026-04-01 07:00:00
ACT-0001680,LEAD-003944,USR-0007,Meeting,2025-11-19 03:28:03,2026-04-01 07:00:00
ACT-0001681,LEAD-003947,USR-0022,Email,2025-09-24 12:53:59,2026-04-01 07:00:00
ACT-0001682,LEAD-003948,USR-0018,Meeting,2025-12-05 00:39:17,2026-04-01 07:00:00
ACT-0001683,LEAD-003949,USR-0009,Meeting,2025-11-23 14:59:21,2026-04-01 07:00:00
ACT-0001684,LEAD-003955,USR-0019,Meeting,2026-02-18 10:32:44,2026-04-01 07:00:00
ACT-0001685,LEAD-003958,USR-0015,Meeting,2026-03-01 12:12:54,2026-04-01 07:00:00
ACT-0001686,LEAD-003960,USR-0015,Email,2025-11-22 12:05:05,2026-04-01 07:00:00
ACT-0001687,LEAD-003961,USR-0005,Email,2025-08-31 19:35:03,2026-04-01 07:00:00
ACT-0001688,LEAD-003962,USR-0018,Email,2026-01-21 13:18:03,2026-04-01 07:00:00
ACT-0001689,LEAD-003964,USR-0014,Meeting,2025-11-17 00:14:00,2026-04-01 07:00:00
ACT-0001690,LEAD-003965,USR-0022,Meeting,2026-01-31 21:42:18,2026-04-01 07:00:00
ACT-0001691,LEAD-003967,USR-0017,Call,2025-11-21 15:53:17,2026-04-01 07:00:00
ACT-0001692,LEAD-003969,USR-0002,Meeting,2025-10-06 05:55:10,2026-04-01 07:00:00
ACT-0001693,LEAD-003971,USR-0003,Meeting,2026-03-03 20:22:06,2026-04-01 07:00:00
ACT-0001694,LEAD-003974,USR-0019,Meeting,2025-12-17 13:37:04,2026-04-01 07:00:00
ACT-0001695,LEAD-003975,USR-0002,Email,2025-11-29 03:45:57,2026-04-01 07:00:00
ACT-0001696,LEAD-003977,USR-0006,Call,2026-01-23 18:53:27,2026-04-01 07:00:00
ACT-0001697,LEAD-003978,USR-0007,Meeting,2026-03-15 19:20:14,2026-04-01 07:00:00
ACT-0001698,LEAD-003980,USR-0009,Call,2025-12-07 11:12:47,2026-04-01 07:00:00
ACT-0001699,LEAD-003982,USR-0009,Call,2025-11-27 20:00:35,2026-04-01 07:00:00
ACT-0001700,LEAD-003984,USR-0014,Call,2026-02-07 19:40:08,2026-04-01 07:00:00
ACT-0001701,LEAD-003988,USR-0010,Call,2026-03-04 16:29:33,2026-04-01 07:00:00
ACT-0001702,LEAD-003990,USR-0012,Call,2026-01-21 14:16:17,2026-04-01 07:00:00
ACT-0001703,LEAD-003991,USR-0012,Email,2025-11-09 17:21:12,2026-04-01 07:00:00
ACT-0001704,LEAD-003996,USR-0022,Meeting,2026-02-02 16:02:52,2026-04-01 07:00:00
ACT-0001705,LEAD-003997,USR-0002,Email,2025-09-24 05:30:36,2026-04-01 07:00:00
ACT-0001706,LEAD-004003,USR-0010,Email,2025-09-09 17:02:31,2026-04-01 07:00:00
ACT-0001707,LEAD-004004,USR-0013,Meeting,2026-01-05 11:44:08,2026-04-01 07:00:00
ACT-0001708,LEAD-004007,USR-0009,Call,2025-10-25 23:09:28,2026-04-01 07:00:00
ACT-0001709,LEAD-004008,USR-0017,Email,2026-02-12 22:01:27,2026-04-01 07:00:00
ACT-0001710,LEAD-004009,USR-0018,Call,2025-12-22 23:33:00,2026-04-01 07:00:00
ACT-0001711,LEAD-004010,USR-0013,Meeting,2026-02-18 06:26:33,2026-04-01 07:00:00
ACT-0001712,LEAD-004011,USR-0019,Meeting,2026-03-04 08:01:14,2026-04-01 07:00:00
ACT-0001713,LEAD-004017,USR-0010,Meeting,2026-02-07 18:17:13,2026-04-01 07:00:00
ACT-0001714,LEAD-004018,USR-0005,Meeting,2025-12-14 11:58:56,2026-04-01 07:00:00
ACT-0001715,LEAD-004019,USR-0006,Meeting,2025-12-27 06:15:40,2026-04-01 07:00:00
ACT-0001716,LEAD-004020,USR-0001,Meeting,2026-02-08 06:39:37,2026-04-01 07:00:00
ACT-0001717,LEAD-004026,USR-0003,Email,2026-03-02 09:12:36,2026-04-01 07:00:00
ACT-0001718,LEAD-004027,USR-0005,Meeting,2025-12-25 12:26:00,2026-04-01 07:00:00
ACT-0001719,LEAD-004029,USR-0011,Email,2025-12-12 01:11:52,2026-04-01 07:00:00
ACT-0001720,LEAD-004031,USR-0001,Call,2025-09-19 06:14:00,2026-04-01 07:00:00
ACT-0001721,LEAD-004032,USR-0005,Meeting,2026-01-02 15:58:30,2026-04-01 07:00:00
ACT-0001722,LEAD-004033,USR-0022,Call,2026-01-11 10:41:35,2026-04-01 07:00:00
ACT-0001723,LEAD-004034,USR-0008,Email,2026-01-04 20:29:34,2026-04-01 07:00:00
ACT-0001724,LEAD-004035,USR-0011,Call,2026-02-27 06:22:20,2026-04-01 07:00:00
ACT-0001725,LEAD-004036,USR-0007,Meeting,2026-03-11 15:20:36,2026-04-01 07:00:00
ACT-0001726,LEAD-004039,USR-0020,Email,2026-01-05 00:19:21,2026-04-01 07:00:00
ACT-0001727,LEAD-004044,USR-0012,Email,2025-11-24 22:15:47,2026-04-01 07:00:00
ACT-0001728,LEAD-004045,USR-0002,Email,2026-01-31 15:00:34,2026-04-01 07:00:00
ACT-0001729,LEAD-004047,USR-0002,Meeting,2025-10-21 17:08:41,2026-04-01 07:00:00
ACT-0001730,LEAD-004050,USR-0006,Meeting,2025-10-18 08:07:46,2026-04-01 07:00:00
ACT-0001731,LEAD-004053,USR-0011,Call,2025-09-22 08:47:09,2026-04-01 07:00:00
ACT-0001732,LEAD-004061,USR-0016,Call,2025-11-02 11:53:36,2026-04-01 07:00:00
ACT-0001733,LEAD-004062,USR-0012,Call,2026-01-23 03:17:28,2026-04-01 07:00:00
ACT-0001734,LEAD-004063,USR-0020,Call,2025-11-11 08:36:59,2026-04-01 07:00:00
ACT-0001735,LEAD-004066,USR-0020,Call,2025-12-27 17:24:09,2026-04-01 07:00:00
ACT-0001736,LEAD-004070,USR-0001,Call,2026-01-19 11:04:25,2026-04-01 07:00:00
ACT-0001737,LEAD-004071,USR-0002,Email,2025-11-19 19:14:08,2026-04-01 07:00:00
ACT-0001738,LEAD-004072,USR-0012,Email,2026-02-26 12:39:54,2026-04-01 07:00:00
ACT-0001739,LEAD-004074,USR-0008,Call,2026-03-28 20:34:46,2026-04-01 07:00:00
ACT-0001740,LEAD-004077,USR-0002,Email,2025-09-28 21:39:29,2026-04-01 07:00:00
ACT-0001741,LEAD-004079,USR-0014,Meeting,2025-12-16 03:52:20,2026-04-01 07:00:00
ACT-0001742,LEAD-004080,USR-0014,Call,2025-09-29 03:25:45,2026-04-01 07:00:00
ACT-0001743,LEAD-004083,USR-0017,Email,2025-11-27 11:47:31,2026-04-01 07:00:00
ACT-0001744,LEAD-004084,USR-0003,Email,2025-11-19 05:13:23,2026-04-01 07:00:00
ACT-0001745,LEAD-004088,USR-0008,Meeting,2026-02-24 06:04:31,2026-04-01 07:00:00
ACT-0001746,LEAD-004092,USR-0010,Email,2026-03-03 19:28:16,2026-04-01 07:00:00
ACT-0001747,LEAD-004094,USR-0005,Meeting,2025-10-21 00:15:37,2026-04-01 07:00:00
ACT-0001748,LEAD-004096,USR-0007,Email,2025-12-04 20:13:56,2026-04-01 07:00:00
ACT-0001749,LEAD-004097,USR-0019,Meeting,2026-01-08 18:50:40,2026-04-01 07:00:00
ACT-0001750,LEAD-004099,USR-0005,Call,2026-02-18 06:27:16,2026-04-01 07:00:00
ACT-0001751,LEAD-004103,USR-0016,Email,2025-12-09 00:35:17,2026-04-01 07:00:00
ACT-0001752,LEAD-004104,USR-0014,Call,2025-11-12 08:29:45,2026-04-01 07:00:00
ACT-0001753,LEAD-004108,USR-0003,Meeting,2025-10-03 16:44:26,2026-04-01 07:00:00
ACT-0001754,LEAD-004110,USR-0005,Meeting,2026-01-16 21:32:00,2026-04-01 07:00:00
ACT-0001755,LEAD-004113,USR-0012,Email,2025-09-03 17:57:37,2026-04-01 07:00:00
ACT-0001756,LEAD-004114,USR-0002,Call,2025-10-12 18:44:44,2026-04-01 07:00:00
ACT-0001757,LEAD-004116,USR-0002,Meeting,2025-10-15 21:38:16,2026-04-01 07:00:00
ACT-0001758,LEAD-004117,USR-0012,Email,2026-02-05 21:21:59,2026-04-01 07:00:00
ACT-0001759,LEAD-004118,USR-0017,Meeting,2026-01-06 08:24:15,2026-04-01 07:00:00
ACT-0001760,LEAD-004119,USR-0006,Email,2026-01-05 17:33:57,2026-04-01 07:00:00
ACT-0001761,LEAD-004126,USR-0018,Email,2025-11-10 12:34:21,2026-04-01 07:00:00
ACT-0001762,LEAD-004127,USR-0007,Meeting,2025-10-21 22:32:01,2026-04-01 07:00:00
ACT-0001763,LEAD-004128,USR-0015,Email,2026-02-16 10:11:57,2026-04-01 07:00:00
ACT-0001764,LEAD-004129,USR-0011,Email,2025-10-29 23:24:21,2026-04-01 07:00:00
ACT-0001765,LEAD-004134,USR-0021,Email,2025-09-19 03:29:00,2026-04-01 07:00:00
ACT-0001766,LEAD-004136,USR-0010,Call,2025-10-15 23:57:55,2026-04-01 07:00:00
ACT-0001767,LEAD-004138,USR-0005,Email,2025-10-19 06:57:58,2026-04-01 07:00:00
ACT-0001768,LEAD-004139,USR-0022,Email,2026-02-10 02:09:47,2026-04-01 07:00:00
ACT-0001769,LEAD-004142,USR-0016,Meeting,2026-01-16 19:02:08,2026-04-01 07:00:00
ACT-0001770,LEAD-004145,USR-0007,Email,2026-01-01 14:48:07,2026-04-01 07:00:00
ACT-0001771,LEAD-004146,USR-0020,Call,2026-01-18 23:42:50,2026-04-01 07:00:00
ACT-0001772,LEAD-004148,USR-0020,Call,2025-12-06 11:35:59,2026-04-01 07:00:00
ACT-0001773,LEAD-004149,USR-0002,Call,2026-02-15 21:16:47,2026-04-01 07:00:00
ACT-0001774,LEAD-004150,USR-0010,Call,2025-10-06 00:27:49,2026-04-01 07:00:00
ACT-0001775,LEAD-004152,USR-0003,Meeting,2026-03-25 01:40:53,2026-04-01 07:00:00
ACT-0001776,LEAD-004154,USR-0012,Meeting,2025-09-01 19:23:00,2026-04-01 07:00:00
ACT-0001777,LEAD-004155,USR-0009,Email,2025-12-16 13:59:19,2026-04-01 07:00:00
ACT-0001778,LEAD-004159,USR-0010,Email,2025-11-15 01:38:09,2026-04-01 07:00:00
ACT-0001779,LEAD-004160,USR-0011,Email,2025-10-17 23:13:03,2026-04-01 07:00:00
ACT-0001780,LEAD-004162,USR-0011,Email,2026-01-31 18:54:53,2026-04-01 07:00:00
ACT-0001781,LEAD-004166,USR-0012,Email,2025-12-22 11:06:07,2026-04-01 07:00:00
ACT-0001782,LEAD-004167,USR-0005,Email,2026-02-06 14:01:21,2026-04-01 07:00:00
ACT-0001783,LEAD-004171,USR-0007,Call,2025-10-25 00:36:44,2026-04-01 07:00:00
ACT-0001784,LEAD-004175,USR-0018,Meeting,2026-03-26 15:49:34,2026-04-01 07:00:00
ACT-0001785,LEAD-004176,USR-0003,Email,2025-10-10 19:31:41,2026-04-01 07:00:00
ACT-0001786,LEAD-004178,USR-0002,Meeting,2025-10-05 08:23:39,2026-04-01 07:00:00
ACT-0001787,LEAD-004179,USR-0012,Call,2026-03-03 21:16:37,2026-04-01 07:00:00
ACT-0001788,LEAD-004181,USR-0019,Email,2026-01-29 08:38:03,2026-04-01 07:00:00
ACT-0001789,LEAD-004187,USR-0016,Email,2025-12-19 18:06:34,2026-04-01 07:00:00
ACT-0001790,LEAD-004188,USR-0003,Meeting,2025-12-09 10:26:45,2026-04-01 07:00:00
ACT-0001791,LEAD-004190,USR-0008,Meeting,2025-11-24 04:17:31,2026-04-01 07:00:00
ACT-0001792,LEAD-004192,USR-0005,Email,2026-02-21 12:20:47,2026-04-01 07:00:00
ACT-0001793,LEAD-004193,USR-0015,Call,2026-03-15 08:05:40,2026-04-01 07:00:00
ACT-0001794,LEAD-004197,USR-0003,Email,2025-10-18 19:37:17,2026-04-01 07:00:00
ACT-0001795,LEAD-004201,USR-0019,Email,2025-09-19 11:23:53,2026-04-01 07:00:00
ACT-0001796,LEAD-004202,USR-0012,Call,2026-01-23 00:31:44,2026-04-01 07:00:00
ACT-0001797,LEAD-004206,USR-0003,Meeting,2025-09-14 08:20:31,2026-04-01 07:00:00
ACT-0001798,LEAD-004207,USR-0011,Call,2025-11-13 12:51:37,2026-04-01 07:00:00
ACT-0001799,LEAD-004208,USR-0001,Email,2025-10-04 22:38:34,2026-04-01 07:00:00
ACT-0001800,LEAD-004209,USR-0009,Meeting,2025-12-01 04:20:53,2026-04-01 07:00:00
ACT-0001801,LEAD-004210,USR-0012,Email,2025-10-25 18:15:43,2026-04-01 07:00:00
ACT-0001802,LEAD-004211,USR-0006,Email,2026-01-05 22:46:33,2026-04-01 07:00:00
ACT-0001803,LEAD-004212,USR-0007,Call,2026-03-21 15:18:16,2026-04-01 07:00:00
ACT-0001804,LEAD-004215,USR-0013,Meeting,2026-02-22 11:47:24,2026-04-01 07:00:00
ACT-0001805,LEAD-004217,USR-0010,Email,2025-11-22 21:23:07,2026-04-01 07:00:00
ACT-0001806,LEAD-004220,USR-0015,Email,2026-03-30 11:08:32,2026-04-01 07:00:00
ACT-0001807,LEAD-004221,USR-0010,Email,2025-12-22 03:32:10,2026-04-01 07:00:00
ACT-0001808,LEAD-004223,USR-0011,Meeting,2025-09-20 02:32:17,2026-04-01 07:00:00
ACT-0001809,LEAD-004227,USR-0012,Meeting,2025-12-10 12:21:54,2026-04-01 07:00:00
ACT-0001810,LEAD-004229,USR-0012,Meeting,2026-01-31 11:46:06,2026-04-01 07:00:00
ACT-0001811,LEAD-004231,USR-0008,Email,2026-02-26 21:06:34,2026-04-01 07:00:00
ACT-0001812,LEAD-004232,USR-0018,Call,2026-01-08 22:08:41,2026-04-01 07:00:00
ACT-0001813,LEAD-004234,USR-0005,Email,2025-11-29 22:56:05,2026-04-01 07:00:00
ACT-0001814,LEAD-004237,USR-0010,Meeting,2026-03-09 19:02:19,2026-04-01 07:00:00
ACT-0001815,LEAD-004245,USR-0005,Meeting,2026-02-12 14:49:47,2026-04-01 07:00:00
ACT-0001816,LEAD-004246,USR-0011,Meeting,2025-10-09 04:12:16,2026-04-01 07:00:00
ACT-0001817,LEAD-004247,USR-0010,Call,2026-03-23 20:07:38,2026-04-01 07:00:00
ACT-0001818,LEAD-004249,USR-0019,Call,2025-10-01 13:45:35,2026-04-01 07:00:00
ACT-0001819,LEAD-004252,USR-0008,Email,2026-03-19 11:46:30,2026-04-01 07:00:00
ACT-0001820,LEAD-004254,USR-0006,Meeting,2025-11-10 13:10:55,2026-04-01 07:00:00
ACT-0001821,LEAD-004261,USR-0003,Email,2025-10-18 15:49:06,2026-04-01 07:00:00
ACT-0001822,LEAD-004263,USR-0011,Call,2025-10-21 20:39:45,2026-04-01 07:00:00
ACT-0001823,LEAD-004266,USR-0005,Meeting,2025-12-03 04:51:05,2026-04-01 07:00:00
ACT-0001824,LEAD-004269,USR-0002,Email,2025-09-23 15:22:20,2026-04-01 07:00:00
ACT-0001825,LEAD-004270,USR-0005,Email,2026-02-16 20:35:19,2026-04-01 07:00:00
ACT-0001826,LEAD-004271,USR-0011,Email,2026-01-17 09:08:52,2026-04-01 07:00:00
ACT-0001827,LEAD-004274,USR-0009,Call,2025-12-31 22:10:53,2026-04-01 07:00:00
ACT-0001828,LEAD-004276,USR-0019,Email,2026-01-06 01:25:30,2026-04-01 07:00:00
ACT-0001829,LEAD-004278,USR-0008,Call,2025-11-28 17:35:49,2026-04-01 07:00:00
ACT-0001830,LEAD-004282,USR-0011,Email,2026-02-05 11:24:43,2026-04-01 07:00:00
ACT-0001831,LEAD-004284,USR-0015,Email,2026-02-22 22:02:23,2026-04-01 07:00:00
ACT-0001832,LEAD-004286,USR-0002,Email,2026-03-30 09:11:43,2026-04-01 07:00:00
ACT-0001833,LEAD-004287,USR-0015,Meeting,2026-01-30 14:41:52,2026-04-01 07:00:00
ACT-0001834,LEAD-004289,USR-0008,Meeting,2026-03-25 03:12:45,2026-04-01 07:00:00
ACT-0001835,LEAD-004292,USR-0001,Meeting,2026-01-02 04:24:05,2026-04-01 07:00:00
ACT-0001836,LEAD-004294,USR-0017,Email,2025-10-10 12:39:13,2026-04-01 07:00:00
ACT-0001837,LEAD-004298,USR-0003,Email,2025-10-22 02:29:06,2026-04-01 07:00:00
ACT-0001838,LEAD-004299,USR-0012,Meeting,2026-03-03 07:24:30,2026-04-01 07:00:00
ACT-0001839,LEAD-004300,USR-0020,Call,2025-12-05 23:28:31,2026-04-01 07:00:00
ACT-0001840,LEAD-004302,USR-0022,Email,2025-11-03 06:14:44,2026-04-01 07:00:00
ACT-0001841,LEAD-004303,USR-0010,Meeting,2025-12-22 13:44:45,2026-04-01 07:00:00
ACT-0001842,LEAD-004304,USR-0012,Meeting,2025-11-29 07:59:20,2026-04-01 07:00:00
ACT-0001843,LEAD-004305,USR-0017,Call,2026-02-11 06:32:03,2026-04-01 07:00:00
ACT-0001844,LEAD-004313,USR-0002,Email,2025-12-09 19:06:32,2026-04-01 07:00:00
ACT-0001845,LEAD-004316,USR-0009,Call,2025-12-06 15:10:09,2026-04-01 07:00:00
ACT-0001846,LEAD-004317,USR-0010,Meeting,2025-10-20 18:57:28,2026-04-01 07:00:00
ACT-0001847,LEAD-004320,USR-0016,Meeting,2025-12-26 18:45:19,2026-04-01 07:00:00
ACT-0001848,LEAD-004326,USR-0008,Email,2026-02-10 17:42:36,2026-04-01 07:00:00
ACT-0001849,LEAD-004327,USR-0012,Call,2025-10-29 00:07:49,2026-04-01 07:00:00
ACT-0001850,LEAD-004329,USR-0019,Call,2025-12-12 12:14:13,2026-04-01 07:00:00
ACT-0001851,LEAD-004330,USR-0019,Meeting,2026-02-05 07:53:18,2026-04-01 07:00:00
ACT-0001852,LEAD-004332,USR-0011,Email,2025-11-26 14:15:38,2026-04-01 07:00:00
ACT-0001853,LEAD-004334,USR-0020,Email,2026-03-23 12:21:18,2026-04-01 07:00:00
ACT-0001854,LEAD-004337,USR-0009,Call,2025-10-18 07:19:28,2026-04-01 07:00:00
ACT-0001855,LEAD-004342,USR-0018,Meeting,2025-11-16 07:32:15,2026-04-01 07:00:00
ACT-0001856,LEAD-004345,USR-0019,Email,2025-09-06 09:47:34,2026-04-01 07:00:00
ACT-0001857,LEAD-004346,USR-0002,Email,2026-01-20 21:57:10,2026-04-01 07:00:00
ACT-0001858,LEAD-004348,USR-0008,Meeting,2025-11-06 14:16:01,2026-04-01 07:00:00
ACT-0001859,LEAD-004349,USR-0001,Call,2026-03-14 03:18:39,2026-04-01 07:00:00
ACT-0001860,LEAD-004350,USR-0001,Meeting,2025-10-31 19:25:10,2026-04-01 07:00:00
ACT-0001861,LEAD-004353,USR-0017,Meeting,2026-02-01 03:49:08,2026-04-01 07:00:00
ACT-0001862,LEAD-004357,USR-0009,Call,2025-10-23 19:30:52,2026-04-01 07:00:00
ACT-0001863,LEAD-004358,USR-0013,Call,2025-10-17 17:26:09,2026-04-01 07:00:00
ACT-0001864,LEAD-004359,USR-0005,Email,2025-11-27 04:59:05,2026-04-01 07:00:00
ACT-0001865,LEAD-004360,USR-0020,Call,2025-11-19 15:51:03,2026-04-01 07:00:00
ACT-0001866,LEAD-004361,USR-0007,Email,2026-03-23 19:38:22,2026-04-01 07:00:00
ACT-0001867,LEAD-004362,USR-0007,Email,2026-01-11 12:23:38,2026-04-01 07:00:00
ACT-0001868,LEAD-004364,USR-0001,Email,2025-10-12 00:48:04,2026-04-01 07:00:00
ACT-0001869,LEAD-004372,USR-0020,Email,2025-12-17 23:11:17,2026-04-01 07:00:00
ACT-0001870,LEAD-004373,USR-0021,Meeting,2025-11-04 07:11:54,2026-04-01 07:00:00
ACT-0001871,LEAD-004374,USR-0012,Meeting,2025-11-20 05:35:06,2026-04-01 07:00:00
ACT-0001872,LEAD-004377,USR-0012,Call,2025-10-12 01:23:06,2026-04-01 07:00:00
ACT-0001873,LEAD-004379,USR-0009,Call,2026-03-10 16:18:28,2026-04-01 07:00:00
ACT-0001874,LEAD-004380,USR-0014,Email,2025-12-26 07:58:49,2026-04-01 07:00:00
ACT-0001875,LEAD-004382,USR-0017,Email,2026-01-16 19:13:07,2026-04-01 07:00:00
ACT-0001876,LEAD-004384,USR-0006,Call,2025-12-21 02:53:46,2026-04-01 07:00:00
ACT-0001877,LEAD-004385,USR-0007,Call,2025-10-06 14:35:32,2026-04-01 07:00:00
ACT-0001878,LEAD-004392,USR-0013,Call,2026-02-07 20:30:30,2026-04-01 07:00:00
ACT-0001879,LEAD-004394,USR-0015,Meeting,2026-03-15 14:13:00,2026-04-01 07:00:00
ACT-0001880,LEAD-004396,USR-0008,Email,2025-12-02 01:44:02,2026-04-01 07:00:00
ACT-0001881,LEAD-004398,USR-0001,Meeting,2025-09-05 21:23:55,2026-04-01 07:00:00
ACT-0001882,LEAD-004404,USR-0002,Call,2025-10-02 02:34:15,2026-04-01 07:00:00
ACT-0001883,LEAD-004405,USR-0002,Email,2025-12-21 05:25:32,2026-04-01 07:00:00
ACT-0001884,LEAD-004407,USR-0006,Email,2025-11-18 23:00:10,2026-04-01 07:00:00
ACT-0001885,LEAD-004408,USR-0005,Email,2026-01-13 17:00:10,2026-04-01 07:00:00
ACT-0001886,LEAD-004411,USR-0022,Email,2025-09-08 10:11:48,2026-04-01 07:00:00
ACT-0001887,LEAD-004417,USR-0009,Email,2025-12-30 17:21:45,2026-04-01 07:00:00
ACT-0001888,LEAD-004419,USR-0010,Email,2026-02-27 07:13:31,2026-04-01 07:00:00
ACT-0001889,LEAD-004422,USR-0015,Meeting,2025-12-17 18:46:49,2026-04-01 07:00:00
ACT-0001890,LEAD-004423,USR-0016,Call,2025-12-02 09:28:02,2026-04-01 07:00:00
ACT-0001891,LEAD-004424,USR-0008,Meeting,2025-11-09 23:56:34,2026-04-01 07:00:00
ACT-0001892,LEAD-004426,USR-0015,Meeting,2025-10-15 04:50:13,2026-04-01 07:00:00
ACT-0001893,LEAD-004432,USR-0017,Email,2025-09-25 10:45:02,2026-04-01 07:00:00
ACT-0001894,LEAD-004433,USR-0002,Call,2026-01-15 17:00:17,2026-04-01 07:00:00
ACT-0001895,LEAD-004434,USR-0012,Email,2025-12-19 01:18:17,2026-04-01 07:00:00
ACT-0001896,LEAD-004435,USR-0006,Meeting,2025-12-09 05:47:46,2026-04-01 07:00:00
ACT-0001897,LEAD-004440,USR-0007,Meeting,2025-10-20 10:39:11,2026-04-01 07:00:00
ACT-0001898,LEAD-004443,USR-0001,Call,2026-01-27 01:44:57,2026-04-01 07:00:00
ACT-0001899,LEAD-004449,USR-0009,Call,2025-10-18 08:55:17,2026-04-01 07:00:00
ACT-0001900,LEAD-004450,USR-0008,Email,2026-01-08 15:41:04,2026-04-01 07:00:00
ACT-0001901,LEAD-004451,USR-0003,Meeting,2025-09-27 02:10:20,2026-04-01 07:00:00
ACT-0001902,LEAD-004454,USR-0015,Meeting,2026-02-12 18:04:23,2026-04-01 07:00:00
ACT-0001903,LEAD-004458,USR-0022,Call,2026-01-09 16:08:19,2026-04-01 07:00:00
ACT-0001904,LEAD-004461,USR-0013,Meeting,2026-02-08 17:00:23,2026-04-01 07:00:00
ACT-0001905,LEAD-004462,USR-0014,Call,2025-12-22 13:10:12,2026-04-01 07:00:00
ACT-0001906,LEAD-004470,USR-0022,Email,2025-12-01 05:46:37,2026-04-01 07:00:00
ACT-0001907,LEAD-004472,USR-0022,Email,2025-12-14 07:52:07,2026-04-01 07:00:00
ACT-0001908,LEAD-004473,USR-0002,Email,2025-09-29 13:32:04,2026-04-01 07:00:00
ACT-0001909,LEAD-004476,USR-0009,Call,2025-09-14 03:35:06,2026-04-01 07:00:00
ACT-0001910,LEAD-004478,USR-0003,Email,2026-01-19 22:07:09,2026-04-01 07:00:00
ACT-0001911,LEAD-004479,USR-0015,Call,2025-12-24 02:01:04,2026-04-01 07:00:00
ACT-0001912,LEAD-004481,USR-0006,Email,2025-12-30 10:11:07,2026-04-01 07:00:00
ACT-0001913,LEAD-004483,USR-0011,Meeting,2025-09-15 09:16:11,2026-04-01 07:00:00
ACT-0001914,LEAD-004487,USR-0007,Call,2025-10-11 08:03:27,2026-04-01 07:00:00
ACT-0001915,LEAD-004495,USR-0003,Call,2026-02-24 21:48:47,2026-04-01 07:00:00
ACT-0001916,LEAD-004496,USR-0003,Call,2025-11-08 02:05:40,2026-04-01 07:00:00
ACT-0001917,LEAD-004498,USR-0018,Email,2025-09-28 21:57:17,2026-04-01 07:00:00
ACT-0001918,LEAD-004499,USR-0016,Email,2025-10-02 23:08:42,2026-04-01 07:00:00
ACT-0001919,LEAD-004500,USR-0015,Call,2025-09-10 08:37:28,2026-04-01 07:00:00
ACT-0001920,LEAD-004504,USR-0006,Meeting,2025-12-17 11:42:58,2026-04-01 07:00:00
ACT-0001921,LEAD-004505,USR-0013,Email,2026-02-26 23:45:52,2026-04-01 07:00:00
ACT-0001922,LEAD-004507,USR-0017,Call,2026-01-06 23:05:30,2026-04-01 07:00:00
ACT-0001923,LEAD-004509,USR-0003,Meeting,2025-12-11 09:58:20,2026-04-01 07:00:00
ACT-0001924,LEAD-004511,USR-0011,Call,2026-02-01 03:06:06,2026-04-01 07:00:00
ACT-0001925,LEAD-004516,USR-0009,Call,2025-12-21 19:34:47,2026-04-01 07:00:00
ACT-0001926,LEAD-004517,USR-0009,Meeting,2025-12-26 11:00:27,2026-04-01 07:00:00
ACT-0001927,LEAD-004518,USR-0013,Meeting,2025-10-28 05:22:54,2026-04-01 07:00:00
ACT-0001928,LEAD-004519,USR-0005,Meeting,2026-03-06 16:19:32,2026-04-01 07:00:00
ACT-0001929,LEAD-004521,USR-0012,Email,2025-09-27 12:22:14,2026-04-01 07:00:00
ACT-0001930,LEAD-004522,USR-0011,Email,2026-02-13 05:59:42,2026-04-01 07:00:00
ACT-0001931,LEAD-004529,USR-0008,Email,2026-03-04 23:25:22,2026-04-01 07:00:00
ACT-0001932,LEAD-004531,USR-0009,Email,2026-03-17 00:25:30,2026-04-01 07:00:00
ACT-0001933,LEAD-004532,USR-0012,Meeting,2025-09-12 21:38:14,2026-04-01 07:00:00
ACT-0001934,LEAD-004535,USR-0009,Email,2025-10-16 02:22:56,2026-04-01 07:00:00
ACT-0001935,LEAD-004536,USR-0009,Email,2026-01-22 18:44:38,2026-04-01 07:00:00
ACT-0001936,LEAD-004539,USR-0007,Email,2025-11-01 05:56:32,2026-04-01 07:00:00
ACT-0001937,LEAD-004546,USR-0020,Email,2025-12-24 18:23:11,2026-04-01 07:00:00
ACT-0001938,LEAD-004547,USR-0019,Meeting,2025-11-30 14:21:14,2026-04-01 07:00:00
ACT-0001939,LEAD-004561,USR-0017,Call,2026-02-03 11:55:28,2026-04-01 07:00:00
ACT-0001940,LEAD-004562,USR-0019,Call,2025-11-10 14:39:59,2026-04-01 07:00:00
ACT-0001941,LEAD-004563,USR-0014,Email,2025-09-19 20:42:24,2026-04-01 07:00:00
ACT-0001942,LEAD-004566,USR-0012,Email,2025-09-07 09:51:38,2026-04-01 07:00:00
ACT-0001943,LEAD-004568,USR-0016,Email,2025-11-10 12:33:03,2026-04-01 07:00:00
ACT-0001944,LEAD-004569,USR-0022,Meeting,2025-10-03 00:28:50,2026-04-01 07:00:00
ACT-0001945,LEAD-004570,USR-0015,Meeting,2026-01-11 15:10:38,2026-04-01 07:00:00
ACT-0001946,LEAD-004571,USR-0008,Meeting,2025-12-22 20:58:20,2026-04-01 07:00:00
ACT-0001947,LEAD-004572,USR-0008,Meeting,2026-01-03 18:45:04,2026-04-01 07:00:00
ACT-0001948,LEAD-004573,USR-0013,Email,2025-10-12 12:49:58,2026-04-01 07:00:00
ACT-0001949,LEAD-004574,USR-0011,Email,2026-02-27 03:35:10,2026-04-01 07:00:00
ACT-0001950,LEAD-004577,USR-0002,Email,2026-02-01 03:51:07,2026-04-01 07:00:00
ACT-0001951,LEAD-004579,USR-0002,Meeting,2025-11-24 16:22:59,2026-04-01 07:00:00
ACT-0001952,LEAD-004580,USR-0014,Meeting,2026-01-09 06:28:06,2026-04-01 07:00:00
ACT-0001953,LEAD-004582,USR-0016,Email,2025-09-05 17:44:35,2026-04-01 07:00:00
ACT-0001954,LEAD-004584,USR-0019,Email,2025-10-01 02:51:27,2026-04-01 07:00:00
ACT-0001955,LEAD-004591,USR-0018,Call,2025-11-26 14:05:57,2026-04-01 07:00:00
ACT-0001956,LEAD-004592,USR-0015,Call,2026-03-07 18:14:51,2026-04-01 07:00:00
ACT-0001957,LEAD-004593,USR-0006,Email,2025-11-10 08:48:56,2026-04-01 07:00:00
ACT-0001958,LEAD-004594,USR-0015,Call,2025-12-15 12:10:47,2026-04-01 07:00:00
ACT-0001959,LEAD-004595,USR-0015,Email,2026-02-27 02:51:22,2026-04-01 07:00:00
ACT-0001960,LEAD-004596,USR-0002,Meeting,2025-11-03 19:28:07,2026-04-01 07:00:00
ACT-0001961,LEAD-004597,USR-0013,Meeting,2026-02-21 14:28:31,2026-04-01 07:00:00
ACT-0001962,LEAD-004602,USR-0022,Meeting,2025-09-01 21:07:35,2026-04-01 07:00:00
ACT-0001963,LEAD-004604,USR-0008,Meeting,2025-09-05 00:28:00,2026-04-01 07:00:00
ACT-0001964,LEAD-004607,USR-0020,Meeting,2025-09-20 00:01:56,2026-04-01 07:00:00
ACT-0001965,LEAD-004608,USR-0011,Call,2026-01-31 16:02:24,2026-04-01 07:00:00
ACT-0001966,LEAD-004609,USR-0002,Meeting,2025-11-14 00:43:53,2026-04-01 07:00:00
ACT-0001967,LEAD-004613,USR-0012,Email,2025-11-10 10:10:59,2026-04-01 07:00:00
ACT-0001968,LEAD-004621,USR-0015,Email,2026-01-19 19:36:06,2026-04-01 07:00:00
ACT-0001969,LEAD-004622,USR-0009,Email,2026-03-18 19:37:25,2026-04-01 07:00:00
ACT-0001970,LEAD-004625,USR-0001,Meeting,2026-01-13 11:37:19,2026-04-01 07:00:00
ACT-0001971,LEAD-004626,USR-0022,Call,2026-02-28 11:40:20,2026-04-01 07:00:00
ACT-0001972,LEAD-004629,USR-0006,Meeting,2025-11-21 03:13:52,2026-04-01 07:00:00
ACT-0001973,LEAD-004631,USR-0007,Email,2025-11-20 02:36:42,2026-04-01 07:00:00
ACT-0001974,LEAD-004637,USR-0010,Meeting,2025-11-01 06:46:40,2026-04-01 07:00:00
ACT-0001975,LEAD-004640,USR-0020,Email,2026-02-20 13:30:44,2026-04-01 07:00:00
ACT-0001976,LEAD-004642,USR-0014,Meeting,2026-03-01 16:53:47,2026-04-01 07:00:00
ACT-0001977,LEAD-004645,USR-0010,Email,2026-02-25 07:08:59,2026-04-01 07:00:00
ACT-0001978,LEAD-004646,USR-0003,Call,2026-03-20 19:00:33,2026-04-01 07:00:00
ACT-0001979,LEAD-004648,USR-0003,Meeting,2025-10-30 10:49:52,2026-04-01 07:00:00
ACT-0001980,LEAD-004650,USR-0007,Meeting,2025-12-29 09:29:51,2026-04-01 07:00:00
ACT-0001981,LEAD-004651,USR-0016,Meeting,2025-11-21 10:22:00,2026-04-01 07:00:00
ACT-0001982,LEAD-004659,USR-0015,Meeting,2025-09-15 19:57:27,2026-04-01 07:00:00
ACT-0001983,LEAD-004662,USR-0007,Meeting,2025-11-20 03:25:45,2026-04-01 07:00:00
ACT-0001984,LEAD-004666,USR-0021,Email,2026-01-22 00:49:34,2026-04-01 07:00:00
ACT-0001985,LEAD-004667,USR-0019,Meeting,2025-12-09 23:50:35,2026-04-01 07:00:00
ACT-0001986,LEAD-004668,USR-0007,Email,2025-10-29 02:02:23,2026-04-01 07:00:00
ACT-0001987,LEAD-004669,USR-0021,Call,2025-09-04 16:03:21,2026-04-01 07:00:00
ACT-0001988,LEAD-004670,USR-0013,Call,2026-03-30 08:33:52,2026-04-01 07:00:00
ACT-0001989,LEAD-004672,USR-0018,Meeting,2025-12-23 13:59:13,2026-04-01 07:00:00
ACT-0001990,LEAD-004674,USR-0007,Meeting,2025-12-15 03:08:43,2026-04-01 07:00:00
ACT-0001991,LEAD-004676,USR-0015,Meeting,2026-03-14 05:39:53,2026-04-01 07:00:00
ACT-0001992,LEAD-004678,USR-0007,Meeting,2025-12-28 17:15:14,2026-04-01 07:00:00
ACT-0001993,LEAD-004680,USR-0005,Meeting,2026-02-27 05:08:56,2026-04-01 07:00:00
ACT-0001994,LEAD-004684,USR-0001,Meeting,2026-02-22 04:02:15,2026-04-01 07:00:00
ACT-0001995,LEAD-004690,USR-0018,Call,2026-01-28 22:35:48,2026-04-01 07:00:00
ACT-0001996,LEAD-004691,USR-0006,Call,2026-03-06 12:04:11,2026-04-01 07:00:00
ACT-0001997,LEAD-004693,USR-0015,Call,2026-02-13 04:23:37,2026-04-01 07:00:00
ACT-0001998,LEAD-004694,USR-0022,Email,2025-09-25 01:26:59,2026-04-01 07:00:00
ACT-0001999,LEAD-004695,USR-0007,Call,2025-12-30 22:07:11,2026-04-01 07:00:00
ACT-0002000,LEAD-004697,USR-0006,Call,2026-02-22 09:08:49,2026-04-01 07:00:00
ACT-0002001,LEAD-004699,USR-0005,Email,2026-03-11 19:43:56,2026-04-01 07:00:00
ACT-0002002,LEAD-004700,USR-0010,Call,2026-02-14 21:21:11,2026-04-01 07:00:00
ACT-0002003,LEAD-004704,USR-0003,Call,2026-01-30 00:25:45,2026-04-01 07:00:00
ACT-0002004,LEAD-004706,USR-0008,Meeting,2026-02-07 09:36:55,2026-04-01 07:00:00
ACT-0002005,LEAD-004707,USR-0001,Call,2025-12-23 11:55:53,2026-04-01 07:00:00
ACT-0002006,LEAD-004708,USR-0007,Email,2026-03-19 23:47:20,2026-04-01 07:00:00
ACT-0002007,LEAD-004709,USR-0010,Email,2026-02-08 09:56:57,2026-04-01 07:00:00
ACT-0002008,LEAD-004710,USR-0022,Call,2025-09-04 02:26:19,2026-04-01 07:00:00
ACT-0002009,LEAD-004711,USR-0010,Call,2025-10-01 15:02:04,2026-04-01 07:00:00
ACT-0002010,LEAD-004712,USR-0017,Email,2025-10-22 08:48:04,2026-04-01 07:00:00
ACT-0002011,LEAD-004713,USR-0005,Email,2026-03-21 10:36:02,2026-04-01 07:00:00
ACT-0002012,LEAD-004715,USR-0012,Email,2025-11-04 21:40:58,2026-04-01 07:00:00
ACT-0002013,LEAD-004717,USR-0009,Call,2026-01-02 10:37:50,2026-04-01 07:00:00
ACT-0002014,LEAD-004719,USR-0020,Meeting,2026-01-08 19:30:32,2026-04-01 07:00:00
ACT-0002015,LEAD-004721,USR-0013,Meeting,2025-10-30 22:41:26,2026-04-01 07:00:00
ACT-0002016,LEAD-004723,USR-0011,Meeting,2025-11-30 03:38:27,2026-04-01 07:00:00
ACT-0002017,LEAD-004725,USR-0001,Email,2026-03-28 17:12:40,2026-04-01 07:00:00
ACT-0002018,LEAD-004727,USR-0010,Call,2025-11-16 18:58:12,2026-04-01 07:00:00
ACT-0002019,LEAD-004731,USR-0019,Call,2025-09-17 00:57:04,2026-04-01 07:00:00
ACT-0002020,LEAD-004732,USR-0006,Meeting,2025-12-27 13:05:47,2026-04-01 07:00:00
ACT-0002021,LEAD-004734,USR-0003,Meeting,2025-09-28 18:41:10,2026-04-01 07:00:00
ACT-0002022,LEAD-004735,USR-0008,Email,2026-01-17 17:47:00,2026-04-01 07:00:00
ACT-0002023,LEAD-004736,USR-0011,Call,2025-11-22 00:04:58,2026-04-01 07:00:00
ACT-0002024,LEAD-004737,USR-0006,Email,2026-01-23 21:26:48,2026-04-01 07:00:00
ACT-0002025,LEAD-004740,USR-0005,Email,2026-03-12 19:22:51,2026-04-01 07:00:00
ACT-0002026,LEAD-004742,USR-0011,Call,2025-12-23 09:55:52,2026-04-01 07:00:00
ACT-0002027,LEAD-004745,USR-0018,Call,2025-09-09 03:06:39,2026-04-01 07:00:00
ACT-0002028,LEAD-004746,USR-0006,Meeting,2026-02-02 10:03:20,2026-04-01 07:00:00
ACT-0002029,LEAD-004748,USR-0011,Meeting,2025-09-17 01:36:36,2026-04-01 07:00:00
ACT-0002030,LEAD-004750,USR-0011,Meeting,2026-01-28 20:59:24,2026-04-01 07:00:00
ACT-0002031,LEAD-004751,USR-0001,Call,2026-01-14 05:01:49,2026-04-01 07:00:00
ACT-0002032,LEAD-004753,USR-0011,Call,2025-12-16 22:13:52,2026-04-01 07:00:00
ACT-0002033,LEAD-004754,USR-0012,Email,2025-12-04 17:59:22,2026-04-01 07:00:00
ACT-0002034,LEAD-004757,USR-0019,Meeting,2025-12-01 01:18:22,2026-04-01 07:00:00
ACT-0002035,LEAD-004759,USR-0011,Meeting,2025-11-26 09:57:47,2026-04-01 07:00:00
ACT-0002036,LEAD-004762,USR-0015,Email,2025-10-28 22:07:46,2026-04-01 07:00:00
ACT-0002037,LEAD-004764,USR-0006,Call,2026-02-26 13:05:46,2026-04-01 07:00:00
ACT-0002038,LEAD-004765,USR-0006,Call,2026-03-06 00:33:54,2026-04-01 07:00:00
ACT-0002039,LEAD-004768,USR-0010,Meeting,2026-03-20 04:43:04,2026-04-01 07:00:00
ACT-0002040,LEAD-004770,USR-0002,Call,2026-01-21 09:40:14,2026-04-01 07:00:00
ACT-0002041,LEAD-004776,USR-0018,Email,2026-01-09 22:44:35,2026-04-01 07:00:00
ACT-0002042,LEAD-004778,USR-0020,Meeting,2025-11-18 20:49:33,2026-04-01 07:00:00
ACT-0002043,LEAD-004779,USR-0008,Call,2026-02-14 08:20:32,2026-04-01 07:00:00
ACT-0002044,LEAD-004781,USR-0017,Meeting,2025-11-10 13:36:39,2026-04-01 07:00:00
ACT-0002045,LEAD-004783,USR-0016,Email,2025-12-28 06:22:29,2026-04-01 07:00:00
ACT-0002046,LEAD-004784,USR-0010,Call,2025-11-16 13:53:52,2026-04-01 07:00:00
ACT-0002047,LEAD-004790,USR-0016,Meeting,2025-12-12 10:44:42,2026-04-01 07:00:00
ACT-0002048,LEAD-004791,USR-0017,Email,2026-01-14 23:50:05,2026-04-01 07:00:00
ACT-0002049,LEAD-004792,USR-0002,Email,2026-03-24 00:23:05,2026-04-01 07:00:00
ACT-0002050,LEAD-004793,USR-0016,Email,2025-11-20 11:16:54,2026-04-01 07:00:00
ACT-0002051,LEAD-004795,USR-0001,Call,2025-09-08 06:34:31,2026-04-01 07:00:00
ACT-0002052,LEAD-004796,USR-0015,Call,2026-02-19 05:58:41,2026-04-01 07:00:00
ACT-0002053,LEAD-004799,USR-0012,Meeting,2026-02-05 14:14:06,2026-04-01 07:00:00
ACT-0002054,LEAD-004804,USR-0009,Meeting,2025-10-08 04:30:48,2026-04-01 07:00:00
ACT-0002055,LEAD-004805,USR-0006,Meeting,2026-02-25 09:40:45,2026-04-01 07:00:00
ACT-0002056,LEAD-004807,USR-0001,Call,2025-12-05 00:54:34,2026-04-01 07:00:00
ACT-0002057,LEAD-004808,USR-0018,Meeting,2026-02-16 11:52:04,2026-04-01 07:00:00
ACT-0002058,LEAD-004809,USR-0005,Meeting,2025-09-25 07:33:47,2026-04-01 07:00:00
ACT-0002059,LEAD-004810,USR-0015,Meeting,2026-02-09 20:37:27,2026-04-01 07:00:00
ACT-0002060,LEAD-004816,USR-0001,Email,2026-03-21 17:28:05,2026-04-01 07:00:00
ACT-0002061,LEAD-004818,USR-0019,Meeting,2026-03-17 20:54:48,2026-04-01 07:00:00
ACT-0002062,LEAD-004819,USR-0005,Call,2025-11-04 04:49:26,2026-04-01 07:00:00
ACT-0002063,LEAD-004820,USR-0001,Email,2026-01-05 00:49:38,2026-04-01 07:00:00
ACT-0002064,LEAD-004823,USR-0012,Meeting,2026-03-20 11:06:47,2026-04-01 07:00:00
ACT-0002065,LEAD-004825,USR-0007,Email,2025-11-13 04:32:42,2026-04-01 07:00:00
ACT-0002066,LEAD-004826,USR-0006,Email,2026-03-17 18:30:03,2026-04-01 07:00:00
ACT-0002067,LEAD-004828,USR-0006,Meeting,2026-01-07 20:25:41,2026-04-01 07:00:00
ACT-0002068,LEAD-004830,USR-0001,Meeting,2025-09-30 22:35:02,2026-04-01 07:00:00
ACT-0002069,LEAD-004833,USR-0011,Email,2025-10-22 13:53:37,2026-04-01 07:00:00
ACT-0002070,LEAD-004834,USR-0008,Call,2026-01-31 01:18:01,2026-04-01 07:00:00
ACT-0002071,LEAD-004838,USR-0009,Call,2025-09-14 06:18:25,2026-04-01 07:00:00
ACT-0002072,LEAD-004840,USR-0001,Meeting,2025-10-21 12:30:57,2026-04-01 07:00:00
ACT-0002073,LEAD-004842,USR-0012,Call,2025-12-28 07:52:17,2026-04-01 07:00:00
ACT-0002074,LEAD-004843,USR-0011,Call,2025-12-14 05:52:07,2026-04-01 07:00:00
ACT-0002075,LEAD-004847,USR-0002,Call,2025-12-25 01:20:36,2026-04-01 07:00:00
ACT-0002076,LEAD-004854,USR-0010,Call,2025-11-04 18:01:05,2026-04-01 07:00:00
ACT-0002077,LEAD-004856,USR-0010,Call,2025-09-10 17:28:29,2026-04-01 07:00:00
ACT-0002078,LEAD-004857,USR-0012,Meeting,2026-02-12 15:04:39,2026-04-01 07:00:00
ACT-0002079,LEAD-004862,USR-0017,Call,2026-02-08 10:42:48,2026-04-01 07:00:00
ACT-0002080,LEAD-004863,USR-0012,Email,2026-01-05 02:41:09,2026-04-01 07:00:00
ACT-0002081,LEAD-004865,USR-0012,Email,2025-09-25 10:53:34,2026-04-01 07:00:00
ACT-0002082,LEAD-004867,USR-0010,Meeting,2025-11-19 11:00:31,2026-04-01 07:00:00
ACT-0002083,LEAD-004870,USR-0015,Call,2025-11-10 17:50:42,2026-04-01 07:00:00
ACT-0002084,LEAD-004872,USR-0002,Meeting,2026-02-10 21:40:56,2026-04-01 07:00:00
ACT-0002085,LEAD-004873,USR-0017,Email,2025-10-10 09:26:44,2026-04-01 07:00:00
ACT-0002086,LEAD-004874,USR-0020,Call,2025-11-08 18:57:07,2026-04-01 07:00:00
ACT-0002087,LEAD-004875,USR-0019,Email,2025-10-24 13:25:00,2026-04-01 07:00:00
ACT-0002088,LEAD-004876,USR-0002,Email,2025-10-14 19:51:54,2026-04-01 07:00:00
ACT-0002089,LEAD-004881,USR-0021,Meeting,2025-10-26 22:30:27,2026-04-01 07:00:00
ACT-0002090,LEAD-004882,USR-0011,Meeting,2026-02-01 17:10:22,2026-04-01 07:00:00
ACT-0002091,LEAD-004885,USR-0013,Call,2025-10-04 20:19:31,2026-04-01 07:00:00
ACT-0002092,LEAD-004887,USR-0012,Email,2026-01-02 19:12:49,2026-04-01 07:00:00
ACT-0002093,LEAD-004889,USR-0009,Call,2025-10-14 19:18:53,2026-04-01 07:00:00
ACT-0002094,LEAD-004891,USR-0011,Meeting,2026-03-21 09:01:42,2026-04-01 07:00:00
ACT-0002095,LEAD-004894,USR-0010,Email,2026-02-05 00:02:52,2026-04-01 07:00:00
ACT-0002096,LEAD-004896,USR-0009,Email,2025-10-27 14:29:34,2026-04-01 07:00:00
ACT-0002097,LEAD-004899,USR-0015,Call,2025-11-07 18:16:01,2026-04-01 07:00:00
ACT-0002098,LEAD-004901,USR-0003,Meeting,2026-02-20 03:30:27,2026-04-01 07:00:00
ACT-0002099,LEAD-004904,USR-0011,Meeting,2026-01-24 08:29:24,2026-04-01 07:00:00
ACT-0002100,LEAD-004907,USR-0019,Meeting,2025-09-16 18:16:27,2026-04-01 07:00:00
ACT-0002101,LEAD-004910,USR-0006,Meeting,2026-01-02 15:12:06,2026-04-01 07:00:00
ACT-0002102,LEAD-004912,USR-0020,Email,2026-02-24 06:18:01,2026-04-01 07:00:00
ACT-0002103,LEAD-004914,USR-0005,Call,2026-02-14 13:32:00,2026-04-01 07:00:00
ACT-0002104,LEAD-004916,USR-0009,Call,2026-03-04 12:15:31,2026-04-01 07:00:00
ACT-0002105,LEAD-004918,USR-0022,Call,2025-10-26 10:29:03,2026-04-01 07:00:00
ACT-0002106,LEAD-004922,USR-0012,Call,2026-03-23 18:32:26,2026-04-01 07:00:00
ACT-0002107,LEAD-004925,USR-0009,Call,2025-12-20 08:20:11,2026-04-01 07:00:00
ACT-0002108,LEAD-004937,USR-0022,Email,2025-09-24 05:19:11,2026-04-01 07:00:00
ACT-0002109,LEAD-004941,USR-0016,Meeting,2026-01-04 19:33:23,2026-04-01 07:00:00
ACT-0002110,LEAD-004942,USR-0010,Meeting,2025-11-01 05:09:30,2026-04-01 07:00:00
ACT-0002111,LEAD-004943,USR-0012,Email,2026-02-10 07:13:27,2026-04-01 07:00:00
ACT-0002112,LEAD-004944,USR-0010,Email,2025-09-17 16:28:34,2026-04-01 07:00:00
ACT-0002113,LEAD-004946,USR-0017,Email,2026-02-21 10:02:30,2026-04-01 07:00:00
ACT-0002114,LEAD-004953,USR-0002,Email,2026-02-22 17:07:17,2026-04-01 07:00:00
ACT-0002115,LEAD-004958,USR-0011,Email,2025-11-10 21:04:46,2026-04-01 07:00:00
ACT-0002116,LEAD-004959,USR-0013,Email,2026-02-22 19:35:59,2026-04-01 07:00:00
ACT-0002117,LEAD-004960,USR-0003,Call,2026-01-13 07:56:46,2026-04-01 07:00:00
ACT-0002118,LEAD-004963,USR-0002,Email,2026-02-04 17:49:30,2026-04-01 07:00:00
ACT-0002119,LEAD-004966,USR-0003,Call,2025-09-18 21:05:45,2026-04-01 07:00:00
ACT-0002120,LEAD-004968,USR-0022,Call,2025-10-12 20:46:59,2026-04-01 07:00:00
ACT-0002121,LEAD-004975,USR-0012,Meeting,2025-12-11 22:39:18,2026-04-01 07:00:00
ACT-0002122,LEAD-004976,USR-0008,Meeting,2026-03-27 20:41:05,2026-04-01 07:00:00
ACT-0002123,LEAD-004978,USR-0003,Meeting,2025-10-17 12:42:17,2026-04-01 07:00:00
ACT-0002124,LEAD-004981,USR-0010,Call,2026-03-25 15:44:01,2026-04-01 07:00:00
ACT-0002125,LEAD-004984,USR-0014,Call,2025-11-14 01:27:26,2026-04-01 07:00:00
ACT-0002126,LEAD-004987,USR-0018,Email,2025-11-08 06:24:29,2026-04-01 07:00:00
ACT-0002127,LEAD-004988,USR-0007,Email,2026-01-30 03:45:37,2026-04-01 07:00:00
ACT-0002128,LEAD-004990,USR-0002,Meeting,2026-02-15 09:26:47,2026-04-01 07:00:00
ACT-0002129,LEAD-004991,USR-0022,Meeting,2025-11-30 12:56:42,2026-04-01 07:00:00
ACT-0002130,LEAD-004992,USR-0013,Call,2026-01-18 01:14:43,2026-04-01 07:00:00
ACT-0002131,LEAD-004993,USR-0010,Email,2025-09-27 09:55:06,2026-04-01 07:00:00
ACT-0002132,LEAD-004994,USR-0001,Call,2026-03-12 10:00:44,2026-04-01 07:00:00
ACT-0002133,LEAD-004996,USR-0019,Email,2026-02-15 05:35:58,2026-04-01 07:00:00
ACT-0002134,LEAD-005000,USR-0003,Call,2025-11-26 17:37:58,2026-04-01 07:00:00
ACT-0002135,LEAD-005001,USR-0009,Call,2025-09-15 12:17:09,2026-04-01 07:00:00
ACT-0002136,LEAD-005002,USR-0005,Call,2025-10-29 09:47:37,2026-04-01 07:00:00
ACT-0002137,LEAD-005004,USR-0013,Email,2026-01-12 20:41:50,2026-04-01 07:00:00
ACT-0002138,LEAD-005005,USR-0017,Email,2026-01-11 04:54:57,2026-04-01 07:00:00
ACT-0002139,LEAD-005009,USR-0005,Call,2025-11-04 00:01:58,2026-04-01 07:00:00
ACT-0002140,LEAD-005015,USR-0007,Call,2026-02-24 13:13:47,2026-04-01 07:00:00
ACT-0002141,LEAD-005017,USR-0018,Meeting,2025-11-24 13:35:43,2026-04-01 07:00:00
ACT-0002142,LEAD-005018,USR-0016,Meeting,2025-10-18 01:23:53,2026-04-01 07:00:00
ACT-0002143,LEAD-005019,USR-0007,Email,2025-09-26 18:38:51,2026-04-01 07:00:00
ACT-0002144,LEAD-005022,USR-0009,Email,2026-01-20 09:07:15,2026-04-01 07:00:00
ACT-0002145,LEAD-005024,USR-0010,Call,2025-11-20 22:05:19,2026-04-01 07:00:00
ACT-0002146,LEAD-005031,USR-0015,Meeting,2025-09-23 09:24:07,2026-04-01 07:00:00
ACT-0002147,LEAD-005039,USR-0022,Call,2026-02-02 03:11:20,2026-04-01 07:00:00
ACT-0002148,LEAD-005043,USR-0013,Meeting,2026-02-17 14:03:47,2026-04-01 07:00:00
ACT-0002149,LEAD-005045,USR-0005,Meeting,2025-10-12 06:45:53,2026-04-01 07:00:00
ACT-0002150,LEAD-005056,USR-0002,Call,2026-01-30 01:50:15,2026-04-01 07:00:00
ACT-0002151,LEAD-005059,USR-0002,Email,2025-10-06 16:49:04,2026-04-01 07:00:00
ACT-0002152,LEAD-005060,USR-0011,Call,2026-01-11 17:17:05,2026-04-01 07:00:00
ACT-0002153,LEAD-005062,USR-0008,Email,2025-11-03 20:46:25,2026-04-01 07:00:00
ACT-0002154,LEAD-005063,USR-0008,Email,2025-09-22 00:05:21,2026-04-01 07:00:00
ACT-0002155,LEAD-005068,USR-0001,Meeting,2025-10-18 19:00:12,2026-04-01 07:00:00
ACT-0002156,LEAD-005069,USR-0010,Call,2026-03-18 04:21:09,2026-04-01 07:00:00
ACT-0002157,LEAD-005072,USR-0008,Meeting,2026-02-01 16:25:02,2026-04-01 07:00:00
ACT-0002158,LEAD-005075,USR-0020,Meeting,2026-01-08 11:43:36,2026-04-01 07:00:00
ACT-0002159,LEAD-005077,USR-0002,Email,2026-01-06 00:06:24,2026-04-01 07:00:00
ACT-0002160,LEAD-005078,USR-0017,Call,2025-11-19 10:31:13,2026-04-01 07:00:00
ACT-0002161,LEAD-005079,USR-0009,Email,2025-09-04 01:37:21,2026-04-01 07:00:00
ACT-0002162,LEAD-005082,USR-0016,Call,2025-11-13 04:59:12,2026-04-01 07:00:00
ACT-0002163,LEAD-005083,USR-0007,Meeting,2025-12-10 02:34:01,2026-04-01 07:00:00
ACT-0002164,LEAD-005084,USR-0016,Meeting,2025-10-14 16:50:01,2026-04-01 07:00:00
ACT-0002165,LEAD-005086,USR-0017,Meeting,2026-02-27 11:18:34,2026-04-01 07:00:00
ACT-0002166,LEAD-005088,USR-0009,Call,2025-12-31 22:09:05,2026-04-01 07:00:00
ACT-0002167,LEAD-005090,USR-0005,Meeting,2025-10-23 20:27:41,2026-04-01 07:00:00
ACT-0002168,LEAD-005091,USR-0013,Meeting,2026-02-28 01:37:30,2026-04-01 07:00:00
ACT-0002169,LEAD-005094,USR-0010,Meeting,2025-12-01 07:00:50,2026-04-01 07:00:00
ACT-0002170,LEAD-005095,USR-0016,Email,2025-11-14 21:49:44,2026-04-01 07:00:00
ACT-0002171,LEAD-005096,USR-0003,Call,2026-02-03 21:20:51,2026-04-01 07:00:00
ACT-0002172,LEAD-005098,USR-0009,Call,2025-11-19 19:22:15,2026-04-01 07:00:00
ACT-0002173,LEAD-005099,USR-0017,Email,2026-01-13 04:06:31,2026-04-01 07:00:00
ACT-0002174,LEAD-005101,USR-0017,Email,2025-09-15 18:59:25,2026-04-01 07:00:00
ACT-0002175,LEAD-005104,USR-0011,Email,2026-01-24 08:57:14,2026-04-01 07:00:00
ACT-0002176,LEAD-005105,USR-0009,Call,2025-10-08 20:48:15,2026-04-01 07:00:00
ACT-0002177,LEAD-005107,USR-0010,Email,2026-01-04 21:26:36,2026-04-01 07:00:00
ACT-0002178,LEAD-005109,USR-0003,Email,2025-11-16 06:33:58,2026-04-01 07:00:00
ACT-0002179,LEAD-005112,USR-0017,Meeting,2025-12-07 00:30:26,2026-04-01 07:00:00
ACT-0002180,LEAD-005113,USR-0019,Meeting,2026-03-24 15:38:38,2026-04-01 07:00:00
ACT-0002181,LEAD-005115,USR-0015,Call,2025-12-15 22:00:33,2026-04-01 07:00:00
ACT-0002182,LEAD-005118,USR-0001,Email,2026-03-22 11:08:36,2026-04-01 07:00:00
ACT-0002183,LEAD-005122,USR-0012,Meeting,2026-02-20 03:40:44,2026-04-01 07:00:00
ACT-0002184,LEAD-005123,USR-0006,Email,2025-10-03 20:03:13,2026-04-01 07:00:00
ACT-0002185,LEAD-005124,USR-0021,Call,2025-11-04 14:51:04,2026-04-01 07:00:00
ACT-0002186,LEAD-005125,USR-0011,Email,2026-01-19 12:56:09,2026-04-01 07:00:00
ACT-0002187,LEAD-005126,USR-0007,Email,2025-09-12 22:55:16,2026-04-01 07:00:00
ACT-0002188,LEAD-005131,USR-0017,Call,2025-10-22 15:41:28,2026-04-01 07:00:00
ACT-0002189,LEAD-005133,USR-0015,Call,2026-02-07 13:22:47,2026-04-01 07:00:00
ACT-0002190,LEAD-005134,USR-0021,Meeting,2026-02-18 13:45:18,2026-04-01 07:00:00
ACT-0002191,LEAD-005136,USR-0013,Email,2025-10-12 07:21:14,2026-04-01 07:00:00
ACT-0002192,LEAD-005137,USR-0006,Meeting,2026-03-04 11:32:33,2026-04-01 07:00:00
ACT-0002193,LEAD-005138,USR-0002,Email,2026-03-10 00:14:11,2026-04-01 07:00:00
ACT-0002194,LEAD-005139,USR-0008,Meeting,2026-02-27 09:06:10,2026-04-01 07:00:00
ACT-0002195,LEAD-005141,USR-0001,Call,2025-12-15 22:56:18,2026-04-01 07:00:00
ACT-0002196,LEAD-005146,USR-0020,Meeting,2026-01-13 11:01:37,2026-04-01 07:00:00
ACT-0002197,LEAD-005148,USR-0013,Meeting,2025-11-30 11:44:28,2026-04-01 07:00:00
ACT-0002198,LEAD-005153,USR-0018,Call,2025-12-18 00:22:48,2026-04-01 07:00:00
ACT-0002199,LEAD-005154,USR-0002,Meeting,2025-12-02 15:17:13,2026-04-01 07:00:00
ACT-0002200,LEAD-005156,USR-0009,Email,2025-11-30 07:06:01,2026-04-01 07:00:00
ACT-0002201,LEAD-005157,USR-0013,Call,2025-12-01 04:34:39,2026-04-01 07:00:00
ACT-0002202,LEAD-005158,USR-0007,Call,2026-03-28 18:27:30,2026-04-01 07:00:00
ACT-0002203,LEAD-005161,USR-0008,Meeting,2026-03-03 15:42:37,2026-04-01 07:00:00
ACT-0002204,LEAD-005163,USR-0009,Call,2025-10-23 14:37:34,2026-04-01 07:00:00
ACT-0002205,LEAD-005165,USR-0017,Email,2025-10-12 09:30:36,2026-04-01 07:00:00
ACT-0002206,LEAD-005171,USR-0001,Call,2026-01-30 14:22:35,2026-04-01 07:00:00
ACT-0002207,LEAD-005173,USR-0010,Call,2025-11-05 02:17:18,2026-04-01 07:00:00
ACT-0002208,LEAD-005174,USR-0018,Meeting,2026-01-17 22:17:01,2026-04-01 07:00:00
ACT-0002209,LEAD-005175,USR-0011,Email,2026-01-31 20:35:29,2026-04-01 07:00:00
ACT-0002210,LEAD-005176,USR-0011,Meeting,2026-02-03 23:26:39,2026-04-01 07:00:00
ACT-0002211,LEAD-005177,USR-0007,Email,2026-01-15 20:48:46,2026-04-01 07:00:00
ACT-0002212,LEAD-005179,USR-0001,Email,2025-12-18 19:27:52,2026-04-01 07:00:00
ACT-0002213,LEAD-005180,USR-0001,Call,2026-01-06 08:02:05,2026-04-01 07:00:00
ACT-0002214,LEAD-005181,USR-0002,Meeting,2026-03-30 17:22:57,2026-04-01 07:00:00
ACT-0002215,LEAD-005182,USR-0008,Call,2026-03-14 04:21:11,2026-04-01 07:00:00
ACT-0002216,LEAD-005186,USR-0001,Meeting,2026-03-18 08:38:18,2026-04-01 07:00:00
ACT-0002217,LEAD-005187,USR-0020,Meeting,2025-12-10 14:59:10,2026-04-01 07:00:00
ACT-0002218,LEAD-005189,USR-0008,Call,2025-10-17 05:14:37,2026-04-01 07:00:00
ACT-0002219,LEAD-005191,USR-0013,Call,2026-01-21 23:11:03,2026-04-01 07:00:00
ACT-0002220,LEAD-005192,USR-0005,Meeting,2025-12-13 08:20:22,2026-04-01 07:00:00
ACT-0002221,LEAD-005194,USR-0003,Call,2026-02-03 16:24:35,2026-04-01 07:00:00
ACT-0002222,LEAD-005197,USR-0002,Call,2026-01-21 02:49:53,2026-04-01 07:00:00
ACT-0002223,LEAD-005198,USR-0006,Call,2026-03-19 11:14:21,2026-04-01 07:00:00
ACT-0002224,LEAD-005199,USR-0014,Email,2026-03-09 17:34:55,2026-04-01 07:00:00
ACT-0002225,LEAD-005200,USR-0012,Call,2025-10-12 03:18:35,2026-04-01 07:00:00
ACT-0002226,LEAD-005201,USR-0012,Meeting,2025-12-27 05:20:25,2026-04-01 07:00:00
ACT-0002227,LEAD-005202,USR-0008,Call,2025-11-12 00:54:45,2026-04-01 07:00:00
ACT-0002228,LEAD-005204,USR-0021,Meeting,2025-10-02 11:52:26,2026-04-01 07:00:00
ACT-0002229,LEAD-005208,USR-0008,Call,2026-01-04 11:49:53,2026-04-01 07:00:00
ACT-0002230,LEAD-005209,USR-0013,Meeting,2025-12-12 21:45:42,2026-04-01 07:00:00
ACT-0002231,LEAD-005211,USR-0022,Meeting,2025-09-22 01:54:49,2026-04-01 07:00:00
ACT-0002232,LEAD-005213,USR-0002,Call,2026-02-20 02:36:17,2026-04-01 07:00:00
ACT-0002233,LEAD-005214,USR-0018,Email,2025-12-14 07:54:14,2026-04-01 07:00:00
ACT-0002234,LEAD-005219,USR-0007,Email,2026-03-21 13:20:22,2026-04-01 07:00:00
ACT-0002235,LEAD-005220,USR-0016,Email,2025-09-16 09:38:29,2026-04-01 07:00:00
ACT-0002236,LEAD-005221,USR-0022,Call,2026-02-17 09:51:26,2026-04-01 07:00:00
ACT-0002237,LEAD-005223,USR-0001,Call,2026-01-18 03:44:13,2026-04-01 07:00:00
ACT-0002238,LEAD-005224,USR-0010,Email,2026-01-08 21:18:46,2026-04-01 07:00:00
ACT-0002239,LEAD-005225,USR-0008,Email,2025-12-24 07:41:57,2026-04-01 07:00:00
ACT-0002240,LEAD-005227,USR-0016,Email,2025-12-24 07:12:29,2026-04-01 07:00:00
ACT-0002241,LEAD-005231,USR-0015,Meeting,2025-09-29 16:42:34,2026-04-01 07:00:00
ACT-0002242,LEAD-005232,USR-0002,Meeting,2026-01-17 22:56:40,2026-04-01 07:00:00
ACT-0002243,LEAD-005233,USR-0003,Email,2025-11-26 15:11:51,2026-04-01 07:00:00
ACT-0002244,LEAD-005235,USR-0022,Meeting,2025-11-12 23:34:39,2026-04-01 07:00:00
ACT-0002245,LEAD-005237,USR-0007,Meeting,2025-09-17 15:31:00,2026-04-01 07:00:00
ACT-0002246,LEAD-005239,USR-0008,Email,2026-02-22 22:48:18,2026-04-01 07:00:00
ACT-0002247,LEAD-005240,USR-0010,Call,2025-09-08 18:44:27,2026-04-01 07:00:00
ACT-0002248,LEAD-005241,USR-0016,Meeting,2025-10-13 11:44:58,2026-04-01 07:00:00
ACT-0002249,LEAD-005244,USR-0003,Meeting,2025-10-21 14:20:56,2026-04-01 07:00:00
ACT-0002250,LEAD-005245,USR-0011,Meeting,2025-12-01 20:44:15,2026-04-01 07:00:00
ACT-0002251,LEAD-005246,USR-0011,Call,2026-03-11 04:24:13,2026-04-01 07:00:00
ACT-0002252,LEAD-005248,USR-0006,Meeting,2025-12-13 17:41:57,2026-04-01 07:00:00
ACT-0002253,LEAD-005249,USR-0017,Email,2025-11-27 07:09:54,2026-04-01 07:00:00
ACT-0002254,LEAD-005251,USR-0003,Email,2026-03-14 18:32:17,2026-04-01 07:00:00
ACT-0002255,LEAD-005253,USR-0002,Call,2025-12-30 04:26:51,2026-04-01 07:00:00
ACT-0002256,LEAD-005258,USR-0009,Call,2025-09-04 16:29:09,2026-04-01 07:00:00
ACT-0002257,LEAD-005262,USR-0014,Email,2025-09-14 07:13:28,2026-04-01 07:00:00
ACT-0002258,LEAD-005265,USR-0018,Email,2025-11-27 23:28:01,2026-04-01 07:00:00
ACT-0002259,LEAD-005266,USR-0017,Call,2025-11-20 06:06:50,2026-04-01 07:00:00
ACT-0002260,LEAD-005271,USR-0017,Call,2025-09-26 21:14:23,2026-04-01 07:00:00
ACT-0002261,LEAD-005272,USR-0022,Meeting,2026-02-12 17:22:12,2026-04-01 07:00:00
ACT-0002262,LEAD-005273,USR-0014,Meeting,2025-12-04 08:31:42,2026-04-01 07:00:00
ACT-0002263,LEAD-005278,USR-0022,Call,2025-10-20 05:46:12,2026-04-01 07:00:00
ACT-0002264,LEAD-005280,USR-0022,Email,2025-09-30 18:05:30,2026-04-01 07:00:00
ACT-0002265,LEAD-005281,USR-0009,Meeting,2025-09-18 09:57:32,2026-04-01 07:00:00
ACT-0002266,LEAD-005285,USR-0020,Call,2025-12-18 12:18:48,2026-04-01 07:00:00
ACT-0002267,LEAD-005286,USR-0016,Call,2025-11-26 03:00:04,2026-04-01 07:00:00
ACT-0002268,LEAD-005287,USR-0009,Meeting,2025-12-10 18:42:56,2026-04-01 07:00:00
ACT-0002269,LEAD-005288,USR-0019,Call,2026-03-05 15:54:11,2026-04-01 07:00:00
ACT-0002270,LEAD-005290,USR-0012,Call,2025-11-11 14:14:27,2026-04-01 07:00:00
ACT-0002271,LEAD-005298,USR-0010,Meeting,2025-10-30 09:49:50,2026-04-01 07:00:00
ACT-0002272,LEAD-005299,USR-0012,Meeting,2026-03-20 05:33:51,2026-04-01 07:00:00
ACT-0002273,LEAD-005302,USR-0014,Meeting,2025-12-12 19:33:54,2026-04-01 07:00:00
ACT-0002274,LEAD-005303,USR-0006,Call,2025-10-10 18:51:34,2026-04-01 07:00:00
ACT-0002275,LEAD-005305,USR-0019,Email,2025-09-04 22:15:41,2026-04-01 07:00:00
ACT-0002276,LEAD-005306,USR-0009,Meeting,2026-01-14 21:40:40,2026-04-01 07:00:00
ACT-0002277,LEAD-005310,USR-0011,Call,2026-02-22 17:25:49,2026-04-01 07:00:00
ACT-0002278,LEAD-005311,USR-0016,Call,2026-01-30 11:00:30,2026-04-01 07:00:00
ACT-0002279,LEAD-005314,USR-0015,Call,2025-09-30 05:52:20,2026-04-01 07:00:00
ACT-0002280,LEAD-005318,USR-0020,Call,2025-10-26 11:42:31,2026-04-01 07:00:00
ACT-0002281,LEAD-005320,USR-0007,Call,2026-01-07 06:54:53,2026-04-01 07:00:00
ACT-0002282,LEAD-005324,USR-0005,Meeting,2025-11-30 15:59:35,2026-04-01 07:00:00
ACT-0002283,LEAD-005326,USR-0014,Call,2025-12-17 02:55:35,2026-04-01 07:00:00
ACT-0002284,LEAD-005327,USR-0009,Call,2026-02-22 09:36:20,2026-04-01 07:00:00
ACT-0002285,LEAD-005328,USR-0007,Meeting,2026-03-30 03:56:52,2026-04-01 07:00:00
ACT-0002286,LEAD-005331,USR-0006,Meeting,2026-03-09 02:40:39,2026-04-01 07:00:00
ACT-0002287,LEAD-005334,USR-0008,Meeting,2025-12-16 10:18:06,2026-04-01 07:00:00
ACT-0002288,LEAD-005335,USR-0006,Meeting,2025-12-05 23:49:46,2026-04-01 07:00:00
ACT-0002289,LEAD-005336,USR-0002,Email,2026-03-11 07:58:54,2026-04-01 07:00:00
ACT-0002290,LEAD-005337,USR-0012,Call,2026-03-25 00:11:47,2026-04-01 07:00:00
ACT-0002291,LEAD-005341,USR-0001,Email,2026-03-05 05:45:32,2026-04-01 07:00:00
ACT-0002292,LEAD-005342,USR-0001,Meeting,2025-10-02 08:02:46,2026-04-01 07:00:00
ACT-0002293,LEAD-005343,USR-0015,Meeting,2025-09-20 12:23:58,2026-04-01 07:00:00
ACT-0002294,LEAD-005344,USR-0010,Email,2025-09-12 23:39:06,2026-04-01 07:00:00
ACT-0002295,LEAD-005346,USR-0021,Email,2025-11-26 19:41:09,2026-04-01 07:00:00
ACT-0002296,LEAD-005347,USR-0021,Call,2026-01-10 15:51:43,2026-04-01 07:00:00
ACT-0002297,LEAD-005349,USR-0018,Call,2026-03-15 20:57:45,2026-04-01 07:00:00
ACT-0002298,LEAD-005350,USR-0007,Email,2026-03-13 10:05:23,2026-04-01 07:00:00
ACT-0002299,LEAD-005351,USR-0007,Call,2026-02-21 06:06:27,2026-04-01 07:00:00
ACT-0002300,LEAD-005352,USR-0009,Email,2025-09-10 05:06:14,2026-04-01 07:00:00
ACT-0002301,LEAD-005353,USR-0016,Call,2026-03-10 18:56:16,2026-04-01 07:00:00
ACT-0002302,LEAD-005354,USR-0014,Email,2026-01-18 10:19:47,2026-04-01 07:00:00
ACT-0002303,LEAD-005355,USR-0003,Meeting,2026-02-13 03:08:19,2026-04-01 07:00:00
ACT-0002304,LEAD-005357,USR-0014,Call,2026-03-13 21:00:42,2026-04-01 07:00:00
ACT-0002305,LEAD-005358,USR-0002,Email,2025-12-27 14:05:28,2026-04-01 07:00:00
ACT-0002306,LEAD-005363,USR-0003,Email,2026-01-03 10:50:26,2026-04-01 07:00:00
ACT-0002307,LEAD-005365,USR-0011,Email,2025-12-11 19:32:09,2026-04-01 07:00:00
ACT-0002308,LEAD-005366,USR-0010,Email,2026-02-25 16:04:09,2026-04-01 07:00:00
ACT-0002309,LEAD-005368,USR-0005,Email,2025-12-04 16:27:56,2026-04-01 07:00:00
ACT-0002310,LEAD-005369,USR-0016,Email,2026-01-31 03:58:12,2026-04-01 07:00:00
ACT-0002311,LEAD-005371,USR-0017,Meeting,2025-09-12 18:48:46,2026-04-01 07:00:00
ACT-0002312,LEAD-005372,USR-0007,Meeting,2025-10-16 17:47:06,2026-04-01 07:00:00
ACT-0002313,LEAD-005373,USR-0009,Email,2025-12-09 21:22:46,2026-04-01 07:00:00
ACT-0002314,LEAD-005378,USR-0006,Email,2025-12-10 14:51:11,2026-04-01 07:00:00
ACT-0002315,LEAD-005379,USR-0003,Call,2026-01-10 10:07:42,2026-04-01 07:00:00
ACT-0002316,LEAD-005380,USR-0006,Call,2025-10-23 01:16:09,2026-04-01 07:00:00
ACT-0002317,LEAD-005383,USR-0001,Meeting,2026-03-13 17:00:56,2026-04-01 07:00:00
ACT-0002318,LEAD-005385,USR-0002,Meeting,2025-09-27 21:59:07,2026-04-01 07:00:00
ACT-0002319,LEAD-005391,USR-0002,Email,2025-12-03 21:40:16,2026-04-01 07:00:00
ACT-0002320,LEAD-005392,USR-0005,Call,2026-03-01 09:32:04,2026-04-01 07:00:00
ACT-0002321,LEAD-005393,USR-0022,Email,2026-01-02 08:44:49,2026-04-01 07:00:00
ACT-0002322,LEAD-005396,USR-0020,Meeting,2025-09-27 02:32:14,2026-04-01 07:00:00
ACT-0002323,LEAD-005397,USR-0003,Meeting,2026-02-19 06:49:56,2026-04-01 07:00:00
ACT-0002324,LEAD-005398,USR-0003,Call,2026-02-08 10:12:43,2026-04-01 07:00:00
ACT-0002325,LEAD-005404,USR-0003,Meeting,2025-10-02 22:24:48,2026-04-01 07:00:00
ACT-0002326,LEAD-005405,USR-0010,Call,2026-01-27 10:00:12,2026-04-01 07:00:00
ACT-0002327,LEAD-005407,USR-0002,Email,2025-10-31 22:00:07,2026-04-01 07:00:00
ACT-0002328,LEAD-005410,USR-0002,Email,2025-09-22 15:05:54,2026-04-01 07:00:00
ACT-0002329,LEAD-005411,USR-0017,Call,2025-11-08 07:42:37,2026-04-01 07:00:00
ACT-0002330,LEAD-005412,USR-0014,Meeting,2025-09-10 20:44:46,2026-04-01 07:00:00
ACT-0002331,LEAD-005415,USR-0019,Email,2025-12-12 20:14:07,2026-04-01 07:00:00
ACT-0002332,LEAD-005417,USR-0001,Email,2026-01-31 01:46:11,2026-04-01 07:00:00
ACT-0002333,LEAD-005418,USR-0001,Call,2025-09-20 04:31:39,2026-04-01 07:00:00
ACT-0002334,LEAD-005420,USR-0018,Email,2026-01-14 18:37:07,2026-04-01 07:00:00
ACT-0002335,LEAD-005422,USR-0019,Email,2025-11-23 17:16:19,2026-04-01 07:00:00
ACT-0002336,LEAD-005426,USR-0005,Meeting,2026-02-05 04:52:23,2026-04-01 07:00:00
ACT-0002337,LEAD-005428,USR-0010,Call,2025-09-27 12:15:00,2026-04-01 07:00:00
ACT-0002338,LEAD-005429,USR-0006,Email,2025-09-24 08:17:57,2026-04-01 07:00:00
ACT-0002339,LEAD-005431,USR-0003,Call,2026-03-03 00:38:35,2026-04-01 07:00:00
ACT-0002340,LEAD-005432,USR-0021,Call,2025-11-28 18:33:43,2026-04-01 07:00:00
ACT-0002341,LEAD-005433,USR-0014,Email,2026-01-24 14:40:23,2026-04-01 07:00:00
ACT-0002342,LEAD-005434,USR-0009,Call,2026-02-08 02:10:53,2026-04-01 07:00:00
ACT-0002343,LEAD-005437,USR-0016,Email,2026-02-14 22:05:43,2026-04-01 07:00:00
ACT-0002344,LEAD-005438,USR-0007,Email,2025-09-13 13:16:42,2026-04-01 07:00:00
ACT-0002345,LEAD-005440,USR-0012,Email,2026-02-15 20:15:28,2026-04-01 07:00:00
ACT-0002346,LEAD-005442,USR-0016,Call,2026-01-02 09:04:20,2026-04-01 07:00:00
ACT-0002347,LEAD-005447,USR-0018,Call,2025-10-11 15:03:22,2026-04-01 07:00:00
ACT-0002348,LEAD-005451,USR-0010,Email,2025-11-10 21:40:43,2026-04-01 07:00:00
ACT-0002349,LEAD-005452,USR-0010,Call,2025-10-31 08:03:02,2026-04-01 07:00:00
ACT-0002350,LEAD-005456,USR-0011,Call,2025-12-27 15:58:33,2026-04-01 07:00:00
ACT-0002351,LEAD-005458,USR-0008,Meeting,2025-11-16 18:47:13,2026-04-01 07:00:00
ACT-0002352,LEAD-005459,USR-0003,Call,2025-09-03 03:43:50,2026-04-01 07:00:00
ACT-0002353,LEAD-005464,USR-0007,Email,2026-03-28 05:18:51,2026-04-01 07:00:00
ACT-0002354,LEAD-005466,USR-0007,Meeting,2025-09-30 05:03:16,2026-04-01 07:00:00
ACT-0002355,LEAD-005467,USR-0007,Call,2026-02-13 04:53:32,2026-04-01 07:00:00
ACT-0002356,LEAD-005468,USR-0017,Email,2025-11-04 20:46:32,2026-04-01 07:00:00
ACT-0002357,LEAD-005471,USR-0015,Call,2025-12-24 10:00:00,2026-04-01 07:00:00
ACT-0002358,LEAD-005474,USR-0019,Meeting,2025-10-30 04:21:31,2026-04-01 07:00:00
ACT-0002359,LEAD-005475,USR-0001,Call,2025-11-16 07:28:47,2026-04-01 07:00:00
ACT-0002360,LEAD-005476,USR-0009,Email,2025-10-26 07:34:11,2026-04-01 07:00:00
ACT-0002361,LEAD-005478,USR-0009,Meeting,2025-11-08 06:36:27,2026-04-01 07:00:00
ACT-0002362,LEAD-005480,USR-0017,Email,2025-12-10 13:01:25,2026-04-01 07:00:00
ACT-0002363,LEAD-005482,USR-0009,Meeting,2025-12-23 17:01:31,2026-04-01 07:00:00
ACT-0002364,LEAD-005487,USR-0001,Meeting,2025-11-25 04:11:22,2026-04-01 07:00:00
ACT-0002365,LEAD-005490,USR-0021,Meeting,2026-03-11 22:31:29,2026-04-01 07:00:00
ACT-0002366,LEAD-005493,USR-0005,Call,2025-12-29 23:32:59,2026-04-01 07:00:00
ACT-0002367,LEAD-005495,USR-0008,Call,2025-09-26 21:24:23,2026-04-01 07:00:00
ACT-0002368,LEAD-005499,USR-0007,Call,2026-03-21 07:38:45,2026-04-01 07:00:00
ACT-0002369,LEAD-005503,USR-0018,Email,2026-02-17 07:10:00,2026-04-01 07:00:00
ACT-0002370,LEAD-005504,USR-0006,Call,2026-02-15 09:30:30,2026-04-01 07:00:00
ACT-0002371,LEAD-005505,USR-0014,Meeting,2025-09-20 13:18:49,2026-04-01 07:00:00
ACT-0002372,LEAD-005508,USR-0007,Email,2025-12-14 11:16:21,2026-04-01 07:00:00
ACT-0002373,LEAD-005514,USR-0006,Meeting,2026-02-16 07:17:14,2026-04-01 07:00:00
ACT-0002374,LEAD-005517,USR-0021,Email,2025-11-19 04:45:47,2026-04-01 07:00:00
ACT-0002375,LEAD-005518,USR-0011,Meeting,2026-03-28 05:39:05,2026-04-01 07:00:00
ACT-0002376,LEAD-005523,USR-0015,Email,2025-11-23 23:20:18,2026-04-01 07:00:00
ACT-0002377,LEAD-005526,USR-0019,Email,2025-09-04 07:58:09,2026-04-01 07:00:00
ACT-0002378,LEAD-005533,USR-0017,Meeting,2025-09-03 05:21:47,2026-04-01 07:00:00
ACT-0002379,LEAD-005534,USR-0005,Meeting,2025-11-03 22:42:16,2026-04-01 07:00:00
ACT-0002380,LEAD-005538,USR-0010,Meeting,2025-11-25 19:43:15,2026-04-01 07:00:00
ACT-0002381,LEAD-005541,USR-0009,Call,2026-01-23 01:54:17,2026-04-01 07:00:00
ACT-0002382,LEAD-005547,USR-0015,Meeting,2025-12-06 08:43:50,2026-04-01 07:00:00
ACT-0002383,LEAD-005550,USR-0002,Meeting,2026-02-26 05:04:46,2026-04-01 07:00:00
ACT-0002384,LEAD-005553,USR-0013,Email,2025-12-15 22:04:10,2026-04-01 07:00:00
ACT-0002385,LEAD-005554,USR-0001,Meeting,2025-11-20 17:52:36,2026-04-01 07:00:00
ACT-0002386,LEAD-005555,USR-0001,Email,2025-11-06 04:54:05,2026-04-01 07:00:00
ACT-0002387,LEAD-005557,USR-0017,Email,2025-10-11 07:12:52,2026-04-01 07:00:00
ACT-0002388,LEAD-005559,USR-0009,Call,2025-12-07 22:31:55,2026-04-01 07:00:00
ACT-0002389,LEAD-005562,USR-0015,Call,2026-01-12 15:42:08,2026-04-01 07:00:00
ACT-0002390,LEAD-005563,USR-0017,Call,2026-01-07 00:02:09,2026-04-01 07:00:00
ACT-0002391,LEAD-005567,USR-0003,Call,2025-11-01 22:49:41,2026-04-01 07:00:00
ACT-0002392,LEAD-005568,USR-0001,Call,2025-10-20 04:49:13,2026-04-01 07:00:00
ACT-0002393,LEAD-005572,USR-0017,Call,2025-11-11 10:07:50,2026-04-01 07:00:00
ACT-0002394,LEAD-005575,USR-0006,Meeting,2025-12-01 10:55:57,2026-04-01 07:00:00
ACT-0002395,LEAD-005577,USR-0005,Meeting,2025-10-10 11:54:52,2026-04-01 07:00:00
ACT-0002396,LEAD-005579,USR-0007,Email,2025-09-05 11:13:02,2026-04-01 07:00:00
ACT-0002397,LEAD-005580,USR-0007,Call,2026-02-06 11:16:25,2026-04-01 07:00:00
ACT-0002398,LEAD-005582,USR-0017,Email,2025-11-14 11:12:01,2026-04-01 07:00:00
ACT-0002399,LEAD-005584,USR-0020,Meeting,2025-12-12 00:22:07,2026-04-01 07:00:00
ACT-0002400,LEAD-005589,USR-0013,Call,2025-11-06 07:47:44,2026-04-01 07:00:00
ACT-0002401,LEAD-005590,USR-0001,Email,2025-12-20 10:37:32,2026-04-01 07:00:00
ACT-0002402,LEAD-005593,USR-0016,Email,2025-10-26 21:41:32,2026-04-01 07:00:00
ACT-0002403,LEAD-005597,USR-0015,Email,2025-11-25 06:43:58,2026-04-01 07:00:00
ACT-0002404,LEAD-005598,USR-0022,Email,2025-11-19 01:43:36,2026-04-01 07:00:00
ACT-0002405,LEAD-005600,USR-0013,Meeting,2025-11-10 22:29:34,2026-04-01 07:00:00
ACT-0002406,LEAD-005608,USR-0002,Call,2025-09-10 04:18:20,2026-04-01 07:00:00
ACT-0002407,LEAD-005610,USR-0002,Meeting,2025-12-14 06:52:45,2026-04-01 07:00:00
ACT-0002408,LEAD-005612,USR-0021,Meeting,2025-09-21 06:55:27,2026-04-01 07:00:00
ACT-0002409,LEAD-005613,USR-0005,Call,2025-11-09 11:09:32,2026-04-01 07:00:00
ACT-0002410,LEAD-005615,USR-0011,Call,2025-10-23 13:39:01,2026-04-01 07:00:00
ACT-0002411,LEAD-005619,USR-0013,Email,2026-02-02 08:17:32,2026-04-01 07:00:00
ACT-0002412,LEAD-005625,USR-0017,Meeting,2026-03-10 00:03:39,2026-04-01 07:00:00
ACT-0002413,LEAD-005627,USR-0017,Meeting,2026-01-03 07:26:27,2026-04-01 07:00:00
ACT-0002414,LEAD-005629,USR-0009,Call,2025-12-07 19:16:21,2026-04-01 07:00:00
ACT-0002415,LEAD-005632,USR-0002,Call,2026-02-04 18:54:03,2026-04-01 07:00:00
ACT-0002416,LEAD-005634,USR-0012,Email,2025-09-02 10:49:30,2026-04-01 07:00:00
ACT-0002417,LEAD-005637,USR-0001,Meeting,2025-09-09 22:01:33,2026-04-01 07:00:00
ACT-0002418,LEAD-005641,USR-0002,Email,2025-10-07 10:17:48,2026-04-01 07:00:00
ACT-0002419,LEAD-005642,USR-0007,Call,2025-09-24 01:40:29,2026-04-01 07:00:00
ACT-0002420,LEAD-005644,USR-0014,Email,2026-01-08 04:11:49,2026-04-01 07:00:00
ACT-0002421,LEAD-005646,USR-0002,Meeting,2025-09-01 16:40:59,2026-04-01 07:00:00
ACT-0002422,LEAD-005647,USR-0001,Email,2026-03-19 07:50:08,2026-04-01 07:00:00
ACT-0002423,LEAD-005649,USR-0001,Meeting,2025-09-16 02:40:46,2026-04-01 07:00:00
ACT-0002424,LEAD-005651,USR-0002,Call,2026-02-09 15:27:10,2026-04-01 07:00:00
ACT-0002425,LEAD-005652,USR-0015,Email,2025-12-12 13:00:18,2026-04-01 07:00:00
ACT-0002426,LEAD-005653,USR-0010,Email,2025-10-21 11:42:48,2026-04-01 07:00:00
ACT-0002427,LEAD-005655,USR-0009,Email,2025-11-17 20:35:44,2026-04-01 07:00:00
ACT-0002428,LEAD-005656,USR-0018,Meeting,2026-03-13 16:22:40,2026-04-01 07:00:00
ACT-0002429,LEAD-005657,USR-0003,Meeting,2026-01-04 16:17:17,2026-04-01 07:00:00
ACT-0002430,LEAD-005658,USR-0001,Call,2026-01-17 02:33:45,2026-04-01 07:00:00
ACT-0002431,LEAD-005659,USR-0010,Email,2026-01-12 15:54:40,2026-04-01 07:00:00
ACT-0002432,LEAD-005660,USR-0020,Call,2025-09-05 15:15:14,2026-04-01 07:00:00
ACT-0002433,LEAD-005661,USR-0014,Call,2025-12-11 02:03:23,2026-04-01 07:00:00
ACT-0002434,LEAD-005663,USR-0006,Meeting,2026-02-27 22:02:16,2026-04-01 07:00:00
ACT-0002435,LEAD-005664,USR-0012,Call,2026-01-08 19:00:39,2026-04-01 07:00:00
ACT-0002436,LEAD-005666,USR-0003,Call,2025-11-20 04:07:57,2026-04-01 07:00:00
ACT-0002437,LEAD-005667,USR-0013,Meeting,2025-11-26 10:56:56,2026-04-01 07:00:00
ACT-0002438,LEAD-005672,USR-0022,Meeting,2025-10-31 12:20:40,2026-04-01 07:00:00
ACT-0002439,LEAD-005673,USR-0008,Call,2026-02-09 05:36:57,2026-04-01 07:00:00
ACT-0002440,LEAD-005679,USR-0011,Email,2025-11-28 20:10:12,2026-04-01 07:00:00
ACT-0002441,LEAD-005680,USR-0022,Email,2026-03-01 20:54:59,2026-04-01 07:00:00
ACT-0002442,LEAD-005681,USR-0019,Call,2026-01-19 03:45:37,2026-04-01 07:00:00
ACT-0002443,LEAD-005682,USR-0005,Call,2025-09-22 11:40:05,2026-04-01 07:00:00
ACT-0002444,LEAD-005683,USR-0017,Meeting,2026-02-21 19:58:58,2026-04-01 07:00:00
ACT-0002445,LEAD-005684,USR-0001,Call,2025-10-05 02:09:49,2026-04-01 07:00:00
ACT-0002446,LEAD-005685,USR-0001,Email,2026-03-02 13:16:31,2026-04-01 07:00:00
ACT-0002447,LEAD-005687,USR-0016,Email,2026-02-09 14:12:33,2026-04-01 07:00:00
ACT-0002448,LEAD-005689,USR-0003,Email,2026-01-08 10:45:59,2026-04-01 07:00:00
ACT-0002449,LEAD-005694,USR-0008,Call,2025-11-26 10:01:18,2026-04-01 07:00:00
ACT-0002450,LEAD-005698,USR-0001,Email,2026-02-28 14:41:13,2026-04-01 07:00:00
ACT-0002451,LEAD-005699,USR-0010,Email,2025-10-08 00:16:16,2026-04-01 07:00:00
ACT-0002452,LEAD-005700,USR-0014,Meeting,2025-09-24 06:21:00,2026-04-01 07:00:00
ACT-0002453,LEAD-005701,USR-0022,Meeting,2025-09-14 18:49:24,2026-04-01 07:00:00
ACT-0002454,LEAD-005702,USR-0009,Email,2026-01-17 05:49:26,2026-04-01 07:00:00
ACT-0002455,LEAD-005706,USR-0002,Meeting,2025-11-12 10:30:49,2026-04-01 07:00:00
ACT-0002456,LEAD-005707,USR-0012,Call,2026-02-20 10:58:13,2026-04-01 07:00:00
ACT-0002457,LEAD-005708,USR-0017,Email,2026-01-31 02:14:13,2026-04-01 07:00:00
ACT-0002458,LEAD-005709,USR-0017,Meeting,2025-12-05 15:30:50,2026-04-01 07:00:00
ACT-0002459,LEAD-005711,USR-0008,Email,2026-02-07 17:50:30,2026-04-01 07:00:00
ACT-0002460,LEAD-005712,USR-0002,Meeting,2025-12-18 15:18:40,2026-04-01 07:00:00
ACT-0002461,LEAD-005713,USR-0016,Email,2026-01-26 09:19:43,2026-04-01 07:00:00
ACT-0002462,LEAD-005717,USR-0016,Call,2025-10-01 15:20:58,2026-04-01 07:00:00
ACT-0002463,LEAD-005719,USR-0009,Meeting,2025-09-03 12:36:57,2026-04-01 07:00:00
ACT-0002464,LEAD-005721,USR-0002,Email,2026-02-21 23:39:22,2026-04-01 07:00:00
ACT-0002465,LEAD-005722,USR-0007,Email,2026-03-22 11:09:38,2026-04-01 07:00:00
ACT-0002466,LEAD-005724,USR-0001,Email,2026-01-25 15:13:19,2026-04-01 07:00:00
ACT-0002467,LEAD-005726,USR-0008,Meeting,2025-10-21 15:51:39,2026-04-01 07:00:00
ACT-0002468,LEAD-005727,USR-0020,Call,2026-01-17 14:30:43,2026-04-01 07:00:00
ACT-0002469,LEAD-005728,USR-0018,Call,2025-09-20 10:12:12,2026-04-01 07:00:00
ACT-0002470,LEAD-005730,USR-0001,Meeting,2025-11-12 12:31:14,2026-04-01 07:00:00
ACT-0002471,LEAD-005732,USR-0014,Call,2026-01-14 07:04:20,2026-04-01 07:00:00
ACT-0002472,LEAD-005733,USR-0014,Meeting,2025-11-18 22:10:31,2026-04-01 07:00:00
ACT-0002473,LEAD-005736,USR-0020,Email,2025-12-28 01:57:16,2026-04-01 07:00:00
ACT-0002474,LEAD-005739,USR-0005,Meeting,2025-09-01 01:03:51,2026-04-01 07:00:00
ACT-0002475,LEAD-005741,USR-0007,Email,2025-11-01 11:35:08,2026-04-01 07:00:00
ACT-0002476,LEAD-005748,USR-0012,Meeting,2026-01-19 09:58:28,2026-04-01 07:00:00
ACT-0002477,LEAD-005749,USR-0012,Email,2025-10-21 22:03:43,2026-04-01 07:00:00
ACT-0002478,LEAD-005753,USR-0015,Email,2026-01-30 02:45:45,2026-04-01 07:00:00
ACT-0002479,LEAD-005757,USR-0019,Meeting,2026-02-02 05:36:22,2026-04-01 07:00:00
ACT-0002480,LEAD-005759,USR-0012,Email,2025-09-03 01:20:42,2026-04-01 07:00:00
ACT-0002481,LEAD-005760,USR-0012,Call,2025-10-05 17:55:41,2026-04-01 07:00:00
ACT-0002482,LEAD-005761,USR-0016,Call,2025-10-22 04:59:26,2026-04-01 07:00:00
ACT-0002483,LEAD-005763,USR-0008,Meeting,2025-10-14 02:59:20,2026-04-01 07:00:00
ACT-0002484,LEAD-005764,USR-0011,Email,2025-10-01 00:41:30,2026-04-01 07:00:00
ACT-0002485,LEAD-005768,USR-0007,Meeting,2025-09-08 14:09:45,2026-04-01 07:00:00
ACT-0002486,LEAD-005770,USR-0002,Call,2026-03-26 15:48:34,2026-04-01 07:00:00
ACT-0002487,LEAD-005774,USR-0011,Call,2025-10-16 09:25:28,2026-04-01 07:00:00
ACT-0002488,LEAD-005778,USR-0010,Call,2026-03-17 03:23:30,2026-04-01 07:00:00
ACT-0002489,LEAD-005781,USR-0006,Call,2025-11-04 10:31:29,2026-04-01 07:00:00
ACT-0002490,LEAD-005785,USR-0020,Call,2025-10-09 19:01:56,2026-04-01 07:00:00
ACT-0002491,LEAD-005787,USR-0010,Call,2025-11-06 17:51:30,2026-04-01 07:00:00
ACT-0002492,LEAD-005791,USR-0018,Email,2026-03-03 08:19:23,2026-04-01 07:00:00
ACT-0002493,LEAD-005792,USR-0007,Call,2025-12-26 23:50:51,2026-04-01 07:00:00
ACT-0002494,LEAD-005795,USR-0001,Email,2026-01-12 08:35:08,2026-04-01 07:00:00
ACT-0002495,LEAD-005800,USR-0007,Call,2025-12-06 15:51:31,2026-04-01 07:00:00
ACT-0002496,LEAD-005802,USR-0012,Call,2026-02-22 04:37:03,2026-04-01 07:00:00
ACT-0002497,LEAD-005805,USR-0020,Call,2025-12-24 04:50:01,2026-04-01 07:00:00
ACT-0002498,LEAD-005809,USR-0002,Email,2025-11-30 19:16:59,2026-04-01 07:00:00
ACT-0002499,LEAD-005814,USR-0002,Call,2025-10-06 02:13:38,2026-04-01 07:00:00
ACT-0002500,LEAD-005816,USR-0001,Email,2026-03-10 10:00:51,2026-04-01 07:00:00
ACT-0002501,LEAD-005821,USR-0009,Email,2025-11-04 16:28:56,2026-04-01 07:00:00
ACT-0002502,LEAD-005824,USR-0011,Call,2025-11-11 10:21:43,2026-04-01 07:00:00
ACT-0002503,LEAD-005826,USR-0022,Call,2025-12-20 13:37:21,2026-04-01 07:00:00
ACT-0002504,LEAD-005827,USR-0012,Email,2025-11-11 11:00:32,2026-04-01 07:00:00
ACT-0002505,LEAD-005833,USR-0012,Meeting,2025-11-11 21:05:03,2026-04-01 07:00:00
ACT-0002506,LEAD-005834,USR-0009,Email,2026-02-15 15:34:20,2026-04-01 07:00:00
ACT-0002507,LEAD-005838,USR-0019,Meeting,2025-09-09 02:13:13,2026-04-01 07:00:00
ACT-0002508,LEAD-005840,USR-0008,Call,2026-02-08 12:14:59,2026-04-01 07:00:00
ACT-0002509,LEAD-005841,USR-0019,Email,2026-01-15 13:29:40,2026-04-01 07:00:00
ACT-0002510,LEAD-005843,USR-0019,Call,2025-12-09 23:34:31,2026-04-01 07:00:00
ACT-0002511,LEAD-005844,USR-0008,Email,2025-11-21 00:40:32,2026-04-01 07:00:00
ACT-0002512,LEAD-005845,USR-0002,Call,2025-09-20 16:20:46,2026-04-01 07:00:00
ACT-0002513,LEAD-005846,USR-0001,Call,2025-09-19 22:24:08,2026-04-01 07:00:00
ACT-0002514,LEAD-005849,USR-0002,Email,2025-09-27 05:44:24,2026-04-01 07:00:00
ACT-0002515,LEAD-005850,USR-0011,Meeting,2026-02-19 11:58:17,2026-04-01 07:00:00
ACT-0002516,LEAD-005852,USR-0001,Meeting,2026-03-08 19:37:25,2026-04-01 07:00:00
ACT-0002517,LEAD-005856,USR-0008,Meeting,2026-02-13 18:19:11,2026-04-01 07:00:00
ACT-0002518,LEAD-005857,USR-0021,Meeting,2026-01-03 13:43:54,2026-04-01 07:00:00
ACT-0002519,LEAD-005868,USR-0003,Meeting,2025-12-03 09:28:04,2026-04-01 07:00:00
ACT-0002520,LEAD-005872,USR-0008,Call,2025-09-12 10:51:27,2026-04-01 07:00:00
ACT-0002521,LEAD-005875,USR-0011,Meeting,2025-09-01 03:52:36,2026-04-01 07:00:00
ACT-0002522,LEAD-005876,USR-0006,Meeting,2025-09-02 12:39:30,2026-04-01 07:00:00
ACT-0002523,LEAD-005877,USR-0001,Email,2026-01-20 16:37:22,2026-04-01 07:00:00
ACT-0002524,LEAD-005879,USR-0012,Meeting,2025-12-05 01:16:55,2026-04-01 07:00:00
ACT-0002525,LEAD-005883,USR-0001,Meeting,2025-11-26 01:43:19,2026-04-01 07:00:00
ACT-0002526,LEAD-005885,USR-0005,Meeting,2026-02-07 04:55:09,2026-04-01 07:00:00
ACT-0002527,LEAD-005888,USR-0012,Meeting,2026-01-27 00:27:20,2026-04-01 07:00:00
ACT-0002528,LEAD-005890,USR-0002,Meeting,2025-11-04 07:21:25,2026-04-01 07:00:00
ACT-0002529,LEAD-005892,USR-0020,Email,2025-12-15 05:06:19,2026-04-01 07:00:00
ACT-0002530,LEAD-005893,USR-0012,Email,2026-02-15 15:55:04,2026-04-01 07:00:00
ACT-0002531,LEAD-005898,USR-0015,Call,2025-10-04 00:54:12,2026-04-01 07:00:00
ACT-0002532,LEAD-005902,USR-0001,Meeting,2025-09-21 07:09:21,2026-04-01 07:00:00
ACT-0002533,LEAD-005904,USR-0022,Meeting,2025-12-13 16:05:10,2026-04-01 07:00:00
ACT-0002534,LEAD-005906,USR-0007,Meeting,2025-11-13 10:44:59,2026-04-01 07:00:00
ACT-0002535,LEAD-005909,USR-0013,Email,2026-01-02 12:34:21,2026-04-01 07:00:00
ACT-0002536,LEAD-005910,USR-0017,Meeting,2026-03-02 21:48:50,2026-04-01 07:00:00
ACT-0002537,LEAD-005914,USR-0017,Meeting,2025-10-24 17:25:30,2026-04-01 07:00:00
ACT-0002538,LEAD-005916,USR-0002,Call,2026-03-04 03:43:17,2026-04-01 07:00:00
ACT-0002539,LEAD-005919,USR-0007,Meeting,2025-11-28 21:48:29,2026-04-01 07:00:00
ACT-0002540,LEAD-005921,USR-0003,Call,2025-10-01 17:47:03,2026-04-01 07:00:00
ACT-0002541,LEAD-005922,USR-0009,Call,2026-03-01 22:22:17,2026-04-01 07:00:00
ACT-0002542,LEAD-005926,USR-0015,Email,2025-09-12 16:22:07,2026-04-01 07:00:00
ACT-0002543,LEAD-005927,USR-0015,Email,2026-03-21 17:37:17,2026-04-01 07:00:00
ACT-0002544,LEAD-005928,USR-0012,Call,2025-10-29 00:11:58,2026-04-01 07:00:00
ACT-0002545,LEAD-005932,USR-0019,Meeting,2026-01-22 07:51:43,2026-04-01 07:00:00
ACT-0002546,LEAD-005933,USR-0003,Meeting,2026-03-28 07:00:24,2026-04-01 07:00:00
ACT-0002547,LEAD-005934,USR-0011,Call,2025-12-26 09:48:16,2026-04-01 07:00:00
ACT-0002548,LEAD-005937,USR-0001,Email,2025-12-23 14:55:36,2026-04-01 07:00:00
ACT-0002549,LEAD-005938,USR-0003,Email,2026-01-04 04:35:25,2026-04-01 07:00:00
ACT-0002550,LEAD-005944,USR-0012,Email,2026-02-11 06:44:56,2026-04-01 07:00:00
ACT-0002551,LEAD-005945,USR-0016,Email,2026-03-01 23:28:18,2026-04-01 07:00:00
ACT-0002552,LEAD-005951,USR-0003,Email,2025-08-31 22:02:51,2026-04-01 07:00:00
ACT-0002553,LEAD-005955,USR-0014,Email,2026-02-01 21:26:06,2026-04-01 07:00:00
ACT-0002554,LEAD-005956,USR-0006,Email,2025-10-21 20:37:04,2026-04-01 07:00:00
ACT-0002555,LEAD-005960,USR-0013,Meeting,2026-02-06 00:47:42,2026-04-01 07:00:00
ACT-0002556,LEAD-005962,USR-0002,Email,2026-01-01 12:25:55,2026-04-01 07:00:00
ACT-0002557,LEAD-005969,USR-0014,Meeting,2025-10-16 10:31:23,2026-04-01 07:00:00
ACT-0002558,LEAD-005974,USR-0005,Meeting,2025-10-11 04:35:39,2026-04-01 07:00:00
ACT-0002559,LEAD-005979,USR-0008,Email,2025-10-14 20:51:42,2026-04-01 07:00:00
ACT-0002560,LEAD-005980,USR-0014,Meeting,2025-10-15 01:15:26,2026-04-01 07:00:00
ACT-0002561,LEAD-005984,USR-0014,Meeting,2026-01-31 12:54:24,2026-04-01 07:00:00
ACT-0002562,LEAD-005985,USR-0015,Call,2025-10-04 10:46:34,2026-04-01 07:00:00
ACT-0002563,LEAD-005990,USR-0015,Email,2025-12-26 19:10:27,2026-04-01 07:00:00
ACT-0002564,LEAD-005991,USR-0007,Call,2025-09-27 13:58:48,2026-04-01 07:00:00
ACT-0002565,LEAD-005992,USR-0008,Email,2026-02-08 17:25:50,2026-04-01 07:00:00
ACT-0002566,LEAD-005993,USR-0010,Meeting,2025-12-25 05:08:24,2026-04-01 07:00:00
ACT-0002567,LEAD-005995,USR-0013,Email,2025-12-17 08:59:10,2026-04-01 07:00:00
ACT-0002568,LEAD-005996,USR-0016,Meeting,2026-02-23 14:08:13,2026-04-01 07:00:00
ACT-0002569,LEAD-005997,USR-0007,Call,2025-09-03 17:54:19,2026-04-01 07:00:00
ACT-0002570,LEAD-006000,USR-0017,Meeting,2026-01-03 12:23:58,2026-04-01 07:00:00
