hs_contact_id,lifecycle_stage,entered_at
HS-000001,New,2026-01-21 14:48:56
HS-000002,New,2026-02-20 01:42:21
HS-000003,MQL,2026-03-24 07:20:50
HS-000003,New,2026-03-16 10:06:21
HS-000003,SAL,2026-03-28 19:41:37
HS-000004,New,2025-11-03 02:19:14
HS-000005,New,2025-11-12 15:19:17
HS-000006,MQL,2026-02-18 19:11:20
HS-000006,New,2026-02-09 01:00:14
HS-000007,MQL,2025-12-20 12:12:24
HS-000007,New,2025-12-13 19:17:29
HS-000007,SAL,2025-12-23 18:38:53
HS-000008,New,2026-01-05 00:42:13
HS-000009,MQL,2026-03-07 13:12:14
HS-000009,New,2026-02-28 22:17:30
HS-000010,New,2025-12-19 11:51:49
HS-000011,MQL,2026-02-09 09:06:38
HS-000011,New,2026-02-03 10:29:53
HS-000011,Opportunity,2026-02-24 14:39:04
HS-000011,SAL,2026-02-13 21:12:24
HS-000011,SQL,2026-02-17 14:51:42
HS-000012,New,2025-11-18 11:49:37
HS-000013,MQL,2026-03-09 17:31:41
HS-000013,New,2026-03-05 00:31:31
HS-000013,Opportunity,2026-03-16 07:34:07
HS-000013,SAL,2026-03-11 10:30:14
HS-000013,SQL,2026-03-12 21:07:22
HS-000014,New,2025-10-20 16:26:46
HS-000015,New,2026-03-06 13:34:11
HS-000016,MQL,2026-02-27 10:35:00
HS-000016,New,2026-02-20 20:50:03
HS-000017,MQL,2025-12-05 14:14:12
HS-000017,New,2025-11-22 14:07:34
HS-000017,SAL,2025-12-07 12:21:14
HS-000018,New,2025-11-26 15:38:12
HS-000019,MQL,2025-09-30 16:42:14
HS-000019,New,2025-09-24 05:17:54
HS-000019,SAL,2025-10-02 00:12:40
HS-000020,New,2025-10-23 19:54:25
HS-000021,New,2025-10-15 16:50:07
HS-000022,New,2026-01-22 00:54:13
HS-000023,New,2025-10-16 08:53:49
HS-000024,MQL,2026-01-24 02:41:29
HS-000024,New,2026-01-18 09:23:56
HS-000024,SAL,2026-01-30 08:36:46
HS-000025,New,2025-10-16 10:34:07
HS-000026,MQL,2026-01-09 18:11:46
HS-000026,New,2026-01-03 03:56:51
HS-000026,SAL,2026-01-11 17:37:18
HS-000027,New,2025-12-26 03:31:30
HS-000028,New,2025-09-18 12:43:52
HS-000029,MQL,2025-11-26 00:55:59
HS-000029,New,2025-11-18 12:57:56
HS-000030,New,2025-10-21 01:37:43
HS-000031,New,2026-01-08 02:38:03
HS-000032,MQL,2026-02-07 12:33:25
HS-000032,New,2026-02-01 05:21:22
HS-000033,MQL,2025-09-02 09:35:17
HS-000033,New,2025-08-28 19:39:00
HS-000033,SAL,2025-09-05 21:45:18
HS-000033,SQL,2025-09-06 12:42:24
HS-000034,MQL,2026-03-11 18:20:37
HS-000034,New,2026-03-05 21:21:28
HS-000034,Opportunity,2026-03-18 08:06:23
HS-000034,SAL,2026-03-13 22:00:58
HS-000034,SQL,2026-03-16 02:47:51
HS-000035,MQL,2026-02-04 02:40:04
HS-000035,New,2026-01-24 12:51:11
HS-000036,New,2026-01-04 11:34:27
HS-000037,New,2026-03-26 22:20:36
HS-000038,MQL,2025-09-24 07:26:28
HS-000038,New,2025-09-19 06:57:30
HS-000039,New,2025-09-19 07:16:50
HS-000040,MQL,2026-01-04 21:08:43
HS-000040,New,2025-12-26 15:04:16
HS-000041,New,2025-11-15 00:11:42
HS-000042,MQL,2025-10-17 03:41:17
HS-000042,New,2025-10-11 19:46:53
HS-000042,SAL,2025-10-19 15:35:15
HS-000043,MQL,2026-03-03 12:19:04
HS-000043,New,2026-02-28 03:17:58
HS-000044,MQL,2025-11-21 09:26:24
HS-000044,New,2025-11-10 11:19:32
HS-000045,MQL,2026-02-27 07:47:31
HS-000045,New,2026-02-10 15:26:05
HS-000046,MQL,2025-10-16 11:41:23
HS-000046,New,2025-10-14 07:06:13
HS-000046,Opportunity,2025-10-29 18:43:48
HS-000046,SAL,2025-10-20 14:33:34
HS-000046,SQL,2025-10-24 17:14:53
HS-000047,MQL,2026-01-15 16:52:23
HS-000047,New,2026-01-05 09:18:21
HS-000047,Opportunity,2026-01-31 13:42:33
HS-000047,SAL,2026-01-17 18:52:32
HS-000047,SQL,2026-01-25 19:10:01
HS-000048,MQL,2025-12-20 00:38:23
HS-000048,New,2025-12-16 01:43:18
HS-000049,MQL,2026-02-26 02:55:45
HS-000049,New,2026-02-22 15:21:41
HS-000049,Opportunity,2026-03-17 21:57:25
HS-000049,SAL,2026-03-01 19:24:47
HS-000049,SQL,2026-03-06 00:45:10
HS-000050,MQL,2025-11-28 19:19:00
HS-000050,New,2025-11-23 06:28:11
HS-000051,MQL,2026-03-12 09:15:40
HS-000051,New,2026-03-08 01:54:34
HS-000052,MQL,2025-12-02 03:54:16
HS-000052,New,2025-11-27 08:42:33
HS-000052,Opportunity,2025-12-10 23:55:22
HS-000052,SAL,2025-12-06 08:41:54
HS-000052,SQL,2025-12-08 16:55:27
HS-000053,New,2025-12-01 01:52:35
HS-000054,MQL,2025-10-20 10:00:11
HS-000054,New,2025-10-16 15:43:47
HS-000055,MQL,2025-10-29 09:43:54
HS-000055,New,2025-10-18 16:18:08
HS-000056,New,2025-12-15 18:35:40
HS-000057,MQL,2025-09-10 17:47:33
HS-000057,New,2025-09-05 04:33:16
HS-000058,New,2026-01-21 09:49:51
HS-000059,MQL,2025-11-10 05:25:32
HS-000059,New,2025-11-06 13:01:25
HS-000059,Opportunity,2025-11-19 23:39:39
HS-000059,SAL,2025-11-11 17:38:16
HS-000059,SQL,2025-11-16 20:55:30
HS-000060,New,2025-11-25 15:42:08
HS-000061,MQL,2026-03-26 06:05:03
HS-000061,New,2026-03-20 11:55:51
HS-000062,New,2025-12-19 15:57:21
HS-000063,New,2026-03-13 11:28:05
HS-000064,MQL,2025-10-06 23:01:21
HS-000064,New,2025-09-29 04:51:28
HS-000064,Opportunity,2025-11-19 16:27:58
HS-000064,SAL,2025-10-12 06:19:26
HS-000064,SQL,2025-11-05 08:24:30
HS-000065,MQL,2026-01-12 11:21:46
HS-000065,New,2026-01-04 17:24:23
HS-000066,MQL,2025-10-02 14:34:52
HS-000066,New,2025-09-21 00:35:07
HS-000066,SAL,2025-10-08 02:40:29
HS-000067,New,2025-10-13 23:56:48
HS-000068,New,2025-10-21 00:45:07
HS-000069,New,2026-01-05 00:54:32
HS-000070,MQL,2025-11-22 05:27:54
HS-000070,New,2025-11-18 13:27:07
HS-000070,SAL,2025-11-25 19:41:51
HS-000071,New,2025-09-24 03:06:35
HS-000072,New,2025-09-02 06:50:28
HS-000073,MQL,2025-11-16 23:48:39
HS-000073,New,2025-11-05 07:49:19
HS-000074,MQL,2025-09-04 08:41:27
HS-000074,New,2025-08-21 09:52:09
HS-000075,MQL,2026-01-06 12:02:45
HS-000075,New,2025-12-25 05:05:28
HS-000076,MQL,2025-09-05 10:03:50
HS-000076,New,2025-09-03 03:22:01
HS-000076,Opportunity,2025-09-17 15:55:26
HS-000076,SAL,2025-09-07 15:16:24
HS-000076,SQL,2025-09-09 19:58:29
HS-000077,New,2025-12-11 20:39:16
HS-000078,MQL,2026-02-16 12:05:45
HS-000078,New,2026-02-11 08:54:05
HS-000079,New,2025-11-01 04:48:08
HS-000080,New,2025-10-25 16:09:45
HS-000081,MQL,2025-09-30 17:33:05
HS-000081,New,2025-09-27 15:29:32
HS-000081,SAL,2025-10-03 03:21:34
HS-000082,MQL,2025-12-28 12:26:50
HS-000082,New,2025-12-13 09:18:24
HS-000082,SAL,2026-01-01 09:29:54
HS-000082,SQL,2026-01-06 13:37:02
HS-000083,New,2025-09-13 03:27:49
HS-000084,New,2026-03-24 18:19:05
HS-000085,MQL,2025-09-12 04:19:17
HS-000085,New,2025-09-06 17:34:48
HS-000085,Opportunity,2025-09-29 15:30:04
HS-000085,SAL,2025-09-14 08:51:56
HS-000085,SQL,2025-09-19 06:19:58
HS-000086,MQL,2025-11-01 00:24:12
HS-000086,New,2025-10-27 19:53:32
HS-000086,SAL,2025-11-02 11:24:41
HS-000087,MQL,2026-02-24 00:03:21
HS-000087,New,2026-02-16 21:35:09
HS-000087,SAL,2026-02-25 20:52:41
HS-000088,New,2026-01-03 19:04:07
HS-000089,MQL,2026-03-10 17:09:29
HS-000089,New,2026-02-28 04:27:22
HS-000090,MQL,2025-11-02 10:10:09
HS-000090,New,2025-10-29 18:30:08
HS-000091,MQL,2025-10-19 07:38:33
HS-000091,New,2025-10-10 21:39:26
HS-000092,New,2025-09-04 17:36:31
HS-000093,New,2025-11-15 14:58:28
HS-000094,New,2025-09-20 01:24:03
HS-000095,New,2025-11-23 14:05:13
HS-000096,New,2025-10-23 11:26:39
HS-000097,MQL,2026-01-22 07:44:36
HS-000097,New,2026-01-17 01:52:02
HS-000097,SAL,2026-01-25 03:20:18
HS-000098,New,2025-09-22 02:56:02
HS-000099,MQL,2025-12-09 02:50:37
HS-000099,New,2025-12-02 12:04:27
HS-000099,Opportunity,2025-12-24 16:48:06
HS-000099,SAL,2025-12-10 14:27:21
HS-000099,SQL,2025-12-15 21:25:24
HS-000100,New,2025-09-18 21:42:02
HS-000101,New,2026-01-01 09:35:28
HS-000102,MQL,2025-12-06 00:47:28
HS-000102,New,2025-11-25 13:46:53
HS-000102,SAL,2025-12-10 17:29:48
HS-000103,MQL,2026-01-01 22:53:26
HS-000103,New,2025-12-28 00:10:38
HS-000103,SAL,2026-01-06 18:35:36
HS-000104,New,2025-10-03 19:56:09
HS-000105,New,2025-10-08 17:40:36
HS-000106,MQL,2026-01-19 15:05:30
HS-000106,New,2026-01-11 18:35:01
HS-000107,MQL,2025-12-29 21:54:19
HS-000107,New,2025-12-27 06:46:12
HS-000107,SAL,2025-12-30 20:57:55
HS-000108,New,2026-03-26 13:32:08
HS-000109,MQL,2026-02-02 19:49:02
HS-000109,New,2026-01-20 00:27:15
HS-000109,Opportunity,2026-03-15 01:03:31
HS-000109,SAL,2026-02-08 12:45:16
HS-000109,SQL,2026-02-19 15:28:14
HS-000110,New,2026-03-03 13:48:39
HS-000111,New,2026-01-16 23:11:24
HS-000112,New,2026-02-16 21:06:33
HS-000113,New,2025-12-25 11:54:39
HS-000114,MQL,2025-11-19 00:07:45
HS-000114,New,2025-11-12 23:51:44
HS-000114,Opportunity,2025-11-30 22:23:52
HS-000114,SAL,2025-11-23 00:24:31
HS-000114,SQL,2025-11-27 00:04:14
HS-000115,New,2026-01-24 07:19:12
HS-000116,MQL,2025-09-07 07:23:53
HS-000116,New,2025-09-03 15:09:09
HS-000116,SAL,2025-09-11 11:04:59
HS-000117,MQL,2025-11-27 08:38:30
HS-000117,New,2025-11-20 05:23:12
HS-000118,MQL,2025-12-11 07:01:36
HS-000118,New,2025-12-07 03:11:15
HS-000118,Opportunity,2025-12-24 13:37:06
HS-000118,SAL,2025-12-13 19:45:03
HS-000118,SQL,2025-12-17 09:40:53
HS-000119,New,2025-12-07 06:32:35
HS-000120,MQL,2025-10-03 10:22:37
HS-000120,New,2025-09-29 11:53:43
HS-000121,MQL,2025-12-09 02:06:37
HS-000121,New,2025-12-01 21:36:52
HS-000121,SAL,2025-12-13 11:25:18
HS-000122,MQL,2026-02-03 22:11:00
HS-000122,New,2026-01-29 08:02:17
HS-000123,New,2025-10-29 20:09:06
HS-000124,MQL,2025-09-28 19:07:23
HS-000124,New,2025-09-24 01:42:09
HS-000124,SAL,2025-09-30 20:42:15
HS-000125,New,2025-12-08 04:03:09
HS-000126,MQL,2025-12-03 09:54:10
HS-000126,New,2025-11-16 13:05:18
HS-000127,New,2026-01-13 21:57:25
HS-000128,MQL,2026-01-13 16:47:26
HS-000128,New,2026-01-07 17:23:31
HS-000128,SAL,2026-01-15 13:45:03
HS-000129,MQL,2025-10-10 22:26:35
HS-000129,New,2025-10-05 09:17:03
HS-000129,SAL,2025-10-13 12:33:32
HS-000129,SQL,2025-10-20 00:56:00
HS-000130,MQL,2025-11-22 02:25:19
HS-000130,New,2025-11-12 04:08:17
HS-000130,SAL,2025-11-24 03:46:51
HS-000131,MQL,2025-10-18 12:23:06
HS-000131,New,2025-10-10 19:50:24
HS-000132,New,2026-02-27 20:19:47
HS-000133,New,2025-12-09 14:24:18
HS-000134,MQL,2026-02-26 15:15:37
HS-000134,New,2026-02-24 03:35:09
HS-000135,New,2026-03-11 18:38:47
HS-000136,MQL,2025-09-02 04:01:31
HS-000136,New,2025-08-30 11:57:26
HS-000137,New,2025-12-31 09:35:26
HS-000138,MQL,2025-10-26 16:23:12
HS-000138,New,2025-10-22 01:32:48
HS-000139,MQL,2025-09-09 17:46:34
HS-000139,New,2025-09-01 23:46:25
HS-000140,New,2025-09-24 01:18:37
HS-000141,MQL,2026-01-05 01:47:52
HS-000141,New,2025-12-26 15:39:11
HS-000141,SAL,2026-01-07 21:39:47
HS-000141,SQL,2026-01-12 00:51:38
HS-000142,MQL,2026-01-22 19:23:07
HS-000142,New,2026-01-11 15:24:48
HS-000143,MQL,2025-10-17 14:59:46
HS-000143,New,2025-10-06 11:25:17
HS-000143,SAL,2025-10-18 19:49:32
HS-000144,MQL,2025-11-27 13:27:00
HS-000144,New,2025-11-22 14:05:37
HS-000144,SAL,2025-12-02 08:41:20
HS-000145,MQL,2026-02-19 15:13:41
HS-000145,New,2026-02-13 18:37:23
HS-000145,SAL,2026-02-21 15:18:03
HS-000146,MQL,2025-11-26 20:40:09
HS-000146,New,2025-11-15 04:37:24
HS-000147,MQL,2026-03-06 18:38:58
HS-000147,New,2026-02-27 09:34:43
HS-000147,SAL,2026-03-09 14:32:47
HS-000147,SQL,2026-03-13 16:08:42
HS-000148,MQL,2025-10-29 14:12:59
HS-000148,New,2025-10-22 16:10:15
HS-000149,MQL,2026-02-26 19:09:57
HS-000149,New,2026-02-20 21:20:25
HS-000149,SAL,2026-03-01 13:52:32
HS-000149,SQL,2026-03-04 08:08:55
HS-000150,New,2025-12-24 12:10:20
HS-000151,New,2025-10-10 08:20:27
HS-000152,MQL,2026-03-06 00:58:54
HS-000152,New,2026-02-25 03:37:23
HS-000152,Opportunity,2026-03-12 20:16:21
HS-000152,SAL,2026-03-07 17:48:59
HS-000152,SQL,2026-03-09 22:24:08
HS-000153,New,2025-11-13 18:44:37
HS-000154,MQL,2025-12-11 09:11:48
HS-000154,New,2025-12-06 06:35:21
HS-000154,SAL,2025-12-14 11:22:27
HS-000155,MQL,2025-12-11 15:26:13
HS-000155,New,2025-12-05 02:28:56
HS-000156,New,2026-01-27 03:27:27
HS-000157,MQL,2025-09-05 13:26:26
HS-000157,New,2025-09-02 01:47:23
HS-000157,Opportunity,2025-09-17 06:09:04
HS-000157,SAL,2025-09-06 20:10:42
HS-000157,SQL,2025-09-09 05:13:14
HS-000158,New,2025-09-14 06:28:52
HS-000159,MQL,2026-03-02 09:49:01
HS-000159,New,2026-02-27 21:05:37
HS-000160,New,2026-01-19 15:41:11
HS-000161,MQL,2025-11-09 03:39:49
HS-000161,New,2025-11-04 08:53:57
HS-000162,MQL,2025-10-24 19:43:44
HS-000162,New,2025-10-10 13:39:00
HS-000163,New,2026-03-24 12:37:20
HS-000164,New,2025-10-07 13:04:12
HS-000165,New,2025-12-30 13:40:20
HS-000166,New,2026-02-24 21:12:38
HS-000167,MQL,2026-03-13 17:20:59
HS-000167,New,2026-02-27 03:42:35
HS-000168,MQL,2026-01-05 11:46:43
HS-000168,New,2025-12-18 02:32:58
HS-000169,New,2026-03-26 17:50:14
HS-000170,New,2025-11-19 11:57:19
HS-000171,New,2025-10-31 00:18:57
HS-000172,New,2025-11-09 05:36:53
HS-000173,New,2025-10-04 09:03:50
HS-000174,MQL,2025-11-21 08:31:34
HS-000174,New,2025-11-05 09:42:34
HS-000174,Opportunity,2025-12-06 03:59:13
HS-000174,SAL,2025-11-26 14:07:38
HS-000174,SQL,2025-11-30 08:32:47
HS-000175,New,2025-10-01 03:01:35
HS-000176,New,2025-11-28 01:47:37
HS-000177,MQL,2026-03-03 07:15:25
HS-000177,New,2026-02-25 17:14:56
HS-000177,SAL,2026-03-07 16:56:35
HS-000178,New,2026-01-08 18:22:13
HS-000179,MQL,2025-11-24 21:23:31
HS-000179,New,2025-11-14 20:10:07
HS-000180,MQL,2025-12-01 14:38:24
HS-000180,New,2025-11-23 00:36:21
HS-000180,Opportunity,2025-12-18 11:00:44
HS-000180,SAL,2025-12-08 12:32:34
HS-000180,SQL,2025-12-10 22:55:14
HS-000181,MQL,2026-03-03 03:06:00
HS-000181,New,2026-02-21 10:15:03
HS-000181,SAL,2026-03-06 10:10:42
HS-000182,MQL,2025-12-27 17:04:34
HS-000182,New,2025-12-21 20:04:45
HS-000183,MQL,2026-01-30 03:53:32
HS-000183,New,2026-01-22 16:38:39
HS-000183,SAL,2026-02-01 20:11:10
HS-000184,New,2026-03-11 13:20:59
HS-000185,MQL,2026-02-20 23:41:14
HS-000185,New,2026-02-17 23:27:35
HS-000185,Opportunity,2026-03-09 01:56:32
HS-000185,SAL,2026-02-25 12:37:31
HS-000185,SQL,2026-02-27 22:16:42
HS-000186,New,2026-03-10 07:18:21
HS-000187,MQL,2026-01-07 21:18:13
HS-000187,New,2025-12-26 21:20:23
HS-000188,MQL,2026-02-21 11:55:22
HS-000188,New,2026-02-16 19:35:23
HS-000189,New,2025-12-10 23:50:27
HS-000190,MQL,2025-10-23 05:03:23
HS-000190,New,2025-10-17 19:31:24
HS-000190,Opportunity,2025-11-07 05:35:11
HS-000190,SAL,2025-10-26 19:09:56
HS-000190,SQL,2025-10-31 23:44:58
HS-000191,New,2026-03-05 15:05:10
HS-000192,New,2025-11-17 22:45:52
HS-000193,New,2026-02-04 06:17:42
HS-000194,MQL,2025-12-05 16:14:24
HS-000194,New,2025-11-30 11:10:36
HS-000194,SAL,2025-12-09 04:43:00
HS-000194,SQL,2025-12-16 06:02:07
HS-000195,New,2025-09-23 19:33:39
HS-000196,New,2025-09-28 07:50:29
HS-000197,MQL,2025-12-06 22:28:11
HS-000197,New,2025-12-03 16:36:55
HS-000198,MQL,2026-03-17 18:37:34
HS-000198,New,2026-03-14 17:02:30
HS-000198,SAL,2026-03-21 02:29:32
HS-000199,New,2026-02-28 05:52:30
HS-000200,New,2025-09-25 01:10:33
HS-000201,New,2025-09-04 19:49:25
HS-000202,MQL,2025-09-06 09:06:32
HS-000202,New,2025-09-04 01:10:01
HS-000202,SAL,2025-09-09 23:02:29
HS-000203,New,2025-09-13 13:36:41
HS-000204,MQL,2026-02-04 02:59:13
HS-000204,New,2026-01-29 14:42:37
HS-000204,SAL,2026-02-05 16:32:27
HS-000205,MQL,2026-03-10 22:42:42
HS-000205,New,2026-03-06 14:19:43
HS-000205,SAL,2026-03-14 03:18:40
HS-000206,New,2025-12-26 06:26:23
HS-000207,MQL,2025-12-25 12:00:07
HS-000207,New,2025-12-22 07:22:09
HS-000207,Opportunity,2026-01-03 09:47:07
HS-000207,SAL,2025-12-28 23:19:14
HS-000207,SQL,2025-12-31 01:23:27
HS-000208,New,2025-10-09 04:20:38
HS-000209,MQL,2025-11-27 04:59:38
HS-000209,New,2025-11-19 19:13:08
HS-000209,Opportunity,2025-12-10 01:10:14
HS-000209,SAL,2025-12-01 06:13:05
HS-000209,SQL,2025-12-04 16:51:34
HS-000210,New,2025-10-27 09:11:15
HS-000211,New,2025-12-03 00:04:20
HS-000212,MQL,2025-10-15 03:43:41
HS-000212,New,2025-10-10 05:33:43
HS-000212,Opportunity,2025-10-28 12:52:36
HS-000212,SAL,2025-10-18 19:40:39
HS-000212,SQL,2025-10-20 22:57:31
HS-000213,New,2025-11-16 21:55:08
HS-000214,MQL,2026-03-24 01:40:52
HS-000214,New,2026-03-09 07:18:00
HS-000215,MQL,2025-09-01 15:10:28
HS-000215,New,2025-08-24 11:55:15
HS-000216,MQL,2026-02-14 09:34:52
HS-000216,New,2026-02-07 17:39:51
HS-000216,SAL,2026-02-15 12:28:11
HS-000217,New,2026-02-11 23:52:08
HS-000218,MQL,2025-10-25 06:06:36
HS-000218,New,2025-10-20 14:34:23
HS-000218,Opportunity,2025-11-09 17:14:57
HS-000218,SAL,2025-10-27 23:40:15
HS-000218,SQL,2025-10-30 05:59:04
HS-000219,New,2026-03-04 06:45:52
HS-000220,New,2025-10-31 04:07:30
HS-000221,New,2025-10-07 00:08:34
HS-000222,New,2025-09-29 11:21:19
HS-000223,MQL,2026-03-04 14:06:41
HS-000223,New,2026-02-22 10:08:19
HS-000224,MQL,2025-09-17 12:09:00
HS-000224,New,2025-09-10 08:53:40
HS-000224,SAL,2025-09-20 06:18:54
HS-000225,MQL,2026-02-07 06:43:18
HS-000225,New,2026-02-01 05:35:47
HS-000225,SAL,2026-02-13 19:59:40
HS-000226,New,2025-12-28 00:24:11
HS-000227,New,2025-11-02 16:09:41
HS-000228,New,2026-01-03 20:33:29
HS-000229,MQL,2026-01-03 03:42:44
HS-000229,New,2025-12-25 22:27:16
HS-000230,New,2025-10-03 23:13:01
HS-000231,MQL,2025-10-15 23:04:29
HS-000231,New,2025-10-06 18:37:44
HS-000231,Opportunity,2025-10-27 05:38:58
HS-000231,SAL,2025-10-21 04:44:51
HS-000231,SQL,2025-10-22 17:55:16
HS-000232,New,2025-12-15 07:47:12
HS-000233,New,2025-11-23 19:06:50
HS-000234,New,2025-09-14 23:19:41
HS-000235,MQL,2026-01-01 12:18:44
HS-000235,New,2025-12-27 14:07:21
HS-000236,MQL,2025-11-11 02:07:14
HS-000236,New,2025-11-07 02:33:52
HS-000237,New,2026-03-08 12:02:41
HS-000238,New,2025-10-10 22:50:49
HS-000239,New,2025-10-25 16:19:04
HS-000240,MQL,2026-01-31 00:41:48
HS-000240,New,2026-01-19 09:52:57
HS-000240,SAL,2026-02-04 08:56:38
HS-000241,New,2025-09-02 15:05:45
HS-000242,MQL,2026-03-18 16:36:35
HS-000242,New,2026-03-01 14:14:40
HS-000242,SAL,2026-03-23 20:53:18
HS-000243,MQL,2026-03-14 21:41:34
HS-000243,New,2026-03-03 12:04:06
HS-000243,SAL,2026-03-20 18:51:47
HS-000244,MQL,2025-09-22 02:25:27
HS-000244,New,2025-09-17 04:40:13
HS-000244,Opportunity,2025-10-03 22:01:31
HS-000244,SAL,2025-09-23 20:25:13
HS-000244,SQL,2025-09-26 18:40:32
HS-000245,New,2026-02-09 23:45:10
HS-000246,MQL,2025-12-31 07:02:17
HS-000246,New,2025-12-26 13:26:07
HS-000247,New,2025-09-11 16:59:26
HS-000248,MQL,2026-01-25 15:57:13
HS-000248,New,2026-01-22 07:10:24
HS-000249,New,2025-10-27 08:07:15
HS-000250,MQL,2026-01-25 09:00:35
HS-000250,New,2026-01-20 23:58:41
HS-000251,MQL,2025-10-30 15:08:55
HS-000251,New,2025-10-23 06:31:51
HS-000251,SAL,2025-11-03 16:29:47
HS-000252,MQL,2026-01-03 22:05:27
HS-000252,New,2025-12-29 04:56:23
HS-000253,MQL,2026-01-20 02:43:08
HS-000253,New,2026-01-16 17:09:14
HS-000254,New,2026-02-26 00:25:25
HS-000255,MQL,2025-09-11 04:57:03
HS-000255,New,2025-09-06 01:53:35
HS-000256,New,2025-11-16 13:13:45
HS-000257,New,2025-12-15 15:12:17
HS-000258,New,2026-01-05 05:07:28
HS-000259,New,2025-11-12 03:23:54
HS-000260,New,2025-12-02 02:03:06
HS-000261,New,2026-01-25 11:58:49
HS-000262,MQL,2025-12-10 11:12:46
HS-000262,New,2025-12-06 09:57:40
HS-000262,SAL,2025-12-12 14:31:52
HS-000262,SQL,2025-12-16 10:55:08
HS-000263,New,2026-03-03 03:21:48
HS-000264,MQL,2026-01-03 18:47:30
HS-000264,New,2025-12-21 10:30:37
HS-000264,SAL,2026-01-08 01:09:05
HS-000265,MQL,2026-03-27 20:23:55
HS-000265,New,2026-03-18 01:41:58
HS-000266,MQL,2025-10-13 09:49:13
HS-000266,New,2025-10-09 19:45:51
HS-000267,New,2025-11-13 18:21:49
HS-000268,New,2025-10-06 03:25:13
HS-000269,MQL,2025-12-24 21:58:01
HS-000269,New,2025-12-12 06:57:02
HS-000269,SAL,2025-12-26 18:39:20
HS-000270,New,2025-12-14 00:21:35
HS-000271,New,2025-11-25 07:42:45
HS-000272,New,2025-11-27 08:03:47
HS-000273,MQL,2026-02-17 17:51:57
HS-000273,New,2026-02-12 02:53:52
HS-000274,MQL,2025-12-29 17:42:47
HS-000274,New,2025-12-11 13:52:51
HS-000275,MQL,2025-10-04 02:45:08
HS-000275,New,2025-09-28 01:07:48
HS-000275,SAL,2025-10-07 22:35:08
HS-000276,New,2026-02-06 21:09:52
HS-000277,MQL,2025-12-25 12:46:24
HS-000277,New,2025-12-15 12:10:08
HS-000278,New,2026-01-03 19:14:28
HS-000279,MQL,2025-11-07 00:40:43
HS-000279,New,2025-10-31 14:17:49
HS-000280,New,2025-11-12 09:16:45
HS-000281,MQL,2025-10-22 06:40:57
HS-000281,New,2025-10-16 05:43:21
HS-000281,SAL,2025-10-24 15:31:33
HS-000282,New,2025-10-26 16:36:37
HS-000283,MQL,2026-03-03 07:46:12
HS-000283,New,2026-02-24 12:28:34
HS-000284,MQL,2025-10-18 02:15:13
HS-000284,New,2025-10-15 07:07:53
HS-000284,SAL,2025-10-22 06:37:09
HS-000285,MQL,2026-01-29 15:53:42
HS-000285,New,2026-01-17 11:16:58
HS-000286,MQL,2025-09-25 06:51:27
HS-000286,New,2025-09-19 11:26:32
HS-000287,MQL,2025-09-05 03:41:43
HS-000287,New,2025-08-25 03:49:13
HS-000288,New,2026-03-29 11:41:29
HS-000289,New,2026-03-04 18:15:22
HS-000290,MQL,2025-10-23 21:32:53
HS-000290,New,2025-10-16 02:14:47
HS-000291,New,2026-02-28 19:54:07
HS-000292,MQL,2025-09-13 15:59:55
HS-000292,New,2025-09-10 06:47:52
HS-000292,Opportunity,2025-09-24 16:01:42
HS-000292,SAL,2025-09-17 17:40:04
HS-000292,SQL,2025-09-21 16:26:51
HS-000293,MQL,2025-12-05 17:35:16
HS-000293,New,2025-11-21 06:41:36
HS-000293,Opportunity,2025-12-13 14:20:38
HS-000293,SAL,2025-12-09 07:38:16
HS-000293,SQL,2025-12-11 06:24:42
HS-000294,MQL,2025-09-28 10:55:40
HS-000294,New,2025-09-21 01:35:53
HS-000295,MQL,2026-01-03 21:19:49
HS-000295,New,2025-12-31 22:28:01
HS-000295,SAL,2026-01-07 06:38:25
HS-000295,SQL,2026-01-10 04:05:12
HS-000296,MQL,2025-10-30 22:35:34
HS-000296,New,2025-10-20 06:23:13
HS-000297,New,2025-09-10 14:50:11
HS-000298,New,2026-01-07 07:28:09
HS-000299,MQL,2025-12-23 13:27:52
HS-000299,New,2025-12-22 00:26:42
HS-000300,New,2025-09-16 18:37:02
HS-000301,New,2026-02-15 06:04:04
HS-000302,MQL,2025-10-09 09:16:58
HS-000302,New,2025-09-30 14:15:44
HS-000303,MQL,2025-10-05 23:29:23
HS-000303,New,2025-09-28 10:58:23
HS-000304,MQL,2026-01-06 16:17:30
HS-000304,New,2025-12-29 10:23:31
HS-000305,MQL,2025-10-04 10:28:16
HS-000305,New,2025-09-27 20:49:02
HS-000306,New,2025-10-18 20:38:02
HS-000307,MQL,2025-11-29 15:06:13
HS-000307,New,2025-11-17 12:08:55
HS-000308,MQL,2025-10-09 03:04:07
HS-000308,New,2025-10-01 01:09:33
HS-000309,New,2026-02-14 00:22:33
HS-000310,New,2026-01-27 03:43:22
HS-000311,New,2025-09-08 20:47:55
HS-000312,New,2026-02-04 10:13:19
HS-000313,MQL,2025-09-09 02:21:52
HS-000313,New,2025-09-04 10:28:43
HS-000313,SAL,2025-09-12 09:00:41
HS-000314,New,2026-01-29 18:00:34
HS-000315,MQL,2026-01-25 17:33:05
HS-000315,New,2026-01-20 20:50:11
HS-000315,SAL,2026-01-28 13:16:41
HS-000315,SQL,2026-01-29 17:25:08
HS-000316,MQL,2025-10-25 19:54:10
HS-000316,New,2025-09-15 12:51:38
HS-000317,New,2026-03-30 19:14:13
HS-000318,MQL,2026-02-09 08:56:49
HS-000318,New,2026-01-28 05:11:36
HS-000318,SAL,2026-02-11 00:11:01
HS-000319,MQL,2025-11-06 07:22:36
HS-000319,New,2025-11-01 22:14:27
HS-000319,Opportunity,2025-11-15 11:37:22
HS-000319,SAL,2025-11-07 07:41:06
HS-000319,SQL,2025-11-11 15:36:39
HS-000320,New,2025-12-20 13:12:28
HS-000321,New,2025-12-12 02:11:12
HS-000322,New,2026-01-17 02:07:23
HS-000323,MQL,2025-10-10 18:09:55
HS-000323,New,2025-10-01 23:59:33
HS-000323,SAL,2025-10-15 16:43:14
HS-000324,MQL,2026-02-19 22:40:54
HS-000324,New,2026-02-14 03:25:35
HS-000325,New,2025-10-02 07:39:37
HS-000326,New,2025-09-06 03:20:46
HS-000327,MQL,2025-09-10 05:57:07
HS-000327,New,2025-09-06 13:18:54
HS-000327,SAL,2025-09-13 06:51:15
HS-000327,SQL,2025-09-14 20:50:57
HS-000328,MQL,2025-10-16 01:38:00
HS-000328,New,2025-10-02 05:18:47
HS-000329,MQL,2026-03-08 12:03:12
HS-000329,New,2026-03-05 13:44:30
HS-000329,Opportunity,2026-03-16 21:51:12
HS-000329,SAL,2026-03-12 03:51:40
HS-000329,SQL,2026-03-14 07:18:48
HS-000330,New,2026-03-14 23:51:33
HS-000331,New,2025-09-07 02:00:26
HS-000332,MQL,2025-09-04 06:05:20
HS-000332,New,2025-08-27 00:20:14
HS-000333,New,2026-03-21 20:37:28
HS-000334,New,2026-03-22 16:39:01
HS-000335,New,2025-12-19 00:55:54
HS-000336,MQL,2025-10-04 07:07:31
HS-000336,New,2025-09-25 21:32:37
HS-000336,SAL,2025-10-05 10:36:36
HS-000337,MQL,2026-02-11 13:12:21
HS-000337,New,2026-02-05 19:02:41
HS-000338,MQL,2025-11-25 05:15:47
HS-000338,New,2025-11-07 16:19:19
HS-000339,MQL,2025-11-25 16:49:01
HS-000339,New,2025-11-19 02:28:00
HS-000339,Opportunity,2025-12-06 14:39:33
HS-000339,SAL,2025-11-27 18:43:36
HS-000339,SQL,2025-11-30 02:22:28
HS-000340,MQL,2025-10-07 06:32:45
HS-000340,New,2025-09-25 16:52:35
HS-000340,SAL,2025-10-10 02:54:47
HS-000341,New,2026-01-17 07:30:27
HS-000342,New,2026-02-24 15:38:02
HS-000343,MQL,2025-09-06 16:24:21
HS-000343,New,2025-08-30 08:41:18
HS-000343,SAL,2025-09-10 19:02:32
HS-000344,New,2025-10-19 09:22:25
HS-000345,New,2025-11-04 17:57:19
HS-000346,MQL,2025-10-01 04:37:39
HS-000346,New,2025-09-25 13:56:33
HS-000347,MQL,2026-02-14 20:47:04
HS-000347,New,2026-02-04 20:56:18
HS-000348,MQL,2025-11-09 14:47:10
HS-000348,New,2025-11-07 21:41:06
HS-000348,SAL,2025-11-11 18:47:41
HS-000348,SQL,2025-11-14 10:10:45
HS-000349,MQL,2025-10-05 02:47:53
HS-000349,New,2025-09-28 14:45:28
HS-000350,New,2026-02-24 18:38:30
HS-000351,MQL,2025-12-20 07:24:55
HS-000351,New,2025-12-15 11:28:12
HS-000352,New,2026-02-18 15:33:51
HS-000353,MQL,2025-10-15 23:45:59
HS-000353,New,2025-10-09 18:21:06
HS-000354,New,2026-01-26 01:27:31
HS-000355,New,2025-11-29 00:39:29
HS-000356,MQL,2025-11-17 18:44:42
HS-000356,New,2025-10-26 09:31:52
HS-000356,SAL,2025-11-20 20:06:33
HS-000357,MQL,2026-03-04 03:06:29
HS-000357,New,2026-03-01 00:50:36
HS-000357,SAL,2026-03-06 09:42:01
HS-000358,New,2025-11-27 23:54:55
HS-000359,New,2025-09-01 10:49:37
HS-000360,New,2025-10-01 22:49:38
HS-000361,New,2026-02-28 09:50:47
HS-000362,MQL,2025-09-01 02:16:35
HS-000362,New,2025-08-21 19:47:51
HS-000363,MQL,2026-02-28 23:35:58
HS-000363,New,2026-02-25 19:41:48
HS-000364,MQL,2025-12-05 15:25:16
HS-000364,New,2025-11-21 14:29:38
HS-000365,New,2025-09-25 02:57:00
HS-000366,MQL,2026-03-23 04:23:52
HS-000366,New,2026-03-15 11:37:24
HS-000367,New,2025-09-29 08:19:44
HS-000368,New,2026-03-02 02:50:12
HS-000369,New,2025-12-25 20:40:43
HS-000370,New,2025-09-17 19:09:21
HS-000371,MQL,2025-09-01 01:25:21
HS-000371,New,2025-08-28 21:23:56
HS-000372,New,2026-01-30 04:40:18
HS-000373,New,2025-09-27 12:48:04
HS-000374,MQL,2025-10-20 06:53:41
HS-000374,New,2025-10-16 21:38:32
HS-000374,SAL,2025-10-21 12:40:05
HS-000375,New,2026-01-23 03:45:21
HS-000376,MQL,2025-09-19 04:47:30
HS-000376,New,2025-09-14 11:02:04
HS-000377,MQL,2026-03-23 20:38:45
HS-000377,New,2026-03-20 12:57:43
HS-000378,MQL,2025-09-11 10:42:28
HS-000378,New,2025-09-07 14:40:21
HS-000378,SAL,2025-09-13 00:44:23
HS-000379,New,2026-01-28 03:24:48
HS-000380,MQL,2026-02-23 23:23:57
HS-000380,New,2026-02-14 00:27:29
HS-000380,SAL,2026-02-24 16:17:52
HS-000381,MQL,2026-03-01 05:32:14
HS-000381,New,2026-02-21 23:20:16
HS-000381,SAL,2026-03-04 01:21:21
HS-000381,SQL,2026-03-06 09:29:17
HS-000382,New,2026-01-16 21:09:31
HS-000383,MQL,2026-02-20 01:27:32
HS-000383,New,2026-02-12 02:46:30
HS-000384,New,2025-10-12 12:15:28
HS-000385,New,2026-02-17 18:50:10
HS-000386,New,2025-11-23 02:07:43
HS-000387,New,2026-01-23 07:16:02
HS-000388,New,2025-11-09 16:06:32
HS-000389,MQL,2026-01-01 08:19:38
HS-000389,New,2025-12-26 20:25:14
HS-000389,SAL,2026-01-03 03:12:31
HS-000390,New,2026-03-24 10:58:26
HS-000391,MQL,2025-10-17 08:06:49
HS-000391,New,2025-10-07 07:10:43
HS-000392,MQL,2026-02-13 19:32:49
HS-000392,New,2026-02-09 17:21:48
HS-000392,SAL,2026-02-17 13:33:09
HS-000393,MQL,2026-01-28 03:02:55
HS-000393,New,2026-01-22 17:04:27
HS-000394,MQL,2026-01-18 14:41:22
HS-000394,New,2026-01-08 12:59:52
HS-000394,Opportunity,2026-01-30 21:39:46
HS-000394,SAL,2026-01-21 04:11:27
HS-000394,SQL,2026-01-25 01:37:28
HS-000395,New,2025-12-23 00:47:42
HS-000396,New,2026-02-20 17:07:53
HS-000397,New,2026-03-24 00:39:00
HS-000398,MQL,2026-02-15 01:59:52
HS-000398,New,2026-02-07 12:54:55
HS-000398,SAL,2026-02-16 08:03:35
HS-000398,SQL,2026-02-22 11:11:47
HS-000399,New,2025-10-08 00:17:20
HS-000400,MQL,2025-11-11 18:48:11
HS-000400,New,2025-11-07 05:36:48
HS-000401,MQL,2025-10-11 01:50:20
HS-000401,New,2025-10-06 07:08:45
HS-000401,SAL,2025-10-14 13:14:04
HS-000401,SQL,2025-10-16 08:27:55
HS-000402,MQL,2026-01-05 01:39:31
HS-000402,New,2025-12-30 16:35:48
HS-000403,MQL,2025-11-07 22:58:03
HS-000403,New,2025-11-02 20:22:31
HS-000404,MQL,2026-02-08 20:19:11
HS-000404,New,2026-02-03 06:53:24
HS-000405,MQL,2025-11-05 07:22:08
HS-000405,New,2025-10-24 07:55:21
HS-000406,New,2026-03-14 07:11:00
HS-000407,New,2025-12-27 16:46:40
HS-000408,New,2025-10-27 02:58:07
HS-000409,MQL,2026-03-15 17:03:17
HS-000409,New,2026-03-06 23:30:11
HS-000409,SAL,2026-03-18 18:00:45
HS-000410,New,2026-03-06 23:26:19
HS-000411,New,2025-11-10 02:09:19
HS-000412,MQL,2026-02-20 09:51:24
HS-000412,New,2026-02-14 22:24:45
HS-000412,SAL,2026-02-24 23:54:14
HS-000413,New,2025-12-30 11:34:19
HS-000414,New,2025-11-30 10:10:47
HS-000415,New,2026-01-07 21:51:58
HS-000416,MQL,2026-01-17 07:01:00
HS-000416,New,2026-01-12 18:21:34
HS-000416,Opportunity,2026-01-30 01:46:21
HS-000416,SAL,2026-01-18 07:03:37
HS-000416,SQL,2026-01-27 02:55:52
HS-000417,MQL,2026-01-25 12:35:57
HS-000417,New,2026-01-19 13:28:01
HS-000417,SAL,2026-01-29 22:11:58
HS-000417,SQL,2026-02-04 06:15:36
HS-000418,New,2026-01-08 06:18:04
HS-000419,MQL,2026-03-19 14:04:12
HS-000419,New,2026-03-12 22:30:40
HS-000419,SAL,2026-03-21 19:30:37
HS-000419,SQL,2026-03-22 23:57:22
HS-000420,New,2026-02-10 17:20:58
HS-000421,New,2025-09-24 01:03:56
HS-000422,MQL,2026-02-06 23:10:22
HS-000422,New,2026-01-26 23:09:40
HS-000423,New,2026-02-25 02:56:29
HS-000424,New,2025-10-17 13:24:47
HS-000425,MQL,2025-11-15 05:07:51
HS-000425,New,2025-11-07 01:06:29
HS-000426,MQL,2025-11-11 02:47:11
HS-000426,New,2025-11-05 18:58:19
HS-000427,New,2026-02-22 05:35:12
HS-000428,New,2025-11-09 07:59:23
HS-000429,MQL,2025-12-28 10:00:17
HS-000429,New,2025-12-24 11:30:20
HS-000430,MQL,2026-02-05 10:42:18
HS-000430,New,2026-01-30 08:46:46
HS-000431,New,2025-12-03 18:45:29
HS-000432,New,2025-10-18 23:45:21
HS-000433,MQL,2025-11-29 19:39:21
HS-000433,New,2025-11-02 12:35:32
HS-000433,Opportunity,2025-12-22 11:35:16
HS-000433,SAL,2025-12-02 05:03:12
HS-000433,SQL,2025-12-05 16:58:51
HS-000434,MQL,2025-11-29 18:02:00
HS-000434,New,2025-11-23 05:39:54
HS-000435,MQL,2026-03-02 15:09:13
HS-000435,New,2026-02-25 01:28:27
HS-000436,MQL,2025-09-28 16:44:39
HS-000436,New,2025-09-21 22:07:04
HS-000436,Opportunity,2025-10-04 05:18:09
HS-000436,SAL,2025-09-30 05:50:15
HS-000436,SQL,2025-10-01 15:13:53
HS-000437,New,2025-11-27 19:37:20
HS-000438,New,2026-02-10 22:03:54
HS-000439,New,2026-01-31 03:25:09
HS-000440,MQL,2025-11-27 14:15:26
HS-000440,New,2025-11-19 16:31:21
HS-000440,Opportunity,2025-12-04 15:22:06
HS-000440,SAL,2025-11-29 09:52:40
HS-000440,SQL,2025-12-01 19:58:17
HS-000441,New,2026-02-26 09:59:09
HS-000442,MQL,2025-11-23 08:57:19
HS-000442,New,2025-11-17 01:10:53
HS-000442,Opportunity,2025-11-29 01:05:19
HS-000442,SAL,2025-11-25 07:49:20
HS-000442,SQL,2025-11-26 08:18:39
HS-000443,MQL,2026-03-09 13:55:16
HS-000443,New,2026-02-28 10:44:03
HS-000444,New,2026-01-16 11:22:49
HS-000445,MQL,2025-12-29 12:27:20
HS-000445,New,2025-12-21 15:28:22
HS-000445,SAL,2026-01-01 03:10:18
HS-000446,New,2026-02-23 15:52:25
HS-000447,New,2026-03-27 18:45:21
HS-000448,MQL,2025-09-24 22:25:32
HS-000448,New,2025-09-21 06:11:53
HS-000448,SAL,2025-09-29 02:08:12
HS-000449,MQL,2025-10-01 05:01:43
HS-000449,New,2025-09-27 11:31:18
HS-000449,SAL,2025-10-02 21:20:00
HS-000450,MQL,2026-03-24 20:26:16
HS-000450,New,2026-03-18 04:04:48
HS-000451,MQL,2025-10-12 15:50:05
HS-000451,New,2025-10-07 19:42:34
HS-000451,Opportunity,2025-10-20 17:12:43
HS-000451,SAL,2025-10-14 18:07:03
HS-000451,SQL,2025-10-18 12:50:07
HS-000452,MQL,2025-10-11 04:53:50
HS-000452,New,2025-09-30 15:38:07
HS-000452,SAL,2025-10-15 19:45:45
HS-000453,New,2025-10-14 12:24:48
HS-000454,New,2025-12-21 20:59:45
HS-000455,New,2025-11-19 13:57:01
HS-000456,MQL,2026-01-03 00:46:07
HS-000456,New,2025-12-10 02:31:46
HS-000456,Opportunity,2026-01-17 04:39:51
HS-000456,SAL,2026-01-06 12:22:16
HS-000456,SQL,2026-01-08 20:20:28
HS-000457,MQL,2025-11-10 01:22:24
HS-000457,New,2025-11-01 10:02:13
HS-000458,New,2026-01-10 23:30:30
HS-000459,New,2025-09-22 17:37:57
HS-000460,New,2025-12-05 15:47:28
HS-000461,MQL,2026-01-04 21:24:34
HS-000461,New,2025-12-27 21:54:33
HS-000461,SAL,2026-01-10 01:16:27
HS-000462,MQL,2025-11-07 19:10:24
HS-000462,New,2025-10-31 07:51:54
HS-000462,Opportunity,2025-11-15 10:16:45
HS-000462,SAL,2025-11-10 13:57:25
HS-000462,SQL,2025-11-12 13:05:14
HS-000463,New,2026-01-03 20:03:32
HS-000464,MQL,2026-01-24 05:31:44
HS-000464,New,2026-01-21 11:28:00
HS-000465,New,2026-01-07 00:23:04
HS-000466,New,2025-10-11 05:59:16
HS-000467,New,2026-03-03 03:56:52
HS-000468,MQL,2026-01-10 22:46:21
HS-000468,New,2026-01-05 19:21:22
HS-000469,New,2025-09-24 01:06:07
HS-000470,MQL,2026-01-12 16:19:07
HS-000470,New,2026-01-08 05:26:28
HS-000471,New,2025-10-06 12:50:41
HS-000472,MQL,2025-10-22 03:30:37
HS-000472,New,2025-10-11 15:09:49
HS-000473,MQL,2025-12-04 18:57:11
HS-000473,New,2025-11-27 15:23:04
HS-000474,New,2026-03-03 02:32:38
HS-000475,New,2025-10-15 15:27:53
HS-000476,MQL,2025-11-29 02:43:45
HS-000476,New,2025-11-12 11:47:14
HS-000477,New,2026-01-22 04:29:02
HS-000478,MQL,2025-11-13 03:30:52
HS-000478,New,2025-11-07 08:18:09
HS-000478,Opportunity,2025-11-21 14:17:07
HS-000478,SAL,2025-11-15 20:09:57
HS-000478,SQL,2025-11-16 20:10:22
HS-000479,MQL,2026-02-18 19:09:45
HS-000479,New,2026-02-12 11:30:46
HS-000479,SAL,2026-02-24 19:22:19
HS-000480,New,2026-01-14 10:42:43
HS-000481,New,2026-01-14 09:06:15
HS-000482,MQL,2025-10-07 05:46:02
HS-000482,New,2025-09-19 14:57:42
HS-000483,MQL,2025-10-16 17:15:38
HS-000483,New,2025-10-06 08:57:31
HS-000483,Opportunity,2025-10-26 23:06:55
HS-000483,SAL,2025-10-19 12:05:03
HS-000483,SQL,2025-10-22 21:24:36
HS-000484,MQL,2025-10-02 07:04:43
HS-000484,New,2025-09-28 14:27:36
HS-000485,New,2026-01-06 09:03:28
HS-000486,New,2025-09-16 17:47:46
HS-000487,New,2025-11-15 02:28:29
HS-000488,MQL,2026-03-10 21:06:54
HS-000488,New,2026-03-06 21:23:48
HS-000489,MQL,2025-09-09 11:43:44
HS-000489,New,2025-09-06 00:56:51
HS-000489,SAL,2025-09-13 00:49:21
HS-000489,SQL,2025-09-14 21:58:15
HS-000490,New,2025-09-24 02:21:49
HS-000491,MQL,2026-03-30 09:10:01
HS-000491,New,2026-03-22 20:51:49
HS-000492,New,2025-12-22 11:50:28
HS-000493,MQL,2025-10-29 21:05:11
HS-000493,New,2025-10-20 00:56:16
HS-000493,SAL,2025-11-01 23:34:32
HS-000494,New,2026-02-01 12:37:05
HS-000495,New,2026-03-28 19:02:38
HS-000496,MQL,2025-09-12 17:59:02
HS-000496,New,2025-09-05 11:06:42
HS-000496,Opportunity,2025-09-26 13:22:41
HS-000496,SAL,2025-09-14 13:38:16
HS-000496,SQL,2025-09-20 13:18:35
HS-000497,New,2026-01-03 20:28:21
HS-000498,New,2025-11-02 20:08:51
HS-000499,MQL,2025-09-19 18:13:55
HS-000499,New,2025-09-13 16:53:34
HS-000499,SAL,2025-09-23 12:45:50
HS-000500,New,2025-12-21 10:13:12
HS-000501,MQL,2026-01-27 20:19:29
HS-000501,New,2026-01-15 03:23:21
HS-000502,MQL,2025-12-13 02:29:09
HS-000502,New,2025-11-28 08:28:50
HS-000503,New,2025-10-23 04:37:01
HS-000504,MQL,2025-10-12 02:22:25
HS-000504,New,2025-10-01 17:46:27
HS-000504,Opportunity,2025-10-26 22:38:53
HS-000504,SAL,2025-10-15 17:32:35
HS-000504,SQL,2025-10-17 16:28:31
HS-000505,New,2025-11-25 04:27:58
HS-000506,New,2025-11-03 16:59:56
HS-000507,New,2026-03-20 00:56:32
HS-000508,New,2026-01-06 08:02:42
HS-000509,New,2026-03-03 09:20:45
HS-000510,New,2025-11-06 05:05:09
HS-000511,New,2026-02-12 12:02:46
HS-000512,New,2026-02-01 18:11:28
HS-000513,New,2026-01-19 20:14:52
HS-000514,MQL,2025-12-07 10:35:39
HS-000514,New,2025-12-02 19:20:59
HS-000514,Opportunity,2025-12-29 04:25:40
HS-000514,SAL,2025-12-11 01:53:04
HS-000514,SQL,2025-12-15 16:28:41
HS-000515,New,2025-09-28 22:06:58
HS-000516,New,2026-02-18 05:41:43
HS-000517,New,2026-03-04 06:26:13
HS-000518,New,2026-03-03 18:33:43
HS-000519,New,2026-02-19 14:54:23
HS-000520,MQL,2025-11-18 01:08:42
HS-000520,New,2025-11-09 09:19:41
HS-000520,SAL,2025-11-21 23:26:31
HS-000520,SQL,2025-11-23 14:54:52
HS-000521,New,2026-01-02 06:21:53
HS-000522,MQL,2025-12-08 23:55:20
HS-000522,New,2025-12-04 14:43:25
HS-000523,MQL,2026-03-02 22:33:41
HS-000523,New,2026-02-15 04:43:47
HS-000524,New,2025-10-04 18:32:26
HS-000525,New,2025-12-17 14:45:15
HS-000526,MQL,2026-01-11 19:56:09
HS-000526,New,2026-01-06 23:32:45
HS-000526,SAL,2026-01-13 06:57:45
HS-000526,SQL,2026-01-15 21:48:34
HS-000527,MQL,2025-11-04 02:12:28
HS-000527,New,2025-10-27 13:06:42
HS-000528,New,2025-09-26 03:06:33
HS-000529,MQL,2025-12-25 13:11:57
HS-000529,New,2025-12-17 19:57:23
HS-000530,MQL,2026-01-06 03:24:22
HS-000530,New,2025-12-29 01:01:04
HS-000531,MQL,2026-02-10 05:11:15
HS-000531,New,2026-02-04 13:57:13
HS-000531,SAL,2026-02-13 19:24:35
HS-000532,New,2026-03-06 08:05:00
HS-000533,MQL,2025-09-06 04:19:12
HS-000533,New,2025-08-31 04:29:10
HS-000533,Opportunity,2025-09-21 03:59:05
HS-000533,SAL,2025-09-09 02:17:00
HS-000533,SQL,2025-09-14 12:39:06
HS-000534,New,2025-10-18 04:20:51
HS-000535,MQL,2025-11-19 07:44:26
HS-000535,New,2025-11-14 02:49:17
HS-000535,SAL,2025-11-23 23:28:57
HS-000536,New,2025-09-21 07:10:01
HS-000537,MQL,2025-09-11 12:30:08
HS-000537,New,2025-09-03 23:43:52
HS-000538,MQL,2025-08-30 11:57:23
HS-000538,New,2025-08-25 11:10:56
HS-000539,New,2025-10-12 02:06:25
HS-000540,MQL,2025-11-20 00:10:40
HS-000540,New,2025-11-15 03:47:47
HS-000540,SAL,2025-11-21 03:01:25
HS-000541,MQL,2026-01-10 00:52:21
HS-000541,New,2025-12-28 13:06:03
HS-000541,SAL,2026-01-17 05:12:58
HS-000541,SQL,2026-02-03 04:08:06
HS-000542,MQL,2026-02-06 04:52:42
HS-000542,New,2026-02-02 20:52:47
HS-000542,SAL,2026-02-07 23:01:18
HS-000543,New,2025-10-14 10:08:51
HS-000544,New,2025-10-25 04:01:13
HS-000545,MQL,2026-02-03 23:35:54
HS-000545,New,2026-01-30 14:49:09
HS-000545,SAL,2026-02-07 19:55:08
HS-000546,New,2025-11-14 02:04:19
HS-000547,New,2026-02-22 11:04:40
HS-000548,MQL,2025-10-20 09:34:43
HS-000548,New,2025-10-17 02:23:48
HS-000548,Opportunity,2025-10-28 00:09:39
HS-000548,SAL,2025-10-22 13:55:53
HS-000548,SQL,2025-10-24 00:12:35
HS-000549,New,2026-01-05 12:40:52
HS-000550,MQL,2025-12-29 01:18:59
HS-000550,New,2025-12-25 14:21:38
HS-000550,Opportunity,2026-01-28 19:17:34
HS-000550,SAL,2026-01-02 04:26:40
HS-000550,SQL,2026-01-12 04:55:05
HS-000551,MQL,2025-12-27 19:40:39
HS-000551,New,2025-12-18 21:40:06
HS-000552,MQL,2026-02-15 23:55:11
HS-000552,New,2026-02-12 00:21:46
HS-000552,Opportunity,2026-03-01 02:55:38
HS-000552,SAL,2026-02-17 14:13:28
HS-000552,SQL,2026-02-22 04:33:34
HS-000553,New,2026-02-03 09:25:47
HS-000554,MQL,2026-02-23 12:35:21
HS-000554,New,2026-02-19 01:11:05
HS-000555,MQL,2026-01-25 21:36:03
HS-000555,New,2026-01-19 23:45:57
HS-000556,MQL,2025-09-25 23:27:58
HS-000556,New,2025-09-23 07:04:51
HS-000557,MQL,2026-02-13 17:53:49
HS-000557,New,2026-02-07 03:53:24
HS-000557,SAL,2026-02-18 09:09:24
HS-000558,MQL,2026-01-19 09:37:22
HS-000558,New,2026-01-10 10:43:22
HS-000558,Opportunity,2026-02-08 02:15:12
HS-000558,SAL,2026-01-23 00:08:54
HS-000558,SQL,2026-01-26 20:27:23
HS-000559,MQL,2025-09-10 12:37:16
HS-000559,New,2025-08-30 09:16:40
HS-000559,SAL,2025-09-13 18:20:17
HS-000560,MQL,2026-02-19 20:52:55
HS-000560,New,2026-02-16 05:58:20
HS-000561,New,2025-10-28 08:09:54
HS-000562,MQL,2026-01-05 15:49:58
HS-000562,New,2026-01-02 23:55:49
HS-000563,New,2026-03-28 08:17:04
HS-000564,New,2025-09-15 10:15:48
HS-000565,New,2025-09-11 06:00:28
HS-000566,New,2026-03-23 19:00:56
HS-000567,MQL,2026-03-24 02:39:52
HS-000567,New,2026-03-20 04:49:11
HS-000568,MQL,2025-09-18 05:29:30
HS-000568,New,2025-09-12 08:04:33
HS-000569,New,2026-03-01 00:13:15
HS-000570,MQL,2025-11-25 01:14:42
HS-000570,New,2025-11-18 08:29:30
HS-000570,SAL,2025-11-26 03:31:22
HS-000571,MQL,2026-02-11 06:40:43
HS-000571,New,2026-02-05 09:59:41
HS-000571,SAL,2026-02-15 04:49:06
HS-000571,SQL,2026-02-25 19:25:45
HS-000572,MQL,2025-12-16 21:42:18
HS-000572,New,2025-12-08 02:07:25
HS-000572,Opportunity,2026-01-11 04:35:50
HS-000572,SAL,2025-12-18 11:12:26
HS-000572,SQL,2025-12-23 13:47:52
HS-000573,MQL,2025-10-10 10:04:18
HS-000573,New,2025-10-05 08:14:36
HS-000574,MQL,2025-11-20 15:51:30
HS-000574,New,2025-11-11 14:35:11
HS-000575,New,2025-12-20 22:10:37
HS-000576,New,2025-11-05 23:08:42
HS-000577,MQL,2025-10-21 04:31:47
HS-000577,New,2025-10-13 16:14:23
HS-000577,SAL,2025-10-25 23:14:54
HS-000578,New,2026-01-03 21:28:46
HS-000579,New,2025-11-05 00:55:41
HS-000580,New,2025-09-08 08:09:09
HS-000581,MQL,2025-09-07 10:09:31
HS-000581,New,2025-08-29 19:03:49
HS-000582,New,2025-10-22 16:19:55
HS-000583,New,2025-10-09 22:34:02
HS-000584,MQL,2025-12-20 05:30:21
HS-000584,New,2025-12-10 11:34:47
HS-000585,MQL,2026-01-23 01:41:52
HS-000585,New,2026-01-12 11:42:06
HS-000586,MQL,2026-01-15 16:04:23
HS-000586,New,2026-01-08 12:26:08
HS-000587,MQL,2025-11-02 14:26:31
HS-000587,New,2025-10-28 04:21:47
HS-000588,New,2026-01-03 01:03:08
HS-000589,MQL,2025-12-28 03:12:12
HS-000589,New,2025-12-23 12:29:16
HS-000589,Opportunity,2026-01-13 22:51:23
HS-000589,SAL,2025-12-30 17:37:46
HS-000589,SQL,2026-01-03 21:13:00
HS-000590,MQL,2025-11-01 00:04:39
HS-000590,New,2025-10-25 08:01:54
HS-000591,New,2026-03-30 15:49:42
HS-000592,New,2025-11-14 07:36:38
HS-000593,New,2026-01-12 17:38:03
HS-000594,New,2025-12-19 08:23:46
HS-000595,MQL,2026-02-24 16:47:26
HS-000595,New,2026-02-05 23:25:01
HS-000595,Opportunity,2026-03-30 16:39:21
HS-000595,SAL,2026-03-01 21:44:12
HS-000595,SQL,2026-03-09 02:10:03
HS-000596,New,2025-12-28 01:12:44
HS-000597,New,2025-11-19 09:02:37
HS-000598,MQL,2026-01-07 23:24:00
HS-000598,New,2026-01-01 03:21:47
HS-000598,SAL,2026-01-12 23:06:48
HS-000599,MQL,2025-09-17 21:19:07
HS-000599,New,2025-09-11 01:54:59
HS-000599,SAL,2025-09-20 21:36:39
HS-000600,New,2025-10-14 04:00:07
HS-000601,New,2025-12-30 00:10:46
HS-000602,New,2025-10-02 05:12:47
HS-000603,New,2026-01-08 23:55:16
HS-000604,MQL,2025-10-11 05:21:25
HS-000604,New,2025-10-07 04:40:57
HS-000605,New,2025-09-24 13:13:45
HS-000606,New,2025-11-07 17:51:41
HS-000607,MQL,2026-02-03 14:56:54
HS-000607,New,2026-02-01 15:47:00
HS-000608,MQL,2025-10-11 12:37:40
HS-000608,New,2025-09-30 07:54:15
HS-000609,New,2026-03-25 14:57:10
HS-000610,New,2026-03-06 04:36:00
HS-000611,MQL,2025-12-05 13:45:48
HS-000611,New,2025-11-29 21:20:24
HS-000612,New,2025-10-17 08:05:34
HS-000613,New,2025-12-21 19:17:59
HS-000614,MQL,2026-01-14 05:40:50
HS-000614,New,2026-01-10 15:53:54
HS-000615,MQL,2025-09-18 10:55:09
HS-000615,New,2025-09-08 11:31:55
HS-000616,New,2026-03-04 16:14:15
HS-000617,New,2025-12-18 09:02:10
HS-000618,MQL,2025-09-26 18:19:20
HS-000618,New,2025-09-20 17:24:02
HS-000618,Opportunity,2025-10-05 13:10:58
HS-000618,SAL,2025-09-29 22:01:19
HS-000618,SQL,2025-10-03 10:03:03
HS-000619,MQL,2025-12-09 23:18:27
HS-000619,New,2025-11-21 15:23:15
HS-000619,Opportunity,2026-01-06 20:56:41
HS-000619,SAL,2025-12-14 09:09:46
HS-000619,SQL,2025-12-29 12:11:39
HS-000620,MQL,2025-10-24 21:46:10
HS-000620,New,2025-10-08 06:22:36
HS-000620,SAL,2025-10-28 06:58:16
HS-000621,New,2025-09-11 00:41:18
HS-000622,New,2025-10-11 06:56:26
HS-000623,New,2026-01-10 02:37:29
HS-000624,New,2025-11-02 23:24:40
HS-000625,MQL,2025-10-03 02:31:41
HS-000625,New,2025-09-20 12:15:12
HS-000626,MQL,2026-03-04 00:31:40
HS-000626,New,2026-02-20 16:43:28
HS-000626,Opportunity,2026-03-30 07:39:31
HS-000626,SAL,2026-03-07 17:33:35
HS-000626,SQL,2026-03-18 16:12:30
HS-000627,MQL,2026-03-19 13:44:39
HS-000627,New,2026-03-10 06:32:11
HS-000627,SAL,2026-03-23 07:34:14
HS-000628,New,2025-11-08 22:28:03
HS-000629,New,2025-09-29 19:15:26
HS-000630,MQL,2025-11-11 20:11:44
HS-000630,New,2025-11-06 17:41:08
HS-000631,New,2025-12-20 06:29:53
HS-000632,New,2026-03-12 14:43:40
HS-000633,New,2026-02-24 12:17:43
HS-000634,MQL,2025-10-26 00:13:45
HS-000634,New,2025-10-20 14:32:58
HS-000634,SAL,2025-10-28 06:29:06
HS-000634,SQL,2025-10-30 08:53:24
HS-000635,New,2025-12-08 16:35:47
HS-000636,New,2026-02-23 17:27:07
HS-000637,New,2025-10-07 21:10:03
HS-000638,New,2026-03-20 07:37:00
HS-000639,New,2025-10-01 14:42:28
HS-000640,New,2026-03-05 15:33:19
HS-000641,MQL,2026-01-26 01:41:34
HS-000641,New,2026-01-20 18:10:36
HS-000641,SAL,2026-01-29 16:42:58
HS-000642,New,2026-03-26 12:34:40
HS-000643,MQL,2025-09-02 04:36:10
HS-000643,New,2025-08-27 11:31:33
HS-000644,New,2026-02-18 00:53:15
HS-000645,MQL,2026-03-06 23:27:47
HS-000645,New,2026-02-19 07:08:20
HS-000645,SAL,2026-03-13 08:12:53
HS-000645,SQL,2026-03-15 11:16:43
HS-000646,New,2026-02-28 06:54:31
HS-000647,MQL,2026-01-26 21:23:53
HS-000647,New,2026-01-19 03:15:31
HS-000648,MQL,2025-11-07 05:38:04
HS-000648,New,2025-10-27 13:04:37
HS-000648,Opportunity,2025-11-20 12:39:30
HS-000648,SAL,2025-11-10 02:26:17
HS-000648,SQL,2025-11-14 01:36:21
HS-000649,New,2025-11-25 21:27:16
HS-000650,MQL,2025-09-05 23:47:04
HS-000650,New,2025-08-28 22:58:11
HS-000651,New,2025-10-24 06:54:40
HS-000652,MQL,2026-01-31 18:57:08
HS-000652,New,2026-01-27 21:56:37
HS-000653,New,2026-02-16 13:39:34
HS-000654,New,2026-02-06 06:58:36
HS-000655,New,2026-03-04 14:54:16
HS-000656,New,2026-03-11 12:26:59
HS-000657,New,2025-12-08 09:01:25
HS-000658,New,2025-11-07 22:50:38
HS-000659,New,2026-03-26 18:21:57
HS-000660,New,2026-02-25 08:10:14
HS-000661,New,2025-11-17 09:18:46
HS-000662,New,2025-10-06 04:41:54
HS-000663,New,2025-10-21 05:05:17
HS-000664,MQL,2025-09-27 15:36:23
HS-000664,New,2025-09-07 22:32:53
HS-000665,New,2026-01-10 17:35:22
HS-000666,MQL,2025-11-05 17:22:33
HS-000666,New,2025-10-03 11:33:05
HS-000667,MQL,2026-02-15 14:54:24
HS-000667,New,2026-02-11 05:40:38
HS-000668,MQL,2025-09-23 11:40:36
HS-000668,New,2025-09-13 19:16:26
HS-000668,SAL,2025-09-24 22:13:37
HS-000669,MQL,2026-03-23 12:35:00
HS-000669,New,2026-03-01 11:14:54
HS-000670,MQL,2026-01-20 02:29:28
HS-000670,New,2026-01-14 20:29:16
HS-000670,SAL,2026-01-22 09:11:48
HS-000671,MQL,2025-12-14 01:35:25
HS-000671,New,2025-11-27 10:10:51
HS-000672,New,2025-11-02 02:23:28
HS-000673,MQL,2025-10-28 22:18:56
HS-000673,New,2025-10-25 04:15:58
HS-000673,SAL,2025-10-30 00:58:19
HS-000674,New,2025-10-04 18:59:08
HS-000675,New,2025-09-20 09:08:07
HS-000676,MQL,2026-01-02 15:01:14
HS-000676,New,2025-12-20 01:48:04
HS-000677,MQL,2026-02-14 01:31:35
HS-000677,New,2026-02-10 07:03:00
HS-000677,SAL,2026-02-16 00:58:00
HS-000678,MQL,2025-10-22 13:59:14
HS-000678,New,2025-10-16 22:52:40
HS-000679,MQL,2025-09-10 01:36:24
HS-000679,New,2025-09-02 22:47:34
HS-000679,SAL,2025-09-13 18:57:38
HS-000679,SQL,2025-09-15 21:51:53
HS-000680,New,2025-12-21 11:40:47
HS-000681,New,2025-11-14 13:12:24
HS-000682,MQL,2025-11-02 09:39:57
HS-000682,New,2025-10-27 17:04:37
HS-000682,SAL,2025-11-05 13:09:46
HS-000682,SQL,2025-11-07 18:02:53
HS-000683,MQL,2025-10-25 00:59:44
HS-000683,New,2025-10-21 00:11:42
HS-000683,SAL,2025-10-28 04:51:45
HS-000684,New,2026-03-27 23:58:28
HS-000685,New,2025-11-06 00:43:24
HS-000686,MQL,2026-01-06 23:38:31
HS-000686,New,2026-01-02 10:40:07
HS-000687,New,2026-01-15 19:58:19
HS-000688,MQL,2026-01-04 14:38:37
HS-000688,New,2025-12-31 21:55:24
HS-000688,SAL,2026-01-09 18:10:28
HS-000689,MQL,2025-11-07 02:16:46
HS-000689,New,2025-10-21 10:39:09
HS-000689,SAL,2025-11-10 20:41:08
HS-000690,New,2026-02-16 09:02:08
HS-000691,New,2025-11-25 18:42:37
HS-000692,MQL,2025-09-12 18:36:20
HS-000692,New,2025-09-02 19:15:18
HS-000693,MQL,2025-12-30 19:39:21
HS-000693,New,2025-12-27 06:47:45
HS-000694,New,2026-01-15 14:52:57
HS-000695,MQL,2025-10-27 15:56:30
HS-000695,New,2025-10-18 06:58:14
HS-000695,Opportunity,2025-11-16 18:39:29
HS-000695,SAL,2025-11-02 11:23:18
HS-000695,SQL,2025-11-07 18:41:49
HS-000696,New,2026-02-03 11:31:25
HS-000697,New,2025-09-01 19:52:12
HS-000698,New,2025-11-11 23:10:29
HS-000699,New,2026-01-12 14:31:24
HS-000700,MQL,2025-10-21 07:09:58
HS-000700,New,2025-10-14 01:27:24
HS-000701,MQL,2025-10-18 12:39:43
HS-000701,New,2025-10-11 15:39:20
HS-000702,MQL,2025-12-16 22:29:20
HS-000702,New,2025-11-17 14:19:35
HS-000703,MQL,2026-01-12 22:32:45
HS-000703,New,2026-01-04 22:29:48
HS-000703,SAL,2026-01-16 18:15:25
HS-000704,MQL,2025-12-06 07:40:10
HS-000704,New,2025-11-29 05:10:25
HS-000705,New,2025-10-05 05:16:01
HS-000706,MQL,2025-11-22 08:59:05
HS-000706,New,2025-11-15 16:09:15
HS-000707,New,2026-03-06 06:16:09
HS-000708,MQL,2026-01-05 02:42:04
HS-000708,New,2026-01-02 03:30:41
HS-000708,SAL,2026-01-07 16:57:36
HS-000708,SQL,2026-01-09 05:25:19
HS-000709,New,2025-10-11 08:52:07
HS-000710,MQL,2025-10-25 12:09:48
HS-000710,New,2025-10-21 19:17:39
HS-000710,SAL,2025-10-27 02:20:48
HS-000710,SQL,2025-10-29 09:11:02
HS-000711,New,2025-10-21 16:20:23
HS-000712,New,2026-01-23 00:21:49
HS-000713,New,2025-12-10 20:42:45
HS-000714,New,2025-10-27 11:24:18
HS-000715,MQL,2025-10-16 08:29:24
HS-000715,New,2025-10-12 18:51:03
HS-000716,MQL,2026-01-24 23:08:43
HS-000716,New,2026-01-22 01:22:37
HS-000716,SAL,2026-01-26 19:10:01
HS-000717,New,2026-02-19 22:53:19
HS-000718,MQL,2026-03-26 02:48:58
HS-000718,New,2026-03-16 03:31:12
HS-000719,New,2025-12-04 09:58:12
HS-000720,MQL,2025-11-27 21:41:47
HS-000720,New,2025-11-24 19:54:42
HS-000720,SAL,2025-12-02 04:16:44
HS-000721,New,2026-02-09 03:28:14
HS-000722,MQL,2025-12-16 13:56:14
HS-000722,New,2025-12-13 13:19:16
HS-000723,New,2026-03-27 00:35:42
HS-000724,MQL,2025-12-26 22:12:42
HS-000724,New,2025-12-23 16:23:58
HS-000725,MQL,2025-10-01 02:59:22
HS-000725,New,2025-09-23 03:07:28
HS-000725,SAL,2025-10-05 15:03:16
HS-000726,New,2026-01-28 19:29:38
HS-000727,New,2026-03-30 07:38:13
HS-000728,New,2025-09-16 11:14:13
HS-000729,MQL,2025-09-19 12:18:02
HS-000729,New,2025-09-04 11:16:02
HS-000729,SAL,2025-09-21 15:01:50
HS-000729,SQL,2025-09-22 21:32:49
HS-000730,MQL,2026-02-13 21:02:09
HS-000730,New,2026-02-03 20:27:58
HS-000731,MQL,2025-09-05 04:28:25
HS-000731,New,2025-09-01 09:39:14
HS-000731,Opportunity,2025-09-12 23:32:18
HS-000731,SAL,2025-09-08 15:22:10
HS-000731,SQL,2025-09-09 21:09:11
HS-000732,New,2025-12-06 23:47:14
HS-000733,New,2026-03-27 17:01:27
HS-000734,New,2025-10-01 01:29:03
HS-000735,MQL,2025-11-11 02:10:15
HS-000735,New,2025-11-05 10:50:12
HS-000736,MQL,2025-12-19 04:11:02
HS-000736,New,2025-12-14 10:41:40
HS-000737,MQL,2026-03-26 10:19:15
HS-000737,New,2026-03-15 17:41:53
HS-000738,New,2026-02-19 08:39:28
HS-000739,MQL,2026-03-21 17:38:14
HS-000739,New,2026-03-11 09:02:49
HS-000740,New,2026-02-08 09:23:20
HS-000741,MQL,2025-09-21 11:42:42
HS-000741,New,2025-09-06 07:36:57
HS-000742,New,2025-09-19 10:18:11
HS-000743,New,2025-11-06 01:19:32
HS-000744,New,2025-11-26 17:24:11
HS-000745,MQL,2025-12-06 09:28:10
HS-000745,New,2025-12-03 17:38:22
HS-000745,SAL,2025-12-09 07:34:33
HS-000746,MQL,2025-11-01 20:49:54
HS-000746,New,2025-10-23 11:12:21
HS-000746,Opportunity,2025-11-14 10:40:39
HS-000746,SAL,2025-11-05 20:48:10
HS-000746,SQL,2025-11-09 11:15:43
HS-000747,MQL,2026-02-09 05:05:01
HS-000747,New,2026-02-05 06:57:33
HS-000747,SAL,2026-02-13 01:39:46
HS-000748,New,2026-02-04 16:26:06
HS-000749,MQL,2026-03-27 10:35:13
HS-000749,New,2026-03-19 07:31:41
HS-000750,New,2026-02-21 20:14:41
HS-000751,New,2025-12-09 21:03:29
HS-000752,MQL,2025-10-28 20:32:33
HS-000752,New,2025-10-23 09:56:54
HS-000752,Opportunity,2025-11-04 16:39:45
HS-000752,SAL,2025-10-30 14:46:06
HS-000752,SQL,2025-11-01 01:33:54
HS-000753,New,2025-11-25 18:45:55
HS-000754,MQL,2026-03-24 13:10:56
HS-000754,New,2026-03-09 07:26:31
HS-000755,MQL,2025-09-07 20:00:25
HS-000755,New,2025-08-29 11:08:30
HS-000756,MQL,2025-11-05 22:25:25
HS-000756,New,2025-10-09 08:26:00
HS-000757,MQL,2025-11-09 12:35:09
HS-000757,New,2025-10-22 18:56:26
HS-000757,SAL,2025-11-14 07:18:45
HS-000758,New,2026-01-12 01:27:03
HS-000759,MQL,2025-11-08 09:39:45
HS-000759,New,2025-10-29 21:27:54
HS-000759,SAL,2025-11-11 21:52:13
HS-000760,MQL,2026-01-23 07:13:37
HS-000760,New,2026-01-15 11:38:55
HS-000761,New,2025-12-21 11:27:47
HS-000762,MQL,2026-01-15 01:28:24
HS-000762,New,2026-01-10 19:31:30
HS-000763,New,2026-02-15 23:31:21
HS-000764,MQL,2025-09-22 18:15:19
HS-000764,New,2025-09-17 07:13:31
HS-000764,SAL,2025-09-25 08:41:52
HS-000765,New,2026-01-16 22:15:00
HS-000766,New,2025-11-25 07:26:57
HS-000767,New,2026-02-27 14:48:37
HS-000768,MQL,2026-01-22 04:16:08
HS-000768,New,2026-01-13 07:13:26
HS-000769,New,2025-09-02 13:03:52
HS-000770,New,2026-01-25 15:40:34
HS-000771,MQL,2025-12-19 17:57:48
HS-000771,New,2025-12-15 22:55:44
HS-000772,MQL,2025-10-04 00:24:35
HS-000772,New,2025-09-27 16:39:03
HS-000772,SAL,2025-10-06 15:47:10
HS-000773,New,2025-10-31 09:19:44
HS-000774,MQL,2026-02-15 01:46:46
HS-000774,New,2026-02-09 16:30:59
HS-000774,SAL,2026-02-16 17:19:11
HS-000775,New,2026-03-19 09:54:03
HS-000776,MQL,2025-12-31 20:28:42
HS-000776,New,2025-12-28 11:30:33
HS-000777,New,2025-12-17 18:41:07
HS-000778,New,2025-12-03 00:46:43
HS-000779,New,2026-01-26 23:53:55
HS-000780,MQL,2025-12-31 13:22:42
HS-000780,New,2025-12-27 20:50:09
HS-000781,New,2025-12-09 22:48:51
HS-000782,MQL,2025-09-01 12:32:25
HS-000782,New,2025-08-27 05:35:20
HS-000783,MQL,2026-01-01 19:05:29
HS-000783,New,2025-12-24 12:41:44
HS-000784,New,2025-09-19 19:49:07
HS-000785,New,2025-09-05 12:58:30
HS-000786,New,2026-03-28 06:37:36
HS-000787,New,2025-10-01 15:24:51
HS-000788,MQL,2025-09-12 12:50:26
HS-000788,New,2025-09-04 02:21:13
HS-000788,SAL,2025-09-15 01:41:08
HS-000789,MQL,2026-01-20 17:48:06
HS-000789,New,2026-01-14 21:26:21
HS-000790,MQL,2026-01-05 00:56:59
HS-000790,New,2025-12-28 20:07:16
HS-000790,SAL,2026-01-08 10:38:07
HS-000791,New,2025-10-21 20:44:59
HS-000792,MQL,2026-02-21 21:53:51
HS-000792,New,2026-02-12 18:29:40
HS-000793,MQL,2025-10-07 07:19:36
HS-000793,New,2025-09-28 05:52:40
HS-000794,New,2026-01-25 15:35:42
HS-000795,New,2025-11-06 20:56:31
HS-000796,New,2026-01-30 10:39:17
HS-000797,MQL,2026-02-07 06:31:28
HS-000797,New,2026-02-03 14:52:52
HS-000797,SAL,2026-02-09 18:28:35
HS-000798,New,2025-09-15 13:57:22
HS-000799,New,2026-01-28 20:51:51
HS-000800,New,2025-10-26 09:32:56
HS-000801,MQL,2025-09-14 06:15:56
HS-000801,New,2025-09-12 10:36:24
HS-000802,New,2026-03-10 12:44:14
HS-000803,MQL,2026-02-03 06:24:10
HS-000803,New,2026-01-22 05:40:00
HS-000804,New,2025-10-07 16:56:00
HS-000805,MQL,2026-02-20 19:52:40
HS-000805,New,2026-02-10 08:51:22
HS-000806,MQL,2025-10-17 03:48:12
HS-000806,New,2025-10-14 13:52:42
HS-000806,SAL,2025-10-21 00:11:29
HS-000807,New,2026-03-06 21:53:39
HS-000808,MQL,2025-08-30 15:08:33
HS-000808,New,2025-08-23 07:05:06
HS-000809,New,2025-09-05 08:05:32
HS-000810,New,2026-03-02 06:49:29
HS-000811,MQL,2025-12-23 09:14:36
HS-000811,New,2025-12-16 12:22:50
HS-000812,New,2026-03-16 09:45:56
HS-000813,MQL,2026-02-03 22:42:35
HS-000813,New,2026-01-28 14:32:02
HS-000814,MQL,2026-01-18 06:36:03
HS-000814,New,2026-01-15 10:30:50
HS-000815,New,2026-01-28 14:48:38
HS-000816,MQL,2026-03-19 21:14:29
HS-000816,New,2026-03-13 18:59:57
HS-000817,New,2026-02-04 21:28:25
HS-000818,New,2026-03-23 08:26:49
HS-000819,MQL,2026-03-21 11:16:31
HS-000819,New,2026-03-12 00:53:58
HS-000820,MQL,2025-10-27 10:12:14
HS-000820,New,2025-10-22 11:30:58
HS-000821,MQL,2025-12-24 06:20:43
HS-000821,New,2025-12-18 15:25:08
HS-000821,SAL,2025-12-25 10:55:01
HS-000822,New,2025-11-22 10:41:34
HS-000823,MQL,2026-01-07 15:03:27
HS-000823,New,2025-12-22 00:45:31
HS-000824,New,2025-10-06 15:51:31
HS-000825,New,2026-01-17 05:26:13
HS-000826,New,2026-01-19 14:54:52
HS-000827,New,2025-09-15 19:52:41
HS-000828,New,2025-12-16 05:14:11
HS-000829,MQL,2025-09-10 01:11:52
HS-000829,New,2025-08-27 08:11:23
HS-000829,SAL,2025-09-11 02:18:22
HS-000830,MQL,2026-02-16 23:46:17
HS-000830,New,2026-02-09 02:23:20
HS-000830,Opportunity,2026-03-02 12:12:03
HS-000830,SAL,2026-02-18 14:39:31
HS-000830,SQL,2026-02-21 12:11:53
HS-000831,MQL,2026-02-19 16:38:53
HS-000831,New,2026-02-05 11:35:09
HS-000832,MQL,2025-10-16 00:17:01
HS-000832,New,2025-10-10 12:49:56
HS-000832,Opportunity,2025-10-29 04:39:53
HS-000832,SAL,2025-10-18 23:52:54
HS-000832,SQL,2025-10-22 10:37:25
HS-000833,New,2025-12-21 12:00:38
HS-000834,New,2026-03-16 21:00:22
HS-000835,MQL,2025-10-19 20:30:46
HS-000835,New,2025-10-17 01:37:06
HS-000835,Opportunity,2025-11-11 09:13:00
HS-000835,SAL,2025-10-22 13:23:29
HS-000835,SQL,2025-10-26 20:18:55
HS-000836,New,2026-02-22 14:07:56
HS-000837,MQL,2026-02-12 18:45:33
HS-000837,New,2026-01-30 10:54:59
HS-000838,New,2025-10-11 12:54:51
HS-000839,MQL,2026-01-13 00:55:32
HS-000839,New,2026-01-10 08:11:52
HS-000839,SAL,2026-01-14 19:40:13
HS-000840,New,2025-10-12 01:10:26
HS-000841,MQL,2026-01-20 18:28:46
HS-000841,New,2026-01-15 22:00:37
HS-000841,Opportunity,2026-02-02 11:55:52
HS-000841,SAL,2026-01-24 01:42:40
HS-000841,SQL,2026-01-27 18:06:06
HS-000842,New,2025-11-28 01:58:02
HS-000843,New,2025-10-11 18:23:08
HS-000844,New,2025-11-22 11:23:35
HS-000845,New,2026-02-07 15:47:00
HS-000846,New,2026-03-10 04:01:34
HS-000847,MQL,2026-01-17 07:41:17
HS-000847,New,2026-01-11 04:05:47
HS-000848,MQL,2025-08-30 11:25:20
HS-000848,New,2025-08-19 19:33:08
HS-000849,New,2026-03-02 14:07:49
HS-000850,New,2025-11-21 19:12:31
HS-000851,New,2025-10-28 11:53:04
HS-000852,MQL,2025-12-24 19:40:10
HS-000852,New,2025-12-16 09:15:10
HS-000852,SAL,2025-12-26 11:01:26
HS-000853,MQL,2025-10-10 19:04:28
HS-000853,New,2025-09-29 15:42:12
HS-000854,New,2026-02-12 02:23:37
HS-000855,MQL,2025-09-26 01:02:23
HS-000855,New,2025-09-21 07:05:07
HS-000856,MQL,2025-09-12 12:40:48
HS-000856,New,2025-08-28 10:03:52
HS-000856,SAL,2025-09-14 12:42:51
HS-000857,New,2026-03-28 22:09:18
HS-000858,New,2026-03-21 12:40:52
HS-000859,New,2025-09-04 05:20:21
HS-000860,New,2025-09-10 08:31:52
HS-000861,New,2025-10-18 08:24:00
HS-000862,MQL,2026-03-25 10:30:55
HS-000862,New,2026-03-21 23:28:35
HS-000862,SAL,2026-03-27 21:35:48
HS-000863,New,2026-03-16 12:30:04
HS-000864,MQL,2025-09-06 22:37:52
HS-000864,New,2025-09-03 10:13:34
HS-000865,MQL,2026-01-27 17:24:03
HS-000865,New,2026-01-24 06:05:38
HS-000866,MQL,2026-02-02 03:54:50
HS-000866,New,2026-01-28 08:15:46
HS-000867,MQL,2025-11-13 12:58:00
HS-000867,New,2025-11-05 18:04:29
HS-000868,MQL,2026-01-12 01:59:55
HS-000868,New,2026-01-07 04:07:55
HS-000868,Opportunity,2026-01-23 00:07:05
HS-000868,SAL,2026-01-15 22:37:13
HS-000868,SQL,2026-01-17 18:08:32
HS-000869,New,2025-09-18 08:12:50
HS-000870,MQL,2026-01-19 00:13:29
HS-000870,New,2026-01-12 08:32:47
HS-000870,Opportunity,2026-01-25 20:28:15
HS-000870,SAL,2026-01-21 14:53:53
HS-000870,SQL,2026-01-23 00:53:03
HS-000871,MQL,2026-03-23 11:58:15
HS-000871,New,2026-03-17 01:40:49
HS-000872,MQL,2026-01-07 19:54:26
HS-000872,New,2025-12-24 19:43:26
HS-000873,MQL,2026-03-02 05:44:37
HS-000873,New,2026-02-14 22:28:39
HS-000874,MQL,2025-12-29 19:35:26
HS-000874,New,2025-12-21 04:40:18
HS-000874,SAL,2026-01-02 11:32:32
HS-000875,New,2026-02-27 05:00:48
HS-000876,MQL,2025-09-13 19:38:29
HS-000876,New,2025-09-05 12:15:56
HS-000877,New,2025-12-30 13:27:06
HS-000878,New,2025-12-03 05:53:44
HS-000879,MQL,2025-09-02 09:28:30
HS-000879,New,2025-08-24 14:39:31
HS-000880,New,2025-10-01 00:07:33
HS-000881,New,2025-12-30 23:59:09
HS-000882,MQL,2025-10-14 21:32:00
HS-000882,New,2025-10-08 10:34:06
HS-000883,New,2026-03-26 19:14:28
HS-000884,MQL,2025-10-16 17:15:26
HS-000884,New,2025-10-10 21:55:03
HS-000885,MQL,2026-01-05 21:38:39
HS-000885,New,2025-12-29 02:31:51
HS-000885,Opportunity,2026-01-12 11:54:04
HS-000885,SAL,2026-01-08 23:21:15
HS-000885,SQL,2026-01-10 21:46:45
HS-000886,MQL,2026-03-11 17:33:51
HS-000886,New,2026-03-02 20:44:00
HS-000887,New,2025-12-20 20:47:49
HS-000888,New,2025-11-30 16:25:31
HS-000889,MQL,2026-03-29 09:16:21
HS-000889,New,2026-03-18 02:14:31
HS-000890,MQL,2026-01-07 14:45:52
HS-000890,New,2026-01-04 18:57:28
HS-000891,New,2025-09-14 22:17:01
HS-000892,MQL,2026-01-18 17:59:49
HS-000892,New,2026-01-09 04:19:10
HS-000893,MQL,2026-02-16 04:12:58
HS-000893,New,2026-02-14 00:13:50
HS-000893,SAL,2026-02-19 20:58:01
HS-000894,MQL,2025-12-03 08:28:04
HS-000894,New,2025-11-17 19:46:34
HS-000895,New,2026-01-18 18:32:59
HS-000896,New,2025-12-30 08:31:36
HS-000897,New,2025-09-04 16:31:06
HS-000898,MQL,2026-03-20 16:15:36
HS-000898,New,2026-03-11 13:19:05
HS-000899,MQL,2026-02-17 05:45:27
HS-000899,New,2026-02-12 14:28:29
HS-000900,New,2025-10-31 00:02:19
HS-000901,New,2025-10-11 23:21:50
HS-000902,New,2026-03-12 07:30:49
HS-000903,MQL,2025-09-20 18:24:20
HS-000903,New,2025-09-11 02:39:08
HS-000904,New,2026-02-28 11:31:24
HS-000905,MQL,2025-09-02 11:59:02
HS-000905,New,2025-08-23 19:20:25
HS-000906,MQL,2025-09-25 08:00:42
HS-000906,New,2025-09-13 03:35:51
HS-000906,SAL,2025-09-28 06:39:18
HS-000906,SQL,2025-09-29 06:12:13
HS-000907,MQL,2026-03-25 18:57:14
HS-000907,New,2026-03-15 22:08:02
HS-000908,New,2025-11-17 07:29:17
HS-000909,New,2026-01-01 20:28:36
HS-000910,MQL,2025-11-27 15:26:58
HS-000910,New,2025-11-15 16:56:10
HS-000910,Opportunity,2025-12-28 06:55:05
HS-000910,SAL,2025-12-01 20:38:26
HS-000910,SQL,2025-12-05 12:48:26
HS-000911,MQL,2025-10-25 11:12:24
HS-000911,New,2025-10-16 22:34:31
HS-000911,SAL,2025-10-28 00:56:40
HS-000912,MQL,2025-09-20 06:49:01
HS-000912,New,2025-09-15 07:51:46
HS-000913,MQL,2025-09-01 18:18:25
HS-000913,New,2025-08-20 22:36:49
HS-000914,New,2025-12-01 00:18:31
HS-000915,MQL,2025-12-30 15:49:53
HS-000915,New,2025-12-27 01:06:27
HS-000916,New,2025-12-25 19:57:43
HS-000917,MQL,2026-02-06 00:56:24
HS-000917,New,2026-01-27 11:36:17
HS-000917,Opportunity,2026-02-17 06:13:52
HS-000917,SAL,2026-02-08 18:25:25
HS-000917,SQL,2026-02-12 18:01:03
HS-000918,New,2025-11-16 09:17:24
HS-000919,MQL,2026-02-10 22:02:26
HS-000919,New,2026-02-07 12:02:48
HS-000920,New,2025-09-11 21:52:42
HS-000921,New,2026-01-29 11:43:35
HS-000922,New,2025-12-11 14:15:49
HS-000923,MQL,2025-11-17 16:10:25
HS-000923,New,2025-11-12 01:02:32
HS-000924,MQL,2025-11-02 01:37:22
HS-000924,New,2025-10-28 15:31:24
HS-000925,MQL,2025-09-01 01:01:42
HS-000925,New,2025-08-22 11:41:21
HS-000926,MQL,2026-02-02 07:41:19
HS-000926,New,2026-01-29 18:04:19
HS-000926,SAL,2026-02-05 11:17:41
HS-000926,SQL,2026-02-08 04:58:28
HS-000927,New,2025-10-25 00:31:49
HS-000928,New,2025-09-17 04:14:37
HS-000929,New,2025-09-06 05:58:12
HS-000930,MQL,2025-09-09 19:57:06
HS-000930,New,2025-09-01 05:04:09
HS-000930,SAL,2025-09-13 16:50:10
HS-000931,New,2026-02-21 05:54:23
HS-000932,New,2025-09-18 18:46:00
HS-000933,New,2026-02-01 04:56:03
HS-000934,New,2026-01-18 05:49:56
HS-000935,MQL,2026-01-07 10:57:03
HS-000935,New,2025-12-03 20:58:11
HS-000936,MQL,2025-11-28 02:55:13
HS-000936,New,2025-11-22 14:47:48
HS-000937,New,2025-09-05 19:41:25
HS-000938,MQL,2026-02-19 21:45:57
HS-000938,New,2026-02-10 04:25:25
HS-000938,SAL,2026-02-22 04:24:36
HS-000939,New,2026-03-12 19:49:54
HS-000940,MQL,2025-11-15 04:49:08
HS-000940,New,2025-11-08 00:50:39
HS-000941,MQL,2025-12-18 17:06:06
HS-000941,New,2025-12-09 21:08:34
HS-000941,Opportunity,2026-01-03 13:41:41
HS-000941,SAL,2025-12-22 11:41:38
HS-000941,SQL,2025-12-29 14:14:33
HS-000942,New,2025-09-30 11:29:24
HS-000943,MQL,2026-01-19 15:16:53
HS-000943,New,2025-12-26 22:22:44
HS-000944,MQL,2025-11-09 00:47:17
HS-000944,New,2025-11-05 23:55:34
HS-000945,New,2025-10-27 03:33:17
HS-000946,New,2026-01-29 06:41:14
HS-000947,New,2025-09-04 00:26:37
HS-000948,MQL,2025-09-02 15:15:59
HS-000948,New,2025-08-17 13:18:26
HS-000948,SAL,2025-09-06 01:37:23
HS-000949,MQL,2025-11-11 17:22:05
HS-000949,New,2025-11-06 13:49:59
HS-000949,SAL,2025-11-15 22:26:58
HS-000950,MQL,2026-03-07 06:34:43
HS-000950,New,2026-02-13 01:05:45
HS-000951,MQL,2025-09-14 12:40:13
HS-000951,New,2025-08-22 00:53:46
HS-000952,MQL,2025-11-12 13:52:45
HS-000952,New,2025-11-06 14:08:21
HS-000953,MQL,2025-09-18 09:31:31
HS-000953,New,2025-08-27 17:22:42
HS-000953,Opportunity,2025-10-04 14:59:16
HS-000953,SAL,2025-09-23 02:57:30
HS-000953,SQL,2025-09-29 22:30:03
HS-000954,New,2025-09-15 03:45:04
HS-000955,MQL,2026-01-09 05:43:41
HS-000955,New,2026-01-06 10:20:14
HS-000955,Opportunity,2026-01-23 02:19:12
HS-000955,SAL,2026-01-10 13:37:18
HS-000955,SQL,2026-01-13 08:40:14
HS-000956,New,2025-10-21 01:33:28
HS-000957,New,2026-03-22 13:39:00
HS-000958,MQL,2026-01-13 13:05:26
HS-000958,New,2026-01-07 10:56:57
HS-000958,SAL,2026-01-16 02:25:43
HS-000959,New,2025-12-30 03:05:35
HS-000960,MQL,2026-02-27 17:25:10
HS-000960,New,2026-02-23 12:59:56
HS-000961,MQL,2025-10-09 22:50:49
HS-000961,New,2025-10-03 12:01:52
HS-000961,SAL,2025-10-15 00:13:36
HS-000962,MQL,2026-01-02 20:41:22
HS-000962,New,2025-12-24 10:19:46
HS-000963,New,2025-11-01 12:47:08
HS-000964,New,2025-11-15 03:34:16
HS-000965,MQL,2025-11-02 16:56:43
HS-000965,New,2025-10-25 17:22:05
HS-000966,New,2026-02-05 14:48:07
HS-000967,New,2025-10-01 04:31:01
HS-000968,New,2026-02-09 07:30:56
HS-000969,MQL,2026-02-18 07:41:48
HS-000969,New,2026-02-12 22:02:42
HS-000970,New,2025-09-29 06:25:09
HS-000971,MQL,2025-09-24 02:20:42
HS-000971,New,2025-09-16 20:32:07
HS-000972,New,2025-09-08 21:00:59
HS-000973,New,2026-03-11 00:24:24
HS-000974,New,2025-12-30 11:17:29
HS-000975,New,2025-10-22 16:16:19
HS-000976,New,2026-03-17 16:32:56
HS-000977,New,2025-10-08 07:01:37
HS-000978,New,2026-03-08 22:07:38
HS-000979,New,2025-09-08 22:19:56
HS-000980,New,2025-12-10 05:01:23
HS-000981,New,2025-10-19 17:38:02
HS-000982,MQL,2025-11-10 19:24:31
HS-000982,New,2025-11-03 23:56:29
HS-000982,SAL,2025-11-14 18:58:35
HS-000983,MQL,2026-02-23 06:00:23
HS-000983,New,2026-02-17 05:19:56
HS-000984,MQL,2025-10-01 08:23:13
HS-000984,New,2025-09-27 15:48:44
HS-000984,SAL,2025-10-03 08:59:43
HS-000985,New,2026-01-19 15:00:36
HS-000986,MQL,2026-02-20 17:05:35
HS-000986,New,2026-02-08 00:13:16
HS-000987,New,2026-03-23 02:22:28
HS-000988,New,2025-09-19 18:27:11
HS-000989,New,2025-09-30 16:45:49
HS-000990,New,2026-01-06 04:55:35
HS-000991,MQL,2026-01-06 10:30:53
HS-000991,New,2025-12-22 03:37:15
HS-000992,MQL,2025-12-22 02:11:36
HS-000992,New,2025-12-13 16:50:53
HS-000993,New,2026-02-26 19:39:01
HS-000994,New,2025-10-13 14:38:20
HS-000995,New,2026-02-26 15:53:34
HS-000996,MQL,2026-03-28 03:48:25
HS-000996,New,2026-03-16 23:13:28
HS-000996,SAL,2026-03-31 08:18:02
HS-000997,New,2026-01-04 11:22:23
HS-000998,MQL,2025-09-21 13:02:55
HS-000998,New,2025-09-14 03:38:34
HS-000999,MQL,2025-09-29 06:56:33
HS-000999,New,2025-08-30 09:31:49
HS-000999,SAL,2025-10-04 07:38:47
HS-000999,SQL,2025-10-27 17:09:47
HS-001000,MQL,2025-09-11 16:09:46
HS-001000,New,2025-09-04 07:46:13
HS-001001,New,2026-03-01 06:54:46
HS-001002,MQL,2026-02-19 15:46:53
HS-001002,New,2026-02-09 09:48:28
HS-001002,Opportunity,2026-03-08 17:48:16
HS-001002,SAL,2026-02-21 21:50:55
HS-001002,SQL,2026-02-26 11:52:42
HS-001003,MQL,2025-09-10 11:08:03
HS-001003,New,2025-09-02 21:30:49
HS-001004,New,2026-01-22 19:25:19
HS-001005,New,2025-12-04 18:33:01
HS-001006,MQL,2026-01-21 16:18:59
HS-001006,New,2026-01-14 11:41:55
HS-001007,MQL,2025-12-14 09:12:34
HS-001007,New,2025-12-10 16:56:15
HS-001008,MQL,2025-11-07 16:44:03
HS-001008,New,2025-10-29 07:53:17
HS-001008,SAL,2025-11-10 05:38:16
HS-001009,New,2026-03-09 23:02:07
HS-001010,MQL,2026-02-25 02:40:13
HS-001010,New,2026-02-14 13:41:54
HS-001010,Opportunity,2026-03-09 08:09:52
HS-001010,SAL,2026-02-27 06:05:27
HS-001010,SQL,2026-03-04 05:30:55
HS-001011,MQL,2025-09-16 22:42:44
HS-001011,New,2025-09-13 09:57:04
HS-001012,New,2025-10-20 23:40:28
HS-001013,MQL,2026-01-25 18:30:28
HS-001013,New,2026-01-22 07:29:11
HS-001013,Opportunity,2026-02-04 06:17:45
HS-001013,SAL,2026-01-26 21:46:38
HS-001013,SQL,2026-01-30 17:54:12
HS-001014,New,2025-09-28 16:11:10
HS-001015,MQL,2026-01-23 06:34:52
HS-001015,New,2026-01-08 07:56:19
HS-001016,MQL,2026-02-16 15:49:57
HS-001016,New,2026-02-12 11:34:47
HS-001017,New,2026-03-13 16:47:29
HS-001018,MQL,2025-09-04 08:14:37
HS-001018,New,2025-08-28 06:02:30
HS-001019,New,2026-03-03 10:16:39
HS-001020,New,2025-12-25 10:02:54
HS-001021,New,2026-03-08 17:58:50
HS-001022,New,2026-02-23 04:04:23
HS-001023,MQL,2025-09-03 20:49:45
HS-001023,New,2025-08-26 18:40:17
HS-001023,SAL,2025-09-06 13:29:49
HS-001023,SQL,2025-09-07 10:39:50
HS-001024,New,2025-09-04 00:58:58
HS-001025,MQL,2026-02-10 03:24:56
HS-001025,New,2026-02-03 03:45:31
HS-001026,New,2025-11-14 23:57:27
HS-001027,MQL,2026-02-08 01:30:08
HS-001027,New,2026-01-31 00:43:38
HS-001028,New,2026-02-14 20:56:28
HS-001029,MQL,2025-12-03 17:53:59
HS-001029,New,2025-11-24 23:53:51
HS-001030,MQL,2025-09-29 15:29:16
HS-001030,New,2025-09-21 20:03:30
HS-001030,Opportunity,2025-10-08 18:28:58
HS-001030,SAL,2025-10-01 03:17:57
HS-001030,SQL,2025-10-02 13:16:28
HS-001031,MQL,2026-03-25 02:22:53
HS-001031,New,2026-03-11 10:29:25
HS-001032,MQL,2026-01-17 23:54:57
HS-001032,New,2026-01-06 01:37:17
HS-001033,New,2026-01-31 03:54:12
HS-001034,New,2026-01-17 20:00:24
HS-001035,MQL,2025-12-30 01:56:19
HS-001035,New,2025-12-18 22:17:41
HS-001035,SAL,2026-01-02 16:03:00
HS-001036,New,2025-11-12 00:17:57
HS-001037,New,2026-01-05 03:39:34
HS-001038,New,2026-01-14 17:34:05
HS-001039,New,2025-12-03 21:32:45
HS-001040,New,2026-03-18 18:29:44
HS-001041,New,2026-01-08 15:55:41
HS-001042,New,2025-10-12 14:35:34
HS-001043,MQL,2025-10-26 01:44:01
HS-001043,New,2025-10-20 20:44:22
HS-001043,SAL,2025-10-27 18:33:18
HS-001044,MQL,2025-10-25 18:51:24
HS-001044,New,2025-10-18 11:03:57
HS-001044,SAL,2025-10-28 10:05:26
HS-001045,MQL,2025-09-23 03:58:43
HS-001045,New,2025-09-16 11:24:55
HS-001045,Opportunity,2025-10-01 02:30:36
HS-001045,SAL,2025-09-25 07:21:41
HS-001045,SQL,2025-09-27 22:29:53
HS-001046,New,2026-03-18 08:59:49
HS-001047,New,2025-11-26 01:29:38
HS-001048,New,2025-09-02 23:12:06
HS-001049,MQL,2025-11-04 10:26:12
HS-001049,New,2025-10-10 13:37:11
HS-001049,Opportunity,2025-12-09 01:34:30
HS-001049,SAL,2025-11-09 15:57:39
HS-001049,SQL,2025-11-26 09:31:26
HS-001050,New,2025-12-07 23:05:49
HS-001051,MQL,2025-11-07 00:10:56
HS-001051,New,2025-11-02 01:26:00
HS-001051,SAL,2025-11-10 13:49:36
HS-001051,SQL,2025-11-16 12:13:08
HS-001052,MQL,2025-12-01 10:51:35
HS-001052,New,2025-11-26 08:35:06
HS-001052,SAL,2025-12-03 16:12:31
HS-001052,SQL,2025-12-06 23:18:58
HS-001053,MQL,2026-02-24 07:42:53
HS-001053,New,2026-02-17 01:29:33
HS-001053,SAL,2026-02-28 00:44:04
HS-001054,MQL,2025-11-29 13:05:17
HS-001054,New,2025-11-11 03:15:47
HS-001054,SAL,2025-12-01 00:45:39
HS-001055,MQL,2025-12-21 00:50:01
HS-001055,New,2025-12-16 07:12:09
HS-001056,MQL,2026-01-24 23:53:15
HS-001056,New,2026-01-20 12:26:08
HS-001056,SAL,2026-01-29 05:41:30
HS-001057,New,2025-12-09 01:32:39
HS-001058,MQL,2025-11-20 05:02:46
HS-001058,New,2025-11-08 18:24:08
HS-001059,New,2025-12-04 21:42:56
HS-001060,New,2025-10-05 03:38:38
HS-001061,New,2025-09-10 09:38:42
HS-001062,New,2025-11-05 09:41:05
HS-001063,MQL,2025-11-24 04:07:20
HS-001063,New,2025-11-17 10:23:50
HS-001064,New,2026-03-21 03:21:38
HS-001065,New,2025-10-14 07:02:29
HS-001066,MQL,2026-02-28 19:12:07
HS-001066,New,2026-02-21 16:27:05
HS-001067,MQL,2026-02-17 09:00:47
HS-001067,New,2026-01-30 11:25:10
HS-001068,MQL,2025-09-27 21:47:01
HS-001068,New,2025-09-19 21:13:05
HS-001069,MQL,2026-02-23 21:37:05
HS-001069,New,2026-02-19 03:27:07
HS-001069,SAL,2026-02-27 21:01:54
HS-001070,MQL,2026-01-28 06:18:34
HS-001070,New,2026-01-20 09:14:15
HS-001071,New,2026-03-08 04:03:00
HS-001072,MQL,2025-11-10 09:17:37
HS-001072,New,2025-10-29 14:23:13
HS-001073,MQL,2025-12-20 07:07:19
HS-001073,New,2025-12-12 23:09:09
HS-001073,SAL,2025-12-23 16:38:42
HS-001073,SQL,2025-12-28 05:32:37
HS-001074,New,2026-01-23 19:17:31
HS-001075,New,2025-09-29 00:05:43
HS-001076,New,2025-09-06 23:21:15
HS-001077,New,2025-12-11 01:17:26
HS-001078,MQL,2026-01-13 00:48:05
HS-001078,New,2026-01-07 17:58:44
HS-001079,New,2025-09-27 01:13:09
HS-001080,MQL,2026-03-03 09:04:11
HS-001080,New,2026-02-21 19:38:57
HS-001080,SAL,2026-03-06 07:16:33
HS-001081,MQL,2025-09-09 01:43:08
HS-001081,New,2025-08-31 13:00:29
HS-001082,MQL,2026-02-02 20:09:48
HS-001082,New,2026-01-22 08:36:44
HS-001082,SAL,2026-02-11 06:00:05
HS-001083,New,2025-11-06 14:49:52
HS-001084,MQL,2025-10-19 12:02:19
HS-001084,New,2025-10-11 13:24:58
HS-001085,New,2025-12-11 17:01:37
HS-001086,New,2025-09-26 08:14:17
HS-001087,MQL,2025-11-11 20:38:50
HS-001087,New,2025-11-07 08:40:44
HS-001087,SAL,2025-11-13 06:24:40
HS-001088,New,2025-12-14 00:33:06
HS-001089,New,2025-11-20 08:10:45
HS-001090,MQL,2026-03-01 16:02:23
HS-001090,New,2026-02-24 15:01:19
HS-001091,New,2026-03-18 02:56:35
HS-001092,New,2026-02-07 21:31:24
HS-001093,New,2025-10-05 15:57:54
HS-001094,MQL,2025-11-28 13:59:19
HS-001094,New,2025-11-19 08:10:49
HS-001094,Opportunity,2026-01-10 08:47:08
HS-001094,SAL,2025-12-04 13:09:20
HS-001094,SQL,2025-12-25 15:00:00
HS-001095,New,2025-10-10 07:50:06
HS-001096,MQL,2026-01-24 12:04:49
HS-001096,New,2026-01-15 01:43:26
HS-001096,SAL,2026-01-27 18:24:48
HS-001097,MQL,2026-03-15 09:24:14
HS-001097,New,2026-03-10 16:38:08
HS-001097,SAL,2026-03-17 01:33:39
HS-001098,New,2026-01-12 22:13:03
HS-001099,MQL,2025-09-29 05:00:57
HS-001099,New,2025-09-24 07:55:58
HS-001099,Opportunity,2025-10-09 23:08:13
HS-001099,SAL,2025-09-30 06:47:19
HS-001099,SQL,2025-10-04 11:03:18
HS-001100,New,2026-01-29 05:28:45
HS-001101,MQL,2025-09-03 20:36:30
HS-001101,New,2025-08-22 07:03:48
HS-001101,Opportunity,2025-10-06 15:09:48
HS-001101,SAL,2025-09-09 17:36:13
HS-001101,SQL,2025-09-15 05:14:01
HS-001102,MQL,2025-10-31 16:46:21
HS-001102,New,2025-10-27 17:06:45
HS-001103,MQL,2026-03-20 12:14:44
HS-001103,New,2026-03-14 14:45:58
HS-001104,New,2026-01-24 01:11:33
HS-001105,New,2026-02-17 12:45:14
HS-001106,New,2026-03-30 01:32:56
HS-001107,New,2026-03-16 15:22:42
HS-001108,MQL,2026-03-19 02:00:16
HS-001108,New,2026-03-13 21:05:08
HS-001109,New,2026-01-31 04:53:53
HS-001110,New,2025-11-15 09:10:58
HS-001111,New,2025-10-05 13:02:04
HS-001112,New,2026-01-19 01:17:05
HS-001113,New,2026-01-25 23:25:29
HS-001114,New,2026-01-18 23:32:41
HS-001115,MQL,2025-11-15 12:59:57
HS-001115,New,2025-11-09 02:40:51
HS-001116,New,2025-09-30 11:24:50
HS-001117,New,2026-02-08 02:06:59
HS-001118,New,2026-01-19 01:25:04
HS-001119,MQL,2026-01-16 23:44:15
HS-001119,New,2026-01-06 10:34:26
HS-001119,SAL,2026-01-19 13:37:03
HS-001119,SQL,2026-01-20 07:50:14
HS-001120,MQL,2025-12-18 15:14:04
HS-001120,New,2025-12-12 13:36:23
HS-001121,New,2026-02-23 15:56:34
HS-001122,New,2025-11-13 13:19:01
HS-001123,New,2026-03-14 07:49:04
HS-001124,MQL,2026-02-17 16:47:16
HS-001124,New,2026-02-07 00:51:55
HS-001124,Opportunity,2026-03-07 03:53:25
HS-001124,SAL,2026-02-22 13:07:38
HS-001124,SQL,2026-02-28 06:12:17
HS-001125,New,2025-09-09 21:31:58
HS-001126,New,2025-09-29 11:20:34
HS-001127,MQL,2025-10-05 19:30:45
HS-001127,New,2025-09-23 07:30:28
HS-001128,New,2026-02-27 20:57:06
HS-001129,New,2026-03-30 07:57:32
HS-001130,MQL,2025-10-20 20:22:45
HS-001130,New,2025-10-14 00:41:42
HS-001130,Opportunity,2025-11-15 21:48:00
HS-001130,SAL,2025-10-25 17:57:23
HS-001130,SQL,2025-11-02 05:46:10
HS-001131,MQL,2026-02-15 00:26:07
HS-001131,New,2026-02-04 12:45:22
HS-001131,SAL,2026-02-19 11:15:34
HS-001131,SQL,2026-02-28 20:29:11
HS-001132,New,2026-02-20 01:36:30
HS-001133,MQL,2025-12-07 20:01:40
HS-001133,New,2025-11-30 01:26:19
HS-001134,New,2025-12-02 15:44:42
HS-001135,New,2025-10-01 16:34:55
HS-001136,MQL,2025-09-28 07:29:48
HS-001136,New,2025-09-20 03:06:30
HS-001137,MQL,2025-11-21 15:17:35
HS-001137,New,2025-11-06 21:14:33
HS-001137,Opportunity,2025-12-10 13:31:30
HS-001137,SAL,2025-11-27 08:31:12
HS-001137,SQL,2025-12-01 11:49:57
HS-001138,MQL,2026-01-12 15:50:59
HS-001138,New,2025-12-23 12:25:12
HS-001138,Opportunity,2026-01-24 05:36:07
HS-001138,SAL,2026-01-15 02:28:32
HS-001138,SQL,2026-01-18 04:22:51
HS-001139,New,2025-10-28 14:28:42
HS-001140,New,2025-10-04 13:30:09
HS-001141,MQL,2025-11-24 18:35:16
HS-001141,New,2025-11-18 15:36:09
HS-001142,New,2026-01-23 01:43:58
HS-001143,New,2025-10-06 23:52:17
HS-001144,New,2026-02-04 06:54:33
HS-001145,New,2025-09-30 10:14:33
HS-001146,MQL,2026-03-15 05:03:40
HS-001146,New,2026-03-12 22:58:52
HS-001146,SAL,2026-03-18 13:20:08
HS-001147,MQL,2025-12-28 19:29:34
HS-001147,New,2025-12-25 01:39:04
HS-001147,SAL,2025-12-30 14:47:16
HS-001148,MQL,2026-01-19 17:40:15
HS-001148,New,2026-01-08 12:46:40
HS-001148,SAL,2026-01-24 02:38:08
HS-001149,MQL,2026-03-05 14:29:05
HS-001149,New,2026-02-20 20:48:02
HS-001149,SAL,2026-03-07 21:16:50
HS-001150,New,2025-12-11 22:15:35
HS-001151,MQL,2025-10-31 05:47:19
HS-001151,New,2025-10-19 16:38:25
HS-001152,MQL,2026-01-19 17:42:09
HS-001152,New,2026-01-09 16:30:48
HS-001152,SAL,2026-01-22 17:02:04
HS-001152,SQL,2026-01-27 09:08:44
HS-001153,MQL,2026-01-17 07:03:41
HS-001153,New,2026-01-13 03:40:02
HS-001154,MQL,2025-09-22 18:47:07
HS-001154,New,2025-09-19 05:52:02
HS-001155,MQL,2025-11-05 06:20:47
HS-001155,New,2025-11-02 17:16:04
HS-001156,MQL,2026-03-10 19:25:41
HS-001156,New,2026-03-01 18:32:09
HS-001157,New,2025-09-11 22:07:18
HS-001158,New,2025-12-17 05:12:58
HS-001159,MQL,2026-03-12 13:40:28
HS-001159,New,2026-03-04 19:54:32
HS-001160,New,2025-10-28 23:29:56
HS-001161,MQL,2025-11-21 22:26:20
HS-001161,New,2025-11-15 07:58:13
HS-001161,SAL,2025-11-24 02:25:50
HS-001162,New,2026-01-24 00:27:07
HS-001163,New,2026-03-28 13:39:59
HS-001164,MQL,2025-12-02 02:29:58
HS-001164,New,2025-11-03 11:48:27
HS-001164,SAL,2025-12-10 13:59:04
HS-001165,New,2026-01-02 15:05:29
HS-001166,MQL,2026-02-26 06:38:07
HS-001166,New,2026-02-01 19:30:38
HS-001167,MQL,2025-12-16 20:07:19
HS-001167,New,2025-12-09 11:51:16
HS-001167,Opportunity,2025-12-28 00:39:27
HS-001167,SAL,2025-12-18 09:02:13
HS-001167,SQL,2025-12-20 09:15:59
HS-001168,MQL,2026-03-22 01:52:32
HS-001168,New,2026-03-04 16:43:48
HS-001168,SAL,2026-03-23 16:53:41
HS-001168,SQL,2026-03-26 06:33:27
HS-001169,MQL,2025-09-24 09:27:16
HS-001169,New,2025-09-18 19:08:14
HS-001169,Opportunity,2025-10-05 04:21:07
HS-001169,SAL,2025-09-27 13:00:50
HS-001169,SQL,2025-09-30 16:57:27
HS-001170,MQL,2025-11-16 14:29:50
HS-001170,New,2025-11-09 11:44:00
HS-001170,SAL,2025-11-20 15:31:59
HS-001171,MQL,2026-02-23 02:46:20
HS-001171,New,2026-02-06 10:33:20
HS-001171,SAL,2026-02-27 04:09:36
HS-001172,New,2025-09-25 19:41:55
HS-001173,MQL,2026-03-28 19:45:40
HS-001173,New,2026-03-19 10:31:27
HS-001173,SAL,2026-03-30 08:25:08
HS-001174,New,2026-01-13 12:04:06
HS-001175,MQL,2026-03-28 11:51:56
HS-001175,New,2026-02-25 00:46:36
HS-001176,MQL,2026-01-29 18:59:20
HS-001176,New,2026-01-23 03:09:43
HS-001176,SAL,2026-02-02 12:57:27
HS-001177,MQL,2025-09-11 09:41:14
HS-001177,New,2025-09-06 15:15:14
HS-001177,Opportunity,2025-10-07 17:34:31
HS-001177,SAL,2025-09-15 08:33:26
HS-001177,SQL,2025-09-26 04:43:29
HS-001178,New,2025-11-06 07:32:23
HS-001179,New,2026-01-07 08:40:44
HS-001180,MQL,2026-03-22 00:15:41
HS-001180,New,2026-03-15 05:52:06
HS-001181,New,2026-03-21 21:58:56
HS-001182,MQL,2026-03-27 04:42:23
HS-001182,New,2026-03-18 14:53:25
HS-001182,SAL,2026-03-29 16:07:59
HS-001183,New,2025-09-25 00:44:07
HS-001184,New,2026-03-10 15:59:08
HS-001185,New,2026-01-10 14:47:25
HS-001186,New,2026-03-14 06:42:08
HS-001187,MQL,2025-11-20 09:11:49
HS-001187,New,2025-11-13 01:19:53
HS-001188,New,2026-03-09 05:27:09
HS-001189,MQL,2025-10-10 23:15:56
HS-001189,New,2025-10-06 21:17:01
HS-001189,Opportunity,2025-10-18 16:55:19
HS-001189,SAL,2025-10-14 15:16:43
HS-001189,SQL,2025-10-16 08:40:10
HS-001190,New,2026-01-29 03:02:33
HS-001191,MQL,2026-03-24 02:55:32
HS-001191,New,2026-03-18 08:25:57
HS-001191,SAL,2026-03-27 17:04:56
HS-001192,New,2026-02-14 06:16:16
HS-001193,MQL,2025-09-01 22:07:21
HS-001193,New,2025-08-25 06:45:51
HS-001193,Opportunity,2025-09-16 19:34:25
HS-001193,SAL,2025-09-06 03:02:28
HS-001193,SQL,2025-09-09 02:15:52
HS-001194,MQL,2025-12-15 03:47:32
HS-001194,New,2025-12-03 03:49:27
HS-001194,SAL,2025-12-16 17:27:45
HS-001195,New,2025-12-04 10:43:13
HS-001196,MQL,2025-10-04 15:32:48
HS-001196,New,2025-09-21 00:40:48
HS-001196,SAL,2025-10-09 21:48:50
HS-001197,MQL,2025-10-03 13:21:19
HS-001197,New,2025-09-20 07:08:42
HS-001198,New,2026-01-06 07:15:26
HS-001199,New,2026-01-02 10:31:07
HS-001200,New,2025-09-07 12:35:10
HS-001201,MQL,2026-03-20 00:42:08
HS-001201,New,2026-03-17 11:56:26
HS-001201,SAL,2026-03-25 09:25:11
HS-001202,New,2025-10-05 18:56:13
HS-001203,New,2025-10-05 13:38:35
HS-001204,MQL,2025-12-05 16:47:14
HS-001204,New,2025-12-01 00:16:05
HS-001204,Opportunity,2025-12-22 06:34:41
HS-001204,SAL,2025-12-08 21:16:32
HS-001204,SQL,2025-12-13 21:19:38
HS-001205,New,2026-02-20 08:01:11
HS-001206,MQL,2025-09-16 08:52:32
HS-001206,New,2025-09-09 11:23:19
HS-001206,Opportunity,2025-09-29 15:02:00
HS-001206,SAL,2025-09-18 05:44:18
HS-001206,SQL,2025-09-20 13:16:16
HS-001207,MQL,2025-10-28 18:44:29
HS-001207,New,2025-10-22 16:20:07
HS-001207,SAL,2025-11-01 23:05:08
HS-001208,MQL,2025-12-02 12:23:57
HS-001208,New,2025-11-26 05:27:51
HS-001208,SAL,2025-12-05 12:08:24
HS-001209,New,2026-02-07 14:55:10
HS-001210,New,2025-12-08 07:55:51
HS-001211,New,2025-10-13 12:53:23
HS-001212,MQL,2025-09-26 13:19:37
HS-001212,New,2025-09-16 20:04:25
HS-001212,SAL,2025-09-30 16:44:40
HS-001212,SQL,2025-10-04 20:17:26
HS-001213,MQL,2025-09-13 23:54:40
HS-001213,New,2025-09-07 14:49:24
HS-001213,SAL,2025-09-15 19:33:42
HS-001213,SQL,2025-09-21 06:28:59
HS-001214,New,2025-11-16 14:57:51
HS-001215,New,2026-02-12 00:36:30
HS-001216,MQL,2026-01-07 08:52:47
HS-001216,New,2025-12-29 08:18:31
HS-001216,SAL,2026-01-08 23:34:48
HS-001217,New,2025-11-12 20:47:46
HS-001218,New,2025-11-28 21:08:40
HS-001219,MQL,2026-02-11 21:10:45
HS-001219,New,2026-02-06 11:06:01
HS-001220,New,2025-10-11 08:14:27
HS-001221,MQL,2026-03-06 20:02:36
HS-001221,New,2026-02-20 22:13:35
HS-001221,SAL,2026-03-09 03:43:53
HS-001222,New,2025-11-19 22:22:19
HS-001223,MQL,2025-12-03 18:22:09
HS-001223,New,2025-11-23 01:13:05
HS-001223,SAL,2025-12-07 15:26:34
HS-001224,MQL,2025-10-16 01:34:44
HS-001224,New,2025-10-09 18:59:16
HS-001225,MQL,2026-02-01 12:28:51
HS-001225,New,2026-01-28 13:19:32
HS-001225,SAL,2026-02-04 16:36:19
HS-001226,New,2025-12-10 00:51:21
HS-001227,MQL,2025-09-12 05:25:55
HS-001227,New,2025-09-08 13:50:47
HS-001227,SAL,2025-09-13 09:22:55
HS-001227,SQL,2025-09-17 18:18:03
HS-001228,New,2025-10-02 23:40:21
HS-001229,MQL,2026-01-18 17:12:37
HS-001229,New,2026-01-16 12:27:21
HS-001230,MQL,2026-01-29 20:06:32
HS-001230,New,2026-01-23 02:20:39
HS-001231,MQL,2026-03-03 17:58:36
HS-001231,New,2026-02-28 18:49:16
HS-001232,MQL,2025-09-11 21:49:11
HS-001232,New,2025-09-01 05:52:31
HS-001232,SAL,2025-09-15 11:52:48
HS-001233,MQL,2025-12-27 05:13:17
HS-001233,New,2025-12-22 22:36:40
HS-001234,MQL,2025-10-24 16:27:20
HS-001234,New,2025-10-13 02:45:08
HS-001235,New,2025-10-24 08:21:03
HS-001236,New,2026-01-14 14:48:59
HS-001237,New,2025-12-02 15:32:18
HS-001238,New,2026-01-15 09:45:54
HS-001239,New,2025-09-24 23:20:07
HS-001240,MQL,2026-03-29 08:21:59
HS-001240,New,2026-03-24 12:19:32
HS-001241,New,2025-09-17 23:08:14
HS-001242,New,2026-02-03 03:05:03
HS-001243,MQL,2026-02-25 06:19:02
HS-001243,New,2026-02-22 01:17:05
HS-001244,MQL,2026-01-04 20:59:01
HS-001244,New,2025-12-25 18:10:35
HS-001244,Opportunity,2026-03-12 17:27:57
HS-001244,SAL,2026-01-09 14:32:20
HS-001244,SQL,2026-01-18 22:30:24
HS-001245,New,2026-02-06 09:40:02
HS-001246,New,2025-09-23 18:09:27
HS-001247,New,2025-11-23 08:20:08
HS-001248,MQL,2026-01-31 15:19:54
HS-001248,New,2026-01-27 18:13:48
HS-001249,New,2026-01-21 11:57:26
HS-001250,MQL,2026-01-18 00:15:31
HS-001250,New,2026-01-12 04:21:12
HS-001251,MQL,2026-03-13 17:39:01
HS-001251,New,2026-03-08 09:04:03
HS-001252,MQL,2025-11-26 11:41:02
HS-001252,New,2025-11-19 06:10:40
HS-001253,MQL,2026-02-19 01:49:43
HS-001253,New,2026-02-10 20:15:15
HS-001253,SAL,2026-02-25 23:13:55
HS-001254,MQL,2025-12-28 04:44:23
HS-001254,New,2025-12-20 10:34:53
HS-001254,SAL,2025-12-31 10:10:20
HS-001255,MQL,2026-02-11 01:38:43
HS-001255,New,2026-02-02 10:05:19
HS-001256,MQL,2025-12-22 23:03:31
HS-001256,New,2025-12-20 07:36:23
HS-001256,Opportunity,2026-01-04 11:29:44
HS-001256,SAL,2025-12-25 03:16:12
HS-001256,SQL,2026-01-01 00:19:27
HS-001257,MQL,2025-11-07 15:15:19
HS-001257,New,2025-10-28 09:13:47
HS-001258,New,2026-01-19 00:42:46
HS-001259,New,2026-01-06 21:51:51
HS-001260,MQL,2025-09-17 02:53:32
HS-001260,New,2025-09-12 05:57:15
HS-001261,New,2025-12-29 00:41:50
HS-001262,MQL,2025-10-10 01:42:11
HS-001262,New,2025-09-27 05:08:05
HS-001262,Opportunity,2025-10-24 10:59:59
HS-001262,SAL,2025-10-14 08:07:00
HS-001262,SQL,2025-10-18 10:29:19
HS-001263,New,2026-03-18 22:51:54
HS-001264,New,2025-10-27 23:28:22
HS-001265,MQL,2025-09-02 08:44:12
HS-001265,New,2025-08-20 15:35:07
HS-001265,SAL,2025-09-04 14:41:54
HS-001266,MQL,2025-09-15 20:42:19
HS-001266,New,2025-09-13 00:49:47
HS-001266,SAL,2025-09-16 08:39:00
HS-001267,MQL,2026-02-25 20:37:35
HS-001267,New,2026-02-23 21:37:02
HS-001268,New,2025-11-15 23:43:51
HS-001269,MQL,2026-02-07 16:14:43
HS-001269,New,2026-02-02 19:04:24
HS-001270,New,2026-03-13 11:23:26
HS-001271,New,2025-11-09 06:47:06
HS-001272,MQL,2025-11-29 03:34:36
HS-001272,New,2025-11-24 14:25:38
HS-001272,SAL,2025-11-30 20:37:03
HS-001273,MQL,2025-12-08 08:16:00
HS-001273,New,2025-12-03 04:40:35
HS-001274,New,2025-12-22 05:34:48
HS-001275,New,2025-12-07 03:43:19
HS-001276,MQL,2025-12-12 12:11:15
HS-001276,New,2025-12-07 18:43:52
HS-001276,SAL,2025-12-15 03:58:40
HS-001277,MQL,2026-03-01 18:32:37
HS-001277,New,2026-02-19 15:30:24
HS-001278,MQL,2025-10-12 18:45:01
HS-001278,New,2025-10-06 08:52:00
HS-001278,SAL,2025-10-16 12:06:43
HS-001278,SQL,2025-10-25 13:46:17
HS-001279,MQL,2026-02-03 21:32:20
HS-001279,New,2026-01-31 08:14:13
HS-001280,New,2025-11-13 21:31:37
HS-001281,New,2026-03-30 19:33:59
HS-001282,MQL,2026-02-22 01:22:24
HS-001282,New,2026-02-17 10:16:31
HS-001282,Opportunity,2026-03-02 00:18:26
HS-001282,SAL,2026-02-24 05:38:51
HS-001282,SQL,2026-02-26 06:54:46
HS-001283,MQL,2026-02-11 06:24:09
HS-001283,New,2026-02-03 01:00:11
HS-001283,SAL,2026-02-12 13:34:33
HS-001284,MQL,2026-03-26 01:07:09
HS-001284,New,2026-03-20 01:40:25
HS-001284,SAL,2026-03-28 00:05:21
HS-001285,New,2025-10-06 08:54:49
HS-001286,New,2026-02-07 11:34:26
HS-001287,MQL,2026-02-11 07:02:53
HS-001287,New,2026-02-07 17:49:27
HS-001287,SAL,2026-02-16 20:17:19
HS-001288,MQL,2025-10-14 23:34:28
HS-001288,New,2025-10-08 01:26:43
HS-001288,SAL,2025-10-18 10:05:30
HS-001289,MQL,2025-09-28 11:17:34
HS-001289,New,2025-09-15 03:52:12
HS-001290,New,2025-11-16 17:02:55
HS-001291,MQL,2026-03-16 22:23:01
HS-001291,New,2026-03-14 13:51:13
HS-001291,Opportunity,2026-03-25 08:54:36
HS-001291,SAL,2026-03-18 11:40:22
HS-001291,SQL,2026-03-21 19:36:10
HS-001292,MQL,2026-01-03 12:30:55
HS-001292,New,2025-12-10 06:55:33
HS-001293,New,2026-03-22 21:53:56
HS-001294,New,2025-09-19 19:45:37
HS-001295,MQL,2025-09-25 12:16:02
HS-001295,New,2025-09-21 16:58:10
HS-001295,Opportunity,2025-10-02 20:52:04
HS-001295,SAL,2025-09-27 23:49:56
HS-001295,SQL,2025-09-29 20:17:20
HS-001296,New,2026-02-21 10:15:23
HS-001297,MQL,2025-09-15 04:22:09
HS-001297,New,2025-09-04 08:23:31
HS-001298,New,2025-12-30 03:11:31
HS-001299,New,2026-02-09 17:48:04
HS-001300,New,2025-12-31 18:27:41
HS-001301,MQL,2025-11-30 08:37:27
HS-001301,New,2025-11-23 13:23:21
HS-001302,New,2025-12-02 10:30:46
HS-001303,New,2026-02-19 05:07:45
HS-001304,New,2025-10-07 22:16:23
HS-001305,MQL,2025-10-18 21:38:20
HS-001305,New,2025-10-14 07:33:06
HS-001305,SAL,2025-10-21 02:49:24
HS-001306,New,2025-09-26 21:08:28
HS-001307,New,2026-03-20 03:38:59
HS-001308,New,2025-10-19 16:36:37
HS-001309,New,2025-10-14 07:55:28
HS-001310,New,2026-02-24 04:35:06
HS-001311,MQL,2025-12-12 00:55:21
HS-001311,New,2025-11-27 00:33:35
HS-001311,SAL,2025-12-16 05:54:09
HS-001312,MQL,2025-10-29 01:01:29
HS-001312,New,2025-10-18 17:56:03
HS-001313,New,2025-12-07 22:37:12
HS-001314,MQL,2025-12-29 21:23:19
HS-001314,New,2025-12-24 20:29:43
HS-001315,MQL,2026-02-28 03:26:36
HS-001315,New,2026-02-21 11:23:17
HS-001315,SAL,2026-03-04 00:10:54
HS-001316,MQL,2025-09-16 03:19:29
HS-001316,New,2025-09-05 19:48:23
HS-001317,MQL,2026-02-27 04:23:47
HS-001317,New,2026-02-21 03:52:57
HS-001318,MQL,2025-12-15 02:27:21
HS-001318,New,2025-12-06 22:53:09
HS-001319,New,2026-01-16 02:13:15
HS-001320,MQL,2026-01-21 10:28:27
HS-001320,New,2026-01-16 01:48:16
HS-001321,New,2025-10-01 19:40:51
HS-001322,New,2026-01-18 13:21:47
HS-001323,New,2026-03-10 20:09:32
HS-001324,New,2026-03-26 18:28:55
HS-001325,MQL,2025-10-27 08:21:00
HS-001325,New,2025-10-18 23:32:00
HS-001325,Opportunity,2025-11-10 01:36:34
HS-001325,SAL,2025-10-30 00:45:13
HS-001325,SQL,2025-11-01 22:37:44
HS-001326,MQL,2025-10-16 17:42:51
HS-001326,New,2025-10-12 01:36:20
HS-001327,MQL,2025-10-12 08:51:35
HS-001327,New,2025-09-12 14:58:11
HS-001328,MQL,2026-02-21 20:47:31
HS-001328,New,2026-02-12 16:56:51
HS-001328,SAL,2026-02-24 16:25:55
HS-001329,New,2026-03-03 04:27:25
HS-001330,New,2025-11-18 04:31:08
HS-001331,New,2026-03-01 21:33:13
HS-001332,New,2026-02-01 05:32:34
HS-001333,New,2026-01-29 17:49:03
HS-001334,MQL,2025-09-22 03:47:35
HS-001334,New,2025-09-15 04:46:27
HS-001335,MQL,2026-03-20 15:13:06
HS-001335,New,2026-03-16 07:33:55
HS-001335,SAL,2026-03-22 05:48:11
HS-001336,New,2025-11-11 20:25:51
HS-001337,New,2026-01-25 17:09:19
HS-001338,MQL,2026-03-02 14:00:52
HS-001338,New,2026-02-26 07:23:37
HS-001339,New,2025-12-02 15:30:17
HS-001340,New,2025-11-12 00:01:37
HS-001341,MQL,2025-11-04 01:13:18
HS-001341,New,2025-10-25 13:42:26
HS-001342,MQL,2026-03-21 00:25:40
HS-001342,New,2026-03-17 08:41:38
HS-001343,New,2026-03-15 05:06:31
HS-001344,New,2025-10-16 07:22:01
HS-001345,New,2026-03-23 00:03:26
HS-001346,New,2026-03-21 07:56:29
HS-001347,MQL,2025-11-06 13:21:28
HS-001347,New,2025-10-29 08:04:51
HS-001348,MQL,2025-11-01 15:18:01
HS-001348,New,2025-10-23 09:13:21
HS-001348,SAL,2025-11-05 22:11:21
HS-001348,SQL,2025-11-10 00:22:08
HS-001349,MQL,2026-03-01 17:41:15
HS-001349,New,2026-02-24 19:56:33
HS-001350,MQL,2025-10-11 04:48:56
HS-001350,New,2025-10-04 22:10:25
HS-001351,MQL,2025-12-21 07:08:10
HS-001351,New,2025-12-11 03:19:10
HS-001351,SAL,2025-12-25 23:01:14
HS-001352,MQL,2025-11-28 10:41:59
HS-001352,New,2025-11-21 17:04:08
HS-001353,MQL,2025-09-13 23:57:41
HS-001353,New,2025-09-03 06:48:17
HS-001353,SAL,2025-09-20 04:47:25
HS-001353,SQL,2025-09-24 01:24:09
HS-001354,New,2025-12-12 21:54:34
HS-001355,New,2026-03-08 11:00:40
HS-001356,New,2025-09-22 08:39:29
HS-001357,MQL,2026-02-05 05:34:03
HS-001357,New,2026-01-30 15:54:16
HS-001358,New,2026-02-11 04:48:56
HS-001359,MQL,2026-02-12 15:55:40
HS-001359,New,2026-02-04 19:02:33
HS-001359,SAL,2026-02-15 00:02:08
HS-001360,New,2025-10-29 03:55:27
HS-001361,MQL,2025-10-18 10:14:35
HS-001361,New,2025-10-15 08:08:01
HS-001362,New,2025-10-27 04:51:28
HS-001363,MQL,2026-02-25 13:05:01
HS-001363,New,2026-02-10 13:16:21
HS-001363,Opportunity,2026-03-19 04:35:36
HS-001363,SAL,2026-03-06 05:22:30
HS-001363,SQL,2026-03-08 21:33:50
HS-001364,MQL,2025-11-14 01:57:44
HS-001364,New,2025-11-06 12:10:55
HS-001365,New,2025-09-18 12:56:00
HS-001366,New,2026-01-11 14:15:44
HS-001367,MQL,2026-01-05 00:40:39
HS-001367,New,2025-12-24 13:51:33
HS-001367,Opportunity,2026-01-13 02:51:28
HS-001367,SAL,2026-01-07 03:32:23
HS-001367,SQL,2026-01-09 20:33:06
HS-001368,New,2026-03-14 15:15:04
HS-001369,New,2025-12-26 03:20:40
HS-001370,MQL,2025-11-02 23:12:11
HS-001370,New,2025-10-20 18:35:47
HS-001370,SAL,2025-11-07 10:58:34
HS-001371,New,2025-11-22 18:29:10
HS-001372,MQL,2025-11-16 06:41:42
HS-001372,New,2025-11-11 04:48:12
HS-001372,SAL,2025-11-18 12:56:09
HS-001373,New,2026-02-26 16:52:34
HS-001374,MQL,2026-03-21 18:24:40
HS-001374,New,2026-03-15 23:18:18
HS-001374,SAL,2026-03-24 17:22:35
HS-001375,MQL,2025-09-26 22:45:57
HS-001375,New,2025-09-21 17:37:19
HS-001375,SAL,2025-09-30 14:43:18
HS-001376,New,2025-11-25 06:35:48
HS-001377,New,2026-03-28 03:48:26
HS-001378,MQL,2025-11-10 03:00:49
HS-001378,New,2025-11-01 19:18:52
HS-001378,SAL,2025-11-14 09:34:27
HS-001378,SQL,2025-11-24 18:15:06
HS-001379,New,2025-12-07 20:07:53
HS-001380,MQL,2026-03-17 19:12:20
HS-001380,New,2026-03-05 04:40:24
HS-001380,SAL,2026-03-21 02:26:25
HS-001381,New,2026-01-08 20:37:06
HS-001382,New,2025-12-10 19:25:14
HS-001383,New,2025-12-26 12:44:30
HS-001384,MQL,2025-10-08 07:12:40
HS-001384,New,2025-10-01 18:15:45
HS-001385,New,2026-02-28 21:22:39
HS-001386,New,2026-03-05 14:05:38
HS-001387,MQL,2025-11-01 19:07:49
HS-001387,New,2025-10-23 19:12:29
HS-001388,MQL,2026-01-27 04:47:45
HS-001388,New,2026-01-16 14:29:42
HS-001388,SAL,2026-01-30 23:24:16
HS-001389,New,2026-03-30 16:25:57
HS-001390,MQL,2025-12-10 16:00:30
HS-001390,New,2025-12-05 19:35:01
HS-001391,New,2026-01-28 12:55:12
HS-001392,New,2025-11-05 06:55:34
HS-001393,New,2026-03-14 06:03:00
HS-001394,New,2026-02-18 19:27:19
HS-001395,New,2026-01-08 19:22:13
HS-001396,New,2025-09-02 22:18:41
HS-001397,MQL,2025-11-23 07:17:18
HS-001397,New,2025-09-29 02:34:58
HS-001398,MQL,2025-11-01 02:34:04
HS-001398,New,2025-10-15 07:12:01
HS-001398,SAL,2025-11-04 03:32:49
HS-001399,MQL,2025-10-14 01:57:31
HS-001399,New,2025-10-09 16:57:34
HS-001400,New,2025-12-19 13:44:04
HS-001401,New,2025-10-22 01:04:07
HS-001402,MQL,2025-11-27 01:39:57
HS-001402,New,2025-11-16 20:27:36
HS-001403,New,2025-10-19 16:57:15
HS-001404,MQL,2025-12-30 20:54:00
HS-001404,New,2025-12-29 06:24:29
HS-001405,MQL,2025-10-02 23:23:41
HS-001405,New,2025-09-25 18:25:47
HS-001406,MQL,2026-01-08 04:51:30
HS-001406,New,2025-12-26 09:53:15
HS-001407,New,2026-02-22 19:24:59
HS-001408,New,2025-09-02 13:06:16
HS-001409,MQL,2025-11-01 17:25:44
HS-001409,New,2025-10-27 06:27:31
HS-001410,New,2026-03-17 02:37:45
HS-001411,MQL,2026-03-27 11:21:32
HS-001411,New,2026-03-23 12:28:17
HS-001411,SAL,2026-03-30 00:26:39
HS-001412,MQL,2025-12-24 18:34:36
HS-001412,New,2025-12-20 03:53:54
HS-001413,MQL,2025-10-29 01:58:46
HS-001413,New,2025-09-27 02:37:22
HS-001413,SAL,2025-11-01 08:22:21
HS-001414,MQL,2026-01-14 18:23:27
HS-001414,New,2025-12-30 22:21:50
HS-001414,SAL,2026-01-18 16:07:27
HS-001415,MQL,2025-10-08 10:51:23
HS-001415,New,2025-10-04 20:25:39
HS-001415,Opportunity,2025-10-19 04:07:06
HS-001415,SAL,2025-10-13 02:08:51
HS-001415,SQL,2025-10-17 23:42:55
HS-001416,New,2025-12-01 08:59:40
HS-001417,New,2026-01-19 07:41:31
HS-001418,New,2025-09-17 00:19:56
HS-001419,MQL,2026-01-10 22:12:08
HS-001419,New,2026-01-04 21:29:12
HS-001419,SAL,2026-01-16 00:40:24
HS-001420,MQL,2025-09-23 19:16:50
HS-001420,New,2025-09-19 11:31:57
HS-001421,New,2025-12-23 02:42:51
HS-001422,MQL,2025-10-21 18:56:36
HS-001422,New,2025-10-08 21:34:44
HS-001422,Opportunity,2025-10-31 14:28:47
HS-001422,SAL,2025-10-24 03:01:17
HS-001422,SQL,2025-10-28 12:01:34
HS-001423,New,2026-01-22 02:21:52
HS-001424,MQL,2025-12-12 01:15:12
HS-001424,New,2025-12-01 00:51:39
HS-001424,Opportunity,2025-12-22 04:19:31
HS-001424,SAL,2025-12-15 03:12:55
HS-001424,SQL,2025-12-18 02:38:00
HS-001425,New,2026-03-16 09:01:45
HS-001426,New,2026-02-23 23:07:56
HS-001427,New,2026-02-21 05:45:24
HS-001428,New,2026-03-12 21:43:04
HS-001429,MQL,2025-10-04 13:13:37
HS-001429,New,2025-09-30 15:13:38
HS-001430,New,2026-01-06 00:12:45
HS-001431,New,2025-10-10 11:00:14
HS-001432,MQL,2025-12-18 18:36:07
HS-001432,New,2025-12-08 03:36:38
HS-001432,Opportunity,2025-12-30 20:03:23
HS-001432,SAL,2025-12-21 12:12:58
HS-001432,SQL,2025-12-25 13:18:44
HS-001433,New,2025-12-06 17:00:05
HS-001434,MQL,2025-10-05 11:58:37
HS-001434,New,2025-09-24 09:29:39
HS-001435,MQL,2026-03-01 07:20:36
HS-001435,New,2026-02-22 11:37:02
HS-001435,SAL,2026-03-05 08:39:40
HS-001436,MQL,2026-02-01 13:47:14
HS-001436,New,2026-01-29 08:13:15
HS-001437,New,2026-03-15 23:49:17
HS-001438,MQL,2026-01-06 20:48:38
HS-001438,New,2025-12-20 07:53:22
HS-001438,SAL,2026-01-11 12:05:16
HS-001439,MQL,2026-03-19 14:49:21
HS-001439,New,2026-03-15 16:07:56
HS-001440,New,2025-09-18 12:57:33
HS-001441,New,2025-10-11 21:22:10
HS-001442,New,2025-11-02 23:54:26
HS-001443,MQL,2026-02-01 13:00:09
HS-001443,New,2026-01-29 18:30:00
HS-001444,New,2025-09-06 06:14:54
HS-001445,MQL,2025-09-05 07:47:20
HS-001445,New,2025-09-02 12:13:56
HS-001446,MQL,2025-12-01 16:13:29
HS-001446,New,2025-11-25 02:50:26
HS-001447,MQL,2026-03-18 09:29:10
HS-001447,New,2026-03-08 00:45:00
HS-001448,MQL,2025-12-24 23:03:07
HS-001448,New,2025-12-18 03:03:34
HS-001449,New,2026-03-22 16:39:28
HS-001450,New,2025-09-17 02:34:07
HS-001451,New,2026-03-10 04:31:32
HS-001452,New,2026-03-13 03:05:38
HS-001453,New,2025-10-25 23:16:46
HS-001454,New,2025-11-04 17:33:12
HS-001455,New,2026-03-11 23:46:40
HS-001456,New,2026-01-17 22:24:33
HS-001457,MQL,2025-09-20 05:34:17
HS-001457,New,2025-09-15 08:43:13
HS-001457,SAL,2025-09-25 00:34:10
HS-001458,New,2025-09-19 00:51:46
HS-001459,New,2026-03-12 20:35:08
HS-001460,New,2025-12-24 07:10:33
HS-001461,MQL,2025-10-01 13:00:05
HS-001461,New,2025-09-21 06:31:17
HS-001462,New,2025-11-02 01:10:29
HS-001463,New,2025-10-09 00:36:01
HS-001464,New,2026-02-22 22:06:31
HS-001465,New,2025-10-03 18:37:18
HS-001466,New,2025-12-23 13:41:30
HS-001467,MQL,2025-11-24 12:22:59
HS-001467,New,2025-11-11 17:22:25
HS-001467,Opportunity,2026-02-01 15:55:38
HS-001467,SAL,2025-11-29 17:13:50
HS-001467,SQL,2026-01-14 23:27:23
HS-001468,New,2025-12-05 07:23:23
HS-001469,MQL,2025-11-22 16:54:33
HS-001469,New,2025-11-05 20:54:51
HS-001469,Opportunity,2025-12-14 08:14:22
HS-001469,SAL,2025-11-25 17:10:37
HS-001469,SQL,2025-12-02 05:32:32
HS-001470,New,2026-03-08 02:42:44
HS-001471,New,2026-03-16 19:32:00
HS-001472,New,2026-03-01 05:19:13
HS-001473,MQL,2025-09-05 07:44:00
HS-001473,New,2025-08-28 05:32:50
HS-001474,New,2026-01-14 12:34:00
HS-001475,MQL,2026-01-20 14:15:04
HS-001475,New,2026-01-15 17:45:06
HS-001475,SAL,2026-01-23 03:22:59
HS-001475,SQL,2026-01-24 20:09:30
HS-001476,New,2025-12-08 14:51:18
HS-001477,New,2025-11-09 19:48:51
HS-001478,MQL,2025-11-17 12:36:16
HS-001478,New,2025-11-05 06:21:41
HS-001479,New,2025-12-20 22:05:56
HS-001480,New,2025-12-20 05:08:39
HS-001481,MQL,2025-10-06 23:51:18
HS-001481,New,2025-09-24 05:09:58
HS-001481,SAL,2025-10-19 20:46:31
HS-001482,New,2026-03-29 15:59:22
HS-001483,New,2026-02-15 14:20:48
HS-001484,MQL,2025-12-26 23:24:14
HS-001484,New,2025-12-18 03:30:31
HS-001484,SAL,2025-12-30 23:28:24
HS-001485,MQL,2025-10-12 17:26:11
HS-001485,New,2025-10-08 01:22:34
HS-001486,MQL,2026-01-06 10:52:37
HS-001486,New,2025-12-27 09:39:05
HS-001487,MQL,2025-10-17 17:01:02
HS-001487,New,2025-10-12 15:58:33
HS-001488,New,2026-01-31 16:23:37
HS-001489,MQL,2025-10-05 09:42:24
HS-001489,New,2025-09-26 11:58:27
HS-001490,MQL,2025-10-04 16:42:56
HS-001490,New,2025-09-26 05:16:51
HS-001491,New,2025-10-02 12:13:19
HS-001492,New,2025-09-03 00:15:15
HS-001493,MQL,2025-10-20 10:51:27
HS-001493,New,2025-10-15 03:47:35
HS-001493,Opportunity,2025-11-06 06:06:11
HS-001493,SAL,2025-10-24 03:41:15
HS-001493,SQL,2025-10-27 09:33:49
HS-001494,MQL,2025-10-21 23:53:22
HS-001494,New,2025-10-18 16:33:33
HS-001495,MQL,2025-12-30 12:19:56
HS-001495,New,2025-12-25 08:03:36
HS-001495,SAL,2026-01-03 02:58:16
HS-001496,New,2025-10-02 10:14:40
HS-001497,New,2025-10-09 14:15:49
HS-001498,MQL,2026-03-09 10:55:59
HS-001498,New,2026-03-01 21:52:06
HS-001498,SAL,2026-03-12 14:21:16
HS-001499,New,2025-10-22 17:50:24
HS-001500,MQL,2026-01-27 00:45:33
HS-001500,New,2026-01-02 17:42:35
HS-001501,MQL,2025-11-05 05:08:46
HS-001501,New,2025-10-30 20:57:29
HS-001502,New,2026-02-01 10:37:12
HS-001503,New,2025-09-19 08:16:14
HS-001504,New,2026-03-13 08:25:37
HS-001505,MQL,2025-10-08 04:19:25
HS-001505,New,2025-09-19 19:50:23
HS-001505,SAL,2025-10-11 20:33:11
HS-001506,MQL,2026-01-06 22:04:52
HS-001506,New,2026-01-01 06:46:52
HS-001506,Opportunity,2026-01-21 09:05:25
HS-001506,SAL,2026-01-09 07:27:45
HS-001506,SQL,2026-01-13 15:42:12
HS-001507,MQL,2025-10-19 22:02:36
HS-001507,New,2025-10-08 22:29:48
HS-001508,New,2025-11-23 00:20:03
HS-001509,MQL,2025-12-22 03:01:17
HS-001509,New,2025-12-17 23:23:14
HS-001509,SAL,2025-12-24 18:40:26
HS-001510,MQL,2025-12-19 07:11:45
HS-001510,New,2025-12-15 08:35:14
HS-001511,New,2026-02-01 12:48:07
HS-001512,New,2026-02-23 09:06:03
HS-001513,MQL,2026-01-21 04:32:10
HS-001513,New,2026-01-17 21:23:43
HS-001514,New,2025-10-15 03:48:17
HS-001515,New,2025-10-09 06:55:33
HS-001516,MQL,2025-09-26 15:17:34
HS-001516,New,2025-09-23 05:05:19
HS-001517,New,2025-12-11 14:51:18
HS-001518,MQL,2025-09-14 15:22:58
HS-001518,New,2025-09-09 19:59:16
HS-001518,SAL,2025-09-17 15:51:11
HS-001519,MQL,2026-01-18 15:21:38
HS-001519,New,2026-01-15 21:39:35
HS-001520,MQL,2025-09-28 02:59:06
HS-001520,New,2025-09-23 00:16:05
HS-001521,New,2025-10-14 00:46:51
HS-001522,MQL,2026-03-27 21:21:00
HS-001522,New,2026-03-04 11:07:01
HS-001523,MQL,2026-03-03 12:07:27
HS-001523,New,2026-02-17 17:33:45
HS-001524,New,2026-03-15 20:10:45
HS-001525,New,2025-12-21 13:04:31
HS-001526,New,2025-09-20 08:57:52
HS-001527,New,2025-12-09 05:40:26
HS-001528,MQL,2025-11-26 06:08:14
HS-001528,New,2025-11-22 07:54:01
HS-001528,SAL,2025-11-29 01:25:02
HS-001529,MQL,2025-10-10 08:46:20
HS-001529,New,2025-10-04 12:40:15
HS-001530,New,2026-02-13 10:12:14
HS-001531,MQL,2026-01-02 01:26:33
HS-001531,New,2025-12-30 16:53:12
HS-001532,MQL,2026-01-27 02:36:17
HS-001532,New,2026-01-22 12:23:11
HS-001532,Opportunity,2026-02-08 03:07:37
HS-001532,SAL,2026-01-29 20:08:17
HS-001532,SQL,2026-01-30 17:52:28
HS-001533,MQL,2026-02-13 21:18:17
HS-001533,New,2026-02-04 15:18:04
HS-001534,New,2025-09-19 02:11:36
HS-001535,New,2025-09-07 22:10:31
HS-001536,MQL,2026-03-19 16:54:47
HS-001536,New,2026-03-15 06:32:14
HS-001537,New,2025-09-29 13:07:30
HS-001538,MQL,2025-12-01 09:49:18
HS-001538,New,2025-11-25 18:55:29
HS-001539,New,2025-10-20 17:44:51
HS-001540,New,2025-10-01 09:01:08
HS-001541,New,2026-01-08 05:14:33
HS-001542,New,2025-12-26 06:56:11
HS-001543,New,2026-02-25 18:35:13
HS-001544,New,2025-11-30 10:12:06
HS-001545,MQL,2025-12-14 12:24:10
HS-001545,New,2025-12-07 04:23:30
HS-001546,MQL,2025-09-28 05:03:09
HS-001546,New,2025-09-23 07:06:17
HS-001546,SAL,2025-09-29 23:13:48
HS-001547,MQL,2026-01-02 05:31:58
HS-001547,New,2025-12-24 23:19:54
HS-001547,SAL,2026-01-04 02:38:51
HS-001548,New,2026-02-05 04:01:45
HS-001549,MQL,2026-02-24 09:14:27
HS-001549,New,2026-02-21 19:27:18
HS-001550,MQL,2026-01-15 15:21:32
HS-001550,New,2026-01-12 10:07:58
HS-001550,SAL,2026-01-25 06:52:52
HS-001551,MQL,2026-03-14 02:42:49
HS-001551,New,2026-02-24 02:54:45
HS-001551,SAL,2026-03-22 14:14:12
HS-001552,MQL,2026-01-18 05:33:59
HS-001552,New,2026-01-14 13:02:40
HS-001552,SAL,2026-01-21 13:22:19
HS-001553,MQL,2026-03-24 04:44:49
HS-001553,New,2026-03-20 17:39:38
HS-001554,MQL,2025-10-18 19:25:22
HS-001554,New,2025-10-15 04:43:14
HS-001554,Opportunity,2025-11-02 20:18:57
HS-001554,SAL,2025-10-25 01:35:04
HS-001554,SQL,2025-10-27 07:54:29
HS-001555,MQL,2025-10-21 22:52:13
HS-001555,New,2025-10-07 19:28:22
HS-001555,Opportunity,2025-11-09 11:50:26
HS-001555,SAL,2025-10-26 15:39:37
HS-001555,SQL,2025-10-30 11:23:24
HS-001556,New,2025-11-08 19:29:38
HS-001557,New,2026-03-07 00:07:09
HS-001558,New,2025-09-15 02:20:17
HS-001559,MQL,2025-10-07 22:39:45
HS-001559,New,2025-09-29 04:39:39
HS-001560,MQL,2025-10-26 17:41:33
HS-001560,New,2025-10-17 22:20:12
HS-001560,SAL,2025-11-01 23:35:38
HS-001561,New,2026-02-22 06:20:17
HS-001562,New,2025-12-17 16:42:29
HS-001563,MQL,2026-01-02 21:11:56
HS-001563,New,2026-01-01 01:01:27
HS-001564,MQL,2026-01-17 14:30:21
HS-001564,New,2026-01-08 22:45:12
HS-001564,SAL,2026-01-18 21:44:45
HS-001565,New,2026-03-20 19:40:33
HS-001566,MQL,2025-11-15 08:31:55
HS-001566,New,2025-11-13 06:54:03
HS-001566,SAL,2025-11-20 13:22:15
HS-001566,SQL,2025-11-23 00:23:45
HS-001567,MQL,2026-03-20 11:53:35
HS-001567,New,2026-03-17 02:26:21
HS-001567,SAL,2026-03-24 01:52:17
HS-001568,New,2026-02-22 07:25:01
HS-001569,New,2025-11-03 05:55:45
HS-001570,New,2025-10-13 10:40:45
HS-001571,MQL,2025-10-14 19:40:40
HS-001571,New,2025-09-22 06:10:18
HS-001571,Opportunity,2025-11-01 20:07:50
HS-001571,SAL,2025-10-18 08:35:56
HS-001571,SQL,2025-10-22 14:00:11
HS-001572,MQL,2025-10-30 04:09:09
HS-001572,New,2025-10-07 16:32:31
HS-001573,New,2026-01-24 00:48:01
HS-001574,MQL,2026-02-03 12:00:02
HS-001574,New,2026-01-30 04:29:53
HS-001574,Opportunity,2026-02-21 07:14:13
HS-001574,SAL,2026-02-06 16:28:22
HS-001574,SQL,2026-02-12 21:29:13
HS-001575,New,2026-01-20 22:05:26
HS-001576,New,2026-01-25 15:58:56
HS-001577,New,2025-11-06 05:00:49
HS-001578,New,2026-03-10 12:40:59
HS-001579,MQL,2026-01-01 07:15:41
HS-001579,New,2025-12-19 14:54:17
HS-001579,Opportunity,2026-01-09 22:17:55
HS-001579,SAL,2026-01-05 02:00:59
HS-001579,SQL,2026-01-06 15:26:12
HS-001580,New,2026-03-25 17:04:57
HS-001581,MQL,2025-10-29 16:37:41
HS-001581,New,2025-10-13 18:33:00
HS-001582,New,2025-11-10 06:55:52
HS-001583,New,2026-02-22 17:57:16
HS-001584,MQL,2026-02-26 18:31:41
HS-001584,New,2026-02-15 12:03:40
HS-001585,New,2025-09-12 06:18:37
HS-001586,MQL,2025-12-22 18:20:13
HS-001586,New,2025-12-08 23:26:38
HS-001587,MQL,2025-09-29 11:12:28
HS-001587,New,2025-09-27 07:19:20
HS-001588,New,2025-09-11 19:24:02
HS-001589,New,2025-11-10 13:08:18
HS-001590,New,2025-09-06 15:45:36
HS-001591,New,2025-09-22 09:12:44
HS-001592,New,2025-09-02 15:07:20
HS-001593,New,2025-11-23 17:31:52
HS-001594,New,2025-11-16 02:28:15
HS-001595,New,2025-10-10 16:32:36
HS-001596,MQL,2026-03-29 07:24:52
HS-001596,New,2026-03-26 21:03:51
HS-001597,New,2025-10-25 21:35:12
HS-001598,MQL,2026-01-21 09:37:27
HS-001598,New,2026-01-14 06:32:54
HS-001599,New,2025-09-16 15:04:42
HS-001600,New,2025-12-07 18:38:25
HS-001601,MQL,2025-10-05 00:50:09
HS-001601,New,2025-10-01 17:33:09
HS-001601,SAL,2025-10-10 10:52:58
HS-001602,New,2025-09-04 20:20:17
HS-001603,New,2025-11-28 14:33:50
HS-001604,New,2025-12-03 15:30:06
HS-001605,MQL,2025-12-07 07:45:58
HS-001605,New,2025-11-25 18:41:10
HS-001605,SAL,2025-12-13 12:01:17
HS-001606,MQL,2025-11-08 04:12:43
HS-001606,New,2025-10-24 01:41:57
HS-001607,New,2026-02-03 04:48:36
HS-001608,New,2025-10-04 06:28:35
HS-001609,MQL,2026-03-18 05:23:04
HS-001609,New,2026-03-06 18:33:20
HS-001609,Opportunity,2026-03-29 01:11:34
HS-001609,SAL,2026-03-22 10:56:54
HS-001609,SQL,2026-03-25 07:42:26
HS-001610,New,2026-02-19 05:14:18
HS-001611,New,2025-10-20 06:18:57
HS-001612,MQL,2025-10-09 23:22:27
HS-001612,New,2025-09-30 22:28:13
HS-001612,SAL,2025-10-12 20:36:30
HS-001613,New,2026-02-09 13:46:53
HS-001614,MQL,2026-03-01 20:18:49
HS-001614,New,2026-02-20 18:46:38
HS-001615,MQL,2026-01-02 21:00:27
HS-001615,New,2025-12-25 23:50:03
HS-001615,Opportunity,2026-01-11 06:37:47
HS-001615,SAL,2026-01-04 07:49:08
HS-001615,SQL,2026-01-06 20:06:48
HS-001616,New,2025-09-20 23:29:18
HS-001617,New,2026-03-01 15:22:25
HS-001618,MQL,2025-12-01 05:03:39
HS-001618,New,2025-11-26 13:47:04
HS-001618,Opportunity,2025-12-11 02:25:36
HS-001618,SAL,2025-12-04 09:31:34
HS-001618,SQL,2025-12-06 05:26:33
HS-001619,New,2025-10-18 13:58:16
HS-001620,New,2025-10-13 06:37:31
HS-001621,MQL,2025-10-16 08:00:07
HS-001621,New,2025-10-13 05:59:30
HS-001622,New,2025-12-14 06:29:25
HS-001623,MQL,2025-09-13 16:18:53
HS-001623,New,2025-09-06 04:58:05
HS-001623,SAL,2025-09-17 00:09:05
HS-001624,New,2025-11-20 18:55:13
HS-001625,MQL,2025-09-14 18:55:15
HS-001625,New,2025-09-10 11:26:53
HS-001625,SAL,2025-09-16 08:52:58
HS-001626,New,2025-09-29 19:17:06
HS-001627,New,2026-03-26 03:30:52
HS-001628,New,2025-12-27 21:04:56
HS-001629,New,2025-10-24 00:20:01
HS-001630,New,2025-10-19 16:44:38
HS-001631,MQL,2026-03-05 04:38:34
HS-001631,New,2026-02-17 02:38:56
HS-001631,SAL,2026-03-07 04:20:57
HS-001632,MQL,2026-01-24 08:56:46
HS-001632,New,2026-01-15 05:34:18
HS-001632,Opportunity,2026-01-31 16:50:41
HS-001632,SAL,2026-01-27 01:59:53
HS-001632,SQL,2026-01-30 07:43:24
HS-001633,MQL,2025-09-04 09:05:54
HS-001633,New,2025-08-27 09:11:42
HS-001633,SAL,2025-09-07 18:17:54
HS-001634,New,2026-02-24 21:45:12
HS-001635,MQL,2026-03-25 20:45:03
HS-001635,New,2026-03-11 01:56:27
HS-001636,MQL,2025-11-22 03:13:21
HS-001636,New,2025-11-06 07:30:52
HS-001636,Opportunity,2025-12-25 03:02:36
HS-001636,SAL,2025-11-30 22:58:30
HS-001636,SQL,2025-12-14 10:36:27
HS-001637,New,2025-11-25 03:05:25
HS-001638,MQL,2025-09-25 16:02:09
HS-001638,New,2025-09-13 20:53:23
HS-001639,New,2025-11-22 07:04:30
HS-001640,New,2026-01-28 05:03:06
HS-001641,New,2025-12-15 02:26:15
HS-001642,MQL,2025-11-16 20:59:55
HS-001642,New,2025-10-26 23:01:35
HS-001643,New,2025-09-15 20:33:27
HS-001644,New,2026-03-21 01:36:56
HS-001645,New,2025-11-04 18:13:09
HS-001646,MQL,2025-12-10 07:06:03
HS-001646,New,2025-11-30 09:51:15
HS-001646,Opportunity,2025-12-22 10:57:18
HS-001646,SAL,2025-12-12 13:32:17
HS-001646,SQL,2025-12-15 12:14:42
HS-001647,New,2025-09-22 14:29:38
HS-001648,New,2025-11-19 12:29:48
HS-001649,New,2026-01-31 05:40:08
HS-001650,MQL,2025-12-22 11:58:16
HS-001650,New,2025-12-11 17:11:54
HS-001650,SAL,2025-12-24 18:47:35
HS-001651,New,2026-02-20 17:55:09
HS-001652,MQL,2026-01-28 06:03:14
HS-001652,New,2026-01-16 17:48:02
HS-001653,MQL,2025-10-11 03:35:02
HS-001653,New,2025-10-04 08:38:02
HS-001654,MQL,2025-11-28 11:28:57
HS-001654,New,2025-11-17 02:40:46
HS-001655,MQL,2025-12-15 08:39:53
HS-001655,New,2025-12-01 09:07:33
HS-001655,SAL,2025-12-18 01:46:22
HS-001656,New,2026-01-08 21:16:05
HS-001657,MQL,2025-09-02 22:56:23
HS-001657,New,2025-08-30 19:30:13
HS-001658,New,2025-12-21 13:22:42
HS-001659,MQL,2025-10-08 07:04:22
HS-001659,New,2025-09-11 03:10:12
HS-001660,MQL,2026-01-13 05:25:05
HS-001660,New,2026-01-08 18:41:19
HS-001660,SAL,2026-01-16 08:20:38
HS-001661,New,2025-10-19 12:52:10
HS-001662,New,2025-10-09 00:13:28
HS-001663,New,2025-11-02 10:17:46
HS-001664,MQL,2026-03-26 11:59:58
HS-001664,New,2026-03-12 21:03:33
HS-001664,SAL,2026-03-29 11:04:47
HS-001665,MQL,2025-11-30 01:45:12
HS-001665,New,2025-11-23 17:56:23
HS-001665,SAL,2025-12-01 14:55:55
HS-001666,MQL,2025-09-01 21:39:01
HS-001666,New,2025-08-26 11:05:18
HS-001667,MQL,2026-01-22 22:36:17
HS-001667,New,2025-12-24 16:25:51
HS-001668,MQL,2026-02-11 07:32:47
HS-001668,New,2026-01-31 16:54:53
HS-001669,New,2026-02-28 18:23:26
HS-001670,New,2026-03-04 21:46:56
HS-001671,New,2026-01-14 14:50:28
HS-001672,MQL,2025-12-11 22:52:17
HS-001672,New,2025-11-18 19:15:28
HS-001672,SAL,2025-12-13 20:43:33
HS-001673,MQL,2025-10-04 03:38:22
HS-001673,New,2025-09-30 16:22:50
HS-001673,SAL,2025-10-07 08:28:52
HS-001674,MQL,2025-09-17 18:06:31
HS-001674,New,2025-09-10 12:01:13
HS-001675,New,2026-02-15 05:21:08
HS-001676,New,2025-12-14 09:55:54
HS-001677,MQL,2025-10-12 23:17:51
HS-001677,New,2025-10-05 01:58:44
HS-001677,SAL,2025-10-15 17:38:17
HS-001678,New,2025-12-31 17:53:47
HS-001679,New,2025-12-27 11:45:09
HS-001680,New,2025-09-07 20:06:25
HS-001681,New,2025-10-06 06:47:20
HS-001682,MQL,2026-02-22 21:22:17
HS-001682,New,2026-02-18 07:30:23
HS-001683,New,2026-03-03 07:09:21
HS-001684,MQL,2025-11-20 19:32:23
HS-001684,New,2025-11-13 07:26:25
HS-001684,Opportunity,2025-12-06 03:09:43
HS-001684,SAL,2025-11-22 08:56:27
HS-001684,SQL,2025-11-26 19:00:20
HS-001685,MQL,2025-10-03 01:33:57
HS-001685,New,2025-09-25 11:35:38
HS-001686,MQL,2026-01-05 03:06:00
HS-001686,New,2025-12-30 14:19:06
HS-001686,SAL,2026-01-08 05:46:29
HS-001687,New,2025-10-27 00:01:23
HS-001688,New,2025-10-15 23:42:17
HS-001689,MQL,2025-09-12 14:21:10
HS-001689,New,2025-08-27 20:18:03
HS-001689,Opportunity,2025-09-25 16:09:15
HS-001689,SAL,2025-09-15 18:11:19
HS-001689,SQL,2025-09-20 02:31:39
HS-001690,MQL,2026-02-07 02:37:35
HS-001690,New,2026-01-28 00:51:54
HS-001690,SAL,2026-02-11 08:41:03
HS-001691,MQL,2026-02-24 21:39:29
HS-001691,New,2026-02-17 07:09:34
HS-001691,SAL,2026-02-28 03:38:02
HS-001692,MQL,2025-09-17 01:25:08
HS-001692,New,2025-09-10 05:10:32
HS-001693,MQL,2025-11-24 07:27:08
HS-001693,New,2025-11-12 19:57:32
HS-001694,MQL,2026-03-01 17:26:34
HS-001694,New,2026-02-26 01:57:17
HS-001695,MQL,2025-11-17 14:07:59
HS-001695,New,2025-11-14 16:11:48
HS-001696,MQL,2026-01-05 23:08:27
HS-001696,New,2025-12-28 19:47:03
HS-001697,MQL,2026-01-30 08:54:53
HS-001697,New,2026-01-24 08:19:32
HS-001698,New,2025-10-30 21:04:44
HS-001699,New,2025-09-26 20:05:01
HS-001700,New,2025-09-01 05:10:23
HS-001701,MQL,2025-09-16 10:45:56
HS-001701,New,2025-09-09 18:24:13
HS-001702,New,2025-10-29 03:26:18
HS-001703,New,2025-11-28 20:26:51
HS-001704,New,2025-11-04 00:41:30
HS-001705,New,2026-02-25 03:22:46
HS-001706,MQL,2025-10-01 12:27:16
HS-001706,New,2025-09-23 00:40:15
HS-001706,SAL,2025-10-06 05:08:38
HS-001707,MQL,2025-11-15 03:54:49
HS-001707,New,2025-11-06 03:57:50
HS-001707,SAL,2025-11-19 06:26:34
HS-001708,New,2026-03-29 21:29:55
HS-001709,MQL,2026-03-07 02:12:21
HS-001709,New,2026-03-03 03:34:45
HS-001710,MQL,2026-03-22 04:03:19
HS-001710,New,2026-03-16 00:43:46
HS-001711,New,2025-11-14 14:42:28
HS-001712,New,2025-11-27 20:17:56
HS-001713,MQL,2026-01-15 17:00:54
HS-001713,New,2026-01-06 12:10:58
HS-001713,SAL,2026-01-17 21:45:05
HS-001714,MQL,2026-01-28 03:39:01
HS-001714,New,2026-01-14 06:04:57
HS-001714,SAL,2026-01-31 04:28:04
HS-001714,SQL,2026-02-03 12:13:44
HS-001715,MQL,2025-11-17 15:28:23
HS-001715,New,2025-11-07 11:56:00
HS-001716,New,2025-10-26 06:10:37
HS-001717,MQL,2025-09-25 15:25:05
HS-001717,New,2025-09-19 23:13:25
HS-001718,New,2026-03-29 09:12:17
HS-001719,New,2025-10-05 01:53:43
HS-001720,New,2025-09-13 10:25:31
HS-001721,MQL,2026-01-26 00:45:32
HS-001721,New,2026-01-19 20:51:48
HS-001722,MQL,2025-09-10 05:42:26
HS-001722,New,2025-09-06 18:36:31
HS-001722,SAL,2025-09-13 04:56:17
HS-001722,SQL,2025-09-22 08:57:12
HS-001723,MQL,2025-10-25 10:37:42
HS-001723,New,2025-10-20 20:27:07
HS-001724,New,2025-11-11 01:07:59
HS-001725,New,2025-12-22 19:08:31
HS-001726,MQL,2025-12-29 13:57:38
HS-001726,New,2025-12-23 15:01:24
HS-001726,Opportunity,2026-01-14 00:23:54
HS-001726,SAL,2026-01-02 04:53:23
HS-001726,SQL,2026-01-10 04:22:57
HS-001727,New,2025-10-26 15:05:06
HS-001728,MQL,2025-12-22 16:23:10
HS-001728,New,2025-12-16 23:01:25
HS-001728,Opportunity,2025-12-31 05:21:45
HS-001728,SAL,2025-12-25 05:59:17
HS-001728,SQL,2025-12-27 21:53:24
HS-001729,MQL,2026-02-18 22:05:48
HS-001729,New,2026-02-07 07:48:44
HS-001729,Opportunity,2026-03-30 12:36:00
HS-001729,SAL,2026-02-22 07:41:46
HS-001729,SQL,2026-03-04 05:03:12
HS-001730,New,2026-02-26 07:04:03
HS-001731,MQL,2025-09-27 05:32:57
HS-001731,New,2025-09-22 12:04:46
HS-001731,SAL,2025-09-29 15:06:59
HS-001732,New,2025-10-22 05:44:25
HS-001733,MQL,2025-10-05 12:49:32
HS-001733,New,2025-09-25 13:59:53
HS-001734,MQL,2025-12-03 11:35:06
HS-001734,New,2025-11-29 12:57:42
HS-001734,Opportunity,2025-12-13 18:45:19
HS-001734,SAL,2025-12-06 11:09:21
HS-001734,SQL,2025-12-08 14:16:34
HS-001735,MQL,2026-03-02 02:29:42
HS-001735,New,2026-02-15 16:50:53
HS-001735,SAL,2026-03-06 07:24:50
HS-001736,New,2025-12-27 10:07:02
HS-001737,New,2026-02-20 00:02:17
HS-001738,MQL,2025-11-13 09:51:15
HS-001738,New,2025-11-06 23:32:05
HS-001738,Opportunity,2025-11-27 15:59:44
HS-001738,SAL,2025-11-17 20:00:11
HS-001738,SQL,2025-11-19 07:27:10
HS-001739,MQL,2025-11-27 21:26:09
HS-001739,New,2025-11-08 18:26:53
HS-001740,New,2025-11-02 07:38:45
HS-001741,MQL,2026-03-24 01:53:54
HS-001741,New,2026-03-22 00:55:43
HS-001742,MQL,2026-01-13 21:21:47
HS-001742,New,2026-01-10 00:37:56
HS-001743,New,2026-01-20 04:21:56
HS-001744,MQL,2025-09-25 21:09:31
HS-001744,New,2025-09-19 22:23:38
HS-001745,New,2026-02-21 21:01:48
HS-001746,MQL,2025-10-24 08:20:38
HS-001746,New,2025-10-21 01:27:51
HS-001746,Opportunity,2025-11-07 08:17:57
HS-001746,SAL,2025-10-28 19:39:34
HS-001746,SQL,2025-11-02 03:48:34
HS-001747,New,2026-03-27 00:52:54
HS-001748,MQL,2026-01-11 02:57:57
HS-001748,New,2026-01-06 15:58:40
HS-001749,MQL,2026-01-03 07:40:51
HS-001749,New,2025-12-30 19:11:06
HS-001750,New,2026-01-16 04:51:15
HS-001751,MQL,2025-10-24 23:50:21
HS-001751,New,2025-10-16 16:24:51
HS-001752,New,2026-03-07 11:40:29
HS-001753,MQL,2026-03-27 08:49:47
HS-001753,New,2026-03-19 17:11:47
HS-001754,New,2025-09-23 18:14:23
HS-001755,MQL,2025-12-15 13:35:08
HS-001755,New,2025-12-12 16:11:50
HS-001756,New,2025-10-02 19:54:25
HS-001757,MQL,2025-11-02 14:10:53
HS-001757,New,2025-10-22 15:20:34
HS-001757,Opportunity,2025-11-19 02:28:15
HS-001757,SAL,2025-11-05 19:35:39
HS-001757,SQL,2025-11-15 14:06:00
HS-001758,MQL,2026-02-22 13:43:26
HS-001758,New,2026-02-13 17:09:42
HS-001758,Opportunity,2026-03-07 12:00:08
HS-001758,SAL,2026-02-26 15:33:07
HS-001758,SQL,2026-02-28 17:07:37
HS-001759,New,2025-10-28 06:45:13
HS-001760,New,2026-02-11 17:29:25
HS-001761,MQL,2025-11-11 03:01:32
HS-001761,New,2025-11-04 01:47:57
HS-001762,New,2025-10-12 12:59:14
HS-001763,MQL,2025-10-16 15:13:21
HS-001763,New,2025-10-11 14:05:26
HS-001764,New,2026-01-17 06:14:32
HS-001765,MQL,2026-01-19 00:05:56
HS-001765,New,2026-01-14 08:52:22
HS-001766,New,2025-09-22 04:31:32
HS-001767,MQL,2026-01-04 02:37:06
HS-001767,New,2025-12-27 21:59:38
HS-001767,Opportunity,2026-01-15 13:51:43
HS-001767,SAL,2026-01-08 11:42:04
HS-001767,SQL,2026-01-13 11:33:27
HS-001768,New,2025-10-11 13:17:12
HS-001769,New,2025-10-09 17:52:41
HS-001770,New,2025-09-28 16:37:53
HS-001771,New,2026-01-16 12:03:20
HS-001772,New,2025-10-31 15:18:56
HS-001773,MQL,2025-09-28 09:02:10
HS-001773,New,2025-09-21 20:16:19
HS-001773,Opportunity,2025-10-10 05:41:09
HS-001773,SAL,2025-09-30 09:28:15
HS-001773,SQL,2025-10-08 16:46:53
HS-001774,MQL,2025-09-29 06:35:48
HS-001774,New,2025-09-24 20:26:12
HS-001775,MQL,2025-10-24 04:48:21
HS-001775,New,2025-10-19 15:19:48
HS-001775,Opportunity,2025-11-13 07:12:13
HS-001775,SAL,2025-10-27 21:12:21
HS-001775,SQL,2025-11-03 22:23:58
HS-001776,New,2025-09-29 00:24:59
HS-001777,New,2025-12-24 08:01:16
HS-001778,New,2025-09-24 11:04:44
HS-001779,New,2026-03-30 20:25:06
HS-001780,MQL,2026-01-11 11:17:14
HS-001780,New,2026-01-02 11:27:18
HS-001780,Opportunity,2026-01-18 08:26:27
HS-001780,SAL,2026-01-14 15:26:21
HS-001780,SQL,2026-01-15 22:01:25
HS-001781,New,2026-02-25 19:36:27
HS-001782,MQL,2025-10-03 00:15:58
HS-001782,New,2025-09-27 15:40:11
HS-001782,SAL,2025-10-07 01:17:25
HS-001783,MQL,2026-03-05 20:53:37
HS-001783,New,2026-02-24 10:39:07
HS-001783,SAL,2026-03-08 07:55:57
HS-001784,New,2025-09-16 07:35:02
HS-001785,MQL,2026-01-05 12:49:11
HS-001785,New,2025-12-29 03:11:30
HS-001786,MQL,2026-01-22 08:40:23
HS-001786,New,2026-01-18 04:19:01
HS-001787,New,2026-02-04 17:15:39
HS-001788,MQL,2025-12-06 13:58:33
HS-001788,New,2025-11-27 22:42:14
HS-001788,SAL,2025-12-10 02:17:46
HS-001789,New,2025-09-28 08:15:20
HS-001790,New,2025-10-12 14:00:18
HS-001791,New,2025-12-08 10:23:13
HS-001792,New,2026-02-21 03:37:19
HS-001793,New,2025-12-02 22:15:19
HS-001794,New,2025-11-28 11:17:28
HS-001795,MQL,2026-02-08 19:22:11
HS-001795,New,2026-02-04 04:26:41
HS-001795,Opportunity,2026-02-16 18:11:58
HS-001795,SAL,2026-02-10 04:40:07
HS-001795,SQL,2026-02-13 10:47:26
HS-001796,MQL,2025-10-02 22:43:36
HS-001796,New,2025-09-26 16:55:13
HS-001796,SAL,2025-10-03 15:23:57
HS-001797,New,2025-09-22 12:45:35
HS-001798,MQL,2026-03-29 06:06:15
HS-001798,New,2026-03-18 04:02:36
HS-001799,MQL,2025-09-04 03:16:09
HS-001799,New,2025-08-28 08:31:25
HS-001800,MQL,2025-11-14 01:28:31
HS-001800,New,2025-11-06 09:20:24
HS-001800,SAL,2025-11-15 04:26:53
HS-001800,SQL,2025-11-17 10:28:00
HS-001801,New,2026-02-12 18:23:20
HS-001802,MQL,2026-03-24 11:48:05
HS-001802,New,2026-03-13 16:28:52
HS-001802,SAL,2026-03-29 04:03:10
HS-001803,MQL,2025-12-19 21:34:36
HS-001803,New,2025-12-01 14:06:17
HS-001803,Opportunity,2026-01-08 01:25:36
HS-001803,SAL,2025-12-22 20:27:28
HS-001803,SQL,2026-01-01 01:35:54
HS-001804,MQL,2026-03-27 04:55:40
HS-001804,New,2026-03-18 22:52:59
HS-001805,New,2025-11-15 10:48:58
HS-001806,New,2026-02-17 06:24:24
HS-001807,New,2026-03-01 16:48:09
HS-001808,New,2025-10-26 13:05:59
HS-001809,MQL,2025-11-21 16:05:39
HS-001809,New,2025-11-16 18:40:09
HS-001809,SAL,2025-11-24 01:42:08
HS-001810,MQL,2026-02-18 17:52:29
HS-001810,New,2026-02-09 00:54:45
HS-001811,MQL,2025-09-09 08:49:36
HS-001811,New,2025-09-02 14:03:12
HS-001811,SAL,2025-09-12 23:00:30
HS-001811,SQL,2025-09-22 20:08:00
HS-001812,New,2026-02-12 06:51:38
HS-001813,MQL,2025-10-17 09:43:25
HS-001813,New,2025-10-04 04:56:47
HS-001814,MQL,2025-10-11 08:23:28
HS-001814,New,2025-10-07 19:23:47
HS-001815,New,2026-02-03 08:36:13
HS-001816,New,2025-10-10 13:17:49
HS-001817,MQL,2025-11-29 17:16:33
HS-001817,New,2025-11-27 09:21:56
HS-001817,SAL,2025-12-03 20:19:16
HS-001818,New,2025-10-23 02:19:51
HS-001819,MQL,2026-03-12 22:09:15
HS-001819,New,2026-03-06 00:30:36
HS-001820,New,2025-09-24 09:34:28
HS-001821,New,2026-01-28 01:49:59
HS-001822,MQL,2025-09-09 14:29:11
HS-001822,New,2025-09-06 12:27:26
HS-001822,Opportunity,2025-09-18 15:49:18
HS-001822,SAL,2025-09-14 13:55:13
HS-001822,SQL,2025-09-16 17:08:00
HS-001823,New,2025-12-26 06:49:31
HS-001824,MQL,2025-11-17 23:52:48
HS-001824,New,2025-11-12 02:37:08
HS-001825,New,2025-10-17 07:52:00
HS-001826,MQL,2025-09-30 22:34:41
HS-001826,New,2025-09-25 23:00:23
HS-001826,Opportunity,2025-10-11 22:19:04
HS-001826,SAL,2025-10-01 17:11:40
HS-001826,SQL,2025-10-06 22:40:33
HS-001827,MQL,2026-02-27 23:35:16
HS-001827,New,2026-02-21 09:37:03
HS-001828,MQL,2025-09-29 05:01:15
HS-001828,New,2025-09-17 07:10:05
HS-001828,SAL,2025-10-01 23:13:28
HS-001829,New,2025-12-15 20:30:40
HS-001830,New,2025-11-03 23:51:52
HS-001831,New,2026-02-02 18:38:15
HS-001832,MQL,2026-02-13 22:38:58
HS-001832,New,2026-02-03 11:08:31
HS-001833,New,2025-10-22 13:30:56
HS-001834,MQL,2026-02-10 21:36:51
HS-001834,New,2026-01-24 08:09:54
HS-001835,MQL,2025-09-27 07:10:09
HS-001835,New,2025-09-18 18:51:26
HS-001835,Opportunity,2025-10-22 03:55:13
HS-001835,SAL,2025-10-03 20:34:46
HS-001835,SQL,2025-10-08 15:50:45
HS-001836,MQL,2025-10-24 08:08:42
HS-001836,New,2025-10-08 13:27:41
HS-001836,Opportunity,2025-11-09 05:16:58
HS-001836,SAL,2025-10-29 04:09:01
HS-001836,SQL,2025-11-03 08:13:40
HS-001837,MQL,2026-03-01 10:13:18
HS-001837,New,2026-02-21 23:37:35
HS-001837,Opportunity,2026-03-17 07:18:35
HS-001837,SAL,2026-03-04 05:06:20
HS-001837,SQL,2026-03-12 02:57:09
HS-001838,MQL,2025-10-18 23:37:14
HS-001838,New,2025-10-10 20:45:11
HS-001839,MQL,2026-02-17 14:56:52
HS-001839,New,2026-02-11 12:19:44
HS-001839,SAL,2026-02-20 05:01:55
HS-001840,MQL,2026-02-09 12:32:58
HS-001840,New,2026-02-05 16:21:00
HS-001840,SAL,2026-02-12 20:04:02
HS-001841,New,2025-12-10 10:06:06
HS-001842,New,2025-10-10 22:26:07
HS-001843,New,2025-10-19 22:54:46
HS-001844,MQL,2026-02-21 11:47:56
HS-001844,New,2026-02-14 20:38:54
HS-001844,SAL,2026-03-04 17:34:29
HS-001845,MQL,2025-11-30 17:24:47
HS-001845,New,2025-11-25 18:25:59
HS-001845,SAL,2025-12-03 14:47:36
HS-001846,MQL,2025-10-02 15:54:25
HS-001846,New,2025-09-22 16:39:56
HS-001846,Opportunity,2025-10-19 10:17:36
HS-001846,SAL,2025-10-04 14:02:48
HS-001846,SQL,2025-10-13 04:37:25
HS-001847,New,2026-03-01 23:14:43
HS-001848,New,2025-11-04 18:58:09
HS-001849,New,2025-09-20 10:36:43
HS-001850,MQL,2026-03-03 01:30:35
HS-001850,New,2026-02-23 23:57:16
HS-001851,MQL,2025-09-03 22:01:03
HS-001851,New,2025-08-22 11:16:26
HS-001852,New,2025-12-10 15:41:32
HS-001853,New,2025-09-10 20:59:25
HS-001854,New,2025-12-20 12:05:20
HS-001855,New,2025-09-17 15:53:06
HS-001856,MQL,2026-03-03 12:15:07
HS-001856,New,2026-02-28 00:59:34
HS-001856,SAL,2026-03-07 22:13:38
HS-001857,MQL,2025-11-14 12:58:08
HS-001857,New,2025-11-04 18:43:09
HS-001857,Opportunity,2025-11-30 12:21:27
HS-001857,SAL,2025-11-16 22:38:10
HS-001857,SQL,2025-11-21 04:32:41
HS-001858,New,2026-03-15 03:23:48
HS-001859,New,2025-12-31 16:49:40
HS-001860,New,2025-11-05 23:48:59
HS-001861,New,2026-03-12 22:31:16
HS-001862,MQL,2025-09-21 00:20:26
HS-001862,New,2025-09-15 20:42:57
HS-001862,Opportunity,2025-09-28 12:45:51
HS-001862,SAL,2025-09-23 23:24:43
HS-001862,SQL,2025-09-25 15:11:38
HS-001863,New,2025-10-11 11:58:34
HS-001864,MQL,2025-09-23 12:01:36
HS-001864,New,2025-09-19 13:52:24
HS-001865,New,2026-03-23 16:21:45
HS-001866,New,2025-09-01 11:54:15
HS-001867,New,2025-12-16 08:46:28
HS-001868,MQL,2025-10-14 05:00:41
HS-001868,New,2025-10-07 23:05:21
HS-001868,SAL,2025-10-17 04:43:44
HS-001869,New,2025-09-10 02:10:44
HS-001870,New,2025-11-07 11:07:04
HS-001871,MQL,2025-09-04 12:30:58
HS-001871,New,2025-08-26 12:11:47
HS-001871,Opportunity,2025-09-17 00:23:47
HS-001871,SAL,2025-09-06 12:37:15
HS-001871,SQL,2025-09-10 05:30:01
HS-001872,MQL,2025-12-08 06:05:40
HS-001872,New,2025-12-05 15:44:59
HS-001872,SAL,2025-12-10 18:57:31
HS-001873,MQL,2026-02-23 16:45:19
HS-001873,New,2026-02-14 15:50:12
HS-001873,SAL,2026-02-26 15:01:42
HS-001874,MQL,2026-03-09 07:00:21
HS-001874,New,2026-03-03 00:04:41
HS-001874,SAL,2026-03-12 02:25:15
HS-001874,SQL,2026-03-15 22:11:02
HS-001875,MQL,2026-01-04 23:10:22
HS-001875,New,2025-12-27 13:37:51
HS-001876,New,2025-09-15 22:24:39
HS-001877,New,2025-09-16 14:56:23
HS-001878,MQL,2026-01-21 04:58:30
HS-001878,New,2026-01-09 09:48:03
HS-001878,SAL,2026-01-22 18:37:04
HS-001879,New,2026-01-15 14:51:19
HS-001880,New,2025-12-09 22:36:35
HS-001881,MQL,2025-12-18 12:12:08
HS-001881,New,2025-12-12 07:14:03
HS-001882,New,2026-03-05 09:20:08
HS-001883,New,2026-03-21 08:20:04
HS-001884,MQL,2026-01-13 00:09:34
HS-001884,New,2026-01-05 16:01:08
HS-001884,Opportunity,2026-01-24 02:27:04
HS-001884,SAL,2026-01-16 13:26:17
HS-001884,SQL,2026-01-21 00:06:33
HS-001885,MQL,2025-09-11 01:48:47
HS-001885,New,2025-09-05 12:21:30
HS-001885,Opportunity,2025-09-23 00:09:33
HS-001885,SAL,2025-09-13 12:48:26
HS-001885,SQL,2025-09-17 03:47:31
HS-001886,New,2025-12-20 12:50:09
HS-001887,MQL,2026-02-09 03:59:38
HS-001887,New,2026-01-29 09:06:39
HS-001888,MQL,2025-12-03 21:09:46
HS-001888,New,2025-11-30 02:45:14
HS-001888,Opportunity,2025-12-15 08:43:20
HS-001888,SAL,2025-12-06 19:40:07
HS-001888,SQL,2025-12-09 02:54:40
HS-001889,MQL,2025-12-01 10:26:03
HS-001889,New,2025-11-24 08:55:34
HS-001890,MQL,2025-12-24 12:31:08
HS-001890,New,2025-12-20 14:38:03
HS-001891,New,2025-10-18 10:00:58
HS-001892,New,2026-03-26 04:42:23
HS-001893,MQL,2025-12-27 11:10:28
HS-001893,New,2025-12-24 09:12:54
HS-001893,SAL,2025-12-30 20:26:09
HS-001894,MQL,2025-10-29 21:56:02
HS-001894,New,2025-10-26 01:01:19
HS-001895,New,2026-02-12 20:11:41
HS-001896,MQL,2026-01-24 18:14:15
HS-001896,New,2026-01-13 09:53:19
HS-001897,MQL,2025-09-05 06:58:46
HS-001897,New,2025-08-31 17:25:39
HS-001897,SAL,2025-09-06 04:30:06
HS-001897,SQL,2025-09-09 01:43:24
HS-001898,New,2026-03-23 08:22:18
HS-001899,New,2025-11-06 05:36:12
HS-001900,New,2025-09-22 00:54:10
HS-001901,MQL,2025-12-03 13:37:01
HS-001901,New,2025-11-26 20:56:18
HS-001901,Opportunity,2025-12-29 14:09:07
HS-001901,SAL,2025-12-06 20:34:53
HS-001901,SQL,2025-12-21 04:08:12
HS-001902,MQL,2025-10-17 20:12:02
HS-001902,New,2025-10-13 06:59:11
HS-001902,SAL,2025-10-21 14:50:56
HS-001903,MQL,2025-10-21 02:21:06
HS-001903,New,2025-09-30 00:48:59
HS-001904,MQL,2025-09-20 14:15:42
HS-001904,New,2025-09-07 08:50:40
HS-001905,MQL,2025-10-09 00:27:06
HS-001905,New,2025-09-30 23:10:47
HS-001905,SAL,2025-10-14 17:53:27
HS-001906,MQL,2026-02-03 16:12:19
HS-001906,New,2026-01-31 08:51:50
HS-001906,SAL,2026-02-05 17:57:33
HS-001907,MQL,2026-02-13 06:29:48
HS-001907,New,2026-02-01 00:09:53
HS-001907,Opportunity,2026-02-23 04:33:56
HS-001907,SAL,2026-02-17 00:40:08
HS-001907,SQL,2026-02-18 20:03:17
HS-001908,New,2026-01-03 21:03:29
HS-001909,MQL,2025-10-09 16:01:10
HS-001909,New,2025-10-06 10:45:58
HS-001910,New,2026-02-08 20:08:18
HS-001911,New,2025-12-24 11:22:29
HS-001912,New,2026-03-15 02:29:34
HS-001913,New,2026-02-05 03:40:32
HS-001914,New,2026-03-08 21:16:17
HS-001915,New,2026-02-23 05:37:14
HS-001916,MQL,2026-01-21 04:46:40
HS-001916,New,2026-01-15 15:58:46
HS-001917,MQL,2026-02-13 21:17:24
HS-001917,New,2026-02-06 02:25:48
HS-001917,Opportunity,2026-02-26 21:03:02
HS-001917,SAL,2026-02-18 06:55:39
HS-001917,SQL,2026-02-21 23:33:58
HS-001918,New,2025-12-26 17:12:48
HS-001919,MQL,2025-11-09 02:25:45
HS-001919,New,2025-11-01 21:37:41
HS-001919,SAL,2025-11-12 08:59:29
HS-001920,New,2026-02-19 18:02:02
HS-001921,New,2025-11-01 15:42:02
HS-001922,New,2025-12-23 02:31:13
HS-001923,New,2025-11-02 08:57:12
HS-001924,MQL,2025-09-01 00:59:44
HS-001924,New,2025-08-26 00:34:45
HS-001925,MQL,2026-01-05 08:29:29
HS-001925,New,2026-01-01 21:19:31
HS-001926,MQL,2025-12-27 08:38:12
HS-001926,New,2025-12-19 18:34:04
HS-001927,New,2026-02-11 11:38:39
HS-001928,MQL,2026-01-12 22:43:55
HS-001928,New,2026-01-01 05:14:07
HS-001929,MQL,2026-01-31 04:07:22
HS-001929,New,2026-01-23 03:49:31
HS-001930,New,2025-10-14 20:53:07
HS-001931,New,2026-02-18 23:20:49
HS-001932,New,2025-11-20 12:27:02
HS-001933,MQL,2026-03-05 16:45:16
HS-001933,New,2026-02-07 13:47:11
HS-001933,SAL,2026-03-12 07:15:18
HS-001933,SQL,2026-03-24 09:05:45
HS-001934,New,2025-10-24 14:03:59
HS-001935,New,2026-01-13 15:17:44
HS-001936,New,2025-10-10 06:02:53
HS-001937,MQL,2025-12-02 05:14:02
HS-001937,New,2025-11-27 22:15:50
HS-001937,SAL,2025-12-03 13:23:09
HS-001938,New,2025-12-27 03:44:21
HS-001939,MQL,2025-09-07 22:57:43
HS-001939,New,2025-08-22 05:09:09
HS-001939,Opportunity,2025-09-15 17:57:42
HS-001939,SAL,2025-09-10 03:42:45
HS-001939,SQL,2025-09-14 02:33:07
HS-001940,New,2025-10-09 13:38:05
HS-001941,MQL,2025-12-31 06:03:48
HS-001941,New,2025-12-17 02:08:50
HS-001942,MQL,2025-10-27 15:54:48
HS-001942,New,2025-10-15 23:18:20
HS-001943,MQL,2025-12-15 13:48:52
HS-001943,New,2025-11-22 04:45:23
HS-001944,MQL,2026-01-08 11:26:06
HS-001944,New,2026-01-01 08:30:00
HS-001944,SAL,2026-01-12 04:11:01
HS-001944,SQL,2026-01-14 00:15:27
HS-001945,MQL,2026-01-21 13:55:11
HS-001945,New,2026-01-17 06:14:40
HS-001946,MQL,2026-02-06 15:38:46
HS-001946,New,2026-01-25 21:35:51
HS-001946,SAL,2026-02-11 02:30:20
HS-001947,New,2026-03-09 11:09:28
HS-001948,New,2026-02-12 11:51:43
HS-001949,MQL,2025-12-26 20:35:50
HS-001949,New,2025-12-22 03:19:48
HS-001950,New,2025-10-12 04:55:02
HS-001951,MQL,2025-12-28 19:27:50
HS-001951,New,2025-12-22 10:08:56
HS-001952,New,2025-10-28 05:06:18
HS-001953,New,2026-01-24 04:43:44
HS-001954,MQL,2026-01-21 18:58:17
HS-001954,New,2026-01-18 21:25:33
HS-001955,New,2026-03-02 04:59:37
HS-001956,MQL,2025-09-29 07:33:56
HS-001956,New,2025-09-26 12:07:04
HS-001957,New,2025-12-10 07:14:27
HS-001958,MQL,2026-01-21 23:11:52
HS-001958,New,2026-01-16 02:53:10
HS-001959,MQL,2026-02-22 00:39:01
HS-001959,New,2026-02-18 22:39:18
HS-001959,Opportunity,2026-03-05 12:56:31
HS-001959,SAL,2026-02-23 20:59:48
HS-001959,SQL,2026-02-26 17:43:28
HS-001960,New,2025-12-18 08:40:22
HS-001961,MQL,2026-02-11 01:35:42
HS-001961,New,2026-01-25 12:57:47
HS-001961,Opportunity,2026-02-26 22:45:01
HS-001961,SAL,2026-02-13 11:31:01
HS-001961,SQL,2026-02-16 16:09:50
HS-001962,New,2025-10-23 23:57:40
HS-001963,MQL,2025-10-13 07:18:10
HS-001963,New,2025-10-07 10:31:08
HS-001963,Opportunity,2025-10-27 02:08:12
HS-001963,SAL,2025-10-17 17:09:15
HS-001963,SQL,2025-10-21 23:41:42
HS-001964,New,2026-02-25 13:33:27
HS-001965,New,2025-09-08 04:06:19
HS-001966,New,2025-09-28 00:00:03
HS-001967,New,2026-02-21 02:03:46
HS-001968,MQL,2026-02-09 12:19:38
HS-001968,New,2026-02-04 19:45:36
HS-001969,New,2025-12-02 17:51:51
HS-001970,New,2026-03-08 12:02:42
HS-001971,New,2025-11-19 13:36:43
HS-001972,MQL,2025-09-26 20:38:11
HS-001972,New,2025-09-16 17:55:56
HS-001973,New,2026-03-29 16:31:52
HS-001974,MQL,2026-01-13 16:27:45
HS-001974,New,2026-01-08 20:03:41
HS-001975,MQL,2025-10-09 02:19:27
HS-001975,New,2025-10-02 16:25:46
HS-001976,MQL,2026-03-24 22:32:04
HS-001976,New,2026-03-13 19:28:30
HS-001976,SAL,2026-03-29 19:26:05
HS-001977,New,2025-10-15 03:07:34
HS-001978,New,2026-01-15 21:15:09
HS-001979,MQL,2026-01-10 00:13:31
HS-001979,New,2025-12-29 13:13:47
HS-001980,New,2026-02-22 15:35:55
HS-001981,New,2025-11-11 02:19:58
HS-001982,New,2025-09-07 18:42:55
HS-001983,MQL,2025-09-13 16:15:06
HS-001983,New,2025-09-08 18:08:27
HS-001984,New,2025-09-23 12:14:13
HS-001985,MQL,2026-03-29 09:17:04
HS-001985,New,2026-03-25 00:13:20
HS-001986,MQL,2026-03-17 19:16:20
HS-001986,New,2026-03-11 18:11:29
HS-001986,Opportunity,2026-03-27 00:05:14
HS-001986,SAL,2026-03-21 05:13:34
HS-001986,SQL,2026-03-24 03:07:28
HS-001987,MQL,2025-09-07 23:19:08
HS-001987,New,2025-08-20 09:31:32
HS-001988,New,2026-03-04 21:56:13
HS-001989,MQL,2025-12-04 12:02:25
HS-001989,New,2025-11-25 13:08:32
HS-001990,New,2025-09-22 08:37:10
HS-001991,New,2025-10-07 08:10:48
HS-001992,MQL,2025-09-01 21:39:42
HS-001992,New,2025-08-21 10:14:29
HS-001993,MQL,2025-09-03 13:06:42
HS-001993,New,2025-08-27 20:20:58
HS-001993,Opportunity,2025-09-11 20:23:47
HS-001993,SAL,2025-09-04 19:16:31
HS-001993,SQL,2025-09-07 14:52:27
HS-001994,New,2025-10-22 19:06:14
HS-001995,MQL,2026-03-12 03:57:40
HS-001995,New,2026-02-28 09:40:32
HS-001995,SAL,2026-03-13 23:05:40
HS-001996,New,2025-09-01 13:54:25
HS-001997,MQL,2026-03-26 19:02:25
HS-001997,New,2026-03-17 13:30:10
HS-001998,MQL,2025-11-15 00:11:10
HS-001998,New,2025-11-11 07:38:38
HS-001998,Opportunity,2025-11-29 09:24:31
HS-001998,SAL,2025-11-22 13:08:01
HS-001998,SQL,2025-11-23 13:36:03
HS-001999,New,2025-09-25 00:52:49
HS-002000,New,2025-11-20 05:10:19
HS-002001,MQL,2025-12-31 08:42:46
HS-002001,New,2025-12-28 19:31:01
HS-002002,MQL,2025-11-27 23:31:03
HS-002002,New,2025-11-17 06:08:20
HS-002003,MQL,2026-02-02 17:04:06
HS-002003,New,2026-01-31 03:14:17
HS-002003,Opportunity,2026-02-09 07:17:33
HS-002003,SAL,2026-02-03 19:48:46
HS-002003,SQL,2026-02-06 04:01:49
HS-002004,MQL,2026-02-12 01:20:48
HS-002004,New,2026-02-08 21:24:44
HS-002004,SAL,2026-02-13 16:46:05
HS-002004,SQL,2026-02-18 15:43:53
HS-002005,New,2025-11-14 07:09:54
HS-002006,New,2026-02-20 14:13:39
HS-002007,New,2025-11-07 10:36:12
HS-002008,MQL,2025-09-30 10:12:44
HS-002008,New,2025-09-19 18:17:21
HS-002009,MQL,2025-11-16 16:20:19
HS-002009,New,2025-11-13 04:13:27
HS-002010,MQL,2025-12-24 07:11:37
HS-002010,New,2025-12-18 21:14:25
HS-002010,Opportunity,2026-01-06 13:49:07
HS-002010,SAL,2025-12-28 21:24:36
HS-002010,SQL,2025-12-31 19:35:37
HS-002011,New,2026-01-17 10:30:23
HS-002012,New,2026-03-02 16:27:53
HS-002013,New,2026-03-10 01:33:48
HS-002014,New,2026-03-07 04:12:15
HS-002015,MQL,2026-02-20 22:07:06
HS-002015,New,2026-02-11 03:51:23
HS-002015,SAL,2026-02-23 12:24:02
HS-002016,MQL,2025-12-28 06:00:32
HS-002016,New,2025-12-08 16:51:11
HS-002016,Opportunity,2026-02-03 08:52:22
HS-002016,SAL,2025-12-30 12:45:08
HS-002016,SQL,2026-01-18 00:13:35
HS-002017,MQL,2026-01-24 15:43:17
HS-002017,New,2026-01-19 06:41:00
HS-002018,MQL,2026-01-03 10:13:29
HS-002018,New,2025-12-27 07:03:08
HS-002018,SAL,2026-01-04 16:37:48
HS-002019,New,2026-02-22 22:48:15
HS-002020,MQL,2026-03-25 23:02:54
HS-002020,New,2026-03-14 20:21:13
HS-002020,SAL,2026-03-28 20:05:43
HS-002020,SQL,2026-03-30 17:15:44
HS-002021,MQL,2026-02-23 07:13:31
HS-002021,New,2026-02-15 14:19:59
HS-002021,SAL,2026-02-28 18:46:03
HS-002022,New,2025-11-04 11:38:53
HS-002023,New,2025-12-01 08:23:16
HS-002024,MQL,2025-10-01 11:07:07
HS-002024,New,2025-09-14 03:33:10
HS-002025,New,2025-11-09 16:21:24
HS-002026,MQL,2026-01-18 06:58:02
HS-002026,New,2026-01-11 20:43:54
HS-002027,New,2026-01-08 18:06:19
HS-002028,New,2025-10-02 23:02:23
HS-002029,New,2026-01-07 12:55:07
HS-002030,New,2026-01-29 16:51:36
HS-002031,New,2026-02-13 02:42:32
HS-002032,MQL,2026-03-23 00:44:38
HS-002032,New,2026-03-16 10:16:59
HS-002032,SAL,2026-03-26 12:44:26
HS-002033,New,2025-09-05 17:49:03
HS-002034,MQL,2026-01-04 22:35:08
HS-002034,New,2025-12-25 13:24:28
HS-002034,Opportunity,2026-01-25 18:06:02
HS-002034,SAL,2026-01-09 00:27:56
HS-002034,SQL,2026-01-14 04:31:51
HS-002035,MQL,2026-02-01 10:44:14
HS-002035,New,2026-01-27 07:23:20
HS-002036,New,2025-12-31 16:38:50
HS-002037,New,2025-10-28 10:04:01
HS-002038,New,2025-12-16 09:04:53
HS-002039,New,2025-09-22 07:29:38
HS-002040,New,2026-01-05 03:53:34
HS-002041,New,2025-10-06 17:18:25
HS-002042,New,2026-02-01 03:43:07
HS-002043,MQL,2026-02-19 13:24:50
HS-002043,New,2026-02-10 16:58:37
HS-002044,New,2025-11-29 16:13:55
HS-002045,New,2026-02-22 07:00:24
HS-002046,MQL,2026-01-29 14:52:58
HS-002046,New,2026-01-23 05:06:20
HS-002046,Opportunity,2026-02-19 08:18:28
HS-002046,SAL,2026-01-31 08:45:13
HS-002046,SQL,2026-02-10 16:24:02
HS-002047,New,2025-11-10 10:24:47
HS-002048,MQL,2025-12-28 00:32:57
HS-002048,New,2025-12-18 08:45:05
HS-002049,MQL,2026-01-22 13:29:54
HS-002049,New,2026-01-10 09:53:33
HS-002049,Opportunity,2026-02-17 09:24:40
HS-002049,SAL,2026-01-25 08:33:10
HS-002049,SQL,2026-01-30 21:53:31
HS-002050,New,2025-12-07 21:13:51
HS-002051,MQL,2025-12-30 12:48:38
HS-002051,New,2025-12-08 19:06:08
HS-002051,SAL,2026-01-06 08:35:05
HS-002052,MQL,2025-12-07 23:55:53
HS-002052,New,2025-11-30 14:10:40
HS-002053,MQL,2025-09-15 05:56:02
HS-002053,New,2025-08-29 18:55:56
HS-002054,New,2026-02-02 05:24:37
HS-002055,MQL,2025-09-08 01:26:55
HS-002055,New,2025-08-31 21:18:50
HS-002055,SAL,2025-09-11 19:40:59
HS-002055,SQL,2025-09-15 08:14:10
HS-002056,New,2025-10-23 23:07:41
HS-002057,MQL,2025-12-17 10:10:58
HS-002057,New,2025-12-09 11:57:52
HS-002058,MQL,2025-11-24 03:06:37
HS-002058,New,2025-11-10 22:00:48
HS-002058,SAL,2025-11-28 06:42:00
HS-002059,New,2026-01-18 07:04:43
HS-002060,New,2025-12-08 01:01:06
HS-002061,New,2025-09-17 08:59:56
HS-002062,New,2026-01-30 16:40:05
HS-002063,MQL,2025-09-06 08:35:10
HS-002063,New,2025-09-01 10:53:04
HS-002064,MQL,2025-10-06 21:47:07
HS-002064,New,2025-10-01 20:56:16
HS-002065,MQL,2025-10-05 10:26:37
HS-002065,New,2025-10-02 08:38:51
HS-002066,MQL,2025-12-31 14:13:26
HS-002066,New,2025-12-25 23:19:15
HS-002067,New,2026-02-22 16:08:50
HS-002068,MQL,2026-01-13 23:26:18
HS-002068,New,2026-01-03 23:21:33
HS-002068,SAL,2026-01-17 22:31:15
HS-002069,MQL,2026-03-03 03:07:54
HS-002069,New,2026-02-23 04:23:17
HS-002070,New,2026-03-10 18:29:33
HS-002071,New,2026-01-19 13:57:58
HS-002072,New,2025-11-11 11:07:52
HS-002073,MQL,2026-02-01 08:31:38
HS-002073,New,2026-01-17 20:27:00
HS-002074,New,2025-10-31 10:34:38
HS-002075,New,2025-09-21 01:38:59
HS-002076,MQL,2026-01-14 04:11:42
HS-002076,New,2026-01-08 01:15:17
HS-002076,Opportunity,2026-01-22 21:11:18
HS-002076,SAL,2026-01-16 14:22:10
HS-002076,SQL,2026-01-18 23:56:03
HS-002077,MQL,2026-02-14 18:33:14
HS-002077,New,2026-02-07 22:12:03
HS-002078,MQL,2026-02-16 09:26:12
HS-002078,New,2026-02-07 20:24:08
HS-002079,MQL,2026-03-27 07:33:22
HS-002079,New,2026-03-23 10:46:07
HS-002080,New,2026-03-10 01:05:07
HS-002081,New,2025-10-11 23:02:56
HS-002082,MQL,2026-02-01 09:00:51
HS-002082,New,2026-01-28 18:28:09
HS-002083,New,2025-09-05 03:51:38
HS-002084,MQL,2026-03-29 08:16:06
HS-002084,New,2026-03-26 04:18:37
HS-002084,SAL,2026-03-30 13:09:12
HS-002085,New,2026-02-24 04:33:15
HS-002086,MQL,2026-03-04 23:48:37
HS-002086,New,2026-02-21 15:50:25
HS-002086,Opportunity,2026-03-14 10:10:54
HS-002086,SAL,2026-03-05 22:41:46
HS-002086,SQL,2026-03-07 22:09:11
HS-002087,New,2026-03-15 09:43:12
HS-002088,MQL,2025-10-28 09:48:11
HS-002088,New,2025-10-13 08:58:18
HS-002088,SAL,2025-11-01 03:45:52
HS-002089,New,2025-09-24 14:58:48
HS-002090,New,2025-09-22 17:05:45
HS-002091,MQL,2025-09-27 22:00:56
HS-002091,New,2025-09-23 04:09:11
HS-002091,SAL,2025-10-03 09:49:09
HS-002092,MQL,2026-01-15 23:00:36
HS-002092,New,2025-12-28 14:59:48
HS-002093,MQL,2026-01-31 15:07:15
HS-002093,New,2026-01-19 20:55:26
HS-002093,SAL,2026-02-04 16:46:14
HS-002094,New,2025-09-06 20:36:38
HS-002095,MQL,2025-09-19 04:07:09
HS-002095,New,2025-09-09 03:06:16
HS-002096,New,2026-03-30 16:36:02
HS-002097,MQL,2025-12-17 22:15:53
HS-002097,New,2025-12-08 11:33:13
HS-002098,MQL,2025-11-15 21:49:59
HS-002098,New,2025-11-09 12:55:52
HS-002099,MQL,2026-01-27 17:31:17
HS-002099,New,2026-01-21 21:58:18
HS-002100,New,2026-01-06 22:03:16
HS-002101,MQL,2026-03-06 05:36:00
HS-002101,New,2026-03-01 11:47:01
HS-002101,Opportunity,2026-03-17 08:23:02
HS-002101,SAL,2026-03-10 02:44:51
HS-002101,SQL,2026-03-11 14:00:16
HS-002102,New,2026-02-11 01:12:27
HS-002103,New,2025-11-30 20:23:57
HS-002104,New,2026-01-11 11:41:28
HS-002105,MQL,2025-09-03 07:07:58
HS-002105,New,2025-08-31 22:32:38
HS-002105,SAL,2025-09-06 12:23:17
HS-002106,MQL,2026-03-04 12:54:58
HS-002106,New,2026-02-27 23:06:19
HS-002106,SAL,2026-03-06 03:00:24
HS-002107,MQL,2025-10-24 10:11:40
HS-002107,New,2025-10-18 08:23:34
HS-002108,MQL,2025-12-30 07:05:39
HS-002108,New,2025-12-12 18:37:39
HS-002108,Opportunity,2026-02-01 02:49:53
HS-002108,SAL,2026-01-02 05:45:38
HS-002108,SQL,2026-01-21 09:25:19
HS-002109,New,2025-12-19 01:53:02
HS-002110,New,2025-11-14 12:02:52
HS-002111,New,2026-03-20 05:56:29
HS-002112,MQL,2026-01-31 14:53:58
HS-002112,New,2026-01-23 09:49:40
HS-002113,New,2025-10-16 04:19:44
HS-002114,New,2026-02-18 16:12:14
HS-002115,New,2026-01-25 03:37:55
HS-002116,New,2025-11-21 23:30:29
HS-002117,New,2025-09-10 00:14:23
HS-002118,MQL,2026-02-01 02:59:29
HS-002118,New,2026-01-18 20:20:49
HS-002119,New,2026-02-19 16:21:23
HS-002120,MQL,2025-10-17 00:27:15
HS-002120,New,2025-10-08 15:46:51
HS-002120,Opportunity,2025-11-19 13:47:08
HS-002120,SAL,2025-10-21 05:14:26
HS-002120,SQL,2025-10-30 12:18:46
HS-002121,New,2025-10-29 07:50:02
HS-002122,New,2026-02-04 21:17:53
HS-002123,MQL,2025-11-04 09:20:24
HS-002123,New,2025-10-27 19:50:02
HS-002123,Opportunity,2025-11-15 02:11:26
HS-002123,SAL,2025-11-07 00:40:21
HS-002123,SQL,2025-11-11 22:33:56
HS-002124,New,2026-03-04 19:42:52
HS-002125,MQL,2025-10-25 16:27:33
HS-002125,New,2025-10-23 09:29:49
HS-002126,New,2026-02-23 18:47:41
HS-002127,MQL,2025-11-25 07:59:20
HS-002127,New,2025-11-18 08:41:33
HS-002127,SAL,2025-11-27 16:19:01
HS-002128,New,2026-01-13 05:45:43
HS-002129,MQL,2026-01-20 08:19:09
HS-002129,New,2026-01-13 18:15:33
HS-002130,New,2025-09-14 08:29:26
HS-002131,MQL,2025-10-27 03:16:53
HS-002131,New,2025-10-24 18:39:41
HS-002132,New,2025-11-26 00:12:10
HS-002133,MQL,2026-01-13 05:32:17
HS-002133,New,2026-01-10 20:01:58
HS-002133,Opportunity,2026-02-13 19:02:04
HS-002133,SAL,2026-01-18 03:53:15
HS-002133,SQL,2026-01-23 08:04:03
HS-002134,MQL,2025-10-21 23:01:20
HS-002134,New,2025-10-08 11:19:18
HS-002135,New,2026-03-08 20:06:08
HS-002136,New,2026-01-28 03:44:52
HS-002137,New,2025-12-10 12:36:49
HS-002138,New,2025-09-23 08:57:25
HS-002139,New,2025-12-18 23:40:18
HS-002140,New,2025-09-02 04:18:31
HS-002141,New,2025-09-25 16:31:25
HS-002142,MQL,2026-01-17 04:42:07
HS-002142,New,2026-01-08 20:59:03
HS-002143,New,2026-03-13 20:49:05
HS-002144,MQL,2025-09-15 22:52:00
HS-002144,New,2025-09-08 04:39:28
HS-002145,New,2025-09-14 19:36:51
HS-002146,New,2025-10-20 09:51:20
HS-002147,New,2026-02-11 01:42:27
HS-002148,New,2026-01-13 16:36:26
HS-002149,MQL,2026-01-16 03:08:17
HS-002149,New,2026-01-11 20:21:21
HS-002149,SAL,2026-01-21 00:50:40
HS-002150,New,2026-02-25 19:22:34
HS-002151,MQL,2025-12-01 21:42:07
HS-002151,New,2025-11-22 02:28:39
HS-002151,SAL,2025-12-03 05:30:38
HS-002152,New,2026-01-27 10:02:16
HS-002153,New,2026-01-12 17:59:05
HS-002154,New,2026-03-10 03:04:19
HS-002155,MQL,2026-01-18 01:05:58
HS-002155,New,2026-01-14 17:31:34
HS-002155,Opportunity,2026-02-08 07:26:42
HS-002155,SAL,2026-01-19 11:52:28
HS-002155,SQL,2026-01-22 01:56:19
HS-002156,New,2026-01-05 11:04:54
HS-002157,New,2025-12-02 23:13:13
HS-002158,New,2025-09-30 15:36:57
HS-002159,MQL,2026-02-22 20:38:37
HS-002159,New,2026-02-14 17:09:21
HS-002160,New,2025-12-04 13:12:16
HS-002161,New,2025-09-09 12:56:35
HS-002162,New,2026-01-12 12:30:36
HS-002163,New,2026-03-13 04:40:33
HS-002164,MQL,2025-11-09 09:37:08
HS-002164,New,2025-11-02 15:15:32
HS-002164,SAL,2025-11-10 20:01:15
HS-002165,MQL,2025-09-26 00:51:00
HS-002165,New,2025-09-19 17:09:52
HS-002165,SAL,2025-09-29 17:40:15
HS-002166,MQL,2025-09-07 00:13:55
HS-002166,New,2025-08-28 16:47:48
HS-002166,SAL,2025-09-10 09:31:39
HS-002167,New,2025-11-04 14:50:54
HS-002168,MQL,2025-10-22 09:48:05
HS-002168,New,2025-10-16 18:47:08
HS-002169,MQL,2026-01-12 21:32:16
HS-002169,New,2026-01-02 17:07:12
HS-002169,SAL,2026-01-21 12:00:40
HS-002170,New,2026-01-01 12:45:44
HS-002171,MQL,2026-01-11 14:58:34
HS-002171,New,2026-01-05 02:57:55
HS-002171,SAL,2026-01-13 20:58:03
HS-002172,MQL,2025-10-03 21:04:01
HS-002172,New,2025-09-25 19:16:41
HS-002172,Opportunity,2025-10-15 16:41:48
HS-002172,SAL,2025-10-05 18:53:35
HS-002172,SQL,2025-10-06 17:02:57
HS-002173,New,2026-02-16 07:24:01
HS-002174,MQL,2026-01-10 11:30:55
HS-002174,New,2026-01-04 16:47:45
HS-002175,New,2026-03-13 11:14:25
HS-002176,New,2026-01-19 07:50:32
HS-002177,MQL,2025-11-02 18:33:25
HS-002177,New,2025-10-27 09:33:54
HS-002178,New,2026-01-23 15:01:28
HS-002179,New,2026-03-14 20:45:54
HS-002180,MQL,2025-12-23 11:42:57
HS-002180,New,2025-12-18 15:27:57
HS-002181,New,2025-10-07 20:09:19
HS-002182,New,2025-09-01 23:27:29
HS-002183,New,2026-03-06 01:10:19
HS-002184,MQL,2025-11-08 21:53:06
HS-002184,New,2025-11-02 02:56:12
HS-002185,New,2025-10-18 16:49:02
HS-002186,New,2025-11-21 17:46:32
HS-002187,New,2026-01-02 13:19:50
HS-002188,MQL,2025-10-12 09:12:42
HS-002188,New,2025-10-03 20:16:27
HS-002188,SAL,2025-10-15 15:04:16
HS-002189,MQL,2025-09-04 00:42:42
HS-002189,New,2025-08-22 07:47:11
HS-002190,New,2025-11-06 19:41:02
HS-002191,New,2026-02-05 03:07:53
HS-002192,New,2025-12-08 02:57:26
HS-002193,MQL,2026-03-06 02:10:51
HS-002193,New,2026-02-22 19:30:13
HS-002194,New,2025-10-09 15:56:03
HS-002195,New,2025-11-22 05:19:22
HS-002196,MQL,2026-01-27 12:11:09
HS-002196,New,2026-01-23 06:18:16
HS-002196,SAL,2026-01-31 14:15:15
HS-002197,New,2025-10-30 13:22:38
HS-002198,MQL,2025-10-23 18:21:55
HS-002198,New,2025-10-20 04:21:51
HS-002198,SAL,2025-10-25 13:25:52
HS-002199,MQL,2025-12-28 19:57:55
HS-002199,New,2025-12-17 19:15:45
HS-002200,MQL,2026-03-06 12:05:38
HS-002200,New,2026-02-28 20:43:57
HS-002201,MQL,2026-01-31 04:19:59
HS-002201,New,2026-01-28 07:14:09
HS-002202,MQL,2026-02-07 16:07:45
HS-002202,New,2026-02-04 09:31:52
HS-002202,SAL,2026-02-10 12:19:48
HS-002203,New,2025-12-04 19:58:31
HS-002204,MQL,2026-03-27 23:05:34
HS-002204,New,2026-03-25 09:10:59
HS-002204,SAL,2026-03-29 21:31:33
HS-002205,MQL,2025-09-15 09:07:45
HS-002205,New,2025-09-06 17:41:45
HS-002206,MQL,2025-11-20 01:16:34
HS-002206,New,2025-11-15 21:51:50
HS-002206,SAL,2025-11-22 16:00:53
HS-002206,SQL,2025-11-24 13:53:31
HS-002207,MQL,2026-02-06 05:59:18
HS-002207,New,2026-01-31 16:16:00
HS-002207,SAL,2026-02-08 06:42:33
HS-002207,SQL,2026-02-11 16:36:35
HS-002208,MQL,2026-01-29 03:41:23
HS-002208,New,2026-01-18 01:06:26
HS-002208,SAL,2026-01-30 18:55:37
HS-002208,SQL,2026-02-02 07:16:47
HS-002209,MQL,2025-12-01 13:01:59
HS-002209,New,2025-11-27 20:59:34
HS-002209,SAL,2025-12-03 20:25:47
HS-002210,MQL,2025-10-01 18:09:45
HS-002210,New,2025-09-27 08:00:35
HS-002211,New,2025-09-17 07:25:05
HS-002212,New,2026-01-14 00:30:42
HS-002213,New,2025-11-19 11:53:14
HS-002214,MQL,2025-12-24 04:40:10
HS-002214,New,2025-12-21 02:58:22
HS-002214,Opportunity,2026-01-02 23:12:23
HS-002214,SAL,2025-12-26 16:01:19
HS-002214,SQL,2025-12-29 02:02:10
HS-002215,MQL,2025-11-19 06:24:08
HS-002215,New,2025-11-11 03:39:12
HS-002216,New,2026-01-12 04:21:44
HS-002217,MQL,2025-09-02 13:06:36
HS-002217,New,2025-08-29 13:38:05
HS-002217,SAL,2025-09-03 15:42:31
HS-002218,MQL,2026-01-21 01:33:51
HS-002218,New,2026-01-16 07:34:40
HS-002218,SAL,2026-01-24 18:18:05
HS-002219,MQL,2026-01-31 22:40:29
HS-002219,New,2026-01-21 12:39:01
HS-002219,SAL,2026-02-05 18:15:52
HS-002220,New,2025-10-14 18:51:27
HS-002221,New,2025-09-22 19:06:27
HS-002222,New,2026-02-01 04:40:22
HS-002223,MQL,2025-11-01 20:31:58
HS-002223,New,2025-10-29 21:23:18
HS-002223,SAL,2025-11-03 19:52:36
HS-002224,New,2025-11-20 09:44:15
HS-002225,MQL,2026-01-09 02:39:00
HS-002225,New,2025-12-31 06:39:18
HS-002226,New,2026-03-24 12:23:45
HS-002227,MQL,2025-09-12 16:04:17
HS-002227,New,2025-09-05 06:54:43
HS-002228,New,2026-01-29 11:26:56
HS-002229,MQL,2025-10-03 11:47:33
HS-002229,New,2025-09-29 03:14:57
HS-002230,New,2025-09-05 13:19:51
HS-002231,MQL,2026-02-14 21:50:14
HS-002231,New,2026-01-31 14:26:11
HS-002231,SAL,2026-02-16 09:46:08
HS-002232,New,2025-10-28 21:35:45
HS-002233,New,2025-09-15 13:16:13
HS-002234,New,2026-01-25 17:16:04
HS-002235,New,2025-11-28 09:24:53
HS-002236,MQL,2026-03-04 13:00:16
HS-002236,New,2026-02-22 16:27:30
HS-002237,MQL,2025-12-25 08:41:44
HS-002237,New,2025-12-17 16:17:18
HS-002237,SAL,2025-12-27 22:59:15
HS-002238,MQL,2026-01-02 23:13:40
HS-002238,New,2025-12-28 21:02:13
HS-002238,SAL,2026-01-05 12:01:00
HS-002238,SQL,2026-01-11 05:15:50
HS-002239,New,2025-12-09 20:47:46
HS-002240,New,2026-01-31 14:40:12
HS-002241,MQL,2025-09-22 03:07:24
HS-002241,New,2025-09-17 11:57:35
HS-002241,Opportunity,2025-10-04 06:04:52
HS-002241,SAL,2025-09-25 05:40:33
HS-002241,SQL,2025-09-30 11:14:40
HS-002242,New,2026-03-14 22:44:30
HS-002243,MQL,2025-10-13 22:42:15
HS-002243,New,2025-09-27 16:23:13
HS-002243,Opportunity,2025-10-22 01:21:38
HS-002243,SAL,2025-10-14 19:23:30
HS-002243,SQL,2025-10-18 01:46:00
HS-002244,New,2026-03-28 17:22:20
HS-002245,MQL,2026-01-13 01:33:02
HS-002245,New,2026-01-09 17:27:18
HS-002246,New,2026-03-27 13:18:12
HS-002247,MQL,2025-11-05 04:22:43
HS-002247,New,2025-11-03 04:45:59
HS-002248,New,2025-09-08 09:24:41
HS-002249,MQL,2026-03-16 06:56:50
HS-002249,New,2026-03-09 00:23:01
HS-002249,SAL,2026-03-19 04:06:24
HS-002250,New,2025-09-30 11:34:44
HS-002251,MQL,2025-11-11 10:53:03
HS-002251,New,2025-11-06 23:14:04
HS-002251,SAL,2025-11-14 07:50:02
HS-002252,New,2025-11-06 12:21:12
HS-002253,New,2025-09-20 09:16:33
HS-002254,New,2026-02-28 09:46:47
HS-002255,MQL,2025-10-06 03:26:14
HS-002255,New,2025-10-03 08:18:32
HS-002255,SAL,2025-10-09 20:47:11
HS-002256,MQL,2025-11-02 01:38:02
HS-002256,New,2025-10-26 11:33:40
HS-002257,MQL,2026-02-28 13:40:35
HS-002257,New,2026-02-23 18:54:01
HS-002257,SAL,2026-03-05 09:46:55
HS-002258,MQL,2026-03-16 22:44:09
HS-002258,New,2026-03-10 14:32:10
HS-002259,MQL,2026-02-10 03:10:09
HS-002259,New,2026-02-02 12:47:04
HS-002260,MQL,2026-01-17 00:10:00
HS-002260,New,2026-01-10 04:34:11
HS-002260,Opportunity,2026-01-25 00:04:16
HS-002260,SAL,2026-01-18 01:29:08
HS-002260,SQL,2026-01-20 21:28:09
HS-002261,MQL,2026-02-03 04:57:07
HS-002261,New,2026-01-30 01:58:37
HS-002262,New,2025-11-13 13:23:07
HS-002263,MQL,2025-11-12 15:36:15
HS-002263,New,2025-11-01 17:58:40
HS-002264,New,2025-09-28 04:12:09
HS-002265,MQL,2026-02-06 07:56:48
HS-002265,New,2026-01-27 22:03:48
HS-002265,Opportunity,2026-02-15 05:40:13
HS-002265,SAL,2026-02-08 03:03:42
HS-002265,SQL,2026-02-10 11:57:58
HS-002266,MQL,2025-12-24 10:18:43
HS-002266,New,2025-12-15 21:50:20
HS-002266,Opportunity,2026-01-10 19:00:21
HS-002266,SAL,2025-12-27 05:15:03
HS-002266,SQL,2026-01-05 12:23:53
HS-002267,New,2026-03-18 08:08:24
HS-002268,New,2025-12-30 05:25:24
HS-002269,New,2026-01-28 18:09:07
HS-002270,MQL,2025-12-30 07:17:01
HS-002270,New,2025-12-22 10:39:47
HS-002270,SAL,2026-01-02 14:38:21
HS-002271,MQL,2025-10-07 07:34:04
HS-002271,New,2025-09-26 13:34:30
HS-002272,MQL,2025-12-20 11:54:52
HS-002272,New,2025-12-03 11:42:40
HS-002272,SAL,2025-12-23 15:44:30
HS-002273,MQL,2025-09-28 18:30:07
HS-002273,New,2025-09-25 17:16:34
HS-002274,MQL,2025-09-29 02:16:10
HS-002274,New,2025-09-23 23:30:32
HS-002274,SAL,2025-10-05 06:34:44
HS-002275,New,2026-01-09 19:11:59
HS-002276,MQL,2025-09-09 15:05:17
HS-002276,New,2025-08-31 11:44:31
HS-002276,Opportunity,2025-09-24 06:27:56
HS-002276,SAL,2025-09-13 04:15:52
HS-002276,SQL,2025-09-14 22:44:31
HS-002277,MQL,2026-02-25 19:13:38
HS-002277,New,2026-02-10 08:13:59
HS-002278,New,2025-09-28 13:14:49
HS-002279,New,2026-03-24 19:48:58
HS-002280,New,2026-01-16 18:58:04
HS-002281,New,2026-02-15 15:42:41
HS-002282,New,2025-09-27 19:51:31
HS-002283,MQL,2026-02-02 20:14:11
HS-002283,New,2026-01-12 08:07:12
HS-002284,New,2026-01-23 19:02:48
HS-002285,MQL,2025-10-31 10:20:14
HS-002285,New,2025-10-19 03:57:52
HS-002286,MQL,2025-09-19 09:59:16
HS-002286,New,2025-09-12 16:28:53
HS-002287,New,2025-09-01 12:32:16
HS-002288,New,2025-10-23 07:35:33
HS-002289,New,2025-10-13 07:34:47
HS-002290,New,2026-02-13 00:57:56
HS-002291,New,2025-10-06 05:33:15
HS-002292,MQL,2025-10-20 12:32:56
HS-002292,New,2025-10-06 00:31:32
HS-002293,MQL,2025-10-21 00:16:50
HS-002293,New,2025-10-10 02:01:28
HS-002294,New,2026-02-04 06:35:17
HS-002295,MQL,2026-02-13 16:10:45
HS-002295,New,2026-02-10 06:47:05
HS-002295,Opportunity,2026-02-28 08:54:35
HS-002295,SAL,2026-02-16 12:37:55
HS-002295,SQL,2026-02-17 15:02:02
HS-002296,MQL,2025-12-10 16:09:45
HS-002296,New,2025-12-04 23:23:57
HS-002296,SAL,2025-12-12 23:43:55
HS-002297,New,2026-02-26 17:06:10
HS-002298,MQL,2025-09-15 00:10:00
HS-002298,New,2025-09-06 07:03:11
HS-002298,SAL,2025-09-18 05:31:54
HS-002299,New,2025-09-24 02:54:22
HS-002300,MQL,2025-11-12 08:34:00
HS-002300,New,2025-10-29 08:59:08
HS-002300,SAL,2025-11-15 18:39:36
HS-002301,New,2025-10-28 19:01:27
HS-002302,MQL,2026-03-03 18:53:21
HS-002302,New,2026-02-19 05:58:16
HS-002302,Opportunity,2026-03-15 11:27:24
HS-002302,SAL,2026-03-07 09:35:09
HS-002302,SQL,2026-03-09 08:00:17
HS-002303,New,2026-02-01 02:40:21
HS-002304,New,2025-10-22 07:12:27
HS-002305,MQL,2025-11-12 08:05:16
HS-002305,New,2025-11-06 18:08:22
HS-002305,SAL,2025-11-17 00:25:58
HS-002306,MQL,2026-03-25 08:17:33
HS-002306,New,2026-03-09 02:12:23
HS-002306,SAL,2026-03-26 20:19:08
HS-002307,New,2026-03-13 16:01:59
HS-002308,New,2026-01-09 05:09:28
HS-002309,MQL,2026-01-22 19:16:29
HS-002309,New,2026-01-15 15:23:34
HS-002310,MQL,2025-11-13 06:20:06
HS-002310,New,2025-11-07 20:07:49
HS-002311,New,2025-12-11 14:38:17
HS-002312,MQL,2025-12-28 07:35:24
HS-002312,New,2025-12-11 17:45:29
HS-002313,New,2026-01-09 07:04:05
HS-002314,MQL,2026-01-04 23:10:53
HS-002314,New,2025-12-23 07:35:03
HS-002315,MQL,2025-09-10 03:00:14
HS-002315,New,2025-09-04 21:15:50
HS-002316,MQL,2026-01-04 19:27:30
HS-002316,New,2025-12-30 12:16:26
HS-002316,SAL,2026-01-08 13:38:47
HS-002317,New,2025-10-09 00:45:16
HS-002318,MQL,2025-12-26 03:56:44
HS-002318,New,2025-12-19 23:26:56
HS-002319,New,2025-11-03 07:55:40
HS-002320,New,2026-01-04 02:27:42
HS-002321,New,2026-03-28 00:33:06
HS-002322,New,2025-10-28 12:25:44
HS-002323,MQL,2026-03-27 06:17:31
HS-002323,New,2026-03-19 19:44:21
HS-002324,MQL,2025-10-01 18:20:29
HS-002324,New,2025-09-17 16:50:58
HS-002325,New,2025-10-31 06:37:29
HS-002326,MQL,2026-02-13 23:35:46
HS-002326,New,2026-02-01 11:02:48
HS-002327,MQL,2026-02-28 15:08:21
HS-002327,New,2026-02-22 05:31:50
HS-002328,MQL,2026-03-11 21:47:43
HS-002328,New,2026-03-06 05:32:45
HS-002328,SAL,2026-03-14 23:54:26
HS-002329,MQL,2025-10-31 21:31:24
HS-002329,New,2025-10-24 19:26:30
HS-002330,New,2025-10-03 13:21:04
HS-002331,New,2025-09-03 01:40:37
HS-002332,MQL,2026-02-16 21:30:47
HS-002332,New,2026-02-06 23:36:36
HS-002332,SAL,2026-02-18 09:46:16
HS-002332,SQL,2026-02-20 08:15:17
HS-002333,New,2026-02-03 21:39:53
HS-002334,New,2025-11-27 18:40:46
HS-002335,New,2026-02-09 02:19:15
HS-002336,MQL,2026-02-27 18:24:34
HS-002336,New,2026-02-02 23:35:47
HS-002337,New,2025-09-05 22:58:28
HS-002338,New,2025-11-26 00:23:13
HS-002339,New,2025-10-04 16:17:52
HS-002340,MQL,2025-10-14 23:41:35
HS-002340,New,2025-10-09 18:26:36
HS-002341,New,2025-09-18 06:11:41
HS-002342,New,2025-09-23 23:44:09
HS-002343,MQL,2025-12-09 13:25:04
HS-002343,New,2025-12-01 04:03:04
HS-002344,New,2025-10-23 03:23:49
HS-002345,MQL,2025-10-24 19:42:02
HS-002345,New,2025-10-14 15:37:25
HS-002346,MQL,2026-01-03 09:45:25
HS-002346,New,2025-12-21 08:24:23
HS-002347,MQL,2025-12-22 17:53:50
HS-002347,New,2025-12-15 21:00:21
HS-002348,New,2025-09-07 21:24:11
HS-002349,New,2026-02-11 04:46:00
HS-002350,MQL,2025-12-19 01:48:12
HS-002350,New,2025-12-12 22:21:23
HS-002350,SAL,2025-12-22 04:27:56
HS-002351,MQL,2025-09-16 19:26:43
HS-002351,New,2025-09-11 06:29:27
HS-002352,MQL,2026-01-06 19:16:36
HS-002352,New,2026-01-03 14:10:19
HS-002352,Opportunity,2026-01-24 10:49:18
HS-002352,SAL,2026-01-08 13:44:56
HS-002352,SQL,2026-01-12 22:32:22
HS-002353,MQL,2025-11-15 01:40:03
HS-002353,New,2025-11-11 21:40:05
HS-002354,New,2026-01-29 11:36:08
HS-002355,MQL,2025-11-23 23:39:52
HS-002355,New,2025-11-12 20:34:11
HS-002355,SAL,2025-11-25 22:20:20
HS-002355,SQL,2025-11-28 08:48:25
HS-002356,New,2026-02-09 07:05:59
HS-002357,MQL,2026-02-12 15:30:13
HS-002357,New,2026-02-01 09:02:56
HS-002358,New,2026-03-08 22:14:20
HS-002359,New,2026-03-25 13:02:33
HS-002360,New,2025-10-15 00:38:08
HS-002361,MQL,2025-11-28 22:18:09
HS-002361,New,2025-11-20 10:13:58
HS-002362,New,2025-09-04 01:09:38
HS-002363,MQL,2025-10-06 04:53:41
HS-002363,New,2025-10-04 12:19:34
HS-002364,New,2026-02-10 09:03:41
HS-002365,MQL,2026-03-06 04:27:35
HS-002365,New,2026-03-01 13:14:27
HS-002365,Opportunity,2026-03-19 17:46:50
HS-002365,SAL,2026-03-08 20:24:41
HS-002365,SQL,2026-03-13 14:28:19
HS-002366,New,2026-03-16 05:57:23
HS-002367,MQL,2025-11-20 10:40:10
HS-002367,New,2025-11-11 18:25:44
HS-002367,Opportunity,2025-11-28 04:41:42
HS-002367,SAL,2025-11-24 07:09:17
HS-002367,SQL,2025-11-25 13:04:55
HS-002368,MQL,2026-01-10 07:25:36
HS-002368,New,2026-01-05 03:31:05
HS-002369,New,2025-09-06 23:18:19
HS-002370,MQL,2025-10-26 10:24:25
HS-002370,New,2025-10-16 07:55:24
HS-002370,SAL,2025-10-29 02:08:33
HS-002371,MQL,2025-12-27 11:01:22
HS-002371,New,2025-11-29 05:45:25
HS-002372,New,2026-02-07 07:54:02
HS-002373,New,2025-11-06 00:28:19
HS-002374,New,2026-02-14 18:45:29
HS-002375,New,2025-11-19 21:21:03
HS-002376,New,2026-03-23 13:25:30
HS-002377,MQL,2026-02-27 18:26:49
HS-002377,New,2026-02-21 06:50:56
HS-002378,New,2026-03-27 13:18:52
HS-002379,New,2026-02-04 03:58:37
HS-002380,MQL,2025-12-20 17:59:05
HS-002380,New,2025-12-13 02:01:02
HS-002381,New,2025-12-10 21:05:41
HS-002382,MQL,2026-02-14 22:13:56
HS-002382,New,2026-01-25 19:21:26
HS-002383,MQL,2025-12-04 03:31:47
HS-002383,New,2025-11-27 06:08:20
HS-002384,New,2025-12-18 00:29:53
HS-002385,New,2025-09-03 07:57:02
HS-002386,MQL,2025-09-07 09:44:23
HS-002386,New,2025-09-03 05:49:14
HS-002386,SAL,2025-09-10 16:53:04
HS-002387,MQL,2026-03-22 17:46:49
HS-002387,New,2026-03-18 14:51:23
HS-002387,SAL,2026-03-26 23:35:38
HS-002387,SQL,2026-03-29 19:59:41
HS-002388,New,2025-09-29 05:19:14
HS-002389,MQL,2026-03-15 01:10:44
HS-002389,New,2026-03-06 20:56:01
HS-002390,MQL,2025-12-24 08:05:27
HS-002390,New,2025-12-16 14:46:27
HS-002390,Opportunity,2026-01-23 04:59:08
HS-002390,SAL,2026-01-01 03:13:30
HS-002390,SQL,2026-01-15 08:22:37
HS-002391,New,2025-12-14 09:04:59
HS-002392,New,2025-09-15 09:27:07
HS-002393,New,2026-01-31 13:33:52
HS-002394,MQL,2025-11-03 21:01:42
HS-002394,New,2025-10-24 18:45:44
HS-002394,Opportunity,2025-12-02 16:04:39
HS-002394,SAL,2025-11-08 09:49:41
HS-002394,SQL,2025-11-27 05:37:44
HS-002395,New,2025-10-14 17:33:59
HS-002396,MQL,2026-03-06 11:39:36
HS-002396,New,2026-02-28 21:09:50
HS-002396,Opportunity,2026-03-30 02:04:33
HS-002396,SAL,2026-03-10 05:56:40
HS-002396,SQL,2026-03-23 09:07:03
HS-002397,MQL,2025-11-22 13:47:03
HS-002397,New,2025-11-17 09:59:46
HS-002397,SAL,2025-11-25 15:35:17
HS-002397,SQL,2025-11-28 18:34:35
HS-002398,New,2025-10-26 18:49:33
HS-002399,New,2025-11-08 20:45:20
HS-002400,MQL,2025-09-13 10:32:50
HS-002400,New,2025-09-10 09:52:03
HS-002400,SAL,2025-09-15 15:29:26
HS-002401,MQL,2025-10-20 21:10:20
HS-002401,New,2025-10-11 23:42:46
HS-002402,MQL,2025-09-11 11:05:45
HS-002402,New,2025-08-31 00:18:50
HS-002403,New,2025-09-22 16:58:13
HS-002404,MQL,2026-03-12 08:15:32
HS-002404,New,2026-03-06 06:08:16
HS-002404,Opportunity,2026-03-18 16:05:29
HS-002404,SAL,2026-03-13 18:34:18
HS-002404,SQL,2026-03-15 17:57:26
HS-002405,MQL,2025-11-11 03:29:39
HS-002405,New,2025-11-03 03:41:04
HS-002406,New,2025-10-08 18:59:49
HS-002407,New,2025-11-04 03:59:02
HS-002408,MQL,2025-10-26 08:51:44
HS-002408,New,2025-10-19 14:30:32
HS-002408,SAL,2025-10-27 21:28:37
HS-002409,MQL,2025-12-14 20:28:26
HS-002409,New,2025-12-06 02:39:33
HS-002410,MQL,2026-03-17 23:06:30
HS-002410,New,2026-03-14 08:43:44
HS-002411,MQL,2025-11-19 23:15:18
HS-002411,New,2025-11-15 18:38:34
HS-002411,Opportunity,2025-11-28 04:56:45
HS-002411,SAL,2025-11-23 04:19:05
HS-002411,SQL,2025-11-24 15:23:06
HS-002412,New,2025-09-04 14:16:33
HS-002413,New,2025-12-18 00:53:11
HS-002414,MQL,2026-01-06 01:06:50
HS-002414,New,2026-01-01 20:34:12
HS-002415,New,2025-12-26 06:51:28
HS-002416,MQL,2026-03-29 13:05:42
HS-002416,New,2026-03-16 23:57:09
HS-002417,New,2025-09-29 23:07:04
HS-002418,New,2025-12-04 12:51:27
HS-002419,MQL,2025-12-15 11:15:44
HS-002419,New,2025-12-01 02:45:01
HS-002419,Opportunity,2025-12-28 23:21:25
HS-002419,SAL,2025-12-18 13:52:54
HS-002419,SQL,2025-12-20 16:45:35
HS-002420,MQL,2025-12-04 06:25:36
HS-002420,New,2025-11-26 00:04:58
HS-002421,New,2026-02-03 20:05:09
HS-002422,MQL,2026-03-08 23:03:59
HS-002422,New,2026-02-27 09:11:43
HS-002422,Opportunity,2026-03-20 14:06:01
HS-002422,SAL,2026-03-11 10:57:59
HS-002422,SQL,2026-03-13 05:58:00
HS-002423,New,2025-10-28 06:03:00
HS-002424,New,2025-11-07 07:27:50
HS-002425,MQL,2026-03-28 00:35:20
HS-002425,New,2026-03-23 14:22:50
HS-002425,SAL,2026-03-30 02:08:47
HS-002426,MQL,2026-02-17 02:15:48
HS-002426,New,2026-02-12 10:20:02
HS-002426,SAL,2026-02-20 23:28:43
HS-002427,New,2025-10-19 16:58:15
HS-002428,New,2025-10-30 20:00:06
HS-002429,MQL,2026-02-04 11:54:44
HS-002429,New,2026-01-31 11:20:54
HS-002430,New,2025-10-11 17:28:22
HS-002431,MQL,2026-03-08 11:03:06
HS-002431,New,2026-02-26 10:01:34
HS-002431,SAL,2026-03-10 09:09:32
HS-002432,MQL,2025-10-27 00:11:19
HS-002432,New,2025-10-23 19:38:26
HS-002433,MQL,2025-11-13 20:19:30
HS-002433,New,2025-11-06 09:48:38
HS-002434,MQL,2025-12-13 06:49:39
HS-002434,New,2025-12-09 03:30:07
HS-002435,MQL,2025-09-19 04:12:09
HS-002435,New,2025-09-12 00:17:40
HS-002435,SAL,2025-09-22 22:56:39
HS-002436,MQL,2025-11-19 23:36:28
HS-002436,New,2025-11-10 03:09:59
HS-002437,MQL,2026-02-18 13:40:07
HS-002437,New,2026-02-13 04:44:10
HS-002437,Opportunity,2026-03-02 08:43:19
HS-002437,SAL,2026-02-21 16:36:16
HS-002437,SQL,2026-02-25 04:21:17
HS-002438,New,2026-03-25 03:18:22
HS-002439,New,2025-12-20 08:04:12
HS-002440,MQL,2025-09-18 02:59:51
HS-002440,New,2025-09-15 03:03:58
HS-002441,New,2025-10-17 21:30:47
HS-002442,MQL,2026-03-14 04:46:29
HS-002442,New,2026-03-10 14:11:29
HS-002442,Opportunity,2026-03-23 18:31:45
HS-002442,SAL,2026-03-16 12:31:52
HS-002442,SQL,2026-03-18 22:34:04
HS-002443,MQL,2025-09-25 20:58:43
HS-002443,New,2025-09-15 10:15:07
HS-002443,SAL,2025-10-05 07:54:18
HS-002443,SQL,2025-10-23 20:40:43
HS-002444,New,2025-10-22 16:41:55
HS-002445,New,2026-02-07 17:36:33
HS-002446,MQL,2026-01-30 23:15:24
HS-002446,New,2026-01-09 03:05:16
HS-002447,MQL,2025-11-09 11:26:04
HS-002447,New,2025-10-26 09:17:35
HS-002448,New,2025-10-27 13:32:13
HS-002449,New,2026-01-31 03:02:04
HS-002450,New,2025-10-03 21:42:32
HS-002451,MQL,2026-03-16 01:35:44
HS-002451,New,2026-03-02 19:51:42
HS-002451,Opportunity,2026-03-24 04:42:11
HS-002451,SAL,2026-03-18 13:54:37
HS-002451,SQL,2026-03-20 02:55:08
HS-002452,MQL,2026-03-27 09:51:36
HS-002452,New,2026-03-19 03:54:36
HS-002452,SAL,2026-03-30 21:53:26
HS-002453,New,2026-03-13 07:30:38
HS-002454,MQL,2025-09-05 05:35:58
HS-002454,New,2025-08-27 02:31:11
HS-002454,Opportunity,2025-09-16 06:55:37
HS-002454,SAL,2025-09-09 00:23:36
HS-002454,SQL,2025-09-10 09:41:10
HS-002455,MQL,2026-01-21 05:48:02
HS-002455,New,2026-01-19 02:39:47
HS-002455,Opportunity,2026-02-04 13:00:39
HS-002455,SAL,2026-01-25 15:53:03
HS-002455,SQL,2026-01-29 06:20:16
HS-002456,New,2025-10-04 08:35:43
HS-002457,MQL,2026-03-11 16:10:51
HS-002457,New,2026-03-08 11:56:16
HS-002458,New,2025-10-01 02:39:56
HS-002459,New,2025-09-22 06:42:20
HS-002460,MQL,2026-02-07 15:16:21
HS-002460,New,2026-01-20 21:17:22
HS-002460,SAL,2026-02-10 23:00:56
HS-002461,New,2026-02-18 11:39:49
HS-002462,MQL,2025-10-12 16:28:52
HS-002462,New,2025-10-05 23:37:43
HS-002462,SAL,2025-10-14 19:50:24
HS-002462,SQL,2025-10-18 07:06:45
HS-002463,MQL,2025-11-23 02:30:13
HS-002463,New,2025-11-15 07:04:29
HS-002463,SAL,2025-11-26 13:18:19
HS-002464,New,2026-01-02 22:53:03
HS-002465,New,2026-03-04 18:34:12
HS-002466,New,2025-09-17 13:40:27
HS-002467,New,2025-12-29 06:08:33
HS-002468,MQL,2026-03-01 02:51:50
HS-002468,New,2026-02-25 03:28:51
HS-002469,MQL,2026-02-15 14:29:22
HS-002469,New,2026-02-08 19:01:09
HS-002470,MQL,2026-03-06 10:35:58
HS-002470,New,2026-02-15 21:01:30
HS-002471,MQL,2025-09-29 13:18:48
HS-002471,New,2025-09-20 01:52:06
HS-002471,Opportunity,2025-10-10 23:28:19
HS-002471,SAL,2025-10-03 22:19:49
HS-002471,SQL,2025-10-07 04:00:29
HS-002472,New,2026-03-20 18:29:48
HS-002473,MQL,2026-02-01 06:11:11
HS-002473,New,2026-01-22 14:08:45
HS-002473,SAL,2026-02-04 07:44:08
HS-002474,New,2025-11-21 07:08:45
HS-002475,New,2026-02-24 05:22:42
HS-002476,MQL,2026-03-02 04:05:24
HS-002476,New,2026-02-24 13:00:41
HS-002476,SAL,2026-03-07 18:16:01
HS-002476,SQL,2026-03-14 08:09:41
HS-002477,MQL,2025-09-26 01:26:53
HS-002477,New,2025-09-19 19:33:23
HS-002477,SAL,2025-09-27 05:10:30
HS-002477,SQL,2025-09-30 23:09:32
HS-002478,New,2026-03-27 06:21:01
HS-002479,New,2025-09-19 03:08:39
HS-002480,New,2026-01-24 12:45:10
HS-002481,New,2025-10-22 21:49:06
HS-002482,MQL,2025-10-12 22:23:49
HS-002482,New,2025-10-05 16:59:44
HS-002483,MQL,2026-01-10 14:15:13
HS-002483,New,2026-01-04 23:20:40
HS-002483,SAL,2026-01-14 03:50:25
HS-002483,SQL,2026-01-19 17:00:38
HS-002484,MQL,2025-12-20 23:48:05
HS-002484,New,2025-12-10 17:27:39
HS-002484,SAL,2025-12-25 05:49:13
HS-002485,New,2025-10-11 22:58:26
HS-002486,MQL,2026-03-13 06:33:42
HS-002486,New,2026-03-01 02:31:24
HS-002487,MQL,2026-01-01 17:20:20
HS-002487,New,2025-12-06 16:22:38
HS-002488,MQL,2026-01-20 17:25:01
HS-002488,New,2026-01-13 07:16:23
HS-002488,SAL,2026-01-22 23:43:13
HS-002489,MQL,2025-12-27 20:51:02
HS-002489,New,2025-12-22 11:27:36
HS-002490,New,2026-01-29 19:57:22
HS-002491,New,2025-10-12 10:28:39
HS-002492,New,2025-09-18 13:50:37
HS-002493,New,2025-12-15 01:23:20
HS-002494,New,2025-10-11 10:55:21
HS-002495,New,2026-03-05 06:01:10
HS-002496,New,2025-11-21 01:08:12
HS-002497,New,2025-09-21 08:46:35
HS-002498,New,2025-12-18 23:28:42
HS-002499,MQL,2026-02-16 21:47:39
HS-002499,New,2026-02-02 16:50:59
HS-002500,New,2025-10-22 05:57:02
HS-002501,MQL,2025-09-18 23:46:04
HS-002501,New,2025-09-11 14:15:54
HS-002501,Opportunity,2025-10-28 16:42:53
HS-002501,SAL,2025-09-25 19:23:41
HS-002501,SQL,2025-10-02 03:32:40
HS-002502,MQL,2026-03-11 11:58:05
HS-002502,New,2026-03-08 17:58:56
HS-002502,SAL,2026-03-13 23:30:15
HS-002503,New,2026-01-08 23:58:12
HS-002504,New,2026-01-15 11:17:53
HS-002505,New,2026-01-19 20:55:29
HS-002506,New,2026-01-30 00:18:35
HS-002507,New,2026-03-01 06:15:41
HS-002508,New,2025-09-15 19:17:49
HS-002509,MQL,2025-11-09 18:49:41
HS-002509,New,2025-10-29 14:21:57
HS-002510,New,2025-12-08 16:25:28
HS-002511,MQL,2026-03-28 20:04:39
HS-002511,New,2026-03-07 19:58:20
HS-002512,New,2025-11-17 23:59:21
HS-002513,MQL,2025-12-21 03:49:48
HS-002513,New,2025-12-12 22:24:55
HS-002513,SAL,2025-12-23 07:31:04
HS-002514,New,2025-09-12 12:59:30
HS-002515,New,2025-12-04 07:54:23
HS-002516,MQL,2026-01-08 00:13:43
HS-002516,New,2026-01-04 03:27:15
HS-002517,MQL,2025-12-10 04:37:13
HS-002517,New,2025-12-02 00:37:12
HS-002518,New,2026-01-07 13:42:48
HS-002519,New,2025-10-05 00:03:25
HS-002520,MQL,2025-10-16 21:40:33
HS-002520,New,2025-10-10 11:29:49
HS-002520,Opportunity,2025-10-26 06:15:48
HS-002520,SAL,2025-10-18 23:08:53
HS-002520,SQL,2025-10-22 03:00:46
HS-002521,New,2025-10-04 17:22:00
HS-002522,MQL,2025-11-07 13:21:31
HS-002522,New,2025-11-02 03:30:34
HS-002522,SAL,2025-11-09 17:15:10
HS-002523,New,2025-12-20 03:59:13
HS-002524,New,2026-01-31 15:19:12
HS-002525,MQL,2026-01-16 09:35:45
HS-002525,New,2026-01-13 12:47:49
HS-002526,MQL,2026-03-10 19:59:30
HS-002526,New,2026-03-05 18:46:25
HS-002527,MQL,2025-11-14 18:06:10
HS-002527,New,2025-11-07 02:38:39
HS-002528,MQL,2026-01-14 04:20:08
HS-002528,New,2025-12-30 02:52:42
HS-002529,MQL,2025-12-08 10:21:41
HS-002529,New,2025-12-03 03:58:19
HS-002530,MQL,2025-12-21 12:35:02
HS-002530,New,2025-12-16 03:22:54
HS-002531,New,2026-03-06 14:44:44
HS-002532,New,2025-11-22 22:24:59
HS-002533,MQL,2025-09-18 17:56:44
HS-002533,New,2025-09-04 22:24:47
HS-002534,New,2025-09-11 04:22:46
HS-002535,New,2026-03-26 15:40:16
HS-002536,MQL,2026-01-15 09:34:17
HS-002536,New,2026-01-10 08:11:30
HS-002536,SAL,2026-01-18 15:51:33
HS-002537,MQL,2026-02-04 08:54:22
HS-002537,New,2026-01-29 23:13:47
HS-002538,MQL,2026-02-11 09:29:56
HS-002538,New,2026-02-01 17:53:45
HS-002538,SAL,2026-02-13 22:25:08
HS-002539,MQL,2025-11-16 00:11:53
HS-002539,New,2025-11-07 17:33:51
HS-002539,SAL,2025-11-18 11:01:24
HS-002540,New,2025-10-22 02:20:26
HS-002541,MQL,2025-10-14 00:23:16
HS-002541,New,2025-10-01 13:02:06
HS-002542,New,2026-02-26 22:03:42
HS-002543,New,2026-01-25 11:57:43
HS-002544,MQL,2025-11-24 21:22:15
HS-002544,New,2025-11-17 20:14:33
HS-002545,MQL,2025-12-31 17:46:54
HS-002545,New,2025-12-23 06:45:46
HS-002546,New,2025-11-20 23:54:02
HS-002547,New,2026-01-28 05:22:04
HS-002548,MQL,2025-10-12 08:41:24
HS-002548,New,2025-10-07 05:08:01
HS-002548,Opportunity,2025-10-28 17:49:17
HS-002548,SAL,2025-10-15 04:12:08
HS-002548,SQL,2025-10-20 18:04:29
HS-002549,MQL,2026-03-05 10:46:28
HS-002549,New,2026-02-22 22:37:55
HS-002550,New,2026-01-17 14:15:37
HS-002551,New,2025-11-07 00:29:42
HS-002552,MQL,2026-02-01 17:15:41
HS-002552,New,2026-01-28 07:17:37
HS-002553,New,2026-02-14 13:53:01
HS-002554,MQL,2025-12-12 14:07:26
HS-002554,New,2025-12-06 00:07:38
HS-002554,SAL,2025-12-16 02:25:37
HS-002555,MQL,2025-09-10 16:07:28
HS-002555,New,2025-08-24 13:46:34
HS-002556,New,2026-03-22 01:49:39
HS-002557,MQL,2026-01-30 03:35:21
HS-002557,New,2026-01-24 07:57:16
HS-002558,New,2025-11-30 06:00:52
HS-002559,MQL,2026-01-20 23:21:13
HS-002559,New,2026-01-16 09:56:53
HS-002559,SAL,2026-01-23 00:45:10
HS-002560,MQL,2025-10-13 06:20:56
HS-002560,New,2025-09-30 23:26:21
HS-002561,New,2026-03-03 08:11:33
HS-002562,New,2026-02-08 05:43:06
HS-002563,MQL,2026-02-12 02:55:12
HS-002563,New,2026-02-06 21:04:36
HS-002564,MQL,2025-11-15 20:47:10
HS-002564,New,2025-11-09 18:42:30
HS-002564,SAL,2025-11-23 02:38:10
HS-002565,New,2025-11-09 01:22:39
HS-002566,New,2025-12-25 09:10:39
HS-002567,New,2025-11-29 00:05:29
HS-002568,MQL,2025-09-10 04:18:35
HS-002568,New,2025-08-30 01:35:18
HS-002569,MQL,2025-09-08 20:58:17
HS-002569,New,2025-09-03 12:16:07
HS-002570,New,2026-02-18 13:27:01
HS-002571,New,2025-09-20 12:14:51
HS-002572,New,2025-12-03 02:56:28
HS-002573,New,2026-01-29 03:21:31
HS-002574,New,2025-10-16 12:04:36
HS-002575,New,2026-02-04 15:26:10
HS-002576,New,2026-02-21 21:29:04
HS-002577,New,2026-02-23 05:44:01
HS-002578,MQL,2026-02-11 22:48:35
HS-002578,New,2026-02-05 16:42:16
HS-002579,New,2026-01-30 17:57:59
HS-002580,New,2025-10-21 16:53:22
HS-002581,New,2026-01-11 19:19:30
HS-002582,MQL,2026-02-26 09:34:26
HS-002582,New,2026-02-22 01:55:58
HS-002582,SAL,2026-02-27 15:19:14
HS-002582,SQL,2026-03-09 08:37:03
HS-002583,New,2025-10-02 10:38:56
HS-002584,MQL,2026-01-02 08:53:29
HS-002584,New,2025-12-29 05:40:42
HS-002585,New,2026-03-23 22:21:35
HS-002586,MQL,2026-03-04 21:30:45
HS-002586,New,2026-02-24 04:37:28
HS-002587,New,2026-02-23 08:27:32
HS-002588,MQL,2026-03-17 13:34:33
HS-002588,New,2026-02-22 21:32:31
HS-002589,New,2026-01-05 09:24:49
HS-002590,MQL,2026-02-15 04:51:30
HS-002590,New,2026-01-30 18:04:47
HS-002591,MQL,2026-01-24 09:58:58
HS-002591,New,2026-01-14 11:34:47
HS-002591,SAL,2026-01-26 09:17:25
HS-002592,New,2026-01-18 16:27:36
HS-002593,New,2025-09-14 00:34:56
HS-002594,MQL,2026-03-13 21:52:27
HS-002594,New,2026-03-08 00:13:45
HS-002595,MQL,2026-03-21 11:01:58
HS-002595,New,2026-03-16 06:55:36
HS-002596,MQL,2026-03-20 20:58:43
HS-002596,New,2026-03-13 06:45:20
HS-002597,New,2025-09-30 15:01:29
HS-002598,New,2025-09-15 14:20:18
HS-002599,MQL,2026-03-28 03:52:05
HS-002599,New,2026-03-21 08:16:24
HS-002599,SAL,2026-03-31 08:22:50
HS-002600,MQL,2025-11-10 05:33:39
HS-002600,New,2025-11-07 08:22:48
HS-002600,SAL,2025-11-14 21:45:59
HS-002600,SQL,2025-11-18 14:58:03
HS-002601,New,2025-10-01 01:28:29
HS-002602,New,2025-11-11 14:33:52
HS-002603,MQL,2025-11-22 02:49:16
HS-002603,New,2025-11-16 16:52:52
HS-002603,Opportunity,2025-12-09 13:31:42
HS-002603,SAL,2025-11-26 10:43:27
HS-002603,SQL,2025-12-04 12:36:32
HS-002604,New,2026-01-21 19:29:28
HS-002605,MQL,2025-09-24 14:30:50
HS-002605,New,2025-09-15 14:37:59
HS-002606,MQL,2025-11-21 04:41:11
HS-002606,New,2025-11-14 03:41:11
HS-002607,New,2025-11-29 01:48:35
HS-002608,New,2026-02-26 12:53:03
HS-002609,New,2026-01-10 03:18:50
HS-002610,New,2026-03-16 17:31:07
HS-002611,MQL,2025-12-02 04:28:41
HS-002611,New,2025-11-25 03:01:29
HS-002612,MQL,2026-02-14 22:17:00
HS-002612,New,2026-02-08 22:53:50
HS-002612,SAL,2026-02-17 14:26:19
HS-002613,MQL,2025-10-21 13:53:02
HS-002613,New,2025-10-08 22:46:10
HS-002614,New,2026-02-21 21:15:53
HS-002615,New,2025-11-02 11:05:57
HS-002616,New,2025-12-19 04:41:19
HS-002617,MQL,2025-12-21 10:45:10
HS-002617,New,2025-12-13 20:56:10
HS-002618,New,2026-01-30 02:25:17
HS-002619,New,2026-01-08 11:20:00
HS-002620,MQL,2026-02-02 18:04:04
HS-002620,New,2026-01-28 09:36:08
HS-002621,MQL,2025-12-13 02:58:30
HS-002621,New,2025-12-09 16:05:34
HS-002621,SAL,2025-12-14 16:53:57
HS-002622,MQL,2026-01-27 20:51:16
HS-002622,New,2026-01-13 08:20:13
HS-002623,MQL,2025-09-07 13:16:30
HS-002623,New,2025-08-31 10:48:17
HS-002623,SAL,2025-09-10 15:25:18
HS-002624,New,2025-12-13 22:21:30
HS-002625,MQL,2026-01-02 12:04:04
HS-002625,New,2025-12-24 05:17:04
HS-002626,New,2026-02-17 17:07:41
HS-002627,MQL,2025-11-20 13:45:36
HS-002627,New,2025-11-13 02:34:09
HS-002627,Opportunity,2025-12-04 22:46:09
HS-002627,SAL,2025-11-24 22:39:35
HS-002627,SQL,2025-11-28 10:06:12
HS-002628,New,2026-03-07 22:21:36
HS-002629,New,2025-11-08 08:20:08
HS-002630,New,2025-09-05 11:28:25
HS-002631,MQL,2026-03-04 11:34:05
HS-002631,New,2026-02-26 14:21:28
HS-002632,New,2025-09-12 01:14:05
HS-002633,New,2025-11-20 06:26:26
HS-002634,MQL,2025-12-23 08:48:10
HS-002634,New,2025-12-20 10:32:00
HS-002634,SAL,2025-12-26 05:54:28
HS-002635,New,2025-09-13 22:19:57
HS-002636,New,2026-02-27 22:24:32
HS-002637,MQL,2026-02-24 09:57:05
HS-002637,New,2026-02-22 18:25:02
HS-002638,New,2025-11-30 15:04:27
HS-002639,New,2026-01-31 14:59:54
HS-002640,New,2025-10-26 14:58:50
HS-002641,MQL,2025-09-13 16:58:31
HS-002641,New,2025-09-03 11:32:11
HS-002641,Opportunity,2025-09-22 19:14:41
HS-002641,SAL,2025-09-15 04:50:03
HS-002641,SQL,2025-09-16 23:40:55
HS-002642,New,2025-10-07 15:23:04
HS-002643,MQL,2025-10-02 05:44:09
HS-002643,New,2025-09-27 22:02:30
HS-002644,MQL,2025-09-18 17:44:29
HS-002644,New,2025-09-16 01:09:43
HS-002645,New,2026-02-25 03:04:25
HS-002646,New,2025-10-13 12:11:55
HS-002647,MQL,2025-12-10 10:31:52
HS-002647,New,2025-12-01 18:16:24
HS-002647,Opportunity,2026-01-11 23:02:14
HS-002647,SAL,2025-12-15 17:39:30
HS-002647,SQL,2025-12-30 18:38:00
HS-002648,MQL,2025-11-08 17:07:22
HS-002648,New,2025-11-04 23:48:58
HS-002648,Opportunity,2025-11-16 00:28:54
HS-002648,SAL,2025-11-10 01:53:31
HS-002648,SQL,2025-11-12 13:28:11
HS-002649,New,2026-03-25 08:03:17
HS-002650,New,2026-02-06 04:53:10
HS-002651,New,2025-09-30 06:23:38
HS-002652,New,2025-09-04 15:16:20
HS-002653,MQL,2026-02-18 08:04:58
HS-002653,New,2026-02-10 07:09:19
HS-002653,SAL,2026-02-20 12:26:52
HS-002654,New,2025-12-07 04:22:54
HS-002655,MQL,2026-03-20 20:01:03
HS-002655,New,2026-03-15 07:10:01
HS-002655,SAL,2026-03-23 20:46:08
HS-002656,New,2026-02-18 00:32:52
HS-002657,New,2025-10-15 01:08:16
HS-002658,New,2025-10-29 01:07:38
HS-002659,New,2025-11-19 02:28:43
HS-002660,New,2025-10-11 09:39:22
HS-002661,New,2025-12-22 15:54:32
HS-002662,New,2025-11-08 01:27:27
HS-002663,New,2025-11-27 14:44:42
HS-002664,MQL,2025-11-28 23:27:10
HS-002664,New,2025-11-14 17:42:50
HS-002664,SAL,2025-11-30 15:27:50
HS-002665,New,2025-12-25 07:18:11
HS-002666,MQL,2026-03-05 12:37:45
HS-002666,New,2026-02-28 03:19:05
HS-002667,MQL,2025-08-30 14:19:10
HS-002667,New,2025-08-24 10:25:28
HS-002667,Opportunity,2025-09-23 13:50:47
HS-002667,SAL,2025-09-02 16:43:46
HS-002667,SQL,2025-09-12 14:42:07
HS-002668,MQL,2026-03-20 22:37:04
HS-002668,New,2026-03-12 03:55:23
HS-002668,SAL,2026-03-23 16:19:16
HS-002669,MQL,2025-11-22 09:55:30
HS-002669,New,2025-11-17 12:54:29
HS-002669,Opportunity,2025-11-29 18:07:11
HS-002669,SAL,2025-11-25 09:22:02
HS-002669,SQL,2025-11-28 00:13:33
HS-002670,MQL,2025-10-29 02:58:50
HS-002670,New,2025-10-23 22:24:30
HS-002671,New,2025-11-02 21:34:32
HS-002672,MQL,2025-09-07 08:12:15
HS-002672,New,2025-09-04 13:24:13
HS-002672,Opportunity,2025-09-23 05:19:28
HS-002672,SAL,2025-09-15 06:08:50
HS-002672,SQL,2025-09-17 11:41:39
HS-002673,New,2026-03-03 13:35:19
HS-002674,New,2025-09-11 22:49:06
HS-002675,MQL,2026-03-23 00:45:58
HS-002675,New,2026-03-06 15:52:54
HS-002675,SAL,2026-03-24 00:29:48
HS-002676,New,2025-11-22 18:25:14
HS-002677,MQL,2026-01-07 17:49:54
HS-002677,New,2026-01-01 18:13:41
HS-002678,New,2025-10-21 03:25:30
HS-002679,New,2025-09-29 13:19:37
HS-002680,MQL,2025-12-17 20:24:29
HS-002680,New,2025-12-11 03:08:34
HS-002680,SAL,2025-12-25 08:52:09
HS-002681,MQL,2026-03-27 14:15:34
HS-002681,New,2026-03-25 10:59:36
HS-002681,SAL,2026-03-29 06:57:21
HS-002681,SQL,2026-03-31 05:52:01
HS-002682,MQL,2025-09-24 06:21:21
HS-002682,New,2025-09-13 21:20:30
HS-002682,SAL,2025-09-29 22:51:14
HS-002683,New,2026-03-05 22:09:52
HS-002684,MQL,2025-12-26 04:31:45
HS-002684,New,2025-12-19 08:11:20
HS-002684,Opportunity,2026-01-03 08:27:59
HS-002684,SAL,2025-12-29 16:22:42
HS-002684,SQL,2026-01-01 02:26:08
HS-002685,MQL,2026-02-21 11:23:58
HS-002685,New,2026-02-14 17:48:01
HS-002686,New,2025-11-13 04:48:44
HS-002687,MQL,2025-12-05 06:58:47
HS-002687,New,2025-12-02 08:24:48
HS-002687,SAL,2025-12-07 13:32:41
HS-002688,New,2025-10-10 11:11:31
HS-002689,New,2026-01-15 07:17:26
HS-002690,New,2025-10-04 07:54:09
HS-002691,MQL,2025-09-20 10:42:25
HS-002691,New,2025-09-17 05:55:58
HS-002691,SAL,2025-09-22 12:58:36
HS-002692,MQL,2026-02-24 18:42:16
HS-002692,New,2026-02-21 22:20:48
HS-002693,New,2026-02-23 08:25:58
HS-002694,MQL,2026-01-15 01:20:04
HS-002694,New,2026-01-12 23:40:01
HS-002695,New,2026-03-06 03:23:50
HS-002696,MQL,2025-10-27 03:28:39
HS-002696,New,2025-10-19 17:25:53
HS-002697,MQL,2026-01-17 12:17:28
HS-002697,New,2026-01-10 06:06:18
HS-002698,New,2025-10-29 03:58:42
HS-002699,New,2025-10-22 12:09:40
HS-002700,MQL,2025-09-15 10:44:14
HS-002700,New,2025-09-07 05:07:44
HS-002700,SAL,2025-09-19 22:58:02
HS-002701,New,2025-09-23 12:42:54
HS-002702,New,2026-01-25 05:16:46
HS-002703,New,2025-11-12 18:52:40
HS-002704,MQL,2026-01-20 20:36:50
HS-002704,New,2026-01-11 02:16:36
HS-002704,Opportunity,2026-02-02 19:57:27
HS-002704,SAL,2026-01-22 03:04:27
HS-002704,SQL,2026-01-27 06:32:53
HS-002705,New,2026-02-14 09:06:23
HS-002706,New,2026-03-24 03:38:00
HS-002707,MQL,2026-01-22 06:17:45
HS-002707,New,2026-01-17 11:15:02
HS-002708,MQL,2025-09-23 07:06:00
HS-002708,New,2025-09-18 02:33:29
HS-002708,SAL,2025-09-27 13:06:53
HS-002708,SQL,2025-10-11 16:36:39
HS-002709,MQL,2025-09-21 06:51:36
HS-002709,New,2025-09-12 15:19:09
HS-002709,SAL,2025-09-22 14:10:47
HS-002710,MQL,2025-11-07 08:02:39
HS-002710,New,2025-10-29 19:34:19
HS-002711,MQL,2026-03-12 04:32:11
HS-002711,New,2026-02-28 22:32:32
HS-002712,New,2026-01-03 21:40:42
HS-002713,MQL,2025-12-26 15:16:27
HS-002713,New,2025-12-20 08:53:34
HS-002714,New,2025-09-09 13:28:13
HS-002715,MQL,2025-12-16 08:17:47
HS-002715,New,2025-12-04 11:59:28
HS-002715,SAL,2025-12-20 00:12:18
HS-002716,MQL,2025-10-18 00:57:14
HS-002716,New,2025-10-15 05:29:27
HS-002716,Opportunity,2025-10-26 01:09:58
HS-002716,SAL,2025-10-19 08:26:29
HS-002716,SQL,2025-10-23 00:23:06
HS-002717,New,2026-03-23 02:08:35
HS-002718,MQL,2025-12-05 06:21:52
HS-002718,New,2025-11-20 08:43:27
HS-002719,New,2025-12-14 15:28:33
HS-002720,New,2026-02-22 16:55:43
HS-002721,New,2025-11-02 03:15:01
HS-002722,New,2026-03-24 07:19:51
HS-002723,New,2026-03-22 18:02:27
HS-002724,New,2025-12-09 02:26:55
HS-002725,MQL,2026-01-21 04:53:55
HS-002725,New,2026-01-12 12:20:08
HS-002725,SAL,2026-01-28 01:29:00
HS-002726,MQL,2025-12-15 22:41:12
HS-002726,New,2025-12-10 12:38:56
HS-002726,SAL,2025-12-19 02:25:23
HS-002727,MQL,2026-01-11 00:09:09
HS-002727,New,2026-01-04 13:26:14
HS-002727,SAL,2026-01-13 20:13:57
HS-002727,SQL,2026-01-18 12:23:50
HS-002728,New,2026-02-25 01:36:24
HS-002729,New,2026-03-25 23:35:02
HS-002730,MQL,2025-11-13 13:11:02
HS-002730,New,2025-11-01 01:41:52
HS-002731,New,2025-11-10 13:09:06
HS-002732,MQL,2026-02-27 22:56:37
HS-002732,New,2026-02-20 19:40:47
HS-002732,SAL,2026-03-02 01:54:00
HS-002733,MQL,2025-09-30 16:59:07
HS-002733,New,2025-09-27 06:58:25
HS-002734,MQL,2026-02-13 08:44:17
HS-002734,New,2026-02-07 14:42:12
HS-002735,MQL,2025-10-01 12:23:00
HS-002735,New,2025-09-26 01:53:08
HS-002736,New,2025-09-03 05:47:21
HS-002737,New,2025-09-11 21:38:48
HS-002738,New,2025-11-07 06:52:05
HS-002739,New,2025-11-11 15:49:33
HS-002740,MQL,2026-01-17 15:54:13
HS-002740,New,2026-01-08 15:01:08
HS-002741,MQL,2025-10-17 04:36:34
HS-002741,New,2025-10-09 13:50:40
HS-002742,New,2025-12-20 22:49:17
HS-002743,MQL,2026-01-09 22:48:57
HS-002743,New,2025-12-29 20:33:44
HS-002743,SAL,2026-01-17 13:16:23
HS-002744,MQL,2025-10-03 04:00:29
HS-002744,New,2025-09-22 03:16:43
HS-002744,SAL,2025-10-04 11:01:18
HS-002745,MQL,2025-10-10 06:59:41
HS-002745,New,2025-10-05 21:30:14
HS-002746,MQL,2026-03-14 19:18:50
HS-002746,New,2026-03-07 19:01:10
HS-002746,SAL,2026-03-17 17:24:02
HS-002747,MQL,2025-11-28 10:30:33
HS-002747,New,2025-11-17 00:22:49
HS-002747,SAL,2025-11-30 14:15:19
HS-002748,MQL,2025-11-18 04:23:43
HS-002748,New,2025-11-08 09:57:14
HS-002749,New,2025-11-07 23:08:37
HS-002750,MQL,2026-03-18 20:59:40
HS-002750,New,2026-03-11 17:44:30
HS-002751,New,2025-11-24 03:06:07
HS-002752,MQL,2026-03-26 02:54:52
HS-002752,New,2026-03-19 01:37:07
HS-002753,New,2026-02-03 04:01:24
HS-002754,New,2026-03-04 07:37:38
HS-002755,New,2025-12-22 10:10:15
HS-002756,New,2025-10-01 20:57:07
HS-002757,New,2026-01-07 04:19:11
HS-002758,New,2025-10-29 00:47:32
HS-002759,New,2025-12-25 09:48:23
HS-002760,New,2025-10-19 04:32:32
HS-002761,MQL,2025-09-06 11:33:20
HS-002761,New,2025-08-29 15:42:25
HS-002761,SAL,2025-09-08 21:58:39
HS-002762,New,2025-09-10 18:52:09
HS-002763,New,2026-02-20 05:00:03
HS-002764,New,2026-02-27 09:03:03
HS-002765,New,2026-01-20 17:08:23
HS-002766,New,2025-11-17 07:05:42
HS-002767,MQL,2026-02-15 12:00:37
HS-002767,New,2026-02-11 00:34:58
HS-002768,MQL,2025-09-16 14:50:19
HS-002768,New,2025-09-10 22:32:29
HS-002769,MQL,2026-03-06 01:51:03
HS-002769,New,2026-03-02 05:07:49
HS-002770,MQL,2025-11-19 01:45:58
HS-002770,New,2025-11-16 11:34:14
HS-002770,SAL,2025-11-23 04:44:41
HS-002771,MQL,2025-12-27 01:26:15
HS-002771,New,2025-12-22 04:47:48
HS-002771,Opportunity,2026-01-10 23:22:34
HS-002771,SAL,2025-12-29 02:34:16
HS-002771,SQL,2026-01-03 10:51:20
HS-002772,New,2025-11-16 07:18:46
HS-002773,New,2026-01-20 17:09:20
HS-002774,New,2026-02-23 18:23:54
HS-002775,New,2026-01-03 18:14:37
HS-002776,New,2026-01-18 20:29:53
HS-002777,New,2025-09-25 21:24:25
HS-002778,MQL,2025-09-27 10:55:32
HS-002778,New,2025-09-13 05:27:50
HS-002779,MQL,2025-12-26 04:24:07
HS-002779,New,2025-12-19 22:17:41
HS-002780,MQL,2026-01-20 05:01:29
HS-002780,New,2026-01-17 12:05:58
HS-002780,SAL,2026-01-22 23:16:37
HS-002780,SQL,2026-01-24 20:15:28
HS-002781,MQL,2025-11-24 03:30:12
HS-002781,New,2025-11-18 03:45:26
HS-002781,SAL,2025-11-27 17:13:38
HS-002782,New,2025-11-14 22:19:39
HS-002783,MQL,2025-11-23 12:11:45
HS-002783,New,2025-11-17 04:28:09
HS-002783,SAL,2025-11-25 13:12:07
HS-002784,New,2026-03-14 08:12:21
HS-002785,MQL,2025-11-04 01:46:52
HS-002785,New,2025-10-26 13:30:35
HS-002785,Opportunity,2025-11-26 12:18:46
HS-002785,SAL,2025-11-09 03:04:20
HS-002785,SQL,2025-11-13 06:06:40
HS-002786,New,2025-11-21 12:16:48
HS-002787,MQL,2026-01-16 11:58:49
HS-002787,New,2026-01-07 04:18:31
HS-002788,New,2025-09-12 11:09:01
HS-002789,New,2025-12-15 22:19:53
HS-002790,New,2025-11-01 14:01:05
HS-002791,New,2025-09-26 11:35:40
HS-002792,New,2026-01-04 22:17:30
HS-002793,New,2026-03-03 22:23:35
HS-002794,MQL,2025-09-16 12:59:57
HS-002794,New,2025-09-12 14:24:10
HS-002794,Opportunity,2025-10-01 00:35:00
HS-002794,SAL,2025-09-18 19:25:24
HS-002794,SQL,2025-09-24 08:21:00
HS-002795,New,2025-12-08 09:09:51
HS-002796,MQL,2025-11-05 19:50:16
HS-002796,New,2025-11-03 10:21:27
HS-002797,MQL,2026-03-28 03:24:14
HS-002797,New,2026-03-06 00:10:24
HS-002798,New,2026-02-21 04:19:25
HS-002799,New,2025-09-03 14:59:09
HS-002800,MQL,2025-11-11 00:24:58
HS-002800,New,2025-10-29 07:38:13
HS-002801,New,2026-03-19 03:03:37
HS-002802,MQL,2025-12-03 08:21:39
HS-002802,New,2025-11-28 19:54:51
HS-002803,New,2025-11-13 09:05:34
HS-002804,MQL,2026-01-13 07:35:55
HS-002804,New,2026-01-08 00:02:54
HS-002805,New,2026-02-15 07:40:46
HS-002806,MQL,2025-12-27 02:19:44
HS-002806,New,2025-12-21 05:42:00
HS-002807,New,2026-02-21 00:31:26
HS-002808,New,2026-02-18 05:06:04
HS-002809,New,2025-09-04 20:58:09
HS-002810,New,2026-02-19 10:40:34
HS-002811,New,2025-11-15 09:45:57
HS-002812,MQL,2026-02-15 22:52:25
HS-002812,New,2026-02-13 15:27:36
HS-002813,New,2026-02-14 14:49:34
HS-002814,MQL,2025-11-20 22:25:39
HS-002814,New,2025-11-17 04:58:31
HS-002814,SAL,2025-11-25 09:33:34
HS-002815,New,2026-03-24 17:43:36
HS-002816,New,2026-03-01 07:42:07
HS-002817,MQL,2026-02-20 16:42:03
HS-002817,New,2026-02-15 06:15:50
HS-002818,MQL,2026-03-22 17:51:56
HS-002818,New,2026-03-18 12:01:44
HS-002818,SAL,2026-03-26 17:41:56
HS-002819,MQL,2026-02-18 22:55:18
HS-002819,New,2026-02-14 05:01:51
HS-002819,Opportunity,2026-02-27 08:35:42
HS-002819,SAL,2026-02-22 15:53:05
HS-002819,SQL,2026-02-24 14:45:38
HS-002820,MQL,2025-10-06 01:50:22
HS-002820,New,2025-09-19 04:45:23
HS-002821,New,2025-11-06 14:39:45
HS-002822,New,2025-11-22 09:50:52
HS-002823,MQL,2025-10-17 06:33:44
HS-002823,New,2025-10-09 11:38:15
HS-002823,SAL,2025-10-19 07:40:52
HS-002824,MQL,2025-09-17 14:24:43
HS-002824,New,2025-09-12 06:50:40
HS-002824,SAL,2025-09-20 01:37:36
HS-002825,MQL,2025-10-25 09:00:18
HS-002825,New,2025-10-15 05:00:53
HS-002825,SAL,2025-10-27 18:59:36
HS-002825,SQL,2025-10-30 01:56:18
HS-002826,MQL,2026-03-17 21:49:02
HS-002826,New,2026-03-13 21:01:09
HS-002827,MQL,2025-11-30 08:18:46
HS-002827,New,2025-11-27 10:41:23
HS-002827,SAL,2025-12-02 17:09:58
HS-002828,New,2026-01-01 12:26:55
HS-002829,MQL,2025-10-02 15:33:33
HS-002829,New,2025-09-27 14:24:59
HS-002829,SAL,2025-10-03 15:33:20
HS-002830,MQL,2025-10-30 19:36:33
HS-002830,New,2025-10-21 02:27:45
HS-002830,SAL,2025-11-01 12:02:09
HS-002831,New,2026-02-16 22:37:25
HS-002832,New,2025-12-16 19:32:08
HS-002833,MQL,2026-02-04 13:25:24
HS-002833,New,2026-01-28 08:15:36
HS-002834,New,2025-10-14 17:08:25
HS-002835,New,2025-10-07 13:32:09
HS-002836,MQL,2025-09-22 02:43:39
HS-002836,New,2025-09-15 05:38:39
HS-002836,Opportunity,2025-09-30 14:16:53
HS-002836,SAL,2025-09-23 11:41:05
HS-002836,SQL,2025-09-25 11:08:50
HS-002837,New,2025-12-19 17:04:21
HS-002838,MQL,2026-03-28 13:29:19
HS-002838,New,2026-03-26 12:54:20
HS-002839,MQL,2025-09-26 04:48:03
HS-002839,New,2025-09-16 21:32:26
HS-002839,SAL,2025-09-29 10:58:09
HS-002839,SQL,2025-10-01 22:11:27
HS-002840,MQL,2026-02-22 02:47:47
HS-002840,New,2026-02-17 22:36:12
HS-002841,MQL,2026-03-22 08:58:00
HS-002841,New,2026-03-12 16:27:07
HS-002841,SAL,2026-03-25 22:24:45
HS-002842,MQL,2025-12-08 12:04:48
HS-002842,New,2025-12-03 14:15:03
HS-002843,New,2025-09-20 08:56:55
HS-002844,MQL,2026-01-22 19:07:37
HS-002844,New,2026-01-11 21:58:55
HS-002845,MQL,2025-09-02 03:10:42
HS-002845,New,2025-08-25 19:35:24
HS-002845,Opportunity,2025-09-10 13:55:36
HS-002845,SAL,2025-09-05 08:48:17
HS-002845,SQL,2025-09-07 00:20:58
HS-002846,MQL,2025-12-10 04:38:13
HS-002846,New,2025-11-24 01:58:00
HS-002847,New,2026-03-29 07:42:54
HS-002848,New,2026-02-11 23:13:13
HS-002849,New,2025-09-05 05:27:17
HS-002850,New,2026-01-20 16:51:33
HS-002851,MQL,2026-03-26 18:11:02
HS-002851,New,2026-03-15 12:35:33
HS-002851,SAL,2026-03-27 07:37:51
HS-002852,New,2026-01-21 00:30:50
HS-002853,New,2025-11-14 07:22:59
HS-002854,MQL,2026-01-03 22:02:28
HS-002854,New,2025-12-24 11:58:03
HS-002855,New,2026-01-07 11:02:37
HS-002856,MQL,2026-02-07 23:45:37
HS-002856,New,2026-02-01 21:38:28
HS-002857,MQL,2026-03-15 05:52:50
HS-002857,New,2026-03-02 03:23:01
HS-002857,Opportunity,2026-03-28 21:14:41
HS-002857,SAL,2026-03-16 17:58:14
HS-002857,SQL,2026-03-20 20:58:24
HS-002858,MQL,2025-08-30 19:26:11
HS-002858,New,2025-08-25 23:47:12
HS-002859,MQL,2026-02-11 03:28:43
HS-002859,New,2026-02-05 05:07:54
HS-002859,Opportunity,2026-02-25 15:10:52
HS-002859,SAL,2026-02-13 06:12:50
HS-002859,SQL,2026-02-17 15:52:59
HS-002860,New,2025-12-16 22:28:53
HS-002861,MQL,2025-09-25 14:48:01
HS-002861,New,2025-09-14 15:50:50
HS-002862,MQL,2025-10-18 10:17:58
HS-002862,New,2025-10-04 20:20:43
HS-002862,Opportunity,2025-11-11 15:55:06
HS-002862,SAL,2025-10-24 08:44:29
HS-002862,SQL,2025-11-03 12:33:09
HS-002863,MQL,2025-09-21 14:34:55
HS-002863,New,2025-09-10 08:47:45
HS-002864,New,2025-09-23 00:02:34
HS-002865,New,2026-02-13 02:51:05
HS-002866,New,2026-02-10 21:56:28
HS-002867,MQL,2025-09-26 16:03:48
HS-002867,New,2025-09-21 18:46:57
HS-002868,New,2025-09-17 02:33:49
HS-002869,MQL,2026-02-14 21:10:38
HS-002869,New,2026-01-16 04:54:26
HS-002870,New,2025-10-11 01:13:27
HS-002871,MQL,2025-12-13 01:09:20
HS-002871,New,2025-12-05 15:45:51
HS-002871,SAL,2025-12-16 15:31:21
HS-002872,New,2025-10-26 10:27:50
HS-002873,New,2025-10-13 17:21:10
HS-002874,MQL,2025-11-01 07:01:53
HS-002874,New,2025-10-26 23:32:08
HS-002875,New,2025-12-02 01:18:51
HS-002876,New,2025-12-16 23:25:02
HS-002877,MQL,2025-12-23 16:49:25
HS-002877,New,2025-12-10 04:48:24
HS-002878,MQL,2026-01-01 07:19:03
HS-002878,New,2025-12-27 13:23:57
HS-002879,New,2025-12-12 10:50:11
HS-002880,New,2026-02-16 22:54:01
HS-002881,MQL,2026-01-14 14:23:57
HS-002881,New,2026-01-10 19:26:19
HS-002882,MQL,2026-02-25 20:50:32
HS-002882,New,2026-02-22 23:05:21
HS-002883,New,2026-02-14 10:02:29
HS-002884,New,2026-02-23 12:38:45
HS-002885,New,2026-03-18 14:38:29
HS-002886,MQL,2026-02-10 22:34:11
HS-002886,New,2026-02-01 06:41:45
HS-002887,New,2025-09-24 07:55:10
HS-002888,New,2026-03-09 22:51:11
HS-002889,New,2025-09-14 16:06:00
HS-002890,MQL,2025-12-03 03:55:30
HS-002890,New,2025-11-27 22:31:48
HS-002891,MQL,2025-12-28 06:23:06
HS-002891,New,2025-12-22 09:51:49
HS-002892,New,2026-01-30 04:30:36
HS-002893,MQL,2025-10-27 16:30:55
HS-002893,New,2025-10-14 00:17:09
HS-002894,New,2026-03-17 14:43:34
HS-002895,New,2026-03-12 20:31:24
HS-002896,MQL,2026-03-10 20:13:27
HS-002896,New,2026-02-27 00:13:53
HS-002897,New,2025-10-24 09:56:05
HS-002898,New,2026-01-04 17:27:03
HS-002899,New,2026-03-20 03:32:59
HS-002900,MQL,2025-09-13 07:48:42
HS-002900,New,2025-09-05 04:12:35
HS-002900,SAL,2025-09-15 16:32:01
HS-002901,MQL,2025-10-18 02:49:34
HS-002901,New,2025-09-17 08:07:21
HS-002902,New,2025-09-23 23:27:34
HS-002903,MQL,2025-12-01 20:34:49
HS-002903,New,2025-11-25 13:24:31
HS-002903,Opportunity,2025-12-11 17:57:34
HS-002903,SAL,2025-12-04 05:28:42
HS-002903,SQL,2025-12-06 20:35:29
HS-002904,New,2026-01-16 05:18:48
HS-002905,New,2025-09-28 18:53:59
HS-002906,New,2025-09-28 03:40:55
HS-002907,New,2025-11-30 21:32:17
HS-002908,MQL,2026-02-28 17:05:47
HS-002908,New,2026-02-20 06:58:46
HS-002909,MQL,2025-12-31 05:58:28
HS-002909,New,2025-12-21 03:21:13
HS-002909,SAL,2026-01-04 13:46:36
HS-002909,SQL,2026-01-14 15:12:04
HS-002910,MQL,2026-02-16 14:43:05
HS-002910,New,2026-02-12 05:11:09
HS-002911,New,2025-11-01 09:00:33
HS-002912,MQL,2026-03-20 09:08:36
HS-002912,New,2026-03-11 04:53:19
HS-002913,MQL,2025-09-12 19:22:48
HS-002913,New,2025-09-08 23:55:43
HS-002913,SAL,2025-09-17 00:39:03
HS-002914,MQL,2026-03-04 06:19:17
HS-002914,New,2026-02-28 08:01:41
HS-002914,Opportunity,2026-03-21 10:21:26
HS-002914,SAL,2026-03-08 03:03:36
HS-002914,SQL,2026-03-11 18:45:18
HS-002915,New,2026-03-20 02:21:31
HS-002916,MQL,2026-01-15 07:24:09
HS-002916,New,2026-01-11 00:54:30
HS-002917,New,2025-10-06 02:38:51
HS-002918,MQL,2026-02-12 18:04:41
HS-002918,New,2026-02-01 09:39:14
HS-002919,MQL,2025-10-25 22:02:28
HS-002919,New,2025-10-17 14:48:15
HS-002919,Opportunity,2025-11-05 19:06:08
HS-002919,SAL,2025-10-27 15:18:58
HS-002919,SQL,2025-10-31 03:50:44
HS-002920,MQL,2025-10-14 22:17:35
HS-002920,New,2025-10-08 19:04:38
HS-002920,Opportunity,2025-10-30 12:50:22
HS-002920,SAL,2025-10-16 11:02:42
HS-002920,SQL,2025-10-21 07:36:17
HS-002921,New,2026-03-05 14:13:43
HS-002922,MQL,2025-09-06 13:22:18
HS-002922,New,2025-08-27 00:24:58
HS-002922,SAL,2025-09-07 17:57:52
HS-002923,New,2025-11-11 13:09:13
HS-002924,New,2025-11-25 05:08:05
HS-002925,New,2026-01-02 18:11:51
HS-002926,New,2025-11-18 01:16:18
HS-002927,New,2026-03-28 05:45:34
HS-002928,New,2026-01-19 06:23:33
HS-002929,MQL,2025-09-06 22:02:41
HS-002929,New,2025-08-15 01:58:04
HS-002929,SAL,2025-09-09 10:52:02
HS-002930,New,2025-12-16 08:15:59
HS-002931,New,2026-02-13 00:41:53
HS-002932,New,2025-09-24 00:02:35
HS-002933,MQL,2025-11-28 01:08:14
HS-002933,New,2025-11-05 21:55:27
HS-002933,Opportunity,2025-12-12 23:33:17
HS-002933,SAL,2025-12-01 09:16:25
HS-002933,SQL,2025-12-05 03:02:29
HS-002934,New,2025-11-13 02:43:40
HS-002935,New,2026-03-25 16:42:18
HS-002936,New,2026-02-20 09:50:43
HS-002937,New,2025-10-05 10:43:36
HS-002938,New,2026-01-12 14:16:39
HS-002939,MQL,2025-10-12 20:14:26
HS-002939,New,2025-09-28 04:30:48
HS-002940,MQL,2026-03-27 14:09:32
HS-002940,New,2026-03-24 16:03:34
HS-002941,New,2025-12-26 07:24:38
HS-002942,New,2026-01-18 04:17:45
HS-002943,MQL,2025-12-01 04:46:47
HS-002943,New,2025-11-20 13:27:22
HS-002943,Opportunity,2025-12-10 21:52:25
HS-002943,SAL,2025-12-03 21:00:36
HS-002943,SQL,2025-12-06 16:53:30
HS-002944,New,2026-02-26 23:14:03
HS-002945,New,2026-01-11 18:37:48
HS-002946,MQL,2026-02-02 21:04:14
HS-002946,New,2026-01-26 20:31:42
HS-002946,SAL,2026-02-06 10:15:11
HS-002947,New,2025-12-15 01:12:24
HS-002948,New,2025-11-29 07:24:08
HS-002949,New,2026-02-16 02:28:47
HS-002950,New,2025-11-11 12:17:53
HS-002951,New,2025-12-06 08:34:12
HS-002952,MQL,2025-10-24 04:23:22
HS-002952,New,2025-10-05 03:53:12
HS-002952,Opportunity,2025-11-13 06:10:45
HS-002952,SAL,2025-10-29 21:35:19
HS-002952,SQL,2025-11-04 19:37:13
HS-002953,MQL,2026-03-15 12:59:44
HS-002953,New,2026-03-11 20:33:46
HS-002953,SAL,2026-03-19 08:32:02
HS-002953,SQL,2026-03-23 02:19:25
HS-002954,New,2025-10-15 18:32:56
HS-002955,New,2026-03-03 15:11:11
HS-002956,MQL,2026-01-25 02:44:04
HS-002956,New,2026-01-17 17:23:15
HS-002957,MQL,2025-09-29 04:51:08
HS-002957,New,2025-09-19 04:24:05
HS-002958,New,2026-02-26 10:39:00
HS-002959,New,2025-10-26 20:48:23
HS-002960,MQL,2025-12-18 20:34:46
HS-002960,New,2025-12-13 14:40:22
HS-002961,MQL,2025-10-29 10:23:19
HS-002961,New,2025-10-24 07:05:36
HS-002962,MQL,2026-02-16 07:48:08
HS-002962,New,2026-02-13 13:59:44
HS-002962,SAL,2026-02-17 22:34:51
HS-002963,New,2026-03-26 18:18:57
HS-002964,New,2025-11-13 16:28:48
HS-002965,New,2025-10-17 14:54:31
HS-002966,MQL,2025-10-23 11:36:50
HS-002966,New,2025-10-09 01:00:59
HS-002967,New,2025-09-27 07:51:27
HS-002968,New,2025-11-07 23:22:22
HS-002969,New,2026-01-22 14:43:22
HS-002970,New,2025-10-09 19:22:31
HS-002971,New,2025-11-12 17:13:40
HS-002972,New,2026-02-12 06:38:19
HS-002973,MQL,2026-01-06 05:42:37
HS-002973,New,2025-12-27 00:37:01
HS-002973,SAL,2026-01-10 03:53:48
HS-002974,MQL,2026-02-04 08:30:45
HS-002974,New,2026-01-26 15:13:04
HS-002974,SAL,2026-02-08 10:26:03
HS-002975,MQL,2025-11-29 10:52:10
HS-002975,New,2025-11-21 23:50:17
HS-002975,Opportunity,2025-12-11 08:23:50
HS-002975,SAL,2025-12-01 23:58:23
HS-002975,SQL,2025-12-04 15:09:19
HS-002976,MQL,2025-11-21 22:54:45
HS-002976,New,2025-11-10 20:28:31
HS-002977,MQL,2026-02-25 08:31:08
HS-002977,New,2026-02-09 17:31:12
HS-002978,New,2026-02-14 18:45:08
HS-002979,MQL,2025-11-10 22:30:22
HS-002979,New,2025-11-06 18:35:17
HS-002979,SAL,2025-11-16 03:58:10
HS-002980,New,2026-01-05 09:37:50
HS-002981,New,2026-02-07 19:22:30
HS-002982,New,2025-09-09 11:31:10
HS-002983,New,2025-11-26 21:04:54
HS-002984,MQL,2025-12-18 01:42:41
HS-002984,New,2025-12-16 20:03:14
HS-002984,SAL,2025-12-20 05:48:56
HS-002985,New,2025-10-17 10:04:49
HS-002986,MQL,2025-10-12 04:09:57
HS-002986,New,2025-10-04 14:26:27
HS-002987,MQL,2025-11-05 10:32:00
HS-002987,New,2025-10-27 00:50:14
HS-002987,SAL,2025-11-13 11:34:36
HS-002988,MQL,2026-02-23 03:57:37
HS-002988,New,2026-02-18 09:49:12
HS-002988,SAL,2026-02-26 21:52:10
HS-002989,New,2026-02-01 02:11:22
HS-002990,New,2025-09-03 22:22:04
HS-002991,MQL,2025-10-19 14:26:01
HS-002991,New,2025-10-09 03:30:26
HS-002991,SAL,2025-10-20 15:07:57
HS-002992,New,2025-12-21 01:23:06
HS-002993,New,2026-02-18 10:07:22
HS-002994,MQL,2026-03-09 02:24:05
HS-002994,New,2026-03-03 21:52:44
HS-002994,SAL,2026-03-13 04:45:55
HS-002995,MQL,2025-10-15 05:26:25
HS-002995,New,2025-10-10 06:59:29
HS-002995,SAL,2025-10-17 09:49:04
HS-002996,MQL,2026-03-04 02:30:46
HS-002996,New,2026-02-23 02:11:18
HS-002996,SAL,2026-03-05 12:34:33
HS-002997,New,2026-01-18 21:30:27
HS-002998,MQL,2025-11-23 15:43:04
HS-002998,New,2025-11-16 21:19:48
HS-002999,New,2026-02-05 08:42:55
HS-003000,New,2025-11-05 17:30:00
HS-003001,MQL,2025-11-06 07:22:29
HS-003001,New,2025-10-28 03:00:36
HS-003002,New,2025-10-26 16:00:34
HS-003003,MQL,2026-03-20 21:35:53
HS-003003,New,2026-03-05 22:58:06
HS-003003,SAL,2026-03-28 02:59:42
HS-003004,MQL,2026-03-23 07:17:30
HS-003004,New,2026-03-06 07:04:23
HS-003004,SAL,2026-03-26 20:03:51
HS-003005,MQL,2026-02-24 12:56:45
HS-003005,New,2026-02-05 06:42:44
HS-003006,MQL,2025-09-05 12:33:29
HS-003006,New,2025-08-29 14:15:40
HS-003006,Opportunity,2025-09-15 16:32:53
HS-003006,SAL,2025-09-06 09:20:53
HS-003006,SQL,2025-09-11 03:26:24
HS-003007,MQL,2026-01-02 08:48:54
HS-003007,New,2025-12-26 15:54:34
HS-003007,SAL,2026-01-09 23:45:52
HS-003008,New,2026-01-22 12:32:04
HS-003009,MQL,2025-11-06 01:34:39
HS-003009,New,2025-11-01 19:51:13
HS-003009,Opportunity,2025-11-12 10:03:59
HS-003009,SAL,2025-11-07 08:04:22
HS-003009,SQL,2025-11-09 00:12:19
HS-003010,MQL,2025-08-31 17:29:07
HS-003010,New,2025-08-28 18:16:01
HS-003011,MQL,2026-01-18 22:43:22
HS-003011,New,2026-01-13 02:21:39
HS-003011,SAL,2026-01-21 08:21:03
HS-003012,New,2025-11-27 07:49:30
HS-003013,New,2025-10-02 09:38:45
HS-003014,New,2026-02-22 00:52:05
HS-003015,MQL,2025-12-22 08:01:11
HS-003015,New,2025-12-08 03:25:41
HS-003016,MQL,2025-09-25 04:47:56
HS-003016,New,2025-09-18 09:07:16
HS-003016,SAL,2025-09-28 06:23:40
HS-003017,MQL,2025-11-21 09:04:20
HS-003017,New,2025-11-14 02:39:45
HS-003018,New,2025-12-17 20:53:53
HS-003019,New,2026-01-07 23:54:47
HS-003020,MQL,2025-10-18 20:11:22
HS-003020,New,2025-10-14 04:56:31
HS-003021,New,2025-09-11 15:37:24
HS-003022,New,2026-02-16 05:29:53
HS-003023,New,2025-11-10 17:44:48
HS-003024,MQL,2025-12-03 13:10:43
HS-003024,New,2025-11-28 19:05:20
HS-003025,MQL,2026-01-13 06:29:57
HS-003025,New,2025-12-28 18:45:53
HS-003025,SAL,2026-01-19 14:28:08
HS-003025,SQL,2026-01-26 15:16:24
HS-003026,MQL,2025-10-26 07:58:06
HS-003026,New,2025-10-22 02:19:53
HS-003026,Opportunity,2025-11-04 11:29:41
HS-003026,SAL,2025-10-28 16:15:27
HS-003026,SQL,2025-11-01 10:35:27
HS-003027,New,2026-01-06 00:47:00
HS-003028,MQL,2025-10-01 23:28:58
HS-003028,New,2025-09-27 22:04:24
HS-003028,SAL,2025-10-04 06:28:17
HS-003029,MQL,2025-12-17 00:47:54
HS-003029,New,2025-12-12 21:39:21
HS-003029,Opportunity,2025-12-23 01:41:15
HS-003029,SAL,2025-12-17 22:36:55
HS-003029,SQL,2025-12-20 21:56:35
HS-003030,New,2026-03-30 05:38:01
HS-003031,New,2025-12-08 04:31:29
HS-003032,MQL,2025-12-23 17:48:28
HS-003032,New,2025-12-10 13:09:13
HS-003032,Opportunity,2026-01-30 11:12:09
HS-003032,SAL,2025-12-29 09:43:26
HS-003032,SQL,2026-01-07 11:57:39
HS-003033,MQL,2025-11-07 06:00:19
HS-003033,New,2025-10-31 01:19:31
HS-003033,SAL,2025-11-08 17:55:14
HS-003034,MQL,2025-09-07 04:02:49
HS-003034,New,2025-08-23 05:51:35
HS-003035,New,2025-09-01 22:16:59
HS-003036,New,2026-03-08 12:40:51
HS-003037,MQL,2025-12-23 08:30:58
HS-003037,New,2025-12-20 15:23:38
HS-003038,MQL,2026-01-19 14:57:23
HS-003038,New,2026-01-12 16:59:40
HS-003038,Opportunity,2026-01-27 12:46:50
HS-003038,SAL,2026-01-21 08:38:05
HS-003038,SQL,2026-01-23 13:00:18
HS-003039,MQL,2025-09-20 01:02:24
HS-003039,New,2025-08-30 05:26:13
HS-003039,Opportunity,2025-10-19 03:19:53
HS-003039,SAL,2025-09-22 07:39:39
HS-003039,SQL,2025-09-29 13:34:16
HS-003040,MQL,2026-03-26 09:17:16
HS-003040,New,2026-03-17 09:54:31
HS-003041,MQL,2025-12-21 07:03:45
HS-003041,New,2025-12-12 07:18:56
HS-003042,MQL,2026-02-23 00:21:29
HS-003042,New,2026-02-18 02:45:32
HS-003042,Opportunity,2026-03-09 14:28:58
HS-003042,SAL,2026-02-25 18:53:53
HS-003042,SQL,2026-02-27 08:36:16
HS-003043,New,2025-10-11 10:44:42
HS-003044,New,2026-01-02 10:43:06
HS-003045,New,2025-11-14 23:42:21
HS-003046,New,2026-01-07 13:40:57
HS-003047,MQL,2025-11-21 21:27:26
HS-003047,New,2025-11-14 10:45:10
HS-003048,New,2025-10-14 00:22:32
HS-003049,New,2025-09-10 21:54:36
HS-003050,MQL,2025-12-26 09:06:02
HS-003050,New,2025-11-22 02:01:36
HS-003050,SAL,2025-12-31 17:34:39
HS-003051,MQL,2025-11-20 08:37:48
HS-003051,New,2025-11-12 11:34:10
HS-003051,Opportunity,2025-12-19 13:12:58
HS-003051,SAL,2025-11-23 07:04:49
HS-003051,SQL,2025-12-10 12:42:26
HS-003052,MQL,2026-02-19 23:54:01
HS-003052,New,2026-02-11 19:24:55
HS-003053,MQL,2025-09-03 11:57:41
HS-003053,New,2025-08-30 22:22:08
HS-003054,New,2026-01-06 16:49:35
HS-003055,MQL,2025-10-30 19:55:15
HS-003055,New,2025-10-13 15:11:38
HS-003055,Opportunity,2025-12-02 06:35:26
HS-003055,SAL,2025-11-03 07:33:42
HS-003055,SQL,2025-11-11 16:41:25
HS-003056,MQL,2026-02-24 10:08:19
HS-003056,New,2026-02-16 21:34:54
HS-003057,New,2025-12-09 11:33:25
HS-003058,MQL,2025-10-24 16:18:47
HS-003058,New,2025-10-18 06:07:09
HS-003058,SAL,2025-10-29 11:49:51
HS-003059,New,2026-03-10 14:40:06
HS-003060,New,2025-09-11 07:21:30
HS-003061,MQL,2025-11-21 11:47:48
HS-003061,New,2025-11-06 16:34:55
HS-003062,New,2026-03-06 17:16:40
HS-003063,MQL,2026-02-22 21:27:37
HS-003063,New,2026-02-14 23:27:09
HS-003063,Opportunity,2026-03-10 00:48:51
HS-003063,SAL,2026-02-27 03:13:52
HS-003063,SQL,2026-02-28 05:06:16
HS-003064,New,2025-11-01 05:49:15
HS-003065,New,2025-12-14 07:54:09
HS-003066,New,2026-01-21 03:17:33
HS-003067,MQL,2025-12-03 08:54:03
HS-003067,New,2025-11-27 02:49:45
HS-003067,SAL,2025-12-06 15:59:11
HS-003068,New,2025-12-09 14:49:30
HS-003069,MQL,2026-01-07 06:24:06
HS-003069,New,2025-12-30 13:18:19
HS-003070,MQL,2025-12-21 10:06:34
HS-003070,New,2025-12-13 02:40:37
HS-003071,New,2026-03-16 00:44:29
HS-003072,New,2026-01-01 07:08:10
HS-003073,MQL,2025-09-08 22:07:15
HS-003073,New,2025-09-06 08:14:32
HS-003074,New,2025-11-04 21:21:27
HS-003075,MQL,2025-09-12 17:48:12
HS-003075,New,2025-09-09 21:43:32
HS-003075,SAL,2025-09-15 01:49:17
HS-003076,New,2026-02-02 21:54:12
HS-003077,MQL,2025-12-13 07:34:16
HS-003077,New,2025-11-29 02:59:30
HS-003077,SAL,2025-12-16 09:14:31
HS-003078,MQL,2025-11-02 22:34:06
HS-003078,New,2025-10-21 00:08:24
HS-003079,New,2026-01-08 09:01:25
HS-003080,MQL,2026-03-24 15:39:20
HS-003080,New,2026-03-15 03:54:45
HS-003080,SAL,2026-03-27 09:06:44
HS-003080,SQL,2026-03-31 17:53:12
HS-003081,MQL,2025-09-03 01:50:12
HS-003081,New,2025-08-28 09:01:04
HS-003081,SAL,2025-09-06 10:38:13
HS-003082,New,2025-11-25 16:33:46
HS-003083,MQL,2025-10-30 04:08:58
HS-003083,New,2025-10-24 01:05:31
HS-003084,MQL,2025-09-20 18:30:32
HS-003084,New,2025-09-13 12:29:58
HS-003085,New,2026-01-15 17:54:15
HS-003086,New,2025-10-11 18:28:14
HS-003087,New,2025-12-10 12:53:05
HS-003088,MQL,2025-12-25 09:41:00
HS-003088,New,2025-12-14 11:53:34
HS-003089,New,2025-09-10 06:22:24
HS-003090,MQL,2025-12-13 20:34:20
HS-003090,New,2025-11-26 05:24:20
HS-003091,MQL,2026-03-10 01:42:52
HS-003091,New,2026-03-02 16:57:46
HS-003092,New,2025-12-16 07:07:07
HS-003093,MQL,2026-02-15 20:36:50
HS-003093,New,2026-02-06 08:59:53
HS-003094,MQL,2026-02-05 00:32:18
HS-003094,New,2026-01-19 03:06:58
HS-003094,Opportunity,2026-03-30 02:18:02
HS-003094,SAL,2026-02-11 14:46:17
HS-003094,SQL,2026-02-27 01:57:28
HS-003095,New,2026-03-18 15:51:17
HS-003096,New,2025-12-13 20:36:15
HS-003097,MQL,2025-10-13 04:31:31
HS-003097,New,2025-10-07 07:47:58
HS-003098,New,2025-11-18 13:38:32
HS-003099,MQL,2026-01-07 09:18:37
HS-003099,New,2026-01-03 13:01:31
HS-003100,MQL,2025-11-01 09:07:44
HS-003100,New,2025-10-25 23:53:34
HS-003101,New,2026-03-16 18:17:24
HS-003102,New,2026-01-29 03:33:43
HS-003103,New,2025-09-27 02:46:01
HS-003104,New,2026-02-25 22:33:21
HS-003105,New,2025-10-03 12:58:52
HS-003106,MQL,2026-01-02 15:31:23
HS-003106,New,2025-12-22 12:29:27
HS-003106,SAL,2026-01-05 10:46:57
HS-003107,New,2026-02-15 03:21:17
HS-003108,New,2025-10-12 16:39:05
HS-003109,New,2025-12-13 00:01:07
HS-003110,New,2025-11-29 07:30:04
HS-003111,MQL,2025-09-20 20:55:05
HS-003111,New,2025-09-10 07:00:39
HS-003112,MQL,2025-10-25 08:32:05
HS-003112,New,2025-10-21 21:22:17
HS-003113,New,2025-11-20 13:11:09
HS-003114,New,2025-12-27 20:04:32
HS-003115,New,2026-03-02 21:07:33
HS-003116,MQL,2026-03-11 10:33:03
HS-003116,New,2026-03-07 18:59:19
HS-003116,SAL,2026-03-13 18:05:34
HS-003116,SQL,2026-03-16 22:04:26
HS-003117,MQL,2026-03-19 03:23:56
HS-003117,New,2026-03-08 09:54:36
HS-003118,MQL,2025-10-19 21:10:20
HS-003118,New,2025-09-29 01:40:23
HS-003119,MQL,2025-09-05 10:54:06
HS-003119,New,2025-08-23 17:45:59
HS-003120,MQL,2026-03-28 20:23:37
HS-003120,New,2026-03-13 02:57:14
HS-003120,SAL,2026-03-30 07:14:11
HS-003121,MQL,2025-12-09 23:49:27
HS-003121,New,2025-11-27 11:47:33
HS-003122,New,2026-02-22 20:04:41
HS-003123,MQL,2025-11-11 19:50:27
HS-003123,New,2025-11-05 09:35:01
HS-003123,Opportunity,2025-12-03 21:29:16
HS-003123,SAL,2025-11-17 11:53:07
HS-003123,SQL,2025-11-24 16:33:09
HS-003124,New,2026-01-03 02:05:00
HS-003125,MQL,2026-01-03 15:44:22
HS-003125,New,2025-12-28 08:52:52
HS-003125,Opportunity,2026-01-24 19:42:42
HS-003125,SAL,2026-01-06 11:08:15
HS-003125,SQL,2026-01-08 23:29:08
HS-003126,New,2025-10-06 13:26:17
HS-003127,MQL,2025-10-13 20:21:45
HS-003127,New,2025-10-10 19:35:50
HS-003127,SAL,2025-10-15 08:27:30
HS-003128,New,2025-11-30 12:56:54
HS-003129,MQL,2026-02-23 22:38:41
HS-003129,New,2026-02-15 16:48:09
HS-003129,SAL,2026-02-25 19:01:31
HS-003130,MQL,2025-12-22 08:57:54
HS-003130,New,2025-12-08 19:55:12
HS-003131,New,2026-02-09 10:14:36
HS-003132,MQL,2025-10-15 13:56:19
HS-003132,New,2025-10-07 08:59:22
HS-003133,New,2025-09-29 17:47:15
HS-003134,MQL,2025-12-14 01:18:05
HS-003134,New,2025-12-04 15:42:56
HS-003135,MQL,2026-03-17 03:56:43
HS-003135,New,2026-03-02 22:23:34
HS-003136,New,2025-09-18 04:47:08
HS-003137,MQL,2025-10-12 07:48:42
HS-003137,New,2025-10-03 19:29:16
HS-003137,SAL,2025-10-13 19:27:16
HS-003138,New,2025-11-17 22:13:25
HS-003139,New,2025-12-05 22:37:41
HS-003140,MQL,2026-03-10 20:15:38
HS-003140,New,2026-03-06 10:56:14
HS-003141,MQL,2026-02-03 12:19:37
HS-003141,New,2026-01-30 15:13:46
HS-003142,New,2026-03-21 07:25:27
HS-003143,New,2025-11-22 01:13:02
HS-003144,MQL,2025-09-06 01:11:40
HS-003144,New,2025-08-22 07:12:12
HS-003145,MQL,2025-10-16 04:25:42
HS-003145,New,2025-10-12 11:55:21
HS-003146,New,2025-10-24 00:34:19
HS-003147,MQL,2026-01-13 01:20:54
HS-003147,New,2026-01-08 07:40:26
HS-003147,Opportunity,2026-01-22 10:21:41
HS-003147,SAL,2026-01-16 11:12:27
HS-003147,SQL,2026-01-18 16:54:01
HS-003148,MQL,2025-10-28 15:28:30
HS-003148,New,2025-10-18 18:55:49
HS-003149,MQL,2025-10-30 03:16:09
HS-003149,New,2025-10-25 05:33:26
HS-003149,SAL,2025-11-01 10:51:41
HS-003150,MQL,2025-10-26 12:10:34
HS-003150,New,2025-10-22 15:40:26
HS-003150,SAL,2025-10-28 20:50:40
HS-003150,SQL,2025-10-30 21:30:51
HS-003151,New,2025-09-14 23:52:53
HS-003152,New,2025-11-05 16:35:19
HS-003153,MQL,2025-11-11 09:43:45
HS-003153,New,2025-11-01 08:51:23
HS-003153,SAL,2025-11-18 21:28:09
HS-003154,New,2025-10-24 06:19:40
HS-003155,MQL,2025-09-13 09:27:34
HS-003155,New,2025-09-08 11:56:38
HS-003156,MQL,2025-11-24 03:55:36
HS-003156,New,2025-10-31 04:15:32
HS-003156,SAL,2025-11-27 21:05:16
HS-003157,New,2025-11-05 06:54:51
HS-003158,New,2025-11-09 15:43:54
HS-003159,New,2026-03-15 06:21:27
HS-003160,MQL,2026-01-01 09:41:13
HS-003160,New,2025-12-28 23:09:28
HS-003160,Opportunity,2026-01-15 19:12:46
HS-003160,SAL,2026-01-03 05:47:53
HS-003160,SQL,2026-01-11 21:00:46
HS-003161,MQL,2026-03-23 06:51:29
HS-003161,New,2026-03-19 18:48:20
HS-003162,MQL,2025-09-02 11:32:35
HS-003162,New,2025-08-24 03:02:45
HS-003163,MQL,2025-09-01 15:49:23
HS-003163,New,2025-08-26 19:23:30
HS-003164,MQL,2026-02-28 23:44:16
HS-003164,New,2026-02-14 16:51:03
HS-003165,MQL,2026-03-22 07:59:44
HS-003165,New,2026-03-12 08:29:33
HS-003165,SAL,2026-03-26 22:01:00
HS-003165,SQL,2026-03-29 13:07:34
HS-003166,MQL,2026-02-01 12:33:41
HS-003166,New,2026-01-29 02:08:32
HS-003166,Opportunity,2026-02-08 02:39:31
HS-003166,SAL,2026-02-04 06:41:56
HS-003166,SQL,2026-02-06 08:32:49
HS-003167,MQL,2025-10-12 10:55:39
HS-003167,New,2025-09-19 13:09:06
HS-003167,Opportunity,2025-12-26 11:48:52
HS-003167,SAL,2025-10-22 09:39:09
HS-003167,SQL,2025-11-25 21:31:12
HS-003168,New,2026-01-21 10:37:07
HS-003169,New,2025-10-14 19:06:16
HS-003170,MQL,2025-12-15 03:49:43
HS-003170,New,2025-12-07 08:24:33
HS-003171,New,2025-11-14 07:08:39
HS-003172,MQL,2025-09-16 10:39:35
HS-003172,New,2025-09-06 05:10:15
HS-003172,SAL,2025-09-19 01:21:01
HS-003172,SQL,2025-09-23 09:19:30
HS-003173,MQL,2025-11-30 16:33:26
HS-003173,New,2025-11-23 17:19:08
HS-003173,Opportunity,2025-12-08 12:45:37
HS-003173,SAL,2025-12-02 00:54:43
HS-003173,SQL,2025-12-05 05:51:13
HS-003174,New,2026-02-03 19:48:10
HS-003175,New,2026-02-02 16:09:26
HS-003176,New,2025-11-13 10:43:48
HS-003177,MQL,2026-02-23 02:06:58
HS-003177,New,2026-02-05 05:34:32
HS-003177,Opportunity,2026-03-06 05:58:33
HS-003177,SAL,2026-02-26 06:43:07
HS-003177,SQL,2026-03-01 11:02:38
HS-003178,New,2026-01-11 12:50:59
HS-003179,MQL,2026-02-14 18:03:46
HS-003179,New,2026-02-09 19:20:15
HS-003180,MQL,2026-03-10 13:01:58
HS-003180,New,2026-03-02 00:19:12
HS-003181,New,2025-09-18 07:16:42
HS-003182,MQL,2026-01-24 22:02:38
HS-003182,New,2026-01-17 05:03:46
HS-003183,New,2025-10-30 06:54:08
HS-003184,MQL,2025-10-15 07:41:52
HS-003184,New,2025-10-08 13:28:11
HS-003184,Opportunity,2025-10-21 22:11:11
HS-003184,SAL,2025-10-17 03:55:18
HS-003184,SQL,2025-10-18 19:05:49
HS-003185,MQL,2025-10-15 14:01:12
HS-003185,New,2025-10-12 18:12:47
HS-003186,MQL,2025-09-04 14:43:19
HS-003186,New,2025-08-28 05:05:23
HS-003186,SAL,2025-09-07 04:07:58
HS-003187,New,2026-03-03 14:43:50
HS-003188,New,2026-02-01 01:14:31
HS-003189,MQL,2025-09-30 16:00:35
HS-003189,New,2025-09-28 11:39:59
HS-003190,MQL,2025-12-04 18:29:13
HS-003190,New,2025-11-19 00:01:28
HS-003190,SAL,2025-12-06 11:01:14
HS-003191,MQL,2025-11-11 21:42:06
HS-003191,New,2025-11-07 12:43:20
HS-003191,Opportunity,2025-11-24 18:32:16
HS-003191,SAL,2025-11-15 01:40:02
HS-003191,SQL,2025-11-17 13:12:17
HS-003192,MQL,2025-12-18 00:17:09
HS-003192,New,2025-11-22 01:52:07
HS-003193,MQL,2026-01-29 02:00:54
HS-003193,New,2026-01-20 19:17:47
HS-003193,SAL,2026-02-04 19:26:16
HS-003194,MQL,2026-02-09 20:27:23
HS-003194,New,2026-01-31 04:21:59
HS-003194,Opportunity,2026-02-25 19:42:33
HS-003194,SAL,2026-02-12 02:29:50
HS-003194,SQL,2026-02-17 11:28:14
HS-003195,MQL,2026-01-03 23:17:21
HS-003195,New,2025-12-24 18:43:11
HS-003195,SAL,2026-01-04 19:21:31
HS-003195,SQL,2026-01-07 08:05:51
HS-003196,New,2025-11-20 14:25:51
HS-003197,New,2025-10-13 22:03:39
HS-003198,MQL,2025-10-31 09:53:02
HS-003198,New,2025-10-25 03:31:28
HS-003198,SAL,2025-11-04 05:07:43
HS-003199,MQL,2025-09-02 15:21:51
HS-003199,New,2025-08-23 23:28:17
HS-003199,SAL,2025-09-07 07:47:31
HS-003200,MQL,2026-03-18 16:31:23
HS-003200,New,2026-03-11 05:07:56
HS-003201,New,2026-02-19 17:59:25
HS-003202,MQL,2026-03-21 08:14:48
HS-003202,New,2026-03-14 21:46:13
HS-003203,MQL,2025-12-02 18:43:59
HS-003203,New,2025-11-24 04:51:57
HS-003203,Opportunity,2025-12-13 10:26:23
HS-003203,SAL,2025-12-06 10:17:51
HS-003203,SQL,2025-12-09 18:53:11
HS-003204,New,2026-01-24 01:37:46
HS-003205,MQL,2025-09-22 23:56:07
HS-003205,New,2025-09-17 12:43:36
HS-003205,SAL,2025-09-26 03:49:08
HS-003206,New,2025-11-16 04:08:03
HS-003207,MQL,2025-11-08 07:45:27
HS-003207,New,2025-10-28 16:13:39
HS-003207,SAL,2025-11-12 14:22:58
HS-003208,MQL,2025-09-17 19:57:19
HS-003208,New,2025-09-06 21:12:56
HS-003208,Opportunity,2025-10-01 19:01:01
HS-003208,SAL,2025-09-20 04:27:24
HS-003208,SQL,2025-09-26 19:07:37
HS-003209,New,2026-01-02 11:06:23
HS-003210,MQL,2026-02-18 16:41:05
HS-003210,New,2026-02-15 04:34:19
HS-003210,SAL,2026-02-22 06:02:00
HS-003211,MQL,2026-01-08 18:24:34
HS-003211,New,2025-12-30 15:47:11
HS-003212,MQL,2026-01-30 07:48:29
HS-003212,New,2026-01-25 07:40:25
HS-003213,MQL,2025-12-11 20:27:24
HS-003213,New,2025-12-01 23:15:28
HS-003214,MQL,2026-01-31 22:44:43
HS-003214,New,2026-01-23 01:20:55
HS-003214,Opportunity,2026-02-15 12:34:56
HS-003214,SAL,2026-02-02 20:50:50
HS-003214,SQL,2026-02-06 15:12:01
HS-003215,New,2026-03-06 08:56:33
HS-003216,MQL,2026-02-15 03:57:08
HS-003216,New,2026-02-07 10:58:22
HS-003216,Opportunity,2026-03-24 13:18:30
HS-003216,SAL,2026-02-18 13:11:07
HS-003216,SQL,2026-02-22 23:57:25
HS-003217,MQL,2025-12-02 02:44:07
HS-003217,New,2025-11-25 07:36:37
HS-003218,MQL,2026-01-13 11:19:23
HS-003218,New,2026-01-04 05:54:34
HS-003218,Opportunity,2026-01-30 20:37:20
HS-003218,SAL,2026-01-17 05:00:22
HS-003218,SQL,2026-01-20 15:23:18
HS-003219,MQL,2025-12-24 16:37:31
HS-003219,New,2025-12-20 09:02:41
HS-003219,SAL,2025-12-27 21:52:19
HS-003219,SQL,2025-12-29 08:38:00
HS-003220,MQL,2025-09-22 23:43:21
HS-003220,New,2025-09-16 09:05:39
HS-003220,Opportunity,2025-10-01 03:04:26
HS-003220,SAL,2025-09-24 06:13:34
HS-003220,SQL,2025-09-27 13:52:51
HS-003221,New,2025-12-03 16:17:47
HS-003222,MQL,2025-09-12 13:08:32
HS-003222,New,2025-09-08 14:13:18
HS-003222,SAL,2025-09-16 15:43:01
HS-003222,SQL,2025-09-21 11:50:35
HS-003223,New,2025-11-29 18:30:35
HS-003224,New,2025-12-10 03:19:41
HS-003225,MQL,2025-12-26 17:37:41
HS-003225,New,2025-12-22 20:01:45
HS-003225,Opportunity,2026-01-10 22:28:11
HS-003225,SAL,2025-12-27 19:25:28
HS-003225,SQL,2025-12-30 03:29:44
HS-003226,MQL,2025-12-15 12:48:06
HS-003226,New,2025-12-11 22:05:08
HS-003226,SAL,2025-12-20 15:07:12
HS-003227,New,2025-09-09 11:00:07
HS-003228,New,2026-01-15 06:57:25
HS-003229,MQL,2026-03-06 05:19:13
HS-003229,New,2026-02-25 09:36:57
HS-003230,MQL,2025-11-24 09:37:12
HS-003230,New,2025-11-18 17:11:55
HS-003230,SAL,2025-11-26 03:46:45
HS-003231,New,2026-03-27 19:31:44
HS-003232,MQL,2026-01-20 16:31:13
HS-003232,New,2026-01-08 19:38:14
HS-003233,MQL,2026-01-16 16:11:52
HS-003233,New,2026-01-13 13:19:14
HS-003234,New,2025-10-10 18:30:12
HS-003235,MQL,2025-09-26 16:09:45
HS-003235,New,2025-09-17 14:04:38
HS-003235,SAL,2025-09-28 23:51:28
HS-003236,MQL,2026-01-19 10:03:22
HS-003236,New,2026-01-06 11:42:55
HS-003236,SAL,2026-01-20 22:47:30
HS-003237,New,2026-01-07 01:54:58
HS-003238,New,2025-10-19 15:36:59
HS-003239,MQL,2026-01-24 23:47:03
HS-003239,New,2026-01-17 10:46:25
HS-003239,SAL,2026-01-27 06:10:00
HS-003240,MQL,2025-11-02 08:39:27
HS-003240,New,2025-10-26 19:07:08
HS-003241,MQL,2026-01-22 03:27:40
HS-003241,New,2026-01-04 02:17:54
HS-003242,New,2025-09-26 21:05:38
HS-003243,MQL,2026-03-11 00:52:11
HS-003243,New,2026-03-02 16:24:52
HS-003243,Opportunity,2026-03-25 06:23:27
HS-003243,SAL,2026-03-12 10:28:07
HS-003243,SQL,2026-03-14 19:56:08
HS-003244,New,2025-10-16 19:00:09
HS-003245,MQL,2025-11-22 05:49:53
HS-003245,New,2025-11-17 04:42:34
HS-003245,Opportunity,2025-12-13 05:58:34
HS-003245,SAL,2025-11-23 19:48:45
HS-003245,SQL,2025-11-30 10:41:45
HS-003246,MQL,2026-03-27 08:00:53
HS-003246,New,2026-03-18 04:07:36
HS-003246,SAL,2026-03-28 05:16:54
HS-003247,MQL,2025-10-18 14:05:59
HS-003247,New,2025-10-14 01:23:06
HS-003247,Opportunity,2025-10-31 18:32:46
HS-003247,SAL,2025-10-20 23:03:24
HS-003247,SQL,2025-10-24 08:43:59
HS-003248,MQL,2025-12-02 21:18:09
HS-003248,New,2025-11-24 22:24:45
HS-003249,New,2026-03-13 19:47:45
HS-003250,MQL,2025-12-04 22:49:15
HS-003250,New,2025-11-24 05:08:44
HS-003250,SAL,2025-12-08 15:47:00
HS-003251,MQL,2025-09-07 03:39:06
HS-003251,New,2025-08-26 10:38:07
HS-003252,MQL,2026-03-06 11:43:57
HS-003252,New,2026-02-27 23:01:59
HS-003253,New,2025-12-28 13:49:15
HS-003254,New,2026-03-14 09:01:13
HS-003255,MQL,2025-11-25 08:35:25
HS-003255,New,2025-11-16 15:37:38
HS-003256,New,2026-01-27 04:08:44
HS-003257,MQL,2025-10-02 22:28:15
HS-003257,New,2025-09-27 16:41:07
HS-003257,Opportunity,2025-10-09 23:52:48
HS-003257,SAL,2025-10-05 01:13:40
HS-003257,SQL,2025-10-07 00:32:50
HS-003258,MQL,2025-12-26 14:26:21
HS-003258,New,2025-12-19 12:01:26
HS-003258,Opportunity,2026-01-05 23:58:07
HS-003258,SAL,2025-12-29 07:49:56
HS-003258,SQL,2026-01-01 05:13:41
HS-003259,New,2025-11-21 01:13:23
HS-003260,MQL,2026-03-19 12:04:14
HS-003260,New,2026-03-05 08:57:14
HS-003260,SAL,2026-03-24 23:08:52
HS-003261,MQL,2026-01-27 04:58:04
HS-003261,New,2026-01-23 04:22:41
HS-003261,SAL,2026-02-01 20:05:54
HS-003262,New,2026-02-07 08:02:32
HS-003263,MQL,2026-02-10 00:01:27
HS-003263,New,2026-02-02 19:49:10
HS-003263,SAL,2026-02-14 01:45:21
HS-003263,SQL,2026-02-19 04:26:53
HS-003264,New,2026-02-20 05:19:25
HS-003265,MQL,2026-03-13 12:54:14
HS-003265,New,2026-03-09 00:35:28
HS-003266,MQL,2025-11-08 16:05:23
HS-003266,New,2025-10-30 04:48:50
HS-003267,MQL,2025-10-05 05:12:01
HS-003267,New,2025-10-02 00:54:54
HS-003267,SAL,2025-10-08 08:33:23
HS-003267,SQL,2025-10-11 05:59:03
HS-003268,MQL,2025-09-08 16:38:35
HS-003268,New,2025-09-02 10:02:55
HS-003269,New,2026-01-07 10:09:20
HS-003270,New,2025-10-17 06:56:05
HS-003271,MQL,2026-03-13 08:24:09
HS-003271,New,2026-03-09 22:16:18
HS-003271,SAL,2026-03-19 05:00:44
HS-003272,New,2025-12-27 00:58:11
HS-003273,MQL,2026-01-30 10:50:11
HS-003273,New,2026-01-24 16:35:57
HS-003274,New,2025-12-27 09:02:41
HS-003275,MQL,2025-11-04 19:54:50
HS-003275,New,2025-10-24 20:16:29
HS-003276,New,2025-11-16 12:57:20
HS-003277,New,2025-11-02 19:33:43
HS-003278,New,2025-11-30 05:25:17
HS-003279,New,2025-09-24 02:17:44
HS-003280,New,2025-11-02 14:16:58
HS-003281,New,2025-11-01 05:06:10
HS-003282,New,2026-02-17 13:31:43
HS-003283,New,2025-11-25 10:02:54
HS-003284,New,2025-11-22 14:45:00
HS-003285,New,2026-01-21 21:51:55
HS-003286,New,2025-10-30 09:01:25
HS-003287,MQL,2025-09-19 09:33:33
HS-003287,New,2025-09-13 12:23:41
HS-003287,Opportunity,2025-10-05 18:15:07
HS-003287,SAL,2025-09-20 20:57:20
HS-003287,SQL,2025-09-23 22:40:37
HS-003288,MQL,2025-11-24 12:35:39
HS-003288,New,2025-11-19 11:32:35
HS-003289,MQL,2026-03-12 22:18:01
HS-003289,New,2026-03-02 18:08:38
HS-003290,New,2025-10-31 11:27:54
HS-003291,New,2025-11-07 11:29:11
HS-003292,New,2025-10-22 06:26:44
HS-003293,MQL,2025-10-18 01:16:37
HS-003293,New,2025-10-09 14:59:27
HS-003293,Opportunity,2025-12-08 02:58:11
HS-003293,SAL,2025-10-23 20:02:34
HS-003293,SQL,2025-11-11 15:33:43
HS-003294,MQL,2025-12-24 16:25:05
HS-003294,New,2025-12-15 11:10:32
HS-003295,MQL,2025-11-27 13:24:48
HS-003295,New,2025-11-12 22:21:27
HS-003296,New,2025-11-16 23:46:35
HS-003297,New,2025-12-23 00:42:36
HS-003298,MQL,2026-03-03 02:35:55
HS-003298,New,2026-02-24 23:22:40
HS-003299,MQL,2025-11-17 10:53:44
HS-003299,New,2025-11-13 00:52:36
HS-003300,New,2026-02-14 14:27:24
HS-003301,New,2025-09-24 18:47:56
HS-003302,New,2025-12-14 18:35:13
HS-003303,MQL,2025-12-13 23:54:58
HS-003303,New,2025-12-06 00:16:45
HS-003303,SAL,2025-12-17 18:26:02
HS-003303,SQL,2025-12-23 13:40:47
HS-003304,New,2025-11-20 02:36:08
HS-003305,MQL,2025-10-11 19:23:41
HS-003305,New,2025-09-23 06:08:21
HS-003305,SAL,2025-10-13 21:38:12
HS-003306,New,2025-11-28 16:55:19
HS-003307,MQL,2026-03-24 13:01:21
HS-003307,New,2026-03-20 00:23:52
HS-003307,SAL,2026-03-27 12:25:50
HS-003308,New,2025-09-02 08:23:53
HS-003309,New,2026-03-24 09:53:50
HS-003310,New,2025-12-28 03:24:27
HS-003311,MQL,2025-11-15 23:33:07
HS-003311,New,2025-11-11 21:14:26
HS-003311,SAL,2025-11-18 13:09:24
HS-003312,New,2025-09-16 05:39:32
HS-003313,New,2025-09-28 05:06:45
HS-003314,MQL,2025-08-31 12:18:42
HS-003314,New,2025-08-20 17:26:49
HS-003314,SAL,2025-09-04 08:41:33
HS-003315,MQL,2026-01-04 08:43:21
HS-003315,New,2025-12-24 06:57:54
HS-003316,New,2025-12-20 17:53:15
HS-003317,MQL,2025-11-11 05:52:46
HS-003317,New,2025-11-03 20:26:47
HS-003317,SAL,2025-11-14 10:18:42
HS-003318,New,2026-01-08 17:27:14
HS-003319,New,2026-02-01 01:20:45
HS-003320,MQL,2025-09-08 01:00:28
HS-003320,New,2025-08-11 21:32:43
HS-003321,New,2025-09-05 06:19:19
HS-003322,New,2025-10-11 04:37:38
HS-003323,MQL,2025-09-24 20:50:03
HS-003323,New,2025-09-09 00:27:59
HS-003324,New,2026-01-25 07:28:07
HS-003325,MQL,2025-10-14 17:40:52
HS-003325,New,2025-10-04 19:05:05
HS-003326,New,2025-12-22 17:32:00
HS-003327,MQL,2025-11-04 05:22:09
HS-003327,New,2025-10-25 10:27:47
HS-003328,New,2025-10-24 06:06:02
HS-003329,New,2026-02-12 17:59:35
HS-003330,MQL,2025-10-22 19:46:49
HS-003330,New,2025-10-15 19:53:32
HS-003331,MQL,2026-02-14 05:36:54
HS-003331,New,2026-02-07 23:25:43
HS-003331,SAL,2026-02-15 16:15:38
HS-003332,MQL,2026-02-14 06:00:36
HS-003332,New,2026-02-08 10:05:29
HS-003332,Opportunity,2026-02-21 12:24:37
HS-003332,SAL,2026-02-15 04:41:18
HS-003332,SQL,2026-02-17 15:37:28
HS-003333,New,2026-03-15 12:15:58
HS-003334,New,2025-11-05 14:23:04
HS-003335,New,2026-02-19 22:26:54
HS-003336,MQL,2025-12-06 14:25:42
HS-003336,New,2025-11-22 14:40:15
HS-003337,MQL,2025-12-08 11:15:42
HS-003337,New,2025-11-26 15:12:12
HS-003337,SAL,2025-12-11 09:48:13
HS-003337,SQL,2025-12-15 03:19:34
HS-003338,New,2026-02-10 08:00:15
HS-003339,New,2026-01-30 02:07:48
HS-003340,New,2025-10-20 05:00:53
HS-003341,New,2025-10-05 15:11:34
HS-003342,MQL,2026-01-24 12:01:06
HS-003342,New,2026-01-16 02:49:34
HS-003342,SAL,2026-01-27 22:24:01
HS-003343,New,2025-12-03 06:43:19
HS-003344,MQL,2025-10-12 10:23:19
HS-003344,New,2025-09-29 06:05:15
HS-003345,New,2026-02-15 20:20:35
HS-003346,New,2026-03-20 15:33:48
HS-003347,MQL,2025-09-03 08:16:10
HS-003347,New,2025-08-26 13:36:22
HS-003348,MQL,2026-01-20 06:15:17
HS-003348,New,2026-01-11 10:30:19
HS-003349,New,2026-03-03 00:15:43
HS-003350,MQL,2026-01-28 07:16:53
HS-003350,New,2026-01-19 21:13:23
HS-003351,MQL,2026-02-09 11:17:43
HS-003351,New,2026-01-26 08:37:36
HS-003351,SAL,2026-02-21 22:34:28
HS-003352,New,2025-11-01 04:19:26
HS-003353,MQL,2025-11-30 22:27:20
HS-003353,New,2025-11-20 11:10:21
HS-003354,New,2025-10-20 14:53:01
HS-003355,MQL,2026-01-01 02:30:46
HS-003355,New,2025-12-28 17:30:28
HS-003356,New,2025-10-05 11:29:15
HS-003357,MQL,2026-02-23 04:53:11
HS-003357,New,2026-02-17 11:11:46
HS-003358,New,2026-01-17 16:05:40
HS-003359,New,2026-03-04 12:59:21
HS-003360,New,2026-03-23 00:20:52
HS-003361,MQL,2026-03-06 05:48:47
HS-003361,New,2026-02-26 03:58:04
HS-003362,New,2026-02-06 23:46:34
HS-003363,MQL,2025-11-02 22:02:56
HS-003363,New,2025-10-19 12:50:43
HS-003363,Opportunity,2025-11-24 01:49:57
HS-003363,SAL,2025-11-07 20:43:08
HS-003363,SQL,2025-11-17 02:39:56
HS-003364,New,2025-10-28 23:58:32
HS-003365,New,2025-11-05 13:38:10
HS-003366,MQL,2025-11-09 03:29:06
HS-003366,New,2025-10-08 03:58:20
HS-003366,SAL,2025-11-13 17:50:00
HS-003367,MQL,2025-12-29 02:21:47
HS-003367,New,2025-12-21 02:15:52
HS-003367,Opportunity,2026-01-07 06:44:54
HS-003367,SAL,2026-01-01 11:33:28
HS-003367,SQL,2026-01-03 09:47:37
HS-003368,MQL,2025-09-15 19:11:14
HS-003368,New,2025-09-11 11:13:26
HS-003369,MQL,2025-11-26 19:48:36
HS-003369,New,2025-11-22 06:41:43
HS-003369,SAL,2025-12-01 07:44:49
HS-003370,MQL,2026-01-08 16:51:55
HS-003370,New,2025-12-30 12:44:53
HS-003370,SAL,2026-01-12 09:06:01
HS-003371,New,2026-02-27 11:02:05
HS-003372,New,2025-09-26 14:02:44
HS-003373,New,2025-10-22 12:13:47
HS-003374,MQL,2026-03-10 16:53:43
HS-003374,New,2026-02-27 17:04:09
HS-003375,MQL,2026-02-26 13:25:57
HS-003375,New,2026-02-22 21:12:29
HS-003375,SAL,2026-03-03 06:03:12
HS-003376,New,2025-11-20 12:04:54
HS-003377,MQL,2025-11-02 18:22:54
HS-003377,New,2025-10-29 03:33:09
HS-003377,SAL,2025-11-06 21:22:05
HS-003378,New,2025-10-15 03:39:10
HS-003379,New,2026-02-08 03:50:30
HS-003380,New,2025-11-06 10:24:24
HS-003381,MQL,2025-09-09 01:00:51
HS-003381,New,2025-09-04 11:32:08
HS-003382,New,2026-02-16 02:50:01
HS-003383,MQL,2025-12-25 12:45:33
HS-003383,New,2025-12-16 21:09:02
HS-003383,SAL,2025-12-28 05:23:35
HS-003384,New,2026-02-10 22:04:30
HS-003385,MQL,2025-09-15 01:42:04
HS-003385,New,2025-09-08 09:11:50
HS-003386,New,2026-02-26 16:19:50
HS-003387,New,2025-12-23 12:42:45
HS-003388,MQL,2025-11-15 16:58:33
HS-003388,New,2025-11-04 19:51:21
HS-003388,SAL,2025-11-21 11:52:42
HS-003389,MQL,2025-12-11 08:28:43
HS-003389,New,2025-12-06 19:25:09
HS-003390,MQL,2026-02-03 17:42:46
HS-003390,New,2026-01-25 16:43:12
HS-003390,Opportunity,2026-02-21 03:37:24
HS-003390,SAL,2026-02-06 07:25:21
HS-003390,SQL,2026-02-15 15:30:58
HS-003391,New,2025-12-07 05:04:48
HS-003392,New,2025-10-12 15:27:55
HS-003393,MQL,2025-09-23 15:46:09
HS-003393,New,2025-09-14 21:44:15
HS-003394,New,2026-03-12 16:07:22
HS-003395,New,2026-02-01 17:00:48
HS-003396,New,2025-10-30 14:34:47
HS-003397,New,2025-10-23 06:47:06
HS-003398,MQL,2025-12-17 05:14:35
HS-003398,New,2025-12-14 16:26:17
HS-003399,New,2026-03-20 09:14:56
HS-003400,MQL,2026-01-30 02:09:52
HS-003400,New,2026-01-10 22:41:32
HS-003400,SAL,2026-02-01 14:18:28
HS-003400,SQL,2026-02-15 19:22:48
HS-003401,MQL,2025-11-15 21:44:43
HS-003401,New,2025-11-11 10:50:32
HS-003401,SAL,2025-11-18 12:01:34
HS-003402,MQL,2025-11-03 04:59:21
HS-003402,New,2025-10-28 05:21:17
HS-003403,MQL,2025-10-15 19:24:05
HS-003403,New,2025-10-06 22:00:26
HS-003404,New,2025-12-20 19:57:16
HS-003405,New,2025-09-23 09:41:20
HS-003406,MQL,2025-12-13 22:31:43
HS-003406,New,2025-12-02 18:10:43
HS-003407,MQL,2025-09-28 20:35:08
HS-003407,New,2025-09-11 06:07:03
HS-003407,SAL,2025-09-30 10:56:03
HS-003407,SQL,2025-10-04 10:12:50
HS-003408,New,2026-01-27 12:33:24
HS-003409,MQL,2025-12-11 15:07:15
HS-003409,New,2025-11-25 05:23:53
HS-003410,New,2026-01-31 22:38:25
HS-003411,New,2026-02-17 13:05:32
HS-003412,New,2026-01-21 18:50:36
HS-003413,MQL,2025-11-05 02:58:16
HS-003413,New,2025-10-25 22:07:15
HS-003414,New,2026-02-15 16:26:56
HS-003415,New,2026-03-20 19:32:24
HS-003416,New,2025-12-13 22:32:03
HS-003417,New,2026-01-12 11:31:07
HS-003418,New,2026-01-01 10:26:39
HS-003419,MQL,2025-11-18 11:47:46
HS-003419,New,2025-11-09 22:56:01
HS-003420,New,2025-11-15 17:27:47
HS-003421,New,2026-03-16 20:35:16
HS-003422,New,2025-11-18 11:55:17
HS-003423,MQL,2025-09-07 21:04:40
HS-003423,New,2025-08-31 03:07:42
HS-003424,MQL,2025-12-13 05:22:51
HS-003424,New,2025-12-07 16:05:44
HS-003424,Opportunity,2026-01-09 00:50:21
HS-003424,SAL,2025-12-22 20:01:02
HS-003424,SQL,2025-12-30 19:47:28
HS-003425,New,2026-03-10 01:55:40
HS-003426,MQL,2026-03-14 19:13:46
HS-003426,New,2026-02-19 07:30:22
HS-003427,MQL,2025-09-12 12:51:00
HS-003427,New,2025-09-10 02:34:47
HS-003427,SAL,2025-09-14 12:58:22
HS-003427,SQL,2025-09-16 12:52:38
HS-003428,New,2026-01-09 08:14:28
HS-003429,MQL,2025-10-12 09:06:20
HS-003429,New,2025-10-07 20:15:08
HS-003430,MQL,2025-10-27 18:43:56
HS-003430,New,2025-10-20 13:37:21
HS-003430,Opportunity,2025-11-09 11:15:42
HS-003430,SAL,2025-10-29 20:04:45
HS-003430,SQL,2025-10-31 19:44:55
HS-003431,MQL,2026-03-18 05:30:55
HS-003431,New,2026-03-13 11:47:44
HS-003431,SAL,2026-03-22 16:40:28
HS-003432,MQL,2026-03-25 12:15:25
HS-003432,New,2026-03-14 18:17:21
HS-003432,SAL,2026-03-27 10:13:40
HS-003432,SQL,2026-03-31 01:20:46
HS-003433,New,2025-10-06 22:20:23
HS-003434,MQL,2025-10-15 10:41:34
HS-003434,New,2025-10-04 20:55:52
HS-003435,MQL,2025-12-14 00:02:32
HS-003435,New,2025-11-29 07:05:15
HS-003436,MQL,2025-11-18 14:20:36
HS-003436,New,2025-11-13 21:50:57
HS-003436,SAL,2025-11-20 05:34:49
HS-003437,MQL,2026-02-14 19:06:37
HS-003437,New,2026-02-10 02:59:18
HS-003437,SAL,2026-02-16 18:50:57
HS-003437,SQL,2026-02-20 10:13:30
HS-003438,MQL,2025-09-15 16:35:00
HS-003438,New,2025-09-11 14:13:06
HS-003438,SAL,2025-09-17 09:37:01
HS-003438,SQL,2025-09-19 16:14:23
HS-003439,MQL,2026-03-28 02:49:56
HS-003439,New,2026-03-25 21:51:40
HS-003440,New,2026-01-12 21:56:57
HS-003441,New,2026-01-11 11:47:50
HS-003442,New,2025-11-26 06:43:56
HS-003443,MQL,2025-12-17 14:55:17
HS-003443,New,2025-12-12 10:49:17
HS-003443,Opportunity,2025-12-25 19:39:54
HS-003443,SAL,2025-12-20 01:19:45
HS-003443,SQL,2025-12-22 04:26:28
HS-003444,MQL,2025-12-21 02:33:15
HS-003444,New,2025-12-19 13:51:21
HS-003445,MQL,2026-02-20 23:31:05
HS-003445,New,2026-02-14 22:23:53
HS-003446,New,2025-12-24 17:15:11
HS-003447,New,2025-09-06 10:26:46
HS-003448,New,2025-09-13 10:28:17
HS-003449,New,2026-01-29 20:00:12
HS-003450,MQL,2026-03-16 07:00:32
HS-003450,New,2026-03-08 07:07:55
HS-003450,Opportunity,2026-03-29 13:18:24
HS-003450,SAL,2026-03-19 22:52:43
HS-003450,SQL,2026-03-26 18:13:41
HS-003451,New,2025-09-11 12:38:53
HS-003452,New,2025-09-09 01:23:14
HS-003453,New,2025-11-03 07:58:30
HS-003454,MQL,2025-10-26 11:00:42
HS-003454,New,2025-10-22 13:20:20
HS-003454,Opportunity,2025-11-11 01:39:32
HS-003454,SAL,2025-10-28 13:34:38
HS-003454,SQL,2025-11-01 19:41:29
HS-003455,New,2025-12-17 15:39:28
HS-003456,New,2025-11-17 22:51:27
HS-003457,New,2026-02-08 14:37:33
HS-003458,MQL,2025-11-22 15:35:06
HS-003458,New,2025-11-10 07:48:40
HS-003458,SAL,2025-11-26 20:30:18
HS-003459,New,2026-03-28 05:50:31
HS-003460,MQL,2026-02-27 12:46:01
HS-003460,New,2026-02-17 13:28:14
HS-003461,New,2025-09-28 16:55:25
HS-003462,New,2026-02-08 11:27:09
HS-003463,MQL,2025-09-26 19:02:05
HS-003463,New,2025-09-22 06:55:59
HS-003463,SAL,2025-09-28 09:20:57
HS-003464,New,2025-11-01 18:10:47
HS-003465,MQL,2025-11-01 23:42:30
HS-003465,New,2025-10-22 17:14:16
HS-003466,MQL,2026-03-04 22:20:53
HS-003466,New,2026-02-25 10:15:34
HS-003466,SAL,2026-03-06 17:18:59
HS-003467,MQL,2026-03-09 01:40:45
HS-003467,New,2026-02-20 02:04:49
HS-003467,SAL,2026-03-13 08:36:43
HS-003468,MQL,2026-03-16 10:16:12
HS-003468,New,2026-03-08 20:04:33
HS-003468,SAL,2026-03-23 01:30:48
HS-003469,New,2025-12-26 07:19:56
HS-003470,MQL,2026-02-11 07:49:52
HS-003470,New,2026-02-02 21:58:43
HS-003471,MQL,2025-12-15 00:59:08
HS-003471,New,2025-11-30 05:51:55
HS-003472,MQL,2025-12-07 10:56:32
HS-003472,New,2025-11-25 05:34:09
HS-003473,New,2026-01-20 14:01:55
HS-003474,New,2026-01-14 10:09:27
HS-003475,MQL,2026-03-09 21:18:54
HS-003475,New,2026-03-03 16:10:31
HS-003475,SAL,2026-03-13 08:53:56
HS-003476,New,2025-09-19 06:43:44
HS-003477,MQL,2026-03-05 06:54:50
HS-003477,New,2026-03-02 06:16:11
HS-003478,MQL,2026-03-20 15:30:37
HS-003478,New,2026-03-19 06:17:13
HS-003478,SAL,2026-03-23 06:18:26
HS-003479,MQL,2026-02-13 02:24:55
HS-003479,New,2026-02-05 10:01:28
HS-003480,New,2026-01-04 12:06:28
HS-003481,New,2026-03-12 02:06:31
HS-003482,MQL,2026-03-17 10:44:21
HS-003482,New,2026-03-05 05:25:26
HS-003482,SAL,2026-03-19 16:08:13
HS-003483,MQL,2025-10-22 22:39:43
HS-003483,New,2025-10-08 07:03:51
HS-003484,MQL,2026-03-19 23:02:32
HS-003484,New,2026-03-13 17:15:08
HS-003485,MQL,2026-03-21 17:21:43
HS-003485,New,2026-03-16 13:55:40
HS-003486,MQL,2025-09-04 04:50:45
HS-003486,New,2025-08-29 21:38:35
HS-003486,Opportunity,2025-09-10 15:23:51
HS-003486,SAL,2025-09-05 03:27:15
HS-003486,SQL,2025-09-07 07:07:41
HS-003487,New,2025-12-23 13:43:38
HS-003488,MQL,2026-03-15 04:38:20
HS-003488,New,2026-03-09 16:40:26
HS-003488,Opportunity,2026-03-24 08:28:45
HS-003488,SAL,2026-03-18 08:28:29
HS-003488,SQL,2026-03-21 05:07:14
HS-003489,MQL,2026-02-16 07:12:19
HS-003489,New,2026-02-11 17:29:32
HS-003489,SAL,2026-02-18 03:33:00
HS-003490,New,2025-11-18 22:09:38
HS-003491,New,2026-01-22 18:16:15
HS-003492,MQL,2026-03-10 17:41:30
HS-003492,New,2026-03-08 11:09:39
HS-003493,MQL,2026-02-22 12:00:51
HS-003493,New,2026-02-16 01:28:13
HS-003493,SAL,2026-02-24 10:17:26
HS-003493,SQL,2026-02-28 11:55:09
HS-003494,New,2025-09-22 14:32:20
HS-003495,MQL,2025-12-01 08:29:03
HS-003495,New,2025-11-27 09:01:28
HS-003496,New,2025-11-19 23:04:27
HS-003497,New,2025-09-09 06:31:25
HS-003498,MQL,2026-03-03 03:26:52
HS-003498,New,2026-02-27 13:02:27
HS-003499,New,2025-10-18 11:36:19
HS-003500,MQL,2025-12-09 03:30:47
HS-003500,New,2025-12-03 16:10:33
HS-003501,New,2026-03-13 13:36:30
HS-003502,New,2026-02-21 08:55:48
HS-003503,MQL,2025-12-27 22:09:31
HS-003503,New,2025-12-05 11:17:57
HS-003503,Opportunity,2026-01-04 22:11:57
HS-003503,SAL,2025-12-28 19:59:05
HS-003503,SQL,2025-12-31 21:28:44
HS-003504,New,2025-12-30 11:26:11
HS-003505,MQL,2025-11-28 17:57:46
HS-003505,New,2025-11-25 00:44:39
HS-003505,SAL,2025-11-30 22:34:46
HS-003505,SQL,2025-12-03 15:47:08
HS-003506,New,2025-11-22 04:19:16
HS-003507,New,2025-12-17 08:47:39
HS-003508,New,2025-11-03 21:27:38
HS-003509,New,2025-11-14 23:32:38
HS-003510,New,2026-02-15 22:51:48
HS-003511,MQL,2026-03-29 10:15:15
HS-003511,New,2026-03-19 17:21:09
HS-003511,SAL,2026-03-31 07:31:15
HS-003512,New,2025-11-29 16:38:03
HS-003513,MQL,2026-01-12 08:07:22
HS-003513,New,2026-01-03 14:28:20
HS-003513,SAL,2026-01-14 23:41:19
HS-003514,MQL,2025-12-09 13:36:46
HS-003514,New,2025-11-28 08:59:11
HS-003514,Opportunity,2025-12-26 08:12:54
HS-003514,SAL,2025-12-12 06:02:59
HS-003514,SQL,2025-12-15 21:41:51
HS-003515,New,2026-02-20 04:38:26
HS-003516,MQL,2025-09-17 21:25:17
HS-003516,New,2025-09-07 21:34:59
HS-003516,Opportunity,2025-12-04 10:11:03
HS-003516,SAL,2025-09-24 06:34:52
HS-003516,SQL,2025-10-28 04:58:12
HS-003517,MQL,2025-10-22 10:27:01
HS-003517,New,2025-10-17 05:24:24
HS-003517,SAL,2025-10-22 23:24:25
HS-003518,New,2025-11-06 09:07:22
HS-003519,New,2026-03-01 11:21:28
HS-003520,MQL,2026-01-12 17:22:11
HS-003520,New,2026-01-09 03:27:49
HS-003521,MQL,2026-03-17 02:58:37
HS-003521,New,2026-03-08 13:30:23
HS-003522,New,2026-03-20 20:23:26
HS-003523,New,2025-11-13 05:02:12
HS-003524,New,2025-10-27 16:42:48
HS-003525,MQL,2026-02-04 02:19:52
HS-003525,New,2026-01-24 13:43:30
HS-003525,SAL,2026-02-07 00:27:17
HS-003526,New,2026-01-03 17:55:35
HS-003527,New,2025-10-11 08:02:18
HS-003528,MQL,2025-10-10 23:57:45
HS-003528,New,2025-09-26 00:04:50
HS-003528,SAL,2025-10-13 14:55:11
HS-003529,New,2025-09-30 05:59:26
HS-003530,MQL,2025-10-07 14:27:02
HS-003530,New,2025-09-21 02:04:27
HS-003531,New,2026-01-30 23:25:14
HS-003532,New,2026-01-02 16:19:54
HS-003533,MQL,2025-11-25 16:27:24
HS-003533,New,2025-11-19 07:20:19
HS-003534,New,2025-09-13 12:40:53
HS-003535,New,2026-03-09 15:07:17
HS-003536,New,2026-03-14 13:43:24
HS-003537,MQL,2026-02-15 00:31:13
HS-003537,New,2026-02-11 16:28:00
HS-003537,Opportunity,2026-02-25 18:50:22
HS-003537,SAL,2026-02-17 02:45:01
HS-003537,SQL,2026-02-19 10:09:19
HS-003538,New,2026-03-22 07:41:26
HS-003539,MQL,2025-09-03 09:50:59
HS-003539,New,2025-08-29 07:50:19
HS-003540,New,2025-09-21 16:01:26
HS-003541,MQL,2026-01-09 19:45:30
HS-003541,New,2026-01-02 12:43:27
HS-003542,MQL,2025-08-31 08:32:03
HS-003542,New,2025-08-24 20:12:51
HS-003543,New,2026-03-27 01:23:22
HS-003544,New,2025-12-24 11:54:00
HS-003545,New,2025-10-05 03:56:28
HS-003546,New,2025-11-27 01:06:34
HS-003547,New,2026-03-11 17:28:03
HS-003548,New,2025-10-03 06:19:39
HS-003549,New,2025-11-10 00:45:02
HS-003550,MQL,2026-01-29 20:30:48
HS-003550,New,2026-01-19 18:46:44
HS-003551,New,2026-01-30 23:43:29
HS-003552,MQL,2026-01-14 18:15:23
HS-003552,New,2026-01-10 12:43:31
HS-003553,New,2025-09-20 20:58:22
HS-003554,New,2026-01-20 11:34:31
HS-003555,MQL,2025-10-17 03:30:43
HS-003555,New,2025-10-11 09:05:19
HS-003556,New,2025-12-30 20:18:21
HS-003557,MQL,2026-02-21 02:10:29
HS-003557,New,2026-02-11 22:44:07
HS-003558,New,2026-03-16 12:31:38
HS-003559,New,2025-12-15 21:00:53
HS-003560,New,2025-12-31 23:34:33
HS-003561,New,2026-02-11 12:41:37
HS-003562,New,2025-12-07 11:04:10
HS-003563,MQL,2026-03-05 15:15:17
HS-003563,New,2026-02-26 19:09:29
HS-003564,New,2026-03-11 06:09:32
HS-003565,MQL,2025-12-06 14:36:37
HS-003565,New,2025-11-25 20:27:38
HS-003566,New,2025-12-21 14:13:00
HS-003567,MQL,2026-03-27 15:40:29
HS-003567,New,2026-03-23 15:37:20
HS-003568,MQL,2025-09-15 11:43:59
HS-003568,New,2025-09-05 13:36:58
HS-003569,MQL,2026-01-11 23:44:35
HS-003569,New,2026-01-08 17:13:28
HS-003569,SAL,2026-01-13 14:49:36
HS-003570,MQL,2025-12-06 00:25:47
HS-003570,New,2025-12-01 17:39:53
HS-003570,SAL,2025-12-09 07:59:15
HS-003571,New,2026-03-20 16:46:02
HS-003572,New,2025-09-13 02:21:46
HS-003573,MQL,2025-11-07 01:15:37
HS-003573,New,2025-11-03 11:34:25
HS-003574,New,2026-01-18 14:32:30
HS-003575,New,2025-09-18 09:29:13
HS-003576,MQL,2026-03-12 05:04:50
HS-003576,New,2026-03-09 04:28:17
HS-003576,SAL,2026-03-15 14:22:53
HS-003577,New,2025-10-10 13:47:59
HS-003578,New,2025-11-29 18:25:48
HS-003579,MQL,2026-01-07 03:02:11
HS-003579,New,2025-12-30 02:04:14
HS-003579,SAL,2026-01-10 18:46:31
HS-003580,New,2025-09-02 10:08:23
HS-003581,New,2025-09-23 09:22:37
HS-003582,New,2026-02-26 00:13:52
HS-003583,MQL,2025-12-06 00:08:30
HS-003583,New,2025-11-27 14:13:30
HS-003584,MQL,2025-09-27 04:53:20
HS-003584,New,2025-09-22 07:34:28
HS-003584,SAL,2025-09-29 19:54:32
HS-003585,MQL,2026-02-06 23:34:54
HS-003585,New,2026-02-03 22:40:35
HS-003586,New,2026-03-26 22:54:17
HS-003587,New,2026-03-06 07:46:17
HS-003588,New,2026-03-07 10:58:52
HS-003589,New,2026-01-09 13:08:55
HS-003590,MQL,2026-02-22 02:46:10
HS-003590,New,2026-02-12 22:54:32
HS-003590,SAL,2026-02-24 16:39:17
HS-003591,New,2026-03-16 16:09:26
HS-003592,New,2025-09-25 23:08:01
HS-003593,MQL,2026-01-10 03:37:37
HS-003593,New,2025-12-31 08:10:12
HS-003594,MQL,2025-10-02 07:10:41
HS-003594,New,2025-09-23 00:09:18
HS-003595,New,2025-12-14 04:53:08
HS-003596,New,2025-11-15 22:16:50
HS-003597,New,2025-12-12 02:33:12
HS-003598,New,2026-03-20 01:04:53
HS-003599,MQL,2025-11-16 17:32:38
HS-003599,New,2025-10-27 19:22:29
HS-003599,Opportunity,2025-12-03 20:51:18
HS-003599,SAL,2025-11-24 12:32:58
HS-003599,SQL,2025-11-26 20:20:44
HS-003600,New,2025-10-08 15:04:28
HS-003601,New,2026-03-27 17:53:28
HS-003602,New,2025-12-19 07:38:05
HS-003603,MQL,2025-12-30 10:58:33
HS-003603,New,2025-12-25 18:23:53
HS-003603,SAL,2026-01-02 06:47:58
HS-003604,MQL,2025-12-19 16:54:21
HS-003604,New,2025-12-14 20:56:19
HS-003605,New,2025-12-26 02:27:51
HS-003606,New,2025-12-20 10:05:24
HS-003607,New,2025-10-18 08:21:56
HS-003608,MQL,2026-02-10 17:12:25
HS-003608,New,2026-01-31 04:22:28
HS-003608,SAL,2026-02-13 13:41:38
HS-003609,New,2025-10-10 04:20:01
HS-003610,MQL,2025-12-14 10:47:33
HS-003610,New,2025-12-09 16:17:18
HS-003610,Opportunity,2025-12-27 16:35:02
HS-003610,SAL,2025-12-16 12:18:40
HS-003610,SQL,2025-12-18 12:13:00
HS-003611,MQL,2025-12-18 20:51:48
HS-003611,New,2025-12-11 18:41:38
HS-003611,Opportunity,2026-02-11 09:46:08
HS-003611,SAL,2025-12-23 04:25:08
HS-003611,SQL,2026-01-09 03:24:52
HS-003612,New,2026-01-30 09:32:17
HS-003613,MQL,2026-02-25 02:46:13
HS-003613,New,2026-02-17 23:58:13
HS-003613,SAL,2026-02-28 03:54:45
HS-003614,New,2025-09-13 08:52:41
HS-003615,New,2026-01-08 15:37:22
HS-003616,MQL,2026-01-15 15:40:31
HS-003616,New,2025-12-30 14:37:51
HS-003616,Opportunity,2026-01-30 00:37:38
HS-003616,SAL,2026-01-18 07:28:22
HS-003616,SQL,2026-01-26 01:09:19
HS-003617,MQL,2026-01-31 22:32:50
HS-003617,New,2026-01-27 05:11:20
HS-003618,New,2025-10-12 16:49:33
HS-003619,MQL,2026-02-03 08:43:06
HS-003619,New,2026-01-23 15:51:48
HS-003619,SAL,2026-02-07 03:48:29
HS-003619,SQL,2026-02-16 06:29:21
HS-003620,New,2026-03-18 00:34:22
HS-003621,MQL,2026-01-23 10:08:16
HS-003621,New,2026-01-07 06:35:52
HS-003622,MQL,2025-10-30 18:45:00
HS-003622,New,2025-10-23 15:30:33
HS-003622,Opportunity,2025-11-08 04:57:05
HS-003622,SAL,2025-11-03 09:18:45
HS-003622,SQL,2025-11-05 13:29:28
HS-003623,New,2025-12-18 14:17:00
HS-003624,MQL,2025-10-11 15:33:37
HS-003624,New,2025-10-07 11:00:43
HS-003625,MQL,2025-09-20 01:40:36
HS-003625,New,2025-09-11 20:43:58
HS-003625,Opportunity,2025-10-01 19:58:53
HS-003625,SAL,2025-09-23 18:09:47
HS-003625,SQL,2025-09-27 04:33:14
HS-003626,New,2026-02-23 08:14:24
HS-003627,New,2025-12-18 13:50:50
HS-003628,MQL,2026-03-22 15:15:25
HS-003628,New,2026-03-13 19:41:17
HS-003629,MQL,2025-10-31 07:10:13
HS-003629,New,2025-10-26 03:22:41
HS-003629,Opportunity,2025-11-28 19:27:18
HS-003629,SAL,2025-11-04 22:07:15
HS-003629,SQL,2025-11-15 01:48:40
HS-003630,MQL,2026-01-15 18:33:37
HS-003630,New,2026-01-06 15:15:41
HS-003631,New,2026-03-06 14:32:56
HS-003632,MQL,2026-02-10 16:05:27
HS-003632,New,2026-02-02 05:06:40
HS-003632,SAL,2026-02-12 05:41:28
HS-003632,SQL,2026-02-19 19:07:21
HS-003633,MQL,2025-11-16 23:53:13
HS-003633,New,2025-11-06 14:58:48
HS-003633,SAL,2025-11-18 00:44:27
HS-003633,SQL,2025-11-20 20:56:27
HS-003634,New,2025-11-26 13:24:56
HS-003635,New,2026-03-10 20:10:27
HS-003636,MQL,2025-11-24 19:22:57
HS-003636,New,2025-11-19 18:39:31
HS-003637,MQL,2026-02-08 05:15:52
HS-003637,New,2026-02-03 22:58:02
HS-003638,MQL,2025-11-07 14:54:48
HS-003638,New,2025-11-03 02:44:50
HS-003639,MQL,2025-10-31 11:37:39
HS-003639,New,2025-10-22 15:40:24
HS-003639,Opportunity,2025-11-21 14:56:32
HS-003639,SAL,2025-11-02 22:36:04
HS-003639,SQL,2025-11-06 18:03:10
HS-003640,New,2025-12-17 12:56:42
HS-003641,New,2025-11-02 00:22:00
HS-003642,MQL,2025-11-06 18:35:52
HS-003642,New,2025-11-01 06:53:50
HS-003643,New,2026-03-21 04:42:51
HS-003644,MQL,2025-09-23 03:18:47
HS-003644,New,2025-09-19 05:33:13
HS-003644,SAL,2025-09-25 00:40:55
HS-003645,MQL,2026-01-23 05:55:47
HS-003645,New,2026-01-19 19:50:02
HS-003646,MQL,2026-03-29 20:37:09
HS-003646,New,2026-03-17 13:33:41
HS-003647,New,2025-10-21 14:51:38
HS-003648,New,2026-02-17 07:28:04
HS-003649,New,2025-12-02 11:19:41
HS-003650,MQL,2026-03-16 05:38:25
HS-003650,New,2026-03-10 15:02:59
HS-003650,Opportunity,2026-03-23 23:02:33
HS-003650,SAL,2026-03-18 18:54:07
HS-003650,SQL,2026-03-20 16:31:49
HS-003651,MQL,2026-03-05 10:16:52
HS-003651,New,2026-02-28 11:30:01
HS-003651,SAL,2026-03-08 12:41:57
HS-003651,SQL,2026-03-10 22:34:06
HS-003652,MQL,2025-12-28 06:59:09
HS-003652,New,2025-12-14 02:20:48
HS-003652,SAL,2025-12-31 05:54:51
HS-003652,SQL,2026-01-13 04:50:00
HS-003653,New,2025-10-06 09:09:13
HS-003654,MQL,2026-03-24 22:52:40
HS-003654,New,2026-03-13 10:39:15
HS-003655,New,2025-12-20 09:12:46
HS-003656,MQL,2026-01-11 09:02:24
HS-003656,New,2026-01-09 10:04:31
HS-003656,Opportunity,2026-01-23 09:22:30
HS-003656,SAL,2026-01-15 02:28:27
HS-003656,SQL,2026-01-17 01:33:59
HS-003657,MQL,2026-01-22 06:31:50
HS-003657,New,2026-01-15 02:42:11
HS-003657,Opportunity,2026-02-11 09:27:01
HS-003657,SAL,2026-01-25 14:44:15
HS-003657,SQL,2026-01-30 04:36:01
HS-003658,New,2025-10-02 11:20:58
HS-003659,MQL,2025-09-02 01:49:02
HS-003659,New,2025-08-29 04:28:54
HS-003660,MQL,2025-12-25 16:38:36
HS-003660,New,2025-12-21 02:06:58
HS-003660,SAL,2025-12-26 13:39:24
HS-003661,New,2025-10-21 15:48:55
HS-003662,New,2026-01-23 01:14:29
HS-003663,MQL,2025-12-15 19:39:51
HS-003663,New,2025-11-27 04:08:18
HS-003664,New,2026-03-22 12:24:53
HS-003665,MQL,2026-01-30 14:56:41
HS-003665,New,2026-01-24 23:55:18
HS-003665,Opportunity,2026-02-20 04:20:50
HS-003665,SAL,2026-02-03 12:56:02
HS-003665,SQL,2026-02-06 08:30:15
HS-003666,MQL,2026-02-26 14:33:24
HS-003666,New,2026-02-16 16:53:18
HS-003667,New,2025-10-26 08:19:13
HS-003668,New,2026-02-17 21:17:28
HS-003669,New,2026-02-27 02:43:30
HS-003670,MQL,2025-09-24 20:59:42
HS-003670,New,2025-09-03 20:33:21
HS-003670,SAL,2025-09-26 14:30:47
HS-003670,SQL,2025-09-28 09:05:42
HS-003671,MQL,2026-02-19 01:44:42
HS-003671,New,2026-02-11 18:58:01
HS-003672,MQL,2026-01-19 14:03:18
HS-003672,New,2026-01-16 23:44:09
HS-003673,MQL,2026-02-25 21:54:00
HS-003673,New,2026-02-17 12:19:40
HS-003674,MQL,2025-12-24 13:25:10
HS-003674,New,2025-12-15 12:24:03
HS-003675,MQL,2025-11-24 05:05:40
HS-003675,New,2025-11-21 09:59:03
HS-003675,SAL,2025-11-26 19:39:03
HS-003676,MQL,2025-11-12 17:31:11
HS-003676,New,2025-11-07 11:22:02
HS-003676,SAL,2025-11-16 11:51:06
HS-003677,MQL,2026-03-26 21:27:11
HS-003677,New,2026-03-07 23:15:27
HS-003677,SAL,2026-03-30 03:18:01
HS-003677,SQL,2026-03-31 13:51:00
HS-003678,MQL,2026-02-21 10:13:00
HS-003678,New,2026-02-15 19:50:08
HS-003679,New,2025-12-18 15:48:36
HS-003680,MQL,2025-11-19 17:19:59
HS-003680,New,2025-11-17 20:48:48
HS-003680,Opportunity,2025-12-10 07:42:17
HS-003680,SAL,2025-11-25 09:01:54
HS-003680,SQL,2025-11-29 22:59:52
HS-003681,New,2025-11-02 08:20:25
HS-003682,New,2025-10-16 15:59:41
HS-003683,New,2026-01-15 15:54:02
HS-003684,MQL,2026-02-11 20:14:03
HS-003684,New,2026-02-07 21:15:01
HS-003684,Opportunity,2026-02-26 17:20:25
HS-003684,SAL,2026-02-15 10:22:07
HS-003684,SQL,2026-02-18 00:42:48
HS-003685,New,2026-01-04 22:31:06
HS-003686,New,2026-03-30 21:57:32
HS-003687,MQL,2025-12-27 16:11:23
HS-003687,New,2025-12-18 18:28:14
HS-003688,MQL,2025-11-03 10:18:16
HS-003688,New,2025-10-28 16:50:57
HS-003688,Opportunity,2025-11-14 05:20:41
HS-003688,SAL,2025-11-05 11:32:09
HS-003688,SQL,2025-11-09 04:10:10
HS-003689,MQL,2026-02-18 06:10:54
HS-003689,New,2026-02-03 06:06:45
HS-003690,MQL,2026-02-12 10:00:10
HS-003690,New,2026-02-07 07:45:57
HS-003690,SAL,2026-02-14 22:42:54
HS-003691,New,2026-02-24 13:24:23
HS-003692,MQL,2026-01-30 07:37:32
HS-003692,New,2026-01-21 10:07:51
HS-003693,New,2025-10-11 14:05:50
HS-003694,New,2025-09-17 23:48:42
HS-003695,MQL,2025-10-30 06:35:47
HS-003695,New,2025-10-22 10:09:47
HS-003696,New,2025-12-19 00:58:34
HS-003697,MQL,2026-03-22 12:11:28
HS-003697,New,2026-03-17 05:47:09
HS-003698,MQL,2026-01-06 04:32:45
HS-003698,New,2026-01-02 05:08:20
HS-003698,SAL,2026-01-09 08:05:47
HS-003699,MQL,2025-10-08 11:03:39
HS-003699,New,2025-09-29 15:04:31
HS-003700,MQL,2025-12-22 08:39:23
HS-003700,New,2025-12-16 22:07:50
HS-003701,MQL,2026-01-11 07:24:10
HS-003701,New,2025-12-31 18:50:29
HS-003702,New,2026-01-22 15:06:27
HS-003703,New,2026-02-17 05:31:42
HS-003704,New,2025-11-18 14:08:22
HS-003705,New,2025-12-29 12:26:23
HS-003706,MQL,2025-10-21 05:48:32
HS-003706,New,2025-10-13 15:58:46
HS-003707,MQL,2025-11-03 10:03:13
HS-003707,New,2025-10-30 11:29:03
HS-003707,SAL,2025-11-05 21:46:06
HS-003707,SQL,2025-11-08 03:06:14
HS-003708,New,2025-11-11 17:33:54
HS-003709,New,2025-10-21 09:19:16
HS-003710,MQL,2025-10-16 05:34:26
HS-003710,New,2025-10-03 15:19:31
HS-003710,SAL,2025-10-17 09:52:52
HS-003711,MQL,2026-03-09 14:17:59
HS-003711,New,2026-03-03 05:10:51
HS-003712,MQL,2026-01-25 17:43:08
HS-003712,New,2026-01-11 17:31:52
HS-003713,New,2026-03-14 06:14:12
HS-003714,New,2025-12-31 18:01:10
HS-003715,MQL,2025-11-07 03:20:45
HS-003715,New,2025-11-01 10:41:07
HS-003716,New,2025-09-06 19:02:50
HS-003717,MQL,2025-10-20 10:01:05
HS-003717,New,2025-10-06 12:28:03
HS-003718,New,2025-10-01 12:46:26
HS-003719,MQL,2026-03-16 06:22:58
HS-003719,New,2026-03-02 15:10:07
HS-003720,MQL,2025-12-19 19:28:04
HS-003720,New,2025-12-16 16:07:06
HS-003720,SAL,2025-12-22 20:40:23
HS-003721,New,2026-03-06 03:28:30
HS-003722,MQL,2026-01-02 13:36:58
HS-003722,New,2025-12-22 15:59:31
HS-003723,New,2026-02-27 05:29:08
HS-003724,New,2025-11-10 17:06:53
HS-003725,MQL,2026-02-21 12:57:34
HS-003725,New,2026-02-09 08:19:34
HS-003726,MQL,2025-12-10 17:41:09
HS-003726,New,2025-12-05 22:45:34
HS-003726,SAL,2025-12-12 03:55:47
HS-003727,New,2026-03-26 22:35:07
HS-003728,New,2025-11-27 01:40:38
HS-003729,New,2026-01-06 06:34:10
HS-003730,New,2026-01-30 12:33:14
HS-003731,New,2025-10-13 15:19:44
HS-003732,New,2026-02-13 13:16:57
HS-003733,New,2025-10-22 00:53:42
HS-003734,New,2026-03-04 06:44:22
HS-003735,MQL,2026-01-03 08:00:50
HS-003735,New,2025-12-28 18:28:46
HS-003735,Opportunity,2026-01-10 15:30:39
HS-003735,SAL,2026-01-05 16:44:54
HS-003735,SQL,2026-01-06 18:09:32
HS-003736,MQL,2026-02-26 09:07:34
HS-003736,New,2026-02-16 07:53:44
HS-003737,MQL,2025-12-11 15:51:31
HS-003737,New,2025-11-29 11:32:09
HS-003738,New,2026-01-02 05:02:23
HS-003739,MQL,2025-11-22 04:58:05
HS-003739,New,2025-11-15 16:39:05
HS-003739,SAL,2025-11-24 18:19:31
HS-003740,New,2025-10-17 20:46:32
HS-003741,MQL,2026-01-24 00:20:26
HS-003741,New,2026-01-06 10:05:29
HS-003742,MQL,2026-02-09 13:38:49
HS-003742,New,2025-12-25 04:13:36
HS-003742,SAL,2026-02-13 21:16:45
HS-003742,SQL,2026-02-23 09:29:09
HS-003743,New,2026-02-20 05:12:50
HS-003744,MQL,2025-12-19 11:32:36
HS-003744,New,2025-12-12 17:16:31
HS-003744,Opportunity,2025-12-28 05:22:46
HS-003744,SAL,2025-12-21 20:29:56
HS-003744,SQL,2025-12-24 23:01:56
HS-003745,New,2025-11-13 16:03:38
HS-003746,New,2025-11-21 20:24:22
HS-003747,New,2026-01-09 02:16:32
HS-003748,MQL,2025-12-19 17:11:50
HS-003748,New,2025-12-13 02:18:07
HS-003749,New,2026-01-17 11:38:57
HS-003750,MQL,2025-11-22 03:37:28
HS-003750,New,2025-11-17 15:03:54
HS-003750,SAL,2025-11-27 09:39:43
HS-003751,New,2026-03-10 23:03:24
HS-003752,New,2025-12-18 04:46:24
HS-003753,New,2026-03-24 02:42:55
HS-003754,New,2025-12-12 02:54:38
HS-003755,New,2025-11-06 23:29:43
HS-003756,MQL,2025-11-24 16:47:55
HS-003756,New,2025-11-14 06:26:47
HS-003757,New,2025-09-09 07:01:24
HS-003758,New,2026-02-22 13:05:18
HS-003759,New,2025-09-07 04:11:22
HS-003760,MQL,2025-12-23 06:10:24
HS-003760,New,2025-12-14 06:01:39
HS-003760,SAL,2025-12-26 12:09:35
HS-003761,MQL,2025-11-14 23:48:51
HS-003761,New,2025-11-10 21:32:31
HS-003762,New,2025-09-06 16:22:49
HS-003763,New,2025-09-15 15:49:10
HS-003764,New,2026-02-25 11:58:44
HS-003765,MQL,2026-01-26 05:29:46
HS-003765,New,2026-01-24 01:06:09
HS-003766,MQL,2026-03-11 02:07:33
HS-003766,New,2026-02-27 23:29:34
HS-003766,Opportunity,2026-03-21 02:53:28
HS-003766,SAL,2026-03-13 22:25:58
HS-003766,SQL,2026-03-15 23:08:10
HS-003767,MQL,2026-03-21 21:57:58
HS-003767,New,2026-03-15 12:35:40
HS-003768,MQL,2025-09-30 22:18:38
HS-003768,New,2025-09-27 08:03:10
HS-003768,SAL,2025-10-05 13:32:44
HS-003769,New,2026-02-02 20:18:47
HS-003770,MQL,2025-10-21 23:24:19
HS-003770,New,2025-10-16 04:54:30
HS-003771,New,2025-12-13 04:05:22
HS-003772,New,2026-01-05 00:16:04
HS-003773,New,2026-03-28 20:37:25
HS-003774,New,2026-01-29 01:13:22
HS-003775,MQL,2025-11-14 11:02:38
HS-003775,New,2025-11-09 07:46:46
HS-003775,SAL,2025-11-18 15:24:05
HS-003776,New,2025-10-25 03:56:30
HS-003777,New,2026-02-24 07:46:15
HS-003778,New,2026-01-31 23:35:35
HS-003779,New,2025-10-09 08:26:46
HS-003780,New,2026-02-05 19:08:47
HS-003781,MQL,2026-03-05 01:58:35
HS-003781,New,2026-02-21 16:35:56
HS-003782,New,2025-12-05 08:07:48
HS-003783,MQL,2026-03-19 02:07:18
HS-003783,New,2026-03-15 08:51:22
HS-003784,New,2025-10-11 14:42:44
HS-003785,MQL,2025-11-09 08:21:33
HS-003785,New,2025-11-02 10:12:59
HS-003786,New,2025-12-22 22:46:09
HS-003787,MQL,2026-03-25 17:40:27
HS-003787,New,2026-03-21 15:53:08
HS-003787,SAL,2026-03-27 06:16:11
HS-003787,SQL,2026-03-30 12:39:23
HS-003788,New,2026-02-17 05:14:51
HS-003789,MQL,2025-11-16 05:58:01
HS-003789,New,2025-11-13 10:46:37
HS-003789,Opportunity,2025-12-01 23:45:50
HS-003789,SAL,2025-11-19 13:11:04
HS-003789,SQL,2025-11-28 16:02:46
HS-003790,New,2025-11-13 23:52:32
HS-003791,MQL,2025-10-18 18:25:06
HS-003791,New,2025-10-10 00:57:30
HS-003792,MQL,2025-11-08 09:02:37
HS-003792,New,2025-10-30 03:23:12
HS-003793,New,2025-12-05 22:42:44
HS-003794,New,2026-01-24 14:28:31
HS-003795,MQL,2026-02-20 00:50:03
HS-003795,New,2026-02-11 05:37:02
HS-003796,MQL,2025-11-27 05:20:30
HS-003796,New,2025-11-12 19:32:29
HS-003797,MQL,2026-01-07 07:33:34
HS-003797,New,2026-01-01 01:14:37
HS-003797,SAL,2026-01-09 07:46:24
HS-003798,New,2025-11-15 23:06:01
HS-003799,New,2026-01-11 15:19:21
HS-003800,New,2025-11-17 14:00:21
HS-003801,MQL,2025-09-09 03:37:18
HS-003801,New,2025-09-05 12:34:07
HS-003801,SAL,2025-09-11 08:49:27
HS-003801,SQL,2025-09-15 11:52:38
HS-003802,New,2025-10-04 06:47:07
HS-003803,MQL,2025-11-13 06:34:16
HS-003803,New,2025-11-10 00:27:00
HS-003803,SAL,2025-11-17 06:30:16
HS-003804,New,2026-01-14 14:58:51
HS-003805,New,2026-02-15 08:34:58
HS-003806,MQL,2025-12-01 01:03:27
HS-003806,New,2025-11-27 23:54:49
HS-003807,New,2026-01-02 17:53:36
HS-003808,MQL,2026-03-07 01:46:46
HS-003808,New,2026-02-15 06:54:01
HS-003808,Opportunity,2026-03-31 21:36:36
HS-003808,SAL,2026-03-11 04:59:50
HS-003808,SQL,2026-03-14 06:36:17
HS-003809,MQL,2025-09-17 08:43:53
HS-003809,New,2025-09-08 00:20:55
HS-003810,MQL,2025-12-01 00:01:43
HS-003810,New,2025-11-24 02:24:39
HS-003811,MQL,2025-09-13 13:38:57
HS-003811,New,2025-08-21 01:14:19
HS-003812,MQL,2025-11-01 12:14:51
HS-003812,New,2025-10-23 18:13:17
HS-003812,SAL,2025-11-03 18:04:57
HS-003813,New,2025-09-10 14:58:48
HS-003814,MQL,2026-03-19 05:33:23
HS-003814,New,2026-03-11 01:10:32
HS-003815,MQL,2026-02-03 15:04:06
HS-003815,New,2026-01-28 20:30:17
HS-003816,New,2026-03-10 10:58:10
HS-003817,New,2025-12-04 22:21:59
HS-003818,MQL,2025-09-06 15:15:49
HS-003818,New,2025-08-30 08:58:08
HS-003818,SAL,2025-09-09 11:04:54
HS-003819,MQL,2025-09-16 01:50:05
HS-003819,New,2025-09-13 13:47:29
HS-003819,Opportunity,2025-10-06 21:17:46
HS-003819,SAL,2025-09-18 03:05:03
HS-003819,SQL,2025-09-27 06:30:52
HS-003820,MQL,2026-01-15 07:14:29
HS-003820,New,2026-01-11 22:11:38
HS-003821,MQL,2025-09-11 07:46:22
HS-003821,New,2025-09-01 00:34:07
HS-003822,New,2026-01-23 03:08:32
HS-003823,MQL,2026-02-14 02:44:28
HS-003823,New,2026-02-10 16:08:04
HS-003824,MQL,2025-11-04 05:47:15
HS-003824,New,2025-10-29 22:19:47
HS-003824,SAL,2025-11-05 19:57:56
HS-003824,SQL,2025-11-11 13:50:18
HS-003825,MQL,2025-12-23 23:27:36
HS-003825,New,2025-12-15 08:51:43
HS-003825,SAL,2025-12-26 15:33:20
HS-003826,New,2025-09-03 07:34:49
HS-003827,MQL,2026-01-22 20:36:54
HS-003827,New,2026-01-06 17:35:01
HS-003828,New,2026-01-28 17:22:21
HS-003829,MQL,2025-09-09 23:39:15
HS-003829,New,2025-09-02 16:23:00
HS-003830,MQL,2026-02-01 08:48:22
HS-003830,New,2026-01-28 11:19:50
HS-003830,SAL,2026-02-03 09:40:45
HS-003831,MQL,2026-01-01 17:11:15
HS-003831,New,2025-12-18 01:55:06
HS-003832,New,2025-12-22 05:31:41
HS-003833,New,2026-01-21 14:01:41
HS-003834,MQL,2026-03-13 04:32:21
HS-003834,New,2026-03-02 12:36:14
HS-003835,New,2026-01-17 22:21:02
HS-003836,MQL,2025-11-05 21:12:28
HS-003836,New,2025-10-29 00:18:23
HS-003837,MQL,2025-12-03 02:50:54
HS-003837,New,2025-11-24 03:44:59
HS-003837,SAL,2025-12-05 06:25:35
HS-003838,New,2025-11-20 08:31:43
HS-003839,MQL,2025-12-02 09:32:40
HS-003839,New,2025-11-24 14:00:11
HS-003840,MQL,2025-11-29 10:05:03
HS-003840,New,2025-11-20 14:58:07
HS-003840,SAL,2025-12-02 03:28:43
HS-003840,SQL,2025-12-08 16:21:02
HS-003841,New,2026-01-27 16:04:08
HS-003842,MQL,2026-03-28 13:40:58
HS-003842,New,2026-03-25 05:10:01
HS-003842,SAL,2026-03-29 09:18:04
HS-003843,New,2025-12-13 05:37:45
HS-003844,New,2025-11-08 01:20:27
HS-003845,MQL,2025-09-27 21:33:54
HS-003845,New,2025-09-22 05:26:06
HS-003845,SAL,2025-10-02 07:49:57
HS-003846,New,2026-03-30 04:39:23
HS-003847,MQL,2025-12-09 05:08:10
HS-003847,New,2025-12-03 04:37:37
HS-003847,Opportunity,2026-02-17 15:06:41
HS-003847,SAL,2025-12-13 07:32:22
HS-003847,SQL,2025-12-29 12:36:47
HS-003848,New,2026-03-27 02:54:19
HS-003849,New,2025-12-02 07:14:27
HS-003850,New,2025-09-24 00:45:57
HS-003851,New,2025-10-12 12:21:08
HS-003852,New,2026-02-25 14:26:05
HS-003853,MQL,2026-02-12 11:21:26
HS-003853,New,2026-01-30 11:49:55
HS-003854,New,2025-12-19 09:19:37
HS-003855,MQL,2026-02-08 09:38:40
HS-003855,New,2026-02-02 10:13:01
HS-003856,New,2026-02-24 16:49:20
HS-003857,New,2026-02-24 18:36:30
HS-003858,New,2025-10-05 16:13:51
HS-003859,MQL,2026-01-07 04:28:12
HS-003859,New,2025-12-26 15:51:26
HS-003860,New,2025-09-17 12:47:29
HS-003861,New,2026-03-28 07:47:28
HS-003862,New,2025-09-01 23:42:13
HS-003863,New,2026-02-28 05:20:56
HS-003864,New,2026-02-02 15:20:58
HS-003865,MQL,2026-03-02 04:42:45
HS-003865,New,2026-02-23 10:11:24
HS-003866,New,2025-12-02 01:40:27
HS-003867,New,2025-09-18 12:52:07
HS-003868,MQL,2025-10-03 02:33:26
HS-003868,New,2025-09-28 16:35:13
HS-003868,Opportunity,2025-10-11 23:52:53
HS-003868,SAL,2025-10-04 04:01:08
HS-003868,SQL,2025-10-07 22:52:43
HS-003869,MQL,2026-01-05 21:39:59
HS-003869,New,2025-12-28 08:53:48
HS-003869,Opportunity,2026-01-17 09:10:51
HS-003869,SAL,2026-01-09 01:40:37
HS-003869,SQL,2026-01-12 05:40:55
HS-003870,MQL,2025-12-05 03:35:07
HS-003870,New,2025-11-29 11:08:31
HS-003871,MQL,2026-02-09 14:35:18
HS-003871,New,2026-02-05 19:11:47
HS-003872,New,2026-01-02 01:32:31
HS-003873,New,2026-03-03 06:00:33
HS-003874,MQL,2026-03-06 03:11:48
HS-003874,New,2026-02-24 01:39:33
HS-003874,SAL,2026-03-10 04:49:48
HS-003874,SQL,2026-03-22 05:14:36
HS-003875,MQL,2026-01-04 01:49:29
HS-003875,New,2025-12-26 17:36:51
HS-003876,New,2025-12-07 14:29:36
HS-003877,New,2026-02-15 03:33:06
HS-003878,MQL,2025-10-03 02:52:39
HS-003878,New,2025-09-28 14:31:02
HS-003878,SAL,2025-10-04 09:48:10
HS-003879,MQL,2026-02-27 10:36:46
HS-003879,New,2026-02-22 17:47:27
HS-003879,Opportunity,2026-03-10 07:26:27
HS-003879,SAL,2026-03-03 09:18:47
HS-003879,SQL,2026-03-06 09:25:07
HS-003880,MQL,2025-12-29 18:26:33
HS-003880,New,2025-12-21 20:19:24
HS-003881,MQL,2026-01-11 10:48:43
HS-003881,New,2026-01-03 21:53:32
HS-003882,New,2025-11-02 00:01:35
HS-003883,New,2025-12-28 13:32:40
HS-003884,MQL,2025-10-30 15:43:12
HS-003884,New,2025-10-18 14:23:54
HS-003885,New,2026-02-02 08:58:14
HS-003886,New,2025-10-01 14:33:27
HS-003887,MQL,2025-09-30 06:49:06
HS-003887,New,2025-09-22 07:33:38
HS-003888,New,2026-02-09 22:31:19
HS-003889,New,2025-12-19 17:22:35
HS-003890,New,2026-02-07 07:13:53
HS-003891,New,2025-12-17 06:52:44
HS-003892,MQL,2026-01-02 03:41:19
HS-003892,New,2025-12-23 13:47:52
HS-003893,New,2026-02-25 17:17:56
HS-003894,New,2025-09-06 11:22:06
HS-003895,MQL,2025-09-23 21:18:19
HS-003895,New,2025-09-11 18:16:33
HS-003896,New,2026-03-25 14:04:54
HS-003897,New,2025-11-06 01:00:42
HS-003898,New,2025-12-21 20:19:15
HS-003899,MQL,2025-11-13 07:58:11
HS-003899,New,2025-11-04 04:48:20
HS-003900,MQL,2025-10-20 04:58:03
HS-003900,New,2025-10-08 15:02:17
HS-003901,MQL,2026-01-08 10:09:48
HS-003901,New,2025-12-16 12:19:10
HS-003902,MQL,2025-12-02 19:00:30
HS-003902,New,2025-11-30 04:31:48
HS-003902,Opportunity,2025-12-15 20:02:26
HS-003902,SAL,2025-12-05 21:00:19
HS-003902,SQL,2025-12-12 03:19:58
HS-003903,MQL,2026-03-11 02:22:33
HS-003903,New,2026-03-02 14:32:49
HS-003904,New,2025-12-15 08:39:40
HS-003905,New,2025-10-08 12:59:12
HS-003906,MQL,2025-09-18 00:54:00
HS-003906,New,2025-09-13 18:16:44
HS-003907,MQL,2025-12-13 10:16:02
HS-003907,New,2025-12-04 15:51:32
HS-003908,MQL,2026-03-12 15:24:20
HS-003908,New,2026-03-07 16:12:43
HS-003909,New,2025-09-28 04:00:10
HS-003910,MQL,2026-02-03 20:48:00
HS-003910,New,2026-01-30 06:19:25
HS-003911,MQL,2026-03-24 00:54:19
HS-003911,New,2026-03-17 22:24:30
HS-003911,SAL,2026-03-25 16:24:32
HS-003911,SQL,2026-03-27 22:33:51
HS-003912,MQL,2025-11-04 04:02:49
HS-003912,New,2025-10-26 14:42:16
HS-003913,MQL,2026-01-13 09:21:23
HS-003913,New,2026-01-10 07:31:49
HS-003913,SAL,2026-01-17 03:37:11
HS-003914,MQL,2026-01-26 02:55:39
HS-003914,New,2026-01-20 05:50:48
HS-003915,New,2025-11-20 10:36:22
HS-003916,New,2026-02-13 21:31:48
HS-003917,New,2026-01-29 13:48:19
HS-003918,New,2025-09-04 21:46:20
HS-003919,New,2025-11-04 01:12:04
HS-003920,MQL,2026-02-14 02:31:03
HS-003920,New,2026-01-26 22:32:04
HS-003921,MQL,2025-09-28 19:57:01
HS-003921,New,2025-09-19 17:06:05
HS-003921,SAL,2025-10-01 01:12:27
HS-003921,SQL,2025-10-04 01:00:07
HS-003922,New,2026-02-25 14:23:46
HS-003923,New,2025-10-14 08:38:37
HS-003924,MQL,2026-01-31 20:43:58
HS-003924,New,2026-01-29 14:05:03
HS-003925,MQL,2025-12-12 00:19:12
HS-003925,New,2025-12-05 08:23:28
HS-003925,SAL,2025-12-12 22:13:08
HS-003926,MQL,2025-09-27 16:45:51
HS-003926,New,2025-09-24 21:47:56
HS-003926,SAL,2025-10-02 06:18:37
HS-003927,MQL,2026-03-19 17:43:08
HS-003927,New,2026-03-17 03:45:20
HS-003927,SAL,2026-03-21 02:03:09
HS-003928,MQL,2026-03-01 02:10:23
HS-003928,New,2026-02-21 18:35:10
HS-003928,Opportunity,2026-03-13 10:27:30
HS-003928,SAL,2026-03-03 03:20:52
HS-003928,SQL,2026-03-06 02:51:41
HS-003929,MQL,2026-01-08 03:10:55
HS-003929,New,2026-01-02 07:04:21
HS-003929,SAL,2026-01-09 04:32:24
HS-003930,New,2025-09-08 12:21:22
HS-003931,New,2026-02-01 09:48:42
HS-003932,MQL,2025-11-15 15:49:16
HS-003932,New,2025-11-12 01:31:26
HS-003932,Opportunity,2025-11-27 11:40:40
HS-003932,SAL,2025-11-17 09:19:44
HS-003932,SQL,2025-11-19 10:49:59
HS-003933,MQL,2025-10-12 09:53:11
HS-003933,New,2025-09-30 18:18:57
HS-003934,New,2026-03-27 12:49:14
HS-003935,New,2026-03-04 08:42:49
HS-003936,MQL,2025-09-13 13:31:27
HS-003936,New,2025-09-01 01:20:11
HS-003937,MQL,2026-02-23 21:38:46
HS-003937,New,2026-02-17 22:35:16
HS-003937,SAL,2026-02-26 20:50:18
HS-003938,New,2025-09-23 18:27:46
HS-003939,MQL,2025-10-29 18:31:44
HS-003939,New,2025-10-21 23:37:38
HS-003939,Opportunity,2025-11-18 04:18:28
HS-003939,SAL,2025-10-31 17:02:08
HS-003939,SQL,2025-11-11 08:17:55
HS-003940,MQL,2025-10-16 15:49:07
HS-003940,New,2025-10-06 00:12:45
HS-003941,MQL,2025-12-31 17:04:40
HS-003941,New,2025-12-28 10:28:35
HS-003941,SAL,2026-01-02 17:09:38
HS-003941,SQL,2026-01-04 19:10:15
HS-003942,MQL,2025-09-23 07:58:22
HS-003942,New,2025-09-12 14:15:36
HS-003943,New,2025-10-25 21:24:38
HS-003944,MQL,2025-11-16 15:11:45
HS-003944,New,2025-11-13 13:51:20
HS-003945,New,2026-03-16 22:38:30
HS-003946,MQL,2025-12-10 13:55:26
HS-003946,New,2025-12-06 04:56:45
HS-003947,MQL,2025-09-23 18:55:38
HS-003947,New,2025-09-10 20:42:16
HS-003948,MQL,2025-12-04 04:12:04
HS-003948,New,2025-11-22 18:32:19
HS-003949,MQL,2025-11-20 23:35:38
HS-003949,New,2025-11-16 01:13:15
HS-003949,SAL,2025-11-26 09:42:40
HS-003949,SQL,2025-12-01 16:46:15
HS-003950,New,2026-02-15 01:03:01
HS-003951,New,2025-09-01 20:13:54
HS-003952,New,2025-10-04 12:16:16
HS-003953,New,2026-02-10 23:19:19
HS-003954,MQL,2025-10-05 09:17:36
HS-003954,New,2025-10-01 20:58:39
HS-003955,MQL,2026-02-18 15:16:39
HS-003955,New,2026-02-12 12:44:11
HS-003956,New,2025-12-19 14:28:15
HS-003957,New,2026-03-28 05:30:13
HS-003958,MQL,2026-02-27 20:44:55
HS-003958,New,2026-02-20 03:05:21
HS-003959,New,2026-03-19 14:21:23
HS-003960,MQL,2025-11-22 08:37:33
HS-003960,New,2025-11-18 12:30:09
HS-003960,SAL,2025-11-25 17:57:54
HS-003961,MQL,2025-08-31 16:55:49
HS-003961,New,2025-08-11 00:32:07
HS-003961,Opportunity,2025-09-09 12:23:06
HS-003961,SAL,2025-09-02 10:03:43
HS-003961,SQL,2025-09-05 15:14:37
HS-003962,MQL,2026-01-21 13:32:01
HS-003962,New,2026-01-10 15:00:37
HS-003962,SAL,2026-01-22 20:33:12
HS-003963,New,2026-03-11 17:04:59
HS-003964,MQL,2025-11-14 16:42:50
HS-003964,New,2025-10-27 16:11:59
HS-003964,SAL,2025-11-18 10:52:15
HS-003965,MQL,2026-01-30 23:15:58
HS-003965,New,2026-01-23 15:52:10
HS-003965,SAL,2026-02-07 13:24:39
HS-003966,New,2026-03-12 07:09:54
HS-003967,MQL,2025-11-19 05:30:18
HS-003967,New,2025-11-11 17:22:04
HS-003967,Opportunity,2025-12-08 12:14:45
HS-003967,SAL,2025-11-24 18:19:04
HS-003967,SQL,2025-11-28 05:35:41
HS-003968,New,2026-03-12 15:46:51
HS-003969,MQL,2025-10-06 08:05:27
HS-003969,New,2025-10-02 06:06:54
HS-003970,New,2026-01-21 19:59:52
HS-003971,MQL,2026-03-03 00:36:58
HS-003971,New,2026-02-26 02:12:01
HS-003972,MQL,2025-09-29 16:43:55
HS-003972,New,2025-09-20 15:36:56
HS-003973,New,2025-11-04 09:09:23
HS-003974,MQL,2025-12-17 11:42:37
HS-003974,New,2025-12-05 15:04:43
HS-003974,Opportunity,2026-01-05 20:32:48
HS-003974,SAL,2025-12-20 03:20:38
HS-003974,SQL,2025-12-26 22:41:54
HS-003975,MQL,2025-11-29 04:52:55
HS-003975,New,2025-11-25 06:26:55
HS-003975,SAL,2025-11-30 10:07:14
HS-003976,New,2026-03-29 13:42:33
HS-003977,MQL,2026-01-21 12:04:32
HS-003977,New,2026-01-16 07:08:59
HS-003978,MQL,2026-03-13 23:06:25
HS-003978,New,2026-03-09 18:00:21
HS-003978,Opportunity,2026-03-30 21:15:07
HS-003978,SAL,2026-03-17 03:38:40
HS-003978,SQL,2026-03-20 05:27:12
HS-003979,New,2025-09-06 19:35:27
HS-003980,MQL,2025-12-07 03:35:15
HS-003980,New,2025-12-02 08:17:20
HS-003980,Opportunity,2025-12-20 23:11:17
HS-003980,SAL,2025-12-09 08:51:15
HS-003980,SQL,2025-12-15 01:05:03
HS-003981,New,2026-02-12 08:38:48
HS-003982,MQL,2025-11-26 21:23:22
HS-003982,New,2025-11-15 22:19:55
HS-003982,Opportunity,2025-12-12 11:49:11
HS-003982,SAL,2025-11-29 02:10:35
HS-003982,SQL,2025-12-06 13:21:13
HS-003983,New,2025-09-23 09:56:30
HS-003984,MQL,2026-02-07 08:19:43
HS-003984,New,2026-01-30 15:38:00
HS-003984,SAL,2026-02-11 02:11:02
HS-003985,New,2025-11-16 15:38:24
HS-003986,New,2025-11-20 03:49:46
HS-003987,New,2026-03-20 08:57:50
HS-003988,MQL,2026-03-02 06:03:30
HS-003988,New,2026-02-23 05:11:32
HS-003988,SAL,2026-03-06 10:14:56
HS-003989,New,2025-12-13 06:03:33
HS-003990,MQL,2026-01-19 13:47:12
HS-003990,New,2026-01-15 03:24:23
HS-003991,MQL,2025-11-08 02:11:38
HS-003991,New,2025-11-04 09:49:00
HS-003992,New,2025-10-01 06:16:08
HS-003993,MQL,2026-01-30 14:24:36
HS-003993,New,2026-01-23 17:59:53
HS-003994,New,2025-12-07 19:11:09
HS-003995,New,2025-09-25 02:08:07
HS-003996,MQL,2026-02-02 15:41:11
HS-003996,New,2026-01-09 09:25:34
HS-003996,Opportunity,2026-03-05 23:10:56
HS-003996,SAL,2026-02-05 21:36:34
HS-003996,SQL,2026-02-18 14:38:08
HS-003997,MQL,2025-09-23 03:34:23
HS-003997,New,2025-09-19 21:46:25
HS-003997,Opportunity,2025-10-06 22:45:05
HS-003997,SAL,2025-09-25 07:18:13
HS-003997,SQL,2025-09-30 06:00:40
HS-003998,New,2026-01-02 05:37:15
HS-003999,New,2026-03-25 05:17:55
HS-004000,MQL,2025-12-29 15:23:41
HS-004000,New,2025-12-26 10:46:47
HS-004001,New,2025-10-19 11:41:53
HS-004002,New,2025-11-13 18:18:41
HS-004003,MQL,2025-09-07 09:12:27
HS-004003,New,2025-08-31 11:24:10
HS-004003,SAL,2025-09-10 10:48:28
HS-004004,MQL,2026-01-02 22:25:23
HS-004004,New,2025-12-20 20:38:31
HS-004004,SAL,2026-01-07 20:59:12
HS-004004,SQL,2026-01-13 23:39:01
HS-004005,New,2026-02-19 04:06:47
HS-004006,New,2025-11-27 02:30:46
HS-004007,MQL,2025-10-25 02:54:59
HS-004007,New,2025-10-14 15:56:34
HS-004007,SAL,2025-10-27 23:22:42
HS-004008,MQL,2026-02-11 22:47:09
HS-004008,New,2026-02-07 04:35:13
HS-004008,SAL,2026-02-16 00:01:43
HS-004009,MQL,2025-12-20 23:56:15
HS-004009,New,2025-12-14 14:43:56
HS-004010,MQL,2026-02-16 16:41:11
HS-004010,New,2026-02-06 16:09:58
HS-004011,MQL,2026-03-03 20:01:58
HS-004011,New,2026-02-24 05:56:37
HS-004011,SAL,2026-03-05 21:53:20
HS-004012,New,2025-10-16 00:31:38
HS-004013,New,2026-03-02 15:18:28
HS-004014,New,2026-03-27 00:13:40
HS-004015,New,2026-02-18 02:20:16
HS-004016,New,2025-12-03 10:52:48
HS-004017,MQL,2026-02-07 15:11:06
HS-004017,New,2026-01-31 18:46:48
HS-004017,Opportunity,2026-02-22 09:48:08
HS-004017,SAL,2026-02-09 02:58:29
HS-004017,SQL,2026-02-16 17:14:31
HS-004018,MQL,2025-12-12 01:13:40
HS-004018,New,2025-12-06 02:49:21
HS-004019,MQL,2025-12-26 09:02:10
HS-004019,New,2025-12-17 13:10:18
HS-004019,SAL,2025-12-28 17:07:34
HS-004020,MQL,2026-02-05 20:19:09
HS-004020,New,2026-02-01 14:19:49
HS-004021,New,2025-09-06 15:51:13
HS-004022,New,2025-12-05 16:16:02
HS-004023,New,2025-12-28 05:45:13
HS-004024,New,2025-11-29 10:22:22
HS-004025,New,2026-03-18 22:46:32
HS-004026,MQL,2026-03-01 17:19:46
HS-004026,New,2026-02-26 21:22:52
HS-004026,Opportunity,2026-03-12 08:21:03
HS-004026,SAL,2026-03-04 01:21:02
HS-004026,SQL,2026-03-07 15:42:30
HS-004027,MQL,2025-12-22 23:47:05
HS-004027,New,2025-12-10 00:03:13
HS-004028,New,2025-11-12 08:20:03
HS-004029,MQL,2025-12-11 22:05:59
HS-004029,New,2025-12-04 07:12:33
HS-004030,New,2025-11-04 15:00:40
HS-004031,MQL,2025-09-17 23:13:51
HS-004031,New,2025-09-10 14:01:51
HS-004031,Opportunity,2025-09-29 07:21:39
HS-004031,SAL,2025-09-20 14:17:24
HS-004031,SQL,2025-09-24 16:17:30
HS-004032,MQL,2026-01-01 08:15:44
HS-004032,New,2025-12-22 15:52:56
HS-004033,MQL,2026-01-09 21:31:43
HS-004033,New,2026-01-02 15:53:30
HS-004033,SAL,2026-01-20 22:26:37
HS-004034,MQL,2026-01-05 01:52:20
HS-004034,New,2025-12-31 22:35:45
HS-004034,Opportunity,2026-01-21 20:40:54
HS-004034,SAL,2026-01-06 14:53:28
HS-004034,SQL,2026-01-15 19:23:35
HS-004035,MQL,2026-02-27 03:00:31
HS-004035,New,2026-02-17 20:16:57
HS-004035,Opportunity,2026-03-10 10:27:14
HS-004035,SAL,2026-03-01 08:21:37
HS-004035,SQL,2026-03-04 02:43:49
HS-004036,MQL,2026-03-10 00:44:45
HS-004036,New,2026-03-07 11:22:50
HS-004037,MQL,2026-03-12 19:50:11
HS-004037,New,2026-02-22 08:35:27
HS-004038,MQL,2026-02-18 09:31:37
HS-004038,New,2026-02-14 20:03:42
HS-004039,MQL,2026-01-04 12:22:28
HS-004039,New,2025-12-25 08:02:51
HS-004040,New,2026-01-29 12:26:07
HS-004041,New,2026-01-02 01:03:12
HS-004042,New,2025-10-20 09:27:28
HS-004043,New,2026-01-28 03:25:56
HS-004044,MQL,2025-11-23 09:49:30
HS-004044,New,2025-11-19 11:56:38
HS-004044,SAL,2025-11-25 22:07:17
HS-004044,SQL,2025-11-27 12:39:05
HS-004045,MQL,2026-01-29 23:44:29
HS-004045,New,2026-01-22 08:28:18
HS-004046,New,2025-10-23 14:02:48
HS-004047,MQL,2025-10-19 14:50:22
HS-004047,New,2025-10-15 08:24:32
HS-004047,SAL,2025-10-22 11:59:33
HS-004048,New,2025-11-02 14:30:47
HS-004049,New,2026-02-16 20:53:24
HS-004050,MQL,2025-10-17 07:14:25
HS-004050,New,2025-10-12 01:06:10
HS-004051,New,2026-01-10 20:29:06
HS-004052,MQL,2026-02-21 14:56:56
HS-004052,New,2026-02-01 12:22:14
HS-004053,MQL,2025-09-21 15:24:18
HS-004053,New,2025-09-17 12:31:14
HS-004053,SAL,2025-09-23 10:33:26
HS-004054,New,2025-09-22 09:09:05
HS-004055,New,2026-02-17 01:01:27
HS-004056,New,2026-02-20 12:05:34
HS-004057,New,2025-12-17 18:34:29
HS-004058,New,2025-11-16 09:39:37
HS-004059,New,2025-12-07 14:27:41
HS-004060,New,2025-12-29 05:08:24
HS-004061,MQL,2025-11-02 14:54:48
HS-004061,New,2025-10-26 15:09:35
HS-004061,SAL,2025-11-04 13:44:30
HS-004062,MQL,2026-01-22 07:42:11
HS-004062,New,2026-01-17 08:19:36
HS-004062,Opportunity,2026-01-30 20:19:09
HS-004062,SAL,2026-01-24 09:10:27
HS-004062,SQL,2026-01-26 09:07:50
HS-004063,MQL,2025-11-09 00:21:56
HS-004063,New,2025-11-06 16:33:48
HS-004064,New,2025-12-16 16:17:31
HS-004065,New,2026-03-20 20:36:29
HS-004066,MQL,2025-12-25 08:48:26
HS-004066,New,2025-12-15 14:29:12
HS-004067,New,2026-03-23 12:23:13
HS-004068,New,2025-11-06 08:28:46
HS-004069,New,2026-01-22 16:16:07
HS-004070,MQL,2026-01-17 18:13:25
HS-004070,New,2026-01-13 21:41:29
HS-004070,Opportunity,2026-01-27 04:56:32
HS-004070,SAL,2026-01-20 17:09:57
HS-004070,SQL,2026-01-25 01:07:04
HS-004071,MQL,2025-11-17 07:06:51
HS-004071,New,2025-11-13 02:50:49
HS-004072,MQL,2026-02-25 15:38:55
HS-004072,New,2026-02-17 16:09:06
HS-004072,Opportunity,2026-03-11 15:05:35
HS-004072,SAL,2026-02-27 17:39:55
HS-004072,SQL,2026-03-03 10:34:12
HS-004073,New,2025-12-09 00:13:21
HS-004074,MQL,2026-03-27 19:11:30
HS-004074,New,2026-03-16 10:57:18
HS-004074,SAL,2026-03-29 19:23:12
HS-004075,New,2025-11-04 17:35:57
HS-004076,New,2025-09-10 06:51:41
HS-004077,MQL,2025-09-27 18:05:56
HS-004077,New,2025-09-19 19:08:03
HS-004077,SAL,2025-09-29 13:51:01
HS-004078,New,2026-02-21 01:35:26
HS-004079,MQL,2025-12-15 23:35:42
HS-004079,New,2025-12-13 23:14:03
HS-004079,Opportunity,2025-12-30 10:50:56
HS-004079,SAL,2025-12-19 17:46:23
HS-004079,SQL,2025-12-25 01:56:34
HS-004080,MQL,2025-09-26 16:40:21
HS-004080,New,2025-09-21 12:23:30
HS-004080,SAL,2025-10-01 05:20:24
HS-004081,New,2025-12-12 11:43:06
HS-004082,New,2026-02-21 21:06:10
HS-004083,MQL,2025-11-25 23:00:33
HS-004083,New,2025-11-21 09:24:36
HS-004084,MQL,2025-11-16 19:53:30
HS-004084,New,2025-11-11 18:01:32
HS-004084,Opportunity,2025-11-30 20:42:21
HS-004084,SAL,2025-11-20 09:30:32
HS-004084,SQL,2025-11-21 13:36:55
HS-004085,New,2025-12-24 03:05:23
HS-004086,New,2026-01-13 12:19:43
HS-004087,New,2025-12-08 16:03:21
HS-004088,MQL,2026-02-21 13:10:31
HS-004088,New,2026-02-18 19:31:03
HS-004088,SAL,2026-02-25 01:51:55
HS-004089,New,2026-02-12 07:37:55
HS-004090,MQL,2026-02-11 12:20:37
HS-004090,New,2026-01-24 20:14:39
HS-004091,New,2026-01-17 01:14:04
HS-004092,MQL,2026-03-02 18:14:07
HS-004092,New,2026-02-25 02:42:52
HS-004092,SAL,2026-03-04 18:39:56
HS-004093,MQL,2026-03-12 01:09:51
HS-004093,New,2026-03-07 04:42:26
HS-004094,MQL,2025-10-21 02:04:17
HS-004094,New,2025-10-15 21:46:47
HS-004094,SAL,2025-10-21 14:16:54
HS-004094,SQL,2025-10-25 14:06:07
HS-004095,New,2025-10-20 06:49:00
HS-004096,MQL,2025-12-03 07:00:24
HS-004096,New,2025-11-27 23:36:40
HS-004096,SAL,2025-12-06 04:38:16
HS-004097,MQL,2026-01-07 16:39:45
HS-004097,New,2026-01-01 07:38:18
HS-004098,New,2025-10-25 01:28:05
HS-004099,MQL,2026-02-16 06:59:27
HS-004099,New,2026-02-12 00:36:28
HS-004099,Opportunity,2026-03-01 15:06:37
HS-004099,SAL,2026-02-20 13:38:41
HS-004099,SQL,2026-02-25 19:12:17
HS-004100,New,2026-01-03 13:22:21
HS-004101,New,2025-09-21 17:55:58
HS-004102,New,2025-10-12 10:45:56
HS-004103,MQL,2025-12-06 13:00:39
HS-004103,New,2025-11-26 19:23:10
HS-004103,Opportunity,2025-12-18 15:41:20
HS-004103,SAL,2025-12-11 05:37:31
HS-004103,SQL,2025-12-15 08:10:29
HS-004104,MQL,2025-11-12 07:42:13
HS-004104,New,2025-10-18 06:38:28
HS-004104,Opportunity,2025-12-06 02:44:30
HS-004104,SAL,2025-11-15 00:30:43
HS-004104,SQL,2025-11-26 00:52:47
HS-004105,New,2025-09-09 23:49:59
HS-004106,New,2026-01-11 19:31:23
HS-004107,New,2026-02-20 08:41:47
HS-004108,MQL,2025-10-03 10:47:39
HS-004108,New,2025-09-28 01:28:59
HS-004108,SAL,2025-10-04 20:52:26
HS-004109,New,2025-10-29 23:40:12
HS-004110,MQL,2026-01-17 00:20:15
HS-004110,New,2026-01-13 18:52:18
HS-004111,New,2026-01-15 01:22:30
HS-004112,New,2025-11-19 23:15:52
HS-004113,MQL,2025-09-01 13:45:25
HS-004113,New,2025-08-27 22:21:41
HS-004113,Opportunity,2025-09-10 11:27:30
HS-004113,SAL,2025-09-04 22:00:36
HS-004113,SQL,2025-09-07 04:25:32
HS-004114,MQL,2025-10-10 07:44:21
HS-004114,New,2025-09-30 20:39:32
HS-004114,Opportunity,2025-10-20 10:31:59
HS-004114,SAL,2025-10-14 11:45:50
HS-004114,SQL,2025-10-16 10:51:43
HS-004115,New,2025-10-19 23:56:04
HS-004116,MQL,2025-10-13 22:16:13
HS-004116,New,2025-10-09 17:55:18
HS-004117,MQL,2026-02-04 18:19:04
HS-004117,New,2026-01-27 11:03:03
HS-004117,SAL,2026-02-07 00:58:10
HS-004118,MQL,2026-01-04 10:57:38
HS-004118,New,2026-01-01 06:22:56
HS-004119,MQL,2026-01-04 16:38:58
HS-004119,New,2025-12-26 18:43:32
HS-004119,SAL,2026-01-06 10:49:26
HS-004120,New,2026-03-30 13:15:01
HS-004121,New,2026-01-21 19:12:35
HS-004122,New,2026-03-18 05:56:36
HS-004123,New,2025-10-10 18:16:57
HS-004124,New,2026-02-08 04:31:04
HS-004125,New,2025-11-13 13:38:52
HS-004126,MQL,2025-11-09 23:12:03
HS-004126,New,2025-10-31 05:38:47
HS-004127,MQL,2025-10-20 03:27:49
HS-004127,New,2025-10-13 10:10:34
HS-004128,MQL,2026-02-14 23:35:17
HS-004128,New,2026-02-10 17:55:57
HS-004129,MQL,2025-10-28 12:39:52
HS-004129,New,2025-10-24 13:08:30
HS-004130,New,2026-01-10 16:31:59
HS-004131,New,2025-10-04 22:07:34
HS-004132,New,2026-01-29 23:00:18
HS-004133,New,2026-01-10 01:06:50
HS-004134,MQL,2025-09-18 08:11:36
HS-004134,New,2025-08-30 16:57:06
HS-004134,Opportunity,2025-11-09 04:19:59
HS-004134,SAL,2025-09-23 18:35:05
HS-004134,SQL,2025-10-21 11:37:00
HS-004135,New,2025-11-27 06:43:38
HS-004136,MQL,2025-10-13 07:56:56
HS-004136,New,2025-10-07 12:57:36
HS-004137,New,2026-01-14 08:07:14
HS-004138,MQL,2025-10-18 03:46:57
HS-004138,New,2025-10-14 03:40:05
HS-004138,Opportunity,2025-10-30 09:57:03
HS-004138,SAL,2025-10-19 21:28:44
HS-004138,SQL,2025-10-22 20:13:16
HS-004139,MQL,2026-02-09 00:46:21
HS-004139,New,2026-01-28 22:52:42
HS-004139,SAL,2026-02-11 23:47:53
HS-004140,New,2026-02-22 11:30:32
HS-004141,New,2026-02-14 23:02:17
HS-004142,MQL,2026-01-14 19:49:05
HS-004142,New,2026-01-08 04:56:07
HS-004143,New,2026-03-14 20:57:28
HS-004144,New,2026-02-12 14:05:49
HS-004145,MQL,2025-12-31 13:30:19
HS-004145,New,2025-12-23 16:21:24
HS-004145,SAL,2026-01-02 11:09:08
HS-004145,SQL,2026-01-05 02:16:51
HS-004146,MQL,2026-01-18 21:05:49
HS-004146,New,2026-01-11 10:17:17
HS-004147,New,2025-10-17 11:31:19
HS-004148,MQL,2025-12-06 11:47:05
HS-004148,New,2025-11-18 06:40:14
HS-004149,MQL,2026-02-15 10:38:37
HS-004149,New,2026-02-04 02:03:37
HS-004149,Opportunity,2026-02-25 03:25:44
HS-004149,SAL,2026-02-17 04:57:37
HS-004149,SQL,2026-02-20 06:23:46
HS-004150,MQL,2025-10-05 00:47:50
HS-004150,New,2025-09-12 18:39:49
HS-004150,SAL,2025-10-07 17:36:12
HS-004151,New,2025-11-30 02:18:56
HS-004152,MQL,2026-03-22 08:09:59
HS-004152,New,2026-03-18 03:45:49
HS-004152,SAL,2026-03-26 15:26:16
HS-004153,New,2025-11-22 14:15:36
HS-004154,MQL,2025-08-30 22:56:24
HS-004154,New,2025-08-21 15:43:34
HS-004155,MQL,2025-12-14 20:50:32
HS-004155,New,2025-12-12 20:39:34
HS-004156,New,2025-09-05 07:21:23
HS-004157,New,2025-10-12 23:21:50
HS-004158,New,2025-10-18 22:24:33
HS-004159,MQL,2025-11-12 20:26:03
HS-004159,New,2025-11-09 12:40:54
HS-004160,MQL,2025-10-15 20:19:40
HS-004160,New,2025-10-09 12:56:30
HS-004160,SAL,2025-10-21 19:55:27
HS-004161,New,2025-10-21 13:35:19
HS-004162,MQL,2026-01-29 12:01:01
HS-004162,New,2026-01-26 14:02:32
HS-004163,New,2026-03-16 01:41:11
HS-004164,New,2025-12-09 02:08:26
HS-004165,New,2025-10-11 13:18:06
HS-004166,MQL,2025-12-21 08:46:29
HS-004166,New,2025-12-10 19:05:11
HS-004167,MQL,2026-02-06 06:48:42
HS-004167,New,2026-01-29 07:45:10
HS-004168,MQL,2025-12-09 09:46:48
HS-004168,New,2025-11-22 23:33:19
HS-004169,MQL,2025-11-27 19:58:28
HS-004169,New,2025-11-20 23:55:54
HS-004170,New,2025-11-13 01:11:05
HS-004171,MQL,2025-10-24 12:28:29
HS-004171,New,2025-10-18 21:15:29
HS-004172,New,2025-10-17 20:43:36
HS-004173,New,2025-12-25 03:56:38
HS-004174,New,2026-01-12 00:18:31
HS-004175,MQL,2026-03-24 01:44:32
HS-004175,New,2026-03-06 16:33:27
HS-004175,SAL,2026-03-29 22:43:17
HS-004176,MQL,2025-10-10 16:32:06
HS-004176,New,2025-10-02 12:50:04
HS-004176,SAL,2025-10-12 21:37:55
HS-004177,New,2026-03-05 11:41:03
HS-004178,MQL,2025-10-02 12:23:33
HS-004178,New,2025-09-24 01:27:37
HS-004178,Opportunity,2025-10-13 09:47:03
HS-004178,SAL,2025-10-07 06:32:42
HS-004178,SQL,2025-10-08 16:59:42
HS-004179,MQL,2026-03-02 11:43:21
HS-004179,New,2026-02-24 01:11:57
HS-004180,New,2026-01-20 23:47:31
HS-004181,MQL,2026-01-26 18:41:16
HS-004181,New,2026-01-16 04:32:16
HS-004182,New,2025-11-07 09:32:43
HS-004183,New,2025-09-12 18:58:45
HS-004184,New,2026-03-11 23:39:46
HS-004185,New,2025-11-18 02:43:26
HS-004186,New,2026-03-15 10:27:45
HS-004187,MQL,2025-12-19 15:56:41
HS-004187,New,2025-12-15 11:00:19
HS-004188,MQL,2025-12-07 00:24:30
HS-004188,New,2025-12-02 00:36:42
HS-004189,New,2025-09-16 03:26:23
HS-004190,MQL,2025-11-22 02:07:17
HS-004190,New,2025-11-15 11:03:10
HS-004191,New,2025-09-21 20:28:17
HS-004192,MQL,2026-02-20 10:25:18
HS-004192,New,2026-02-15 06:58:21
HS-004192,SAL,2026-02-22 01:33:59
HS-004193,MQL,2026-03-15 01:01:57
HS-004193,New,2026-03-06 09:57:18
HS-004194,New,2025-10-19 13:54:51
HS-004195,MQL,2025-10-07 11:24:23
HS-004195,New,2025-10-03 11:02:56
HS-004196,New,2025-12-27 06:18:05
HS-004197,MQL,2025-10-18 17:26:17
HS-004197,New,2025-10-14 18:16:25
HS-004197,SAL,2025-10-19 23:19:04
HS-004198,New,2026-01-03 07:26:12
HS-004199,New,2025-09-03 02:34:43
HS-004200,New,2025-11-08 13:23:31
HS-004201,MQL,2025-09-16 18:42:27
HS-004201,New,2025-09-12 01:18:14
HS-004201,SAL,2025-09-20 23:17:06
HS-004201,SQL,2025-09-23 08:23:49
HS-004202,MQL,2026-01-21 17:15:53
HS-004202,New,2026-01-17 22:52:29
HS-004202,SAL,2026-01-25 00:41:37
HS-004202,SQL,2026-02-04 02:20:09
HS-004203,New,2025-11-16 06:02:17
HS-004204,New,2026-02-14 12:07:42
HS-004205,New,2025-12-13 20:37:15
HS-004206,MQL,2025-09-13 06:52:45
HS-004206,New,2025-09-09 21:03:23
HS-004207,MQL,2025-11-12 03:18:16
HS-004207,New,2025-11-08 09:34:50
HS-004207,SAL,2025-11-14 19:52:20
HS-004208,MQL,2025-10-04 20:35:33
HS-004208,New,2025-09-22 15:01:29
HS-004208,SAL,2025-10-05 10:07:54
HS-004209,MQL,2025-11-30 12:37:09
HS-004209,New,2025-11-26 08:12:10
HS-004209,SAL,2025-12-02 08:50:50
HS-004210,MQL,2025-10-24 05:39:55
HS-004210,New,2025-10-11 14:22:16
HS-004211,MQL,2026-01-05 08:18:19
HS-004211,New,2025-12-21 20:12:31
HS-004212,MQL,2026-03-20 06:45:14
HS-004212,New,2026-03-13 03:20:27
HS-004213,New,2025-10-01 02:31:37
HS-004214,New,2025-10-25 05:13:16
HS-004215,MQL,2026-02-22 16:10:54
HS-004215,New,2026-02-14 05:31:17
HS-004215,SAL,2026-02-23 20:03:22
HS-004215,SQL,2026-03-03 22:08:16
HS-004216,MQL,2026-01-15 20:15:56
HS-004216,New,2026-01-07 07:49:46
HS-004217,MQL,2025-11-21 13:29:50
HS-004217,New,2025-11-10 15:10:48
HS-004217,Opportunity,2025-12-01 23:53:50
HS-004217,SAL,2025-11-24 05:30:52
HS-004217,SQL,2025-11-26 18:09:53
HS-004218,MQL,2025-10-17 05:20:29
HS-004218,New,2025-10-13 21:02:56
HS-004219,MQL,2025-12-22 12:07:13
HS-004219,New,2025-12-09 11:44:26
HS-004220,MQL,2026-03-28 17:53:38
HS-004220,New,2026-03-13 20:18:13
HS-004221,MQL,2025-12-21 18:28:44
HS-004221,New,2025-12-18 15:17:58
HS-004221,SAL,2025-12-23 07:20:20
HS-004222,New,2026-01-26 21:19:10
HS-004223,MQL,2025-09-17 17:28:33
HS-004223,New,2025-09-08 12:16:33
HS-004223,SAL,2025-09-21 19:23:39
HS-004224,New,2026-02-24 18:50:07
HS-004225,New,2025-10-03 06:26:00
HS-004226,New,2025-11-30 21:10:13
HS-004227,MQL,2025-12-10 08:09:31
HS-004227,New,2025-12-05 17:05:17
HS-004227,SAL,2025-12-11 23:39:08
HS-004227,SQL,2025-12-14 17:31:53
HS-004228,New,2025-12-30 12:06:42
HS-004229,MQL,2026-01-31 00:44:32
HS-004229,New,2026-01-17 22:08:31
HS-004230,New,2026-01-04 14:39:15
HS-004231,MQL,2026-02-24 21:37:10
HS-004231,New,2026-02-19 23:36:56
HS-004231,SAL,2026-02-28 05:34:49
HS-004232,MQL,2026-01-09 01:47:13
HS-004232,New,2025-12-28 23:09:34
HS-004233,New,2025-09-24 08:13:23
HS-004234,MQL,2025-11-28 05:25:53
HS-004234,New,2025-11-23 11:25:07
HS-004234,Opportunity,2025-12-08 21:44:56
HS-004234,SAL,2025-12-01 07:24:19
HS-004234,SQL,2025-12-05 11:37:04
HS-004235,New,2026-01-22 15:14:38
HS-004236,New,2025-12-13 19:45:35
HS-004237,MQL,2026-03-07 16:59:17
HS-004237,New,2026-02-25 17:29:12
HS-004237,SAL,2026-03-10 21:13:34
HS-004238,New,2025-09-20 13:32:33
HS-004239,New,2025-09-03 05:16:22
HS-004240,New,2026-03-08 20:35:54
HS-004241,New,2026-01-02 17:41:14
HS-004242,New,2026-02-23 04:12:59
HS-004243,New,2026-02-06 18:02:05
HS-004244,New,2025-11-13 09:25:50
HS-004245,MQL,2026-02-12 10:56:06
HS-004245,New,2026-02-09 14:10:20
HS-004245,SAL,2026-02-13 11:28:55
HS-004246,MQL,2025-10-07 03:13:08
HS-004246,New,2025-09-30 15:38:31
HS-004246,Opportunity,2025-10-14 07:43:02
HS-004246,SAL,2025-10-10 07:19:16
HS-004246,SQL,2025-10-12 04:52:54
HS-004247,MQL,2026-03-21 11:28:33
HS-004247,New,2026-03-18 13:45:01
HS-004248,New,2025-09-01 21:02:32
HS-004249,MQL,2025-09-30 00:01:00
HS-004249,New,2025-09-23 15:41:36
HS-004250,New,2025-09-07 04:27:38
HS-004251,New,2025-12-03 04:26:05
HS-004252,MQL,2026-03-17 06:47:09
HS-004252,New,2026-03-11 19:35:39
HS-004252,SAL,2026-03-21 15:03:27
HS-004253,New,2025-12-13 00:06:53
HS-004254,MQL,2025-11-08 00:53:12
HS-004254,New,2025-10-24 21:34:02
HS-004254,Opportunity,2025-11-18 07:54:34
HS-004254,SAL,2025-11-11 16:16:34
HS-004254,SQL,2025-11-12 23:21:09
HS-004255,New,2026-03-18 16:06:01
HS-004256,New,2026-01-29 17:50:36
HS-004257,New,2025-10-02 03:27:57
HS-004258,MQL,2025-11-03 02:41:59
HS-004258,New,2025-10-24 10:05:33
HS-004259,New,2026-02-03 23:14:47
HS-004260,New,2026-01-04 05:26:05
HS-004261,MQL,2025-10-15 22:46:43
HS-004261,New,2025-10-08 13:13:35
HS-004261,Opportunity,2025-10-27 01:33:10
HS-004261,SAL,2025-10-19 10:28:09
HS-004261,SQL,2025-10-21 20:16:56
HS-004262,New,2025-10-15 08:55:00
HS-004263,MQL,2025-10-19 02:29:26
HS-004263,New,2025-10-10 17:24:37
HS-004263,Opportunity,2025-11-03 19:52:24
HS-004263,SAL,2025-10-22 16:30:51
HS-004263,SQL,2025-10-24 12:35:18
HS-004264,New,2025-12-01 08:38:47
HS-004265,New,2025-12-12 07:19:01
HS-004266,MQL,2025-12-03 00:33:51
HS-004266,New,2025-11-24 08:41:41
HS-004266,Opportunity,2025-12-23 23:30:21
HS-004266,SAL,2025-12-04 18:50:57
HS-004266,SQL,2025-12-11 22:18:54
HS-004267,New,2025-10-18 07:23:27
HS-004268,New,2025-12-26 14:47:00
HS-004269,MQL,2025-09-22 07:29:41
HS-004269,New,2025-09-16 12:42:09
HS-004270,MQL,2026-02-16 05:18:37
HS-004270,New,2026-02-11 07:00:34
HS-004271,MQL,2026-01-15 21:37:08
HS-004271,New,2026-01-11 08:46:36
HS-004271,Opportunity,2026-01-24 16:56:27
HS-004271,SAL,2026-01-18 16:48:32
HS-004271,SQL,2026-01-19 11:51:45
HS-004272,New,2026-02-07 05:37:06
HS-004273,New,2025-11-26 10:54:23
HS-004274,MQL,2025-12-31 22:55:59
HS-004274,New,2025-12-18 06:51:16
HS-004274,SAL,2026-01-01 22:43:13
HS-004275,New,2025-09-22 05:13:37
HS-004276,MQL,2026-01-05 05:25:29
HS-004276,New,2025-12-16 18:43:31
HS-004276,SAL,2026-01-09 16:10:03
HS-004277,New,2026-02-12 00:58:34
HS-004278,MQL,2025-11-28 22:49:20
HS-004278,New,2025-11-25 11:01:09
HS-004279,New,2025-11-11 03:19:39
HS-004280,New,2026-01-25 21:15:58
HS-004281,New,2026-01-03 01:28:22
HS-004282,MQL,2026-02-03 21:50:28
HS-004282,New,2026-01-29 00:58:33
HS-004283,MQL,2025-10-18 22:15:21
HS-004283,New,2025-10-14 07:20:18
HS-004284,MQL,2026-02-22 13:46:04
HS-004284,New,2026-02-10 01:24:47
HS-004285,New,2025-10-14 18:41:58
HS-004286,MQL,2026-03-29 07:49:31
HS-004286,New,2026-03-20 16:47:24
HS-004287,MQL,2026-01-29 02:53:38
HS-004287,New,2026-01-21 13:17:04
HS-004288,New,2025-10-25 12:10:07
HS-004289,MQL,2026-03-24 23:06:54
HS-004289,New,2026-03-17 06:40:00
HS-004289,SAL,2026-03-25 23:48:05
HS-004290,New,2025-11-22 07:00:13
HS-004291,New,2025-12-16 04:04:54
HS-004292,MQL,2025-12-31 05:46:44
HS-004292,New,2025-12-23 16:35:31
HS-004293,New,2026-03-17 12:09:13
HS-004294,MQL,2025-10-08 06:33:02
HS-004294,New,2025-10-05 23:26:06
HS-004295,New,2025-10-22 02:48:54
HS-004296,New,2025-11-03 12:18:58
HS-004297,New,2026-03-28 07:05:03
HS-004298,MQL,2025-10-20 05:35:01
HS-004298,New,2025-10-10 16:13:29
HS-004298,SAL,2025-10-24 00:04:01
HS-004299,MQL,2026-03-02 06:34:19
HS-004299,New,2026-02-25 20:18:13
HS-004300,MQL,2025-12-06 02:41:35
HS-004300,New,2025-11-26 14:12:27
HS-004301,New,2025-11-22 06:26:47
HS-004302,MQL,2025-11-01 17:05:14
HS-004302,New,2025-10-22 12:58:59
HS-004302,SAL,2025-11-06 21:20:34
HS-004303,MQL,2025-12-21 11:15:20
HS-004303,New,2025-12-14 10:53:22
HS-004303,SAL,2025-12-24 23:03:32
HS-004304,MQL,2025-11-28 03:36:32
HS-004304,New,2025-11-20 02:16:10
HS-004304,Opportunity,2025-12-13 22:35:27
HS-004304,SAL,2025-12-01 02:15:59
HS-004304,SQL,2025-12-07 22:15:33
HS-004305,MQL,2026-02-09 17:43:47
HS-004305,New,2026-02-03 12:27:24
HS-004305,SAL,2026-02-12 18:32:18
HS-004305,SQL,2026-02-27 10:26:28
HS-004306,New,2026-02-08 20:21:16
HS-004307,New,2025-12-10 22:52:08
HS-004308,New,2025-09-01 02:18:17
HS-004309,MQL,2026-03-08 17:29:38
HS-004309,New,2026-02-23 23:40:56
HS-004310,New,2026-03-26 10:51:03
HS-004311,New,2026-01-28 05:00:48
HS-004312,MQL,2025-09-18 22:03:57
HS-004312,New,2025-09-05 19:53:53
HS-004313,MQL,2025-12-09 06:14:52
HS-004313,New,2025-12-04 09:39:23
HS-004313,SAL,2025-12-11 08:27:31
HS-004314,New,2025-09-27 04:35:27
HS-004315,New,2025-12-28 20:48:04
HS-004316,MQL,2025-12-04 01:18:25
HS-004316,New,2025-12-02 00:03:16
HS-004317,MQL,2025-10-18 05:57:44
HS-004317,New,2025-10-10 12:35:32
HS-004317,SAL,2025-10-21 23:39:52
HS-004318,New,2025-11-16 09:40:03
HS-004319,New,2026-03-18 00:24:20
HS-004320,MQL,2025-12-24 20:46:53
HS-004320,New,2025-12-17 03:25:02
HS-004321,New,2025-10-19 03:12:57
HS-004322,New,2025-12-01 23:41:21
HS-004323,New,2026-01-28 20:02:59
HS-004324,New,2025-12-15 02:12:49
HS-004325,New,2025-12-18 09:14:33
HS-004326,MQL,2026-02-08 22:45:53
HS-004326,New,2026-02-07 14:17:05
HS-004326,SAL,2026-02-12 12:45:45
HS-004327,MQL,2025-10-28 01:14:30
HS-004327,New,2025-10-17 04:50:41
HS-004327,Opportunity,2025-11-11 13:40:33
HS-004327,SAL,2025-10-31 16:25:11
HS-004327,SQL,2025-11-03 01:40:51
HS-004328,New,2026-03-11 10:35:43
HS-004329,MQL,2025-12-10 06:21:30
HS-004329,New,2025-11-29 07:17:38
HS-004329,SAL,2025-12-14 08:44:11
HS-004330,MQL,2026-02-03 01:07:51
HS-004330,New,2026-01-28 10:09:18
HS-004331,MQL,2025-11-11 06:16:24
HS-004331,New,2025-11-02 03:13:24
HS-004332,MQL,2025-11-23 20:46:44
HS-004332,New,2025-11-19 20:07:31
HS-004332,SAL,2025-11-27 21:53:56
HS-004332,SQL,2025-11-30 21:58:07
HS-004333,New,2025-09-08 12:38:18
HS-004334,MQL,2026-03-22 20:06:14
HS-004334,New,2026-03-10 09:57:27
HS-004334,SAL,2026-03-26 20:59:54
HS-004335,New,2025-09-18 07:24:13
HS-004336,New,2026-02-01 00:47:07
HS-004337,MQL,2025-10-17 20:21:26
HS-004337,New,2025-10-12 13:12:00
HS-004338,New,2026-02-19 20:59:50
HS-004339,New,2026-01-23 21:10:28
HS-004340,New,2026-01-11 14:30:48
HS-004341,MQL,2026-01-27 13:47:01
HS-004341,New,2026-01-22 12:01:21
HS-004342,MQL,2025-11-14 00:58:41
HS-004342,New,2025-11-09 01:53:36
HS-004342,SAL,2025-11-17 14:23:02
HS-004342,SQL,2025-11-26 19:22:53
HS-004343,New,2026-02-16 11:10:15
HS-004344,New,2026-03-12 19:20:43
HS-004345,MQL,2025-09-05 18:02:40
HS-004345,New,2025-08-19 14:09:22
HS-004346,MQL,2026-01-20 06:25:58
HS-004346,New,2026-01-16 01:56:21
HS-004346,SAL,2026-01-24 07:41:07
HS-004347,New,2026-03-07 02:44:49
HS-004348,MQL,2025-11-06 00:05:55
HS-004348,New,2025-10-31 03:35:40
HS-004348,SAL,2025-11-09 23:41:38
HS-004348,SQL,2025-11-12 16:26:34
HS-004349,MQL,2026-03-12 17:57:20
HS-004349,New,2026-03-08 21:14:56
HS-004350,MQL,2025-10-29 23:13:27
HS-004350,New,2025-10-19 00:02:49
HS-004350,SAL,2025-11-02 08:20:43
HS-004351,New,2025-11-11 13:28:59
HS-004352,New,2025-09-11 20:35:07
HS-004353,MQL,2026-01-30 23:31:46
HS-004353,New,2026-01-28 07:03:23
HS-004353,Opportunity,2026-02-20 23:37:43
HS-004353,SAL,2026-02-03 03:05:34
HS-004353,SQL,2026-02-13 16:19:48
HS-004354,New,2025-11-20 03:47:02
HS-004355,New,2025-09-13 20:54:20
HS-004356,New,2025-10-03 07:54:54
HS-004357,MQL,2025-10-23 17:15:05
HS-004357,New,2025-10-21 01:41:37
HS-004358,MQL,2025-10-16 19:38:29
HS-004358,New,2025-10-05 22:16:13
HS-004358,Opportunity,2025-10-31 12:21:31
HS-004358,SAL,2025-10-20 01:21:49
HS-004358,SQL,2025-10-25 01:45:53
HS-004359,MQL,2025-11-25 13:37:50
HS-004359,New,2025-11-15 03:56:52
HS-004360,MQL,2025-11-18 09:23:49
HS-004360,New,2025-11-04 21:15:32
HS-004361,MQL,2026-03-21 11:46:33
HS-004361,New,2026-03-15 19:05:44
HS-004361,SAL,2026-03-24 21:31:05
HS-004362,MQL,2026-01-10 08:58:17
HS-004362,New,2026-01-07 18:08:29
HS-004362,SAL,2026-01-12 16:34:36
HS-004362,SQL,2026-01-15 00:58:17
HS-004363,New,2026-01-15 20:46:52
HS-004364,MQL,2025-10-10 20:20:40
HS-004364,New,2025-10-05 01:58:16
HS-004365,New,2025-11-20 03:42:11
HS-004366,New,2026-03-23 08:27:44
HS-004367,New,2026-02-25 03:38:38
HS-004368,New,2026-03-04 16:40:14
HS-004369,New,2026-02-15 15:39:16
HS-004370,New,2025-10-31 09:57:40
HS-004371,New,2025-10-23 03:33:10
HS-004372,MQL,2025-12-16 21:06:38
HS-004372,New,2025-12-06 16:19:19
HS-004373,MQL,2025-11-03 02:08:03
HS-004373,New,2025-10-29 20:07:45
HS-004374,MQL,2025-11-17 14:30:56
HS-004374,New,2025-11-08 18:22:25
HS-004375,MQL,2025-10-18 02:08:16
HS-004375,New,2025-10-10 21:31:41
HS-004376,New,2025-10-04 03:30:13
HS-004377,MQL,2025-10-09 15:18:41
HS-004377,New,2025-10-02 09:44:51
HS-004377,Opportunity,2025-10-21 01:37:10
HS-004377,SAL,2025-10-13 06:48:01
HS-004377,SQL,2025-10-16 16:23:55
HS-004378,New,2025-10-28 08:39:34
HS-004379,MQL,2026-03-10 18:48:42
HS-004379,New,2026-03-04 01:49:09
HS-004380,MQL,2025-12-25 14:19:22
HS-004380,New,2025-12-15 03:42:09
HS-004380,SAL,2025-12-30 04:14:44
HS-004381,New,2025-12-07 20:42:42
HS-004382,MQL,2026-01-16 06:55:55
HS-004382,New,2025-12-28 16:59:53
HS-004382,SAL,2026-01-18 00:15:35
HS-004383,New,2026-03-20 20:32:25
HS-004384,MQL,2025-12-18 21:12:49
HS-004384,New,2025-12-13 19:37:03
HS-004385,MQL,2025-10-04 01:17:33
HS-004385,New,2025-09-26 14:50:17
HS-004385,SAL,2025-10-07 21:21:01
HS-004386,New,2025-12-30 21:51:30
HS-004387,New,2026-02-15 05:59:47
HS-004388,New,2026-02-14 04:19:52
HS-004389,New,2025-11-19 23:42:36
HS-004390,New,2026-01-25 09:41:05
HS-004391,New,2025-12-10 16:50:44
HS-004392,MQL,2026-02-06 13:14:00
HS-004392,New,2026-02-03 22:10:06
HS-004392,Opportunity,2026-02-18 02:31:08
HS-004392,SAL,2026-02-10 16:19:20
HS-004392,SQL,2026-02-13 21:33:50
HS-004393,New,2026-03-07 17:49:33
HS-004394,MQL,2026-03-12 23:48:41
HS-004394,New,2026-03-02 17:19:15
HS-004395,New,2025-09-05 15:21:02
HS-004396,MQL,2025-11-30 13:35:43
HS-004396,New,2025-11-28 09:43:28
HS-004397,New,2026-03-28 17:52:01
HS-004398,MQL,2025-09-04 21:10:36
HS-004398,New,2025-08-31 05:52:43
HS-004398,Opportunity,2025-09-18 09:06:36
HS-004398,SAL,2025-09-06 16:31:36
HS-004398,SQL,2025-09-11 09:56:56
HS-004399,New,2026-02-02 06:06:49
HS-004400,MQL,2026-02-14 21:17:08
HS-004400,New,2026-02-03 23:54:09
HS-004401,New,2025-09-13 19:43:51
HS-004402,New,2025-09-29 11:04:00
HS-004403,New,2026-02-27 01:52:10
HS-004404,MQL,2025-09-29 08:09:06
HS-004404,New,2025-09-23 23:13:24
HS-004404,SAL,2025-10-02 20:06:41
HS-004405,MQL,2025-12-19 23:37:51
HS-004405,New,2025-12-17 18:53:24
HS-004406,MQL,2025-12-27 08:56:25
HS-004406,New,2025-12-21 16:12:34
HS-004407,MQL,2025-11-19 05:27:47
HS-004407,New,2025-11-16 15:59:23
HS-004407,SAL,2025-11-20 06:17:55
HS-004408,MQL,2026-01-13 06:24:18
HS-004408,New,2026-01-06 18:44:56
HS-004409,New,2026-01-19 10:39:39
HS-004410,New,2025-09-19 12:43:50
HS-004411,MQL,2025-09-06 04:52:14
HS-004411,New,2025-08-25 19:46:26
HS-004411,SAL,2025-09-10 02:16:01
HS-004412,New,2025-09-05 06:57:11
HS-004413,New,2026-01-28 08:18:52
HS-004414,New,2026-01-07 19:24:01
HS-004415,New,2026-01-20 00:16:36
HS-004416,New,2026-02-28 03:25:53
HS-004417,MQL,2025-12-30 17:33:44
HS-004417,New,2025-12-24 17:55:05
HS-004417,SAL,2025-12-31 22:23:54
HS-004417,SQL,2026-01-07 13:23:01
HS-004418,New,2026-01-05 16:13:04
HS-004419,MQL,2026-02-24 18:50:22
HS-004419,New,2026-02-20 12:42:32
HS-004419,Opportunity,2026-03-17 11:02:58
HS-004419,SAL,2026-02-28 19:40:41
HS-004419,SQL,2026-03-05 01:32:17
HS-004420,New,2025-09-29 07:18:22
HS-004421,New,2026-03-21 13:27:27
HS-004422,MQL,2025-12-17 05:36:11
HS-004422,New,2025-12-14 06:19:11
HS-004423,MQL,2025-11-29 23:01:27
HS-004423,New,2025-11-24 06:55:27
HS-004423,Opportunity,2025-12-22 10:05:19
HS-004423,SAL,2025-12-09 10:12:59
HS-004423,SQL,2025-12-13 07:32:42
HS-004424,MQL,2025-11-10 06:31:59
HS-004424,New,2025-11-02 13:41:53
HS-004425,New,2025-11-29 19:48:05
HS-004426,MQL,2025-10-14 15:51:12
HS-004426,New,2025-10-01 05:48:29
HS-004427,New,2025-12-26 21:17:45
HS-004428,New,2025-12-18 04:29:17
HS-004429,New,2025-09-18 10:00:07
HS-004430,New,2026-03-27 08:45:16
HS-004431,New,2025-12-11 17:31:54
HS-004432,MQL,2025-09-25 04:44:44
HS-004432,New,2025-09-19 21:21:41
HS-004432,SAL,2025-09-27 06:45:58
HS-004433,MQL,2026-01-14 03:43:39
HS-004433,New,2026-01-03 03:37:58
HS-004433,SAL,2026-01-16 15:46:04
HS-004434,MQL,2025-12-18 22:44:42
HS-004434,New,2025-12-15 04:18:46
HS-004434,SAL,2025-12-21 03:18:26
HS-004435,MQL,2025-12-07 06:20:50
HS-004435,New,2025-12-03 15:06:35
HS-004435,SAL,2025-12-10 09:16:33
HS-004436,New,2025-10-23 06:03:37
HS-004437,New,2025-11-22 21:46:43
HS-004438,MQL,2025-09-23 12:45:13
HS-004438,New,2025-09-13 16:38:12
HS-004439,MQL,2025-09-02 08:46:17
HS-004439,New,2025-08-23 14:50:51
HS-004440,MQL,2025-10-17 17:53:33
HS-004440,New,2025-09-26 10:50:51
HS-004441,New,2025-10-31 04:30:19
HS-004442,New,2026-02-28 03:44:44
HS-004443,MQL,2026-01-24 09:32:28
HS-004443,New,2026-01-13 10:33:43
HS-004444,New,2025-11-03 19:50:25
HS-004445,New,2026-03-23 12:01:30
HS-004446,New,2026-03-20 14:10:44
HS-004447,New,2025-09-09 14:43:13
HS-004448,New,2025-09-26 08:12:11
HS-004449,MQL,2025-10-17 19:35:27
HS-004449,New,2025-10-12 02:54:12
HS-004449,Opportunity,2025-10-24 16:17:39
HS-004449,SAL,2025-10-18 22:28:58
HS-004449,SQL,2025-10-22 22:43:39
HS-004450,MQL,2026-01-08 10:10:52
HS-004450,New,2026-01-02 18:56:37
HS-004451,MQL,2025-09-24 20:12:55
HS-004451,New,2025-09-19 03:33:26
HS-004451,SAL,2025-09-28 05:00:40
HS-004452,New,2025-11-07 20:10:01
HS-004453,New,2025-09-18 18:42:21
HS-004454,MQL,2026-02-11 16:38:16
HS-004454,New,2026-02-06 11:26:47
HS-004454,SAL,2026-02-15 11:16:38
HS-004455,New,2026-03-16 06:22:12
HS-004456,New,2025-10-29 15:47:58
HS-004457,New,2025-12-23 22:28:18
HS-004458,MQL,2026-01-07 08:11:40
HS-004458,New,2025-12-25 04:31:18
HS-004459,New,2026-03-07 22:01:28
HS-004460,New,2025-11-07 07:52:14
HS-004461,MQL,2026-02-08 18:49:16
HS-004461,New,2026-01-29 10:44:28
HS-004462,MQL,2025-12-20 18:33:47
HS-004462,New,2025-12-11 08:19:31
HS-004463,New,2025-09-18 15:35:02
HS-004464,New,2025-10-14 01:07:25
HS-004465,New,2025-11-26 17:09:27
HS-004466,New,2026-02-14 08:30:00
HS-004467,New,2025-12-07 07:43:59
HS-004468,New,2025-12-01 12:15:42
HS-004469,New,2025-11-05 16:51:21
HS-004470,MQL,2025-12-01 01:45:59
HS-004470,New,2025-11-24 23:09:17
HS-004471,New,2026-01-06 10:10:15
HS-004472,MQL,2025-12-12 06:14:11
HS-004472,New,2025-11-02 14:29:55
HS-004472,SAL,2025-12-18 16:10:51
HS-004473,MQL,2025-09-27 06:47:46
HS-004473,New,2025-09-22 02:11:44
HS-004474,New,2026-02-18 09:15:15
HS-004475,New,2025-12-28 07:02:28
HS-004476,MQL,2025-09-13 07:46:08
HS-004476,New,2025-08-30 20:02:46
HS-004476,Opportunity,2025-09-20 15:58:56
HS-004476,SAL,2025-09-15 17:51:01
HS-004476,SQL,2025-09-18 23:39:42
HS-004477,New,2026-01-08 22:40:46
HS-004478,MQL,2026-01-17 18:29:18
HS-004478,New,2026-01-05 19:59:04
HS-004478,Opportunity,2026-02-02 05:37:56
HS-004478,SAL,2026-01-21 08:17:32
HS-004478,SQL,2026-01-30 11:00:15
HS-004479,MQL,2025-12-21 23:08:33
HS-004479,New,2025-12-18 16:57:52
HS-004479,SAL,2025-12-26 20:50:27
HS-004480,New,2025-11-11 11:41:03
HS-004481,MQL,2025-12-29 18:30:25
HS-004481,New,2025-12-20 20:55:49
HS-004481,SAL,2025-12-31 16:05:35
HS-004482,New,2026-03-20 07:00:19
HS-004483,MQL,2025-09-14 11:47:56
HS-004483,New,2025-09-11 05:55:59
HS-004484,New,2026-01-14 08:05:45
HS-004485,New,2026-03-17 18:35:21
HS-004486,New,2026-02-19 19:41:41
HS-004487,MQL,2025-10-10 00:07:36
HS-004487,New,2025-10-04 01:18:46
HS-004487,SAL,2025-10-12 07:31:40
HS-004487,SQL,2025-10-16 06:24:34
HS-004488,New,2025-11-06 15:12:25
HS-004489,New,2025-10-30 15:37:26
HS-004490,New,2025-10-27 02:32:05
HS-004491,New,2025-09-09 00:57:52
HS-004492,New,2026-03-06 16:36:30
HS-004493,New,2025-11-08 02:10:40
HS-004494,New,2025-11-30 01:43:23
HS-004495,MQL,2026-02-24 10:46:24
HS-004495,New,2026-02-20 20:13:47
HS-004495,Opportunity,2026-03-04 00:47:35
HS-004495,SAL,2026-02-25 14:02:15
HS-004495,SQL,2026-02-27 20:04:58
HS-004496,MQL,2025-11-07 06:48:29
HS-004496,New,2025-10-30 06:20:28
HS-004496,SAL,2025-11-09 16:08:05
HS-004497,New,2025-09-21 19:37:48
HS-004498,MQL,2025-09-27 09:58:49
HS-004498,New,2025-09-25 01:41:51
HS-004499,MQL,2025-10-01 05:01:31
HS-004499,New,2025-09-13 02:56:35
HS-004500,MQL,2025-09-08 16:03:33
HS-004500,New,2025-09-01 14:11:08
HS-004500,SAL,2025-09-12 05:23:36
HS-004501,New,2026-03-22 23:45:53
HS-004502,New,2025-10-13 17:59:56
HS-004503,MQL,2026-01-01 21:44:00
HS-004503,New,2025-12-24 09:09:11
HS-004504,MQL,2025-12-15 06:41:50
HS-004504,New,2025-12-04 14:36:14
HS-004504,SAL,2025-12-18 17:48:23
HS-004505,MQL,2026-02-26 09:10:31
HS-004505,New,2026-02-17 13:30:24
HS-004505,SAL,2026-02-28 17:31:35
HS-004506,MQL,2025-09-13 04:53:57
HS-004506,New,2025-09-08 13:16:51
HS-004507,MQL,2026-01-04 06:24:10
HS-004507,New,2025-12-26 22:26:18
HS-004507,Opportunity,2026-01-26 05:17:47
HS-004507,SAL,2026-01-08 15:00:16
HS-004507,SQL,2026-01-12 08:28:40
HS-004508,New,2026-01-26 14:17:49
HS-004509,MQL,2025-12-10 16:58:05
HS-004509,New,2025-12-05 23:41:12
HS-004510,New,2025-10-26 23:06:34
HS-004511,MQL,2026-01-30 18:21:18
HS-004511,New,2026-01-24 18:13:45
HS-004512,New,2026-02-27 11:40:58
HS-004513,New,2026-03-28 13:24:06
HS-004514,New,2025-10-15 10:51:47
HS-004515,New,2026-03-13 11:32:30
HS-004516,MQL,2025-12-21 01:45:42
HS-004516,New,2025-12-16 05:18:14
HS-004516,Opportunity,2026-01-02 06:20:36
HS-004516,SAL,2025-12-23 02:47:46
HS-004516,SQL,2025-12-26 09:30:29
HS-004517,MQL,2025-12-25 12:12:45
HS-004517,New,2025-12-19 21:09:10
HS-004518,MQL,2025-10-27 14:51:51
HS-004518,New,2025-10-22 18:38:10
HS-004518,SAL,2025-10-29 13:55:00
HS-004519,MQL,2026-03-05 08:21:51
HS-004519,New,2026-02-22 05:35:36
HS-004519,SAL,2026-03-07 21:32:25
HS-004520,MQL,2026-02-12 21:00:32
HS-004520,New,2026-02-05 06:18:37
HS-004521,MQL,2025-09-27 16:30:45
HS-004521,New,2025-09-23 18:33:03
HS-004522,MQL,2026-02-11 00:34:20
HS-004522,New,2026-02-02 19:21:20
HS-004523,New,2026-01-16 08:19:40
HS-004524,New,2026-02-12 01:31:07
HS-004525,New,2025-12-26 19:14:03
HS-004526,New,2025-11-26 10:56:25
HS-004527,New,2026-02-16 22:49:42
HS-004528,New,2026-01-08 13:41:31
HS-004529,MQL,2026-03-03 04:53:53
HS-004529,New,2026-02-26 22:13:13
HS-004530,MQL,2025-09-18 21:00:04
HS-004530,New,2025-09-10 09:36:23
HS-004531,MQL,2026-03-15 08:49:26
HS-004531,New,2026-03-07 05:07:01
HS-004532,MQL,2025-09-10 11:06:50
HS-004532,New,2025-08-22 15:36:16
HS-004532,SAL,2025-09-17 10:13:58
HS-004533,MQL,2025-09-02 02:12:54
HS-004533,New,2025-08-19 18:52:55
HS-004534,New,2026-01-14 05:47:04
HS-004535,MQL,2025-10-15 15:44:45
HS-004535,New,2025-10-10 03:08:53
HS-004536,MQL,2026-01-22 07:43:33
HS-004536,New,2026-01-07 05:49:45
HS-004536,Opportunity,2026-02-02 02:25:55
HS-004536,SAL,2026-01-25 03:21:38
HS-004536,SQL,2026-01-27 02:26:42
HS-004537,New,2025-11-27 19:54:09
HS-004538,New,2025-10-30 21:54:36
HS-004539,MQL,2025-11-01 02:33:44
HS-004539,New,2025-10-28 23:45:58
HS-004540,New,2026-02-28 00:21:32
HS-004541,New,2025-10-17 15:48:02
HS-004542,New,2026-02-03 04:31:59
HS-004543,New,2026-03-21 05:11:04
HS-004544,New,2025-09-22 07:09:15
HS-004545,New,2025-09-28 08:30:07
HS-004546,MQL,2025-12-24 06:51:29
HS-004546,New,2025-12-15 17:14:27
HS-004547,MQL,2025-11-30 02:45:30
HS-004547,New,2025-11-21 17:53:37
HS-004548,New,2025-11-08 05:12:15
HS-004549,New,2026-02-16 03:13:20
HS-004550,New,2025-11-19 03:36:05
HS-004551,New,2025-12-07 13:50:55
HS-004552,New,2026-02-27 02:14:23
HS-004553,New,2026-03-25 22:17:09
HS-004554,New,2025-11-15 19:52:46
HS-004555,New,2026-03-06 11:33:54
HS-004556,New,2025-12-18 20:06:28
HS-004557,New,2026-03-08 03:44:51
HS-004558,New,2026-01-14 18:20:06
HS-004559,New,2026-03-06 08:48:40
HS-004560,New,2026-01-19 00:14:35
HS-004561,MQL,2026-02-01 16:04:39
HS-004561,New,2026-01-25 21:56:43
HS-004561,SAL,2026-02-06 22:58:57
HS-004562,MQL,2025-11-08 19:04:51
HS-004562,New,2025-11-03 19:46:19
HS-004562,SAL,2025-11-12 21:37:14
HS-004563,MQL,2025-09-17 23:46:18
HS-004563,New,2025-09-14 06:39:22
HS-004563,SAL,2025-09-21 12:56:38
HS-004564,New,2026-01-15 04:35:18
HS-004565,New,2026-01-10 07:39:02
HS-004566,MQL,2025-09-04 22:25:08
HS-004566,New,2025-09-01 20:20:47
HS-004566,Opportunity,2025-09-14 09:31:00
HS-004566,SAL,2025-09-08 05:12:34
HS-004566,SQL,2025-09-10 01:19:30
HS-004567,New,2025-10-10 00:07:02
HS-004568,MQL,2025-11-09 15:13:50
HS-004568,New,2025-10-27 19:28:45
HS-004569,MQL,2025-10-01 20:18:08
HS-004569,New,2025-09-21 08:38:42
HS-004569,SAL,2025-10-09 14:04:57
HS-004570,MQL,2026-01-10 21:42:03
HS-004570,New,2026-01-05 23:05:42
HS-004570,SAL,2026-01-14 07:04:32
HS-004570,SQL,2026-01-20 00:07:24
HS-004571,MQL,2025-12-22 02:41:24
HS-004571,New,2025-12-10 04:02:52
HS-004571,SAL,2025-12-23 21:16:06
HS-004572,MQL,2026-01-03 11:58:35
HS-004572,New,2025-12-30 10:23:21
HS-004573,MQL,2025-10-11 16:58:57
HS-004573,New,2025-09-26 18:14:18
HS-004574,MQL,2026-02-27 02:49:23
HS-004574,New,2026-02-16 23:28:56
HS-004575,New,2025-12-15 00:15:00
HS-004576,New,2025-09-29 02:29:24
HS-004577,MQL,2026-01-29 16:53:43
HS-004577,New,2026-01-25 10:37:13
HS-004578,MQL,2026-02-23 00:34:08
HS-004578,New,2026-02-17 00:32:28
HS-004579,MQL,2025-11-22 21:15:23
HS-004579,New,2025-11-15 01:54:43
HS-004579,SAL,2025-11-25 09:45:38
HS-004580,MQL,2026-01-06 17:26:48
HS-004580,New,2026-01-02 18:11:21
HS-004581,New,2026-03-12 20:09:38
HS-004582,MQL,2025-09-04 16:24:17
HS-004582,New,2025-08-21 15:12:33
HS-004582,Opportunity,2025-09-20 02:31:23
HS-004582,SAL,2025-09-08 14:51:24
HS-004582,SQL,2025-09-13 11:35:56
HS-004583,New,2025-11-01 17:40:46
HS-004584,MQL,2025-09-30 23:16:20
HS-004584,New,2025-09-20 00:54:52
HS-004585,New,2025-11-21 23:20:50
HS-004586,New,2025-11-18 23:19:40
HS-004587,New,2026-02-20 07:39:01
HS-004588,New,2026-01-04 14:06:44
HS-004589,New,2026-03-26 21:14:45
HS-004590,New,2025-09-10 03:34:41
HS-004591,MQL,2025-11-23 21:05:28
HS-004591,New,2025-11-14 05:38:22
HS-004592,MQL,2026-03-05 14:12:55
HS-004592,New,2026-02-24 12:34:44
HS-004592,SAL,2026-03-09 20:31:23
HS-004593,MQL,2025-11-09 07:36:51
HS-004593,New,2025-11-02 14:00:23
HS-004593,SAL,2025-11-11 11:14:14
HS-004593,SQL,2025-11-15 04:21:31
HS-004594,MQL,2025-12-15 10:37:04
HS-004594,New,2025-12-06 20:04:56
HS-004595,MQL,2026-02-26 09:09:50
HS-004595,New,2026-02-16 22:37:17
HS-004595,Opportunity,2026-03-21 11:13:57
HS-004595,SAL,2026-03-04 11:42:48
HS-004595,SQL,2026-03-10 13:44:02
HS-004596,MQL,2025-11-01 17:27:12
HS-004596,New,2025-10-25 09:56:04
HS-004597,MQL,2026-02-20 08:12:16
HS-004597,New,2026-02-12 11:42:47
HS-004597,SAL,2026-02-23 11:19:09
HS-004598,New,2026-03-12 11:45:34
HS-004599,New,2025-09-12 05:03:30
HS-004600,New,2025-11-14 04:36:06
HS-004601,New,2026-02-18 02:15:13
HS-004602,MQL,2025-08-30 16:07:11
HS-004602,New,2025-08-15 16:47:01
HS-004602,SAL,2025-09-07 19:30:16
HS-004603,New,2025-12-10 23:57:46
HS-004604,MQL,2025-09-03 02:30:49
HS-004604,New,2025-08-28 03:20:30
HS-004604,Opportunity,2025-09-15 03:13:15
HS-004604,SAL,2025-09-06 14:38:36
HS-004604,SQL,2025-09-08 16:23:40
HS-004605,New,2025-10-14 19:18:49
HS-004606,New,2026-03-20 08:05:59
HS-004607,MQL,2025-09-18 23:36:42
HS-004607,New,2025-09-11 13:47:50
HS-004608,MQL,2026-01-30 21:34:32
HS-004608,New,2026-01-20 22:37:49
HS-004608,SAL,2026-02-02 03:14:55
HS-004609,MQL,2025-11-11 14:17:24
HS-004609,New,2025-11-07 12:29:32
HS-004609,SAL,2025-11-15 16:53:56
HS-004610,New,2026-02-08 12:55:32
HS-004611,New,2025-11-15 18:02:52
HS-004612,New,2025-11-27 19:37:14
HS-004613,MQL,2025-11-09 07:30:59
HS-004613,New,2025-11-06 09:36:07
HS-004614,New,2025-10-27 06:24:25
HS-004615,New,2026-03-15 06:54:26
HS-004616,New,2025-12-25 00:58:14
HS-004617,New,2025-10-15 11:24:28
HS-004618,New,2025-12-01 03:26:00
HS-004619,New,2025-11-05 08:19:08
HS-004620,New,2025-11-03 02:48:26
HS-004621,MQL,2026-01-17 18:14:08
HS-004621,New,2026-01-12 14:01:46
HS-004622,MQL,2026-03-18 19:49:52
HS-004622,New,2026-03-15 00:44:34
HS-004623,New,2025-10-11 20:15:39
HS-004624,New,2025-09-05 13:27:57
HS-004625,MQL,2026-01-11 10:00:06
HS-004625,New,2026-01-05 10:06:30
HS-004625,SAL,2026-01-14 13:40:06
HS-004625,SQL,2026-01-20 01:33:12
HS-004626,MQL,2026-02-26 07:03:33
HS-004626,New,2026-02-21 20:18:10
HS-004627,New,2026-01-16 22:39:28
HS-004628,New,2025-09-08 23:18:29
HS-004629,MQL,2025-11-19 21:52:20
HS-004629,New,2025-11-14 23:18:33
HS-004630,New,2026-01-06 00:27:29
HS-004631,MQL,2025-11-19 21:31:02
HS-004631,New,2025-11-15 20:38:43
HS-004632,MQL,2026-01-27 15:17:43
HS-004632,New,2026-01-18 14:20:25
HS-004633,New,2026-02-09 16:09:12
HS-004634,New,2025-09-23 20:10:25
HS-004635,New,2025-11-18 10:47:53
HS-004636,New,2025-09-28 06:37:15
HS-004637,MQL,2025-10-31 13:45:26
HS-004637,New,2025-10-26 17:33:15
HS-004637,Opportunity,2025-11-15 01:26:03
HS-004637,SAL,2025-11-02 08:46:42
HS-004637,SQL,2025-11-08 03:09:16
HS-004638,New,2025-12-27 11:58:07
HS-004639,New,2025-10-22 16:20:11
HS-004640,MQL,2026-02-17 19:15:57
HS-004640,New,2026-02-06 18:29:30
HS-004641,New,2025-09-16 03:36:55
HS-004642,MQL,2026-02-27 07:22:48
HS-004642,New,2026-02-22 13:24:19
HS-004643,New,2025-10-27 17:10:48
HS-004644,MQL,2026-03-25 18:21:48
HS-004644,New,2026-03-19 11:35:36
HS-004645,MQL,2026-02-24 00:40:50
HS-004645,New,2026-02-12 21:08:04
HS-004645,SAL,2026-02-27 10:53:25
HS-004645,SQL,2026-03-01 04:22:24
HS-004646,MQL,2026-03-18 14:39:24
HS-004646,New,2026-03-12 20:40:33
HS-004646,Opportunity,2026-03-26 09:39:00
HS-004646,SAL,2026-03-22 04:11:37
HS-004646,SQL,2026-03-24 11:16:40
HS-004647,New,2025-12-29 09:55:52
HS-004648,MQL,2025-10-28 15:19:04
HS-004648,New,2025-10-17 06:14:05
HS-004649,New,2026-01-10 16:30:12
HS-004650,MQL,2025-12-26 22:18:59
HS-004650,New,2025-12-22 23:39:22
HS-004651,MQL,2025-11-21 15:31:10
HS-004651,New,2025-11-15 22:19:11
HS-004652,New,2026-01-14 15:14:42
HS-004653,New,2025-10-28 03:50:46
HS-004654,New,2026-03-02 21:49:16
HS-004655,New,2026-02-18 07:05:03
HS-004656,New,2026-01-17 16:18:49
HS-004657,New,2025-11-27 18:03:46
HS-004658,New,2026-01-17 06:21:35
HS-004659,MQL,2025-09-14 12:59:14
HS-004659,New,2025-09-04 19:03:41
HS-004660,MQL,2026-01-22 23:03:42
HS-004660,New,2026-01-02 05:48:31
HS-004661,New,2026-01-13 16:40:05
HS-004662,MQL,2025-11-18 09:49:42
HS-004662,New,2025-11-11 23:41:56
HS-004662,SAL,2025-11-21 12:25:33
HS-004662,SQL,2025-11-24 07:32:46
HS-004663,New,2025-09-05 02:29:10
HS-004664,New,2025-09-23 06:42:56
HS-004665,New,2025-10-05 17:45:06
HS-004666,MQL,2026-01-21 10:32:53
HS-004666,New,2026-01-13 17:06:53
HS-004666,SAL,2026-01-25 10:09:50
HS-004667,MQL,2025-12-09 14:26:16
HS-004667,New,2025-11-26 00:10:29
HS-004667,Opportunity,2025-12-28 14:35:01
HS-004667,SAL,2025-12-12 18:29:17
HS-004667,SQL,2025-12-19 05:02:34
HS-004668,MQL,2025-10-28 17:49:18
HS-004668,New,2025-10-16 16:12:35
HS-004669,MQL,2025-09-03 01:51:56
HS-004669,New,2025-08-29 12:02:54
HS-004669,SAL,2025-09-09 17:29:16
HS-004670,MQL,2026-03-28 04:06:27
HS-004670,New,2026-03-20 00:04:29
HS-004671,New,2025-12-01 05:19:45
HS-004672,MQL,2025-12-22 06:17:16
HS-004672,New,2025-12-19 09:44:43
HS-004673,New,2025-10-24 12:22:13
HS-004674,MQL,2025-12-13 02:59:54
HS-004674,New,2025-12-10 19:35:53
HS-004674,Opportunity,2025-12-29 17:25:57
HS-004674,SAL,2025-12-16 10:03:08
HS-004674,SQL,2025-12-25 12:10:18
HS-004675,New,2025-11-25 12:29:28
HS-004676,MQL,2026-03-12 14:18:58
HS-004676,New,2026-03-03 16:05:42
HS-004676,SAL,2026-03-16 05:35:18
HS-004677,New,2025-09-05 09:33:18
HS-004678,MQL,2025-12-26 01:27:10
HS-004678,New,2025-12-18 01:14:50
HS-004679,New,2026-03-20 00:29:34
HS-004680,MQL,2026-02-26 06:22:45
HS-004680,New,2026-02-21 06:09:04
HS-004680,SAL,2026-02-28 22:45:20
HS-004681,MQL,2025-11-20 01:52:07
HS-004681,New,2025-11-15 15:49:47
HS-004682,New,2026-01-27 15:18:37
HS-004683,New,2025-12-20 03:57:41
HS-004684,MQL,2026-02-20 19:22:47
HS-004684,New,2026-02-14 05:23:00
HS-004684,SAL,2026-02-23 23:33:36
HS-004685,New,2026-02-16 18:05:18
HS-004686,New,2025-09-25 04:36:42
HS-004687,New,2025-09-09 02:18:42
HS-004688,New,2026-02-17 06:42:25
HS-004689,New,2025-10-29 00:26:49
HS-004690,MQL,2026-01-27 02:56:45
HS-004690,New,2026-01-10 17:27:57
HS-004691,MQL,2026-03-03 19:20:31
HS-004691,New,2026-02-28 11:51:04
HS-004692,New,2026-01-11 22:03:32
HS-004693,MQL,2026-02-13 10:32:57
HS-004693,New,2026-02-07 13:33:53
HS-004693,SAL,2026-02-15 01:47:03
HS-004694,MQL,2025-09-24 04:31:06
HS-004694,New,2025-09-07 05:30:30
HS-004694,SAL,2025-09-27 16:01:22
HS-004694,SQL,2025-10-17 16:02:05
HS-004695,MQL,2025-12-30 22:34:59
HS-004695,New,2025-12-27 00:29:43
HS-004695,SAL,2026-01-02 19:05:49
HS-004696,New,2025-09-14 21:38:00
HS-004697,MQL,2026-02-21 03:23:03
HS-004697,New,2026-02-15 17:53:43
HS-004698,New,2025-11-23 05:14:08
HS-004699,MQL,2026-03-10 23:21:18
HS-004699,New,2026-03-06 02:12:45
HS-004699,SAL,2026-03-12 13:13:13
HS-004700,MQL,2026-02-12 08:56:34
HS-004700,New,2026-02-09 16:51:58
HS-004700,Opportunity,2026-02-24 03:00:01
HS-004700,SAL,2026-02-16 03:38:57
HS-004700,SQL,2026-02-17 15:25:16
HS-004701,New,2026-03-28 11:48:41
HS-004702,New,2026-01-08 00:20:55
HS-004703,New,2025-12-21 11:21:11
HS-004704,MQL,2026-01-28 22:51:20
HS-004704,New,2026-01-09 08:53:37
HS-004705,New,2025-10-05 12:45:03
HS-004706,MQL,2026-02-05 14:16:03
HS-004706,New,2026-01-20 04:13:42
HS-004706,SAL,2026-02-08 23:59:30
HS-004707,MQL,2025-12-21 04:26:09
HS-004707,New,2025-12-19 00:56:04
HS-004707,Opportunity,2026-01-02 21:57:15
HS-004707,SAL,2025-12-25 04:16:48
HS-004707,SQL,2025-12-26 20:18:00
HS-004708,MQL,2026-03-19 20:38:05
HS-004708,New,2026-03-13 17:09:36
HS-004708,SAL,2026-03-22 03:28:18
HS-004709,MQL,2026-02-08 08:05:43
HS-004709,New,2026-02-06 22:35:34
HS-004709,Opportunity,2026-02-18 15:14:35
HS-004709,SAL,2026-02-09 14:00:46
HS-004709,SQL,2026-02-14 09:27:48
HS-004710,MQL,2025-09-02 20:46:21
HS-004710,New,2025-08-24 20:04:00
HS-004711,MQL,2025-09-30 11:52:10
HS-004711,New,2025-09-23 09:39:02
HS-004712,MQL,2025-10-19 21:24:42
HS-004712,New,2025-09-29 11:33:03
HS-004713,MQL,2026-03-20 05:50:47
HS-004713,New,2026-03-17 00:53:50
HS-004714,New,2025-10-16 22:38:55
HS-004715,MQL,2025-11-05 00:43:08
HS-004715,New,2025-10-30 23:49:49
HS-004716,New,2026-01-08 18:21:14
HS-004717,MQL,2025-12-31 08:32:17
HS-004717,New,2025-12-23 21:21:59
HS-004718,New,2026-02-20 10:50:28
HS-004719,MQL,2026-01-06 16:47:15
HS-004719,New,2025-12-25 02:10:19
HS-004719,Opportunity,2026-02-13 13:08:11
HS-004719,SAL,2026-01-12 19:54:38
HS-004719,SQL,2026-01-28 06:57:16
HS-004720,New,2025-12-21 21:39:18
HS-004721,MQL,2025-10-29 14:15:58
HS-004721,New,2025-10-25 20:32:34
HS-004721,SAL,2025-11-01 15:56:56
HS-004722,New,2025-12-07 06:25:52
HS-004723,MQL,2025-11-27 23:32:57
HS-004723,New,2025-11-23 16:38:00
HS-004723,Opportunity,2025-12-07 04:12:22
HS-004723,SAL,2025-12-01 19:46:34
HS-004723,SQL,2025-12-02 23:51:11
HS-004724,New,2025-10-29 22:22:06
HS-004725,MQL,2026-03-28 07:28:31
HS-004725,New,2026-03-17 11:29:14
HS-004725,SAL,2026-03-29 12:37:53
HS-004726,New,2026-02-26 08:40:35
HS-004727,MQL,2025-11-17 00:43:31
HS-004727,New,2025-11-13 00:40:52
HS-004728,New,2025-09-11 10:41:01
HS-004729,New,2026-01-13 10:10:31
HS-004730,New,2026-03-05 12:24:57
HS-004731,MQL,2025-09-17 04:32:36
HS-004731,New,2025-09-04 10:35:39
HS-004731,Opportunity,2025-10-07 01:20:27
HS-004731,SAL,2025-09-19 15:31:08
HS-004731,SQL,2025-09-29 15:31:25
HS-004732,MQL,2025-12-27 04:59:34
HS-004732,New,2025-12-07 02:28:50
HS-004732,SAL,2025-12-29 18:34:42
HS-004733,New,2025-10-04 11:58:24
HS-004734,MQL,2025-09-26 08:28:15
HS-004734,New,2025-09-22 22:06:23
HS-004735,MQL,2026-01-17 00:54:32
HS-004735,New,2026-01-11 02:14:21
HS-004735,Opportunity,2026-01-29 01:42:36
HS-004735,SAL,2026-01-18 22:30:40
HS-004735,SQL,2026-01-23 22:26:15
HS-004736,MQL,2025-11-20 14:45:31
HS-004736,New,2025-11-16 19:25:17
HS-004736,Opportunity,2025-11-29 19:30:12
HS-004736,SAL,2025-11-22 19:08:21
HS-004736,SQL,2025-11-25 19:04:25
HS-004737,MQL,2026-01-23 10:25:42
HS-004737,New,2026-01-19 14:36:02
HS-004737,SAL,2026-01-24 20:02:41
HS-004738,New,2025-12-22 01:56:46
HS-004739,New,2026-03-23 12:55:33
HS-004740,MQL,2026-03-12 12:16:10
HS-004740,New,2026-03-01 17:38:51
HS-004741,New,2025-09-20 18:10:54
HS-004742,MQL,2025-12-22 15:00:14
HS-004742,New,2025-12-15 13:41:38
HS-004743,New,2026-02-07 03:36:05
HS-004744,New,2025-11-05 15:51:54
HS-004745,MQL,2025-09-08 10:03:51
HS-004745,New,2025-09-01 08:23:20
HS-004745,Opportunity,2025-10-05 18:31:31
HS-004745,SAL,2025-09-11 08:40:31
HS-004745,SQL,2025-09-15 08:11:50
HS-004746,MQL,2026-02-02 16:25:14
HS-004746,New,2026-01-22 00:33:15
HS-004746,SAL,2026-02-03 07:31:31
HS-004747,New,2026-02-23 10:42:04
HS-004748,MQL,2025-09-15 13:18:33
HS-004748,New,2025-09-08 06:06:32
HS-004749,New,2025-11-13 00:11:22
HS-004750,MQL,2026-01-29 01:54:46
HS-004750,New,2026-01-17 19:07:32
HS-004751,MQL,2026-01-14 00:44:38
HS-004751,New,2026-01-06 21:55:30
HS-004751,Opportunity,2026-01-25 09:42:06
HS-004751,SAL,2026-01-16 05:14:11
HS-004751,SQL,2026-01-19 04:02:31
HS-004752,New,2026-02-12 02:07:50
HS-004753,MQL,2025-12-17 01:26:02
HS-004753,New,2025-12-13 05:07:44
HS-004753,SAL,2025-12-17 20:11:49
HS-004754,MQL,2025-12-03 08:51:33
HS-004754,New,2025-11-28 01:47:40
HS-004754,SAL,2025-12-05 20:23:45
HS-004755,New,2025-12-31 10:57:03
HS-004756,New,2025-12-07 22:23:07
HS-004757,MQL,2025-11-29 13:05:12
HS-004757,New,2025-11-15 07:16:17
HS-004758,New,2025-10-08 05:54:28
HS-004759,MQL,2025-11-24 17:21:02
HS-004759,New,2025-11-16 22:39:51
HS-004760,MQL,2026-03-15 11:45:34
HS-004760,New,2026-03-12 22:31:14
HS-004761,New,2026-01-30 04:45:38
HS-004762,MQL,2025-10-27 09:08:30
HS-004762,New,2025-10-16 09:59:34
HS-004763,New,2025-12-01 20:13:35
HS-004764,MQL,2026-02-23 20:53:32
HS-004764,New,2026-02-17 18:27:21
HS-004764,Opportunity,2026-03-10 02:45:16
HS-004764,SAL,2026-02-27 20:33:29
HS-004764,SQL,2026-03-04 17:30:06
HS-004765,MQL,2026-03-04 07:36:26
HS-004765,New,2026-03-01 22:26:35
HS-004765,SAL,2026-03-08 18:20:32
HS-004766,New,2025-09-24 09:39:53
HS-004767,New,2025-10-04 13:34:24
HS-004768,MQL,2026-03-19 15:33:16
HS-004768,New,2026-03-15 07:58:43
HS-004768,SAL,2026-03-22 02:31:52
HS-004769,MQL,2026-02-11 11:05:06
HS-004769,New,2026-02-05 10:47:26
HS-004770,MQL,2026-01-19 12:32:29
HS-004770,New,2026-01-15 08:34:22
HS-004770,SAL,2026-01-22 09:47:16
HS-004771,New,2026-03-16 15:58:31
HS-004772,New,2025-10-05 15:42:26
HS-004773,New,2025-12-26 08:08:41
HS-004774,New,2025-09-18 04:08:09
HS-004775,New,2026-02-24 10:28:06
HS-004776,MQL,2026-01-07 05:01:14
HS-004776,New,2025-12-24 09:15:35
HS-004777,New,2025-11-16 04:06:06
HS-004778,MQL,2025-11-18 19:20:41
HS-004778,New,2025-11-10 23:39:30
HS-004779,MQL,2026-02-14 00:48:10
HS-004779,New,2026-02-10 10:39:12
HS-004780,New,2025-10-09 20:10:36
HS-004781,MQL,2025-11-08 20:07:34
HS-004781,New,2025-11-03 00:22:25
HS-004781,SAL,2025-11-13 23:01:16
HS-004781,SQL,2025-11-17 20:35:37
HS-004782,New,2025-11-24 19:47:25
HS-004783,MQL,2025-12-25 20:49:31
HS-004783,New,2025-12-12 06:42:35
HS-004783,Opportunity,2026-01-08 16:53:02
HS-004783,SAL,2025-12-30 10:48:30
HS-004783,SQL,2026-01-03 10:41:23
HS-004784,MQL,2025-11-13 23:12:49
HS-004784,New,2025-11-06 20:25:06
HS-004784,Opportunity,2025-12-07 23:15:10
HS-004784,SAL,2025-11-18 19:33:35
HS-004784,SQL,2025-11-25 06:35:30
HS-004785,New,2026-01-30 04:23:42
HS-004786,New,2026-02-28 16:31:12
HS-004787,New,2025-12-19 10:43:20
HS-004788,New,2026-03-26 15:52:26
HS-004789,New,2025-09-02 09:34:33
HS-004790,MQL,2025-12-11 06:42:33
HS-004790,New,2025-12-07 15:10:10
HS-004790,SAL,2025-12-16 10:35:21
HS-004790,SQL,2025-12-27 01:11:30
HS-004791,MQL,2026-01-14 00:04:21
HS-004791,New,2026-01-06 05:24:24
HS-004791,SAL,2026-01-17 11:02:40
HS-004791,SQL,2026-01-25 20:17:30
HS-004792,MQL,2026-03-21 05:27:16
HS-004792,New,2026-03-17 07:13:02
HS-004793,MQL,2025-11-19 03:23:05
HS-004793,New,2025-11-13 18:57:38
HS-004793,SAL,2025-11-22 14:17:17
HS-004793,SQL,2025-11-27 12:31:44
HS-004794,New,2026-03-09 15:11:55
HS-004795,MQL,2025-09-07 12:03:15
HS-004795,New,2025-08-30 13:55:27
HS-004795,Opportunity,2025-09-18 08:26:43
HS-004795,SAL,2025-09-09 10:12:46
HS-004795,SQL,2025-09-14 08:15:18
HS-004796,MQL,2026-02-18 06:42:47
HS-004796,New,2026-02-12 10:58:09
HS-004797,New,2025-10-11 11:25:21
HS-004798,New,2025-12-09 10:24:09
HS-004799,MQL,2026-02-03 09:37:31
HS-004799,New,2026-01-28 01:55:49
HS-004800,New,2026-03-25 19:24:08
HS-004801,MQL,2026-03-23 18:25:47
HS-004801,New,2026-03-14 06:45:41
HS-004802,New,2025-09-07 23:53:50
HS-004803,New,2025-09-03 21:52:48
HS-004804,MQL,2025-10-05 10:39:34
HS-004804,New,2025-09-25 06:21:39
HS-004805,MQL,2026-02-24 05:12:34
HS-004805,New,2026-02-18 14:00:05
HS-004805,Opportunity,2026-03-05 15:55:42
HS-004805,SAL,2026-02-27 19:36:01
HS-004805,SQL,2026-03-01 06:49:47
HS-004806,New,2025-12-02 08:49:39
HS-004807,MQL,2025-12-03 14:40:31
HS-004807,New,2025-11-30 17:37:59
HS-004807,Opportunity,2025-12-19 21:43:25
HS-004807,SAL,2025-12-06 19:30:32
HS-004807,SQL,2025-12-08 23:23:33
HS-004808,MQL,2026-02-14 20:04:37
HS-004808,New,2026-02-06 08:27:33
HS-004809,MQL,2025-09-22 21:45:57
HS-004809,New,2025-09-18 00:49:52
HS-004809,SAL,2025-09-26 01:17:04
HS-004810,MQL,2026-02-09 17:09:38
HS-004810,New,2026-02-02 03:27:58
HS-004811,MQL,2025-12-31 03:12:20
HS-004811,New,2025-12-27 20:58:36
HS-004812,MQL,2025-12-02 16:33:01
HS-004812,New,2025-11-27 00:56:27
HS-004813,New,2026-02-28 17:50:36
HS-004814,New,2025-10-27 00:27:53
HS-004815,New,2025-12-06 04:30:25
HS-004816,MQL,2026-03-20 13:37:54
HS-004816,New,2026-03-10 21:15:53
HS-004816,SAL,2026-03-24 18:09:12
HS-004817,New,2026-03-04 19:29:30
HS-004818,MQL,2026-03-17 11:03:12
HS-004818,New,2026-02-27 14:26:11
HS-004818,SAL,2026-03-20 20:52:07
HS-004819,MQL,2025-11-02 23:39:46
HS-004819,New,2025-10-20 18:20:46
HS-004819,SAL,2025-11-05 08:52:41
HS-004820,MQL,2026-01-03 00:15:20
HS-004820,New,2025-12-27 16:44:19
HS-004821,New,2026-03-10 01:47:56
HS-004822,New,2026-02-19 15:54:17
HS-004823,MQL,2026-03-19 03:17:47
HS-004823,New,2026-03-01 20:55:58
HS-004824,New,2025-09-29 09:25:13
HS-004825,MQL,2025-11-10 13:35:24
HS-004825,New,2025-11-07 22:28:50
HS-004826,MQL,2026-03-15 20:03:12
HS-004826,New,2026-03-08 06:53:36
HS-004826,SAL,2026-03-20 16:00:41
HS-004827,New,2025-10-12 22:20:21
HS-004828,MQL,2026-01-07 00:32:46
HS-004828,New,2025-12-29 06:53:00
HS-004828,SAL,2026-01-08 14:51:27
HS-004829,New,2026-01-05 11:45:40
HS-004830,MQL,2025-10-01 00:20:14
HS-004830,New,2025-09-17 23:34:44
HS-004831,New,2026-02-28 13:18:55
HS-004832,New,2025-11-29 05:16:48
HS-004833,MQL,2025-10-22 08:11:46
HS-004833,New,2025-10-12 08:51:52
HS-004833,SAL,2025-10-23 17:38:51
HS-004834,MQL,2026-01-30 03:46:10
HS-004834,New,2026-01-22 07:10:28
HS-004835,MQL,2025-12-24 13:02:24
HS-004835,New,2025-12-04 08:02:09
HS-004836,New,2025-10-17 00:26:15
HS-004837,New,2026-01-11 20:00:24
HS-004838,MQL,2025-09-11 23:58:40
HS-004838,New,2025-09-08 09:27:56
HS-004838,SAL,2025-09-14 22:06:43
HS-004839,New,2026-02-04 01:52:31
HS-004840,MQL,2025-10-21 02:23:05
HS-004840,New,2025-10-18 19:39:41
HS-004840,SAL,2025-10-23 06:11:17
HS-004841,New,2025-12-08 17:11:19
HS-004842,MQL,2025-12-27 03:08:10
HS-004842,New,2025-12-17 16:43:17
HS-004842,SAL,2025-12-29 15:50:52
HS-004843,MQL,2025-12-14 09:58:23
HS-004843,New,2025-12-01 22:55:21
HS-004844,New,2026-01-18 04:46:42
HS-004845,New,2025-12-11 05:31:32
HS-004846,New,2026-03-30 00:07:33
HS-004847,MQL,2025-12-24 12:16:00
HS-004847,New,2025-12-19 22:56:19
HS-004847,Opportunity,2026-01-01 23:28:39
HS-004847,SAL,2025-12-25 16:25:01
HS-004847,SQL,2025-12-26 23:14:10
HS-004848,New,2025-10-10 13:43:02
HS-004849,New,2025-10-07 07:00:48
HS-004850,New,2025-09-02 15:26:23
HS-004851,New,2025-10-15 06:51:35
HS-004852,New,2025-09-30 13:24:26
HS-004853,New,2025-11-11 06:50:47
HS-004854,MQL,2025-11-03 09:25:07
HS-004854,New,2025-10-29 16:01:15
HS-004854,SAL,2025-11-05 15:15:29
HS-004855,MQL,2026-02-12 07:28:11
HS-004855,New,2026-02-09 05:55:22
HS-004856,MQL,2025-09-10 20:43:24
HS-004856,New,2025-09-05 05:00:18
HS-004856,SAL,2025-09-12 08:51:54
HS-004857,MQL,2026-02-12 01:10:24
HS-004857,New,2026-02-09 21:08:15
HS-004858,New,2025-11-07 05:30:02
HS-004859,New,2025-12-16 12:10:19
HS-004860,New,2025-12-31 03:18:09
HS-004861,New,2026-03-22 05:15:18
HS-004862,MQL,2026-02-05 20:04:05
HS-004862,New,2026-01-30 13:15:01
HS-004863,MQL,2026-01-05 03:15:51
HS-004863,New,2025-12-27 04:44:37
HS-004864,New,2025-11-21 17:04:10
HS-004865,MQL,2025-09-23 00:05:41
HS-004865,New,2025-09-16 04:59:30
HS-004865,SAL,2025-09-26 15:24:35
HS-004866,New,2025-11-11 01:41:10
HS-004867,MQL,2025-11-17 05:25:58
HS-004867,New,2025-11-07 10:58:41
HS-004868,MQL,2025-12-21 15:33:14
HS-004868,New,2025-12-18 18:36:20
HS-004869,New,2026-02-08 02:40:27
HS-004870,MQL,2025-11-09 09:45:48
HS-004870,New,2025-10-30 06:44:35
HS-004871,New,2026-03-24 02:56:10
HS-004872,MQL,2026-02-08 12:52:54
HS-004872,New,2026-02-05 15:52:30
HS-004872,Opportunity,2026-02-19 21:19:00
HS-004872,SAL,2026-02-12 06:48:05
HS-004872,SQL,2026-02-15 08:00:20
HS-004873,MQL,2025-10-08 08:32:45
HS-004873,New,2025-09-28 13:49:07
HS-004874,MQL,2025-11-07 13:37:47
HS-004874,New,2025-10-23 22:45:43
HS-004874,Opportunity,2026-01-04 22:31:19
HS-004874,SAL,2025-11-12 18:57:50
HS-004874,SQL,2025-11-22 17:22:05
HS-004875,MQL,2025-10-23 12:46:28
HS-004875,New,2025-10-17 02:23:19
HS-004875,Opportunity,2025-11-18 00:32:40
HS-004875,SAL,2025-10-26 16:14:09
HS-004875,SQL,2025-11-02 11:36:48
HS-004876,MQL,2025-10-14 18:55:11
HS-004876,New,2025-10-08 03:07:20
HS-004877,MQL,2025-12-18 21:53:54
HS-004877,New,2025-12-02 08:16:12
HS-004878,New,2025-09-24 06:18:07
HS-004879,New,2025-12-17 03:24:58
HS-004880,New,2025-10-18 18:20:59
HS-004881,MQL,2025-10-25 11:03:23
HS-004881,New,2025-10-14 12:01:20
HS-004882,MQL,2026-01-31 03:50:53
HS-004882,New,2026-01-27 11:10:55
HS-004883,New,2025-10-01 20:39:52
HS-004884,MQL,2025-10-30 03:07:53
HS-004884,New,2025-10-20 12:34:29
HS-004885,MQL,2025-10-02 13:41:02
HS-004885,New,2025-09-25 01:10:02
HS-004885,SAL,2025-10-05 18:48:20
HS-004886,New,2026-03-26 19:52:20
HS-004887,MQL,2026-01-02 04:58:08
HS-004887,New,2025-12-26 14:29:01
HS-004888,New,2025-09-22 11:13:23
HS-004889,MQL,2025-10-14 06:37:38
HS-004889,New,2025-10-07 00:44:47
HS-004889,SAL,2025-10-16 00:15:11
HS-004890,New,2026-01-13 16:16:21
HS-004891,MQL,2026-03-21 06:22:14
HS-004891,New,2026-03-17 14:55:38
HS-004891,SAL,2026-03-22 18:22:09
HS-004892,New,2025-10-30 02:03:04
HS-004893,New,2026-03-14 02:55:41
HS-004894,MQL,2026-02-04 15:44:27
HS-004894,New,2026-02-01 22:23:06
HS-004894,SAL,2026-02-06 02:47:06
HS-004895,New,2026-01-03 02:50:43
HS-004896,MQL,2025-10-26 07:46:00
HS-004896,New,2025-10-24 17:26:06
HS-004897,MQL,2025-10-09 19:20:56
HS-004897,New,2025-10-03 01:15:50
HS-004898,MQL,2025-11-10 03:19:49
HS-004898,New,2025-11-01 15:31:57
HS-004899,MQL,2025-11-06 02:47:25
HS-004899,New,2025-10-31 04:34:13
HS-004900,New,2025-09-23 22:01:53
HS-004901,MQL,2026-02-19 01:25:49
HS-004901,New,2026-02-11 12:35:42
HS-004901,Opportunity,2026-03-03 01:20:47
HS-004901,SAL,2026-02-23 17:16:41
HS-004901,SQL,2026-02-25 13:27:40
HS-004902,New,2025-10-27 00:33:23
HS-004903,New,2026-02-04 06:20:35
HS-004904,MQL,2026-01-24 02:59:04
HS-004904,New,2026-01-21 12:13:01
HS-004904,SAL,2026-01-25 07:59:39
HS-004905,New,2025-12-17 14:32:27
HS-004906,New,2026-02-17 07:19:58
HS-004907,MQL,2025-09-15 23:33:41
HS-004907,New,2025-09-03 05:25:57
HS-004908,New,2025-12-09 12:42:02
HS-004909,New,2026-01-10 22:47:20
HS-004910,MQL,2025-12-31 01:46:18
HS-004910,New,2025-12-25 00:03:33
HS-004910,SAL,2026-01-03 08:11:09
HS-004911,New,2026-03-16 05:43:25
HS-004912,MQL,2026-02-23 13:15:59
HS-004912,New,2026-02-10 09:44:20
HS-004913,MQL,2026-02-28 14:22:02
HS-004913,New,2026-02-24 11:21:41
HS-004914,MQL,2026-02-13 09:43:18
HS-004914,New,2026-02-10 20:49:52
HS-004914,SAL,2026-02-15 15:53:30
HS-004915,New,2025-11-13 17:54:42
HS-004916,MQL,2026-03-04 09:29:44
HS-004916,New,2026-02-24 06:35:50
HS-004917,New,2025-11-10 03:28:34
HS-004918,MQL,2025-10-26 03:09:54
HS-004918,New,2025-10-06 14:55:17
HS-004918,SAL,2025-11-05 09:21:11
HS-004919,New,2026-03-01 12:01:36
HS-004920,New,2025-09-03 21:01:24
HS-004921,New,2026-03-02 14:09:24
HS-004922,MQL,2026-03-21 05:12:12
HS-004922,New,2026-03-13 06:11:50
HS-004922,SAL,2026-03-24 11:28:43
HS-004923,New,2026-01-13 10:39:56
HS-004924,New,2025-12-14 05:24:42
HS-004925,MQL,2025-12-19 00:33:39
HS-004925,New,2025-12-14 04:57:35
HS-004925,SAL,2025-12-20 22:48:55
HS-004926,New,2025-11-20 20:05:44
HS-004927,New,2025-10-10 08:04:38
HS-004928,New,2026-03-24 09:26:27
HS-004929,New,2026-02-22 18:15:18
HS-004930,New,2026-02-21 14:54:32
HS-004931,MQL,2025-12-05 20:07:43
HS-004931,New,2025-11-28 19:42:16
HS-004932,New,2025-11-14 11:44:22
HS-004933,New,2026-01-25 05:51:36
HS-004934,New,2026-03-04 18:56:04
HS-004935,MQL,2026-03-26 12:37:26
HS-004935,New,2026-03-11 19:31:58
HS-004936,New,2025-12-21 11:17:27
HS-004937,MQL,2025-09-23 14:25:38
HS-004937,New,2025-09-15 12:40:15
HS-004937,Opportunity,2025-10-15 13:00:41
HS-004937,SAL,2025-09-28 09:51:09
HS-004937,SQL,2025-10-05 17:39:58
HS-004938,MQL,2026-03-01 18:50:07
HS-004938,New,2026-02-19 16:04:49
HS-004939,New,2026-03-21 02:07:11
HS-004940,New,2026-02-16 19:18:40
HS-004941,MQL,2026-01-05 02:10:54
HS-004941,New,2025-12-31 00:59:14
HS-004941,SAL,2026-01-07 19:00:44
HS-004942,MQL,2025-10-30 22:29:42
HS-004942,New,2025-10-22 05:39:54
HS-004942,SAL,2025-11-02 01:42:35
HS-004943,MQL,2026-02-10 01:46:56
HS-004943,New,2026-02-02 03:21:28
HS-004944,MQL,2025-09-16 11:47:18
HS-004944,New,2025-09-13 02:42:43
HS-004944,Opportunity,2025-09-25 02:06:52
HS-004944,SAL,2025-09-19 00:07:07
HS-004944,SQL,2025-09-21 09:11:29
HS-004945,New,2025-09-03 10:34:31
HS-004946,MQL,2026-02-20 18:01:15
HS-004946,New,2026-02-14 17:53:40
HS-004946,SAL,2026-02-23 14:49:57
HS-004947,New,2026-02-03 20:27:22
HS-004948,New,2026-03-15 01:09:54
HS-004949,New,2025-11-08 06:47:36
HS-004950,New,2025-11-06 15:14:02
HS-004951,New,2025-10-22 20:45:43
HS-004952,New,2025-09-12 14:55:19
HS-004953,MQL,2026-02-19 23:07:21
HS-004953,New,2026-02-10 14:30:57
HS-004954,New,2026-03-23 15:11:44
HS-004955,New,2025-11-24 00:29:52
HS-004956,New,2025-11-11 19:44:38
HS-004957,New,2025-11-19 06:08:50
HS-004958,MQL,2025-11-09 06:33:56
HS-004958,New,2025-11-05 08:52:10
HS-004958,Opportunity,2025-11-22 22:45:12
HS-004958,SAL,2025-11-11 18:58:42
HS-004958,SQL,2025-11-16 01:56:50
HS-004959,MQL,2026-02-22 11:15:32
HS-004959,New,2026-02-05 15:52:21
HS-004960,MQL,2026-01-13 02:37:12
HS-004960,New,2026-01-06 15:02:15
HS-004960,Opportunity,2026-02-02 23:47:15
HS-004960,SAL,2026-01-15 00:54:24
HS-004960,SQL,2026-01-20 23:27:38
HS-004961,MQL,2025-10-22 22:06:08
HS-004961,New,2025-10-13 17:48:17
HS-004962,New,2025-11-12 03:50:05
HS-004963,MQL,2026-02-04 21:50:07
HS-004963,New,2026-01-27 10:24:26
HS-004963,SAL,2026-02-06 07:59:23
HS-004963,SQL,2026-02-08 00:45:26
HS-004964,New,2025-11-07 19:48:03
HS-004965,New,2026-01-25 18:16:09
HS-004966,MQL,2025-09-18 19:50:47
HS-004966,New,2025-09-10 00:15:47
HS-004966,Opportunity,2025-09-23 23:41:41
HS-004966,SAL,2025-09-20 09:04:36
HS-004966,SQL,2025-09-22 13:31:30
HS-004967,New,2025-12-08 19:05:57
HS-004968,MQL,2025-10-11 03:40:24
HS-004968,New,2025-10-02 12:54:09
HS-004969,New,2025-11-09 09:18:31
HS-004970,New,2026-01-27 13:22:06
HS-004971,New,2026-03-12 09:40:03
HS-004972,New,2026-03-15 03:00:23
HS-004973,New,2026-01-25 21:23:43
HS-004974,New,2025-12-12 04:45:21
HS-004975,MQL,2025-12-10 09:20:50
HS-004975,New,2025-12-06 12:37:34
HS-004976,MQL,2026-03-27 09:30:47
HS-004976,New,2026-03-21 19:15:55
HS-004976,SAL,2026-03-30 19:46:25
HS-004977,New,2026-03-27 11:00:37
HS-004978,MQL,2025-10-16 22:37:31
HS-004978,New,2025-10-09 20:56:05
HS-004978,SAL,2025-10-18 14:19:16
HS-004979,New,2025-12-20 04:48:25
HS-004980,New,2026-02-12 22:37:00
HS-004981,MQL,2026-03-25 17:12:27
HS-004981,New,2026-03-23 16:00:20
HS-004981,SAL,2026-03-27 00:42:48
HS-004982,New,2025-10-04 02:24:20
HS-004983,New,2025-11-07 11:16:44
HS-004984,MQL,2025-11-11 15:50:32
HS-004984,New,2025-11-04 12:33:43
HS-004985,New,2025-10-16 20:30:49
HS-004986,New,2025-11-21 08:09:10
HS-004987,MQL,2025-11-08 07:22:52
HS-004987,New,2025-11-01 19:59:54
HS-004988,MQL,2026-01-28 03:46:34
HS-004988,New,2026-01-26 00:04:33
HS-004988,SAL,2026-02-01 19:40:22
HS-004988,SQL,2026-02-08 07:20:18
HS-004989,New,2026-01-12 18:52:45
HS-004990,MQL,2026-02-13 10:41:03
HS-004990,New,2026-02-07 21:12:22
HS-004990,Opportunity,2026-03-03 19:10:43
HS-004990,SAL,2026-02-18 04:16:18
HS-004990,SQL,2026-02-20 22:57:41
HS-004991,MQL,2025-11-28 00:52:39
HS-004991,New,2025-11-20 21:53:06
HS-004992,MQL,2026-01-15 08:21:32
HS-004992,New,2025-12-29 18:52:00
HS-004993,MQL,2025-09-27 01:47:34
HS-004993,New,2025-09-18 15:41:23
HS-004994,MQL,2026-03-09 18:32:05
HS-004994,New,2026-03-02 13:50:34
HS-004994,SAL,2026-03-13 02:45:44
HS-004995,New,2025-12-07 19:28:55
HS-004996,MQL,2026-02-12 20:25:52
HS-004996,New,2026-01-29 03:20:23
HS-004997,New,2026-02-14 06:41:09
HS-004998,New,2025-11-10 20:02:04
HS-004999,New,2026-02-02 01:23:08
HS-005000,MQL,2025-11-26 03:01:06
HS-005000,New,2025-11-12 08:42:32
HS-005000,SAL,2025-11-28 07:08:36
HS-005001,MQL,2025-09-15 02:23:15
HS-005001,New,2025-09-09 17:20:43
HS-005001,SAL,2025-09-16 05:26:48
HS-005002,MQL,2025-10-29 04:25:02
HS-005002,New,2025-10-23 23:45:37
HS-005002,SAL,2025-11-01 06:30:44
HS-005003,MQL,2025-11-29 12:11:47
HS-005003,New,2025-11-22 23:43:43
HS-005004,MQL,2026-01-12 05:02:18
HS-005004,New,2025-12-28 03:39:36
HS-005004,SAL,2026-01-14 18:19:54
HS-005005,MQL,2026-01-08 23:46:39
HS-005005,New,2026-01-03 04:29:13
HS-005006,New,2026-02-12 12:17:56
HS-005007,New,2025-09-15 14:41:07
HS-005008,New,2026-03-22 02:18:28
HS-005009,MQL,2025-11-03 20:35:36
HS-005009,New,2025-10-28 11:25:40
HS-005010,New,2025-12-05 12:57:41
HS-005011,New,2025-11-28 00:42:18
HS-005012,New,2025-10-06 20:23:15
HS-005013,New,2025-12-28 05:23:00
HS-005014,New,2026-02-07 21:20:41
HS-005015,MQL,2026-02-22 07:25:41
HS-005015,New,2026-02-14 06:55:48
HS-005015,SAL,2026-02-26 03:58:44
HS-005016,New,2025-10-13 17:05:40
HS-005017,MQL,2025-11-22 02:26:14
HS-005017,New,2025-11-17 01:58:35
HS-005017,SAL,2025-11-26 13:55:34
HS-005018,MQL,2025-10-15 20:04:38
HS-005018,New,2025-10-12 02:01:25
HS-005018,SAL,2025-10-19 17:29:00
HS-005019,MQL,2025-09-26 17:51:38
HS-005019,New,2025-09-20 09:23:11
HS-005020,New,2025-11-15 16:47:46
HS-005021,New,2026-02-15 14:07:16
HS-005022,MQL,2026-01-19 16:27:24
HS-005022,New,2026-01-15 12:04:05
HS-005022,SAL,2026-01-21 10:45:58
HS-005023,New,2026-02-22 03:12:33
HS-005024,MQL,2025-11-18 22:53:19
HS-005024,New,2025-11-12 18:48:59
HS-005024,Opportunity,2025-11-28 13:57:38
HS-005024,SAL,2025-11-22 15:26:49
HS-005024,SQL,2025-11-24 19:13:38
HS-005025,New,2025-11-30 06:19:06
HS-005026,New,2025-12-07 06:27:58
HS-005027,New,2026-01-27 01:09:40
HS-005028,New,2026-03-28 10:55:02
HS-005029,New,2025-09-18 16:55:04
HS-005030,MQL,2025-10-11 15:38:12
HS-005030,New,2025-10-01 03:05:48
HS-005031,MQL,2025-09-20 17:48:54
HS-005031,New,2025-09-10 19:25:33
HS-005032,MQL,2026-02-09 02:38:02
HS-005032,New,2026-02-05 12:04:22
HS-005033,New,2026-01-22 16:45:26
HS-005034,New,2025-09-15 09:21:33
HS-005035,New,2026-01-13 10:22:22
HS-005036,MQL,2025-09-27 02:18:11
HS-005036,New,2025-09-15 20:59:34
HS-005037,New,2025-09-19 17:57:07
HS-005038,New,2026-01-20 00:08:36
HS-005039,MQL,2026-01-31 07:29:56
HS-005039,New,2026-01-27 14:44:51
HS-005040,New,2025-09-29 15:50:25
HS-005041,New,2026-02-20 18:33:04
HS-005042,New,2025-10-02 10:45:33
HS-005043,MQL,2026-02-17 04:23:09
HS-005043,New,2026-02-04 14:27:57
HS-005043,Opportunity,2026-03-18 03:33:14
HS-005043,SAL,2026-02-21 14:40:22
HS-005043,SQL,2026-02-27 18:58:10
HS-005044,New,2026-01-03 06:18:38
HS-005045,MQL,2025-10-10 05:53:47
HS-005045,New,2025-10-04 01:40:20
HS-005045,SAL,2025-10-13 03:13:10
HS-005046,New,2026-01-18 07:16:33
HS-005047,New,2025-11-12 19:10:58
HS-005048,MQL,2026-01-28 00:34:05
HS-005048,New,2026-01-23 14:27:18
HS-005049,New,2025-10-10 09:28:03
HS-005050,New,2025-10-16 03:15:37
HS-005051,New,2025-10-19 12:28:20
HS-005052,New,2025-12-29 22:55:16
HS-005053,New,2025-11-20 03:04:03
HS-005054,New,2026-03-24 06:12:47
HS-005055,New,2025-12-13 14:44:25
HS-005056,MQL,2026-01-28 03:08:01
HS-005056,New,2026-01-25 00:53:18
HS-005056,SAL,2026-01-31 03:08:37
HS-005057,New,2026-03-25 22:29:07
HS-005058,New,2026-02-12 02:54:36
HS-005059,MQL,2025-10-05 18:26:49
HS-005059,New,2025-09-27 20:51:10
HS-005059,SAL,2025-10-07 16:48:06
HS-005060,MQL,2026-01-09 06:35:53
HS-005060,New,2025-12-27 00:20:59
HS-005060,SAL,2026-01-15 00:00:45
HS-005061,New,2025-12-05 14:22:00
HS-005062,MQL,2025-11-02 11:33:08
HS-005062,New,2025-10-29 02:01:40
HS-005062,SAL,2025-11-05 08:49:04
HS-005063,MQL,2025-09-21 15:56:50
HS-005063,New,2025-09-16 18:02:56
HS-005064,New,2026-03-21 16:26:00
HS-005065,MQL,2025-09-29 03:10:04
HS-005065,New,2025-09-24 04:21:55
HS-005066,New,2025-11-05 01:17:09
HS-005067,New,2025-10-18 15:39:02
HS-005068,MQL,2025-10-16 08:00:11
HS-005068,New,2025-10-05 06:12:04
HS-005069,MQL,2026-03-18 01:48:29
HS-005069,New,2026-03-13 06:29:57
HS-005070,New,2026-01-22 05:41:28
HS-005071,New,2025-11-23 21:55:04
HS-005072,MQL,2026-02-01 04:02:02
HS-005072,New,2026-01-27 16:59:55
HS-005072,Opportunity,2026-02-26 14:31:22
HS-005072,SAL,2026-02-02 10:11:26
HS-005072,SQL,2026-02-08 02:32:06
HS-005073,New,2025-12-26 15:03:22
HS-005074,New,2026-03-08 15:27:29
HS-005075,MQL,2026-01-07 23:24:48
HS-005075,New,2025-12-28 08:18:56
HS-005076,New,2025-09-18 17:30:40
HS-005077,MQL,2026-01-05 05:07:10
HS-005077,New,2025-12-28 14:53:09
HS-005077,SAL,2026-01-07 00:51:47
HS-005078,MQL,2025-11-19 13:59:57
HS-005078,New,2025-11-13 18:37:36
HS-005078,Opportunity,2025-12-15 05:29:53
HS-005078,SAL,2025-11-21 04:08:12
HS-005078,SQL,2025-11-25 22:11:40
HS-005079,MQL,2025-09-02 13:19:52
HS-005079,New,2025-08-20 05:22:51
HS-005079,Opportunity,2025-09-11 02:14:23
HS-005079,SAL,2025-09-05 01:24:10
HS-005079,SQL,2025-09-07 09:34:09
HS-005080,New,2025-10-15 23:15:47
HS-005081,New,2025-11-24 08:01:13
HS-005082,MQL,2025-11-13 04:01:59
HS-005082,New,2025-11-09 13:16:38
HS-005083,MQL,2025-12-09 05:07:00
HS-005083,New,2025-12-05 08:23:15
HS-005084,MQL,2025-10-13 06:34:55
HS-005084,New,2025-10-05 07:41:03
HS-005084,Opportunity,2025-11-19 14:58:36
HS-005084,SAL,2025-10-16 10:32:58
HS-005084,SQL,2025-10-24 06:08:04
HS-005085,New,2025-10-07 02:26:10
HS-005086,MQL,2026-02-27 06:28:09
HS-005086,New,2026-02-20 10:26:29
HS-005087,New,2025-09-18 09:02:00
HS-005088,MQL,2025-12-31 22:57:30
HS-005088,New,2025-12-24 07:54:25
HS-005089,New,2026-03-11 14:51:36
HS-005090,MQL,2025-10-23 22:18:31
HS-005090,New,2025-10-15 18:52:44
HS-005091,MQL,2026-02-27 04:43:27
HS-005091,New,2026-02-19 03:28:40
HS-005091,SAL,2026-03-01 08:03:11
HS-005092,New,2026-03-21 11:52:52
HS-005093,New,2025-10-28 07:55:21
HS-005094,MQL,2025-11-30 02:48:58
HS-005094,New,2025-11-13 07:37:51
HS-005095,MQL,2025-11-12 22:51:12
HS-005095,New,2025-11-04 15:40:15
HS-005096,MQL,2026-02-03 12:00:36
HS-005096,New,2026-01-28 03:25:20
HS-005096,SAL,2026-02-05 22:01:45
HS-005096,SQL,2026-02-09 11:18:48
HS-005097,New,2025-10-03 09:46:23
HS-005098,MQL,2025-11-17 17:43:03
HS-005098,New,2025-11-12 15:54:29
HS-005099,MQL,2026-01-10 17:43:28
HS-005099,New,2026-01-03 13:01:54
HS-005099,SAL,2026-01-16 02:54:16
HS-005099,SQL,2026-01-18 18:43:55
HS-005100,MQL,2026-03-22 14:08:19
HS-005100,New,2026-03-13 23:08:54
HS-005101,MQL,2025-09-14 16:19:29
HS-005101,New,2025-09-08 03:33:28
HS-005101,SAL,2025-09-18 12:54:44
HS-005102,New,2025-09-28 04:08:32
HS-005103,New,2025-11-22 22:54:03
HS-005104,MQL,2026-01-22 20:33:58
HS-005104,New,2026-01-12 23:30:15
HS-005104,Opportunity,2026-02-04 11:13:54
HS-005104,SAL,2026-01-26 12:46:33
HS-005104,SQL,2026-01-30 22:51:12
HS-005105,MQL,2025-10-07 09:16:54
HS-005105,New,2025-09-30 13:25:19
HS-005106,MQL,2025-10-09 16:36:41
HS-005106,New,2025-10-02 17:46:40
HS-005107,MQL,2026-01-02 15:18:44
HS-005107,New,2025-12-29 06:33:57
HS-005107,SAL,2026-01-05 19:25:47
HS-005108,New,2026-03-16 13:24:49
HS-005109,MQL,2025-11-15 17:10:14
HS-005109,New,2025-11-10 15:40:25
HS-005109,SAL,2025-11-17 13:26:38
HS-005110,MQL,2025-12-11 19:58:07
HS-005110,New,2025-12-04 21:56:42
HS-005111,New,2026-03-23 06:06:18
HS-005112,MQL,2025-12-07 04:36:33
HS-005112,New,2025-12-01 14:41:15
HS-005113,MQL,2026-03-22 21:32:22
HS-005113,New,2026-03-11 15:48:28
HS-005114,New,2025-09-10 04:37:16
HS-005115,MQL,2025-12-15 15:30:52
HS-005115,New,2025-12-10 09:14:38
HS-005115,Opportunity,2025-12-28 21:46:40
HS-005115,SAL,2025-12-18 19:31:32
HS-005115,SQL,2025-12-25 22:02:21
HS-005116,MQL,2025-12-17 03:08:56
HS-005116,New,2025-12-09 08:00:30
HS-005117,New,2026-01-15 05:26:30
HS-005118,MQL,2026-03-22 04:56:12
HS-005118,New,2026-03-13 20:44:32
HS-005119,New,2026-03-17 06:43:02
HS-005120,MQL,2026-01-24 10:57:40
HS-005120,New,2026-01-07 12:24:10
HS-005121,New,2026-02-14 04:27:22
HS-005122,MQL,2026-02-18 15:52:06
HS-005122,New,2026-02-10 01:25:51
HS-005123,MQL,2025-10-02 18:00:43
HS-005123,New,2025-09-29 11:34:44
HS-005123,Opportunity,2025-10-10 20:36:33
HS-005123,SAL,2025-10-04 11:07:01
HS-005123,SQL,2025-10-06 13:53:11
HS-005124,MQL,2025-11-04 01:26:45
HS-005124,New,2025-10-25 06:44:24
HS-005124,SAL,2025-11-06 11:12:00
HS-005125,MQL,2026-01-19 14:21:11
HS-005125,New,2026-01-15 11:30:04
HS-005125,Opportunity,2026-01-26 22:48:48
HS-005125,SAL,2026-01-20 13:08:48
HS-005125,SQL,2026-01-23 10:18:48
HS-005126,MQL,2025-09-12 10:16:07
HS-005126,New,2025-09-06 16:08:46
HS-005126,SAL,2025-09-14 01:23:00
HS-005127,New,2025-09-12 02:53:50
HS-005128,New,2025-09-04 13:50:11
HS-005129,New,2025-12-29 12:37:56
HS-005130,New,2026-01-31 16:49:32
HS-005131,MQL,2025-10-22 12:03:32
HS-005131,New,2025-10-01 22:44:50
HS-005132,New,2025-11-22 16:43:34
HS-005133,MQL,2026-02-06 04:52:22
HS-005133,New,2026-01-24 12:07:46
HS-005134,MQL,2026-02-17 13:12:13
HS-005134,New,2026-02-04 01:15:06
HS-005134,SAL,2026-02-23 00:11:31
HS-005135,New,2025-09-21 02:25:26
HS-005136,MQL,2025-10-11 00:09:05
HS-005136,New,2025-09-28 23:31:13
HS-005137,MQL,2026-03-02 14:18:33
HS-005137,New,2026-02-27 13:12:00
HS-005137,Opportunity,2026-03-16 09:51:16
HS-005137,SAL,2026-03-05 15:56:36
HS-005137,SQL,2026-03-10 05:11:17
HS-005138,MQL,2026-03-07 16:27:48
HS-005138,New,2026-03-03 14:14:08
HS-005138,Opportunity,2026-03-21 12:25:23
HS-005138,SAL,2026-03-10 17:38:22
HS-005138,SQL,2026-03-16 08:07:26
HS-005139,MQL,2026-02-25 22:14:03
HS-005139,New,2026-02-21 08:59:17
HS-005140,New,2026-02-08 16:46:40
HS-005141,MQL,2025-12-15 02:14:28
HS-005141,New,2025-12-08 00:11:19
HS-005142,New,2026-01-15 07:31:57
HS-005143,New,2026-02-21 08:35:38
HS-005144,New,2025-12-08 17:05:19
HS-005145,New,2025-11-14 18:10:26
HS-005146,MQL,2026-01-11 10:04:15
HS-005146,New,2026-01-01 18:10:25
HS-005147,New,2026-02-16 08:35:43
HS-005148,MQL,2025-11-29 08:39:34
HS-005148,New,2025-11-22 07:57:18
HS-005148,Opportunity,2025-12-19 02:00:01
HS-005148,SAL,2025-12-02 11:22:22
HS-005148,SQL,2025-12-07 00:49:13
HS-005149,New,2025-09-09 21:56:32
HS-005150,New,2026-01-02 08:21:55
HS-005151,New,2025-12-10 22:56:34
HS-005152,New,2025-11-01 13:09:06
HS-005153,MQL,2025-12-17 09:00:16
HS-005153,New,2025-12-13 18:58:14
HS-005154,MQL,2025-12-01 13:53:02
HS-005154,New,2025-11-22 13:06:47
HS-005155,New,2026-01-04 17:47:32
HS-005156,MQL,2025-11-29 18:02:08
HS-005156,New,2025-11-20 03:34:27
HS-005157,MQL,2025-11-30 20:59:05
HS-005157,New,2025-11-20 07:43:31
HS-005157,SAL,2025-12-04 14:49:50
HS-005158,MQL,2026-03-26 03:53:29
HS-005158,New,2026-03-21 05:44:56
HS-005158,SAL,2026-03-30 09:03:21
HS-005159,New,2026-01-16 11:36:52
HS-005160,New,2026-03-02 06:05:05
HS-005161,MQL,2026-03-03 13:06:27
HS-005161,New,2026-02-25 07:58:08
HS-005162,MQL,2025-10-17 14:29:23
HS-005162,New,2025-09-26 08:03:28
HS-005163,MQL,2025-10-21 15:44:47
HS-005163,New,2025-10-14 20:07:29
HS-005164,MQL,2025-10-18 09:51:04
HS-005164,New,2025-10-08 20:57:18
HS-005165,MQL,2025-10-12 13:22:34
HS-005165,New,2025-10-04 17:13:05
HS-005166,New,2026-02-24 12:38:02
HS-005167,New,2025-09-22 04:40:52
HS-005168,New,2025-10-27 02:27:52
HS-005169,New,2025-10-07 14:06:12
HS-005170,New,2026-02-23 01:31:27
HS-005171,MQL,2026-01-28 00:06:37
HS-005171,New,2026-01-20 18:21:01
HS-005171,SAL,2026-01-31 06:18:03
HS-005172,New,2026-01-11 04:10:30
HS-005173,MQL,2025-11-05 07:58:50
HS-005173,New,2025-10-31 00:33:22
HS-005173,SAL,2025-11-06 13:10:52
HS-005174,MQL,2026-01-17 08:26:28
HS-005174,New,2026-01-03 10:13:25
HS-005174,SAL,2026-01-18 17:24:18
HS-005175,MQL,2026-01-30 09:24:40
HS-005175,New,2026-01-26 02:18:37
HS-005176,MQL,2026-02-03 05:05:19
HS-005176,New,2026-01-29 11:51:26
HS-005176,SAL,2026-02-05 16:32:41
HS-005177,MQL,2026-01-15 16:57:50
HS-005177,New,2026-01-12 18:22:48
HS-005178,New,2026-02-15 19:09:32
HS-005179,MQL,2025-12-18 20:15:04
HS-005179,New,2025-12-14 20:57:34
HS-005179,SAL,2025-12-19 13:03:33
HS-005180,MQL,2026-01-04 20:38:55
HS-005180,New,2025-12-25 04:00:44
HS-005180,Opportunity,2026-01-13 10:04:17
HS-005180,SAL,2026-01-08 00:18:39
HS-005180,SQL,2026-01-10 10:29:23
HS-005181,MQL,2026-03-28 13:15:48
HS-005181,New,2026-03-17 20:27:09
HS-005182,MQL,2026-03-13 12:37:08
HS-005182,New,2026-03-06 22:10:29
HS-005183,MQL,2025-09-26 20:55:30
HS-005183,New,2025-09-18 07:19:59
HS-005184,New,2026-03-19 06:07:39
HS-005185,MQL,2026-02-07 17:28:54
HS-005185,New,2026-02-05 17:20:14
HS-005186,MQL,2026-03-18 11:48:15
HS-005186,New,2026-03-12 13:04:43
HS-005187,MQL,2025-12-09 03:16:00
HS-005187,New,2025-12-01 14:04:58
HS-005188,MQL,2025-10-08 20:04:05
HS-005188,New,2025-10-04 10:01:59
HS-005189,MQL,2025-10-14 12:35:57
HS-005189,New,2025-10-08 22:16:03
HS-005189,Opportunity,2025-10-30 08:01:09
HS-005189,SAL,2025-10-19 00:34:11
HS-005189,SQL,2025-10-21 01:23:02
HS-005190,New,2025-10-12 19:52:25
HS-005191,MQL,2026-01-19 05:58:33
HS-005191,New,2026-01-15 23:17:44
HS-005191,Opportunity,2026-02-07 21:22:06
HS-005191,SAL,2026-01-23 14:29:16
HS-005191,SQL,2026-02-02 17:54:58
HS-005192,MQL,2025-12-11 20:05:34
HS-005192,New,2025-12-04 05:29:25
HS-005192,SAL,2025-12-15 06:31:02
HS-005192,SQL,2025-12-20 22:53:41
HS-005193,New,2025-12-30 14:25:55
HS-005194,MQL,2026-02-01 17:33:29
HS-005194,New,2026-01-21 15:29:40
HS-005195,New,2025-09-26 07:40:49
HS-005196,New,2026-02-10 09:46:52
HS-005197,MQL,2026-01-20 21:17:22
HS-005197,New,2026-01-14 12:04:05
HS-005197,SAL,2026-01-22 16:35:07
HS-005197,SQL,2026-01-24 16:59:01
HS-005198,MQL,2026-03-18 14:07:03
HS-005198,New,2026-03-06 12:37:56
HS-005199,MQL,2026-03-07 16:02:49
HS-005199,New,2026-02-09 08:53:52
HS-005200,MQL,2025-10-10 01:51:49
HS-005200,New,2025-09-29 10:41:11
HS-005201,MQL,2025-12-27 07:03:32
HS-005201,New,2025-12-17 14:20:38
HS-005201,SAL,2025-12-28 00:35:32
HS-005201,SQL,2026-01-01 16:34:26
HS-005202,MQL,2025-11-11 17:12:04
HS-005202,New,2025-11-03 18:33:45
HS-005203,New,2025-10-13 19:04:51
HS-005204,MQL,2025-10-01 06:11:48
HS-005204,New,2025-09-23 05:26:41
HS-005205,New,2026-02-02 04:09:01
HS-005206,New,2026-03-26 04:10:10
HS-005207,New,2025-12-09 17:51:00
HS-005208,MQL,2026-01-01 23:51:15
HS-005208,New,2025-12-24 09:13:27
HS-005209,MQL,2025-12-12 13:06:22
HS-005209,New,2025-12-07 10:47:41
HS-005209,SAL,2025-12-15 17:35:57
HS-005210,New,2025-12-31 23:04:00
HS-005211,MQL,2025-09-20 01:21:14
HS-005211,New,2025-09-10 09:22:57
HS-005212,New,2026-03-01 06:04:01
HS-005213,MQL,2026-02-19 02:19:33
HS-005213,New,2026-02-10 03:09:46
HS-005214,MQL,2025-12-14 06:59:01
HS-005214,New,2025-12-02 19:08:58
HS-005215,MQL,2025-11-19 05:54:58
HS-005215,New,2025-11-16 01:49:51
HS-005216,New,2025-09-24 22:36:42
HS-005217,New,2025-11-11 01:39:04
HS-005218,New,2026-03-21 08:10:12
HS-005219,MQL,2026-03-18 21:03:39
HS-005219,New,2026-03-16 04:44:45
HS-005220,MQL,2025-09-15 16:12:16
HS-005220,New,2025-08-26 01:58:18
HS-005220,Opportunity,2025-10-07 17:09:19
HS-005220,SAL,2025-09-18 14:13:05
HS-005220,SQL,2025-09-27 16:34:09
HS-005221,MQL,2026-02-14 17:18:37
HS-005221,New,2026-02-04 11:19:53
HS-005222,New,2025-12-11 03:55:01
HS-005223,MQL,2026-01-15 18:10:12
HS-005223,New,2026-01-12 15:45:58
HS-005223,SAL,2026-01-20 02:50:08
HS-005224,MQL,2026-01-06 07:32:55
HS-005224,New,2025-12-30 14:34:12
HS-005224,SAL,2026-01-09 23:40:41
HS-005225,MQL,2025-12-24 10:28:14
HS-005225,New,2025-12-17 11:25:02
HS-005226,MQL,2026-03-16 16:28:54
HS-005226,New,2026-03-12 03:47:57
HS-005227,MQL,2025-12-21 20:34:04
HS-005227,New,2025-12-12 03:42:33
HS-005227,Opportunity,2026-01-17 23:59:43
HS-005227,SAL,2025-12-26 05:00:34
HS-005227,SQL,2025-12-31 02:07:56
HS-005228,New,2025-12-19 16:04:18
HS-005229,New,2025-12-08 19:20:48
HS-005230,New,2026-02-17 13:17:23
HS-005231,MQL,2025-09-28 12:46:16
HS-005231,New,2025-09-24 08:23:32
HS-005232,MQL,2026-01-16 10:43:38
HS-005232,New,2026-01-13 14:01:36
HS-005232,Opportunity,2026-02-04 04:37:25
HS-005232,SAL,2026-01-20 10:45:01
HS-005232,SQL,2026-01-31 00:21:28
HS-005233,MQL,2025-11-25 03:59:43
HS-005233,New,2025-11-20 07:30:21
HS-005233,Opportunity,2025-12-04 14:08:56
HS-005233,SAL,2025-11-30 02:43:32
HS-005233,SQL,2025-12-02 16:34:03
HS-005234,MQL,2026-03-27 02:51:45
HS-005234,New,2026-03-17 08:52:29
HS-005235,MQL,2025-11-12 09:02:03
HS-005235,New,2025-11-01 09:05:50
HS-005235,Opportunity,2025-12-16 04:42:06
HS-005235,SAL,2025-11-19 20:29:06
HS-005235,SQL,2025-11-28 03:34:04
HS-005236,New,2026-02-19 19:48:15
HS-005237,MQL,2025-09-16 13:18:55
HS-005237,New,2025-09-10 19:51:13
HS-005238,New,2025-11-23 17:55:56
HS-005239,MQL,2026-02-21 12:26:54
HS-005239,New,2026-02-09 15:13:16
HS-005239,SAL,2026-02-25 04:16:37
HS-005240,MQL,2025-09-07 00:21:09
HS-005240,New,2025-08-27 03:23:07
HS-005240,Opportunity,2025-09-20 06:00:05
HS-005240,SAL,2025-09-10 15:35:14
HS-005240,SQL,2025-09-13 19:35:03
HS-005241,MQL,2025-10-11 00:31:29
HS-005241,New,2025-10-03 13:44:17
HS-005241,Opportunity,2025-11-06 09:53:17
HS-005241,SAL,2025-10-18 11:54:39
HS-005241,SQL,2025-10-31 05:58:43
HS-005242,New,2026-02-05 03:01:05
HS-005243,New,2025-12-15 20:56:43
HS-005244,MQL,2025-10-20 19:58:05
HS-005244,New,2025-10-05 15:05:04
HS-005244,SAL,2025-10-26 05:01:03
HS-005245,MQL,2025-11-30 02:11:36
HS-005245,New,2025-11-27 17:30:27
HS-005246,MQL,2026-03-08 15:29:19
HS-005246,New,2026-03-04 17:20:50
HS-005246,SAL,2026-03-12 15:13:44
HS-005247,New,2025-12-24 06:50:07
HS-005248,MQL,2025-12-13 08:29:31
HS-005248,New,2025-12-04 05:20:46
HS-005249,MQL,2025-11-26 07:14:43
HS-005249,New,2025-11-17 10:33:31
HS-005249,SAL,2025-11-29 13:04:07
HS-005250,New,2026-01-15 08:15:50
HS-005251,MQL,2026-03-13 07:04:55
HS-005251,New,2026-03-10 03:59:59
HS-005251,SAL,2026-03-15 15:46:23
HS-005252,New,2025-10-28 04:46:44
HS-005253,MQL,2025-12-29 11:46:01
HS-005253,New,2025-12-22 16:51:29
HS-005253,Opportunity,2026-01-03 23:44:01
HS-005253,SAL,2025-12-31 00:44:47
HS-005253,SQL,2026-01-01 16:44:23
HS-005254,New,2025-12-07 11:38:12
HS-005255,New,2025-11-08 07:35:14
HS-005256,MQL,2025-12-26 21:03:25
HS-005256,New,2025-12-17 12:34:46
HS-005257,New,2025-11-25 11:08:58
HS-005258,MQL,2025-09-02 09:37:40
HS-005258,New,2025-08-29 13:46:14
HS-005258,SAL,2025-09-05 22:21:20
HS-005259,New,2025-10-29 13:17:43
HS-005260,New,2025-10-06 10:02:08
HS-005261,New,2025-11-05 10:21:09
HS-005262,MQL,2025-09-12 05:09:59
HS-005262,New,2025-09-09 00:00:50
HS-005263,MQL,2026-02-01 21:43:10
HS-005263,New,2026-01-25 11:05:36
HS-005264,MQL,2026-03-14 09:06:40
HS-005264,New,2026-02-28 18:31:44
HS-005265,MQL,2025-11-28 00:49:46
HS-005265,New,2025-11-12 16:53:54
HS-005265,SAL,2025-11-30 13:49:52
HS-005266,MQL,2025-11-19 10:57:26
HS-005266,New,2025-11-14 14:46:42
HS-005267,New,2025-09-09 05:20:00
HS-005268,New,2025-09-14 10:50:34
HS-005269,New,2025-12-28 11:56:20
HS-005270,New,2025-12-02 15:23:47
HS-005271,MQL,2025-09-25 06:33:22
HS-005271,New,2025-09-17 21:13:08
HS-005271,SAL,2025-09-29 09:59:04
HS-005272,MQL,2026-02-11 11:23:31
HS-005272,New,2026-02-04 01:59:48
HS-005273,MQL,2025-12-02 11:59:53
HS-005273,New,2025-11-25 03:06:11
HS-005274,MQL,2026-03-27 00:18:11
HS-005274,New,2026-03-20 03:31:38
HS-005275,New,2025-10-21 19:25:50
HS-005276,New,2025-12-25 18:27:54
HS-005277,New,2026-03-06 08:14:51
HS-005278,MQL,2025-10-18 19:01:10
HS-005278,New,2025-10-07 09:41:09
HS-005279,New,2025-10-21 09:48:42
HS-005280,MQL,2025-09-28 22:33:45
HS-005280,New,2025-09-18 05:44:36
HS-005280,SAL,2025-10-07 11:11:10
HS-005281,MQL,2025-09-15 22:14:39
HS-005281,New,2025-09-12 14:06:02
HS-005281,SAL,2025-09-18 21:13:30
HS-005282,New,2025-11-01 22:14:43
HS-005283,New,2025-10-29 14:53:46
HS-005284,New,2026-03-02 18:22:16
HS-005285,MQL,2025-12-16 11:19:09
HS-005285,New,2025-12-02 11:41:25
HS-005285,SAL,2025-12-20 11:49:16
HS-005286,MQL,2025-11-25 23:45:37
HS-005286,New,2025-11-20 03:09:16
HS-005287,MQL,2025-12-09 10:33:49
HS-005287,New,2025-12-02 17:34:54
HS-005287,SAL,2025-12-12 14:15:05
HS-005287,SQL,2025-12-18 06:07:16
HS-005288,MQL,2026-03-03 15:27:45
HS-005288,New,2026-02-26 05:39:19
HS-005289,New,2025-11-19 20:36:20
HS-005290,MQL,2025-11-10 15:27:15
HS-005290,New,2025-11-02 04:58:42
HS-005290,Opportunity,2025-11-22 00:28:12
HS-005290,SAL,2025-11-12 21:02:06
HS-005290,SQL,2025-11-16 07:50:09
HS-005291,MQL,2025-11-10 20:08:21
HS-005291,New,2025-11-03 13:11:59
HS-005292,New,2025-10-22 16:23:18
HS-005293,New,2026-02-05 22:21:22
HS-005294,New,2025-12-10 06:21:08
HS-005295,New,2026-01-04 00:35:10
HS-005296,New,2026-01-14 18:17:44
HS-005297,New,2026-03-27 19:26:48
HS-005298,MQL,2025-10-30 05:06:21
HS-005298,New,2025-10-24 05:55:43
HS-005298,Opportunity,2025-11-08 00:45:54
HS-005298,SAL,2025-10-31 23:05:32
HS-005298,SQL,2025-11-03 19:28:31
HS-005299,MQL,2026-03-19 13:56:50
HS-005299,New,2026-03-08 18:41:40
HS-005299,SAL,2026-03-24 02:45:09
HS-005299,SQL,2026-03-31 15:48:17
HS-005300,New,2025-11-28 17:56:26
HS-005301,New,2026-03-21 08:31:04
HS-005302,MQL,2025-12-11 06:01:44
HS-005302,New,2025-12-03 19:34:26
HS-005303,MQL,2025-10-08 23:24:58
HS-005303,New,2025-10-03 10:07:22
HS-005304,New,2025-11-08 07:57:41
HS-005305,MQL,2025-09-04 14:12:20
HS-005305,New,2025-08-26 02:12:15
HS-005306,MQL,2026-01-13 18:02:12
HS-005306,New,2026-01-09 04:29:30
HS-005307,New,2025-10-20 02:26:09
HS-005308,New,2025-10-14 02:57:23
HS-005309,New,2026-02-21 13:53:37
HS-005310,MQL,2026-02-22 05:40:51
HS-005310,New,2026-02-14 22:46:41
HS-005310,Opportunity,2026-03-02 18:43:13
HS-005310,SAL,2026-02-24 03:20:36
HS-005310,SQL,2026-02-26 05:48:33
HS-005311,MQL,2026-01-29 07:03:08
HS-005311,New,2026-01-17 05:03:28
HS-005311,SAL,2026-02-01 07:49:43
HS-005312,New,2025-10-02 00:08:06
HS-005313,New,2026-03-30 04:22:02
HS-005314,MQL,2025-09-29 18:02:56
HS-005314,New,2025-09-18 21:56:42
HS-005314,SAL,2025-10-01 17:45:32
HS-005315,New,2025-09-22 17:21:26
HS-005316,New,2025-11-21 07:57:05
HS-005317,New,2025-09-16 22:23:38
HS-005318,MQL,2025-10-24 15:15:22
HS-005318,New,2025-10-20 19:03:23
HS-005318,Opportunity,2025-12-10 03:11:08
HS-005318,SAL,2025-10-28 00:03:03
HS-005318,SQL,2025-11-08 18:34:44
HS-005319,New,2025-09-18 01:05:38
HS-005320,MQL,2026-01-06 01:08:16
HS-005320,New,2026-01-01 13:18:45
HS-005321,New,2026-03-18 17:01:54
HS-005322,New,2025-09-05 05:46:59
HS-005323,New,2025-10-29 06:02:55
HS-005324,MQL,2025-11-29 13:42:12
HS-005324,New,2025-11-20 14:32:38
HS-005324,Opportunity,2025-12-08 08:19:07
HS-005324,SAL,2025-12-01 14:28:16
HS-005324,SQL,2025-12-03 21:52:20
HS-005325,New,2025-11-06 21:40:32
HS-005326,MQL,2025-12-14 12:51:40
HS-005326,New,2025-12-08 11:46:39
HS-005326,Opportunity,2026-01-13 19:03:48
HS-005326,SAL,2025-12-19 00:38:50
HS-005326,SQL,2025-12-28 14:48:43
HS-005327,MQL,2026-02-20 05:20:39
HS-005327,New,2026-02-08 06:43:40
HS-005328,MQL,2026-03-28 20:45:51
HS-005328,New,2026-03-23 16:16:58
HS-005329,New,2025-12-22 14:26:31
HS-005330,New,2026-01-19 05:03:48
HS-005331,MQL,2026-03-07 02:31:53
HS-005331,New,2026-03-02 00:41:53
HS-005331,Opportunity,2026-03-20 00:26:30
HS-005331,SAL,2026-03-10 08:57:54
HS-005331,SQL,2026-03-16 14:22:31
HS-005332,New,2025-12-16 19:24:25
HS-005333,New,2025-09-14 22:24:33
HS-005334,MQL,2025-12-14 23:11:27
HS-005334,New,2025-12-09 16:21:54
HS-005335,MQL,2025-12-06 04:22:42
HS-005335,New,2025-12-03 16:05:22
HS-005335,Opportunity,2025-12-22 02:40:11
HS-005335,SAL,2025-12-06 23:03:52
HS-005335,SQL,2025-12-13 07:16:50
HS-005336,MQL,2026-03-08 22:31:29
HS-005336,New,2026-03-01 21:12:04
HS-005336,SAL,2026-03-12 08:56:30
HS-005337,MQL,2026-03-22 19:48:28
HS-005337,New,2026-03-13 09:54:27
HS-005337,SAL,2026-03-25 18:54:29
HS-005337,SQL,2026-03-28 18:27:35
HS-005338,New,2026-02-10 05:47:26
HS-005339,New,2025-09-28 21:48:38
HS-005340,New,2025-10-20 13:26:49
HS-005341,MQL,2026-03-02 15:43:31
HS-005341,New,2026-02-26 01:36:40
HS-005341,SAL,2026-03-06 19:47:32
HS-005342,MQL,2025-09-30 17:26:20
HS-005342,New,2025-09-20 12:12:01
HS-005343,MQL,2025-09-19 16:05:20
HS-005343,New,2025-09-12 03:14:10
HS-005344,MQL,2025-09-11 21:02:48
HS-005344,New,2025-09-03 12:08:29
HS-005345,New,2026-03-09 09:53:47
HS-005346,MQL,2025-11-25 23:38:40
HS-005346,New,2025-11-11 08:46:58
HS-005346,SAL,2025-12-02 18:05:32
HS-005347,MQL,2026-01-08 07:15:06
HS-005347,New,2025-12-27 02:44:39
HS-005348,New,2025-12-30 06:59:55
HS-005349,MQL,2026-03-14 13:58:12
HS-005349,New,2026-03-05 05:44:30
HS-005349,SAL,2026-03-17 08:13:34
HS-005349,SQL,2026-03-23 02:47:45
HS-005350,MQL,2026-03-13 15:11:20
HS-005350,New,2026-03-03 08:12:50
HS-005351,MQL,2026-02-20 09:08:20
HS-005351,New,2026-02-14 04:32:28
HS-005352,MQL,2025-09-09 06:47:38
HS-005352,New,2025-08-27 20:18:16
HS-005352,SAL,2025-09-11 15:59:41
HS-005352,SQL,2025-09-16 23:25:55
HS-005353,MQL,2026-03-09 04:59:05
HS-005353,New,2026-03-03 23:39:19
HS-005354,MQL,2026-01-17 00:46:50
HS-005354,New,2026-01-06 18:56:52
HS-005355,MQL,2026-02-12 19:10:37
HS-005355,New,2026-02-09 06:13:18
HS-005355,SAL,2026-02-14 12:23:46
HS-005356,New,2025-09-25 19:10:36
HS-005357,MQL,2026-03-11 20:14:50
HS-005357,New,2026-03-03 09:38:12
HS-005357,SAL,2026-03-15 01:26:28
HS-005358,MQL,2025-12-27 04:11:05
HS-005358,New,2025-12-15 09:16:04
HS-005359,New,2026-03-12 04:40:14
HS-005360,New,2025-12-13 21:08:19
HS-005361,New,2025-09-26 23:55:55
HS-005362,New,2025-10-25 12:43:30
HS-005363,MQL,2026-01-01 20:59:47
HS-005363,New,2025-12-27 02:21:46
HS-005363,SAL,2026-01-07 07:12:17
HS-005364,New,2026-02-28 11:10:54
HS-005365,MQL,2025-12-11 07:12:43
HS-005365,New,2025-12-02 01:50:25
HS-005365,SAL,2025-12-13 16:25:46
HS-005366,MQL,2026-02-24 10:44:35
HS-005366,New,2026-02-18 14:49:45
HS-005366,SAL,2026-02-26 09:40:40
HS-005367,New,2026-03-28 07:12:33
HS-005368,MQL,2025-12-04 22:35:10
HS-005368,New,2025-11-26 04:37:33
HS-005369,MQL,2026-01-30 01:33:10
HS-005369,New,2026-01-19 10:53:44
HS-005369,Opportunity,2026-02-21 04:05:05
HS-005369,SAL,2026-02-02 10:45:42
HS-005369,SQL,2026-02-09 22:25:26
HS-005370,New,2026-01-23 17:31:55
HS-005371,MQL,2025-09-11 21:44:35
HS-005371,New,2025-08-23 06:15:46
HS-005371,Opportunity,2025-09-28 10:40:54
HS-005371,SAL,2025-09-14 14:40:27
HS-005371,SQL,2025-09-22 12:02:32
HS-005372,MQL,2025-10-15 19:14:47
HS-005372,New,2025-10-06 09:46:28
HS-005372,SAL,2025-10-19 03:47:13
HS-005373,MQL,2025-12-10 00:18:20
HS-005373,New,2025-12-04 23:59:26
HS-005374,New,2026-03-21 15:19:01
HS-005375,MQL,2026-02-22 06:39:02
HS-005375,New,2026-02-14 01:22:19
HS-005376,New,2025-12-02 12:35:37
HS-005377,New,2025-11-18 08:00:35
HS-005378,MQL,2025-12-08 15:15:42
HS-005378,New,2025-12-04 01:41:54
HS-005378,SAL,2025-12-11 15:56:22
HS-005379,MQL,2026-01-09 00:56:55
HS-005379,New,2026-01-06 14:50:04
HS-005380,MQL,2025-10-22 15:54:06
HS-005380,New,2025-10-13 16:02:54
HS-005380,Opportunity,2025-11-03 13:03:31
HS-005380,SAL,2025-10-24 15:21:40
HS-005380,SQL,2025-10-28 09:57:55
HS-005381,New,2025-09-20 13:29:34
HS-005382,New,2026-02-15 19:23:25
HS-005383,MQL,2026-03-11 17:07:49
HS-005383,New,2026-03-03 03:02:41
HS-005383,Opportunity,2026-03-18 23:09:54
HS-005383,SAL,2026-03-15 03:25:20
HS-005383,SQL,2026-03-16 15:01:43
HS-005384,MQL,2025-11-02 01:27:40
HS-005384,New,2025-10-19 08:36:20
HS-005385,MQL,2025-09-26 23:23:58
HS-005385,New,2025-09-21 16:41:20
HS-005385,SAL,2025-09-29 07:30:19
HS-005386,New,2026-02-17 14:17:36
HS-005387,New,2025-09-14 03:43:56
HS-005388,New,2025-11-30 15:00:24
HS-005389,MQL,2025-12-08 23:21:43
HS-005389,New,2025-11-28 10:41:15
HS-005390,New,2025-12-01 10:52:49
HS-005391,MQL,2025-12-01 04:55:45
HS-005391,New,2025-11-26 06:48:42
HS-005392,MQL,2026-02-28 03:08:26
HS-005392,New,2026-02-21 14:27:07
HS-005392,SAL,2026-03-02 09:04:01
HS-005392,SQL,2026-03-06 08:33:12
HS-005393,MQL,2026-01-02 01:32:14
HS-005393,New,2025-12-29 04:39:29
HS-005393,SAL,2026-01-06 04:23:57
HS-005394,New,2026-02-13 10:53:43
HS-005395,New,2026-01-16 04:25:45
HS-005396,MQL,2025-09-24 13:25:04
HS-005396,New,2025-09-06 04:00:08
HS-005396,SAL,2025-10-01 07:54:51
HS-005397,MQL,2026-02-17 17:33:02
HS-005397,New,2026-02-11 22:45:15
HS-005398,MQL,2026-02-05 23:41:31
HS-005398,New,2026-01-26 19:07:08
HS-005398,SAL,2026-02-09 21:46:47
HS-005398,SQL,2026-02-11 23:24:25
HS-005399,New,2025-09-12 03:37:57
HS-005400,MQL,2026-01-12 01:04:57
HS-005400,New,2026-01-05 18:11:50
HS-005401,MQL,2026-03-17 01:03:57
HS-005401,New,2026-02-21 09:31:11
HS-005402,New,2026-02-02 16:36:08
HS-005403,New,2025-11-02 22:44:46
HS-005404,MQL,2025-10-02 20:19:07
HS-005404,New,2025-09-27 18:13:26
HS-005405,MQL,2026-01-26 04:59:46
HS-005405,New,2026-01-23 22:19:06
HS-005405,Opportunity,2026-02-05 17:09:00
HS-005405,SAL,2026-01-28 06:57:00
HS-005405,SQL,2026-01-31 11:10:55
HS-005406,New,2025-09-22 07:07:46
HS-005407,MQL,2025-10-31 15:40:49
HS-005407,New,2025-10-28 03:55:52
HS-005407,SAL,2025-11-01 16:42:02
HS-005408,MQL,2026-02-06 22:48:42
HS-005408,New,2026-02-04 02:00:06
HS-005409,New,2026-02-13 12:48:23
HS-005410,MQL,2025-09-21 19:39:16
HS-005410,New,2025-09-18 16:50:57
HS-005411,MQL,2025-11-07 06:04:58
HS-005411,New,2025-11-01 18:38:40
HS-005411,SAL,2025-11-12 10:43:23
HS-005412,MQL,2025-09-10 10:08:02
HS-005412,New,2025-09-03 17:25:55
HS-005412,SAL,2025-09-16 08:11:02
HS-005412,SQL,2025-09-18 11:18:24
HS-005413,New,2025-11-27 00:35:53
HS-005414,New,2026-01-01 01:50:48
HS-005415,MQL,2025-12-11 03:23:51
HS-005415,New,2025-11-30 15:54:46
HS-005415,Opportunity,2026-01-11 15:08:29
HS-005415,SAL,2025-12-14 08:11:18
HS-005415,SQL,2025-12-20 23:59:58
HS-005416,New,2026-02-24 19:26:02
HS-005417,MQL,2026-01-30 04:56:03
HS-005417,New,2026-01-25 06:18:09
HS-005417,Opportunity,2026-02-09 04:16:27
HS-005417,SAL,2026-02-02 04:38:48
HS-005417,SQL,2026-02-04 08:16:04
HS-005418,MQL,2025-09-19 17:07:08
HS-005418,New,2025-09-16 12:49:26
HS-005419,New,2026-01-30 16:06:47
HS-005420,MQL,2026-01-12 18:27:07
HS-005420,New,2025-12-29 08:02:55
HS-005420,Opportunity,2026-02-05 07:22:17
HS-005420,SAL,2026-01-17 00:34:08
HS-005420,SQL,2026-01-24 20:36:25
HS-005421,New,2026-01-15 14:45:42
HS-005422,MQL,2025-11-22 12:36:59
HS-005422,New,2025-11-06 11:39:36
HS-005422,SAL,2025-11-25 19:35:23
HS-005423,New,2025-11-09 14:28:36
HS-005424,New,2025-10-01 22:24:29
HS-005425,New,2025-10-05 09:23:38
HS-005426,MQL,2026-02-02 16:57:45
HS-005426,New,2026-01-30 21:49:26
HS-005427,New,2025-11-01 19:42:22
HS-005428,MQL,2025-09-27 16:41:47
HS-005428,New,2025-09-21 20:42:12
HS-005429,MQL,2025-09-22 14:34:26
HS-005429,New,2025-09-17 13:07:16
HS-005429,Opportunity,2025-10-04 12:06:19
HS-005429,SAL,2025-09-25 02:00:13
HS-005429,SQL,2025-10-01 23:57:49
HS-005430,MQL,2026-02-03 04:42:06
HS-005430,New,2026-01-21 20:38:00
HS-005431,MQL,2026-03-01 15:54:10
HS-005431,New,2026-02-23 02:57:52
HS-005431,SAL,2026-03-04 04:12:38
HS-005432,MQL,2025-11-26 11:59:42
HS-005432,New,2025-11-19 01:25:33
HS-005432,Opportunity,2026-01-12 07:14:23
HS-005432,SAL,2025-12-02 21:19:17
HS-005432,SQL,2025-12-14 19:34:12
HS-005433,MQL,2026-01-23 13:16:41
HS-005433,New,2026-01-16 22:47:58
HS-005433,SAL,2026-01-25 23:01:49
HS-005434,MQL,2026-02-07 09:18:08
HS-005434,New,2026-02-02 18:07:09
HS-005434,Opportunity,2026-02-27 11:52:19
HS-005434,SAL,2026-02-08 18:43:15
HS-005434,SQL,2026-02-18 11:49:25
HS-005435,New,2026-02-15 13:30:24
HS-005436,New,2025-10-04 22:22:58
HS-005437,MQL,2026-02-12 23:42:25
HS-005437,New,2026-01-24 03:27:45
HS-005437,SAL,2026-02-16 23:46:25
HS-005438,MQL,2025-09-13 00:08:40
HS-005438,New,2025-09-04 08:14:01
HS-005439,New,2026-01-29 21:26:47
HS-005440,MQL,2026-02-15 13:21:12
HS-005440,New,2026-02-06 11:19:28
HS-005441,New,2025-11-18 20:52:03
HS-005442,MQL,2026-01-02 12:57:37
HS-005442,New,2025-12-22 16:02:48
HS-005442,SAL,2026-01-04 08:27:35
HS-005443,New,2025-10-12 02:27:26
HS-005444,New,2026-02-18 11:23:01
HS-005445,New,2026-02-16 17:56:19
HS-005446,MQL,2025-12-22 07:46:38
HS-005446,New,2025-12-15 07:41:32
HS-005447,MQL,2025-10-10 13:52:56
HS-005447,New,2025-09-30 18:33:57
HS-005448,New,2025-11-25 07:42:57
HS-005449,New,2025-11-09 06:01:49
HS-005450,New,2025-11-21 10:24:58
HS-005451,MQL,2025-11-09 23:00:09
HS-005451,New,2025-11-04 21:43:03
HS-005451,SAL,2025-11-11 20:22:13
HS-005452,MQL,2025-10-30 00:13:16
HS-005452,New,2025-10-23 07:43:33
HS-005453,New,2025-10-15 12:56:04
HS-005454,New,2026-02-06 22:17:05
HS-005455,New,2025-09-21 23:52:29
HS-005456,MQL,2025-12-26 15:50:41
HS-005456,New,2025-12-20 13:21:25
HS-005457,New,2025-12-25 17:21:58
HS-005458,MQL,2025-11-15 21:07:49
HS-005458,New,2025-11-09 01:29:13
HS-005458,Opportunity,2025-11-30 07:06:03
HS-005458,SAL,2025-11-18 01:17:56
HS-005458,SQL,2025-11-22 18:03:47
HS-005459,MQL,2025-08-31 23:09:15
HS-005459,New,2025-08-24 16:07:57
HS-005460,New,2026-03-10 14:14:58
HS-005461,MQL,2026-02-14 16:16:02
HS-005461,New,2026-02-05 10:07:28
HS-005462,New,2026-03-02 02:46:14
HS-005463,New,2025-10-06 16:02:02
HS-005464,MQL,2026-03-26 11:05:46
HS-005464,New,2026-03-23 00:15:27
HS-005464,SAL,2026-03-29 05:15:47
HS-005465,MQL,2025-10-13 06:43:44
HS-005465,New,2025-10-07 02:23:31
HS-005466,MQL,2025-09-27 22:41:57
HS-005466,New,2025-09-18 20:48:55
HS-005466,SAL,2025-10-01 17:38:21
HS-005467,MQL,2026-02-12 16:21:46
HS-005467,New,2026-02-06 07:55:35
HS-005467,SAL,2026-02-15 20:16:36
HS-005468,MQL,2025-11-03 07:47:54
HS-005468,New,2025-10-27 16:17:07
HS-005468,Opportunity,2025-11-26 15:15:38
HS-005468,SAL,2025-11-06 07:23:40
HS-005468,SQL,2025-11-16 02:55:06
HS-005469,New,2026-03-16 02:16:58
HS-005470,New,2026-03-07 09:55:53
HS-005471,MQL,2025-12-22 05:24:47
HS-005471,New,2025-12-11 13:09:00
HS-005472,MQL,2025-12-31 21:09:20
HS-005472,New,2025-12-17 12:21:32
HS-005473,New,2026-02-06 12:52:33
HS-005474,MQL,2025-10-28 16:11:47
HS-005474,New,2025-10-23 19:06:00
HS-005475,MQL,2025-11-14 23:38:11
HS-005475,New,2025-11-08 03:18:17
HS-005475,SAL,2025-11-16 22:17:48
HS-005476,MQL,2025-10-24 22:19:00
HS-005476,New,2025-10-12 00:52:35
HS-005477,New,2025-10-25 14:27:33
HS-005478,MQL,2025-11-05 21:53:43
HS-005478,New,2025-10-30 22:07:35
HS-005479,MQL,2026-02-14 22:44:49
HS-005479,New,2026-02-07 11:43:58
HS-005480,MQL,2025-12-09 04:19:45
HS-005480,New,2025-11-22 20:53:30
HS-005481,New,2026-01-16 11:03:57
HS-005482,MQL,2025-12-22 16:18:56
HS-005482,New,2025-12-18 03:57:39
HS-005482,SAL,2025-12-25 05:29:28
HS-005483,New,2026-01-30 17:53:46
HS-005484,New,2025-09-12 14:26:18
HS-005485,MQL,2025-10-08 04:53:48
HS-005485,New,2025-10-03 06:16:32
HS-005486,New,2025-09-20 07:46:48
HS-005487,MQL,2025-11-24 08:17:20
HS-005487,New,2025-11-21 20:06:41
HS-005487,Opportunity,2025-12-14 07:23:01
HS-005487,SAL,2025-11-26 06:44:45
HS-005487,SQL,2025-12-02 10:09:17
HS-005488,New,2026-01-15 00:58:55
HS-005489,New,2025-11-07 11:54:29
HS-005490,MQL,2026-03-10 17:43:32
HS-005490,New,2026-02-20 21:58:00
HS-005490,SAL,2026-03-18 07:29:36
HS-005490,SQL,2026-03-26 03:29:17
HS-005491,New,2025-09-06 21:00:58
HS-005492,New,2026-03-28 14:37:51
HS-005493,MQL,2025-12-27 11:30:08
HS-005493,New,2025-12-24 19:43:29
HS-005493,SAL,2026-01-02 03:26:51
HS-005493,SQL,2026-01-04 06:20:10
HS-005494,New,2025-11-22 12:16:47
HS-005495,MQL,2025-09-25 02:00:58
HS-005495,New,2025-09-14 00:21:00
HS-005495,Opportunity,2025-10-15 12:44:05
HS-005495,SAL,2025-09-28 04:46:23
HS-005495,SQL,2025-10-12 18:31:25
HS-005496,New,2025-12-14 05:42:46
HS-005497,MQL,2025-12-17 23:33:29
HS-005497,New,2025-12-09 13:00:18
HS-005498,New,2025-10-14 09:02:20
HS-005499,MQL,2026-03-21 05:47:33
HS-005499,New,2026-03-12 08:05:56
HS-005499,SAL,2026-03-22 09:34:35
HS-005500,New,2026-03-10 09:43:53
HS-005501,New,2025-11-20 13:52:16
HS-005502,New,2025-10-07 16:48:53
HS-005503,MQL,2026-02-16 10:27:01
HS-005503,New,2026-02-11 04:42:10
HS-005504,MQL,2026-02-14 17:38:57
HS-005504,New,2026-02-09 18:47:36
HS-005504,Opportunity,2026-02-24 13:20:31
HS-005504,SAL,2026-02-16 17:11:52
HS-005504,SQL,2026-02-19 13:51:14
HS-005505,MQL,2025-09-17 17:55:06
HS-005505,New,2025-09-08 23:54:29
HS-005505,SAL,2025-09-21 10:04:02
HS-005506,New,2025-12-07 11:25:38
HS-005507,New,2025-10-14 07:51:07
HS-005508,MQL,2025-12-12 01:37:27
HS-005508,New,2025-12-06 00:50:48
HS-005509,New,2025-12-19 12:00:11
HS-005510,New,2025-12-13 04:25:50
HS-005511,New,2026-02-19 01:45:42
HS-005512,MQL,2025-12-25 08:33:32
HS-005512,New,2025-12-20 07:00:32
HS-005513,New,2025-09-11 03:33:39
HS-005514,MQL,2026-02-15 13:16:59
HS-005514,New,2026-02-10 05:19:25
HS-005514,Opportunity,2026-02-23 08:29:03
HS-005514,SAL,2026-02-17 01:20:14
HS-005514,SQL,2026-02-20 11:35:38
HS-005515,New,2025-12-28 16:50:20
HS-005516,New,2025-12-21 19:42:25
HS-005517,MQL,2025-11-18 15:24:12
HS-005517,New,2025-11-08 06:58:12
HS-005517,Opportunity,2025-12-23 22:33:33
HS-005517,SAL,2025-11-22 01:36:12
HS-005517,SQL,2025-11-28 09:48:11
HS-005518,MQL,2026-03-26 01:52:39
HS-005518,New,2026-03-17 05:25:44
HS-005518,SAL,2026-03-30 15:07:47
HS-005519,MQL,2025-09-09 19:46:42
HS-005519,New,2025-09-04 17:03:08
HS-005520,New,2026-01-09 18:40:10
HS-005521,New,2025-09-01 03:18:21
HS-005522,New,2025-11-24 06:09:09
HS-005523,MQL,2025-11-24 02:18:51
HS-005523,New,2025-11-05 21:12:38
HS-005523,SAL,2025-11-25 14:38:37
HS-005523,SQL,2025-12-01 17:58:24
HS-005524,New,2025-11-30 09:30:18
HS-005525,New,2025-12-13 08:56:53
HS-005526,MQL,2025-09-02 06:37:38
HS-005526,New,2025-08-29 01:13:55
HS-005527,MQL,2025-09-11 15:29:18
HS-005527,New,2025-09-02 14:52:49
HS-005528,New,2026-01-05 14:09:20
HS-005529,New,2025-12-15 13:43:20
HS-005530,New,2026-02-11 12:41:08
HS-005531,New,2025-11-09 11:53:23
HS-005532,New,2025-11-25 05:32:30
HS-005533,MQL,2025-09-01 16:07:05
HS-005533,New,2025-08-27 00:48:47
HS-005533,Opportunity,2025-10-12 16:22:51
HS-005533,SAL,2025-09-06 11:42:41
HS-005533,SQL,2025-09-23 16:38:55
HS-005534,MQL,2025-11-03 16:55:47
HS-005534,New,2025-10-31 00:56:40
HS-005534,SAL,2025-11-04 21:25:52
HS-005535,MQL,2026-03-19 17:00:54
HS-005535,New,2026-03-09 15:34:20
HS-005536,New,2025-12-22 04:30:55
HS-005537,MQL,2025-10-11 20:53:38
HS-005537,New,2025-10-07 22:24:24
HS-005538,MQL,2025-11-24 20:23:00
HS-005538,New,2025-11-19 18:22:19
HS-005538,SAL,2025-11-27 04:06:58
HS-005539,New,2026-02-17 09:05:27
HS-005540,MQL,2025-09-08 08:45:23
HS-005540,New,2025-09-05 17:03:44
HS-005541,MQL,2026-01-20 07:48:17
HS-005541,New,2026-01-16 13:49:28
HS-005541,Opportunity,2026-02-04 22:04:02
HS-005541,SAL,2026-01-24 00:32:06
HS-005541,SQL,2026-01-27 19:33:31
HS-005542,New,2026-02-03 22:03:53
HS-005543,New,2025-10-15 06:20:12
HS-005544,New,2025-09-10 00:23:16
HS-005545,New,2026-02-28 22:37:16
HS-005546,New,2025-09-25 09:56:11
HS-005547,MQL,2025-12-03 19:34:40
HS-005547,New,2025-11-28 18:02:22
HS-005547,Opportunity,2025-12-24 04:04:21
HS-005547,SAL,2025-12-09 20:31:18
HS-005547,SQL,2025-12-18 03:26:12
HS-005548,New,2026-01-15 03:18:55
HS-005549,MQL,2026-01-11 14:44:18
HS-005549,New,2026-01-01 13:37:53
HS-005550,MQL,2026-02-25 15:42:25
HS-005550,New,2026-02-19 07:05:50
HS-005550,SAL,2026-02-27 07:00:27
HS-005551,New,2025-12-31 08:01:57
HS-005552,New,2026-01-22 20:49:04
HS-005553,MQL,2025-12-15 05:27:54
HS-005553,New,2025-12-06 05:18:42
HS-005553,Opportunity,2026-01-03 03:06:16
HS-005553,SAL,2025-12-17 10:26:29
HS-005553,SQL,2025-12-21 07:56:20
HS-005554,MQL,2025-11-19 11:39:06
HS-005554,New,2025-11-12 17:02:07
HS-005555,MQL,2025-11-03 21:58:09
HS-005555,New,2025-10-27 14:37:04
HS-005555,SAL,2025-11-07 00:07:04
HS-005556,New,2026-03-12 23:03:22
HS-005557,MQL,2025-10-10 18:43:34
HS-005557,New,2025-10-07 23:47:07
HS-005557,SAL,2025-10-13 07:53:19
HS-005558,New,2025-09-15 05:11:03
HS-005559,MQL,2025-12-07 20:58:46
HS-005559,New,2025-12-01 23:18:49
HS-005559,Opportunity,2025-12-16 07:34:58
HS-005559,SAL,2025-12-08 15:13:46
HS-005559,SQL,2025-12-10 20:37:38
HS-005560,MQL,2025-11-04 04:10:26
HS-005560,New,2025-10-20 21:46:52
HS-005561,New,2025-09-10 14:54:41
HS-005562,MQL,2026-01-11 09:08:58
HS-005562,New,2026-01-01 12:34:25
HS-005562,Opportunity,2026-01-31 11:33:23
HS-005562,SAL,2026-01-14 05:56:40
HS-005562,SQL,2026-01-22 20:31:41
HS-005563,MQL,2026-01-05 21:34:17
HS-005563,New,2025-12-31 01:38:38
HS-005564,New,2026-03-21 13:47:34
HS-005565,New,2025-12-13 02:17:04
HS-005566,New,2025-11-13 18:13:50
HS-005567,MQL,2025-10-30 09:56:46
HS-005567,New,2025-10-25 11:14:13
HS-005567,Opportunity,2025-11-22 01:41:13
HS-005567,SAL,2025-11-03 21:42:15
HS-005567,SQL,2025-11-05 02:51:45
HS-005568,MQL,2025-10-18 11:53:57
HS-005568,New,2025-10-03 17:50:55
HS-005569,New,2025-09-30 01:00:21
HS-005570,New,2025-10-17 08:06:06
HS-005571,New,2025-11-08 03:02:20
HS-005572,MQL,2025-11-11 09:43:12
HS-005572,New,2025-11-06 11:41:24
HS-005573,New,2025-11-05 20:14:47
HS-005574,New,2026-02-28 02:27:23
HS-005575,MQL,2025-11-29 18:00:07
HS-005575,New,2025-11-24 20:30:30
HS-005576,New,2025-10-20 07:35:13
HS-005577,MQL,2025-10-08 22:40:17
HS-005577,New,2025-10-05 22:22:04
HS-005577,SAL,2025-10-13 00:01:30
HS-005578,New,2025-12-24 10:49:36
HS-005579,MQL,2025-09-04 13:38:42
HS-005579,New,2025-08-30 06:04:43
HS-005579,SAL,2025-09-07 02:16:19
HS-005579,SQL,2025-09-10 19:44:15
HS-005580,MQL,2026-02-04 19:00:50
HS-005580,New,2026-02-03 06:01:31
HS-005580,SAL,2026-02-08 01:24:28
HS-005581,New,2025-12-03 09:06:33
HS-005582,MQL,2025-11-12 17:59:18
HS-005582,New,2025-09-18 09:50:00
HS-005582,Opportunity,2025-11-28 09:01:53
HS-005582,SAL,2025-11-16 16:21:15
HS-005582,SQL,2025-11-19 17:59:06
HS-005583,New,2025-11-10 03:36:54
HS-005584,MQL,2025-12-09 16:17:09
HS-005584,New,2025-11-20 12:07:12
HS-005584,SAL,2025-12-17 11:51:16
HS-005585,New,2026-01-03 17:10:52
HS-005586,New,2025-09-02 17:31:20
HS-005587,New,2025-10-05 08:47:21
HS-005588,New,2025-10-24 21:29:35
HS-005589,MQL,2025-11-05 12:47:17
HS-005589,New,2025-10-11 23:10:58
HS-005589,SAL,2025-11-09 22:25:49
HS-005590,MQL,2025-12-18 04:38:04
HS-005590,New,2025-12-10 14:15:56
HS-005590,SAL,2025-12-21 03:42:10
HS-005591,New,2025-11-06 10:52:47
HS-005592,New,2025-10-20 14:36:30
HS-005593,MQL,2025-10-26 15:08:16
HS-005593,New,2025-10-07 14:32:55
HS-005594,New,2025-12-27 03:55:54
HS-005595,New,2025-10-13 04:06:28
HS-005596,MQL,2025-10-25 14:43:17
HS-005596,New,2025-10-20 23:05:19
HS-005597,MQL,2025-11-23 10:10:24
HS-005597,New,2025-11-20 22:12:00
HS-005598,MQL,2025-11-17 04:03:08
HS-005598,New,2025-11-02 06:23:00
HS-005598,Opportunity,2025-12-25 08:05:18
HS-005598,SAL,2025-11-24 18:30:44
HS-005598,SQL,2025-12-04 03:46:15
HS-005599,New,2025-12-30 12:00:41
HS-005600,MQL,2025-11-09 05:44:47
HS-005600,New,2025-11-05 06:51:50
HS-005600,Opportunity,2025-11-30 03:44:28
HS-005600,SAL,2025-11-13 04:36:58
HS-005600,SQL,2025-11-22 12:45:11
HS-005601,New,2026-01-17 21:46:49
HS-005602,New,2025-09-22 01:19:12
HS-005603,MQL,2026-02-14 02:15:15
HS-005603,New,2026-02-02 02:23:46
HS-005604,New,2025-09-28 16:50:14
HS-005605,New,2026-01-18 21:39:02
HS-005606,New,2026-01-24 16:37:21
HS-005607,New,2026-02-16 08:18:50
HS-005608,MQL,2025-09-09 03:38:57
HS-005608,New,2025-09-06 20:06:49
HS-005608,Opportunity,2025-09-19 19:08:11
HS-005608,SAL,2025-09-11 21:42:44
HS-005608,SQL,2025-09-15 10:38:50
HS-005609,New,2026-01-17 02:16:44
HS-005610,MQL,2025-12-13 15:30:54
HS-005610,New,2025-12-07 10:29:52
HS-005611,New,2025-12-27 23:22:13
HS-005612,MQL,2025-09-19 08:33:58
HS-005612,New,2025-09-04 13:36:59
HS-005613,MQL,2025-11-08 07:07:18
HS-005613,New,2025-11-01 17:23:36
HS-005614,New,2025-11-22 12:41:40
HS-005615,MQL,2025-10-21 06:38:52
HS-005615,New,2025-10-15 14:58:28
HS-005615,SAL,2025-10-24 11:24:31
HS-005616,New,2025-12-24 22:21:50
HS-005617,New,2026-01-21 16:04:19
HS-005618,New,2025-11-13 15:26:17
HS-005619,MQL,2026-02-02 02:05:49
HS-005619,New,2026-01-26 11:59:03
HS-005620,New,2026-01-26 12:24:57
HS-005621,New,2026-02-11 20:54:46
HS-005622,New,2026-02-12 17:02:53
HS-005623,MQL,2025-09-30 21:31:20
HS-005623,New,2025-09-09 21:50:57
HS-005624,New,2026-01-06 07:03:57
HS-005625,MQL,2026-03-08 18:43:33
HS-005625,New,2026-03-02 20:12:43
HS-005625,SAL,2026-03-11 05:38:32
HS-005626,New,2026-03-12 18:39:20
HS-005627,MQL,2026-01-02 06:46:37
HS-005627,New,2025-12-12 11:15:39
HS-005627,SAL,2026-01-05 02:37:29
HS-005628,New,2026-01-12 08:56:00
HS-005629,MQL,2025-12-05 09:17:01
HS-005629,New,2025-11-14 22:56:48
HS-005629,SAL,2025-12-09 19:34:31
HS-005630,New,2025-09-29 04:39:20
HS-005631,New,2026-03-29 05:18:28
HS-005632,MQL,2026-02-03 03:16:32
HS-005632,New,2026-01-27 13:34:56
HS-005632,SAL,2026-02-05 20:41:19
HS-005633,New,2025-09-03 00:41:53
HS-005634,MQL,2025-09-02 09:23:05
HS-005634,New,2025-08-02 09:29:04
HS-005634,SAL,2025-09-03 03:15:29
HS-005635,New,2025-12-08 05:38:36
HS-005636,New,2025-09-24 20:08:42
HS-005637,MQL,2025-09-07 02:15:56
HS-005637,New,2025-09-02 12:29:50
HS-005638,New,2026-01-12 21:01:01
HS-005639,New,2026-02-05 07:02:56
HS-005640,New,2025-10-02 20:55:24
HS-005641,MQL,2025-10-07 10:32:05
HS-005641,New,2025-10-02 13:28:48
HS-005642,MQL,2025-09-22 12:50:31
HS-005642,New,2025-09-12 17:40:56
HS-005642,SAL,2025-09-25 13:09:51
HS-005642,SQL,2025-10-01 11:00:09
HS-005643,New,2026-02-21 09:09:29
HS-005644,MQL,2026-01-07 20:46:01
HS-005644,New,2025-12-28 15:07:13
HS-005644,Opportunity,2026-01-30 18:49:34
HS-005644,SAL,2026-01-10 03:34:31
HS-005644,SQL,2026-01-20 04:59:28
HS-005645,New,2025-11-27 12:57:31
HS-005646,MQL,2025-08-30 05:50:52
HS-005646,New,2025-08-20 16:20:47
HS-005646,SAL,2025-09-02 21:35:11
HS-005647,MQL,2026-03-17 16:03:28
HS-005647,New,2026-03-12 05:40:19
HS-005647,SAL,2026-03-20 19:29:48
HS-005648,New,2025-11-05 07:57:03
HS-005649,MQL,2025-09-13 14:58:46
HS-005649,New,2025-09-06 17:28:19
HS-005649,SAL,2025-09-16 18:03:20
HS-005649,SQL,2025-09-18 22:24:11
HS-005650,New,2025-11-06 14:04:44
HS-005651,MQL,2026-02-07 02:54:26
HS-005651,New,2026-01-19 22:42:56
HS-005652,MQL,2025-12-12 14:58:56
HS-005652,New,2025-12-01 10:01:06
HS-005652,SAL,2025-12-14 15:10:29
HS-005653,MQL,2025-10-19 06:39:48
HS-005653,New,2025-10-15 17:41:12
HS-005654,New,2026-03-01 03:47:25
HS-005655,MQL,2025-11-17 21:32:52
HS-005655,New,2025-11-12 14:21:00
HS-005656,MQL,2026-03-12 16:22:32
HS-005656,New,2026-03-08 12:46:19
HS-005657,MQL,2026-01-02 09:02:33
HS-005657,New,2025-12-18 11:29:31
HS-005657,SAL,2026-01-06 02:56:54
HS-005658,MQL,2026-01-16 00:27:03
HS-005658,New,2026-01-08 22:27:18
HS-005658,SAL,2026-01-17 20:26:48
HS-005659,MQL,2026-01-11 02:04:23
HS-005659,New,2026-01-06 06:21:36
HS-005659,Opportunity,2026-01-22 04:21:46
HS-005659,SAL,2026-01-13 17:19:30
HS-005659,SQL,2026-01-18 18:49:40
HS-005660,MQL,2025-09-04 08:57:58
HS-005660,New,2025-08-27 17:31:15
HS-005661,MQL,2025-12-08 17:14:02
HS-005661,New,2025-12-04 06:47:54
HS-005662,New,2025-10-16 04:45:05
HS-005663,MQL,2026-02-26 10:00:07
HS-005663,New,2026-02-21 17:58:13
HS-005664,MQL,2026-01-08 10:58:24
HS-005664,New,2026-01-02 01:21:47
HS-005665,New,2025-12-13 11:53:13
HS-005666,MQL,2025-11-19 17:30:08
HS-005666,New,2025-11-13 23:39:22
HS-005666,SAL,2025-11-20 21:31:06
HS-005667,MQL,2025-11-25 07:19:57
HS-005667,New,2025-11-20 12:08:43
HS-005668,New,2025-11-06 05:11:14
HS-005669,New,2026-03-01 03:55:18
HS-005670,New,2025-12-14 09:53:12
HS-005671,New,2026-03-24 08:05:26
HS-005672,MQL,2025-10-29 06:08:59
HS-005672,New,2025-10-25 20:48:25
HS-005673,MQL,2026-02-07 12:29:51
HS-005673,New,2026-02-03 14:23:44
HS-005673,SAL,2026-02-10 09:14:35
HS-005673,SQL,2026-02-13 05:33:42
HS-005674,New,2025-11-13 18:11:58
HS-005675,New,2025-11-21 13:19:52
HS-005676,MQL,2026-03-06 12:30:43
HS-005676,New,2026-02-26 05:56:28
HS-005677,New,2026-03-20 17:58:23
HS-005678,New,2025-09-19 10:00:53
HS-005679,MQL,2025-11-26 10:37:48
HS-005679,New,2025-11-20 05:33:04
HS-005680,MQL,2026-03-02 02:09:45
HS-005680,New,2026-02-16 08:09:27
HS-005681,MQL,2026-01-16 19:59:23
HS-005681,New,2026-01-10 08:21:35
HS-005682,MQL,2025-09-22 01:01:17
HS-005682,New,2025-09-17 19:10:01
HS-005682,SAL,2025-09-23 04:17:11
HS-005683,MQL,2026-02-20 00:02:36
HS-005683,New,2026-02-12 19:25:45
HS-005683,SAL,2026-02-23 09:17:48
HS-005683,SQL,2026-03-03 21:03:22
HS-005684,MQL,2025-10-02 07:36:07
HS-005684,New,2025-09-10 03:38:23
HS-005684,Opportunity,2025-10-16 19:17:34
HS-005684,SAL,2025-10-06 02:07:03
HS-005684,SQL,2025-10-11 00:22:52
HS-005685,MQL,2026-03-01 08:16:48
HS-005685,New,2026-02-20 11:55:55
HS-005686,New,2025-12-11 21:44:10
HS-005687,MQL,2026-02-09 05:00:18
HS-005687,New,2026-01-21 22:24:35
HS-005687,SAL,2026-02-13 04:09:15
HS-005688,New,2025-10-07 09:49:17
HS-005689,MQL,2026-01-07 08:54:05
HS-005689,New,2026-01-02 02:00:08
HS-005690,New,2025-09-25 12:58:23
HS-005691,New,2025-12-05 04:39:02
HS-005692,New,2025-09-22 21:17:50
HS-005693,New,2026-03-06 12:24:54
HS-005694,MQL,2025-11-23 21:53:44
HS-005694,New,2025-11-13 14:37:05
HS-005695,New,2026-03-19 12:39:23
HS-005696,New,2025-10-10 21:56:35
HS-005697,New,2026-03-19 01:54:23
HS-005698,MQL,2026-02-26 06:38:43
HS-005698,New,2026-02-13 10:24:51
HS-005699,MQL,2025-10-06 08:23:01
HS-005699,New,2025-10-01 00:05:20
HS-005699,Opportunity,2025-10-19 08:09:33
HS-005699,SAL,2025-10-10 12:01:45
HS-005699,SQL,2025-10-12 01:05:40
HS-005700,MQL,2025-09-22 20:51:08
HS-005700,New,2025-08-28 20:44:22
HS-005700,Opportunity,2025-11-03 11:40:16
HS-005700,SAL,2025-09-26 14:20:17
HS-005700,SQL,2025-10-26 21:02:26
HS-005701,MQL,2025-09-13 08:05:52
HS-005701,New,2025-09-01 10:26:12
HS-005701,Opportunity,2025-10-08 04:29:04
HS-005701,SAL,2025-09-17 12:19:18
HS-005701,SQL,2025-09-22 23:21:50
HS-005702,MQL,2026-01-15 15:46:30
HS-005702,New,2026-01-09 20:02:28
HS-005702,SAL,2026-01-18 00:16:20
HS-005702,SQL,2026-01-21 00:11:34
HS-005703,New,2025-10-09 22:01:06
HS-005704,New,2026-01-13 20:16:26
HS-005705,New,2025-10-24 01:55:33
HS-005706,MQL,2025-11-11 05:37:17
HS-005706,New,2025-11-05 19:55:54
HS-005706,Opportunity,2025-11-25 22:24:10
HS-005706,SAL,2025-11-13 14:43:55
HS-005706,SQL,2025-11-16 23:23:46
HS-005707,MQL,2026-02-19 14:58:40
HS-005707,New,2026-02-17 05:29:16
HS-005707,Opportunity,2026-02-28 22:44:55
HS-005707,SAL,2026-02-22 02:28:05
HS-005707,SQL,2026-02-24 05:32:34
HS-005708,MQL,2026-01-31 05:18:36
HS-005708,New,2026-01-27 09:33:02
HS-005708,SAL,2026-02-03 19:32:23
HS-005709,MQL,2025-12-04 15:19:44
HS-005709,New,2025-11-22 12:24:12
HS-005710,New,2025-12-14 21:54:42
HS-005711,MQL,2026-02-06 16:17:40
HS-005711,New,2026-01-31 08:07:27
HS-005711,Opportunity,2026-02-18 23:04:00
HS-005711,SAL,2026-02-10 02:48:07
HS-005711,SQL,2026-02-14 02:29:15
HS-005712,MQL,2025-12-16 02:02:28
HS-005712,New,2025-12-08 17:12:24
HS-005712,Opportunity,2025-12-25 02:43:08
HS-005712,SAL,2025-12-20 05:37:40
HS-005712,SQL,2025-12-21 06:59:06
HS-005713,MQL,2026-01-26 12:29:37
HS-005713,New,2026-01-18 16:12:38
HS-005713,SAL,2026-01-27 21:17:35
HS-005714,New,2025-09-23 13:04:15
HS-005715,New,2025-09-14 00:35:59
HS-005716,New,2025-11-03 23:15:02
HS-005717,MQL,2025-09-30 04:35:12
HS-005717,New,2025-09-20 17:44:59
HS-005718,New,2025-12-14 02:29:33
HS-005719,MQL,2025-09-03 00:20:11
HS-005719,New,2025-08-26 08:30:12
HS-005719,SAL,2025-09-04 13:33:45
HS-005719,SQL,2025-09-07 12:52:59
HS-005720,New,2025-11-10 12:59:33
HS-005721,MQL,2026-02-19 05:21:26
HS-005721,New,2026-02-15 22:30:51
HS-005722,MQL,2026-03-21 13:26:23
HS-005722,New,2026-03-15 20:45:48
HS-005722,SAL,2026-03-24 09:15:53
HS-005722,SQL,2026-03-26 06:34:31
HS-005723,New,2026-03-03 07:20:33
HS-005724,MQL,2026-01-23 19:18:15
HS-005724,New,2026-01-17 16:03:40
HS-005725,New,2026-01-03 17:48:26
HS-005726,MQL,2025-10-19 23:16:19
HS-005726,New,2025-10-12 13:42:23
HS-005727,MQL,2026-01-15 06:31:21
HS-005727,New,2025-12-19 01:36:37
HS-005727,SAL,2026-01-23 09:16:56
HS-005728,MQL,2025-09-20 03:32:33
HS-005728,New,2025-09-11 03:23:36
HS-005728,SAL,2025-09-24 08:01:10
HS-005729,New,2025-09-19 07:53:37
HS-005730,MQL,2025-11-11 03:40:07
HS-005730,New,2025-11-05 02:55:14
HS-005731,New,2025-09-21 10:52:29
HS-005732,MQL,2026-01-13 22:33:19
HS-005732,New,2026-01-06 22:45:19
HS-005733,MQL,2025-11-16 13:08:01
HS-005733,New,2025-11-05 02:42:37
HS-005734,New,2025-11-20 13:48:16
HS-005735,New,2026-02-01 02:29:54
HS-005736,MQL,2025-12-26 17:41:42
HS-005736,New,2025-12-01 01:51:20
HS-005736,SAL,2026-01-02 05:10:37
HS-005737,New,2026-02-05 12:36:06
HS-005738,MQL,2025-09-16 07:54:43
HS-005738,New,2025-09-01 01:16:27
HS-005739,MQL,2025-08-31 03:20:41
HS-005739,New,2025-08-25 12:26:03
HS-005740,New,2026-03-12 09:50:54
HS-005741,MQL,2025-11-01 10:11:39
HS-005741,New,2025-10-29 00:01:35
HS-005742,New,2025-11-25 13:31:47
HS-005743,New,2025-11-14 07:51:02
HS-005744,New,2026-01-28 18:37:19
HS-005745,New,2025-10-15 03:31:34
HS-005746,New,2025-11-13 14:20:23
HS-005747,New,2025-10-11 06:43:34
HS-005748,MQL,2026-01-17 06:28:16
HS-005748,New,2026-01-13 04:23:00
HS-005749,MQL,2025-10-21 04:50:54
HS-005749,New,2025-10-12 04:40:16
HS-005749,SAL,2025-10-22 23:15:25
HS-005750,New,2026-03-18 06:11:31
HS-005751,MQL,2025-09-29 23:29:29
HS-005751,New,2025-09-28 03:43:18
HS-005752,New,2025-10-30 00:19:21
HS-005753,MQL,2026-01-28 01:36:52
HS-005753,New,2026-01-21 13:31:28
HS-005754,MQL,2026-02-11 17:04:11
HS-005754,New,2026-02-06 09:11:02
HS-005755,New,2026-03-26 15:43:14
HS-005756,New,2025-09-19 07:36:21
HS-005757,MQL,2026-02-01 15:12:56
HS-005757,New,2026-01-25 04:01:26
HS-005757,Opportunity,2026-02-21 17:43:31
HS-005757,SAL,2026-02-04 16:08:09
HS-005757,SQL,2026-02-10 11:54:53
HS-005758,New,2025-11-16 21:11:21
HS-005759,MQL,2025-09-01 05:51:55
HS-005759,New,2025-08-28 08:48:22
HS-005759,Opportunity,2025-09-12 07:59:47
HS-005759,SAL,2025-09-04 05:23:23
HS-005759,SQL,2025-09-06 05:25:31
HS-005760,MQL,2025-10-05 06:06:23
HS-005760,New,2025-09-26 20:57:10
HS-005761,MQL,2025-10-22 06:51:05
HS-005761,New,2025-10-09 11:54:27
HS-005761,SAL,2025-10-23 03:32:04
HS-005762,New,2026-01-29 21:14:28
HS-005763,MQL,2025-10-12 21:14:34
HS-005763,New,2025-10-07 22:22:41
HS-005764,MQL,2025-09-29 00:36:57
HS-005764,New,2025-09-20 05:48:50
HS-005764,SAL,2025-10-02 08:03:42
HS-005765,New,2025-12-18 17:20:15
HS-005766,MQL,2025-10-21 09:28:35
HS-005766,New,2025-10-08 03:17:27
HS-005767,MQL,2025-10-12 01:36:11
HS-005767,New,2025-10-06 01:31:19
HS-005768,MQL,2025-09-06 15:02:56
HS-005768,New,2025-08-30 14:07:49
HS-005768,SAL,2025-09-10 00:35:07
HS-005769,New,2025-11-20 09:51:48
HS-005770,MQL,2026-03-24 00:03:53
HS-005770,New,2026-03-15 03:56:52
HS-005771,New,2026-03-06 06:41:24
HS-005772,New,2025-09-01 15:42:21
HS-005773,New,2025-09-05 21:30:27
HS-005774,MQL,2025-10-15 23:49:46
HS-005774,New,2025-10-08 20:35:33
HS-005774,Opportunity,2025-10-24 00:21:45
HS-005774,SAL,2025-10-17 09:35:36
HS-005774,SQL,2025-10-21 04:16:54
HS-005775,New,2026-01-27 23:13:13
HS-005776,New,2026-02-03 16:10:43
HS-005777,New,2025-10-18 23:45:33
HS-005778,MQL,2026-03-14 12:42:17
HS-005778,New,2026-03-11 01:59:17
HS-005778,SAL,2026-03-18 18:03:22
HS-005779,New,2025-09-03 06:31:56
HS-005780,New,2026-03-24 08:22:53
HS-005781,MQL,2025-11-02 06:37:43
HS-005781,New,2025-10-23 20:42:19
HS-005782,New,2025-11-14 00:24:58
HS-005783,New,2025-11-09 18:11:46
HS-005784,New,2025-11-20 23:33:59
HS-005785,MQL,2025-10-09 16:59:18
HS-005785,New,2025-09-29 23:33:50
HS-005786,New,2025-10-02 15:29:46
HS-005787,MQL,2025-11-05 15:46:12
HS-005787,New,2025-10-29 14:04:54
HS-005788,New,2025-10-11 19:24:55
HS-005789,New,2026-02-12 14:09:06
HS-005790,New,2026-01-16 14:57:16
HS-005791,MQL,2026-03-01 19:35:22
HS-005791,New,2026-02-20 16:14:39
HS-005792,MQL,2025-12-26 19:29:41
HS-005792,New,2025-12-14 21:05:25
HS-005793,New,2025-09-27 11:49:14
HS-005794,New,2025-10-28 02:01:10
HS-005795,MQL,2026-01-10 15:19:54
HS-005795,New,2026-01-03 08:46:05
HS-005796,New,2025-09-12 14:01:33
HS-005797,New,2026-02-17 07:05:10
HS-005798,New,2025-11-03 09:43:24
HS-005799,New,2025-12-07 09:44:36
HS-005800,MQL,2025-12-06 13:09:26
HS-005800,New,2025-11-29 05:30:39
HS-005800,SAL,2025-12-07 16:19:34
HS-005801,New,2026-03-06 16:39:33
HS-005802,MQL,2026-02-20 06:40:27
HS-005802,New,2026-02-17 00:18:52
HS-005803,New,2026-02-27 06:30:09
HS-005804,New,2026-02-25 08:48:24
HS-005805,MQL,2025-12-22 06:10:49
HS-005805,New,2025-12-10 15:27:33
HS-005806,New,2026-01-14 20:02:05
HS-005807,New,2026-02-06 03:56:30
HS-005808,New,2026-03-22 19:44:43
HS-005809,MQL,2025-11-30 09:55:29
HS-005809,New,2025-11-27 14:24:50
HS-005809,Opportunity,2025-12-11 11:53:58
HS-005809,SAL,2025-12-01 19:18:55
HS-005809,SQL,2025-12-04 05:38:48
HS-005810,New,2026-02-02 13:38:46
HS-005811,New,2026-03-01 07:06:09
HS-005812,New,2026-03-22 13:09:18
HS-005813,New,2025-11-05 15:41:09
HS-005814,MQL,2025-10-05 08:31:14
HS-005814,New,2025-09-27 10:01:20
HS-005815,New,2025-10-10 06:56:13
HS-005816,MQL,2026-03-10 01:16:20
HS-005816,New,2026-03-04 23:36:24
HS-005816,SAL,2026-03-11 04:54:42
HS-005817,New,2026-02-12 01:13:12
HS-005818,MQL,2026-02-07 13:32:11
HS-005818,New,2026-01-11 19:23:38
HS-005819,New,2026-03-12 12:55:51
HS-005820,MQL,2026-02-01 08:15:04
HS-005820,New,2026-01-23 22:05:56
HS-005821,MQL,2025-11-04 15:14:50
HS-005821,New,2025-10-29 23:54:47
HS-005821,SAL,2025-11-05 20:04:41
HS-005822,New,2026-02-03 00:31:53
HS-005823,New,2025-11-06 03:05:16
HS-005824,MQL,2025-11-09 16:43:02
HS-005824,New,2025-11-02 20:55:53
HS-005824,SAL,2025-11-12 06:51:52
HS-005825,New,2025-11-23 01:40:04
HS-005826,MQL,2025-12-20 08:54:27
HS-005826,New,2025-12-12 03:14:12
HS-005826,SAL,2025-12-23 18:30:07
HS-005827,MQL,2025-11-11 06:28:18
HS-005827,New,2025-11-04 12:07:10
HS-005828,New,2026-03-03 12:42:04
HS-005829,MQL,2025-11-13 07:48:33
HS-005829,New,2025-11-08 04:39:51
HS-005830,New,2026-01-26 11:11:05
HS-005831,New,2025-11-23 18:57:50
HS-005832,New,2026-01-29 18:04:27
HS-005833,MQL,2025-11-09 19:16:14
HS-005833,New,2025-11-06 01:58:03
HS-005833,SAL,2025-11-13 11:27:16
HS-005833,SQL,2025-11-18 13:38:39
HS-005834,MQL,2026-02-15 00:26:45
HS-005834,New,2026-02-07 22:54:05
HS-005835,New,2025-11-12 10:23:06
HS-005836,New,2025-11-19 19:34:00
HS-005837,New,2025-11-20 18:00:45
HS-005838,MQL,2025-09-08 14:23:03
HS-005838,New,2025-09-04 01:13:47
HS-005838,SAL,2025-09-10 16:22:38
HS-005839,New,2025-11-03 06:11:58
HS-005840,MQL,2026-02-06 06:36:13
HS-005840,New,2026-01-30 00:39:19
HS-005840,SAL,2026-02-09 11:18:23
HS-005841,MQL,2026-01-14 04:51:19
HS-005841,New,2026-01-10 09:32:05
HS-005842,New,2025-09-22 20:49:55
HS-005843,MQL,2025-12-09 21:41:37
HS-005843,New,2025-12-05 08:59:46
HS-005843,SAL,2025-12-12 11:02:11
HS-005844,MQL,2025-11-20 16:40:12
HS-005844,New,2025-11-16 10:32:34
HS-005844,Opportunity,2025-11-27 00:14:03
HS-005844,SAL,2025-11-21 23:25:38
HS-005844,SQL,2025-11-23 10:31:19
HS-005845,MQL,2025-09-18 15:07:12
HS-005845,New,2025-08-29 22:10:43
HS-005845,SAL,2025-09-23 02:26:42
HS-005846,MQL,2025-09-17 19:21:57
HS-005846,New,2025-09-13 23:30:05
HS-005847,New,2026-03-01 20:32:03
HS-005848,New,2025-12-13 16:31:46
HS-005849,MQL,2025-09-24 18:44:16
HS-005849,New,2025-09-13 19:09:39
HS-005849,SAL,2025-09-28 00:18:03
HS-005850,MQL,2026-02-17 10:31:09
HS-005850,New,2026-02-11 23:24:15
HS-005851,New,2026-02-02 10:52:44
HS-005852,MQL,2026-03-08 16:34:19
HS-005852,New,2026-03-06 00:44:51
HS-005853,MQL,2025-12-10 19:37:44
HS-005853,New,2025-12-03 09:58:19
HS-005854,New,2025-11-08 11:18:52
HS-005855,New,2026-01-30 06:00:42
HS-005856,MQL,2026-02-11 02:04:34
HS-005856,New,2026-02-08 23:12:22
HS-005857,MQL,2025-12-31 22:20:10
HS-005857,New,2025-12-20 20:10:46
HS-005858,New,2025-12-01 18:51:05
HS-005859,New,2026-01-09 06:52:07
HS-005860,New,2025-10-11 01:49:44
HS-005861,New,2026-02-07 23:32:00
HS-005862,New,2026-03-14 02:37:11
HS-005863,New,2026-03-11 20:41:38
HS-005864,New,2026-02-15 15:39:53
HS-005865,New,2026-01-29 09:45:23
HS-005866,New,2025-09-03 23:05:04
HS-005867,New,2025-11-16 04:08:26
HS-005868,MQL,2025-12-03 06:06:34
HS-005868,New,2025-11-23 16:55:23
HS-005869,New,2026-01-30 22:05:35
HS-005870,New,2026-01-31 09:03:37
HS-005871,New,2025-12-13 05:56:29
HS-005872,MQL,2025-09-11 10:36:20
HS-005872,New,2025-09-09 11:17:18
HS-005872,SAL,2025-09-13 23:25:54
HS-005873,New,2025-09-20 22:56:31
HS-005874,New,2026-01-25 10:14:28
HS-005875,MQL,2025-08-31 04:21:49
HS-005875,New,2025-08-23 20:43:09
HS-005875,Opportunity,2025-09-07 20:15:53
HS-005875,SAL,2025-09-02 04:31:25
HS-005875,SQL,2025-09-05 03:28:44
HS-005876,MQL,2025-09-02 12:11:02
HS-005876,New,2025-08-21 20:07:28
HS-005877,MQL,2026-01-18 09:43:52
HS-005877,New,2026-01-12 03:39:11
HS-005877,Opportunity,2026-02-02 09:43:05
HS-005877,SAL,2026-01-21 19:38:08
HS-005877,SQL,2026-01-25 00:02:42
HS-005878,MQL,2025-09-28 06:12:44
HS-005878,New,2025-09-18 12:32:28
HS-005879,MQL,2025-12-03 23:13:14
HS-005879,New,2025-11-28 16:24:43
HS-005880,New,2026-03-17 06:14:37
HS-005881,New,2025-09-01 14:44:17
HS-005882,New,2026-01-27 20:30:30
HS-005883,MQL,2025-11-24 19:26:01
HS-005883,New,2025-11-18 05:45:33
HS-005884,New,2025-09-26 19:26:05
HS-005885,MQL,2026-02-05 09:29:19
HS-005885,New,2026-01-29 13:29:17
HS-005886,New,2025-11-28 08:49:02
HS-005887,New,2025-12-27 05:23:11
HS-005888,MQL,2026-01-25 07:11:05
HS-005888,New,2026-01-17 04:19:03
HS-005888,SAL,2026-01-28 01:41:49
HS-005889,New,2025-12-21 09:21:55
HS-005890,MQL,2025-11-02 18:16:05
HS-005890,New,2025-10-24 18:42:34
HS-005891,New,2025-11-23 02:12:52
HS-005892,MQL,2025-12-13 14:48:16
HS-005892,New,2025-12-09 07:21:19
HS-005892,Opportunity,2026-01-22 10:02:31
HS-005892,SAL,2025-12-18 12:25:59
HS-005892,SQL,2025-12-29 08:53:46
HS-005893,MQL,2026-02-14 11:57:10
HS-005893,New,2026-02-10 13:57:44
HS-005894,New,2025-12-10 21:55:27
HS-005895,New,2025-12-23 00:27:55
HS-005896,MQL,2025-11-20 04:37:35
HS-005896,New,2025-11-08 07:14:06
HS-005897,MQL,2026-02-07 22:58:15
HS-005897,New,2026-02-04 21:43:57
HS-005898,MQL,2025-10-02 13:31:17
HS-005898,New,2025-09-26 23:53:55
HS-005899,New,2025-10-18 17:50:10
HS-005900,New,2025-10-30 11:07:11
HS-005901,New,2025-11-16 07:28:43
HS-005902,MQL,2025-09-20 04:55:48
HS-005902,New,2025-09-11 18:28:16
HS-005903,New,2025-12-04 05:48:56
HS-005904,MQL,2025-12-11 15:15:08
HS-005904,New,2025-12-08 10:32:08
HS-005905,New,2025-12-02 01:46:24
HS-005906,MQL,2025-11-11 22:20:05
HS-005906,New,2025-11-06 02:41:10
HS-005906,Opportunity,2025-11-25 09:06:20
HS-005906,SAL,2025-11-15 00:55:51
HS-005906,SQL,2025-11-18 13:59:28
HS-005907,MQL,2025-10-04 14:23:27
HS-005907,New,2025-09-24 16:56:25
HS-005908,New,2025-12-21 15:28:40
HS-005909,MQL,2026-01-02 04:07:46
HS-005909,New,2025-12-27 21:52:58
HS-005910,MQL,2026-02-28 04:34:20
HS-005910,New,2026-02-21 23:53:50
HS-005910,SAL,2026-03-04 13:32:55
HS-005910,SQL,2026-03-06 16:51:22
HS-005911,New,2026-02-19 03:51:16
HS-005912,New,2026-02-05 18:43:40
HS-005913,New,2025-11-14 16:50:03
HS-005914,MQL,2025-10-21 23:51:57
HS-005914,New,2025-10-17 05:31:53
HS-005915,New,2025-09-05 07:43:26
HS-005916,MQL,2026-03-02 09:39:44
HS-005916,New,2026-02-26 05:42:28
HS-005916,SAL,2026-03-05 03:41:28
HS-005917,New,2025-10-07 05:56:23
HS-005918,New,2025-10-06 09:34:49
HS-005919,MQL,2025-11-27 08:35:52
HS-005919,New,2025-11-22 18:21:21
HS-005920,New,2026-03-08 05:46:34
HS-005921,MQL,2025-10-01 17:47:45
HS-005921,New,2025-09-29 04:44:20
HS-005921,SAL,2025-10-02 15:47:20
HS-005921,SQL,2025-10-06 18:21:47
HS-005922,MQL,2026-03-01 19:26:19
HS-005922,New,2026-02-25 19:14:40
HS-005923,New,2025-12-03 22:42:40
HS-005924,New,2026-02-02 15:30:23
HS-005925,New,2025-09-14 08:41:30
HS-005926,MQL,2025-09-11 19:39:17
HS-005926,New,2025-09-01 19:12:34
HS-005927,MQL,2026-03-19 18:46:37
HS-005927,New,2026-03-07 19:57:23
HS-005927,SAL,2026-03-23 18:13:51
HS-005928,MQL,2025-10-28 12:55:30
HS-005928,New,2025-10-25 23:44:08
HS-005928,SAL,2025-10-30 20:46:20
HS-005929,New,2026-02-05 19:59:18
HS-005930,New,2025-09-08 07:18:04
HS-005931,New,2025-12-08 03:43:04
HS-005932,MQL,2026-01-21 19:38:08
HS-005932,New,2026-01-10 14:04:26
HS-005932,SAL,2026-01-23 18:25:34
HS-005933,MQL,2026-03-26 09:32:30
HS-005933,New,2026-03-22 11:26:15
HS-005934,MQL,2025-12-25 06:50:38
HS-005934,New,2025-12-22 17:21:57
HS-005935,New,2026-02-05 22:46:38
HS-005936,New,2026-01-19 18:33:01
HS-005937,MQL,2025-12-23 15:22:48
HS-005937,New,2025-12-18 21:45:56
HS-005937,SAL,2025-12-24 06:47:21
HS-005938,MQL,2026-01-04 11:21:28
HS-005938,New,2025-12-27 21:20:34
HS-005938,SAL,2026-01-05 07:01:18
HS-005939,New,2025-09-22 08:58:36
HS-005940,New,2025-10-05 05:05:24
HS-005941,New,2025-09-09 22:18:44
HS-005942,New,2025-10-22 22:29:01
HS-005943,New,2025-11-04 16:26:12
HS-005944,MQL,2026-02-10 03:59:06
HS-005944,New,2026-01-31 06:44:38
HS-005945,MQL,2026-02-28 18:05:16
HS-005945,New,2026-02-18 23:08:17
HS-005946,New,2025-11-21 14:51:25
HS-005947,New,2025-12-09 00:52:07
HS-005948,New,2026-03-19 22:06:25
HS-005949,New,2026-01-31 22:34:18
HS-005950,New,2025-10-12 13:01:38
HS-005951,MQL,2025-08-29 11:34:53
HS-005951,New,2025-08-22 22:51:01
HS-005951,SAL,2025-09-02 06:56:44
HS-005952,New,2025-12-13 11:17:11
HS-005953,New,2026-01-31 15:26:02
HS-005954,MQL,2025-09-08 02:38:28
HS-005954,New,2025-09-03 07:53:55
HS-005955,MQL,2026-02-01 05:02:47
HS-005955,New,2026-01-26 15:20:50
HS-005955,SAL,2026-02-04 04:26:03
HS-005956,MQL,2025-10-20 16:55:56
HS-005956,New,2025-10-12 12:41:38
HS-005956,SAL,2025-10-22 17:53:11
HS-005957,New,2025-11-25 06:54:34
HS-005958,New,2026-01-02 12:07:55
HS-005959,New,2025-09-05 05:10:00
HS-005960,MQL,2026-02-05 00:49:29
HS-005960,New,2026-01-30 19:19:41
HS-005960,Opportunity,2026-03-11 23:27:30
HS-005960,SAL,2026-02-08 02:37:45
HS-005960,SQL,2026-02-21 13:05:06
HS-005961,New,2025-09-06 18:11:47
HS-005962,MQL,2025-12-30 10:55:48
HS-005962,New,2025-12-22 21:47:25
HS-005962,SAL,2026-01-03 05:44:57
HS-005963,New,2026-03-18 01:55:33
HS-005964,New,2026-01-20 23:12:28
HS-005965,New,2026-02-24 04:42:48
HS-005966,New,2025-12-06 06:38:05
HS-005967,New,2025-12-01 21:16:35
HS-005968,New,2025-09-07 19:26:09
HS-005969,MQL,2025-10-15 20:39:20
HS-005969,New,2025-10-03 11:34:43
HS-005969,SAL,2025-10-17 18:27:05
HS-005970,New,2026-03-01 23:39:02
HS-005971,New,2025-09-02 10:47:14
HS-005972,New,2026-02-14 06:08:21
HS-005973,New,2026-01-01 00:38:48
HS-005974,MQL,2025-10-09 22:59:53
HS-005974,New,2025-10-04 23:29:17
HS-005974,SAL,2025-10-12 07:31:25
HS-005975,New,2025-11-10 12:54:30
HS-005976,New,2025-10-02 20:23:23
HS-005977,New,2025-10-12 23:28:13
HS-005978,New,2026-01-04 23:39:40
HS-005979,MQL,2025-10-12 03:41:34
HS-005979,New,2025-09-30 05:37:05
HS-005979,SAL,2025-10-15 23:04:36
HS-005980,MQL,2025-10-14 19:02:46
HS-005980,New,2025-10-09 13:37:02
HS-005980,Opportunity,2025-11-04 03:15:14
HS-005980,SAL,2025-10-17 14:27:09
HS-005980,SQL,2025-10-23 14:48:10
HS-005981,New,2025-10-18 19:41:39
HS-005982,New,2026-01-14 08:01:13
HS-005983,New,2025-09-06 22:03:36
HS-005984,MQL,2026-01-29 19:26:49
HS-005984,New,2026-01-21 07:43:45
HS-005985,MQL,2025-10-03 17:31:33
HS-005985,New,2025-09-22 10:36:20
HS-005986,New,2025-11-18 01:03:14
HS-005987,MQL,2026-02-01 22:42:38
HS-005987,New,2026-01-30 02:42:57
HS-005988,New,2025-10-29 13:48:44
HS-005989,New,2025-10-04 03:35:11
HS-005990,MQL,2025-12-25 06:59:16
HS-005990,New,2025-12-13 04:35:46
HS-005991,MQL,2025-09-26 16:05:35
HS-005991,New,2025-09-20 01:11:29
HS-005992,MQL,2026-02-06 14:35:35
HS-005992,New,2026-01-28 07:01:49
HS-005992,SAL,2026-02-12 12:40:16
HS-005993,MQL,2025-12-25 01:39:03
HS-005993,New,2025-12-21 10:42:07
HS-005993,Opportunity,2026-01-04 08:44:18
HS-005993,SAL,2025-12-27 00:39:08
HS-005993,SQL,2025-12-29 11:54:44
HS-005994,New,2026-01-21 04:14:41
HS-005995,MQL,2025-12-15 00:45:27
HS-005995,New,2025-12-07 02:53:01
HS-005996,MQL,2026-02-22 03:51:26
HS-005996,New,2026-02-18 21:11:46
HS-005996,SAL,2026-02-25 19:29:28
HS-005997,MQL,2025-09-02 18:00:59
HS-005997,New,2025-08-31 01:47:46
HS-005997,SAL,2025-09-04 12:14:45
HS-005998,New,2026-02-14 00:21:50
HS-005999,New,2026-01-06 22:24:01
HS-006000,MQL,2026-01-01 08:49:17
HS-006000,New,2025-12-22 22:52:06
