hs_contact_id,email,account_name_freetext,lifecycle_stage_hs,hs_lead_score,lead_source_hs,segment_raw_hs,country,created_at,is_internal,_synced_at
HS-000001,jennifer831@example.com,"Watson, Anderson and Brown",lead,7,Inbound,SmallBiz,Canada,2026-01-21 14:48:56,false,2026-04-01 06:30:00
HS-000002,jasonklein2@example.com,"Bell, Campbell and Ryan",lead,22,outbound,SmallBiz,Australia,2026-02-20 01:42:21,false,2026-04-01 06:30:00
HS-000003,samantha223@example.com,Byrd-Holloway,marketingqualifiedlead,64,Event,Mid-Market,Germany,2026-03-16 10:06:21,false,2026-04-01 06:30:00
HS-000004,jennifer584@example.com,Torres and Sons,lead,29,outbound,Mid Market,Australia,2025-11-03 02:19:14,false,2026-04-01 06:30:00
HS-000005,qaguilar5@example.com,"Robinson, Jones and Welch",lead,5,Outbound,Small Business,Germany,2025-11-12 15:19:17,false,2026-04-01 06:30:00
HS-000006,icraig6@example.com,Sullivan-Doyle,marketingqualifiedlead,58,Content Download,Mid-Market,Germany,2026-02-09 01:00:14,false,2026-04-01 06:30:00
HS-000007,natalie607@example.com,"Brown, Valdez and Lucas",marketingqualifiedlead,79,Content,smb,Canada,2025-12-13 19:17:29,false,2026-04-01 06:30:00
HS-000008,johnsondustin8@example.com,"Franco, Wiley and Tapia",lead,9,Content Download,smb,Canada,2026-01-05 00:42:13,false,2026-04-01 06:30:00
HS-000009,gonzalezkaren9@example.com,Cook-Hines,marketingqualifiedlead,62,IB,Mid-Market,United States,2026-02-28 22:17:30,false,2026-04-01 06:30:00
HS-000010,tonyavega10@example.com,Adkins LLC,lead,24,Event,smb,Australia,2025-12-19 11:51:49,false,2026-04-01 06:30:00
HS-000011,maryvaughn11@example.com,Baker-Wilson,marketingqualifiedlead,69,IB,MidMarket,United Kingdom,2026-02-03 10:29:53,false,2026-04-01 06:30:00
HS-000012,james8012@example.com,"Fuller, Ingram and Moss",lead,33,Paid,enterprise,Canada,2025-11-18 11:49:37,false,2026-04-01 06:30:00
HS-000013,lisa1913@example.com,Sheppard LLC,marketingqualifiedlead,68,Channel,smb,Canada,2026-03-05 00:31:31,false,2026-04-01 06:30:00
HS-000014,juliahoffman14@example.com,Ballard Ltd,lead,5,Word of Mouth,MM,United States,2025-10-20 16:26:46,false,2026-04-01 06:30:00
HS-000015,williamrobles15@example.com,"Evans, Hernandez and Cannon",lead,27,Paid,SmallBiz,Australia,2026-03-06 13:34:11,false,2026-04-01 06:30:00
HS-000016,heather0616@example.com,Bruce-Villegas,marketingqualifiedlead,40,Cold Outreach,smb,United Kingdom,2026-02-20 20:50:03,false,2026-04-01 06:30:00
HS-000017,ybutler17@example.com,"Howard, Townsend and Hayes",marketingqualifiedlead,66,outbound,smb,United States,2025-11-22 14:07:34,false,2026-04-01 06:30:00
HS-000018,tammy0018@example.com,Parker Ltd,lead,30,Outbound,SMB,United Kingdom,2025-11-26 15:38:12,false,2026-04-01 06:30:00
HS-000019,james7319@example.com,Walker-Jones,marketingqualifiedlead,66,PPC,Mid Market,Germany,2025-09-24 05:17:54,false,2026-04-01 06:30:00
HS-000020,kari8920@example.com,Lewis-Livingston,lead,23,Content,Small Business,United States,2025-10-23 19:54:25,false,2026-04-01 06:30:00
HS-000021,kimberlybrandt21@example.com,Morgan LLC,lead,6,IB,Small Business,Germany,2025-10-15 16:50:07,false,2026-04-01 06:30:00
HS-000022,shane1222@example.com,Spencer-Lee,lead,31,IB,SmallBiz,Australia,2026-01-22 00:54:13,false,2026-04-01 06:30:00
HS-000023,jillwilson23@example.com,Davis Group,lead,11,Inbound,Mid Market,Germany,2025-10-16 08:53:49,false,2026-04-01 06:30:00
HS-000024,pattersonangela24@example.com,Ferrell-Henry,marketingqualifiedlead,79,Content,Enterprise,Germany,2026-01-18 09:23:56,false,2026-04-01 06:30:00
HS-000025,eugenesingleton25@example.com,"Hicks, Bullock and Bailey",lead,37,Outbound,SmallBiz,United Kingdom,2025-10-16 10:34:07,false,2026-04-01 06:30:00
HS-000026,riverajenna26@example.com,Davis Ltd,marketingqualifiedlead,63,Inbound,SmallBiz,United States,2026-01-03 03:56:51,false,2026-04-01 06:30:00
HS-000027,billmcfarland27@example.com,"Clark, Guerrero and Moore",lead,33,Outbound,ENT,Germany,2025-12-26 03:31:30,false,2026-04-01 06:30:00
HS-000028,ayalacolleen28@example.com,Williams Ltd,lead,27,Outbound,enterprise,Germany,2025-09-18 12:43:52,false,2026-04-01 06:30:00
HS-000029,tracy9829@example.com,Donovan-Harris,marketingqualifiedlead,55,inbound,smb,Germany,2025-11-18 12:57:56,false,2026-04-01 06:30:00
HS-000030,charles5830@example.com,"Edwards, Hines and Jimenez",lead,23,Content,Mid Market,United Kingdom,2025-10-21 01:37:43,false,2026-04-01 06:30:00
HS-000031,susanmeyer31@example.com,Young-Martinez,lead,7,Inbound,Mid-Market,Germany,2026-01-08 02:38:03,false,2026-04-01 06:30:00
HS-000032,robertherrera32@example.com,"Flores, Mckenzie and Duncan",marketingqualifiedlead,63,Content,SMB,Germany,2026-02-01 05:21:22,false,2026-04-01 06:30:00
HS-000033,baileynicole33@example.com,"Conner, Li and Santiago",marketingqualifiedlead,59,Content,Small Business,Australia,2025-08-28 19:39:00,false,2026-04-01 06:30:00
HS-000034,mark4334@example.com,Stewart-Bailey,marketingqualifiedlead,88,Referral,smb,Australia,2026-03-05 21:21:28,false,2026-04-01 06:30:00
HS-000035,wbarajas35@example.com,Kim Inc,marketingqualifiedlead,83,Cold Outreach,Mid-Market,Canada,2026-01-24 12:51:11,false,2026-04-01 06:30:00
HS-000036,wilsonmichael36@example.com,Fox-Edwards,lead,11,Cold Outreach,MM,Australia,2026-01-04 11:34:27,false,2026-04-01 06:30:00
HS-000037,rebeccaaustin37@example.com,"Valentine, Joyce and Murray",lead,19,IB,smb,United States,2026-03-26 22:20:36,false,2026-04-01 06:30:00
HS-000038,susanfleming38@example.com,"Johnson, Guzman and Mccall",marketingqualifiedlead,76,IB,smb,Australia,2025-09-19 06:57:30,false,2026-04-01 06:30:00
HS-000039,patrick1639@example.com,Taylor and Sons,lead,29,IB,MM,Australia,2025-09-19 07:16:50,false,2026-04-01 06:30:00
HS-000040,amber4040@example.com,Martin Group,marketingqualifiedlead,62,Content Download,SmallBiz,United States,2025-12-26 15:04:16,false,2026-04-01 06:30:00
HS-000041,willie8741@example.com,"Smith, Buck and Holland",lead,16,inbound,Small Business,United States,2025-11-15 00:11:42,false,2026-04-01 06:30:00
HS-000042,pwilliams42@example.com,Flynn Group,marketingqualifiedlead,77,Referral,Small Business,United Kingdom,2025-10-11 19:46:53,false,2026-04-01 06:30:00
HS-000043,lukemiller43@example.com,Holden Group,marketingqualifiedlead,82,Content,Mid-Market,Germany,2026-02-28 03:17:58,false,2026-04-01 06:30:00
HS-000044,jacksonstephanie44@example.com,Haynes-Moss,marketingqualifiedlead,77,Cold Outreach,ENT,United Kingdom,2025-11-10 11:19:32,false,2026-04-01 06:30:00
HS-000045,simsjason45@example.com,Blackwell LLC,marketingqualifiedlead,88,inbound,MM,Australia,2026-02-10 15:26:05,false,2026-04-01 06:30:00
HS-000046,michellecoleman46@example.com,"Evans, Hayden and Vaughn",marketingqualifiedlead,53,Word of Mouth,smb,United States,2025-10-14 07:06:13,false,2026-04-01 06:30:00
HS-000047,harrismaria47@example.com,Hayes LLC,marketingqualifiedlead,62,Channel,Mid-Market,United Kingdom,2026-01-05 09:18:21,false,2026-04-01 06:30:00
HS-000048,elucas48@example.com,Allen Inc,marketingqualifiedlead,52,inbound,smb,Canada,2025-12-16 01:43:18,false,2026-04-01 06:30:00
HS-000049,andrewlove49@example.com,Dixon Inc,marketingqualifiedlead,59,IB,SMB,Canada,2026-02-22 15:21:41,false,2026-04-01 06:30:00
HS-000050,millerbrian50@example.com,Turner-Stout,marketingqualifiedlead,55,Inbound,SmallBiz,Australia,2025-11-23 06:28:11,false,2026-04-01 06:30:00
HS-000051,angela9351@example.com,"Sullivan, Palmer and Brady",marketingqualifiedlead,79,inbound,smb,Canada,2026-03-08 01:54:34,false,2026-04-01 06:30:00
HS-000052,rickey7652@example.com,Davis and Sons,marketingqualifiedlead,64,Event,SMB,Canada,2025-11-27 08:42:33,false,2026-04-01 06:30:00
HS-000053,ystewart53@example.com,"Rios, Walker and Wright",lead,25,Outbound,Mid-Market,Australia,2025-12-01 01:52:35,false,2026-04-01 06:30:00
HS-000054,nicholsdarlene54@example.com,Gilbert PLC,marketingqualifiedlead,40,Paid Ads,smb,Australia,2025-10-16 15:43:47,false,2026-04-01 06:30:00
HS-000055,avilabrenda55@example.com,"Lynch, Evans and Rodriguez",marketingqualifiedlead,46,Channel,SMB,United States,2025-10-18 16:18:08,false,2026-04-01 06:30:00
HS-000056,howardwesley56@example.com,Wilson-Jimenez,lead,9,outbound,SmallBiz,Australia,2025-12-15 18:35:40,false,2026-04-01 06:30:00
HS-000057,kristin4957@example.com,Miller Inc,marketingqualifiedlead,74,PPC,Mid-Market,United Kingdom,2025-09-05 04:33:16,false,2026-04-01 06:30:00
HS-000058,campbellsara58@example.com,Lam-Elliott,lead,28,Inbound,MidMarket,United Kingdom,2026-01-21 09:49:51,false,2026-04-01 06:30:00
HS-000059,qfoster59@example.com,Gilbert-Bullock,marketingqualifiedlead,88,Inbound,SmallBiz,United States,2025-11-06 13:01:25,false,2026-04-01 06:30:00
HS-000060,wellsamanda60@example.com,Johnston-Odonnell,lead,25,Partner,MM,United Kingdom,2025-11-25 15:42:08,false,2026-04-01 06:30:00
HS-000061,julierobles61@example.com,"Marks, Stone and Watts",marketingqualifiedlead,68,Outbound,smb,Australia,2026-03-20 11:55:51,false,2026-04-01 06:30:00
HS-000062,susan2462@example.com,Smith LLC,lead,11,Content Download,Mid Market,Australia,2025-12-19 15:57:21,false,2026-04-01 06:30:00
HS-000063,susan0863@example.com,Wagner-King,lead,28,Paid,SmallBiz,Australia,2026-03-13 11:28:05,false,2026-04-01 06:30:00
HS-000064,davidsmith64@example.com,Terry-Martinez,marketingqualifiedlead,82,inbound,Strategic,Germany,2025-09-29 04:51:28,false,2026-04-01 06:30:00
HS-000065,fmedina65@example.com,Cox LLC,marketingqualifiedlead,53,Outbound,SmallBiz,Germany,2026-01-04 17:24:23,false,2026-04-01 06:30:00
HS-000066,jason5366@example.com,Young-Martinez,marketingqualifiedlead,79,inbound,MM,Germany,2025-09-21 00:35:07,false,2026-04-01 06:30:00
HS-000067,gwhitehead67@example.com,"Moore, Price and Ward",lead,23,Content Download,MM,Canada,2025-10-13 23:56:48,false,2026-04-01 06:30:00
HS-000068,eugenewalker68@example.com,Anthony-Parker,lead,19,Partner,smb,Australia,2025-10-21 00:45:07,false,2026-04-01 06:30:00
HS-000069,james2969@example.com,Howell and Sons,lead,15,inbound,ENT,United Kingdom,2026-01-05 00:54:32,false,2026-04-01 06:30:00
HS-000070,yorksarah70@arcline.com,Nolan and Sons,marketingqualifiedlead,68,IB,smb,United States,2025-11-18 13:27:07,true,2026-04-01 06:30:00
HS-000071,enewman71@example.com,Rowe Group,lead,32,Inbound,Small Business,Canada,2025-09-24 03:06:35,false,2026-04-01 06:30:00
HS-000072,emily4172@example.com,"Marshall, Dominguez and Welch",lead,37,Event,SmallBiz,United Kingdom,2025-09-02 06:50:28,false,2026-04-01 06:30:00
HS-000073,jessicafreeman73@example.com,Campbell-Clark,marketingqualifiedlead,83,IB,smb,Germany,2025-11-05 07:49:19,false,2026-04-01 06:30:00
HS-000074,michael3174@example.com,Phelps LLC,marketingqualifiedlead,76,Cold Outreach,Small Business,United States,2025-08-21 09:52:09,false,2026-04-01 06:30:00
HS-000075,christine3575@example.com,"Torres, Brown and Williams",marketingqualifiedlead,49,inbound,SmallBiz,United States,2025-12-25 05:05:28,false,2026-04-01 06:30:00
HS-000076,nhayes76@example.com,Martin-Ewing,marketingqualifiedlead,51,Word of Mouth,SmallBiz,United States,2025-09-03 03:22:01,false,2026-04-01 06:30:00
HS-000077,heather2977@example.com,"Ashley, Allen and Sanchez",lead,11,Inbound,smb,Germany,2025-12-11 20:39:16,false,2026-04-01 06:30:00
HS-000078,lindsey6278@example.com,"Brown, Harris and Dougherty",marketingqualifiedlead,84,Word of Mouth,smb,United States,2026-02-11 08:54:05,false,2026-04-01 06:30:00
HS-000079,edwardskristen79@example.com,"Flores, Butler and Hernandez",lead,31,outbound,Small Business,Germany,2025-11-01 04:48:08,false,2026-04-01 06:30:00
HS-000080,xhill80@example.com,Adams-Butler,lead,37,Outbound,MidMarket,United Kingdom,2025-10-25 16:09:45,false,2026-04-01 06:30:00
HS-000081,erinrivera81@example.com,Miller-Wright,marketingqualifiedlead,84,Paid,smb,Canada,2025-09-27 15:29:32,false,2026-04-01 06:30:00
HS-000082,wford82@example.com,Rios-Padilla,marketingqualifiedlead,66,Referral,MidMarket,Australia,2025-12-13 09:18:24,false,2026-04-01 06:30:00
HS-000083,tony1283@example.com,Jackson-Cortez,lead,15,Outbound,Small Business,Canada,2025-09-13 03:27:49,false,2026-04-01 06:30:00
HS-000084,wilkinsonmichele84@example.com,"Smith, Rodriguez and Anderson",lead,26,inbound,Mid Market,United States,2026-03-24 18:19:05,false,2026-04-01 06:30:00
HS-000085,patriciagonzalez85@example.com,"Porter, Schultz and Allen",marketingqualifiedlead,89,Event,MidMarket,United Kingdom,2025-09-06 17:34:48,false,2026-04-01 06:30:00
HS-000086,lunapatricia86@example.com,Martinez Inc,marketingqualifiedlead,71,Cold Outreach,SmallBiz,United States,2025-10-27 19:53:32,false,2026-04-01 06:30:00
HS-000087,hessbeth87@example.com,"Newton, Ortiz and King",marketingqualifiedlead,85,Trade Show,Small Business,Australia,2026-02-16 21:35:09,false,2026-04-01 06:30:00
HS-000088,rebeccaarnold88@example.com,Anderson Group,lead,6,Inbound,MidMarket,Australia,2026-01-03 19:04:07,false,2026-04-01 06:30:00
HS-000089,jvaldez89@example.com,"Acosta, Garcia and Moreno",marketingqualifiedlead,45,Cold Outreach,SmallBiz,Germany,2026-02-28 04:27:22,false,2026-04-01 06:30:00
HS-000090,philip9490@example.com,"Gray, Montoya and Miller",marketingqualifiedlead,52,Event,SmallBiz,Canada,2025-10-29 18:30:08,false,2026-04-01 06:30:00
HS-000091,stevendixon91@example.com,Combs PLC,marketingqualifiedlead,79,Channel,MidMarket,Australia,2025-10-10 21:39:26,false,2026-04-01 06:30:00
HS-000092,acox92@example.com,"Mullen, Brewer and Hernandez",lead,6,inbound,Small Business,Germany,2025-09-04 17:36:31,false,2026-04-01 06:30:00
HS-000092D,acox92@example.com,"Mullen, Brewer and Hernandez",lead,6,inbound,Small Business,Germany,2025-09-04 17:36:31,false,2026-04-01 06:30:00
HS-000093,melaniedrake93@example.com,Anderson-Reyes,lead,34,Cold Outreach,Small Business,Australia,2025-11-15 14:58:28,false,2026-04-01 06:30:00
HS-000094,katherinetaylor94@example.com,Humphrey-Baker,lead,30,Cold Outreach,enterprise,Germany,2025-09-20 01:24:03,false,2026-04-01 06:30:00
HS-000095,haroldfry95@example.com,"Shelton, Peters and Williams",lead,28,Content Download,enterprise,Australia,2025-11-23 14:05:13,false,2026-04-01 06:30:00
HS-000096,jillwebb96@example.com,Garcia and Sons,lead,15,Trade Show,smb,Canada,2025-10-23 11:26:39,false,2026-04-01 06:30:00
HS-000097,billy7397@example.com,Lyons-Bender,marketingqualifiedlead,66,inbound,Small Business,United Kingdom,2026-01-17 01:52:02,false,2026-04-01 06:30:00
HS-000098,bakerjim98@example.com,Smith and Sons,lead,34,IB,enterprise,Canada,2025-09-22 02:56:02,false,2026-04-01 06:30:00
HS-000099,aprilmoody99@example.com,"Mccarthy, Evans and Mendez",marketingqualifiedlead,74,outbound,Small Business,Germany,2025-12-02 12:04:27,false,2026-04-01 06:30:00
HS-000100,dharrison100@example.com,"Watson, Anderson and Brown",lead,16,PPC,Small Business,Canada,2025-09-18 21:42:02,false,2026-04-01 06:30:00
HS-000101,williamsdeborah101@example.com,"Fernandez, Guerrero and Evans",lead,15,Partner,Mid Market,Canada,2026-01-01 09:35:28,false,2026-04-01 06:30:00
HS-000102,padillaadrienne102@example.com,Baker-Wilson,marketingqualifiedlead,62,inbound,MM,United Kingdom,2025-11-25 13:46:53,false,2026-04-01 06:30:00
HS-000103,mary49103@example.com,Wagner LLC,marketingqualifiedlead,69,Trade Show,MidMarket,Australia,2025-12-28 00:10:38,false,2026-04-01 06:30:00
HS-000104,nicholasgray104@example.com,"Terrell, Byrd and Ross",lead,38,Inbound,Small Business,Australia,2025-10-03 19:56:09,false,2026-04-01 06:30:00
HS-000105,blacknicholas105@example.com,"Huang, Cole and Pacheco",lead,38,inbound,MM,Germany,2025-10-08 17:40:36,false,2026-04-01 06:30:00
HS-000106,zacharygomez106@example.com,Owens-Lang,marketingqualifiedlead,71,outbound,Mid Market,Australia,2026-01-11 18:35:01,false,2026-04-01 06:30:00
HS-000107,tommy79107@example.com,Flowers LLC,marketingqualifiedlead,75,inbound,Small Business,Australia,2025-12-27 06:46:12,false,2026-04-01 06:30:00
HS-000108,shawdon108@example.com,"Beard, Peters and Black",lead,27,Partner,Mid Market,United States,2026-03-26 13:32:08,false,2026-04-01 06:30:00
HS-000109,jerryrobertson109@example.com,Barnes PLC,marketingqualifiedlead,59,Channel,enterprise,Canada,2026-01-20 00:27:15,false,2026-04-01 06:30:00
HS-000110,jason22110@example.com,Thompson-Harrell,lead,5,Cold Outreach,smb,Germany,2026-03-03 13:48:39,false,2026-04-01 06:30:00
HS-000111,carolyn13111@example.com,Gray Group,lead,17,Paid,SmallBiz,Canada,2026-01-16 23:11:24,false,2026-04-01 06:30:00
HS-000112,ushepherd112@example.com,Levy-May,lead,34,IB,smb,United Kingdom,2026-02-16 21:06:33,false,2026-04-01 06:30:00
HS-000113,olsontimothy113@example.com,Baxter Inc,lead,34,inbound,smb,United Kingdom,2025-12-25 11:54:39,false,2026-04-01 06:30:00
HS-000114,brittanyholland114@example.com,"Davis, Rodriguez and Andrews",marketingqualifiedlead,59,Event,SMB,Canada,2025-11-12 23:51:44,false,2026-04-01 06:30:00
HS-000115,cjohnson115@example.com,Vargas-Snyder,lead,27,Inbound,smb,United States,2026-01-24 07:19:12,false,2026-04-01 06:30:00
HS-000116,ashleymartin116@example.com,"Bartlett, Brown and Martinez",marketingqualifiedlead,50,outbound,Small Business,United Kingdom,2025-09-03 15:09:09,false,2026-04-01 06:30:00
HS-000117,macdonalddylan117@example.com,Smith LLC,marketingqualifiedlead,74,Cold Outreach,smb,Germany,2025-11-20 05:23:12,false,2026-04-01 06:30:00
HS-000118,jonathanwhite118@example.com,Miller-Montgomery,marketingqualifiedlead,74,inbound,SMB,United States,2025-12-07 03:11:15,false,2026-04-01 06:30:00
HS-000119,kgreene119@example.com,"Gutierrez, Avila and Perez",lead,36,outbound,SmallBiz,Canada,2025-12-07 06:32:35,false,2026-04-01 06:30:00
HS-000120,johnsjessica120@example.com,Navarro-Munoz,marketingqualifiedlead,64,Paid,Small Business,Germany,2025-09-29 11:53:43,false,2026-04-01 06:30:00
HS-000121,stacey37121@example.com,Hardy-Hansen,marketingqualifiedlead,76,IB,Mid-Market,Canada,2025-12-01 21:36:52,false,2026-04-01 06:30:00
HS-000122,kdillon122@example.com,"Mueller, Knight and Hodge",marketingqualifiedlead,81,Content,smb,United Kingdom,2026-01-29 08:02:17,false,2026-04-01 06:30:00
HS-000123,mariaburke123@example.com,King-Martinez,lead,37,Content Download,MidMarket,Canada,2025-10-29 20:09:06,false,2026-04-01 06:30:00
HS-000124,cindydixon124@example.com,"Hicks, Bullock and Bailey",marketingqualifiedlead,78,Word of Mouth,smb,United Kingdom,2025-09-24 01:42:09,false,2026-04-01 06:30:00
HS-000125,jennifercooper125@example.com,May-Ross,lead,21,Outbound,SmallBiz,Germany,2025-12-08 04:03:09,false,2026-04-01 06:30:00
HS-000126,ecarlson126@example.com,Mccann-Ramos,marketingqualifiedlead,67,Partner,Strategic,United States,2025-11-16 13:05:18,false,2026-04-01 06:30:00
HS-000127,nicholasanderson127@example.com,"Vang, Stanley and Valdez",lead,38,Outbound,SmallBiz,United Kingdom,2026-01-13 21:57:25,false,2026-04-01 06:30:00
HS-000128,harrismichele128@example.com,"Hall, Hansen and Barnett",marketingqualifiedlead,58,Trade Show,smb,Australia,2026-01-07 17:23:31,false,2026-04-01 06:30:00
HS-000129,mserrano129@example.com,"Jones, Compton and Day",marketingqualifiedlead,55,Content,smb,Canada,2025-10-05 09:17:03,false,2026-04-01 06:30:00
HS-000130,thompsonrachel130@example.com,"Patton, Parsons and Lane",marketingqualifiedlead,81,inbound,Small Business,United States,2025-11-12 04:08:17,false,2026-04-01 06:30:00
HS-000131,richamanda131@example.com,"Wilson, Pena and Rich",marketingqualifiedlead,66,Inbound,Mid Market,Germany,2025-10-10 19:50:24,false,2026-04-01 06:30:00
HS-000132,davisdonna132@example.com,Walker PLC,lead,12,Partner,SMB,United Kingdom,2026-02-27 20:19:47,false,2026-04-01 06:30:00
HS-000133,princekimberly133@example.com,"Miller, Ramos and Coleman",lead,8,Trade Show,MM,United Kingdom,2025-12-09 14:24:18,false,2026-04-01 06:30:00
HS-000134,xboyd134@example.com,Moore-Bass,marketingqualifiedlead,80,Paid Ads,SmallBiz,Australia,2026-02-24 03:35:09,false,2026-04-01 06:30:00
HS-000135,wolferoy135@example.com,Ellis-Lawrence,lead,13,Trade Show,SMB,United States,2026-03-11 18:38:47,false,2026-04-01 06:30:00
HS-000136,yclarke136@example.com,Anthony-Parker,marketingqualifiedlead,59,Paid,Small Business,Australia,2025-08-30 11:57:26,false,2026-04-01 06:30:00
HS-000137,brianna91137@example.com,Suarez LLC,lead,32,Content Download,SMB,Australia,2025-12-31 09:35:26,false,2026-04-01 06:30:00
HS-000138,eanderson138@example.com,Brown-Wall,marketingqualifiedlead,51,Referral,smb,Australia,2025-10-22 01:32:48,false,2026-04-01 06:30:00
HS-000139,reneemiller139@example.com,Mckinney-Wallace,marketingqualifiedlead,72,Paid,smb,Germany,2025-09-01 23:46:25,false,2026-04-01 06:30:00
HS-000140,ascott140@example.com,"Hernandez, Lee and Fox",lead,9,IB,Small Business,United States,2025-09-24 01:18:37,false,2026-04-01 06:30:00
HS-000141,lanedavid141@example.com,Smith-Noble,marketingqualifiedlead,88,Content,SmallBiz,Canada,2025-12-26 15:39:11,false,2026-04-01 06:30:00
HS-000142,brooksjamie142@example.com,Davis Ltd,marketingqualifiedlead,86,IB,smb,United States,2026-01-11 15:24:48,false,2026-04-01 06:30:00
HS-000143,robert12143@example.com,Rowe Group,marketingqualifiedlead,66,Paid,smb,Canada,2025-10-06 11:25:17,false,2026-04-01 06:30:00
HS-000144,qpearson144@example.com,Lopez-Williams,marketingqualifiedlead,71,Inbound,Small Business,Australia,2025-11-22 14:05:37,false,2026-04-01 06:30:00
HS-000145,melissa69145@example.com,Guerrero Inc,marketingqualifiedlead,53,IB,SMB,United States,2026-02-13 18:37:23,false,2026-04-01 06:30:00
HS-000146,cheryl63146@example.com,White-Medina,marketingqualifiedlead,83,Event,enterprise,Australia,2025-11-15 04:37:24,false,2026-04-01 06:30:00
HS-000147,jarnold147@example.com,Gross-Valencia,marketingqualifiedlead,55,Cold Outreach,SmallBiz,Canada,2026-02-27 09:34:43,false,2026-04-01 06:30:00
HS-000148,jwhite148@example.com,"Chan, Lewis and Walker",marketingqualifiedlead,73,Outbound,MM,Australia,2025-10-22 16:10:15,false,2026-04-01 06:30:00
HS-000149,tking149@example.com,"Anderson, Dalton and Wilson",marketingqualifiedlead,65,inbound,SmallBiz,Germany,2026-02-20 21:20:25,false,2026-04-01 06:30:00
HS-000150,kim62150@example.com,"Wood, Hunter and Peterson",lead,21,Paid Ads,SMB,Australia,2025-12-24 12:10:20,false,2026-04-01 06:30:00
HS-000151,adkinssean151@example.com,Hughes Inc,lead,5,outbound,smb,Canada,2025-10-10 08:20:27,false,2026-04-01 06:30:00
HS-000152,craigromero152@example.com,"Rodriguez, Allen and Martinez",marketingqualifiedlead,60,Paid,Small Business,Germany,2026-02-25 03:37:23,false,2026-04-01 06:30:00
HS-000153,lauren90153@example.com,Hill Inc,lead,18,Event,SmallBiz,Canada,2025-11-13 18:44:37,false,2026-04-01 06:30:00
HS-000154,paulfields154@example.com,"Duran, Obrien and Gibbs",marketingqualifiedlead,81,Content,Small Business,Canada,2025-12-06 06:35:21,false,2026-04-01 06:30:00
HS-000155,morrowthomas155@example.com,Ray PLC,marketingqualifiedlead,80,Partner,Mid-Market,United Kingdom,2025-12-05 02:28:56,false,2026-04-01 06:30:00
HS-000156,qdavis156@example.com,"Ferrell, Jones and Lewis",lead,9,Channel,ENT,United Kingdom,2026-01-27 03:27:27,false,2026-04-01 06:30:00
HS-000157,nathanlynch157@example.com,"Bernard, Warren and Combs",marketingqualifiedlead,63,Cold Outreach,Small Business,Australia,2025-09-02 01:47:23,false,2026-04-01 06:30:00
HS-000158,zarias158@example.com,Schultz Inc,lead,8,IB,Mid Market,United Kingdom,2025-09-14 06:28:52,false,2026-04-01 06:30:00
HS-000159,jennifer90159@arcline.com,"Sparks, Jackson and Miller",marketingqualifiedlead,46,Inbound,smb,Australia,2026-02-27 21:05:37,true,2026-04-01 06:30:00
HS-000160,daniellegonzales160@example.com,Morrison-Short,lead,33,Content Download,Mid Market,Germany,2026-01-19 15:41:11,false,2026-04-01 06:30:00
HS-000161,melissagalvan161@example.com,Salas-Fitzgerald,marketingqualifiedlead,60,outbound,SMB,Germany,2025-11-04 08:53:57,false,2026-04-01 06:30:00
HS-000162,james98162@example.com,Curry-Barker,marketingqualifiedlead,79,inbound,ENT,Germany,2025-10-10 13:39:00,false,2026-04-01 06:30:00
HS-000163,christinacraig163@example.com,"Sanders, Leblanc and Maldonado",lead,24,Trade Show,SMB,Australia,2026-03-24 12:37:20,false,2026-04-01 06:30:00
HS-000164,john02164@example.com,"Miller, Hernandez and Reyes",lead,30,Cold Outreach,SmallBiz,United Kingdom,2025-10-07 13:04:12,false,2026-04-01 06:30:00
HS-000165,sheakimberly165@example.com,Blake Group,lead,14,Trade Show,smb,Australia,2025-12-30 13:40:20,false,2026-04-01 06:30:00
HS-000166,elizabeth69166@example.com,"Evans, Jackson and Sandoval",lead,36,Paid,SmallBiz,Australia,2026-02-24 21:12:38,false,2026-04-01 06:30:00
HS-000167,aprilmclaughlin167@example.com,Herman-Walker,marketingqualifiedlead,90,Outbound,Small Business,Canada,2026-02-27 03:42:35,false,2026-04-01 06:30:00
HS-000168,calhounandrea168@example.com,"Ellison, Arias and Thompson",marketingqualifiedlead,59,Channel,Small Business,Australia,2025-12-18 02:32:58,false,2026-04-01 06:30:00
HS-000169,michael43169@example.com,Reid-Poole,lead,39,outbound,ENT,United States,2026-03-26 17:50:14,false,2026-04-01 06:30:00
HS-000170,shawnpowell170@example.com,"Robinson, Jones and Welch",lead,23,inbound,SmallBiz,Germany,2025-11-19 11:57:19,false,2026-04-01 06:30:00
HS-000171,greenrichard171@example.com,Mcdonald-Bird,lead,38,inbound,Mid Market,United Kingdom,2025-10-31 00:18:57,false,2026-04-01 06:30:00
HS-000172,hansenwesley172@example.com,"Flores, Mckenzie and Duncan",lead,23,IB,SmallBiz,Germany,2025-11-09 05:36:53,false,2026-04-01 06:30:00
HS-000173,stacey84173@example.com,Mendez PLC,lead,16,Inbound,smb,Germany,2025-10-04 09:03:50,false,2026-04-01 06:30:00
HS-000174,heather69174@example.com,"Martinez, Cline and Wright",marketingqualifiedlead,58,Content Download,smb,United States,2025-11-05 09:42:34,false,2026-04-01 06:30:00
HS-000175,wcarrillo175@example.com,"Lawson, Morris and Ramos",lead,31,Word of Mouth,smb,United States,2025-10-01 03:01:35,false,2026-04-01 06:30:00
HS-000176,susan77176@example.com,Lam-Elliott,lead,22,Partner,MM,United Kingdom,2025-11-28 01:47:37,false,2026-04-01 06:30:00
HS-000177,olsonjonathan177@example.com,Davis-Stephens,marketingqualifiedlead,89,inbound,MidMarket,Australia,2026-02-25 17:14:56,false,2026-04-01 06:30:00
HS-000178,oschultz178@example.com,"Morris, Wright and Bridges",lead,9,outbound,smb,Australia,2026-01-08 18:22:13,false,2026-04-01 06:30:00
HS-000179,laurengutierrez179@example.com,"Johnston, Sanchez and Kennedy",marketingqualifiedlead,43,Content Download,Strategic,Australia,2025-11-14 20:10:07,false,2026-04-01 06:30:00
HS-000180,zachary04180@example.com,Campbell Inc,marketingqualifiedlead,58,Inbound,MM,Canada,2025-11-23 00:36:21,false,2026-04-01 06:30:00
HS-000181,justinross181@example.com,Davis-Lozano,marketingqualifiedlead,75,Referral,Small Business,Canada,2026-02-21 10:15:03,false,2026-04-01 06:30:00
HS-000182,charles27182@example.com,"Shaffer, Garcia and Richardson",marketingqualifiedlead,64,IB,SmallBiz,United Kingdom,2025-12-21 20:04:45,false,2026-04-01 06:30:00
HS-000183,michael94183@example.com,Osborn-Cochran,marketingqualifiedlead,56,Event,Mid Market,Canada,2026-01-22 16:38:39,false,2026-04-01 06:30:00
HS-000184,staceyvega184@example.com,Miller-Colon,lead,31,inbound,MM,United States,2026-03-11 13:20:59,false,2026-04-01 06:30:00
HS-000185,victorgonzalez185@example.com,"Wheeler, Rice and Levine",marketingqualifiedlead,85,outbound,Small Business,Canada,2026-02-17 23:27:35,false,2026-04-01 06:30:00
HS-000186,moniqueclark186@example.com,Thompson-Harrell,lead,27,IB,SmallBiz,Germany,2026-03-10 07:18:21,false,2026-04-01 06:30:00
HS-000187,maryhuff187@example.com,"Morris, Campbell and Owens",marketingqualifiedlead,56,Inbound,SMB,Canada,2025-12-26 21:20:23,false,2026-04-01 06:30:00
HS-000188,eric11188@example.com,Ballard Ltd,marketingqualifiedlead,82,Inbound,MidMarket,United States,2026-02-16 19:35:23,false,2026-04-01 06:30:00
HS-000189,loweelizabeth189@example.com,Cannon Ltd,lead,6,Event,smb,Australia,2025-12-10 23:50:27,false,2026-04-01 06:30:00
HS-000190,duranamber190@example.com,Waller-Chavez,marketingqualifiedlead,83,outbound,Mid-Market,Australia,2025-10-17 19:31:24,false,2026-04-01 06:30:00
HS-000191,charlesnathan191@example.com,Wallace-Martinez,lead,5,Content Download,ENT,Australia,2026-03-05 15:05:10,false,2026-04-01 06:30:00
HS-000192,travis94192@example.com,Torres-Pope,lead,23,Content,Mid-Market,Germany,2025-11-17 22:45:52,false,2026-04-01 06:30:00
HS-000193,wwhite193@example.com,Armstrong-Young,lead,6,Content,MM,United States,2026-02-04 06:17:42,false,2026-04-01 06:30:00
HS-000194,raymond92194@example.com,Garner-Thornton,marketingqualifiedlead,68,Cold Outreach,MidMarket,United Kingdom,2025-11-30 11:10:36,false,2026-04-01 06:30:00
HS-000195,foxrodney195@example.com,"Stark, Schroeder and Mathis",lead,37,Event,ENT,Australia,2025-09-23 19:33:39,false,2026-04-01 06:30:00
HS-000196,shawphillip196@example.com,Blackwell LLC,lead,26,PPC,MM,Australia,2025-09-28 07:50:29,false,2026-04-01 06:30:00
HS-000197,stephenmartinez197@example.com,Powell LLC,marketingqualifiedlead,73,Outbound,SmallBiz,United Kingdom,2025-12-03 16:36:55,false,2026-04-01 06:30:00
HS-000198,astewart198@example.com,Mendoza Group,marketingqualifiedlead,69,inbound,Small Business,United Kingdom,2026-03-14 17:02:30,false,2026-04-01 06:30:00
HS-000199,craignicolas199@arcline.com,Frank-Bradley,lead,7,outbound,smb,United Kingdom,2026-02-28 05:52:30,true,2026-04-01 06:30:00
HS-000200,nguyenchloe200@example.com,Wallace-Martinez,lead,27,Content,Enterprise,Australia,2025-09-25 01:10:33,false,2026-04-01 06:30:00
HS-000201,jacob43201@example.com,Velasquez Group,lead,28,IB,enterprise,Germany,2025-09-04 19:49:25,false,2026-04-01 06:30:00
HS-000202,thomas95202@example.com,"Ramsey, Mason and Mccann",marketingqualifiedlead,65,Content Download,SMB,Australia,2025-09-04 01:10:01,false,2026-04-01 06:30:00
HS-000203,ivan63203@example.com,Gonzales-Harrison,lead,30,Outbound,Mid-Market,United Kingdom,2025-09-13 13:36:41,false,2026-04-01 06:30:00
HS-000204,xhaynes204@example.com,"Brown, Hurst and Blevins",marketingqualifiedlead,64,Outbound,Mid-Market,United States,2026-01-29 14:42:37,false,2026-04-01 06:30:00
HS-000205,melissa47205@example.com,"Nguyen, Smith and Hickman",marketingqualifiedlead,53,IB,smb,Canada,2026-03-06 14:19:43,false,2026-04-01 06:30:00
HS-000206,ashleykrause206@example.com,"Tran, Jordan and Williams",lead,36,inbound,MM,Canada,2025-12-26 06:26:23,false,2026-04-01 06:30:00
HS-000207,lisale207@example.com,"Osborn, Gaines and Davis",marketingqualifiedlead,89,outbound,smb,United States,2025-12-22 07:22:09,false,2026-04-01 06:30:00
HS-000208,angelachase208@example.com,Roberts-Sullivan,lead,16,Outbound,Small Business,Germany,2025-10-09 04:20:38,false,2026-04-01 06:30:00
HS-000209,dustinhaley209@example.com,"Thomas, Murray and King",marketingqualifiedlead,58,Trade Show,Small Business,Canada,2025-11-19 19:13:08,false,2026-04-01 06:30:00
HS-000210,thomassmith210@example.com,Robles-Swanson,lead,37,PPC,MidMarket,Australia,2025-10-27 09:11:15,false,2026-04-01 06:30:00
HS-000211,oporter211@example.com,"Perez, Hayes and Lloyd",lead,6,Cold Outreach,SMB,Germany,2025-12-03 00:04:20,false,2026-04-01 06:30:00
HS-000212,kristen44212@example.com,"Miller, Davis and Anderson",marketingqualifiedlead,87,Cold Outreach,SmallBiz,Canada,2025-10-10 05:33:43,false,2026-04-01 06:30:00
HS-000213,rosshannah213@example.com,"Robinson, Huang and Osborne",lead,39,outbound,Small Business,Australia,2025-11-16 21:55:08,false,2026-04-01 06:30:00
HS-000214,lewisjonathan214@example.com,Ruiz Ltd,marketingqualifiedlead,43,Inbound,MM,United States,2026-03-09 07:18:00,false,2026-04-01 06:30:00
HS-000215,colematthew215@example.com,Parker Ltd,marketingqualifiedlead,42,Inbound,Mid Market,United Kingdom,2025-08-24 11:55:15,false,2026-04-01 06:30:00
HS-000216,michael84216@example.com,"Durham, Hopkins and Smith",marketingqualifiedlead,51,IB,Small Business,United Kingdom,2026-02-07 17:39:51,false,2026-04-01 06:30:00
HS-000217,andrew15217@example.com,"Smith, Montoya and Evans",lead,9,Content,smb,Canada,2026-02-11 23:52:08,false,2026-04-01 06:30:00
HS-000218,barbarasantos218@example.com,"Wilson, Sweeney and Wong",marketingqualifiedlead,78,inbound,smb,Germany,2025-10-20 14:34:23,false,2026-04-01 06:30:00
HS-000219,tiffanymitchell219@example.com,Allen Inc,lead,30,outbound,SmallBiz,Canada,2026-03-04 06:45:52,false,2026-04-01 06:30:00
HS-000220,emily77220@example.com,"Gutierrez, Avila and Perez",lead,11,Content Download,Small Business,Canada,2025-10-31 04:07:30,false,2026-04-01 06:30:00
HS-000221,jamesjustin221@example.com,Bennett Group,lead,9,IB,SMB,Canada,2025-10-07 00:08:34,false,2026-04-01 06:30:00
HS-000222,mirandadavidson222@example.com,"Walters, Davenport and Becker",lead,13,Content,Small Business,Australia,2025-09-29 11:21:19,false,2026-04-01 06:30:00
HS-000223,robert99223@example.com,Sullivan-Doyle,marketingqualifiedlead,65,Content,MidMarket,Germany,2026-02-22 10:08:19,false,2026-04-01 06:30:00
HS-000224,esweeney224@example.com,Kerr-Evans,marketingqualifiedlead,70,PPC,Small Business,United States,2025-09-10 08:53:40,false,2026-04-01 06:30:00
HS-000225,martinjeremy225@example.com,Mason Ltd,marketingqualifiedlead,84,Word of Mouth,Strategic,Australia,2026-02-01 05:35:47,false,2026-04-01 06:30:00
HS-000226,denise49226@example.com,Nolan and Sons,lead,19,Word of Mouth,SMB,United States,2025-12-28 00:24:11,false,2026-04-01 06:30:00
HS-000227,cnelson227@example.com,"Sparks, Jackson and Miller",lead,16,Inbound,Small Business,Australia,2025-11-02 16:09:41,false,2026-04-01 06:30:00
HS-000228,julie87228@example.com,"Griffin, Davies and Mitchell",lead,10,Word of Mouth,MM,Germany,2026-01-03 20:33:29,false,2026-04-01 06:30:00
HS-000229,bjackson229@example.com,Morgan-Schwartz,marketingqualifiedlead,84,IB,SmallBiz,United States,2025-12-25 22:27:16,false,2026-04-01 06:30:00
HS-000230,jessicastanley230@example.com,Williams-Berg,lead,13,Event,SMB,United Kingdom,2025-10-03 23:13:01,false,2026-04-01 06:30:00
HS-000231,clarkrandy231@example.com,Petersen PLC,marketingqualifiedlead,80,Cold Outreach,SMB,Germany,2025-10-06 18:37:44,false,2026-04-01 06:30:00
HS-000232,brownnatasha232@example.com,"Yang, Wilson and Zimmerman",lead,5,Event,SmallBiz,Germany,2025-12-15 07:47:12,false,2026-04-01 06:30:00
HS-000233,johnsonrandy233@example.com,Perez Ltd,lead,38,Outbound,Small Business,Canada,2025-11-23 19:06:50,false,2026-04-01 06:30:00
HS-000234,garciachristine234@example.com,"Obrien, Taylor and Rivas",lead,19,PPC,MidMarket,Canada,2025-09-14 23:19:41,false,2026-04-01 06:30:00
HS-000235,penanicole235@example.com,"Pugh, Henderson and Moon",marketingqualifiedlead,86,Content Download,SMB,United Kingdom,2025-12-27 14:07:21,false,2026-04-01 06:30:00
HS-000236,jerome47236@example.com,Rivera LLC,marketingqualifiedlead,62,Inbound,SMB,United Kingdom,2025-11-07 02:33:52,false,2026-04-01 06:30:00
HS-000237,davidroberson237@example.com,"Martinez, Cline and Wright",lead,31,IB,Small Business,United States,2026-03-08 12:02:41,false,2026-04-01 06:30:00
HS-000238,johnsonmichael238@example.com,Gutierrez-Hawkins,lead,28,outbound,enterprise,United States,2025-10-10 22:50:49,false,2026-04-01 06:30:00
HS-000239,michelle78239@example.com,"Suarez, Shields and Hill",lead,39,Word of Mouth,smb,United States,2025-10-25 16:19:04,false,2026-04-01 06:30:00
HS-000240,amy28240@example.com,Ruiz-Jacobson,marketingqualifiedlead,84,inbound,Mid Market,Canada,2026-01-19 09:52:57,false,2026-04-01 06:30:00
HS-000241,brittanybryant241@example.com,"Robinson, Shields and Brown",lead,8,Partner,SmallBiz,Canada,2025-09-02 15:05:45,false,2026-04-01 06:30:00
HS-000242,omills242@example.com,Nelson-Cruz,marketingqualifiedlead,70,Outbound,ENT,Germany,2026-03-01 14:14:40,false,2026-04-01 06:30:00
HS-000243,regina78243@example.com,Paul-Kline,marketingqualifiedlead,85,Word of Mouth,MidMarket,Canada,2026-03-03 12:04:06,false,2026-04-01 06:30:00
HS-000244,lindaramos244@example.com,Powell-Sanford,marketingqualifiedlead,52,outbound,smb,United Kingdom,2025-09-17 04:40:13,false,2026-04-01 06:30:00
HS-000244D,lindaramos244@example.com,Powell-Sanford,marketingqualifiedlead,52,outbound,smb,United Kingdom,2025-09-17 04:40:13,false,2026-04-01 06:30:00
HS-000245,robert24245@example.com,Mendoza Group,lead,20,Channel,SmallBiz,United Kingdom,2026-02-09 23:45:10,false,2026-04-01 06:30:00
HS-000246,smithlisa246@example.com,Harvey-Allen,marketingqualifiedlead,65,IB,Mid-Market,Canada,2025-12-26 13:26:07,false,2026-04-01 06:30:00
HS-000247,mauriceharrison247@example.com,Todd-Pham,lead,30,Inbound,SmallBiz,Australia,2025-09-11 16:59:26,false,2026-04-01 06:30:00
HS-000248,wattstravis248@example.com,Conner and Sons,marketingqualifiedlead,86,IB,smb,United States,2026-01-22 07:10:24,false,2026-04-01 06:30:00
HS-000249,xevans249@example.com,Marshall-Peterson,lead,8,outbound,Mid Market,Canada,2025-10-27 08:07:15,false,2026-04-01 06:30:00
HS-000250,myates250@example.com,Miller Inc,marketingqualifiedlead,79,Outbound,SmallBiz,Germany,2026-01-20 23:58:41,false,2026-04-01 06:30:00
HS-000251,laurakelley251@example.com,Gonzales Inc,marketingqualifiedlead,87,Content Download,SmallBiz,United Kingdom,2025-10-23 06:31:51,false,2026-04-01 06:30:00
HS-000252,robertcastro252@example.com,"Mcpherson, Anderson and Knapp",marketingqualifiedlead,68,Word of Mouth,Small Business,Canada,2025-12-29 04:56:23,false,2026-04-01 06:30:00
HS-000253,twright253@example.com,"Daniels, Vance and York",marketingqualifiedlead,74,outbound,SMB,Australia,2026-01-16 17:09:14,false,2026-04-01 06:30:00
HS-000254,oclayton254@example.com,Wagner LLC,lead,5,Content,MidMarket,Australia,2026-02-26 00:25:25,false,2026-04-01 06:30:00
HS-000255,christian38255@example.com,"Kennedy, Johnson and Lucas",marketingqualifiedlead,61,Paid,SmallBiz,Canada,2025-09-06 01:53:35,false,2026-04-01 06:30:00
HS-000256,justin84256@example.com,Smith-Lewis,lead,5,inbound,Mid Market,Canada,2025-11-16 13:13:45,false,2026-04-01 06:30:00
HS-000257,elopez257@example.com,Flowers LLC,lead,5,Cold Outreach,Small Business,Australia,2025-12-15 15:12:17,false,2026-04-01 06:30:00
HS-000258,derrickrodriguez258@example.com,Davis Group,lead,27,Trade Show,MidMarket,Germany,2026-01-05 05:07:28,false,2026-04-01 06:30:00
HS-000259,rwilliamson259@example.com,"Harris, Collins and Carney",lead,36,Word of Mouth,Small Business,Australia,2025-11-12 03:23:54,false,2026-04-01 06:30:00
HS-000260,blopez260@example.com,"Davis, Alexander and Mcintyre",lead,13,IB,Mid Market,Germany,2025-12-02 02:03:06,false,2026-04-01 06:30:00
HS-000261,brandonnichols261@example.com,Barnes PLC,lead,30,Cold Outreach,enterprise,Canada,2026-01-25 11:58:49,false,2026-04-01 06:30:00
HS-000262,teresacampbell262@example.com,Webster Inc,marketingqualifiedlead,55,Paid,SmallBiz,United States,2025-12-06 09:57:40,false,2026-04-01 06:30:00
HS-000263,jenniferacosta263@example.com,"Price, Carlson and Andrews",lead,10,inbound,MidMarket,Germany,2026-03-03 03:21:48,false,2026-04-01 06:30:00
HS-000264,christophersmith264@example.com,Garner-Thornton,marketingqualifiedlead,83,Partner,Mid-Market,United Kingdom,2025-12-21 10:30:37,false,2026-04-01 06:30:00
HS-000265,matthewcollins265@example.com,"Scott, Mendoza and Harris",marketingqualifiedlead,89,inbound,smb,United Kingdom,2026-03-18 01:41:58,false,2026-04-01 06:30:00
HS-000266,dbolton266@example.com,Bates LLC,marketingqualifiedlead,84,Outbound,smb,Germany,2025-10-09 19:45:51,false,2026-04-01 06:30:00
HS-000267,riveramegan267@example.com,Goodwin PLC,lead,17,Inbound,Enterprise,Canada,2025-11-13 18:21:49,false,2026-04-01 06:30:00
HS-000268,brianrowe268@example.com,"Barry, Taylor and Velazquez",lead,6,Inbound,Mid-Market,Canada,2025-10-06 03:25:13,false,2026-04-01 06:30:00
HS-000269,danielshunter269@example.com,Ortiz Ltd,marketingqualifiedlead,55,Inbound,smb,United Kingdom,2025-12-12 06:57:02,false,2026-04-01 06:30:00
HS-000270,lisa01270@example.com,Hancock Inc,lead,28,Paid,Small Business,United States,2025-12-14 00:21:35,false,2026-04-01 06:30:00
HS-000271,paulproctor271@example.com,Hernandez Group,lead,5,outbound,Small Business,Australia,2025-11-25 07:42:45,false,2026-04-01 06:30:00
HS-000272,joanjohnson272@example.com,Green-Ewing,lead,16,Event,SMB,United States,2025-11-27 08:03:47,false,2026-04-01 06:30:00
HS-000273,gmoss273@example.com,Young Ltd,marketingqualifiedlead,61,Content,Small Business,Australia,2026-02-12 02:53:52,false,2026-04-01 06:30:00
HS-000274,thomasmaldonado274@example.com,Wright and Sons,marketingqualifiedlead,89,Content,Mid-Market,United Kingdom,2025-12-11 13:52:51,false,2026-04-01 06:30:00
HS-000275,sharon20275@example.com,Chung-Stevens,marketingqualifiedlead,57,inbound,SmallBiz,United States,2025-09-28 01:07:48,false,2026-04-01 06:30:00
HS-000276,kingdanielle276@example.com,Peck-Anderson,lead,30,Cold Outreach,Mid Market,Canada,2026-02-06 21:09:52,false,2026-04-01 06:30:00
HS-000277,michaelwilliams277@example.com,"Alvarez, Joseph and West",marketingqualifiedlead,64,inbound,Enterprise,United Kingdom,2025-12-15 12:10:08,false,2026-04-01 06:30:00
HS-000278,teresayoung278@example.com,Goodwin Ltd,lead,14,Paid,smb,Canada,2026-01-03 19:14:28,false,2026-04-01 06:30:00
HS-000279,knguyen279@example.com,Moore-Collins,marketingqualifiedlead,58,Word of Mouth,SmallBiz,Australia,2025-10-31 14:17:49,false,2026-04-01 06:30:00
HS-000280,brenda63280@example.com,"Bradford, Salinas and Kelly",lead,22,Paid,SMB,Germany,2025-11-12 09:16:45,false,2026-04-01 06:30:00
HS-000281,novakbianca281@example.com,Gomez and Sons,marketingqualifiedlead,73,Event,MidMarket,Germany,2025-10-16 05:43:21,false,2026-04-01 06:30:00
HS-000282,jbarker282@example.com,Smith-Grimes,lead,11,Cold Outreach,SmallBiz,United States,2025-10-26 16:36:37,false,2026-04-01 06:30:00
HS-000283,kelli32283@example.com,Wright PLC,marketingqualifiedlead,75,Cold Outreach,MM,United States,2026-02-24 12:28:34,false,2026-04-01 06:30:00
HS-000284,ndavis284@example.com,Knox-Powers,marketingqualifiedlead,62,Cold Outreach,SMB,Australia,2025-10-15 07:07:53,false,2026-04-01 06:30:00
HS-000285,sarah00285@example.com,Sheppard LLC,marketingqualifiedlead,87,Outbound,SmallBiz,Canada,2026-01-17 11:16:58,false,2026-04-01 06:30:00
HS-000286,deanna81286@example.com,Solis-West,marketingqualifiedlead,43,IB,SmallBiz,United States,2025-09-19 11:26:32,false,2026-04-01 06:30:00
HS-000287,tonystewart287@example.com,Mccall-Prince,marketingqualifiedlead,85,outbound,Small Business,Germany,2025-08-25 03:49:13,false,2026-04-01 06:30:00
HS-000288,linda73288@example.com,Osborn-Cochran,lead,33,Outbound,MM,Canada,2026-03-29 11:41:29,false,2026-04-01 06:30:00
HS-000289,norrismichael289@example.com,Hernandez-Jones,lead,17,inbound,ENT,Germany,2026-03-04 18:15:22,false,2026-04-01 06:30:00
HS-000290,johnwilliams290@example.com,Kelly Group,marketingqualifiedlead,69,inbound,SMB,Germany,2025-10-16 02:14:47,false,2026-04-01 06:30:00
HS-000291,ihansen291@example.com,"Barnes, Johnson and Schmitt",lead,11,PPC,SmallBiz,Germany,2026-02-28 19:54:07,false,2026-04-01 06:30:00
HS-000292,llopez292@example.com,Bishop and Sons,marketingqualifiedlead,63,Cold Outreach,SMB,Canada,2025-09-10 06:47:52,false,2026-04-01 06:30:00
HS-000293,mario74293@example.com,Strickland-Palmer,marketingqualifiedlead,65,Content Download,smb,Germany,2025-11-21 06:41:36,false,2026-04-01 06:30:00
HS-000294,caseymoore294@example.com,Fernandez and Sons,marketingqualifiedlead,85,PPC,MidMarket,Germany,2025-09-21 01:35:53,false,2026-04-01 06:30:00
HS-000295,lori85295@example.com,"Bradford, Salinas and Kelly",marketingqualifiedlead,67,outbound,SMB,Germany,2025-12-31 22:28:01,false,2026-04-01 06:30:00
HS-000296,osmith296@example.com,Wagner-King,marketingqualifiedlead,59,Cold Outreach,SmallBiz,Australia,2025-10-20 06:23:13,false,2026-04-01 06:30:00
HS-000297,bgross297@example.com,"Morris, Thompson and Williams",lead,22,Partner,Small Business,Germany,2025-09-10 14:50:11,false,2026-04-01 06:30:00
HS-000298,kimberly35298@example.com,Haynes-Moss,lead,26,Trade Show,ENT,United Kingdom,2026-01-07 07:28:09,false,2026-04-01 06:30:00
HS-000299,barrettamber299@example.com,Henry Group,marketingqualifiedlead,89,Outbound,SMB,United States,2025-12-22 00:26:42,false,2026-04-01 06:30:00
HS-000300,rlee300@example.com,Williams PLC,lead,16,IB,Enterprise,United Kingdom,2025-09-16 18:37:02,false,2026-04-01 06:30:00
HS-000301,jcannon301@example.com,"Adkins, Wright and Murray",lead,31,inbound,SMB,Australia,2026-02-15 06:04:04,false,2026-04-01 06:30:00
HS-000302,marcus51302@example.com,Burgess Group,marketingqualifiedlead,74,Inbound,smb,United States,2025-09-30 14:15:44,false,2026-04-01 06:30:00
HS-000303,millscarl303@example.com,Collins Group,marketingqualifiedlead,79,PPC,smb,United States,2025-09-28 10:58:23,false,2026-04-01 06:30:00
HS-000303D,millscarl303@example.com,Collins Group,marketingqualifiedlead,79,PPC,smb,United States,2025-09-28 10:58:23,false,2026-04-01 06:30:00
HS-000304,gregoryjohnson304@example.com,"Becker, Wilson and Hester",marketingqualifiedlead,48,inbound,enterprise,United Kingdom,2025-12-29 10:23:31,false,2026-04-01 06:30:00
HS-000305,washingtoncorey305@example.com,Ramirez-Vasquez,marketingqualifiedlead,55,Inbound,MM,United Kingdom,2025-09-27 20:49:02,false,2026-04-01 06:30:00
HS-000306,hbarrett306@example.com,Rivera and Sons,lead,36,Content Download,Small Business,Australia,2025-10-18 20:38:02,false,2026-04-01 06:30:00
HS-000307,brandon39307@example.com,"Pierce, Bell and Chavez",marketingqualifiedlead,55,Event,MM,Germany,2025-11-17 12:08:55,false,2026-04-01 06:30:00
HS-000308,smithsamantha308@example.com,Durham-Shaw,marketingqualifiedlead,52,Content Download,smb,Germany,2025-10-01 01:09:33,false,2026-04-01 06:30:00
HS-000309,fhebert309@example.com,Cook-Hines,lead,7,Referral,MM,United States,2026-02-14 00:22:33,false,2026-04-01 06:30:00
HS-000309D,fhebert309@example.com,Cook-Hines,lead,7,Referral,MM,United States,2026-02-14 00:22:33,false,2026-04-01 06:30:00
HS-000310,dowen310@example.com,"Stuart, Brooks and Vance",lead,6,inbound,Mid Market,Australia,2026-01-27 03:43:22,false,2026-04-01 06:30:00
HS-000311,angela65311@example.com,Marshall-Perez,lead,21,outbound,Small Business,Germany,2025-09-08 20:47:55,false,2026-04-01 06:30:00
HS-000312,colonjoseph312@example.com,Williams PLC,lead,35,Inbound,SmallBiz,Australia,2026-02-04 10:13:19,false,2026-04-01 06:30:00
HS-000313,navarromary313@example.com,Byrd-Holloway,marketingqualifiedlead,60,outbound,Mid Market,Germany,2025-09-04 10:28:43,false,2026-04-01 06:30:00
HS-000314,blackburnsusan314@example.com,Burgess-Thompson,lead,12,Content,SmallBiz,United Kingdom,2026-01-29 18:00:34,false,2026-04-01 06:30:00
HS-000315,garciajerry315@example.com,Navarro-Munoz,marketingqualifiedlead,55,Channel,Small Business,Germany,2026-01-20 20:50:11,false,2026-04-01 06:30:00
HS-000316,hlopez316@example.com,"Ramsey, Hansen and Mendoza",marketingqualifiedlead,90,Inbound,Mid-Market,Canada,2025-09-15 12:51:38,false,2026-04-01 06:30:00
HS-000317,ashleymeza317@example.com,"Brown, Romero and Collins",lead,39,Cold Outreach,ENT,Australia,2026-03-30 19:14:13,false,2026-04-01 06:30:00
HS-000318,xreese318@example.com,Williams-Brown,marketingqualifiedlead,90,Inbound,Small Business,Germany,2026-01-28 05:11:36,false,2026-04-01 06:30:00
HS-000319,emily61319@example.com,Mitchell and Sons,marketingqualifiedlead,62,Channel,SmallBiz,United States,2025-11-01 22:14:27,false,2026-04-01 06:30:00
HS-000320,laurapierce320@example.com,Foster Inc,lead,15,outbound,Strategic,Australia,2025-12-20 13:12:28,false,2026-04-01 06:30:00
HS-000321,diane89321@example.com,Chandler-Edwards,lead,28,Outbound,Small Business,United States,2025-12-12 02:11:12,false,2026-04-01 06:30:00
HS-000322,umahoney322@example.com,Manning Group,lead,31,Inbound,Mid-Market,United Kingdom,2026-01-17 02:07:23,false,2026-04-01 06:30:00
HS-000323,megan66323@example.com,Tran Group,marketingqualifiedlead,71,PPC,Mid Market,United States,2025-10-01 23:59:33,false,2026-04-01 06:30:00
HS-000324,charlene98324@example.com,"Mueller, Stevenson and Sanchez",marketingqualifiedlead,57,Event,SMB,Germany,2026-02-14 03:25:35,false,2026-04-01 06:30:00
HS-000325,nicholaspierce325@example.com,"Craig, Wilson and Yang",lead,29,Channel,SmallBiz,Canada,2025-10-02 07:39:37,false,2026-04-01 06:30:00
HS-000326,michael77326@example.com,Castaneda-Rodriguez,lead,27,Content,Small Business,United States,2025-09-06 03:20:46,false,2026-04-01 06:30:00
HS-000327,csmith327@example.com,Mendoza Group,marketingqualifiedlead,68,outbound,smb,United Kingdom,2025-09-06 13:18:54,false,2026-04-01 06:30:00
HS-000328,caitlin82328@example.com,"Fuller, Ingram and Moss",marketingqualifiedlead,89,PPC,Enterprise,Canada,2025-10-02 05:18:47,false,2026-04-01 06:30:00
HS-000329,adam33329@example.com,Bryant-Meyer,marketingqualifiedlead,50,IB,smb,Canada,2026-03-05 13:44:30,false,2026-04-01 06:30:00
HS-000330,andrew48330@example.com,Ross LLC,lead,25,Trade Show,SmallBiz,Canada,2026-03-14 23:51:33,false,2026-04-01 06:30:00
HS-000331,clintonstevens331@example.com,Bowers-Hayes,lead,21,IB,SMB,Australia,2025-09-07 02:00:26,false,2026-04-01 06:30:00
HS-000332,devonrichardson332@example.com,"Fernandez, Kim and George",marketingqualifiedlead,61,Content Download,Small Business,Canada,2025-08-27 00:20:14,false,2026-04-01 06:30:00
HS-000333,jesseshepherd333@example.com,"Greer, Potter and Evans",lead,33,Inbound,Mid-Market,United States,2026-03-21 20:37:28,false,2026-04-01 06:30:00
HS-000334,duncanashley334@example.com,Warner-Phillips,lead,27,Outbound,MidMarket,Australia,2026-03-22 16:39:01,false,2026-04-01 06:30:00
HS-000335,jessicacummings335@example.com,Baxter LLC,lead,9,IB,MM,Germany,2025-12-19 00:55:54,false,2026-04-01 06:30:00
HS-000336,sthompson336@arcline.com,"Boyd, Gutierrez and Hill",marketingqualifiedlead,61,Content,smb,United Kingdom,2025-09-25 21:32:37,true,2026-04-01 06:30:00
HS-000337,larsonkevin337@example.com,"Williams, Mccoy and Cook",marketingqualifiedlead,50,IB,Small Business,Canada,2026-02-05 19:02:41,false,2026-04-01 06:30:00
HS-000338,dmiller338@example.com,Novak PLC,marketingqualifiedlead,69,IB,MidMarket,United States,2025-11-07 16:19:19,false,2026-04-01 06:30:00
HS-000339,michael66339@example.com,Robertson-Hays,marketingqualifiedlead,78,inbound,smb,United States,2025-11-19 02:28:00,false,2026-04-01 06:30:00
HS-000340,kanejeremy340@example.com,"Arroyo, Miller and Tucker",marketingqualifiedlead,64,Paid Ads,Mid-Market,Canada,2025-09-25 16:52:35,false,2026-04-01 06:30:00
HS-000341,walterscrystal341@example.com,White-Preston,lead,16,Paid Ads,SmallBiz,Australia,2026-01-17 07:30:27,false,2026-04-01 06:30:00
HS-000342,torresblake342@example.com,Allen-Allen,lead,35,Cold Outreach,smb,United States,2026-02-24 15:38:02,false,2026-04-01 06:30:00
HS-000343,markwolfe343@example.com,Gibson-Morris,marketingqualifiedlead,78,Content Download,SMB,Australia,2025-08-30 08:41:18,false,2026-04-01 06:30:00
HS-000344,brentdennis344@example.com,"Cole, Glass and Cunningham",lead,19,Channel,MidMarket,Australia,2025-10-19 09:22:25,false,2026-04-01 06:30:00
HS-000345,wmaddox345@example.com,Brown Ltd,lead,28,Referral,Small Business,Germany,2025-11-04 17:57:19,false,2026-04-01 06:30:00
HS-000346,walkerkeith346@example.com,Cox LLC,marketingqualifiedlead,40,outbound,smb,Germany,2025-09-25 13:56:33,false,2026-04-01 06:30:00
HS-000347,vhernandez347@example.com,Warner-Phillips,marketingqualifiedlead,41,Event,MM,Australia,2026-02-04 20:56:18,false,2026-04-01 06:30:00
HS-000348,alvarezjulie348@example.com,Little Inc,marketingqualifiedlead,70,outbound,Mid-Market,United States,2025-11-07 21:41:06,false,2026-04-01 06:30:00
HS-000349,zbaker349@example.com,Miller-Wright,marketingqualifiedlead,45,Inbound,SmallBiz,Canada,2025-09-28 14:45:28,false,2026-04-01 06:30:00
HS-000350,iayala350@example.com,Fisher-Washington,lead,35,Inbound,Enterprise,United Kingdom,2026-02-24 18:38:30,false,2026-04-01 06:30:00
HS-000351,timothygonzalez351@example.com,Gonzalez-Gonzalez,marketingqualifiedlead,43,Content Download,Strategic,United Kingdom,2025-12-15 11:28:12,false,2026-04-01 06:30:00
HS-000352,mpearson352@example.com,Osborn Group,lead,34,Inbound,MidMarket,Canada,2026-02-18 15:33:51,false,2026-04-01 06:30:00
HS-000353,johnadams353@example.com,Johnston and Sons,marketingqualifiedlead,67,Referral,smb,United Kingdom,2025-10-09 18:21:06,false,2026-04-01 06:30:00
HS-000354,kmorris354@example.com,King-Martinez,lead,10,Paid Ads,MidMarket,Canada,2026-01-26 01:27:31,false,2026-04-01 06:30:00
HS-000355,rodriguezrobert355@example.com,Nelson-Cruz,lead,37,Inbound,enterprise,Germany,2025-11-29 00:39:29,false,2026-04-01 06:30:00
HS-000356,michael55356@example.com,"Adams, Quinn and Watson",marketingqualifiedlead,67,outbound,Mid-Market,United Kingdom,2025-10-26 09:31:52,false,2026-04-01 06:30:00
HS-000357,carrillogary357@example.com,Arnold and Sons,marketingqualifiedlead,63,Cold Outreach,Small Business,United Kingdom,2026-03-01 00:50:36,false,2026-04-01 06:30:00
HS-000358,christina79358@example.com,Cook and Sons,lead,32,inbound,SmallBiz,Australia,2025-11-27 23:54:55,false,2026-04-01 06:30:00
HS-000359,scottglass359@example.com,Spencer-Lee,lead,24,Cold Outreach,smb,Australia,2025-09-01 10:49:37,false,2026-04-01 06:30:00
HS-000360,jamesbrooks360@example.com,Sullivan-Doyle,lead,34,Partner,Mid Market,Germany,2025-10-01 22:49:38,false,2026-04-01 06:30:00
HS-000361,rodriguezbrian361@example.com,Reed Group,lead,12,Content,MidMarket,Australia,2026-02-28 09:50:47,false,2026-04-01 06:30:00
HS-000362,mistywilkins362@example.com,"Williams, Johnson and Wright",marketingqualifiedlead,49,Cold Outreach,Small Business,Canada,2025-08-21 19:47:51,false,2026-04-01 06:30:00
HS-000363,cooperlinda363@example.com,Nolan and Sons,marketingqualifiedlead,50,inbound,smb,United States,2026-02-25 19:41:48,false,2026-04-01 06:30:00
HS-000364,shannon05364@example.com,"Porter, Schultz and Allen",marketingqualifiedlead,71,Inbound,MM,United Kingdom,2025-11-21 14:29:38,false,2026-04-01 06:30:00
HS-000365,jodylewis365@example.com,Barron and Sons,lead,39,inbound,Small Business,Germany,2025-09-25 02:57:00,false,2026-04-01 06:30:00
HS-000366,ana92366@example.com,"Fuller, Ingram and Moss",marketingqualifiedlead,82,Paid,ENT,Canada,2026-03-15 11:37:24,false,2026-04-01 06:30:00
HS-000367,bennettrebecca367@example.com,Lopez-Williams,lead,20,Inbound,SMB,Australia,2025-09-29 08:19:44,false,2026-04-01 06:30:00
HS-000367D,bennettrebecca367@example.com,Lopez-Williams,lead,20,Inbound,SMB,Australia,2025-09-29 08:19:44,false,2026-04-01 06:30:00
HS-000368,scottbrian368@example.com,Kane-Knox,lead,17,Outbound,SmallBiz,Canada,2026-03-02 02:50:12,false,2026-04-01 06:30:00
HS-000369,kristinawilliamson369@example.com,"Shaw, Nelson and Martin",lead,9,Content Download,Small Business,United Kingdom,2025-12-25 20:40:43,false,2026-04-01 06:30:00
HS-000370,marshallsierra370@example.com,Moore Group,lead,34,Content,smb,Germany,2025-09-17 19:09:21,false,2026-04-01 06:30:00
HS-000371,pricejoseph371@example.com,"Thomas, Murray and King",marketingqualifiedlead,57,inbound,SmallBiz,Canada,2025-08-28 21:23:56,false,2026-04-01 06:30:00
HS-000372,michelle04372@example.com,"Wagner, Martinez and Dawson",lead,31,Outbound,Enterprise,Australia,2026-01-30 04:40:18,false,2026-04-01 06:30:00
HS-000373,yhall373@example.com,Davis-Lewis,lead,28,Content,Mid Market,Australia,2025-09-27 12:48:04,false,2026-04-01 06:30:00
HS-000374,mckeetodd374@example.com,Gross-Valencia,marketingqualifiedlead,62,Word of Mouth,Small Business,Canada,2025-10-16 21:38:32,false,2026-04-01 06:30:00
HS-000375,lopezvincent375@example.com,"Miller, Davis and Anderson",lead,19,inbound,Small Business,Canada,2026-01-23 03:45:21,false,2026-04-01 06:30:00
HS-000376,tcastro376@example.com,"Marks, Stone and Watts",marketingqualifiedlead,82,inbound,smb,Australia,2025-09-14 11:02:04,false,2026-04-01 06:30:00
HS-000377,williamssandra377@example.com,"Mccarthy, Evans and Mendez",marketingqualifiedlead,75,Outbound,Small Business,Germany,2026-03-20 12:57:43,false,2026-04-01 06:30:00
HS-000378,matthew62378@example.com,"Beltran, Lozano and Mcgee",marketingqualifiedlead,62,Channel,smb,Australia,2025-09-07 14:40:21,false,2026-04-01 06:30:00
HS-000379,reedmichael379@example.com,Gonzalez-Taylor,lead,28,Outbound,SMB,United Kingdom,2026-01-28 03:24:48,false,2026-04-01 06:30:00
HS-000380,joel84380@example.com,"Beltran, Lozano and Mcgee",marketingqualifiedlead,68,Trade Show,smb,Australia,2026-02-14 00:27:29,false,2026-04-01 06:30:00
HS-000381,garrettnatasha381@example.com,"Barnes, Johnson and Schmitt",marketingqualifiedlead,74,Channel,SmallBiz,Germany,2026-02-21 23:20:16,false,2026-04-01 06:30:00
HS-000382,raymondstacy382@example.com,Martinez Inc,lead,15,inbound,SmallBiz,United States,2026-01-16 21:09:31,false,2026-04-01 06:30:00
HS-000382D,raymondstacy382@example.com,Martinez Inc,lead,15,inbound,SmallBiz,United States,2026-01-16 21:09:31,false,2026-04-01 06:30:00
HS-000383,edwardprince383@example.com,Robertson-Ramirez,marketingqualifiedlead,64,Trade Show,SmallBiz,Canada,2026-02-12 02:46:30,false,2026-04-01 06:30:00
HS-000384,christopherreyes384@example.com,Patton-Jenkins,lead,12,outbound,SMB,United States,2025-10-12 12:15:28,false,2026-04-01 06:30:00
HS-000385,robertberry385@example.com,Thomas-Huffman,lead,38,IB,Small Business,Germany,2026-02-17 18:50:10,false,2026-04-01 06:30:00
HS-000386,mwaller386@example.com,Morgan-Lopez,lead,19,Paid Ads,SMB,United Kingdom,2025-11-23 02:07:43,false,2026-04-01 06:30:00
HS-000387,shane23387@example.com,"Zhang, Brooks and Miles",lead,27,Outbound,SMB,Germany,2026-01-23 07:16:02,false,2026-04-01 06:30:00
HS-000388,biancasutton388@example.com,"Mccall, Hanson and Alvarado",lead,35,Partner,smb,United Kingdom,2025-11-09 16:06:32,false,2026-04-01 06:30:00
HS-000389,michelleparker389@example.com,Parsons-Hall,marketingqualifiedlead,69,inbound,Mid Market,Germany,2025-12-26 20:25:14,false,2026-04-01 06:30:00
HS-000390,russellstout390@example.com,Monroe-Carpenter,lead,36,IB,MidMarket,United Kingdom,2026-03-24 10:58:26,false,2026-04-01 06:30:00
HS-000391,dianacunningham391@example.com,"Brooks, Lam and Hayes",marketingqualifiedlead,83,Event,SmallBiz,Australia,2025-10-07 07:10:43,false,2026-04-01 06:30:00
HS-000392,lonniegrant392@example.com,"Johnson, Lee and Whitaker",marketingqualifiedlead,58,Inbound,SMB,United States,2026-02-09 17:21:48,false,2026-04-01 06:30:00
HS-000393,whitemary393@example.com,Bennett Group,marketingqualifiedlead,42,PPC,Small Business,Canada,2026-01-22 17:04:27,false,2026-04-01 06:30:00
HS-000394,jessicacannon394@example.com,"Miller, Davis and Anderson",marketingqualifiedlead,81,inbound,Small Business,Canada,2026-01-08 12:59:52,false,2026-04-01 06:30:00
HS-000395,tali395@example.com,Smith PLC,lead,14,inbound,ENT,Canada,2025-12-23 00:47:42,false,2026-04-01 06:30:00
HS-000396,oreese396@example.com,"Edwards, Rodgers and Davis",lead,8,inbound,MidMarket,United Kingdom,2026-02-20 17:07:53,false,2026-04-01 06:30:00
HS-000397,edwin31397@example.com,Wright Ltd,lead,29,Partner,MidMarket,Germany,2026-03-24 00:39:00,false,2026-04-01 06:30:00
HS-000398,jackfarmer398@example.com,"Martinez, Richardson and Curry",marketingqualifiedlead,85,Paid,Small Business,United States,2026-02-07 12:54:55,false,2026-04-01 06:30:00
HS-000399,catherine93399@example.com,Pearson and Sons,lead,38,IB,Small Business,Germany,2025-10-08 00:17:20,false,2026-04-01 06:30:00
HS-000400,jerryjohnson400@example.com,"Richardson, Edwards and Ramirez",marketingqualifiedlead,62,Content Download,Small Business,Canada,2025-11-07 05:36:48,false,2026-04-01 06:30:00
HS-000401,wattsthomas401@example.com,"Fernandez, Kim and George",marketingqualifiedlead,76,Outbound,SmallBiz,Canada,2025-10-06 07:08:45,false,2026-04-01 06:30:00
HS-000402,xjoseph402@example.com,Holt-Torres,marketingqualifiedlead,87,Paid,Mid Market,Australia,2025-12-30 16:35:48,false,2026-04-01 06:30:00
HS-000403,melissahenry403@example.com,Avila LLC,marketingqualifiedlead,58,Event,SMB,Australia,2025-11-02 20:22:31,false,2026-04-01 06:30:00
HS-000404,frankperez404@example.com,Thomas-Jackson,marketingqualifiedlead,70,Content Download,SmallBiz,Germany,2026-02-03 06:53:24,false,2026-04-01 06:30:00
HS-000405,aduran405@example.com,"Thomas, Lee and Greene",marketingqualifiedlead,81,Word of Mouth,SmallBiz,United Kingdom,2025-10-24 07:55:21,false,2026-04-01 06:30:00
HS-000406,stephanie33406@example.com,Crosby-Ramirez,lead,37,Content Download,Enterprise,Australia,2026-03-14 07:11:00,false,2026-04-01 06:30:00
HS-000407,carlho407@example.com,Combs Ltd,lead,33,inbound,smb,Canada,2025-12-27 16:46:40,false,2026-04-01 06:30:00
HS-000408,fcamacho408@example.com,Lopez Ltd,lead,37,outbound,Mid Market,United Kingdom,2025-10-27 02:58:07,false,2026-04-01 06:30:00
HS-000409,michelle36409@example.com,Shaw-Carr,marketingqualifiedlead,85,Cold Outreach,SmallBiz,Germany,2026-03-06 23:30:11,false,2026-04-01 06:30:00
HS-000410,mparsons410@example.com,"Nelson, Morton and Medina",lead,19,Outbound,Small Business,Germany,2026-03-06 23:26:19,false,2026-04-01 06:30:00
HS-000411,zcortez411@example.com,King-York,lead,9,Inbound,smb,United States,2025-11-10 02:09:19,false,2026-04-01 06:30:00
HS-000412,meyershannon412@example.com,Burgess Group,marketingqualifiedlead,56,Paid,SmallBiz,United States,2026-02-14 22:24:45,false,2026-04-01 06:30:00
HS-000413,richjohn413@example.com,Hull Ltd,lead,12,Referral,SMB,United Kingdom,2025-12-30 11:34:19,false,2026-04-01 06:30:00
HS-000414,cterrell414@example.com,Marsh-Banks,lead,14,Cold Outreach,Small Business,United States,2025-11-30 10:10:47,false,2026-04-01 06:30:00
HS-000415,oblack415@example.com,Spencer-Garcia,lead,28,IB,MidMarket,United States,2026-01-07 21:51:58,false,2026-04-01 06:30:00
HS-000416,leescott416@example.com,Taylor and Sons,marketingqualifiedlead,88,IB,smb,Australia,2026-01-12 18:21:34,false,2026-04-01 06:30:00
HS-000417,kim47417@example.com,Strickland-Shaw,marketingqualifiedlead,70,inbound,MM,Germany,2026-01-19 13:28:01,false,2026-04-01 06:30:00
HS-000418,robertoaustin418@example.com,Weaver-Thompson,lead,10,Content Download,SmallBiz,Canada,2026-01-08 06:18:04,false,2026-04-01 06:30:00
HS-000419,vaughnrebecca419@example.com,Boone LLC,marketingqualifiedlead,64,outbound,Small Business,United Kingdom,2026-03-12 22:30:40,false,2026-04-01 06:30:00
HS-000420,cgallegos420@example.com,Goodwin PLC,lead,16,Channel,Enterprise,Canada,2026-02-10 17:20:58,false,2026-04-01 06:30:00
HS-000421,sharpdaniel421@example.com,"Norris, Callahan and Bishop",lead,17,Inbound,SMB,United Kingdom,2025-09-24 01:03:56,false,2026-04-01 06:30:00
HS-000422,phillipmorris422@example.com,Morgan-French,marketingqualifiedlead,57,IB,enterprise,Canada,2026-01-26 23:09:40,false,2026-04-01 06:30:00
HS-000423,whitebrittany423@example.com,Reed LLC,lead,5,Channel,smb,Germany,2026-02-25 02:56:29,false,2026-04-01 06:30:00
HS-000424,nicoledavis424@example.com,Green LLC,lead,25,outbound,Enterprise,Canada,2025-10-17 13:24:47,false,2026-04-01 06:30:00
HS-000425,heather21425@example.com,Price LLC,marketingqualifiedlead,54,Content,Mid Market,Canada,2025-11-07 01:06:29,false,2026-04-01 06:30:00
HS-000426,wilsonshannon426@example.com,Scott and Sons,marketingqualifiedlead,42,inbound,SmallBiz,United Kingdom,2025-11-05 18:58:19,false,2026-04-01 06:30:00
HS-000427,christopher68427@example.com,Nolan-Flynn,lead,36,IB,ENT,United States,2026-02-22 05:35:12,false,2026-04-01 06:30:00
HS-000428,nicholasjames428@example.com,Chambers-Parker,lead,13,Outbound,SmallBiz,Australia,2025-11-09 07:59:23,false,2026-04-01 06:30:00
HS-000429,rhondacunningham429@example.com,Boone LLC,marketingqualifiedlead,43,IB,smb,United Kingdom,2025-12-24 11:30:20,false,2026-04-01 06:30:00
HS-000430,fernandothomas430@example.com,Chambers-Parker,marketingqualifiedlead,53,Outbound,Small Business,Australia,2026-01-30 08:46:46,false,2026-04-01 06:30:00
HS-000430D,fernandothomas430@example.com,Chambers-Parker,marketingqualifiedlead,53,Outbound,Small Business,Australia,2026-01-30 08:46:46,false,2026-04-01 06:30:00
HS-000431,barneskyle431@example.com,Rios-Padilla,lead,39,Trade Show,MM,Australia,2025-12-03 18:45:29,false,2026-04-01 06:30:00
HS-000432,lroberts432@example.com,"Wilson, Pena and Rich",lead,38,Inbound,MM,Germany,2025-10-18 23:45:21,false,2026-04-01 06:30:00
HS-000433,roachsusan433@example.com,Cordova Group,marketingqualifiedlead,63,IB,Small Business,Australia,2025-11-02 12:35:32,false,2026-04-01 06:30:00
HS-000434,deanjohnny434@example.com,"Young, Contreras and Marshall",marketingqualifiedlead,48,inbound,Mid-Market,United States,2025-11-23 05:39:54,false,2026-04-01 06:30:00
HS-000435,fjimenez435@example.com,Love-Garcia,marketingqualifiedlead,83,IB,SMB,United States,2026-02-25 01:28:27,false,2026-04-01 06:30:00
HS-000436,franklintrevor436@example.com,Weaver-Thompson,marketingqualifiedlead,74,Partner,smb,Canada,2025-09-21 22:07:04,false,2026-04-01 06:30:00
HS-000437,briannaalvarez437@example.com,Gonzales Inc,lead,16,Content Download,Small Business,United Kingdom,2025-11-27 19:37:20,false,2026-04-01 06:30:00
HS-000438,mramos438@example.com,Russell-Daniels,lead,33,Trade Show,smb,Canada,2026-02-10 22:03:54,false,2026-04-01 06:30:00
HS-000439,sanchezamy439@example.com,Thompson-Harrell,lead,28,inbound,Small Business,Germany,2026-01-31 03:25:09,false,2026-04-01 06:30:00
HS-000440,brandonhernandez440@example.com,Wilson-Salazar,marketingqualifiedlead,82,Inbound,smb,Australia,2025-11-19 16:31:21,false,2026-04-01 06:30:00
HS-000441,benjamin09441@example.com,Shaw Inc,lead,18,PPC,Mid-Market,Germany,2026-02-26 09:59:09,false,2026-04-01 06:30:00
HS-000442,mark10442@example.com,Martin-Taylor,marketingqualifiedlead,78,Inbound,smb,United States,2025-11-17 01:10:53,false,2026-04-01 06:30:00
HS-000443,butlergregory443@example.com,"Richardson, Farmer and Andrews",marketingqualifiedlead,49,inbound,Mid Market,Canada,2026-02-28 10:44:03,false,2026-04-01 06:30:00
HS-000444,cheryl99444@example.com,Young-Allen,lead,6,Event,smb,Australia,2026-01-16 11:22:49,false,2026-04-01 06:30:00
HS-000445,tammycurry445@example.com,Mueller-Boyd,marketingqualifiedlead,78,Paid Ads,SMB,United Kingdom,2025-12-21 15:28:22,false,2026-04-01 06:30:00
HS-000446,sarah14446@example.com,Sheppard LLC,lead,11,Content,SmallBiz,Canada,2026-02-23 15:52:25,false,2026-04-01 06:30:00
HS-000447,miguel61447@example.com,Martin Group,lead,8,Word of Mouth,SmallBiz,United States,2026-03-27 18:45:21,false,2026-04-01 06:30:00
HS-000448,ebridges448@example.com,Bishop and Sons,marketingqualifiedlead,82,PPC,SMB,Canada,2025-09-21 06:11:53,false,2026-04-01 06:30:00
HS-000449,thomas14449@example.com,"Brown, Mcknight and Michael",marketingqualifiedlead,70,Outbound,smb,Canada,2025-09-27 11:31:18,false,2026-04-01 06:30:00
HS-000450,alison83450@example.com,Gonzales-Harrison,marketingqualifiedlead,41,Partner,MM,United Kingdom,2026-03-18 04:04:48,false,2026-04-01 06:30:00
HS-000451,cherylrodriguez451@example.com,Hunt PLC,marketingqualifiedlead,74,Content Download,Small Business,Germany,2025-10-07 19:42:34,false,2026-04-01 06:30:00
HS-000452,webbhaley452@example.com,Johnson-Wood,marketingqualifiedlead,77,PPC,Mid-Market,United States,2025-09-30 15:38:07,false,2026-04-01 06:30:00
HS-000453,ronald54453@example.com,"Ashley, Allen and Sanchez",lead,30,Trade Show,smb,Germany,2025-10-14 12:24:48,false,2026-04-01 06:30:00
HS-000454,sara99454@example.com,"Byrd, Oliver and Martinez",lead,39,Cold Outreach,Mid-Market,United Kingdom,2025-12-21 20:59:45,false,2026-04-01 06:30:00
HS-000455,ostone455@example.com,Alexander Inc,lead,12,PPC,SmallBiz,Canada,2025-11-19 13:57:01,false,2026-04-01 06:30:00
HS-000456,lvasquez456@example.com,Baird-Sanchez,marketingqualifiedlead,62,IB,SMB,United States,2025-12-10 02:31:46,false,2026-04-01 06:30:00
HS-000457,jeanettekrause457@example.com,Hernandez Group,marketingqualifiedlead,51,IB,Small Business,Australia,2025-11-01 10:02:13,false,2026-04-01 06:30:00
HS-000458,wilsonsteven458@example.com,Dixon Inc,lead,6,Trade Show,Small Business,Canada,2026-01-10 23:30:30,false,2026-04-01 06:30:00
HS-000459,mclaughlinjared459@example.com,"Morgan, Barron and Cowan",lead,23,Content Download,MM,United States,2025-09-22 17:37:57,false,2026-04-01 06:30:00
HS-000460,vgutierrez460@example.com,Garcia and Sons,lead,13,IB,SmallBiz,Canada,2025-12-05 15:47:28,false,2026-04-01 06:30:00
HS-000461,ann30461@example.com,"Powell, Deleon and Warren",marketingqualifiedlead,85,outbound,SMB,United Kingdom,2025-12-27 21:54:33,false,2026-04-01 06:30:00
HS-000462,hannahking462@example.com,"Miller, Murphy and Craig",marketingqualifiedlead,60,Inbound,SMB,Canada,2025-10-31 07:51:54,false,2026-04-01 06:30:00
HS-000463,parkerwilliam463@example.com,Smith PLC,lead,25,Content,SmallBiz,Canada,2026-01-03 20:03:32,false,2026-04-01 06:30:00
HS-000464,katie15464@example.com,Garcia LLC,marketingqualifiedlead,41,Content,Small Business,United States,2026-01-21 11:28:00,false,2026-04-01 06:30:00
HS-000465,randy99465@example.com,"Burgess, Grant and Watts",lead,16,Outbound,Mid Market,Australia,2026-01-07 00:23:04,false,2026-04-01 06:30:00
HS-000466,collierjames466@example.com,Alvarez-Kim,lead,39,Trade Show,smb,Germany,2025-10-11 05:59:16,false,2026-04-01 06:30:00
HS-000467,sandra77467@example.com,Stewart-Bailey,lead,39,Channel,smb,Australia,2026-03-03 03:56:52,false,2026-04-01 06:30:00
HS-000468,brewertimothy468@example.com,"Becker, Taylor and Davis",marketingqualifiedlead,70,inbound,smb,Germany,2026-01-05 19:21:22,false,2026-04-01 06:30:00
HS-000469,imcclain469@example.com,Davis Ltd,lead,35,inbound,Small Business,United States,2025-09-24 01:06:07,false,2026-04-01 06:30:00
HS-000470,steven60470@example.com,"Matthews, Smith and Hubbard",marketingqualifiedlead,86,Outbound,Small Business,United States,2026-01-08 05:26:28,false,2026-04-01 06:30:00
HS-000471,annette58471@example.com,"Phillips, Thompson and Smith",lead,10,IB,MidMarket,Germany,2025-10-06 12:50:41,false,2026-04-01 06:30:00
HS-000472,clarkgina472@example.com,Gonzalez Group,marketingqualifiedlead,53,inbound,ENT,Australia,2025-10-11 15:09:49,false,2026-04-01 06:30:00
HS-000473,carl24473@example.com,"Carpenter, Oliver and Kennedy",marketingqualifiedlead,71,inbound,Small Business,Australia,2025-11-27 15:23:04,false,2026-04-01 06:30:00
HS-000474,morgannicholas474@example.com,Alexander-Jordan,lead,29,Cold Outreach,Small Business,Canada,2026-03-03 02:32:38,false,2026-04-01 06:30:00
HS-000475,ashleyprice475@example.com,Moore-Dawson,lead,8,Trade Show,SMB,United States,2025-10-15 15:27:53,false,2026-04-01 06:30:00
HS-000476,hancockkaren476@example.com,Lewis Inc,marketingqualifiedlead,89,Outbound,MM,United Kingdom,2025-11-12 11:47:14,false,2026-04-01 06:30:00
HS-000477,jennifer46477@example.com,Osborn-Cochran,lead,9,Outbound,MM,Canada,2026-01-22 04:29:02,false,2026-04-01 06:30:00
HS-000478,crawfordjohn478@example.com,Ramirez-Stephenson,marketingqualifiedlead,70,Inbound,Small Business,Australia,2025-11-07 08:18:09,false,2026-04-01 06:30:00
HS-000479,tgallegos479@example.com,Collier-Gillespie,marketingqualifiedlead,76,Referral,enterprise,Australia,2026-02-12 11:30:46,false,2026-04-01 06:30:00
HS-000480,aliciathompson480@example.com,Mendez-Mayer,lead,38,outbound,MidMarket,United Kingdom,2026-01-14 10:42:43,false,2026-04-01 06:30:00
HS-000481,kristen31481@example.com,"Fry, Hobbs and Buck",lead,29,Partner,Small Business,United Kingdom,2026-01-14 09:06:15,false,2026-04-01 06:30:00
HS-000482,zhunter482@example.com,Petersen PLC,marketingqualifiedlead,41,Content Download,smb,Germany,2025-09-19 14:57:42,false,2026-04-01 06:30:00
HS-000483,jstein483@example.com,Moore-Bass,marketingqualifiedlead,62,Cold Outreach,SMB,Australia,2025-10-06 08:57:31,false,2026-04-01 06:30:00
HS-000484,matthewwebb484@example.com,"Acosta, Garcia and Moreno",marketingqualifiedlead,49,outbound,SmallBiz,Germany,2025-09-28 14:27:36,false,2026-04-01 06:30:00
HS-000485,kimberly21485@example.com,"Griffin, Davies and Mitchell",lead,7,Cold Outreach,MM,Germany,2026-01-06 09:03:28,false,2026-04-01 06:30:00
HS-000486,jamiejohnson486@example.com,"Robinson, Jones and Henderson",lead,17,IB,Strategic,Canada,2025-09-16 17:47:46,false,2026-04-01 06:30:00
HS-000487,hreeves487@example.com,Nichols-Mitchell,lead,24,Outbound,MidMarket,Germany,2025-11-15 02:28:29,false,2026-04-01 06:30:00
HS-000488,smithsarah488@example.com,Dawson Inc,marketingqualifiedlead,46,inbound,SmallBiz,Canada,2026-03-06 21:23:48,false,2026-04-01 06:30:00
HS-000489,cookpamela489@example.com,"Garcia, Martin and Jenkins",marketingqualifiedlead,55,inbound,SmallBiz,Germany,2025-09-06 00:56:51,false,2026-04-01 06:30:00
HS-000490,meyerdonna490@example.com,Bowers-Hayes,lead,37,inbound,Small Business,Australia,2025-09-24 02:21:49,false,2026-04-01 06:30:00
HS-000491,andrew43491@example.com,Smith-Lewis,marketingqualifiedlead,71,Event,Mid-Market,Canada,2026-03-22 20:51:49,false,2026-04-01 06:30:00
HS-000492,james44492@example.com,Morris-Brewer,lead,22,PPC,smb,United States,2025-12-22 11:50:28,false,2026-04-01 06:30:00
HS-000493,kendra14493@example.com,Green LLC,marketingqualifiedlead,76,Content,SMB,Germany,2025-10-20 00:56:16,false,2026-04-01 06:30:00
HS-000494,ericwilson494@example.com,Wells-Hernandez,lead,35,Inbound,SmallBiz,Australia,2026-02-01 12:37:05,false,2026-04-01 06:30:00
HS-000495,clarkmichael495@example.com,"Anderson, Dalton and Wilson",lead,32,Content Download,SMB,Germany,2026-03-28 19:02:38,false,2026-04-01 06:30:00
HS-000496,joseph49496@example.com,Faulkner-Grant,marketingqualifiedlead,82,Trade Show,SmallBiz,Canada,2025-09-05 11:06:42,false,2026-04-01 06:30:00
HS-000497,georgecollins497@example.com,Walsh Ltd,lead,30,Content Download,SmallBiz,Germany,2026-01-03 20:28:21,false,2026-04-01 06:30:00
HS-000498,amber02498@example.com,Petersen PLC,lead,39,Inbound,Small Business,Germany,2025-11-02 20:08:51,false,2026-04-01 06:30:00
HS-000499,ruizemma499@example.com,Hunter PLC,marketingqualifiedlead,82,Cold Outreach,Mid Market,Germany,2025-09-13 16:53:34,false,2026-04-01 06:30:00
HS-000500,reyeschristopher500@example.com,"Fry, Myers and Gamble",lead,38,Trade Show,MidMarket,Germany,2025-12-21 10:13:12,false,2026-04-01 06:30:00
HS-000501,mwhite501@example.com,Blake Group,marketingqualifiedlead,58,Event,smb,Australia,2026-01-15 03:23:21,false,2026-04-01 06:30:00
HS-000502,tjensen502@example.com,"Ellison, Arias and Thompson",marketingqualifiedlead,50,Partner,SmallBiz,Australia,2025-11-28 08:28:50,false,2026-04-01 06:30:00
HS-000503,lisa81503@example.com,"Osborn, Gaines and Davis",lead,28,Event,SmallBiz,United States,2025-10-23 04:37:01,false,2026-04-01 06:30:00
HS-000504,fbradley504@example.com,"Leach, Harris and Herrera",marketingqualifiedlead,78,Inbound,SMB,United Kingdom,2025-10-01 17:46:27,false,2026-04-01 06:30:00
HS-000505,tdavis505@example.com,"Downs, Morris and Maddox",lead,7,Event,Small Business,United States,2025-11-25 04:27:58,false,2026-04-01 06:30:00
HS-000506,oruiz506@example.com,Martin Group,lead,22,Inbound,smb,United States,2025-11-03 16:59:56,false,2026-04-01 06:30:00
HS-000507,michellejensen507@example.com,"Marshall, Dominguez and Welch",lead,27,Cold Outreach,SMB,United Kingdom,2026-03-20 00:56:32,false,2026-04-01 06:30:00
HS-000508,philip55508@example.com,Payne-Lowe,lead,8,Inbound,smb,United States,2026-01-06 08:02:42,false,2026-04-01 06:30:00
HS-000509,efreeman509@example.com,Wright and Sons,lead,27,Paid Ads,Mid Market,United Kingdom,2026-03-03 09:20:45,false,2026-04-01 06:30:00
HS-000510,erodriguez510@example.com,"Rios, Walker and Wright",lead,37,Partner,Mid-Market,Australia,2025-11-06 05:05:09,false,2026-04-01 06:30:00
HS-000511,ssingleton511@example.com,Davis and Sons,lead,32,inbound,smb,Canada,2026-02-12 12:02:46,false,2026-04-01 06:30:00
HS-000512,cassandra28512@example.com,"Miller, Harrell and Reese",lead,13,outbound,Mid-Market,United Kingdom,2026-02-01 18:11:28,false,2026-04-01 06:30:00
HS-000513,sullivanjennifer513@example.com,"Sanders, Ayala and Johnson",lead,16,Outbound,SMB,Canada,2026-01-19 20:14:52,false,2026-04-01 06:30:00
HS-000514,nguyendebra514@example.com,Reed Group,marketingqualifiedlead,66,Inbound,Mid-Market,United States,2025-12-02 19:20:59,false,2026-04-01 06:30:00
HS-000515,amanda69515@example.com,White-Green,lead,10,Outbound,Small Business,United Kingdom,2025-09-28 22:06:58,false,2026-04-01 06:30:00
HS-000516,pallen516@example.com,"Torres, Brown and Williams",lead,36,Outbound,SmallBiz,United States,2026-02-18 05:41:43,false,2026-04-01 06:30:00
HS-000517,terrireyes517@example.com,Taylor and Sons,lead,27,inbound,smb,Australia,2026-03-04 06:26:13,false,2026-04-01 06:30:00
HS-000518,jared96518@example.com,Rivera LLC,lead,37,inbound,Small Business,United Kingdom,2026-03-03 18:33:43,false,2026-04-01 06:30:00
HS-000519,vbradley519@example.com,Watson PLC,lead,7,Inbound,Strategic,United Kingdom,2026-02-19 14:54:23,false,2026-04-01 06:30:00
HS-000520,gilbertcaldwell520@example.com,Mendez PLC,marketingqualifiedlead,83,inbound,smb,Germany,2025-11-09 09:19:41,false,2026-04-01 06:30:00
HS-000521,mwilson521@example.com,Payne-Lowe,lead,25,Trade Show,smb,United States,2026-01-02 06:21:53,false,2026-04-01 06:30:00
HS-000522,gnguyen522@example.com,"Turner, Schneider and Johnson",marketingqualifiedlead,72,Paid Ads,SMB,United States,2025-12-04 14:43:25,false,2026-04-01 06:30:00
HS-000523,zthompson523@example.com,Terry-Bowen,marketingqualifiedlead,42,Event,Strategic,Germany,2026-02-15 04:43:47,false,2026-04-01 06:30:00
HS-000524,georgegina524@example.com,"Wagner, Simpson and Cohen",lead,21,PPC,MidMarket,United Kingdom,2025-10-04 18:32:26,false,2026-04-01 06:30:00
HS-000525,pmurphy525@example.com,Wallace-Martinez,lead,11,outbound,ENT,Australia,2025-12-17 14:45:15,false,2026-04-01 06:30:00
HS-000526,davislisa526@example.com,Perez-White,marketingqualifiedlead,57,Partner,Small Business,United Kingdom,2026-01-06 23:32:45,false,2026-04-01 06:30:00
HS-000527,shermandonna527@example.com,King-Miller,marketingqualifiedlead,68,Content Download,SmallBiz,United Kingdom,2025-10-27 13:06:42,false,2026-04-01 06:30:00
HS-000528,yschmidt528@example.com,"Kirby, Wheeler and Romero",lead,20,Inbound,MidMarket,Australia,2025-09-26 03:06:33,false,2026-04-01 06:30:00
HS-000529,rgonzalez529@example.com,Smith and Sons,marketingqualifiedlead,50,Trade Show,enterprise,Canada,2025-12-17 19:57:23,false,2026-04-01 06:30:00
HS-000530,kevin46530@example.com,"Smith, Buck and Holland",marketingqualifiedlead,74,inbound,smb,United States,2025-12-29 01:01:04,false,2026-04-01 06:30:00
HS-000531,veronica90531@example.com,Davis PLC,marketingqualifiedlead,71,outbound,Mid Market,United States,2026-02-04 13:57:13,false,2026-04-01 06:30:00
HS-000532,sabbott532@example.com,Holt-Torres,lead,22,Content,MM,Australia,2026-03-06 08:05:00,false,2026-04-01 06:30:00
HS-000533,woodana533@example.com,Mcdonald-Bird,marketingqualifiedlead,71,PPC,Mid-Market,United Kingdom,2025-08-31 04:29:10,false,2026-04-01 06:30:00
HS-000534,smithann534@example.com,"Henderson, Cox and Cox",lead,19,outbound,MidMarket,United States,2025-10-18 04:20:51,false,2026-04-01 06:30:00
HS-000535,daniel40535@example.com,Garner-Thornton,marketingqualifiedlead,84,outbound,MM,United Kingdom,2025-11-14 02:49:17,false,2026-04-01 06:30:00
HS-000536,ryanlawrence536@example.com,Chambers and Sons,lead,22,Content Download,ENT,United States,2025-09-21 07:10:01,false,2026-04-01 06:30:00
HS-000537,jennifer66537@example.com,Figueroa PLC,marketingqualifiedlead,56,Word of Mouth,Mid-Market,Canada,2025-09-03 23:43:52,false,2026-04-01 06:30:00
HS-000538,qgardner538@example.com,Morales and Sons,marketingqualifiedlead,82,Cold Outreach,SMB,United Kingdom,2025-08-25 11:10:56,false,2026-04-01 06:30:00
HS-000539,thomaslopez539@example.com,Johnson and Sons,lead,30,inbound,smb,United Kingdom,2025-10-12 02:06:25,false,2026-04-01 06:30:00
HS-000540,xbridges540@example.com,"Wright, Garcia and Deleon",marketingqualifiedlead,50,Event,Small Business,United Kingdom,2025-11-15 03:47:47,false,2026-04-01 06:30:00
HS-000541,qmoore541@example.com,Nolan-Flynn,marketingqualifiedlead,84,Cold Outreach,enterprise,United States,2025-12-28 13:06:03,false,2026-04-01 06:30:00
HS-000542,dennisjones542@example.com,Perez LLC,marketingqualifiedlead,56,IB,SMB,United States,2026-02-02 20:52:47,false,2026-04-01 06:30:00
HS-000543,thomasnicole543@example.com,"Thomas, Vaughan and Copeland",lead,7,IB,smb,Canada,2025-10-14 10:08:51,false,2026-04-01 06:30:00
HS-000544,iproctor544@example.com,Wheeler Group,lead,13,Inbound,SmallBiz,Germany,2025-10-25 04:01:13,false,2026-04-01 06:30:00
HS-000545,taylorlinda545@example.com,"Johnson, Miller and King",marketingqualifiedlead,51,IB,smb,Canada,2026-01-30 14:49:09,false,2026-04-01 06:30:00
HS-000546,senglish546@example.com,Wright-Grimes,lead,11,Trade Show,enterprise,Germany,2025-11-14 02:04:19,false,2026-04-01 06:30:00
HS-000547,dhanson547@example.com,"Chavez, Jones and Williams",lead,25,Content Download,SMB,United Kingdom,2026-02-22 11:04:40,false,2026-04-01 06:30:00
HS-000548,carnold548@example.com,Hughes-Alvarado,marketingqualifiedlead,89,Content,SmallBiz,Canada,2025-10-17 02:23:48,false,2026-04-01 06:30:00
HS-000549,lkelly549@example.com,Shaw Inc,lead,26,outbound,MM,Germany,2026-01-05 12:40:52,false,2026-04-01 06:30:00
HS-000550,kjacobs550@example.com,White-Medina,marketingqualifiedlead,62,outbound,Enterprise,Australia,2025-12-25 14:21:38,false,2026-04-01 06:30:00
HS-000551,pbradford551@example.com,"Brooks, Lam and Hayes",marketingqualifiedlead,63,IB,smb,Australia,2025-12-18 21:40:06,false,2026-04-01 06:30:00
HS-000552,robert89552@example.com,Castaneda-Ashley,marketingqualifiedlead,70,IB,smb,United Kingdom,2026-02-12 00:21:46,false,2026-04-01 06:30:00
HS-000553,arthur09553@example.com,"Martin, Preston and Moore",lead,16,Trade Show,Enterprise,United Kingdom,2026-02-03 09:25:47,false,2026-04-01 06:30:00
HS-000554,hbush554@example.com,Nolan and Sons,marketingqualifiedlead,59,Referral,SMB,United States,2026-02-19 01:11:05,false,2026-04-01 06:30:00
HS-000555,fnixon555@example.com,Pollard and Sons,marketingqualifiedlead,50,Outbound,MM,Germany,2026-01-19 23:45:57,false,2026-04-01 06:30:00
HS-000556,jessicafox556@example.com,Allen-Allen,marketingqualifiedlead,77,Outbound,Small Business,United States,2025-09-23 07:04:51,false,2026-04-01 06:30:00
HS-000557,steven18557@example.com,Arroyo LLC,marketingqualifiedlead,82,Outbound,smb,United States,2026-02-07 03:53:24,false,2026-04-01 06:30:00
HS-000558,sanchezcrystal558@example.com,Lopez-Reid,marketingqualifiedlead,54,Outbound,smb,United Kingdom,2026-01-10 10:43:22,false,2026-04-01 06:30:00
HS-000559,suttonamber559@example.com,Johnson-Carlson,marketingqualifiedlead,52,Trade Show,MidMarket,Germany,2025-08-30 09:16:40,false,2026-04-01 06:30:00
HS-000560,chloe58560@example.com,"Conner, Li and Santiago",marketingqualifiedlead,62,Trade Show,smb,Australia,2026-02-16 05:58:20,false,2026-04-01 06:30:00
HS-000561,harrisonwilliam561@example.com,Vargas Ltd,lead,32,Event,smb,United States,2025-10-28 08:09:54,false,2026-04-01 06:30:00
HS-000562,vberry562@example.com,"Fry, Hobbs and Buck",marketingqualifiedlead,80,Inbound,SmallBiz,United Kingdom,2026-01-02 23:55:49,false,2026-04-01 06:30:00
HS-000563,zgomez563@example.com,Sheppard LLC,lead,15,Inbound,SMB,Canada,2026-03-28 08:17:04,false,2026-04-01 06:30:00
HS-000564,keith09564@example.com,"Byrd, Oliver and Martinez",lead,15,inbound,MM,United Kingdom,2025-09-15 10:15:48,false,2026-04-01 06:30:00
HS-000565,jessica94565@example.com,Terry-Martinez,lead,39,Cold Outreach,enterprise,Germany,2025-09-11 06:00:28,false,2026-04-01 06:30:00
HS-000566,sotobelinda566@example.com,"Wagner, Simpson and Cohen",lead,37,Cold Outreach,MM,United Kingdom,2026-03-23 19:00:56,false,2026-04-01 06:30:00
HS-000567,douglaskelly567@example.com,"Smith, Rodriguez and Anderson",marketingqualifiedlead,44,Content,Mid-Market,United States,2026-03-20 04:49:11,false,2026-04-01 06:30:00
HS-000568,mitchellchristopher568@example.com,Williams Ltd,marketingqualifiedlead,43,IB,MM,Australia,2025-09-12 08:04:33,false,2026-04-01 06:30:00
HS-000569,yorkjoshua569@example.com,Giles Ltd,lead,8,inbound,ENT,United States,2026-03-01 00:13:15,false,2026-04-01 06:30:00
HS-000570,christinahill570@example.com,Stewart Ltd,marketingqualifiedlead,87,Event,Small Business,Germany,2025-11-18 08:29:30,false,2026-04-01 06:30:00
HS-000571,alexis19571@example.com,Fuentes Group,marketingqualifiedlead,65,Cold Outreach,Strategic,Germany,2026-02-05 09:59:41,false,2026-04-01 06:30:00
HS-000572,reneestevenson572@example.com,Wheeler Group,marketingqualifiedlead,86,IB,SMB,Germany,2025-12-08 02:07:25,false,2026-04-01 06:30:00
HS-000573,lwood573@example.com,"Perez, Hayes and Lloyd",marketingqualifiedlead,76,Word of Mouth,SmallBiz,Germany,2025-10-05 08:14:36,false,2026-04-01 06:30:00
HS-000574,kimberly37574@example.com,"Harvey, Davis and Crane",marketingqualifiedlead,67,Content Download,SMB,Germany,2025-11-11 14:35:11,false,2026-04-01 06:30:00
HS-000575,laurenatkins575@example.com,Adams-Clayton,lead,23,inbound,MM,United States,2025-12-20 22:10:37,false,2026-04-01 06:30:00
HS-000576,tracey29576@example.com,"Patton, Parsons and Lane",lead,5,inbound,Small Business,United States,2025-11-05 23:08:42,false,2026-04-01 06:30:00
HS-000577,marymullins577@example.com,"Jones, Scott and Rodriguez",marketingqualifiedlead,67,Paid Ads,MidMarket,Australia,2025-10-13 16:14:23,false,2026-04-01 06:30:00
HS-000578,ptownsend578@example.com,Davis and Sons,lead,27,IB,smb,United States,2026-01-03 21:28:46,false,2026-04-01 06:30:00
HS-000579,kbarber579@example.com,"Mueller, Knight and Hodge",lead,19,inbound,SMB,United Kingdom,2025-11-05 00:55:41,false,2026-04-01 06:30:00
HS-000580,beckywilkinson580@example.com,Walker LLC,lead,34,Word of Mouth,SMB,Germany,2025-09-08 08:09:09,false,2026-04-01 06:30:00
HS-000581,maykarla581@example.com,"Daniels, Vance and York",marketingqualifiedlead,63,IB,SmallBiz,Australia,2025-08-29 19:03:49,false,2026-04-01 06:30:00
HS-000582,williamssteven582@example.com,"Williams, Johnson and Wright",lead,26,Paid,smb,Canada,2025-10-22 16:19:55,false,2026-04-01 06:30:00
HS-000583,vturner583@example.com,"Burke, Martinez and Riggs",lead,10,Paid Ads,MM,United Kingdom,2025-10-09 22:34:02,false,2026-04-01 06:30:00
HS-000584,noahthornton584@example.com,Wright-Grimes,marketingqualifiedlead,56,Partner,enterprise,Germany,2025-12-10 11:34:47,false,2026-04-01 06:30:00
HS-000585,hbaker585@example.com,"Robinson, Jones and Henderson",marketingqualifiedlead,67,Partner,enterprise,Canada,2026-01-12 11:42:06,false,2026-04-01 06:30:00
HS-000586,zsmith586@example.com,"Rivera, Martinez and Richardson",marketingqualifiedlead,48,Content Download,smb,United Kingdom,2026-01-08 12:26:08,false,2026-04-01 06:30:00
HS-000587,ureyes587@example.com,Paul-Kline,marketingqualifiedlead,45,Referral,Mid-Market,Canada,2025-10-28 04:21:47,false,2026-04-01 06:30:00
HS-000588,davisamanda588@example.com,"Whitney, Gould and Jones",lead,6,Event,Small Business,Germany,2026-01-03 01:03:08,false,2026-04-01 06:30:00
HS-000589,stephanie69589@example.com,Hardy-Hansen,marketingqualifiedlead,78,Trade Show,MidMarket,Canada,2025-12-23 12:29:16,false,2026-04-01 06:30:00
HS-000590,matthew41590@example.com,"Rodgers, Jefferson and Johnson",marketingqualifiedlead,85,Paid,Mid Market,United Kingdom,2025-10-25 08:01:54,false,2026-04-01 06:30:00
HS-000591,destiny67591@example.com,Harris-Barker,lead,8,Inbound,Small Business,Australia,2026-03-30 15:49:42,false,2026-04-01 06:30:00
HS-000592,jessicachapman592@example.com,Wilson-Salazar,lead,21,Inbound,smb,Australia,2025-11-14 07:36:38,false,2026-04-01 06:30:00
HS-000593,aprilbyrd593@example.com,Mccann-Ramos,lead,25,Referral,enterprise,United States,2026-01-12 17:38:03,false,2026-04-01 06:30:00
HS-000594,lawrencesmith594@example.com,Welch-Hogan,lead,30,outbound,SMB,Australia,2025-12-19 08:23:46,false,2026-04-01 06:30:00
HS-000595,deckeralexander595@example.com,Williams Ltd,marketingqualifiedlead,80,Outbound,Strategic,Germany,2026-02-05 23:25:01,false,2026-04-01 06:30:00
HS-000596,foxgina596@example.com,Bruce-Villegas,lead,31,Word of Mouth,smb,United Kingdom,2025-12-28 01:12:44,false,2026-04-01 06:30:00
HS-000597,jeffrey44597@example.com,Boyle-Smith,lead,31,outbound,SMB,Germany,2025-11-19 09:02:37,false,2026-04-01 06:30:00
HS-000598,austinharvey598@example.com,Williams-Hughes,marketingqualifiedlead,65,Content Download,SmallBiz,United Kingdom,2026-01-01 03:21:47,false,2026-04-01 06:30:00
HS-000599,maysdiane599@example.com,Sullivan PLC,marketingqualifiedlead,52,inbound,SmallBiz,Germany,2025-09-11 01:54:59,false,2026-04-01 06:30:00
HS-000600,stephanielittle600@example.com,Davis-Gregory,lead,30,Word of Mouth,Small Business,Germany,2025-10-14 04:00:07,false,2026-04-01 06:30:00
HS-000601,millercassandra601@example.com,Garner-Thornton,lead,14,Paid Ads,Mid Market,United Kingdom,2025-12-30 00:10:46,false,2026-04-01 06:30:00
HS-000602,pdouglas602@example.com,Carter-Neal,lead,22,PPC,MM,Germany,2025-10-02 05:12:47,false,2026-04-01 06:30:00
HS-000603,pauladominguez603@example.com,Baker-Wilson,lead,15,IB,MidMarket,United Kingdom,2026-01-08 23:55:16,false,2026-04-01 06:30:00
HS-000604,kenneth17604@example.com,"Duran, Obrien and Gibbs",marketingqualifiedlead,67,IB,smb,Canada,2025-10-07 04:40:57,false,2026-04-01 06:30:00
HS-000605,kayla54605@example.com,Schmidt PLC,lead,6,IB,Mid Market,United States,2025-09-24 13:13:45,false,2026-04-01 06:30:00
HS-000606,kimberlyramirez606@example.com,Gibson Ltd,lead,35,Outbound,Small Business,Canada,2025-11-07 17:51:41,false,2026-04-01 06:30:00
HS-000607,reyesmarvin607@example.com,Jones Inc,marketingqualifiedlead,63,Referral,enterprise,United States,2026-02-01 15:47:00,false,2026-04-01 06:30:00
HS-000608,scottlisa608@example.com,Hughes Inc,marketingqualifiedlead,52,inbound,Small Business,Canada,2025-09-30 07:54:15,false,2026-04-01 06:30:00
HS-000609,scottvasquez609@example.com,Lynn-Jones,lead,23,Outbound,ENT,United Kingdom,2026-03-25 14:57:10,false,2026-04-01 06:30:00
HS-000610,chelseywhite610@example.com,Edwards-Williams,lead,36,Paid Ads,Strategic,United States,2026-03-06 04:36:00,false,2026-04-01 06:30:00
HS-000611,irodriguez611@example.com,Smith-Oneill,marketingqualifiedlead,63,Outbound,smb,Germany,2025-11-29 21:20:24,false,2026-04-01 06:30:00
HS-000612,probinson612@example.com,"Moore, Price and Ward",lead,39,Partner,Mid Market,Canada,2025-10-17 08:05:34,false,2026-04-01 06:30:00
HS-000613,gainesjennifer613@example.com,Ferguson-Mclean,lead,31,Content Download,Mid Market,Canada,2025-12-21 19:17:59,false,2026-04-01 06:30:00
HS-000614,johnsonchad614@example.com,Brooks-Hatfield,marketingqualifiedlead,51,Content,smb,Canada,2026-01-10 15:53:54,false,2026-04-01 06:30:00
HS-000615,kimberly07615@example.com,"Austin, Day and Johnson",marketingqualifiedlead,49,Event,MM,Canada,2025-09-08 11:31:55,false,2026-04-01 06:30:00
HS-000616,denisesmith616@example.com,Levy-May,lead,27,Event,SmallBiz,United Kingdom,2026-03-04 16:14:15,false,2026-04-01 06:30:00
HS-000617,ortegajoseph617@example.com,Gonzalez Group,lead,8,outbound,enterprise,Australia,2025-12-18 09:02:10,false,2026-04-01 06:30:00
HS-000618,rebecca90618@example.com,"Smith, Crawford and Reed",marketingqualifiedlead,77,Content Download,smb,United Kingdom,2025-09-20 17:24:02,false,2026-04-01 06:30:00
HS-000619,zmendoza619@example.com,Moran-Cox,marketingqualifiedlead,55,Outbound,enterprise,Germany,2025-11-21 15:23:15,false,2026-04-01 06:30:00
HS-000620,fernandezaaron620@example.com,Wheeler PLC,marketingqualifiedlead,85,inbound,MM,Canada,2025-10-08 06:22:36,false,2026-04-01 06:30:00
HS-000621,imartinez621@example.com,"Tapia, Vaughn and Lee",lead,29,PPC,Small Business,Canada,2025-09-11 00:41:18,false,2026-04-01 06:30:00
HS-000622,mathew46622@example.com,Reid Group,lead,13,IB,Strategic,Australia,2025-10-11 06:56:26,false,2026-04-01 06:30:00
HS-000623,chensusan623@example.com,"Watson, Smith and Morris",lead,20,Partner,SMB,United States,2026-01-10 02:37:29,false,2026-04-01 06:30:00
HS-000624,diazmelissa624@example.com,Jackson-Wallace,lead,15,Inbound,MM,Germany,2025-11-02 23:24:40,false,2026-04-01 06:30:00
HS-000625,christopher74625@example.com,Gonzalez-Gonzalez,marketingqualifiedlead,58,inbound,ENT,United Kingdom,2025-09-20 12:15:12,false,2026-04-01 06:30:00
HS-000626,gregorywilliams626@example.com,Drake-Wolfe,marketingqualifiedlead,71,Content Download,Enterprise,Australia,2026-02-20 16:43:28,false,2026-04-01 06:30:00
HS-000627,tguerrero627@example.com,Henderson-Bernard,marketingqualifiedlead,90,inbound,SmallBiz,United Kingdom,2026-03-10 06:32:11,false,2026-04-01 06:30:00
HS-000628,omosley628@example.com,Berry-Mckinney,lead,30,Content,SMB,Australia,2025-11-08 22:28:03,false,2026-04-01 06:30:00
HS-000628D,omosley628@example.com,Berry-Mckinney,lead,30,Content,SMB,Australia,2025-11-08 22:28:03,false,2026-04-01 06:30:00
HS-000629,tom73629@example.com,Bryant and Sons,lead,35,Partner,MidMarket,United States,2025-09-29 19:15:26,false,2026-04-01 06:30:00
HS-000629D,tom73629@example.com,Bryant and Sons,lead,35,Partner,MidMarket,United States,2025-09-29 19:15:26,false,2026-04-01 06:30:00
HS-000630,austinjohnson630@example.com,"Morris, Thompson and Williams",marketingqualifiedlead,43,Trade Show,SmallBiz,Germany,2025-11-06 17:41:08,false,2026-04-01 06:30:00
HS-000631,tracybrown631@example.com,Johnson and Sons,lead,36,Content Download,SmallBiz,United Kingdom,2025-12-20 06:29:53,false,2026-04-01 06:30:00
HS-000632,victor70632@example.com,"Woodard, Herrera and Little",lead,10,Inbound,Small Business,United Kingdom,2026-03-12 14:43:40,false,2026-04-01 06:30:00
HS-000633,morganmatthew633@example.com,Howell and Sons,lead,17,inbound,Strategic,United Kingdom,2026-02-24 12:17:43,false,2026-04-01 06:30:00
HS-000634,sullivanjason634@example.com,Moore-Bass,marketingqualifiedlead,64,Referral,smb,Australia,2025-10-20 14:32:58,false,2026-04-01 06:30:00
HS-000635,ibentley635@example.com,Flowers LLC,lead,30,Paid Ads,smb,Australia,2025-12-08 16:35:47,false,2026-04-01 06:30:00
HS-000636,joycehall636@example.com,Baker-Wilson,lead,28,inbound,Mid Market,United Kingdom,2026-02-23 17:27:07,false,2026-04-01 06:30:00
HS-000637,johnsondonald637@example.com,Tran Group,lead,28,Content,MM,United States,2025-10-07 21:10:03,false,2026-04-01 06:30:00
HS-000638,ruizsamantha638@example.com,Williams LLC,lead,31,IB,SMB,Germany,2026-03-20 07:37:00,false,2026-04-01 06:30:00
HS-000639,sanchezdeborah639@example.com,"Phillips, Thompson and Smith",lead,22,outbound,Mid Market,Germany,2025-10-01 14:42:28,false,2026-04-01 06:30:00
HS-000640,jacksonbrendan640@example.com,Wolf-Harris,lead,7,outbound,smb,United Kingdom,2026-03-05 15:33:19,false,2026-04-01 06:30:00
HS-000641,lori17641@example.com,Marsh-Banks,marketingqualifiedlead,61,inbound,SMB,United States,2026-01-20 18:10:36,false,2026-04-01 06:30:00
HS-000641D,lori17641@example.com,Marsh-Banks,marketingqualifiedlead,61,inbound,SMB,United States,2026-01-20 18:10:36,false,2026-04-01 06:30:00
HS-000642,marybrown642@example.com,"Jacobson, Singleton and King",lead,34,Trade Show,smb,United Kingdom,2026-03-26 12:34:40,false,2026-04-01 06:30:00
HS-000643,wilsonbrooke643@arcline.com,Vargas PLC,marketingqualifiedlead,44,Outbound,MidMarket,United States,2025-08-27 11:31:33,true,2026-04-01 06:30:00
HS-000644,bryanharris644@example.com,"Butler, Hernandez and Rivera",lead,34,Partner,SMB,United States,2026-02-18 00:53:15,false,2026-04-01 06:30:00
HS-000645,lisa65645@example.com,Gray-Tran,marketingqualifiedlead,90,inbound,MM,Australia,2026-02-19 07:08:20,false,2026-04-01 06:30:00
HS-000646,daughertybarbara646@example.com,Richards-Carson,lead,9,inbound,Mid-Market,Canada,2026-02-28 06:54:31,false,2026-04-01 06:30:00
HS-000647,marcoconnell647@example.com,Pollard and Sons,marketingqualifiedlead,55,Inbound,MM,Germany,2026-01-19 03:15:31,false,2026-04-01 06:30:00
HS-000648,kathrynwatkins648@example.com,Cordova Group,marketingqualifiedlead,81,Event,SmallBiz,Australia,2025-10-27 13:04:37,false,2026-04-01 06:30:00
HS-000649,bryan42649@example.com,Humphrey PLC,lead,25,inbound,Mid-Market,Canada,2025-11-25 21:27:16,false,2026-04-01 06:30:00
HS-000650,xjackson650@example.com,Watson Group,marketingqualifiedlead,59,Event,smb,Canada,2025-08-28 22:58:11,false,2026-04-01 06:30:00
HS-000651,samuelfrost651@example.com,Allen-Allen,lead,32,Channel,SMB,United States,2025-10-24 06:54:40,false,2026-04-01 06:30:00
HS-000652,andersonkylie652@example.com,Barber-Fischer,marketingqualifiedlead,69,Cold Outreach,SmallBiz,United Kingdom,2026-01-27 21:56:37,false,2026-04-01 06:30:00
HS-000653,bstrickland653@example.com,Dominguez Ltd,lead,22,Cold Outreach,MM,Canada,2026-02-16 13:39:34,false,2026-04-01 06:30:00
HS-000653D,bstrickland653@example.com,Dominguez Ltd,lead,22,Cold Outreach,MM,Canada,2026-02-16 13:39:34,false,2026-04-01 06:30:00
HS-000654,amiller654@example.com,"Becker, Wilson and Hester",lead,27,inbound,enterprise,United Kingdom,2026-02-06 06:58:36,false,2026-04-01 06:30:00
HS-000655,saramann655@example.com,"Graham, Olsen and Costa",lead,37,Event,smb,Australia,2026-03-04 14:54:16,false,2026-04-01 06:30:00
HS-000656,robert72656@example.com,Jackson PLC,lead,20,Outbound,SmallBiz,Canada,2026-03-11 12:26:59,false,2026-04-01 06:30:00
HS-000657,douglasnelson657@example.com,"Jones, Scott and Rodriguez",lead,17,IB,Mid Market,Australia,2025-12-08 09:01:25,false,2026-04-01 06:30:00
HS-000658,ljenkins658@example.com,Miller Inc,lead,33,Outbound,Mid-Market,United Kingdom,2025-11-07 22:50:38,false,2026-04-01 06:30:00
HS-000659,carlsonjennifer659@example.com,Green-Wright,lead,37,Content Download,Small Business,United Kingdom,2026-03-26 18:21:57,false,2026-04-01 06:30:00
HS-000660,burtonkimberly660@example.com,Williams Ltd,lead,33,inbound,enterprise,Germany,2026-02-25 08:10:14,false,2026-04-01 06:30:00
HS-000661,robert83661@example.com,Miller Inc,lead,18,IB,Mid Market,United Kingdom,2025-11-17 09:18:46,false,2026-04-01 06:30:00
HS-000662,davidmoreno662@example.com,Freeman-Chang,lead,38,inbound,SmallBiz,United Kingdom,2025-10-06 04:41:54,false,2026-04-01 06:30:00
HS-000663,montgomerymichelle663@example.com,"Edwards, Hines and Jimenez",lead,34,Cold Outreach,Mid-Market,United Kingdom,2025-10-21 05:05:17,false,2026-04-01 06:30:00
HS-000664,stevensims664@example.com,Abbott Ltd,marketingqualifiedlead,73,outbound,Strategic,Canada,2025-09-07 22:32:53,false,2026-04-01 06:30:00
HS-000665,joshualee665@example.com,Adams PLC,lead,24,Inbound,Small Business,United Kingdom,2026-01-10 17:35:22,false,2026-04-01 06:30:00
HS-000666,ginaschmitt666@example.com,"Lewis, Kennedy and Santana",marketingqualifiedlead,41,Referral,enterprise,Germany,2025-10-03 11:33:05,false,2026-04-01 06:30:00
HS-000667,kjimenez667@example.com,Brooks Ltd,marketingqualifiedlead,54,Content,SMB,Canada,2026-02-11 05:40:38,false,2026-04-01 06:30:00
HS-000668,brownmichael668@example.com,"Perez, Hayes and Lloyd",marketingqualifiedlead,73,IB,SMB,Germany,2025-09-13 19:16:26,false,2026-04-01 06:30:00
HS-000669,ryancook669@example.com,Chambers and Sons,marketingqualifiedlead,43,Inbound,enterprise,United States,2026-03-01 11:14:54,false,2026-04-01 06:30:00
HS-000670,vwilliams670@example.com,"Mueller, Stevenson and Sanchez",marketingqualifiedlead,62,Content,SmallBiz,Germany,2026-01-14 20:29:16,false,2026-04-01 06:30:00
HS-000671,buckleygregory671@example.com,Barnes Inc,marketingqualifiedlead,60,inbound,Strategic,Canada,2025-11-27 10:10:51,false,2026-04-01 06:30:00
HS-000672,washingtondarren672@example.com,Nelson-Cruz,lead,13,PPC,enterprise,Germany,2025-11-02 02:23:28,false,2026-04-01 06:30:00
HS-000673,jenniferwatkins673@example.com,Gay Inc,marketingqualifiedlead,58,Event,SMB,Germany,2025-10-25 04:15:58,false,2026-04-01 06:30:00
HS-000674,robert53674@example.com,"Garcia, Martin and Jenkins",lead,32,Content Download,Small Business,Germany,2025-10-04 18:59:08,false,2026-04-01 06:30:00
HS-000675,nguyencorey675@example.com,Foster-Williams,lead,6,Trade Show,SmallBiz,United States,2025-09-20 09:08:07,false,2026-04-01 06:30:00
HS-000676,ykane676@example.com,"Duran, Obrien and Gibbs",marketingqualifiedlead,83,IB,Small Business,Canada,2025-12-20 01:48:04,false,2026-04-01 06:30:00
HS-000677,charlesrichards677@example.com,Johnson Inc,marketingqualifiedlead,68,Trade Show,smb,Canada,2026-02-10 07:03:00,false,2026-04-01 06:30:00
HS-000678,zamoradustin678@example.com,"Pugh, Henderson and Moon",marketingqualifiedlead,75,inbound,Small Business,United Kingdom,2025-10-16 22:52:40,false,2026-04-01 06:30:00
HS-000679,xthompson679@example.com,Stafford Inc,marketingqualifiedlead,56,outbound,SMB,Australia,2025-09-02 22:47:34,false,2026-04-01 06:30:00
HS-000680,stephenlee680@example.com,Boone-Simmons,lead,15,PPC,Mid-Market,Canada,2025-12-21 11:40:47,false,2026-04-01 06:30:00
HS-000681,theresa35681@example.com,Jones-Lin,lead,8,Inbound,ENT,Germany,2025-11-14 13:12:24,false,2026-04-01 06:30:00
HS-000682,antoniocarroll682@example.com,Anderson-Bailey,marketingqualifiedlead,87,Cold Outreach,SmallBiz,United States,2025-10-27 17:04:37,false,2026-04-01 06:30:00
HS-000683,derek77683@example.com,Robinson-Brock,marketingqualifiedlead,55,Trade Show,Mid-Market,Germany,2025-10-21 00:11:42,false,2026-04-01 06:30:00
HS-000684,vjackson684@example.com,"Tran, Jordan and Williams",lead,37,Event,MM,Canada,2026-03-27 23:58:28,false,2026-04-01 06:30:00
HS-000685,oliviamunoz685@example.com,"Robinson, Jones and Henderson",lead,21,Content Download,ENT,Canada,2025-11-06 00:43:24,false,2026-04-01 06:30:00
HS-000686,belindatran686@example.com,Wood LLC,marketingqualifiedlead,64,Trade Show,SMB,Australia,2026-01-02 10:40:07,false,2026-04-01 06:30:00
HS-000687,christophervincent687@example.com,Acosta Inc,lead,15,outbound,smb,Australia,2026-01-15 19:58:19,false,2026-04-01 06:30:00
HS-000688,natkins688@example.com,"Burke, Martinez and Riggs",marketingqualifiedlead,80,Inbound,Mid-Market,United Kingdom,2025-12-31 21:55:24,false,2026-04-01 06:30:00
HS-000689,rhood689@example.com,"Andrade, Gordon and Cruz",marketingqualifiedlead,85,inbound,MidMarket,United States,2025-10-21 10:39:09,false,2026-04-01 06:30:00
HS-000690,blairjill690@example.com,"Thompson, Moore and Castro",lead,10,Outbound,Mid Market,Australia,2026-02-16 09:02:08,false,2026-04-01 06:30:00
HS-000691,johnhamilton691@example.com,Hardy PLC,lead,24,Outbound,SmallBiz,Australia,2025-11-25 18:42:37,false,2026-04-01 06:30:00
HS-000692,patriciavargas692@example.com,Hickman-Evans,marketingqualifiedlead,40,Inbound,MM,Australia,2025-09-02 19:15:18,false,2026-04-01 06:30:00
HS-000693,robinvillanueva693@example.com,Mueller-Boyd,marketingqualifiedlead,90,Cold Outreach,smb,United Kingdom,2025-12-27 06:47:45,false,2026-04-01 06:30:00
HS-000694,cbaird694@example.com,"Thomas, Ford and Brown",lead,5,Inbound,Small Business,United States,2026-01-15 14:52:57,false,2026-04-01 06:30:00
HS-000695,gquinn695@example.com,Mendez and Sons,marketingqualifiedlead,74,Content,MM,Germany,2025-10-18 06:58:14,false,2026-04-01 06:30:00
HS-000696,simmonsphillip696@example.com,Lam-Elliott,lead,37,inbound,Mid-Market,United Kingdom,2026-02-03 11:31:25,false,2026-04-01 06:30:00
HS-000697,chavezjohn697@example.com,Donovan-Harris,lead,32,outbound,Small Business,Germany,2025-09-01 19:52:12,false,2026-04-01 06:30:00
HS-000698,steelerichard698@example.com,"Davis, Alexander and Mcintyre",lead,36,Trade Show,Mid-Market,Germany,2025-11-11 23:10:29,false,2026-04-01 06:30:00
HS-000699,davidphillips699@example.com,Wilkerson-Arias,lead,9,IB,Mid-Market,United Kingdom,2026-01-12 14:31:24,false,2026-04-01 06:30:00
HS-000700,smithelizabeth700@example.com,Mcgee-Smith,marketingqualifiedlead,89,Cold Outreach,Small Business,Germany,2025-10-14 01:27:24,false,2026-04-01 06:30:00
HS-000701,jacquelinehodge701@example.com,Carter Inc,marketingqualifiedlead,50,Word of Mouth,Small Business,Australia,2025-10-11 15:39:20,false,2026-04-01 06:30:00
HS-000702,braysteven702@example.com,Wilkerson-Arias,marketingqualifiedlead,77,IB,MidMarket,United Kingdom,2025-11-17 14:19:35,false,2026-04-01 06:30:00
HS-000703,morgansullivan703@example.com,"Mccarthy, Evans and Mendez",marketingqualifiedlead,57,Content Download,smb,Germany,2026-01-04 22:29:48,false,2026-04-01 06:30:00
HS-000704,courtney01704@example.com,"Winters, Newman and Brown",marketingqualifiedlead,70,Referral,smb,Canada,2025-11-29 05:10:25,false,2026-04-01 06:30:00
HS-000705,vbarry705@example.com,"Thomas, Ford and Brown",lead,22,Content,Small Business,United States,2025-10-05 05:16:01,false,2026-04-01 06:30:00
HS-000706,phillipskaren706@example.com,"Ortiz, Smith and Deleon",marketingqualifiedlead,40,IB,Enterprise,Australia,2025-11-15 16:09:15,false,2026-04-01 06:30:00
HS-000707,kristinmiller707@example.com,Davis-Gregory,lead,39,Content,SmallBiz,Germany,2026-03-06 06:16:09,false,2026-04-01 06:30:00
HS-000708,jill08708@example.com,"Howard, Townsend and Hayes",marketingqualifiedlead,89,Outbound,SmallBiz,United States,2026-01-02 03:30:41,false,2026-04-01 06:30:00
HS-000709,pamela16709@example.com,Flynn Group,lead,28,Outbound,smb,United Kingdom,2025-10-11 08:52:07,false,2026-04-01 06:30:00
HS-000710,steven05710@example.com,"Gould, Marshall and Scott",marketingqualifiedlead,86,Word of Mouth,SmallBiz,Germany,2025-10-21 19:17:39,false,2026-04-01 06:30:00
HS-000711,gregory81711@example.com,Anderson-Bell,lead,6,Word of Mouth,Mid Market,United States,2025-10-21 16:20:23,false,2026-04-01 06:30:00
HS-000712,devonrogers712@example.com,Mendez and Sons,lead,9,outbound,Mid-Market,Germany,2026-01-23 00:21:49,false,2026-04-01 06:30:00
HS-000713,banksjo713@example.com,Moore-Dawson,lead,5,Paid,SmallBiz,United States,2025-12-10 20:42:45,false,2026-04-01 06:30:00
HS-000714,karenhodges714@example.com,Williams-Williams,lead,13,Content Download,Enterprise,United States,2025-10-27 11:24:18,false,2026-04-01 06:30:00
HS-000715,michael48715@example.com,"Edwards, Rodgers and Davis",marketingqualifiedlead,76,Cold Outreach,Mid Market,United Kingdom,2025-10-12 18:51:03,false,2026-04-01 06:30:00
HS-000716,eramirez716@example.com,Tran Ltd,marketingqualifiedlead,50,IB,smb,United States,2026-01-22 01:22:37,false,2026-04-01 06:30:00
HS-000717,michael78717@example.com,Lopez Ltd,lead,13,Cold Outreach,Mid-Market,United Kingdom,2026-02-19 22:53:19,false,2026-04-01 06:30:00
HS-000718,harrisonamanda718@example.com,Blevins-Ballard,marketingqualifiedlead,63,IB,Mid-Market,Canada,2026-03-16 03:31:12,false,2026-04-01 06:30:00
HS-000719,shannon51719@arcline.com,Kirby and Sons,lead,31,Trade Show,SMB,Canada,2025-12-04 09:58:12,true,2026-04-01 06:30:00
HS-000720,patriciaellis720@example.com,"Brandt, Carter and Boyd",marketingqualifiedlead,68,Trade Show,SMB,Australia,2025-11-24 19:54:42,false,2026-04-01 06:30:00
HS-000721,myersharold721@example.com,"Ochoa, Taylor and Brady",lead,26,Word of Mouth,Mid-Market,United Kingdom,2026-02-09 03:28:14,false,2026-04-01 06:30:00
HS-000722,rodriguezjoshua722@example.com,"Johnson, Duncan and Black",marketingqualifiedlead,81,Cold Outreach,SMB,United Kingdom,2025-12-13 13:19:16,false,2026-04-01 06:30:00
HS-000723,tylergolden723@example.com,Silva-Smith,lead,37,outbound,Mid Market,Australia,2026-03-27 00:35:42,false,2026-04-01 06:30:00
HS-000723D,tylergolden723@example.com,Silva-Smith,lead,37,outbound,Mid Market,Australia,2026-03-27 00:35:42,false,2026-04-01 06:30:00
HS-000724,cartertara724@example.com,Santana-Byrd,marketingqualifiedlead,51,IB,SMB,Canada,2025-12-23 16:23:58,false,2026-04-01 06:30:00
HS-000725,thomasfisher725@example.com,"Jones, Cummings and Conway",marketingqualifiedlead,76,outbound,Mid Market,Canada,2025-09-23 03:07:28,false,2026-04-01 06:30:00
HS-000726,carterbryan726@example.com,"Joyce, Wilson and Lam",lead,10,Outbound,SMB,Germany,2026-01-28 19:29:38,false,2026-04-01 06:30:00
HS-000727,marystone727@example.com,Morton-Chase,lead,24,Inbound,smb,United States,2026-03-30 07:38:13,false,2026-04-01 06:30:00
HS-000728,robert55728@example.com,Williams Group,lead,35,inbound,MM,United Kingdom,2025-09-16 11:14:13,false,2026-04-01 06:30:00
HS-000729,swatkins729@example.com,"Andrade, Gordon and Cruz",marketingqualifiedlead,78,IB,Mid-Market,United States,2025-09-04 11:16:02,false,2026-04-01 06:30:00
HS-000730,kellis730@example.com,Cook-Oliver,marketingqualifiedlead,58,Channel,SmallBiz,Germany,2026-02-03 20:27:58,false,2026-04-01 06:30:00
HS-000731,rachelparker731@example.com,"Brown, Hayes and Clark",marketingqualifiedlead,80,IB,SmallBiz,Australia,2025-09-01 09:39:14,false,2026-04-01 06:30:00
HS-000732,jeremy54732@example.com,Edwards Ltd,lead,5,Event,MM,Australia,2025-12-06 23:47:14,false,2026-04-01 06:30:00
HS-000733,hernandezjustin733@example.com,Conner-Yu,lead,18,Outbound,SmallBiz,United Kingdom,2026-03-27 17:01:27,false,2026-04-01 06:30:00
HS-000734,christinemartin734@example.com,Rodriguez-Johnson,lead,8,IB,SmallBiz,Canada,2025-10-01 01:29:03,false,2026-04-01 06:30:00
HS-000735,ian22735@example.com,"Chan, Floyd and Dillon",marketingqualifiedlead,40,IB,SmallBiz,Germany,2025-11-05 10:50:12,false,2026-04-01 06:30:00
HS-000736,johnwilliams736@example.com,Sandoval-Cunningham,marketingqualifiedlead,48,Inbound,smb,Canada,2025-12-14 10:41:40,false,2026-04-01 06:30:00
HS-000737,autumn74737@example.com,"Reyes, Chase and Jenkins",marketingqualifiedlead,41,Paid Ads,MidMarket,United Kingdom,2026-03-15 17:41:53,false,2026-04-01 06:30:00
HS-000738,jack80738@example.com,"Branch, Torres and Oliver",lead,21,Referral,MM,Germany,2026-02-19 08:39:28,false,2026-04-01 06:30:00
HS-000739,tiffany25739@example.com,Miller Ltd,marketingqualifiedlead,67,IB,Small Business,United Kingdom,2026-03-11 09:02:49,false,2026-04-01 06:30:00
HS-000740,kfernandez740@example.com,Sanchez Ltd,lead,19,Event,Enterprise,United States,2026-02-08 09:23:20,false,2026-04-01 06:30:00
HS-000741,david06741@example.com,Stein-Silva,marketingqualifiedlead,53,Content Download,smb,Canada,2025-09-06 07:36:57,false,2026-04-01 06:30:00
HS-000742,dmack742@example.com,"Brennan, Wallace and Benson",lead,5,Paid Ads,SmallBiz,Australia,2025-09-19 10:18:11,false,2026-04-01 06:30:00
HS-000743,eric88743@example.com,"Shelton, Peters and Williams",lead,37,IB,ENT,Australia,2025-11-06 01:19:32,false,2026-04-01 06:30:00
HS-000744,deborah47744@example.com,"Hartman, Romero and Smith",lead,27,Content,SMB,Canada,2025-11-26 17:24:11,false,2026-04-01 06:30:00
HS-000745,tara92745@example.com,Spencer-Garcia,marketingqualifiedlead,55,Inbound,MM,United States,2025-12-03 17:38:22,false,2026-04-01 06:30:00
HS-000746,hmorgan746@example.com,"Lynch, Evans and Rodriguez",marketingqualifiedlead,58,inbound,SMB,United States,2025-10-23 11:12:21,false,2026-04-01 06:30:00
HS-000747,imccullough747@example.com,Stanley PLC,marketingqualifiedlead,62,Cold Outreach,smb,Canada,2026-02-05 06:57:33,false,2026-04-01 06:30:00
HS-000748,parkerrichard748@example.com,Bates LLC,lead,36,inbound,SMB,Germany,2026-02-04 16:26:06,false,2026-04-01 06:30:00
HS-000749,seandavis749@example.com,"Lamb, Martin and Kim",marketingqualifiedlead,88,Trade Show,Mid Market,Australia,2026-03-19 07:31:41,false,2026-04-01 06:30:00
HS-000750,franklinjames750@example.com,"Scott, Mendoza and Harris",lead,12,Paid,SmallBiz,United Kingdom,2026-02-21 20:14:41,false,2026-04-01 06:30:00
HS-000751,kimberlywang751@example.com,Scott and Sons,lead,13,Event,smb,United Kingdom,2025-12-09 21:03:29,false,2026-04-01 06:30:00
HS-000752,andrewryan752@example.com,Morgan-Schwartz,marketingqualifiedlead,72,IB,SMB,United States,2025-10-23 09:56:54,false,2026-04-01 06:30:00
HS-000753,frhodes753@arcline.com,"Osborn, Gaines and Davis",lead,36,Referral,smb,United States,2025-11-25 18:45:55,true,2026-04-01 06:30:00
HS-000754,ulee754@example.com,Davis-Lewis,marketingqualifiedlead,41,Event,MM,Australia,2026-03-09 07:26:31,false,2026-04-01 06:30:00
HS-000755,kerrmichael755@example.com,"Williams, Mccoy and Cook",marketingqualifiedlead,71,Content Download,Small Business,Canada,2025-08-29 11:08:30,false,2026-04-01 06:30:00
HS-000755D,kerrmichael755@example.com,"Williams, Mccoy and Cook",marketingqualifiedlead,71,Content Download,Small Business,Canada,2025-08-29 11:08:30,false,2026-04-01 06:30:00
HS-000756,jenniferpatterson756@example.com,Brown Group,marketingqualifiedlead,47,Paid,Mid-Market,United States,2025-10-09 08:26:00,false,2026-04-01 06:30:00
HS-000757,swatson757@example.com,Garner-Thornton,marketingqualifiedlead,85,Trade Show,MM,United Kingdom,2025-10-22 18:56:26,false,2026-04-01 06:30:00
HS-000758,michael78758@example.com,Walker-Flores,lead,9,Paid Ads,SmallBiz,Canada,2026-01-12 01:27:03,false,2026-04-01 06:30:00
HS-000759,lewispamela759@example.com,"Mullen, Brewer and Hernandez",marketingqualifiedlead,50,Inbound,SMB,Germany,2025-10-29 21:27:54,false,2026-04-01 06:30:00
HS-000760,slara760@example.com,Flynn Group,marketingqualifiedlead,47,PPC,Small Business,United Kingdom,2026-01-15 11:38:55,false,2026-04-01 06:30:00
HS-000761,lindawaller761@example.com,Miller-Mccall,lead,30,Cold Outreach,Mid-Market,United States,2025-12-21 11:27:47,false,2026-04-01 06:30:00
HS-000762,achandler762@example.com,Cordova Group,marketingqualifiedlead,75,Content,SmallBiz,Australia,2026-01-10 19:31:30,false,2026-04-01 06:30:00
HS-000763,maryharper763@example.com,Branch and Sons,lead,18,Inbound,smb,United States,2026-02-15 23:31:21,false,2026-04-01 06:30:00
HS-000764,jaredwells764@example.com,Simon Ltd,marketingqualifiedlead,56,Cold Outreach,Small Business,United States,2025-09-17 07:13:31,false,2026-04-01 06:30:00
HS-000765,carl96765@example.com,"Carpenter, Oliver and Kennedy",lead,26,Outbound,SmallBiz,Australia,2026-01-16 22:15:00,false,2026-04-01 06:30:00
HS-000766,smithdanielle766@example.com,Ortiz-Hudson,lead,24,inbound,Small Business,United States,2025-11-25 07:26:57,false,2026-04-01 06:30:00
HS-000767,robert87767@example.com,Harvey PLC,lead,10,Cold Outreach,smb,United States,2026-02-27 14:48:37,false,2026-04-01 06:30:00
HS-000768,jamescollier768@example.com,Haynes-Watson,marketingqualifiedlead,90,Cold Outreach,Small Business,Germany,2026-01-13 07:13:26,false,2026-04-01 06:30:00
HS-000769,angela04769@example.com,"Robinson, Jones and Welch",lead,5,Outbound,Small Business,Germany,2025-09-02 13:03:52,false,2026-04-01 06:30:00
HS-000770,troy73770@example.com,Turner-Stout,lead,14,Content Download,smb,Australia,2026-01-25 15:40:34,false,2026-04-01 06:30:00
HS-000771,moodyeric771@example.com,"Levy, Franco and Hoffman",marketingqualifiedlead,77,Content Download,SMB,United Kingdom,2025-12-15 22:55:44,false,2026-04-01 06:30:00
HS-000772,stephanie71772@example.com,"Williams, Mccoy and Cook",marketingqualifiedlead,81,Trade Show,smb,Canada,2025-09-27 16:39:03,false,2026-04-01 06:30:00
HS-000772D,stephanie71772@example.com,"Williams, Mccoy and Cook",marketingqualifiedlead,81,Trade Show,smb,Canada,2025-09-27 16:39:03,false,2026-04-01 06:30:00
HS-000773,robert73773@example.com,Johnson-Rogers,lead,10,inbound,Small Business,United States,2025-10-31 09:19:44,false,2026-04-01 06:30:00
HS-000774,wilsonjoshua774@example.com,"Robinson, Shields and Brown",marketingqualifiedlead,70,Content Download,SMB,Canada,2026-02-09 16:30:59,false,2026-04-01 06:30:00
HS-000775,georgemichael775@example.com,Vaughn-Williams,lead,20,Content Download,SmallBiz,United Kingdom,2026-03-19 09:54:03,false,2026-04-01 06:30:00
HS-000776,qcunningham776@example.com,"Hale, Myers and Larson",marketingqualifiedlead,78,Outbound,MidMarket,Germany,2025-12-28 11:30:33,false,2026-04-01 06:30:00
HS-000777,hmccann777@example.com,Miller-Mccall,lead,5,Channel,Mid-Market,United States,2025-12-17 18:41:07,false,2026-04-01 06:30:00
HS-000778,william90778@example.com,"Wheeler, Rice and Levine",lead,37,outbound,smb,Canada,2025-12-03 00:46:43,false,2026-04-01 06:30:00
HS-000779,francisco02779@example.com,Osborn-Cochran,lead,14,Trade Show,Mid Market,Canada,2026-01-26 23:53:55,false,2026-04-01 06:30:00
HS-000780,steven25780@example.com,Lopez-Williams,marketingqualifiedlead,69,Paid,SmallBiz,Australia,2025-12-27 20:50:09,false,2026-04-01 06:30:00
HS-000781,brianward781@example.com,Anthony-Parker,lead,21,IB,SmallBiz,Australia,2025-12-09 22:48:51,false,2026-04-01 06:30:00
HS-000782,brandon48782@example.com,Phelps LLC,marketingqualifiedlead,49,Word of Mouth,SmallBiz,United States,2025-08-27 05:35:20,false,2026-04-01 06:30:00
HS-000783,palmerkatie783@example.com,Gibson-Morris,marketingqualifiedlead,45,inbound,Small Business,Australia,2025-12-24 12:41:44,false,2026-04-01 06:30:00
HS-000784,kathygeorge784@example.com,Miller PLC,lead,9,IB,Enterprise,Canada,2025-09-19 19:49:07,false,2026-04-01 06:30:00
HS-000785,amybrennan785@example.com,Hunter PLC,lead,37,Paid Ads,MM,Germany,2025-09-05 12:58:30,false,2026-04-01 06:30:00
HS-000786,joseph51786@example.com,"Robinson, Jones and Welch",lead,31,IB,smb,Germany,2026-03-28 06:37:36,false,2026-04-01 06:30:00
HS-000787,madeline02787@example.com,Haynes-Moss,lead,39,IB,enterprise,United Kingdom,2025-10-01 15:24:51,false,2026-04-01 06:30:00
HS-000788,nathan76788@example.com,Hull Ltd,marketingqualifiedlead,70,Cold Outreach,SMB,United Kingdom,2025-09-04 02:21:13,false,2026-04-01 06:30:00
HS-000789,samantha21789@example.com,"Patel, Erickson and Evans",marketingqualifiedlead,50,Inbound,enterprise,Canada,2026-01-14 21:26:21,false,2026-04-01 06:30:00
HS-000790,ericwalker790@example.com,"Rivera, Johnson and Wiley",marketingqualifiedlead,67,Paid,MM,Canada,2025-12-28 20:07:16,false,2026-04-01 06:30:00
HS-000791,laurahansen791@example.com,"Farmer, Dorsey and Bell",lead,27,Paid Ads,SMB,Australia,2025-10-21 20:44:59,false,2026-04-01 06:30:00
HS-000792,butlersabrina792@example.com,Robinson-Brock,marketingqualifiedlead,46,inbound,Mid Market,Germany,2026-02-12 18:29:40,false,2026-04-01 06:30:00
HS-000792D,butlersabrina792@example.com,Robinson-Brock,marketingqualifiedlead,46,inbound,Mid Market,Germany,2026-02-12 18:29:40,false,2026-04-01 06:30:00
HS-000793,fuentessandra793@example.com,Drake-Wolfe,marketingqualifiedlead,49,Event,enterprise,Australia,2025-09-28 05:52:40,false,2026-04-01 06:30:00
HS-000794,sbailey794@example.com,Williams-Cook,lead,6,IB,smb,Australia,2026-01-25 15:35:42,false,2026-04-01 06:30:00
HS-000795,don79795@example.com,White LLC,lead,24,outbound,SMB,Germany,2025-11-06 20:56:31,false,2026-04-01 06:30:00
HS-000796,gerald40796@example.com,"Moore, Henderson and Bennett",lead,31,IB,SMB,Canada,2026-01-30 10:39:17,false,2026-04-01 06:30:00
HS-000797,walkermelissa797@example.com,Gilbert PLC,marketingqualifiedlead,79,PPC,Mid Market,Canada,2026-02-03 14:52:52,false,2026-04-01 06:30:00
HS-000798,haileyparker798@example.com,Todd-Pham,lead,12,Outbound,Small Business,Australia,2025-09-15 13:57:22,false,2026-04-01 06:30:00
HS-000799,davidmiller799@example.com,Hicks-Martinez,lead,32,Paid,Strategic,Australia,2026-01-28 20:51:51,false,2026-04-01 06:30:00
HS-000800,joneskim800@example.com,Aguirre LLC,lead,19,inbound,smb,Canada,2025-10-26 09:32:56,false,2026-04-01 06:30:00
HS-000801,gwilliams801@example.com,Smith-Noble,marketingqualifiedlead,50,Cold Outreach,smb,Canada,2025-09-12 10:36:24,false,2026-04-01 06:30:00
HS-000802,mcguirewilliam802@example.com,Valentine-Holland,lead,16,Cold Outreach,SMB,United Kingdom,2026-03-10 12:44:14,false,2026-04-01 06:30:00
HS-000803,harrisonrebekah803@example.com,Allen-Allen,marketingqualifiedlead,89,Event,Small Business,United States,2026-01-22 05:40:00,false,2026-04-01 06:30:00
HS-000804,joneselizabeth804@example.com,Anderson-Reyes,lead,12,Channel,smb,Australia,2025-10-07 16:56:00,false,2026-04-01 06:30:00
HS-000805,pattonsamantha805@example.com,"Winters, Newman and Brown",marketingqualifiedlead,66,Inbound,SMB,Canada,2026-02-10 08:51:22,false,2026-04-01 06:30:00
HS-000806,brianagonzalez806@example.com,"Brandt, Carter and Boyd",marketingqualifiedlead,79,Referral,Small Business,Australia,2025-10-14 13:52:42,false,2026-04-01 06:30:00
HS-000807,anthony24807@example.com,Reed Group,lead,13,inbound,Mid-Market,Australia,2026-03-06 21:53:39,false,2026-04-01 06:30:00
HS-000808,michael89808@example.com,"Wilson, Sweeney and Wong",marketingqualifiedlead,59,IB,SMB,Germany,2025-08-23 07:05:06,false,2026-04-01 06:30:00
HS-000809,williamjones809@example.com,Ramirez-Bean,lead,15,Partner,smb,Australia,2025-09-05 08:05:32,false,2026-04-01 06:30:00
HS-000810,ricejennifer810@example.com,Jones PLC,lead,37,Cold Outreach,MidMarket,Canada,2026-03-02 06:49:29,false,2026-04-01 06:30:00
HS-000811,george80811@example.com,Adams-Clayton,marketingqualifiedlead,59,Referral,MM,United States,2025-12-16 12:22:50,false,2026-04-01 06:30:00
HS-000812,glasssamantha812@example.com,Bruce-Villegas,lead,7,outbound,SmallBiz,United Kingdom,2026-03-16 09:45:56,false,2026-04-01 06:30:00
HS-000813,lrichardson813@example.com,Nolan and Sons,marketingqualifiedlead,72,Event,SmallBiz,United States,2026-01-28 14:32:02,false,2026-04-01 06:30:00
HS-000814,scottrosario814@example.com,Simon Ltd,marketingqualifiedlead,63,Inbound,smb,United States,2026-01-15 10:30:50,false,2026-04-01 06:30:00
HS-000815,maryzavala815@example.com,Ortiz-Morgan,lead,16,inbound,SMB,Australia,2026-01-28 14:48:38,false,2026-04-01 06:30:00
HS-000816,olewis816@example.com,Johnston-Odonnell,marketingqualifiedlead,72,IB,Mid-Market,United Kingdom,2026-03-13 18:59:57,false,2026-04-01 06:30:00
HS-000817,urodriguez817@example.com,"Mccann, Taylor and Flores",lead,23,Content Download,Small Business,United Kingdom,2026-02-04 21:28:25,false,2026-04-01 06:30:00
HS-000818,owensapril818@example.com,Young-Allen,lead,30,Content,smb,Australia,2026-03-23 08:26:49,false,2026-04-01 06:30:00
HS-000819,tfarmer819@example.com,"Hurst, Freeman and Nelson",marketingqualifiedlead,83,Cold Outreach,Small Business,Canada,2026-03-12 00:53:58,false,2026-04-01 06:30:00
HS-000820,angela01820@example.com,"Booker, Jones and Harrington",marketingqualifiedlead,43,Content Download,smb,United States,2025-10-22 11:30:58,false,2026-04-01 06:30:00
HS-000821,tristan64821@example.com,Wilson-Salazar,marketingqualifiedlead,59,Trade Show,smb,Australia,2025-12-18 15:25:08,false,2026-04-01 06:30:00
HS-000822,tburke822@example.com,"Anderson, Dalton and Wilson",lead,18,Event,smb,Germany,2025-11-22 10:41:34,false,2026-04-01 06:30:00
HS-000823,aperez823@example.com,"Fry, Myers and Gamble",marketingqualifiedlead,80,Content,Mid-Market,Germany,2025-12-22 00:45:31,false,2026-04-01 06:30:00
HS-000824,traci63824@example.com,"Lloyd, Mckinney and Collins",lead,34,outbound,SMB,Germany,2025-10-06 15:51:31,false,2026-04-01 06:30:00
HS-000825,jacobsonleah825@example.com,"Walker, Cunningham and Zuniga",lead,13,IB,smb,Canada,2026-01-17 05:26:13,false,2026-04-01 06:30:00
HS-000826,harry71826@example.com,Lam LLC,lead,31,Outbound,Mid Market,United Kingdom,2026-01-19 14:54:52,false,2026-04-01 06:30:00
HS-000827,qkim827@example.com,Johnston-Odonnell,lead,38,Trade Show,Mid-Market,United Kingdom,2025-09-15 19:52:41,false,2026-04-01 06:30:00
HS-000828,wilsonralph828@example.com,Adams-Butler,lead,28,Partner,Mid-Market,United Kingdom,2025-12-16 05:14:11,false,2026-04-01 06:30:00
HS-000829,figueroapatricia829@example.com,Martin-Ewing,marketingqualifiedlead,60,Content Download,Small Business,United States,2025-08-27 08:11:23,false,2026-04-01 06:30:00
HS-000830,calvinhester830@example.com,Anderson-Wood,marketingqualifiedlead,79,outbound,SMB,Australia,2026-02-09 02:23:20,false,2026-04-01 06:30:00
HS-000831,james61831@example.com,Turner-Stout,marketingqualifiedlead,62,Inbound,SmallBiz,Australia,2026-02-05 11:35:09,false,2026-04-01 06:30:00
HS-000832,maryhardy832@example.com,Thomas-Jackson,marketingqualifiedlead,88,Content Download,Small Business,Germany,2025-10-10 12:49:56,false,2026-04-01 06:30:00
HS-000833,kathy99833@example.com,"Jones, Mcmahon and Spence",lead,23,Content,ENT,United States,2025-12-21 12:00:38,false,2026-04-01 06:30:00
HS-000834,katelyn65834@example.com,"Garcia, Humphrey and Baker",lead,21,outbound,MidMarket,United Kingdom,2026-03-16 21:00:22,false,2026-04-01 06:30:00
HS-000835,zestrada835@example.com,"Phillips, Thompson and Smith",marketingqualifiedlead,73,Paid,MidMarket,Germany,2025-10-17 01:37:06,false,2026-04-01 06:30:00
HS-000836,jdixon836@example.com,Hancock and Sons,lead,18,Content Download,Mid-Market,United Kingdom,2026-02-22 14:07:56,false,2026-04-01 06:30:00
HS-000837,qrodriguez837@example.com,Hickman Ltd,marketingqualifiedlead,65,inbound,Small Business,Canada,2026-01-30 10:54:59,false,2026-04-01 06:30:00
HS-000838,ocrawford838@example.com,Gray-Tran,lead,7,Outbound,Mid-Market,Australia,2025-10-11 12:54:51,false,2026-04-01 06:30:00
HS-000839,anthonyrojas839@example.com,Bryant Group,marketingqualifiedlead,55,Outbound,smb,Canada,2026-01-10 08:11:52,false,2026-04-01 06:30:00
HS-000840,jimenezanthony840@example.com,Weaver-Thompson,lead,10,Inbound,SmallBiz,Canada,2025-10-12 01:10:26,false,2026-04-01 06:30:00
HS-000841,patrickshelton841@example.com,"Long, Anderson and Irwin",marketingqualifiedlead,65,Outbound,Small Business,Australia,2026-01-15 22:00:37,false,2026-04-01 06:30:00
HS-000842,kevinhanson842@example.com,"Johnston, Sanchez and Kennedy",lead,8,Outbound,Strategic,Australia,2025-11-28 01:58:02,false,2026-04-01 06:30:00
HS-000843,guerreroapril843@example.com,Santana-Byrd,lead,19,Partner,smb,Canada,2025-10-11 18:23:08,false,2026-04-01 06:30:00
HS-000844,msparks844@example.com,Gibbs-Bradley,lead,12,Content Download,SMB,Canada,2025-11-22 11:23:35,false,2026-04-01 06:30:00
HS-000844D,msparks844@example.com,Gibbs-Bradley,lead,12,Content Download,SMB,Canada,2025-11-22 11:23:35,false,2026-04-01 06:30:00
HS-000845,ebony78845@example.com,Walsh LLC,lead,31,inbound,SmallBiz,Canada,2026-02-07 15:47:00,false,2026-04-01 06:30:00
HS-000846,amy88846@example.com,"Robinson, Jones and Henderson",lead,34,outbound,enterprise,Canada,2026-03-10 04:01:34,false,2026-04-01 06:30:00
HS-000847,cisnerosanthony847@example.com,Green LLC,marketingqualifiedlead,49,Word of Mouth,enterprise,Canada,2026-01-11 04:05:47,false,2026-04-01 06:30:00
HS-000848,hbeard848@example.com,Kim Inc,marketingqualifiedlead,87,PPC,Mid-Market,Canada,2025-08-19 19:33:08,false,2026-04-01 06:30:00
HS-000849,ycole849@example.com,"Mitchell, Nelson and Flores",lead,13,Cold Outreach,ENT,United Kingdom,2026-03-02 14:07:49,false,2026-04-01 06:30:00
HS-000850,cstevens850@example.com,Rasmussen LLC,lead,18,Inbound,smb,United Kingdom,2025-11-21 19:12:31,false,2026-04-01 06:30:00
HS-000851,angeladalton851@example.com,"Fernandez, Kim and George",lead,38,Content Download,SmallBiz,Canada,2025-10-28 11:53:04,false,2026-04-01 06:30:00
HS-000852,nicole27852@example.com,"Anderson, Jones and Reyes",marketingqualifiedlead,86,Content Download,SmallBiz,Germany,2025-12-16 09:15:10,false,2026-04-01 06:30:00
HS-000853,ttaylor853@example.com,"Andrade, Gordon and Cruz",marketingqualifiedlead,79,Paid,Mid Market,United States,2025-09-29 15:42:12,false,2026-04-01 06:30:00
HS-000854,hfreeman854@example.com,Barnes Inc,lead,10,Word of Mouth,ENT,Canada,2026-02-12 02:23:37,false,2026-04-01 06:30:00
HS-000855,rkeller855@example.com,Rangel LLC,marketingqualifiedlead,52,outbound,smb,Germany,2025-09-21 07:05:07,false,2026-04-01 06:30:00
HS-000856,kalvarez856@example.com,"Vang, Stanley and Valdez",marketingqualifiedlead,89,Inbound,Small Business,United Kingdom,2025-08-28 10:03:52,false,2026-04-01 06:30:00
HS-000857,myerstroy857@example.com,"Harris, Collins and Carney",lead,19,Outbound,Small Business,Australia,2026-03-28 22:09:18,false,2026-04-01 06:30:00
HS-000858,wjensen858@example.com,"Davis, Stanley and Wright",lead,9,PPC,MM,Canada,2026-03-21 12:40:52,false,2026-04-01 06:30:00
HS-000859,luke09859@example.com,Tran Group,lead,22,IB,Mid Market,United States,2025-09-04 05:20:21,false,2026-04-01 06:30:00
HS-000860,andersonmichael860@example.com,Garcia-Jennings,lead,27,outbound,MidMarket,Canada,2025-09-10 08:31:52,false,2026-04-01 06:30:00
HS-000861,hubbardcolleen861@example.com,Terry-Bowen,lead,8,inbound,ENT,Germany,2025-10-18 08:24:00,false,2026-04-01 06:30:00
HS-000862,wdavis862@example.com,Thornton PLC,marketingqualifiedlead,54,Cold Outreach,SMB,Germany,2026-03-21 23:28:35,false,2026-04-01 06:30:00
HS-000863,robert03863@example.com,Wright PLC,lead,6,Partner,Mid Market,United States,2026-03-16 12:30:04,false,2026-04-01 06:30:00
HS-000864,jimmycollins864@example.com,Edwards Group,marketingqualifiedlead,48,Cold Outreach,MidMarket,United Kingdom,2025-09-03 10:13:34,false,2026-04-01 06:30:00
HS-000865,lozanocameron865@example.com,Mcneil Group,marketingqualifiedlead,57,IB,SmallBiz,United Kingdom,2026-01-24 06:05:38,false,2026-04-01 06:30:00
HS-000866,danny20866@example.com,Strickland-Palmer,marketingqualifiedlead,67,Event,SMB,Germany,2026-01-28 08:15:46,false,2026-04-01 06:30:00
HS-000867,benjamin69867@example.com,"Howard, Silva and Hall",marketingqualifiedlead,83,Cold Outreach,smb,United Kingdom,2025-11-05 18:04:29,false,2026-04-01 06:30:00
HS-000868,sadams868@example.com,"Vang, Stanley and Valdez",marketingqualifiedlead,70,IB,SMB,United Kingdom,2026-01-07 04:07:55,false,2026-04-01 06:30:00
HS-000869,uchapman869@example.com,"Sanders, Leblanc and Maldonado",lead,13,Outbound,SmallBiz,Australia,2025-09-18 08:12:50,false,2026-04-01 06:30:00
HS-000870,uhudson870@example.com,Patton-Jenkins,marketingqualifiedlead,74,Event,SmallBiz,United States,2026-01-12 08:32:47,false,2026-04-01 06:30:00
HS-000871,stokescraig871@example.com,Hancock and Sons,marketingqualifiedlead,44,inbound,MM,United Kingdom,2026-03-17 01:40:49,false,2026-04-01 06:30:00
HS-000872,matthewshaw872@example.com,Chandler-Edwards,marketingqualifiedlead,88,Content Download,Small Business,United States,2025-12-24 19:43:26,false,2026-04-01 06:30:00
HS-000873,garrett45873@example.com,Maxwell Group,marketingqualifiedlead,80,Partner,SmallBiz,Germany,2026-02-14 22:28:39,false,2026-04-01 06:30:00
HS-000874,oharris874@example.com,Li-Thompson,marketingqualifiedlead,50,Word of Mouth,MidMarket,Canada,2025-12-21 04:40:18,false,2026-04-01 06:30:00
HS-000875,pittmanamanda875@example.com,Boone-Davis,lead,36,Paid Ads,SMB,United Kingdom,2026-02-27 05:00:48,false,2026-04-01 06:30:00
HS-000876,joseph49876@example.com,Brown-Wall,marketingqualifiedlead,41,Paid,smb,Australia,2025-09-05 12:15:56,false,2026-04-01 06:30:00
HS-000876D,joseph49876@example.com,Brown-Wall,marketingqualifiedlead,41,Paid,smb,Australia,2025-09-05 12:15:56,false,2026-04-01 06:30:00
HS-000877,nballard877@example.com,"Fernandez, Guerrero and Evans",lead,34,Channel,Mid Market,Canada,2025-12-30 13:27:06,false,2026-04-01 06:30:00
HS-000878,robbinsbelinda878@example.com,Curry Inc,lead,14,Cold Outreach,MM,United States,2025-12-03 05:53:44,false,2026-04-01 06:30:00
HS-000879,joshua98879@example.com,Morris-Brewer,marketingqualifiedlead,85,PPC,SMB,United States,2025-08-24 14:39:31,false,2026-04-01 06:30:00
HS-000880,wsimmons880@example.com,Smith and Sons,lead,9,outbound,enterprise,Canada,2025-10-01 00:07:33,false,2026-04-01 06:30:00
HS-000881,pearsonkevin881@example.com,Berry-Mckinney,lead,23,Referral,SMB,Australia,2025-12-30 23:59:09,false,2026-04-01 06:30:00
HS-000882,ryan85882@example.com,Gonzales Inc,marketingqualifiedlead,72,Partner,smb,United Kingdom,2025-10-08 10:34:06,false,2026-04-01 06:30:00
HS-000883,robertking883@arcline.com,"Woods, Calhoun and Schmidt",lead,23,Event,Mid-Market,Australia,2026-03-26 19:14:28,true,2026-04-01 06:30:00
HS-000884,jpowers884@example.com,Armstrong-Young,marketingqualifiedlead,79,Content,MM,United States,2025-10-10 21:55:03,false,2026-04-01 06:30:00
HS-000885,nicoleburton885@example.com,"Turner, Schneider and Johnson",marketingqualifiedlead,76,Event,Small Business,United States,2025-12-29 02:31:51,false,2026-04-01 06:30:00
HS-000886,barbaralewis886@example.com,Robinson-Lee,marketingqualifiedlead,47,Content,SMB,United Kingdom,2026-03-02 20:44:00,false,2026-04-01 06:30:00
HS-000887,oadams887@example.com,"Mullen, Brewer and Hernandez",lead,23,Content Download,SmallBiz,Germany,2025-12-20 20:47:49,false,2026-04-01 06:30:00
HS-000888,umichael888@example.com,"Smith, Buck and Holland",lead,30,Inbound,SMB,United States,2025-11-30 16:25:31,false,2026-04-01 06:30:00
HS-000889,boydmichael889@example.com,"Harris, Anderson and Love",marketingqualifiedlead,78,Content Download,MidMarket,Germany,2026-03-18 02:14:31,false,2026-04-01 06:30:00
HS-000890,johnfrancis890@example.com,Martinez Inc,marketingqualifiedlead,42,Channel,Small Business,United States,2026-01-04 18:57:28,false,2026-04-01 06:30:00
HS-000891,megan65891@example.com,Graham Group,lead,14,outbound,Mid Market,Canada,2025-09-14 22:17:01,false,2026-04-01 06:30:00
HS-000892,waltersmeghan892@example.com,"Jones, Scott and Rodriguez",marketingqualifiedlead,77,Channel,Mid-Market,Australia,2026-01-09 04:19:10,false,2026-04-01 06:30:00
HS-000893,madison24893@example.com,Morrison Ltd,marketingqualifiedlead,84,outbound,smb,United States,2026-02-14 00:13:50,false,2026-04-01 06:30:00
HS-000894,richardwilson894@example.com,"Edwards, Hines and Jimenez",marketingqualifiedlead,66,outbound,Mid Market,United Kingdom,2025-11-17 19:46:34,false,2026-04-01 06:30:00
HS-000895,anthonyrobles895@example.com,Harris-Barker,lead,11,Outbound,SmallBiz,Australia,2026-01-18 18:32:59,false,2026-04-01 06:30:00
HS-000896,steven86896@example.com,Strickland-Palmer,lead,17,Cold Outreach,smb,Germany,2025-12-30 08:31:36,false,2026-04-01 06:30:00
HS-000897,clucas897@example.com,Willis and Sons,lead,38,outbound,smb,Canada,2025-09-04 16:31:06,false,2026-04-01 06:30:00
HS-000898,eriktaylor898@example.com,Williamson Ltd,marketingqualifiedlead,61,outbound,smb,Canada,2026-03-11 13:19:05,false,2026-04-01 06:30:00
HS-000899,kristine48899@example.com,"Brown, Romero and Collins",marketingqualifiedlead,64,Referral,Enterprise,Australia,2026-02-12 14:28:29,false,2026-04-01 06:30:00
HS-000900,dawnwilliams900@example.com,Aguirre LLC,lead,36,Content Download,SMB,Canada,2025-10-31 00:02:19,false,2026-04-01 06:30:00
HS-000901,dcasey901@example.com,Ray PLC,lead,34,Cold Outreach,MidMarket,United Kingdom,2025-10-11 23:21:50,false,2026-04-01 06:30:00
HS-000902,edwardskenneth902@example.com,Hickman Ltd,lead,19,inbound,SmallBiz,Canada,2026-03-12 07:30:49,false,2026-04-01 06:30:00
HS-000903,lesterrichard903@example.com,Humphrey-Baker,marketingqualifiedlead,70,Referral,Strategic,Germany,2025-09-11 02:39:08,false,2026-04-01 06:30:00
HS-000904,emily16904@example.com,Durham-Shaw,lead,14,Channel,SMB,Germany,2026-02-28 11:31:24,false,2026-04-01 06:30:00
HS-000905,joelduncan905@example.com,Atkins PLC,marketingqualifiedlead,69,inbound,SMB,United Kingdom,2025-08-23 19:20:25,false,2026-04-01 06:30:00
HS-000906,boydmaria906@example.com,Lopez-Reid,marketingqualifiedlead,86,Paid Ads,Small Business,United Kingdom,2025-09-13 03:35:51,false,2026-04-01 06:30:00
HS-000907,tyler13907@example.com,"Hale, Myers and Larson",marketingqualifiedlead,44,Outbound,Mid Market,Germany,2026-03-15 22:08:02,false,2026-04-01 06:30:00
HS-000908,mejialawrence908@example.com,Warner-Phillips,lead,9,Event,MM,Australia,2025-11-17 07:29:17,false,2026-04-01 06:30:00
HS-000909,vshaffer909@example.com,Osborne LLC,lead,12,outbound,SMB,United Kingdom,2026-01-01 20:28:36,false,2026-04-01 06:30:00
HS-000910,selenarobinson910@example.com,Davis Group,marketingqualifiedlead,71,Event,Mid-Market,Germany,2025-11-15 16:56:10,false,2026-04-01 06:30:00
HS-000911,thompsontara911@example.com,Huang-Foster,marketingqualifiedlead,83,inbound,SmallBiz,United Kingdom,2025-10-16 22:34:31,false,2026-04-01 06:30:00
HS-000912,lortiz912@example.com,Davis and Sons,marketingqualifiedlead,72,Channel,SmallBiz,United States,2025-09-15 07:51:46,false,2026-04-01 06:30:00
HS-000913,henrynicholas913@example.com,Dawson Inc,marketingqualifiedlead,57,Content,SMB,Canada,2025-08-20 22:36:49,false,2026-04-01 06:30:00
HS-000914,stewartrodney914@example.com,Lowery-Kennedy,lead,8,Word of Mouth,MidMarket,Australia,2025-12-01 00:18:31,false,2026-04-01 06:30:00
HS-000915,sylviasuarez915@example.com,Luna-Gallagher,marketingqualifiedlead,86,Paid Ads,smb,Canada,2025-12-27 01:06:27,false,2026-04-01 06:30:00
HS-000916,michaelbaldwin916@example.com,Payne-Lowe,lead,35,Event,Small Business,United States,2025-12-25 19:57:43,false,2026-04-01 06:30:00
HS-000917,andrew90917@example.com,Stewart-Bailey,marketingqualifiedlead,73,IB,smb,Australia,2026-01-27 11:36:17,false,2026-04-01 06:30:00
HS-000918,vazquezkristina918@example.com,Conner and Sons,lead,22,Inbound,SMB,United States,2025-11-16 09:17:24,false,2026-04-01 06:30:00
HS-000919,johnnycruz919@example.com,"Perez, Hayes and Lloyd",marketingqualifiedlead,41,Inbound,smb,Germany,2026-02-07 12:02:48,false,2026-04-01 06:30:00
HS-000920,rebecca18920@example.com,Garcia Ltd,lead,22,Paid Ads,Mid Market,United Kingdom,2025-09-11 21:52:42,false,2026-04-01 06:30:00
HS-000921,miaprice921@example.com,Hill Inc,lead,27,Outbound,SmallBiz,Canada,2026-01-29 11:43:35,false,2026-04-01 06:30:00
HS-000922,qpennington922@example.com,Kramer-Shannon,lead,16,Paid,SmallBiz,Australia,2025-12-11 14:15:49,false,2026-04-01 06:30:00
HS-000923,christopher34923@example.com,Alvarez-Kim,marketingqualifiedlead,70,Content Download,smb,Germany,2025-11-12 01:02:32,false,2026-04-01 06:30:00
HS-000924,michelemartin924@example.com,Miller-Montgomery,marketingqualifiedlead,75,Cold Outreach,SMB,United States,2025-10-28 15:31:24,false,2026-04-01 06:30:00
HS-000925,zwelch925@example.com,Carter LLC,marketingqualifiedlead,74,Inbound,SMB,United States,2025-08-22 11:41:21,false,2026-04-01 06:30:00
HS-000926,rmccormick926@example.com,Mueller-Boyd,marketingqualifiedlead,75,IB,SMB,United Kingdom,2026-01-29 18:04:19,false,2026-04-01 06:30:00
HS-000927,morrowshelby927@example.com,Andersen Group,lead,8,Content Download,Small Business,Germany,2025-10-25 00:31:49,false,2026-04-01 06:30:00
HS-000928,vmclaughlin928@example.com,"Durham, Hopkins and Smith",lead,22,inbound,SMB,United Kingdom,2025-09-17 04:14:37,false,2026-04-01 06:30:00
HS-000929,gmcdowell929@example.com,Griffin Group,lead,13,outbound,SmallBiz,United States,2025-09-06 05:58:12,false,2026-04-01 06:30:00
HS-000930,hollyhunter930@example.com,Figueroa PLC,marketingqualifiedlead,55,Content,MM,Canada,2025-09-01 05:04:09,false,2026-04-01 06:30:00
HS-000931,robert85931@example.com,Bean LLC,lead,6,inbound,MidMarket,United States,2026-02-21 05:54:23,false,2026-04-01 06:30:00
HS-000932,wneal932@example.com,Edwards Group,lead,17,Inbound,Mid-Market,United Kingdom,2025-09-18 18:46:00,false,2026-04-01 06:30:00
HS-000933,davidsonisaiah933@example.com,"Andrade, Gordon and Cruz",lead,25,Content,Mid-Market,United States,2026-02-01 04:56:03,false,2026-04-01 06:30:00
HS-000934,igibbs934@example.com,Williams Inc,lead,6,Paid,Mid Market,Canada,2026-01-18 05:49:56,false,2026-04-01 06:30:00
HS-000935,moralescourtney935@example.com,"Rivera, Campos and Taylor",marketingqualifiedlead,54,Referral,Mid-Market,Germany,2025-12-03 20:58:11,false,2026-04-01 06:30:00
HS-000936,barbara12936@example.com,Rodriguez and Sons,marketingqualifiedlead,47,Paid,Small Business,Canada,2025-11-22 14:47:48,false,2026-04-01 06:30:00
HS-000937,zacharybooker937@example.com,"Bryan, Smith and Booth",lead,8,outbound,SMB,Australia,2025-09-05 19:41:25,false,2026-04-01 06:30:00
HS-000937D,zacharybooker937@example.com,"Bryan, Smith and Booth",lead,8,outbound,SMB,Australia,2025-09-05 19:41:25,false,2026-04-01 06:30:00
HS-000938,melaniejennings938@example.com,"Powers, Brennan and Sanchez",marketingqualifiedlead,76,PPC,SmallBiz,Canada,2026-02-10 04:25:25,false,2026-04-01 06:30:00
HS-000939,shannon24939@example.com,Reed Group,lead,18,PPC,Mid-Market,Australia,2026-03-12 19:49:54,false,2026-04-01 06:30:00
HS-000940,graceserrano940@example.com,Lam-Elliott,marketingqualifiedlead,58,Content Download,Mid Market,United Kingdom,2025-11-08 00:50:39,false,2026-04-01 06:30:00
HS-000941,james65941@example.com,Smith-Gutierrez,marketingqualifiedlead,88,Channel,SMB,Canada,2025-12-09 21:08:34,false,2026-04-01 06:30:00
HS-000942,phillipbennett942@example.com,"Fisher, Wilson and Brown",lead,15,Content Download,Mid Market,Australia,2025-09-30 11:29:24,false,2026-04-01 06:30:00
HS-000943,andrewjohnson943@example.com,Dunn-Wilson,marketingqualifiedlead,45,Paid,Mid-Market,United States,2025-12-26 22:22:44,false,2026-04-01 06:30:00
HS-000944,rebeccamccann944@example.com,Peterson PLC,marketingqualifiedlead,82,Content,SMB,United Kingdom,2025-11-05 23:55:34,false,2026-04-01 06:30:00
HS-000945,josechristian945@example.com,Harvey-Allen,lead,7,Content,MM,Canada,2025-10-27 03:33:17,false,2026-04-01 06:30:00
HS-000946,moralesroy946@example.com,Rodriguez-Johnson,lead,24,Paid,SMB,Canada,2026-01-29 06:41:14,false,2026-04-01 06:30:00
HS-000947,edward52947@example.com,"Guerrero, Peck and Coleman",lead,23,inbound,SMB,Germany,2025-09-04 00:26:37,false,2026-04-01 06:30:00
HS-000948,smithalicia948@example.com,"Estrada, Williams and Foster",marketingqualifiedlead,89,Word of Mouth,SmallBiz,Australia,2025-08-17 13:18:26,false,2026-04-01 06:30:00
HS-000949,fwilcox949@example.com,Miller-Wright,marketingqualifiedlead,51,Outbound,Small Business,Canada,2025-11-06 13:49:59,false,2026-04-01 06:30:00
HS-000950,walkerjames950@example.com,Gill Ltd,marketingqualifiedlead,56,IB,Strategic,United Kingdom,2026-02-13 01:05:45,false,2026-04-01 06:30:00
HS-000951,keith76951@example.com,Strickland-Shaw,marketingqualifiedlead,78,Inbound,MidMarket,Germany,2025-08-22 00:53:46,false,2026-04-01 06:30:00
HS-000952,ryanclark952@example.com,Evans-Jones,marketingqualifiedlead,51,inbound,Small Business,Australia,2025-11-06 14:08:21,false,2026-04-01 06:30:00
HS-000953,wandacampbell953@example.com,"Wagner, Simpson and Cohen",marketingqualifiedlead,68,Outbound,Mid Market,United Kingdom,2025-08-27 17:22:42,false,2026-04-01 06:30:00
HS-000954,robertortiz954@example.com,"Hall, Baker and Moody",lead,34,Cold Outreach,SMB,Australia,2025-09-15 03:45:04,false,2026-04-01 06:30:00
HS-000955,anthonycherry955@example.com,Mcdowell-Smith,marketingqualifiedlead,75,IB,Small Business,Germany,2026-01-06 10:20:14,false,2026-04-01 06:30:00
HS-000956,christinesolomon956@arcline.com,Rodriguez-Johnson,lead,17,outbound,smb,Canada,2025-10-21 01:33:28,true,2026-04-01 06:30:00
HS-000957,brandi71957@example.com,Goodwin Ltd,lead,27,Referral,SmallBiz,Canada,2026-03-22 13:39:00,false,2026-04-01 06:30:00
HS-000958,harrisonmonica958@example.com,Hughes-Alvarado,marketingqualifiedlead,69,Content,SMB,Canada,2026-01-07 10:56:57,false,2026-04-01 06:30:00
HS-000959,tmcdaniel959@example.com,Miller Ltd,lead,18,Content Download,Mid Market,Germany,2025-12-30 03:05:35,false,2026-04-01 06:30:00
HS-000960,verickson960@example.com,"Phillips, Wagner and Jordan",marketingqualifiedlead,62,inbound,SmallBiz,Canada,2026-02-23 12:59:56,false,2026-04-01 06:30:00
HS-000961,charles80961@example.com,Smith LLC,marketingqualifiedlead,78,Paid,enterprise,Australia,2025-10-03 12:01:52,false,2026-04-01 06:30:00
HS-000962,cookjimmy962@example.com,Cruz-Allen,marketingqualifiedlead,61,Event,Mid Market,Germany,2025-12-24 10:19:46,false,2026-04-01 06:30:00
HS-000963,wendy90963@example.com,Anderson Group,lead,21,Paid,MidMarket,United Kingdom,2025-11-01 12:47:08,false,2026-04-01 06:30:00
HS-000964,kingchristine964@example.com,West-Wilson,lead,15,Word of Mouth,Small Business,Canada,2025-11-15 03:34:16,false,2026-04-01 06:30:00
HS-000965,tiffany52965@example.com,Jones PLC,marketingqualifiedlead,52,Channel,MM,Canada,2025-10-25 17:22:05,false,2026-04-01 06:30:00
HS-000966,carpenterjorge966@example.com,Bell-Lane,lead,15,inbound,ENT,Germany,2026-02-05 14:48:07,false,2026-04-01 06:30:00
HS-000967,dconrad967@example.com,"Henderson, Cox and Cox",lead,38,Inbound,Mid Market,United States,2025-10-01 04:31:01,false,2026-04-01 06:30:00
HS-000968,christopherpage968@arcline.com,"Webb, Romero and Morse",lead,23,Outbound,smb,Australia,2026-02-09 07:30:56,true,2026-04-01 06:30:00
HS-000969,hthomas969@example.com,Harris-Walters,marketingqualifiedlead,62,Inbound,SmallBiz,Australia,2026-02-12 22:02:42,false,2026-04-01 06:30:00
HS-000970,bradley27970@example.com,Clay Group,lead,11,Inbound,smb,Canada,2025-09-29 06:25:09,false,2026-04-01 06:30:00
HS-000971,julie64971@example.com,"Fuller, Ingram and Moss",marketingqualifiedlead,51,IB,Strategic,Canada,2025-09-16 20:32:07,false,2026-04-01 06:30:00
HS-000972,chloe48972@example.com,Walker-Flores,lead,11,Inbound,SMB,Canada,2025-09-08 21:00:59,false,2026-04-01 06:30:00
HS-000973,ryan25973@example.com,Garcia-Lozano,lead,30,Paid Ads,ENT,United Kingdom,2026-03-11 00:24:24,false,2026-04-01 06:30:00
HS-000974,jgallagher974@example.com,Miller-Mccall,lead,20,Event,Mid-Market,United States,2025-12-30 11:17:29,false,2026-04-01 06:30:00
HS-000975,jbrown975@example.com,Barnes Inc,lead,21,Inbound,Strategic,Canada,2025-10-22 16:16:19,false,2026-04-01 06:30:00
HS-000976,hallbarry976@example.com,"Robinson, Fox and Smith",lead,35,outbound,smb,Germany,2026-03-17 16:32:56,false,2026-04-01 06:30:00
HS-000977,frank76977@example.com,Jimenez Ltd,lead,19,IB,MidMarket,Australia,2025-10-08 07:01:37,false,2026-04-01 06:30:00
HS-000978,carneysara978@example.com,Smith LLC,lead,10,Outbound,Strategic,Australia,2026-03-08 22:07:38,false,2026-04-01 06:30:00
HS-000979,alexandervanessa979@example.com,Brown-Hernandez,lead,8,Paid Ads,Small Business,United States,2025-09-08 22:19:56,false,2026-04-01 06:30:00
HS-000980,hellis980@example.com,"Wise, Conley and Stephenson",lead,16,Inbound,Small Business,Australia,2025-12-10 05:01:23,false,2026-04-01 06:30:00
HS-000981,daviddavis981@example.com,Miller Inc,lead,32,Content,Mid Market,United Kingdom,2025-10-19 17:38:02,false,2026-04-01 06:30:00
HS-000982,henry28982@example.com,Jackson-Wallace,marketingqualifiedlead,52,inbound,Mid Market,Germany,2025-11-03 23:56:29,false,2026-04-01 06:30:00
HS-000983,anna93983@example.com,"Sanders, Leblanc and Maldonado",marketingqualifiedlead,66,Cold Outreach,SMB,Australia,2026-02-17 05:19:56,false,2026-04-01 06:30:00
HS-000984,foxashley984@example.com,Rogers LLC,marketingqualifiedlead,73,Channel,MidMarket,Germany,2025-09-27 15:48:44,false,2026-04-01 06:30:00
HS-000984D,foxashley984@example.com,Rogers LLC,marketingqualifiedlead,73,Channel,MidMarket,Germany,2025-09-27 15:48:44,false,2026-04-01 06:30:00
HS-000985,pknapp985@example.com,Tran Group,lead,6,Event,Mid Market,United States,2026-01-19 15:00:36,false,2026-04-01 06:30:00
HS-000986,vrhodes986@example.com,Powell-Montgomery,marketingqualifiedlead,66,Event,Mid Market,United Kingdom,2026-02-08 00:13:16,false,2026-04-01 06:30:00
HS-000987,mitchelltina987@example.com,Navarro-Munoz,lead,30,Content Download,Small Business,Germany,2026-03-23 02:22:28,false,2026-04-01 06:30:00
HS-000988,longbrittany988@example.com,"Obrien, Taylor and Rivas",lead,16,Outbound,Mid Market,Canada,2025-09-19 18:27:11,false,2026-04-01 06:30:00
HS-000989,hooderic989@example.com,Dominguez Ltd,lead,25,Inbound,MM,Canada,2025-09-30 16:45:49,false,2026-04-01 06:30:00
HS-000990,stevensjasmine990@example.com,"Robinson, Fox and Smith",lead,6,Trade Show,Small Business,Germany,2026-01-06 04:55:35,false,2026-04-01 06:30:00
HS-000991,rgibson991@example.com,Peterson-Beard,marketingqualifiedlead,64,Content,Mid Market,United Kingdom,2025-12-22 03:37:15,false,2026-04-01 06:30:00
HS-000992,riverabradley992@example.com,Maldonado PLC,marketingqualifiedlead,77,Inbound,SmallBiz,United Kingdom,2025-12-13 16:50:53,false,2026-04-01 06:30:00
HS-000993,unguyen993@example.com,"Torres, Brown and Williams",lead,7,Inbound,smb,United States,2026-02-26 19:39:01,false,2026-04-01 06:30:00
HS-000994,jasonwilliams994@example.com,Williams Inc,lead,12,Inbound,MidMarket,Australia,2025-10-13 14:38:20,false,2026-04-01 06:30:00
HS-000995,marcus01995@example.com,Flynn Group,lead,34,IB,SmallBiz,United Kingdom,2026-02-26 15:53:34,false,2026-04-01 06:30:00
HS-000996,qdavis996@example.com,Rodriguez-Hall,marketingqualifiedlead,76,Partner,smb,Germany,2026-03-16 23:13:28,false,2026-04-01 06:30:00
HS-000997,johnwise997@example.com,"Hensley, Powell and David",lead,35,Channel,smb,United States,2026-01-04 11:22:23,false,2026-04-01 06:30:00
HS-000998,ndavis998@example.com,"Wilson, Sweeney and Wong",marketingqualifiedlead,75,inbound,SmallBiz,Germany,2025-09-14 03:38:34,false,2026-04-01 06:30:00
HS-000998D,ndavis998@example.com,"Wilson, Sweeney and Wong",marketingqualifiedlead,75,inbound,SmallBiz,Germany,2025-09-14 03:38:34,false,2026-04-01 06:30:00
HS-000999,paulpowell999@example.com,"Buchanan, Walker and Chapman",marketingqualifiedlead,52,Word of Mouth,ENT,Australia,2025-08-30 09:31:49,false,2026-04-01 06:30:00
HS-001000,davidhenry1000@example.com,"Becker, Lara and Baker",marketingqualifiedlead,52,Paid,Small Business,United States,2025-09-04 07:46:13,false,2026-04-01 06:30:00
HS-001001,tfitzgerald1001@example.com,Curry Inc,lead,9,outbound,MidMarket,United States,2026-03-01 06:54:46,false,2026-04-01 06:30:00
HS-001002,michaeldavis1002@example.com,"Marshall, Dominguez and Welch",marketingqualifiedlead,74,Outbound,SmallBiz,United Kingdom,2026-02-09 09:48:28,false,2026-04-01 06:30:00
HS-001003,william771003@example.com,"Pierce, Bell and Chavez",marketingqualifiedlead,88,Channel,MidMarket,Germany,2025-09-02 21:30:49,false,2026-04-01 06:30:00
HS-001004,kalvarez1004@example.com,Lewis-Livingston,lead,18,Paid,SMB,United States,2026-01-22 19:25:19,false,2026-04-01 06:30:00
HS-001005,bdavis1005@example.com,Yu Inc,lead,22,Trade Show,ENT,Germany,2025-12-04 18:33:01,false,2026-04-01 06:30:00
HS-001006,christina661006@example.com,"Winters, Newman and Brown",marketingqualifiedlead,64,Cold Outreach,SmallBiz,Canada,2026-01-14 11:41:55,false,2026-04-01 06:30:00
HS-001007,williamsmatthew1007@example.com,David-Powers,marketingqualifiedlead,87,Word of Mouth,SmallBiz,Germany,2025-12-10 16:56:15,false,2026-04-01 06:30:00
HS-001008,prhodes1008@example.com,"Arnold, Smith and Moreno",marketingqualifiedlead,73,Content Download,SmallBiz,Germany,2025-10-29 07:53:17,false,2026-04-01 06:30:00
HS-001009,sarahrose1009@example.com,Miller-Brandt,lead,35,Inbound,smb,Germany,2026-03-09 23:02:07,false,2026-04-01 06:30:00
HS-001010,robertssamuel1010@example.com,"Burns, Hernandez and Ryan",marketingqualifiedlead,51,Paid Ads,Small Business,Australia,2026-02-14 13:41:54,false,2026-04-01 06:30:00
HS-001011,ievans1011@example.com,Bowers-Hayes,marketingqualifiedlead,71,Word of Mouth,SmallBiz,Australia,2025-09-13 09:57:04,false,2026-04-01 06:30:00
HS-001012,mckenzie861012@example.com,Bates LLC,lead,22,Content Download,SmallBiz,Germany,2025-10-20 23:40:28,false,2026-04-01 06:30:00
HS-001013,ashley811013@example.com,"Hill, Martinez and Rhodes",marketingqualifiedlead,90,inbound,SMB,United States,2026-01-22 07:29:11,false,2026-04-01 06:30:00
HS-001014,palmerwilliam1014@example.com,Phillips LLC,lead,14,Content Download,Small Business,Australia,2025-09-28 16:11:10,false,2026-04-01 06:30:00
HS-001015,qdavis1015@example.com,Mendez and Sons,marketingqualifiedlead,49,Content,Mid Market,Germany,2026-01-08 07:56:19,false,2026-04-01 06:30:00
HS-001016,michael911016@example.com,Gonzales-Harrison,marketingqualifiedlead,71,Inbound,Mid-Market,United Kingdom,2026-02-12 11:34:47,false,2026-04-01 06:30:00
HS-001017,wilsondorothy1017@example.com,Ruiz-Jacobson,lead,8,outbound,Mid Market,Canada,2026-03-13 16:47:29,false,2026-04-01 06:30:00
HS-001018,kristicameron1018@example.com,Graham Group,marketingqualifiedlead,44,Event,Small Business,Germany,2025-08-28 06:02:30,false,2026-04-01 06:30:00
HS-001019,millernancy1019@example.com,Williams-Cook,lead,37,Cold Outreach,SmallBiz,Australia,2026-03-03 10:16:39,false,2026-04-01 06:30:00
HS-001020,lee771020@example.com,Gibson-Freeman,lead,11,Word of Mouth,enterprise,Germany,2025-12-25 10:02:54,false,2026-04-01 06:30:00
HS-001021,matthew231021@example.com,Baker-Wilson,lead,39,IB,Mid-Market,United Kingdom,2026-03-08 17:58:50,false,2026-04-01 06:30:00
HS-001022,christianhendrix1022@example.com,Gilbert PLC,lead,17,inbound,MM,Canada,2026-02-23 04:04:23,false,2026-04-01 06:30:00
HS-001023,monica161023@example.com,Davis-Lozano,marketingqualifiedlead,78,IB,Small Business,Canada,2025-08-26 18:40:17,false,2026-04-01 06:30:00
HS-001024,smithdarryl1024@example.com,Adkins LLC,lead,9,IB,SMB,Australia,2025-09-04 00:58:58,false,2026-04-01 06:30:00
HS-001025,dianastevens1025@example.com,"Wright, Mcknight and Stephens",marketingqualifiedlead,57,outbound,Strategic,United Kingdom,2026-02-03 03:45:31,false,2026-04-01 06:30:00
HS-001026,vmelton1026@example.com,Jacobson Inc,lead,16,inbound,MM,United States,2025-11-14 23:57:27,false,2026-04-01 06:30:00
HS-001027,nturner1027@example.com,Mason Ltd,marketingqualifiedlead,57,Word of Mouth,Enterprise,Australia,2026-01-31 00:43:38,false,2026-04-01 06:30:00
HS-001028,hannah641028@example.com,"Phillips, Spence and Barrett",lead,32,Content Download,SmallBiz,United States,2026-02-14 20:56:28,false,2026-04-01 06:30:00
HS-001029,martinezalexander1029@example.com,Murray-Oconnor,marketingqualifiedlead,67,Referral,ENT,United Kingdom,2025-11-24 23:53:51,false,2026-04-01 06:30:00
HS-001030,cabreraheather1030@example.com,Medina and Sons,marketingqualifiedlead,65,IB,SMB,Canada,2025-09-21 20:03:30,false,2026-04-01 06:30:00
HS-001031,micheleclark1031@example.com,Gilbert PLC,marketingqualifiedlead,64,Outbound,MM,Canada,2026-03-11 10:29:25,false,2026-04-01 06:30:00
HS-001032,debragraham1032@example.com,Reed Group,marketingqualifiedlead,47,Outbound,MidMarket,Australia,2026-01-06 01:37:17,false,2026-04-01 06:30:00
HS-001033,christophercarrillo1033@example.com,Schroeder-Kramer,lead,33,IB,MidMarket,United States,2026-01-31 03:54:12,false,2026-04-01 06:30:00
HS-001034,thomasjohnson1034@example.com,Carr-Huffman,lead,20,outbound,SMB,Germany,2026-01-17 20:00:24,false,2026-04-01 06:30:00
HS-001035,rachelrodgers1035@example.com,Mueller-Boyd,marketingqualifiedlead,65,Word of Mouth,SmallBiz,United Kingdom,2025-12-18 22:17:41,false,2026-04-01 06:30:00
HS-001035D,rachelrodgers1035@arcline.com,Mueller-Boyd,marketingqualifiedlead,65,Word of Mouth,SmallBiz,United Kingdom,2025-12-18 22:17:41,true,2026-04-01 06:30:00
HS-001036,emaynard1036@example.com,Williams-Li,lead,11,Outbound,smb,Canada,2025-11-12 00:17:57,false,2026-04-01 06:30:00
HS-001037,heathbrenda1037@example.com,Chambers and Sons,lead,32,outbound,Strategic,United States,2026-01-05 03:39:34,false,2026-04-01 06:30:00
HS-001038,kennethgallegos1038@example.com,"Ellis, Marks and Buchanan",lead,12,Outbound,Small Business,Australia,2026-01-14 17:34:05,false,2026-04-01 06:30:00
HS-001039,awilliams1039@example.com,Miller-Wright,lead,32,Cold Outreach,SmallBiz,Canada,2025-12-03 21:32:45,false,2026-04-01 06:30:00
HS-001039D,awilliams1039@example.com,Miller-Wright,lead,32,Cold Outreach,SmallBiz,Canada,2025-12-03 21:32:45,false,2026-04-01 06:30:00
HS-001040,mccoyjennifer1040@example.com,Nelson-Brown,lead,26,IB,Small Business,United States,2026-03-18 18:29:44,false,2026-04-01 06:30:00
HS-001041,vallison1041@example.com,Abbott Ltd,lead,31,Event,ENT,Canada,2026-01-08 15:55:41,false,2026-04-01 06:30:00
HS-001042,benjamin671042@example.com,Walker-Jones,lead,26,Event,MidMarket,Germany,2025-10-12 14:35:34,false,2026-04-01 06:30:00
HS-001043,dhall1043@example.com,Spencer-Garcia,marketingqualifiedlead,85,inbound,Mid-Market,United States,2025-10-20 20:44:22,false,2026-04-01 06:30:00
HS-001043D,dhall1043@example.com,Spencer-Garcia,marketingqualifiedlead,85,inbound,Mid-Market,United States,2025-10-20 20:44:22,false,2026-04-01 06:30:00
HS-001044,hendersonleslie1044@example.com,Lopez Group,marketingqualifiedlead,81,Outbound,SmallBiz,United States,2025-10-18 11:03:57,false,2026-04-01 06:30:00
HS-001045,adamsdeborah1045@example.com,Jackson PLC,marketingqualifiedlead,89,Content Download,SmallBiz,Canada,2025-09-16 11:24:55,false,2026-04-01 06:30:00
HS-001046,nwilson1046@example.com,Collins Group,lead,39,Cold Outreach,Small Business,United States,2026-03-18 08:59:49,false,2026-04-01 06:30:00
HS-001047,shane601047@example.com,Williams Group,lead,38,inbound,Mid-Market,United Kingdom,2025-11-26 01:29:38,false,2026-04-01 06:30:00
HS-001048,keithlee1048@example.com,"Jackson, Miller and Robertson",lead,13,Content,SmallBiz,Australia,2025-09-02 23:12:06,false,2026-04-01 06:30:00
HS-001049,samuel831049@example.com,Whitney PLC,marketingqualifiedlead,65,IB,enterprise,United Kingdom,2025-10-10 13:37:11,false,2026-04-01 06:30:00
HS-001050,sandra721050@example.com,Russell Group,lead,34,Paid,MM,United States,2025-12-07 23:05:49,false,2026-04-01 06:30:00
HS-001051,jennifer661051@example.com,Tran Group,marketingqualifiedlead,82,inbound,MM,United States,2025-11-02 01:26:00,false,2026-04-01 06:30:00
HS-001052,laura291052@example.com,Hines-Berry,marketingqualifiedlead,52,Trade Show,smb,Canada,2025-11-26 08:35:06,false,2026-04-01 06:30:00
HS-001053,justincurry1053@example.com,"Le, Lewis and Hayes",marketingqualifiedlead,72,inbound,SmallBiz,Australia,2026-02-17 01:29:33,false,2026-04-01 06:30:00
HS-001054,manderson1054@example.com,Smith-Ferguson,marketingqualifiedlead,53,outbound,Small Business,Germany,2025-11-11 03:15:47,false,2026-04-01 06:30:00
HS-001055,catherinegarcia1055@example.com,Baird-Sanchez,marketingqualifiedlead,81,Referral,Small Business,United States,2025-12-16 07:12:09,false,2026-04-01 06:30:00
HS-001056,fhahn1056@example.com,Morgan LLC,marketingqualifiedlead,53,Event,Small Business,Germany,2026-01-20 12:26:08,false,2026-04-01 06:30:00
HS-001057,jimmy801057@example.com,Jones Ltd,lead,19,Content,smb,Germany,2025-12-09 01:32:39,false,2026-04-01 06:30:00
HS-001058,howardjose1058@example.com,Vargas PLC,marketingqualifiedlead,47,Outbound,Mid Market,United States,2025-11-08 18:24:08,false,2026-04-01 06:30:00
HS-001059,greggvillarreal1059@example.com,"Jones, Compton and Day",lead,19,Cold Outreach,smb,Canada,2025-12-04 21:42:56,false,2026-04-01 06:30:00
HS-001060,romanmatthew1060@example.com,Flynn Group,lead,12,Inbound,Small Business,United Kingdom,2025-10-05 03:38:38,false,2026-04-01 06:30:00
HS-001061,williamsondavid1061@example.com,"Li, Craig and Drake",lead,10,Outbound,Mid Market,United States,2025-09-10 09:38:42,false,2026-04-01 06:30:00
HS-001062,tomchaney1062@example.com,Wright Ltd,lead,21,IB,Mid-Market,Germany,2025-11-05 09:41:05,false,2026-04-01 06:30:00
HS-001063,kayla841063@example.com,Anderson-Reyes,marketingqualifiedlead,40,outbound,Small Business,Australia,2025-11-17 10:23:50,false,2026-04-01 06:30:00
HS-001064,melissarusso1064@example.com,"Wagner, Simpson and Cohen",lead,11,outbound,Mid-Market,United Kingdom,2026-03-21 03:21:38,false,2026-04-01 06:30:00
HS-001065,mccarthysara1065@example.com,Rodriguez and Sons,lead,13,Paid Ads,smb,Canada,2025-10-14 07:02:29,false,2026-04-01 06:30:00
HS-001066,wlloyd1066@example.com,"Woods, Calhoun and Schmidt",marketingqualifiedlead,74,Event,MM,Australia,2026-02-21 16:27:05,false,2026-04-01 06:30:00
HS-001067,villegaskimberly1067@example.com,"Walsh, Wu and Hart",marketingqualifiedlead,55,inbound,SMB,Germany,2026-01-30 11:25:10,false,2026-04-01 06:30:00
HS-001068,colonbobby1068@example.com,Byrd-Le,marketingqualifiedlead,44,Trade Show,SmallBiz,Australia,2025-09-19 21:13:05,false,2026-04-01 06:30:00
HS-001069,jacksondavid1069@example.com,Li PLC,marketingqualifiedlead,73,Partner,SMB,United States,2026-02-19 03:27:07,false,2026-04-01 06:30:00
HS-001070,rhondamoore1070@example.com,Duran Group,marketingqualifiedlead,75,inbound,Mid Market,United States,2026-01-20 09:14:15,false,2026-04-01 06:30:00
HS-001071,jean871071@example.com,"Wright, Mcknight and Stephens",lead,20,Referral,Strategic,United Kingdom,2026-03-08 04:03:00,false,2026-04-01 06:30:00
HS-001072,mooremichael1072@example.com,"Terrell, Byrd and Ross",marketingqualifiedlead,64,outbound,SMB,Australia,2025-10-29 14:23:13,false,2026-04-01 06:30:00
HS-001073,davidharris1073@example.com,Harris-Walters,marketingqualifiedlead,62,outbound,SMB,Australia,2025-12-12 23:09:09,false,2026-04-01 06:30:00
HS-001074,ahammond1074@example.com,"Burgess, Grant and Watts",lead,34,Content Download,MM,Australia,2026-01-23 19:17:31,false,2026-04-01 06:30:00
HS-001075,marywells1075@example.com,Edwards Ltd,lead,39,inbound,MidMarket,Australia,2025-09-29 00:05:43,false,2026-04-01 06:30:00
HS-001076,william141076@example.com,"Powers, Brennan and Sanchez",lead,10,Cold Outreach,smb,Canada,2025-09-06 23:21:15,false,2026-04-01 06:30:00
HS-001077,jennifer651077@example.com,White-Preston,lead,21,Paid Ads,SmallBiz,Australia,2025-12-11 01:17:26,false,2026-04-01 06:30:00
HS-001078,edwardmolina1078@example.com,"Pugh, Henderson and Moon",marketingqualifiedlead,51,Outbound,SMB,United Kingdom,2026-01-07 17:58:44,false,2026-04-01 06:30:00
HS-001079,icobb1079@example.com,"Adkins, Wright and Murray",lead,17,inbound,Small Business,Australia,2025-09-27 01:13:09,false,2026-04-01 06:30:00
HS-001080,agutierrez1080@example.com,Ward-Nelson,marketingqualifiedlead,84,Cold Outreach,Mid Market,Australia,2026-02-21 19:38:57,false,2026-04-01 06:30:00
HS-001081,hcrane1081@example.com,Wright Ltd,marketingqualifiedlead,67,Outbound,Mid-Market,Germany,2025-08-31 13:00:29,false,2026-04-01 06:30:00
HS-001082,sherry721082@example.com,Dunn-Wilson,marketingqualifiedlead,70,Cold Outreach,MidMarket,United States,2026-01-22 08:36:44,false,2026-04-01 06:30:00
HS-001083,robbinszachary1083@example.com,"Stanley, Tucker and Lee",lead,25,Paid,MM,Canada,2025-11-06 14:49:52,false,2026-04-01 06:30:00
HS-001084,millerleroy1084@example.com,Contreras-Mckinney,marketingqualifiedlead,89,Referral,Small Business,United Kingdom,2025-10-11 13:24:58,false,2026-04-01 06:30:00
HS-001085,ryanlong1085@example.com,"Moore, Hopkins and Le",lead,39,Paid,SmallBiz,Germany,2025-12-11 17:01:37,false,2026-04-01 06:30:00
HS-001086,kellerdarlene1086@example.com,"Martin, Preston and Moore",lead,37,outbound,ENT,United Kingdom,2025-09-26 08:14:17,false,2026-04-01 06:30:00
HS-001087,levinetina1087@example.com,Petersen PLC,marketingqualifiedlead,88,Referral,SMB,Germany,2025-11-07 08:40:44,false,2026-04-01 06:30:00
HS-001088,robert841088@example.com,"Contreras, Miller and Cooper",lead,13,outbound,ENT,United Kingdom,2025-12-14 00:33:06,false,2026-04-01 06:30:00
HS-001089,regina041089@example.com,Li PLC,lead,10,Outbound,smb,United States,2025-11-20 08:10:45,false,2026-04-01 06:30:00
HS-001090,isabellagriffin1090@example.com,Baker-Wilson,marketingqualifiedlead,50,outbound,Mid Market,United Kingdom,2026-02-24 15:01:19,false,2026-04-01 06:30:00
HS-001091,paigeweber1091@example.com,"Harris, Collins and Carney",lead,32,Inbound,smb,Australia,2026-03-18 02:56:35,false,2026-04-01 06:30:00
HS-001092,zterry1092@example.com,Jones Inc,lead,5,Content Download,Strategic,United States,2026-02-07 21:31:24,false,2026-04-01 06:30:00
HS-001093,trowe1093@example.com,Fernandez and Sons,lead,36,Channel,MM,Germany,2025-10-05 15:57:54,false,2026-04-01 06:30:00
HS-001094,johnsonmatthew1094@example.com,Drake-Wolfe,marketingqualifiedlead,87,Event,enterprise,Australia,2025-11-19 08:10:49,false,2026-04-01 06:30:00
HS-001095,abigailfernandez1095@example.com,Hunter PLC,lead,15,IB,Mid-Market,Germany,2025-10-10 07:50:06,false,2026-04-01 06:30:00
HS-001096,christopherarnold1096@example.com,Osborn Group,marketingqualifiedlead,52,Partner,Mid-Market,Canada,2026-01-15 01:43:26,false,2026-04-01 06:30:00
HS-001097,katherine201097@example.com,Johnson-Rogers,marketingqualifiedlead,56,Paid,SmallBiz,United States,2026-03-10 16:38:08,false,2026-04-01 06:30:00
HS-001098,zamoraamber1098@example.com,"Matthews, Smith and Hubbard",lead,10,Outbound,smb,United States,2026-01-12 22:13:03,false,2026-04-01 06:30:00
HS-001099,john461099@example.com,Miller Ltd,marketingqualifiedlead,59,Outbound,Small Business,United Kingdom,2025-09-24 07:55:58,false,2026-04-01 06:30:00
HS-001100,dennismckenzie1100@example.com,Cortez LLC,lead,28,Inbound,SmallBiz,United Kingdom,2026-01-29 05:28:45,false,2026-04-01 06:30:00
HS-001101,courtney511101@example.com,Jones PLC,marketingqualifiedlead,82,Cold Outreach,MM,Canada,2025-08-22 07:03:48,false,2026-04-01 06:30:00
HS-001102,shermanshelly1102@example.com,Landry PLC,marketingqualifiedlead,80,Outbound,Mid-Market,United Kingdom,2025-10-27 17:06:45,false,2026-04-01 06:30:00
HS-001103,vevans1103@example.com,"Terrell, Byrd and Ross",marketingqualifiedlead,80,Outbound,SmallBiz,Australia,2026-03-14 14:45:58,false,2026-04-01 06:30:00
HS-001104,chaveztonya1104@example.com,White-Morales,lead,33,Paid Ads,Mid-Market,Canada,2026-01-24 01:11:33,false,2026-04-01 06:30:00
HS-001105,michaelmitchell1105@example.com,Gilbert PLC,lead,29,Inbound,SmallBiz,Australia,2026-02-17 12:45:14,false,2026-04-01 06:30:00
HS-001106,jenniferstone1106@example.com,"Estrada, Williams and Foster",lead,10,IB,SMB,Australia,2026-03-30 01:32:56,false,2026-04-01 06:30:00
HS-001107,danielblack1107@example.com,Cunningham-Barton,lead,9,outbound,Small Business,Germany,2026-03-16 15:22:42,false,2026-04-01 06:30:00
HS-001108,mackenzieward1108@example.com,Mann Inc,marketingqualifiedlead,57,outbound,ENT,United States,2026-03-13 21:05:08,false,2026-04-01 06:30:00
HS-001109,thomasronald1109@example.com,Gomez and Sons,lead,13,IB,MidMarket,Germany,2026-01-31 04:53:53,false,2026-04-01 06:30:00
HS-001110,dmiller1110@example.com,Goodwin-Stokes,lead,6,Word of Mouth,enterprise,United States,2025-11-15 09:10:58,false,2026-04-01 06:30:00
HS-001111,ebeasley1111@example.com,"Pierce, Bell and Chavez",lead,24,Inbound,Mid Market,Germany,2025-10-05 13:02:04,false,2026-04-01 06:30:00
HS-001112,seanwood1112@example.com,"Pugh, Henderson and Moon",lead,13,IB,SMB,United Kingdom,2026-01-19 01:17:05,false,2026-04-01 06:30:00
HS-001113,hchapman1113@example.com,Strickland-Shaw,lead,37,Inbound,Mid-Market,Germany,2026-01-25 23:25:29,false,2026-04-01 06:30:00
HS-001114,lwiggins1114@example.com,Schmidt PLC,lead,7,Inbound,Mid-Market,United States,2026-01-18 23:32:41,false,2026-04-01 06:30:00
HS-001115,cfields1115@example.com,"Williams, Mccoy and Cook",marketingqualifiedlead,49,Inbound,SMB,Canada,2025-11-09 02:40:51,false,2026-04-01 06:30:00
HS-001116,adennis1116@example.com,"Butler, Hernandez and Rivera",lead,25,Content Download,smb,United States,2025-09-30 11:24:50,false,2026-04-01 06:30:00
HS-001117,drewmartinez1117@example.com,Williams-Moses,lead,28,Paid Ads,Mid Market,Canada,2026-02-08 02:06:59,false,2026-04-01 06:30:00
HS-001118,tanderson1118@example.com,Walton LLC,lead,11,Event,MidMarket,United States,2026-01-19 01:25:04,false,2026-04-01 06:30:00
HS-001119,bensonstanley1119@example.com,Arnold-Gates,marketingqualifiedlead,83,Partner,SMB,United States,2026-01-06 10:34:26,false,2026-04-01 06:30:00
HS-001120,francissherry1120@example.com,Combs PLC,marketingqualifiedlead,41,Outbound,MM,Australia,2025-12-12 13:36:23,false,2026-04-01 06:30:00
HS-001121,sandra191121@example.com,Orr Group,lead,27,IB,Small Business,Australia,2026-02-23 15:56:34,false,2026-04-01 06:30:00
HS-001122,xrodriguez1122@example.com,"Thompson, Moore and Castro",lead,19,Outbound,MidMarket,Australia,2025-11-13 13:19:01,false,2026-04-01 06:30:00
HS-001123,billy211123@example.com,Schroeder-Kramer,lead,28,Event,Mid-Market,United States,2026-03-14 07:49:04,false,2026-04-01 06:30:00
HS-001124,kevin541124@example.com,Miller-Mccall,marketingqualifiedlead,82,Paid Ads,Mid-Market,United States,2026-02-07 00:51:55,false,2026-04-01 06:30:00
HS-001125,todd221125@example.com,"Edwards, Hines and Jimenez",lead,37,Referral,Mid-Market,United Kingdom,2025-09-09 21:31:58,false,2026-04-01 06:30:00
HS-001126,twilliams1126@example.com,"Choi, Garcia and Farmer",lead,19,outbound,SMB,United Kingdom,2025-09-29 11:20:34,false,2026-04-01 06:30:00
HS-001127,jason701127@example.com,Davis-Lewis,marketingqualifiedlead,51,PPC,MidMarket,Australia,2025-09-23 07:30:28,false,2026-04-01 06:30:00
HS-001128,kelleycarlos1128@example.com,"Chan, Lewis and Walker",lead,23,outbound,MidMarket,Australia,2026-02-27 20:57:06,false,2026-04-01 06:30:00
HS-001129,butlerashley1129@example.com,Hayes and Sons,lead,15,Paid Ads,enterprise,United States,2026-03-30 07:57:32,false,2026-04-01 06:30:00
HS-001130,ymccullough1130@example.com,"Pierce, Bell and Chavez",marketingqualifiedlead,77,IB,MM,Germany,2025-10-14 00:41:42,false,2026-04-01 06:30:00
HS-001131,ualvarez1131@example.com,Davis-Lewis,marketingqualifiedlead,55,Content Download,MidMarket,Australia,2026-02-04 12:45:22,false,2026-04-01 06:30:00
HS-001132,kathleenwagner1132@example.com,"Butler, Hernandez and Rivera",lead,31,Cold Outreach,SmallBiz,United States,2026-02-20 01:36:30,false,2026-04-01 06:30:00
HS-001133,qgill1133@example.com,Small-Anderson,marketingqualifiedlead,90,Content,SmallBiz,United Kingdom,2025-11-30 01:26:19,false,2026-04-01 06:30:00
HS-001134,uhernandez1134@example.com,Hernandez Group,lead,21,Paid Ads,SmallBiz,Australia,2025-12-02 15:44:42,false,2026-04-01 06:30:00
HS-001135,christopher991135@example.com,"Sanford, Rivera and Garcia",lead,6,Content Download,SmallBiz,United States,2025-10-01 16:34:55,false,2026-04-01 06:30:00
HS-001136,zhughes1136@example.com,"Franco, Wiley and Tapia",marketingqualifiedlead,48,outbound,SMB,Canada,2025-09-20 03:06:30,false,2026-04-01 06:30:00
HS-001137,amber741137@example.com,Marshall-Elliott,marketingqualifiedlead,85,Paid,Mid Market,Australia,2025-11-06 21:14:33,false,2026-04-01 06:30:00
HS-001138,clinejasmine1138@example.com,Crane Group,marketingqualifiedlead,55,Inbound,SmallBiz,Germany,2025-12-23 12:25:12,false,2026-04-01 06:30:00
HS-001139,ann181139@example.com,"Mcpherson, Anderson and Knapp",lead,33,Outbound,SMB,Canada,2025-10-28 14:28:42,false,2026-04-01 06:30:00
HS-001140,leechristine1140@example.com,Haynes-Watson,lead,14,IB,Small Business,Germany,2025-10-04 13:30:09,false,2026-04-01 06:30:00
HS-001141,bernardaimee1141@example.com,Donovan-Perez,marketingqualifiedlead,48,Paid Ads,Mid-Market,Germany,2025-11-18 15:36:09,false,2026-04-01 06:30:00
HS-001142,bshaw1142@example.com,Harper and Sons,lead,22,Content Download,smb,United States,2026-01-23 01:43:58,false,2026-04-01 06:30:00
HS-001143,barrettamanda1143@example.com,"Turner, Ortiz and Taylor",lead,28,Event,ENT,Germany,2025-10-06 23:52:17,false,2026-04-01 06:30:00
HS-001144,hilljamie1144@example.com,Acosta Inc,lead,35,Content Download,smb,Australia,2026-02-04 06:54:33,false,2026-04-01 06:30:00
HS-001145,imiller1145@example.com,"Khan, Pena and Ruiz",lead,21,Content,Small Business,Australia,2025-09-30 10:14:33,false,2026-04-01 06:30:00
HS-001146,richard071146@example.com,"Holland, Murphy and Kline",marketingqualifiedlead,65,inbound,SmallBiz,Australia,2026-03-12 22:58:52,false,2026-04-01 06:30:00
HS-001147,morganhenry1147@example.com,Perry-Davis,marketingqualifiedlead,61,Cold Outreach,Small Business,Australia,2025-12-25 01:39:04,false,2026-04-01 06:30:00
HS-001148,heathlogan1148@example.com,Foster Inc,marketingqualifiedlead,69,Outbound,Enterprise,Australia,2026-01-08 12:46:40,false,2026-04-01 06:30:00
HS-001149,christopher181149@example.com,Rose-Fowler,marketingqualifiedlead,54,Cold Outreach,Mid-Market,United Kingdom,2026-02-20 20:48:02,false,2026-04-01 06:30:00
HS-001150,justinwhite1150@example.com,Ferrell-Henry,lead,30,inbound,Strategic,Germany,2025-12-11 22:15:35,false,2026-04-01 06:30:00
HS-001151,moorestephanie1151@example.com,King-Martinez,marketingqualifiedlead,79,Referral,MM,Canada,2025-10-19 16:38:25,false,2026-04-01 06:30:00
HS-001152,brianwoodward1152@example.com,Nolan and Sons,marketingqualifiedlead,86,Outbound,SMB,United States,2026-01-09 16:30:48,false,2026-04-01 06:30:00
HS-001153,anthonybrown1153@example.com,Navarro-Munoz,marketingqualifiedlead,43,Channel,smb,Germany,2026-01-13 03:40:02,false,2026-04-01 06:30:00
HS-001154,jgarcia1154@example.com,"Thomas, Vaughan and Copeland",marketingqualifiedlead,51,Paid Ads,smb,Canada,2025-09-19 05:52:02,false,2026-04-01 06:30:00
HS-001155,qorozco1155@example.com,"Carrillo, Vaughn and Fowler",marketingqualifiedlead,56,Outbound,SMB,United Kingdom,2025-11-02 17:16:04,false,2026-04-01 06:30:00
HS-001156,hdavid1156@example.com,"Branch, Torres and Oliver",marketingqualifiedlead,85,IB,Mid Market,Germany,2026-03-01 18:32:09,false,2026-04-01 06:30:00
HS-001157,harriskaren1157@example.com,Green-Wright,lead,23,Cold Outreach,Small Business,United Kingdom,2025-09-11 22:07:18,false,2026-04-01 06:30:00
HS-001158,trevorgoodwin1158@example.com,Santos-Avila,lead,19,Inbound,smb,United Kingdom,2025-12-17 05:12:58,false,2026-04-01 06:30:00
HS-001159,ravery1159@example.com,Herrera Group,marketingqualifiedlead,44,outbound,SMB,Germany,2026-03-04 19:54:32,false,2026-04-01 06:30:00
HS-001160,floresangela1160@example.com,Kane PLC,lead,37,Outbound,SMB,United States,2025-10-28 23:29:56,false,2026-04-01 06:30:00
HS-001161,washingtonrick1161@example.com,"Lynch, Evans and Rodriguez",marketingqualifiedlead,71,IB,SmallBiz,United States,2025-11-15 07:58:13,false,2026-04-01 06:30:00
HS-001162,robinsmith1162@example.com,Edwards-Scott,lead,8,outbound,Mid-Market,Germany,2026-01-24 00:27:07,false,2026-04-01 06:30:00
HS-001163,sanchezangela1163@example.com,Schmitt PLC,lead,12,Content Download,SmallBiz,United States,2026-03-28 13:39:59,false,2026-04-01 06:30:00
HS-001164,kevinrussell1164@example.com,Combs PLC,marketingqualifiedlead,78,Inbound,Mid Market,Australia,2025-11-03 11:48:27,false,2026-04-01 06:30:00
HS-001165,mathisvincent1165@example.com,"Carter, Garcia and Murphy",lead,22,Outbound,Mid-Market,United States,2026-01-02 15:05:29,false,2026-04-01 06:30:00
HS-001166,nathanielgalloway1166@example.com,Waller-Chavez,marketingqualifiedlead,66,Channel,Mid-Market,Australia,2026-02-01 19:30:38,false,2026-04-01 06:30:00
HS-001167,amandahenderson1167@example.com,Young-Walter,marketingqualifiedlead,66,Cold Outreach,SmallBiz,Australia,2025-12-09 11:51:16,false,2026-04-01 06:30:00
HS-001168,dwilliams1168@example.com,Ford-Spencer,marketingqualifiedlead,50,Inbound,Small Business,United States,2026-03-04 16:43:48,false,2026-04-01 06:30:00
HS-001169,denise201169@example.com,Chambers-Parker,marketingqualifiedlead,79,Paid,smb,Australia,2025-09-18 19:08:14,false,2026-04-01 06:30:00
HS-001170,mahoneytimothy1170@example.com,Hickman Ltd,marketingqualifiedlead,64,Channel,SMB,Canada,2025-11-09 11:44:00,false,2026-04-01 06:30:00
HS-001171,mary651171@example.com,Curry-Barker,marketingqualifiedlead,69,outbound,enterprise,Germany,2026-02-06 10:33:20,false,2026-04-01 06:30:00
HS-001172,brendadixon1172@example.com,Johnson and Sons,lead,19,Paid Ads,SMB,United Kingdom,2025-09-25 19:41:55,false,2026-04-01 06:30:00
HS-001173,martinamanda1173@example.com,Rivera Inc,marketingqualifiedlead,62,Partner,SMB,Australia,2026-03-19 10:31:27,false,2026-04-01 06:30:00
HS-001174,turnerrandall1174@example.com,Pruitt-Webb,lead,17,Partner,MM,United Kingdom,2026-01-13 12:04:06,false,2026-04-01 06:30:00
HS-001175,rivasjessica1175@example.com,White-Medina,marketingqualifiedlead,79,Content,ENT,Australia,2026-02-25 00:46:36,false,2026-04-01 06:30:00
HS-001176,natalie391176@example.com,Guerrero-Becker,marketingqualifiedlead,84,Referral,SmallBiz,United Kingdom,2026-01-23 03:09:43,false,2026-04-01 06:30:00
HS-001177,nicole541177@example.com,"Miller, Harrell and Reese",marketingqualifiedlead,56,Inbound,Mid Market,United Kingdom,2025-09-06 15:15:14,false,2026-04-01 06:30:00
HS-001178,qnelson1178@example.com,Dominguez Ltd,lead,9,Cold Outreach,MidMarket,Canada,2025-11-06 07:32:23,false,2026-04-01 06:30:00
HS-001179,matthew791179@example.com,Rivera Inc,lead,23,IB,smb,Australia,2026-01-07 08:40:44,false,2026-04-01 06:30:00
HS-001180,allen201180@example.com,Lee-Davis,marketingqualifiedlead,63,inbound,Enterprise,Germany,2026-03-15 05:52:06,false,2026-04-01 06:30:00
HS-001181,asmith1181@example.com,"Arnold, Smith and Moreno",lead,29,IB,Small Business,Germany,2026-03-21 21:58:56,false,2026-04-01 06:30:00
HS-001182,robertwoodard1182@example.com,Patton-Jenkins,marketingqualifiedlead,78,Cold Outreach,Small Business,United States,2026-03-18 14:53:25,false,2026-04-01 06:30:00
HS-001183,ifarmer1183@example.com,Moore and Sons,lead,26,Inbound,MM,United States,2025-09-25 00:44:07,false,2026-04-01 06:30:00
HS-001184,cobbdebra1184@example.com,Lewis-Livingston,lead,39,Content,Small Business,United States,2026-03-10 15:59:08,false,2026-04-01 06:30:00
HS-001185,ryanpatricia1185@example.com,Hoover-Campbell,lead,38,Inbound,Mid-Market,Canada,2026-01-10 14:47:25,false,2026-04-01 06:30:00
HS-001186,wchambers1186@arcline.com,"Burke, Martinez and Riggs",lead,37,inbound,Mid-Market,United Kingdom,2026-03-14 06:42:08,true,2026-04-01 06:30:00
HS-001187,wcarey1187@example.com,Miller Inc,marketingqualifiedlead,55,Referral,SmallBiz,Germany,2025-11-13 01:19:53,false,2026-04-01 06:30:00
HS-001188,xthompson1188@example.com,Williams Inc,lead,30,Cold Outreach,smb,United Kingdom,2026-03-09 05:27:09,false,2026-04-01 06:30:00
HS-001189,martinezmitchell1189@example.com,Davis and Sons,marketingqualifiedlead,54,Inbound,SmallBiz,Germany,2025-10-06 21:17:01,false,2026-04-01 06:30:00
HS-001190,seanwalker1190@example.com,"Becker, Lara and Baker",lead,20,Paid Ads,Small Business,United States,2026-01-29 03:02:33,false,2026-04-01 06:30:00
HS-001191,changerin1191@example.com,Price LLC,marketingqualifiedlead,65,outbound,Small Business,United States,2026-03-18 08:25:57,false,2026-04-01 06:30:00
HS-001192,james941192@example.com,Yu Inc,lead,14,IB,Strategic,Germany,2026-02-14 06:16:16,false,2026-04-01 06:30:00
HS-001193,jimsnyder1193@example.com,"Burns, Nolan and Griffin",marketingqualifiedlead,75,IB,Small Business,Canada,2025-08-25 06:45:51,false,2026-04-01 06:30:00
HS-001194,benjamin791194@example.com,Navarro-Munoz,marketingqualifiedlead,69,Outbound,smb,Germany,2025-12-03 03:49:27,false,2026-04-01 06:30:00
HS-001195,adrianjoyce1195@example.com,"Wilson, Sweeney and Wong",lead,7,Outbound,SmallBiz,Germany,2025-12-04 10:43:13,false,2026-04-01 06:30:00
HS-001196,rrodriguez1196@example.com,Smith and Sons,marketingqualifiedlead,86,Channel,Mid Market,United States,2025-09-21 00:40:48,false,2026-04-01 06:30:00
HS-001197,mjackson1197@example.com,Ramirez and Sons,marketingqualifiedlead,66,Outbound,Small Business,Germany,2025-09-20 07:08:42,false,2026-04-01 06:30:00
HS-001198,cameronanderson1198@example.com,Gutierrez-Hawkins,lead,39,Outbound,enterprise,United States,2026-01-06 07:15:26,false,2026-04-01 06:30:00
HS-001199,andersonsarah1199@example.com,"Hernandez, Jenkins and Parks",lead,29,Outbound,Small Business,Australia,2026-01-02 10:31:07,false,2026-04-01 06:30:00
HS-001200,nicoledaniel1200@example.com,Ward and Sons,lead,23,Inbound,SmallBiz,United Kingdom,2025-09-07 12:35:10,false,2026-04-01 06:30:00
HS-001201,james081201@example.com,Parker-Morrison,marketingqualifiedlead,72,inbound,MidMarket,United Kingdom,2026-03-17 11:56:26,false,2026-04-01 06:30:00
HS-001202,erin701202@example.com,Diaz-Ball,lead,16,IB,Mid Market,Germany,2025-10-05 18:56:13,false,2026-04-01 06:30:00
HS-001203,pdavidson1203@example.com,Terry-Bowen,lead,15,Outbound,Enterprise,Germany,2025-10-05 13:38:35,false,2026-04-01 06:30:00
HS-001204,nashmarcus1204@example.com,Welch-Hogan,marketingqualifiedlead,54,Paid,smb,Australia,2025-12-01 00:16:05,false,2026-04-01 06:30:00
HS-001205,rhill1205@example.com,Collins Group,lead,25,Paid,Small Business,United States,2026-02-20 08:01:11,false,2026-04-01 06:30:00
HS-001206,hsimpson1206@example.com,"Johnson, Miller and King",marketingqualifiedlead,72,inbound,SMB,Canada,2025-09-09 11:23:19,false,2026-04-01 06:30:00
HS-001206D,hsimpson1206@example.com,"Johnson, Miller and King",marketingqualifiedlead,72,inbound,SMB,Canada,2025-09-09 11:23:19,false,2026-04-01 06:30:00
HS-001207,stephensonjeffrey1207@example.com,Jones-Fox,marketingqualifiedlead,53,Paid Ads,SMB,Germany,2025-10-22 16:20:07,false,2026-04-01 06:30:00
HS-001208,samantha871208@example.com,Miller Group,marketingqualifiedlead,87,outbound,SMB,Australia,2025-11-26 05:27:51,false,2026-04-01 06:30:00
HS-001209,adam351209@example.com,Underwood-Foster,lead,36,Event,smb,United States,2026-02-07 14:55:10,false,2026-04-01 06:30:00
HS-001210,beardlindsey1210@example.com,Chapman and Sons,lead,22,outbound,SMB,Canada,2025-12-08 07:55:51,false,2026-04-01 06:30:00
HS-001211,tiffanycoleman1211@example.com,Osborne LLC,lead,39,Content,SmallBiz,United Kingdom,2025-10-13 12:53:23,false,2026-04-01 06:30:00
HS-001211D,tiffanycoleman1211@example.com,Osborne LLC,lead,39,Content,SmallBiz,United Kingdom,2025-10-13 12:53:23,false,2026-04-01 06:30:00
HS-001212,starkjames1212@example.com,"Taylor, Porter and Moreno",marketingqualifiedlead,52,Inbound,Small Business,Canada,2025-09-16 20:04:25,false,2026-04-01 06:30:00
HS-001213,lance101213@example.com,Payne-Lowe,marketingqualifiedlead,88,inbound,SmallBiz,United States,2025-09-07 14:49:24,false,2026-04-01 06:30:00
HS-001214,breynolds1214@arcline.com,Mcdaniel Group,lead,6,Cold Outreach,SmallBiz,Germany,2025-11-16 14:57:51,true,2026-04-01 06:30:00
HS-001215,mary311215@example.com,Henderson Ltd,lead,5,Cold Outreach,SmallBiz,Germany,2026-02-12 00:36:30,false,2026-04-01 06:30:00
HS-001216,vallen1216@example.com,"Diaz, Gibbs and Smith",marketingqualifiedlead,57,Inbound,Mid Market,Germany,2025-12-29 08:18:31,false,2026-04-01 06:30:00
HS-001217,underwoodapril1217@example.com,Robertson-Ramirez,lead,6,Channel,SmallBiz,Canada,2025-11-12 20:47:46,false,2026-04-01 06:30:00
HS-001218,sherryparsons1218@example.com,Combs Ltd,lead,37,IB,Small Business,Canada,2025-11-28 21:08:40,false,2026-04-01 06:30:00
HS-001219,oduran1219@arcline.com,"Watson, Smith and Morris",marketingqualifiedlead,63,outbound,Small Business,United States,2026-02-06 11:06:01,true,2026-04-01 06:30:00
HS-001220,friley1220@example.com,Castillo-Harrington,lead,37,Word of Mouth,SmallBiz,Canada,2025-10-11 08:14:27,false,2026-04-01 06:30:00
HS-001221,rangelnicholas1221@example.com,"Ramsey, Mason and Mccann",marketingqualifiedlead,66,outbound,Small Business,Australia,2026-02-20 22:13:35,false,2026-04-01 06:30:00
HS-001222,pattonbryan1222@example.com,"Owens, Koch and Jimenez",lead,39,outbound,SmallBiz,United Kingdom,2025-11-19 22:22:19,false,2026-04-01 06:30:00
HS-001223,nbrown1223@example.com,Rodriguez-Hall,marketingqualifiedlead,64,Referral,SMB,Germany,2025-11-23 01:13:05,false,2026-04-01 06:30:00
HS-001224,rjones1224@example.com,Turner-Stout,marketingqualifiedlead,46,Cold Outreach,Small Business,Australia,2025-10-09 18:59:16,false,2026-04-01 06:30:00
HS-001225,hansenkenneth1225@example.com,"Steele, Williams and Preston",marketingqualifiedlead,64,Cold Outreach,SMB,United States,2026-01-28 13:19:32,false,2026-04-01 06:30:00
HS-001226,nmorales1226@example.com,Baker and Sons,lead,16,Event,ENT,Australia,2025-12-10 00:51:21,false,2026-04-01 06:30:00
HS-001227,mhall1227@example.com,"Booker, Jones and Harrington",marketingqualifiedlead,61,Content Download,SMB,United States,2025-09-08 13:50:47,false,2026-04-01 06:30:00
HS-001228,chavezsteven1228@example.com,Moore Group,lead,7,Channel,SMB,United Kingdom,2025-10-02 23:40:21,false,2026-04-01 06:30:00
HS-001229,nhobbs1229@example.com,Atkins PLC,marketingqualifiedlead,63,Inbound,SmallBiz,United Kingdom,2026-01-16 12:27:21,false,2026-04-01 06:30:00
HS-001230,morgansharon1230@example.com,Jackson-Meza,marketingqualifiedlead,58,Word of Mouth,smb,United Kingdom,2026-01-23 02:20:39,false,2026-04-01 06:30:00
HS-001231,gibsonmark1231@example.com,Bailey LLC,marketingqualifiedlead,73,IB,Small Business,Canada,2026-02-28 18:49:16,false,2026-04-01 06:30:00
HS-001232,danielsmith1232@example.com,"Duran, Obrien and Gibbs",marketingqualifiedlead,54,Outbound,SmallBiz,Canada,2025-09-01 05:52:31,false,2026-04-01 06:30:00
HS-001233,watkinsmary1233@example.com,"Price, Long and Wilson",marketingqualifiedlead,89,Content,MM,United States,2025-12-22 22:36:40,false,2026-04-01 06:30:00
HS-001234,danascott1234@example.com,"Becker, Wilson and Hester",marketingqualifiedlead,43,Content,Enterprise,United Kingdom,2025-10-13 02:45:08,false,2026-04-01 06:30:00
HS-001235,nolson1235@example.com,Kirby and Sons,lead,23,Trade Show,Small Business,Canada,2025-10-24 08:21:03,false,2026-04-01 06:30:00
HS-001236,ilopez1236@example.com,"Garcia, Humphrey and Baker",lead,31,Paid Ads,MidMarket,United Kingdom,2026-01-14 14:48:59,false,2026-04-01 06:30:00
HS-001237,brownlarry1237@example.com,Miller-Montgomery,lead,29,outbound,SmallBiz,United States,2025-12-02 15:32:18,false,2026-04-01 06:30:00
HS-001238,ppalmer1238@example.com,Gay Inc,lead,11,outbound,Small Business,Germany,2026-01-15 09:45:54,false,2026-04-01 06:30:00
HS-001239,larry821239@example.com,"Gregory, White and James",lead,31,Content Download,SMB,Germany,2025-09-24 23:20:07,false,2026-04-01 06:30:00
HS-001240,terrancemorrison1240@example.com,"Levy, Franco and Hoffman",marketingqualifiedlead,66,Trade Show,SmallBiz,United Kingdom,2026-03-24 12:19:32,false,2026-04-01 06:30:00
HS-001241,miguel081241@example.com,"Cruz, Richmond and Edwards",lead,19,Content Download,SMB,Australia,2025-09-17 23:08:14,false,2026-04-01 06:30:00
HS-001242,brianhunter1242@example.com,"Edwards, Baker and Anderson",lead,36,IB,ENT,United States,2026-02-03 03:05:03,false,2026-04-01 06:30:00
HS-001243,hendersonjames1243@example.com,"Reeves, Parks and Little",marketingqualifiedlead,48,Content,SMB,Canada,2026-02-22 01:17:05,false,2026-04-01 06:30:00
HS-001244,danielleharris1244@example.com,Russell Group,marketingqualifiedlead,55,Inbound,Mid Market,United States,2025-12-25 18:10:35,false,2026-04-01 06:30:00
HS-001245,petersonelizabeth1245@arcline.com,Anderson-Bailey,lead,33,inbound,SMB,United States,2026-02-06 09:40:02,true,2026-04-01 06:30:00
HS-001246,vgreene1246@example.com,Gregory-Watkins,lead,18,Paid,SmallBiz,United Kingdom,2025-09-23 18:09:27,false,2026-04-01 06:30:00
HS-001247,christina651247@example.com,Lynn-Jones,lead,36,Partner,Strategic,United Kingdom,2025-11-23 08:20:08,false,2026-04-01 06:30:00
HS-001248,danielwalter1248@example.com,Hunt PLC,marketingqualifiedlead,52,Outbound,smb,Germany,2026-01-27 18:13:48,false,2026-04-01 06:30:00
HS-001249,crawfordsamantha1249@example.com,Miller-Mccall,lead,11,Channel,Mid Market,United States,2026-01-21 11:57:26,false,2026-04-01 06:30:00
HS-001250,heatherowens1250@example.com,Brooks and Sons,marketingqualifiedlead,53,Event,Mid-Market,Australia,2026-01-12 04:21:12,false,2026-04-01 06:30:00
HS-001251,johnnavarro1251@example.com,Rodriguez Inc,marketingqualifiedlead,54,outbound,MidMarket,Germany,2026-03-08 09:04:03,false,2026-04-01 06:30:00
HS-001252,lindsay631252@example.com,Gonzales Inc,marketingqualifiedlead,72,Inbound,SmallBiz,United Kingdom,2025-11-19 06:10:40,false,2026-04-01 06:30:00
HS-001253,alopez1253@example.com,Hunter-Fuller,marketingqualifiedlead,59,Trade Show,enterprise,Germany,2026-02-10 20:15:15,false,2026-04-01 06:30:00
HS-001254,alejandro501254@example.com,"Franco, Wiley and Tapia",marketingqualifiedlead,61,Partner,Small Business,Canada,2025-12-20 10:34:53,false,2026-04-01 06:30:00
HS-001255,thomasscott1255@example.com,Dougherty-Lin,marketingqualifiedlead,43,inbound,SmallBiz,Canada,2026-02-02 10:05:19,false,2026-04-01 06:30:00
HS-001256,bradley031256@example.com,Hawkins-Hunt,marketingqualifiedlead,72,Referral,SmallBiz,Canada,2025-12-20 07:36:23,false,2026-04-01 06:30:00
HS-001257,justinrobinson1257@example.com,Underwood-Foster,marketingqualifiedlead,46,inbound,SmallBiz,United States,2025-10-28 09:13:47,false,2026-04-01 06:30:00
HS-001258,jennifer581258@example.com,Jones Ltd,lead,19,Inbound,Small Business,Germany,2026-01-19 00:42:46,false,2026-04-01 06:30:00
HS-001259,gregorysmith1259@example.com,Gutierrez Group,lead,27,outbound,ENT,Australia,2026-01-06 21:51:51,false,2026-04-01 06:30:00
HS-001260,renee021260@example.com,Rowe Group,marketingqualifiedlead,78,Content,SmallBiz,Canada,2025-09-12 05:57:15,false,2026-04-01 06:30:00
HS-001261,hpena1261@example.com,Bell-Bennett,lead,30,outbound,SMB,United States,2025-12-29 00:41:50,false,2026-04-01 06:30:00
HS-001262,sharon471262@arcline.com,Figueroa-Malone,marketingqualifiedlead,76,Cold Outreach,Mid-Market,Australia,2025-09-27 05:08:05,true,2026-04-01 06:30:00
HS-001263,mikewatson1263@example.com,"Thomas, Vaughan and Copeland",lead,8,Trade Show,smb,Canada,2026-03-18 22:51:54,false,2026-04-01 06:30:00
HS-001264,shelleyrowland1264@example.com,Terry-Bowen,lead,12,IB,Enterprise,Germany,2025-10-27 23:28:22,false,2026-04-01 06:30:00
HS-001265,ejohns1265@example.com,"Shaffer, Garcia and Richardson",marketingqualifiedlead,69,IB,SmallBiz,United Kingdom,2025-08-20 15:35:07,false,2026-04-01 06:30:00
HS-001266,thomassandra1266@example.com,"Harris, Edwards and Oconnell",marketingqualifiedlead,81,Cold Outreach,Small Business,United Kingdom,2025-09-13 00:49:47,false,2026-04-01 06:30:00
HS-001267,jamesgray1267@example.com,Bates LLC,marketingqualifiedlead,88,Content,SmallBiz,Germany,2026-02-23 21:37:02,false,2026-04-01 06:30:00
HS-001268,louis631268@example.com,Ortiz Ltd,lead,11,Inbound,SMB,United Kingdom,2025-11-15 23:43:51,false,2026-04-01 06:30:00
HS-001269,hinesbrenda1269@example.com,Gibbs-Bradley,marketingqualifiedlead,58,Content,SmallBiz,Canada,2026-02-02 19:04:24,false,2026-04-01 06:30:00
HS-001270,kristine531270@example.com,Cole-Palmer,lead,33,IB,smb,United Kingdom,2026-03-13 11:23:26,false,2026-04-01 06:30:00
HS-001271,sotojoshua1271@example.com,Campbell-Clark,lead,16,IB,SmallBiz,Germany,2025-11-09 06:47:06,false,2026-04-01 06:30:00
HS-001272,melissaschmitt1272@example.com,Vargas-Snyder,marketingqualifiedlead,51,Partner,SmallBiz,United States,2025-11-24 14:25:38,false,2026-04-01 06:30:00
HS-001273,fclark1273@example.com,Brock-Mcdonald,marketingqualifiedlead,43,Event,SMB,Australia,2025-12-03 04:40:35,false,2026-04-01 06:30:00
HS-001274,ngibbs1274@example.com,Wheeler Group,lead,18,inbound,smb,Germany,2025-12-22 05:34:48,false,2026-04-01 06:30:00
HS-001275,jacksonpaul1275@example.com,Moran-Cox,lead,25,Inbound,ENT,Germany,2025-12-07 03:43:19,false,2026-04-01 06:30:00
HS-001276,victor721276@example.com,Bailey-Cook,marketingqualifiedlead,75,Channel,MidMarket,United States,2025-12-07 18:43:52,false,2026-04-01 06:30:00
HS-001277,jennifer871277@example.com,Combs Ltd,marketingqualifiedlead,73,Content,Small Business,Canada,2026-02-19 15:30:24,false,2026-04-01 06:30:00
HS-001277D,jennifer871277@example.com,Combs Ltd,marketingqualifiedlead,73,Content,Small Business,Canada,2026-02-19 15:30:24,false,2026-04-01 06:30:00
HS-001278,lwells1278@example.com,Harvey-Allen,marketingqualifiedlead,54,Content,MidMarket,Canada,2025-10-06 08:52:00,false,2026-04-01 06:30:00
HS-001278D,lwells1278@example.com,Harvey-Allen,marketingqualifiedlead,54,Content,MidMarket,Canada,2025-10-06 08:52:00,false,2026-04-01 06:30:00
HS-001279,ylittle1279@example.com,Strickland-Palmer,marketingqualifiedlead,81,Paid,SMB,Germany,2026-01-31 08:14:13,false,2026-04-01 06:30:00
HS-001280,clarkpatricia1280@example.com,Andrade-Mendoza,lead,21,Partner,Mid-Market,United States,2025-11-13 21:31:37,false,2026-04-01 06:30:00
HS-001281,zroy1281@example.com,"Calderon, Williams and Bennett",lead,21,Cold Outreach,Mid Market,United States,2026-03-30 19:33:59,false,2026-04-01 06:30:00
HS-001282,kevinoneal1282@example.com,Wright Group,marketingqualifiedlead,66,Inbound,smb,Germany,2026-02-17 10:16:31,false,2026-04-01 06:30:00
HS-001283,selenabrooks1283@example.com,"Williams, Johnson and Wright",marketingqualifiedlead,90,Paid Ads,SMB,Canada,2026-02-03 01:00:11,false,2026-04-01 06:30:00
HS-001284,taylorchristopher1284@example.com,"Nguyen, Smith and Hickman",marketingqualifiedlead,67,IB,Small Business,Canada,2026-03-20 01:40:25,false,2026-04-01 06:30:00
HS-001285,ostone1285@example.com,Lynn-Jones,lead,17,Inbound,ENT,United Kingdom,2025-10-06 08:54:49,false,2026-04-01 06:30:00
HS-001286,marshallchristine1286@example.com,"Moore, Henderson and Bennett",lead,26,Inbound,SMB,Canada,2026-02-07 11:34:26,false,2026-04-01 06:30:00
HS-001287,bhayes1287@example.com,Carter-Neal,marketingqualifiedlead,66,Content Download,MidMarket,Germany,2026-02-07 17:49:27,false,2026-04-01 06:30:00
HS-001288,frichardson1288@example.com,"Bartlett, Brown and Martinez",marketingqualifiedlead,69,inbound,SmallBiz,United Kingdom,2025-10-08 01:26:43,false,2026-04-01 06:30:00
HS-001289,joshua021289@example.com,"Anderson, Roberts and Gilmore",marketingqualifiedlead,65,Paid Ads,Strategic,Australia,2025-09-15 03:52:12,false,2026-04-01 06:30:00
HS-001290,phall1290@example.com,Moore-Ayala,lead,19,outbound,MM,United States,2025-11-16 17:02:55,false,2026-04-01 06:30:00
HS-001291,howardchristopher1291@example.com,"Jones, Compton and Day",marketingqualifiedlead,78,Outbound,Small Business,Canada,2026-03-14 13:51:13,false,2026-04-01 06:30:00
HS-001292,hartmansara1292@example.com,Crosby-Ramirez,marketingqualifiedlead,43,inbound,ENT,Australia,2025-12-10 06:55:33,false,2026-04-01 06:30:00
HS-001293,wilsonmichael1293@example.com,Torres Group,lead,9,Content,MidMarket,Germany,2026-03-22 21:53:56,false,2026-04-01 06:30:00
HS-001294,matthewleonard1294@example.com,"Robinson, Huang and Osborne",lead,25,inbound,Small Business,Australia,2025-09-19 19:45:37,false,2026-04-01 06:30:00
HS-001295,kevin431295@example.com,"Gutierrez, Avila and Perez",marketingqualifiedlead,74,Inbound,SMB,Canada,2025-09-21 16:58:10,false,2026-04-01 06:30:00
HS-001296,yeseniagoodwin1296@example.com,Martinez Inc,lead,8,IB,SMB,United States,2026-02-21 10:15:23,false,2026-04-01 06:30:00
HS-001297,alan441297@example.com,"Turner, Riggs and Roman",marketingqualifiedlead,77,inbound,Mid Market,United Kingdom,2025-09-04 08:23:31,false,2026-04-01 06:30:00
HS-001297D,alan441297@example.com,"Turner, Riggs and Roman",marketingqualifiedlead,77,inbound,Mid Market,United Kingdom,2025-09-04 08:23:31,false,2026-04-01 06:30:00
HS-001298,krista661298@example.com,"Lopez, Jacobs and Mason",lead,7,Cold Outreach,Enterprise,Canada,2025-12-30 03:11:31,false,2026-04-01 06:30:00
HS-001299,kennedywilliam1299@example.com,Hernandez-Davis,lead,11,Content Download,SMB,United States,2026-02-09 17:48:04,false,2026-04-01 06:30:00
HS-001300,michelleperez1300@example.com,Adams-Butler,lead,29,Inbound,MidMarket,United Kingdom,2025-12-31 18:27:41,false,2026-04-01 06:30:00
HS-001301,thomasblack1301@example.com,Jackson-Meza,marketingqualifiedlead,65,Content Download,SMB,United Kingdom,2025-11-23 13:23:21,false,2026-04-01 06:30:00
HS-001302,dsharp1302@example.com,"Wallace, Smith and Cooper",lead,8,Referral,SMB,United States,2025-12-02 10:30:46,false,2026-04-01 06:30:00
HS-001303,latoya531303@example.com,"Mcmillan, Fischer and Gonzalez",lead,8,Cold Outreach,Small Business,Canada,2026-02-19 05:07:45,false,2026-04-01 06:30:00
HS-001304,scarrillo1304@example.com,Curry Inc,lead,24,outbound,MM,United States,2025-10-07 22:16:23,false,2026-04-01 06:30:00
HS-001305,cclark1305@arcline.com,Jones and Sons,marketingqualifiedlead,89,Cold Outreach,smb,Australia,2025-10-14 07:33:06,true,2026-04-01 06:30:00
HS-001306,brooksbarbara1306@example.com,Williams-Campbell,lead,36,outbound,smb,Germany,2025-09-26 21:08:28,false,2026-04-01 06:30:00
HS-001307,kevinrojas1307@example.com,Lynn-Jones,lead,13,Event,enterprise,United Kingdom,2026-03-20 03:38:59,false,2026-04-01 06:30:00
HS-001308,wcochran1308@example.com,Wood LLC,lead,6,Inbound,SmallBiz,Australia,2025-10-19 16:36:37,false,2026-04-01 06:30:00
HS-001309,jeremiah661309@example.com,Manning Group,lead,22,Inbound,MM,United Kingdom,2025-10-14 07:55:28,false,2026-04-01 06:30:00
HS-001310,mark091310@example.com,"Anderson, Dalton and Wilson",lead,24,Content,SMB,Germany,2026-02-24 04:35:06,false,2026-04-01 06:30:00
HS-001311,weekseric1311@example.com,Torres Group,marketingqualifiedlead,74,Channel,Mid-Market,Germany,2025-11-27 00:33:35,false,2026-04-01 06:30:00
HS-001312,ashley991312@example.com,Wright and Sons,marketingqualifiedlead,62,Word of Mouth,Mid Market,United Kingdom,2025-10-18 17:56:03,false,2026-04-01 06:30:00
HS-001313,nbaird1313@example.com,Moreno-Gutierrez,lead,8,Paid Ads,SMB,Germany,2025-12-07 22:37:12,false,2026-04-01 06:30:00
HS-001314,ybrown1314@example.com,"Hernandez, Thompson and Boyd",marketingqualifiedlead,40,Cold Outreach,Small Business,United Kingdom,2025-12-24 20:29:43,false,2026-04-01 06:30:00
HS-001315,thomasmurphy1315@example.com,Wheeler Group,marketingqualifiedlead,79,outbound,SMB,Germany,2026-02-21 11:23:17,false,2026-04-01 06:30:00
HS-001316,tfowler1316@example.com,Diaz Inc,marketingqualifiedlead,60,inbound,MidMarket,Australia,2025-09-05 19:48:23,false,2026-04-01 06:30:00
HS-001317,jacksonemily1317@example.com,"Beltran, Lozano and Mcgee",marketingqualifiedlead,72,Inbound,Small Business,Australia,2026-02-21 03:52:57,false,2026-04-01 06:30:00
HS-001318,antoniobarker1318@example.com,Harrison-Alexander,marketingqualifiedlead,72,Cold Outreach,SmallBiz,United Kingdom,2025-12-06 22:53:09,false,2026-04-01 06:30:00
HS-001319,mjohnson1319@example.com,Stewart-Bailey,lead,30,Paid Ads,smb,Australia,2026-01-16 02:13:15,false,2026-04-01 06:30:00
HS-001320,pruittpaul1320@example.com,Monroe-Carpenter,marketingqualifiedlead,85,Content,Mid-Market,United Kingdom,2026-01-16 01:48:16,false,2026-04-01 06:30:00
HS-001321,jessekeller1321@example.com,"Williams, Johnson and Wright",lead,15,outbound,Small Business,Canada,2025-10-01 19:40:51,false,2026-04-01 06:30:00
HS-001322,gibsonmiguel1322@example.com,Bates-Anderson,lead,17,Event,smb,Canada,2026-01-18 13:21:47,false,2026-04-01 06:30:00
HS-001323,jacksonmichele1323@example.com,Rivera Inc,lead,16,Referral,SmallBiz,United Kingdom,2026-03-10 20:09:32,false,2026-04-01 06:30:00
HS-001324,hmyers1324@example.com,"Edwards, Rodgers and Davis",lead,20,Cold Outreach,MidMarket,United Kingdom,2026-03-26 18:28:55,false,2026-04-01 06:30:00
HS-001325,amandamendoza1325@example.com,"Mueller, Knight and Hodge",marketingqualifiedlead,51,Referral,smb,United Kingdom,2025-10-18 23:32:00,false,2026-04-01 06:30:00
HS-001326,pricerebecca1326@example.com,"Norris, Callahan and Bishop",marketingqualifiedlead,60,Paid,Small Business,United Kingdom,2025-10-12 01:36:20,false,2026-04-01 06:30:00
HS-001327,davidharris1327@example.com,Graham Group,marketingqualifiedlead,49,Channel,MM,Canada,2025-09-12 14:58:11,false,2026-04-01 06:30:00
HS-001328,qmeyers1328@example.com,Wright Group,marketingqualifiedlead,66,Content Download,SmallBiz,Germany,2026-02-12 16:56:51,false,2026-04-01 06:30:00
HS-001329,kmoore1329@example.com,Donovan-Perez,lead,26,Inbound,MM,Germany,2026-03-03 04:27:25,false,2026-04-01 06:30:00
HS-001330,briana871330@example.com,Burch-Montoya,lead,8,Cold Outreach,enterprise,United States,2025-11-18 04:31:08,false,2026-04-01 06:30:00
HS-001331,james271331@example.com,Pruitt-Webb,lead,8,inbound,Mid-Market,United Kingdom,2026-03-01 21:33:13,false,2026-04-01 06:30:00
HS-001332,summerscassidy1332@example.com,Morgan-Schwartz,lead,6,Inbound,SmallBiz,United States,2026-02-01 05:32:34,false,2026-04-01 06:30:00
HS-001333,aliciakent1333@example.com,"Hensley, Powell and David",lead,15,Content,Small Business,United States,2026-01-29 17:49:03,false,2026-04-01 06:30:00
HS-001334,kstevens1334@example.com,Lynn-Jones,marketingqualifiedlead,79,Partner,Strategic,United Kingdom,2025-09-15 04:46:27,false,2026-04-01 06:30:00
HS-001335,mclaughlinkeith1335@example.com,Faulkner-Grant,marketingqualifiedlead,58,Content Download,smb,Canada,2026-03-16 07:33:55,false,2026-04-01 06:30:00
HS-001336,treed1336@example.com,Andrade-Mendoza,lead,10,Inbound,Mid Market,United States,2025-11-11 20:25:51,false,2026-04-01 06:30:00
HS-001337,peter261337@example.com,"Terry, Williams and Huff",lead,20,inbound,smb,United States,2026-01-25 17:09:19,false,2026-04-01 06:30:00
HS-001338,haydenwilliamson1338@example.com,Gibson Ltd,marketingqualifiedlead,87,inbound,Small Business,Canada,2026-02-26 07:23:37,false,2026-04-01 06:30:00
HS-001339,qellis1339@example.com,Smith-Bell,lead,9,Inbound,smb,Australia,2025-12-02 15:30:17,false,2026-04-01 06:30:00
HS-001339D,qellis1339@example.com,Smith-Bell,lead,9,Inbound,smb,Australia,2025-12-02 15:30:17,false,2026-04-01 06:30:00
HS-001340,hollydavis1340@example.com,"Morrison, Hebert and Rogers",lead,16,Inbound,Mid Market,Australia,2025-11-12 00:01:37,false,2026-04-01 06:30:00
HS-001341,allenmonica1341@example.com,"Cook, Wells and Bryant",marketingqualifiedlead,74,Trade Show,MM,United States,2025-10-25 13:42:26,false,2026-04-01 06:30:00
HS-001342,nicole841342@example.com,Mccall-Prince,marketingqualifiedlead,61,Inbound,Small Business,Germany,2026-03-17 08:41:38,false,2026-04-01 06:30:00
HS-001343,wolfejennifer1343@example.com,Kelly Group,lead,14,inbound,smb,Germany,2026-03-15 05:06:31,false,2026-04-01 06:30:00
HS-001344,reginajenkins1344@example.com,King-Miller,lead,13,IB,Small Business,United Kingdom,2025-10-16 07:22:01,false,2026-04-01 06:30:00
HS-001345,carneycharles1345@example.com,"Miller, Davis and Anderson",lead,39,Paid Ads,smb,Canada,2026-03-23 00:03:26,false,2026-04-01 06:30:00
HS-001346,gordonkimberly1346@example.com,Ellis-Lawrence,lead,13,Content,smb,United States,2026-03-21 07:56:29,false,2026-04-01 06:30:00
HS-001347,qhayes1347@example.com,Faulkner-Casey,marketingqualifiedlead,80,IB,SMB,Australia,2025-10-29 08:04:51,false,2026-04-01 06:30:00
HS-001348,williammurray1348@example.com,"Patterson, Smith and Jones",marketingqualifiedlead,71,outbound,Small Business,Germany,2025-10-23 09:13:21,false,2026-04-01 06:30:00
HS-001349,fowleremma1349@example.com,Wilson-Harris,marketingqualifiedlead,41,Paid,SmallBiz,Canada,2026-02-24 19:56:33,false,2026-04-01 06:30:00
HS-001350,vjames1350@example.com,Walker Ltd,marketingqualifiedlead,88,outbound,smb,Australia,2025-10-04 22:10:25,false,2026-04-01 06:30:00
HS-001351,zfoley1351@example.com,"Griffin, Davies and Mitchell",marketingqualifiedlead,50,Content,MM,Germany,2025-12-11 03:19:10,false,2026-04-01 06:30:00
HS-001352,smithdanny1352@example.com,"Adams, Christian and Rivas",marketingqualifiedlead,82,IB,Enterprise,United Kingdom,2025-11-21 17:04:08,false,2026-04-01 06:30:00
HS-001353,markgoodman1353@example.com,Adams-Clayton,marketingqualifiedlead,63,Cold Outreach,Mid-Market,United States,2025-09-03 06:48:17,false,2026-04-01 06:30:00
HS-001354,fmurray1354@example.com,"Mccarthy, Evans and Mendez",lead,24,Inbound,SMB,Germany,2025-12-12 21:54:34,false,2026-04-01 06:30:00
HS-001355,jenniferkim1355@example.com,Williams-Hughes,lead,27,inbound,SmallBiz,United Kingdom,2026-03-08 11:00:40,false,2026-04-01 06:30:00
HS-001356,khoover1356@example.com,Gay Inc,lead,23,Cold Outreach,SMB,Germany,2025-09-22 08:39:29,false,2026-04-01 06:30:00
HS-001357,marylawson1357@example.com,"Levy, Franco and Hoffman",marketingqualifiedlead,70,Inbound,SmallBiz,United Kingdom,2026-01-30 15:54:16,false,2026-04-01 06:30:00
HS-001358,kellynichols1358@example.com,Gilbert PLC,lead,27,IB,Mid-Market,Canada,2026-02-11 04:48:56,false,2026-04-01 06:30:00
HS-001359,qjackson1359@example.com,"Williams, Mccoy and Cook",marketingqualifiedlead,90,Event,SMB,Canada,2026-02-04 19:02:33,false,2026-04-01 06:30:00
HS-001360,byrderic1360@example.com,Frank-Bradley,lead,28,outbound,SMB,United Kingdom,2025-10-29 03:55:27,false,2026-04-01 06:30:00
HS-001361,gregory081361@example.com,Castaneda-Rodriguez,marketingqualifiedlead,43,Paid,Small Business,United States,2025-10-15 08:08:01,false,2026-04-01 06:30:00
HS-001362,scottwilliams1362@example.com,Lynn-Jones,lead,23,Cold Outreach,enterprise,United Kingdom,2025-10-27 04:51:28,false,2026-04-01 06:30:00
HS-001363,myerskyle1363@example.com,Parker-Morrison,marketingqualifiedlead,86,inbound,Mid-Market,United Kingdom,2026-02-10 13:16:21,false,2026-04-01 06:30:00
HS-001364,georgebrandon1364@example.com,Duran Group,marketingqualifiedlead,54,Event,MidMarket,United States,2025-11-06 12:10:55,false,2026-04-01 06:30:00
HS-001365,pwang1365@example.com,Morgan LLC,lead,38,Outbound,SMB,Germany,2025-09-18 12:56:00,false,2026-04-01 06:30:00
HS-001366,regina311366@example.com,Ortiz-Hudson,lead,26,Content,SMB,United States,2026-01-11 14:15:44,false,2026-04-01 06:30:00
HS-001367,fisherveronica1367@example.com,Weaver-Sherman,marketingqualifiedlead,81,Cold Outreach,smb,Australia,2025-12-24 13:51:33,false,2026-04-01 06:30:00
HS-001368,lori131368@example.com,Knox-Powers,lead,39,Cold Outreach,Small Business,Australia,2026-03-14 15:15:04,false,2026-04-01 06:30:00
HS-001369,roblesmaria1369@example.com,"Burgess, Grant and Watts",lead,27,Cold Outreach,Mid-Market,Australia,2025-12-26 03:20:40,false,2026-04-01 06:30:00
HS-001370,jenniferwilliams1370@example.com,Marquez Inc,marketingqualifiedlead,81,Content Download,MidMarket,Canada,2025-10-20 18:35:47,false,2026-04-01 06:30:00
HS-001371,ochoamarcus1371@example.com,"Price, Long and Wilson",lead,20,Partner,MidMarket,United States,2025-11-22 18:29:10,false,2026-04-01 06:30:00
HS-001372,colleenvilla1372@example.com,Medina and Sons,marketingqualifiedlead,64,PPC,SmallBiz,Canada,2025-11-11 04:48:12,false,2026-04-01 06:30:00
HS-001373,hmcmillan1373@example.com,"Adkins, Wright and Murray",lead,39,Cold Outreach,SmallBiz,Australia,2026-02-26 16:52:34,false,2026-04-01 06:30:00
HS-001374,jasonkelly1374@example.com,"Washington, Ryan and Cummings",marketingqualifiedlead,68,IB,MM,Australia,2026-03-15 23:18:18,false,2026-04-01 06:30:00
HS-001375,alexisvaldez1375@example.com,"Miller, Harrell and Reese",marketingqualifiedlead,69,Inbound,Mid Market,United Kingdom,2025-09-21 17:37:19,false,2026-04-01 06:30:00
HS-001376,pricestephen1376@example.com,Lewis Ltd,lead,32,Trade Show,enterprise,Australia,2025-11-25 06:35:48,false,2026-04-01 06:30:00
HS-001377,barrettjoshua1377@example.com,Bryant-Brown,lead,32,Cold Outreach,SmallBiz,Germany,2026-03-28 03:48:26,false,2026-04-01 06:30:00
HS-001378,bradley361378@example.com,Johnson-Wood,marketingqualifiedlead,53,outbound,Mid Market,United States,2025-11-01 19:18:52,false,2026-04-01 06:30:00
HS-001379,katrina711379@example.com,Young-Molina,lead,25,PPC,smb,United Kingdom,2025-12-07 20:07:53,false,2026-04-01 06:30:00
HS-001380,johnathandavis1380@example.com,Wilkerson-Arias,marketingqualifiedlead,59,Word of Mouth,Mid Market,United Kingdom,2026-03-05 04:40:24,false,2026-04-01 06:30:00
HS-001381,tina621381@example.com,Johnston-Hines,lead,37,Event,Mid-Market,United States,2026-01-08 20:37:06,false,2026-04-01 06:30:00
HS-001382,gregory571382@example.com,"Alvarez, Joseph and West",lead,16,Trade Show,ENT,United Kingdom,2025-12-10 19:25:14,false,2026-04-01 06:30:00
HS-001383,rogerscharlotte1383@example.com,Murphy PLC,lead,10,Inbound,SmallBiz,United States,2025-12-26 12:44:30,false,2026-04-01 06:30:00
HS-001384,oreyes1384@example.com,Brown-Hernandez,marketingqualifiedlead,80,IB,SMB,United States,2025-10-01 18:15:45,false,2026-04-01 06:30:00
HS-001385,wesleybush1385@example.com,Adams PLC,lead,13,Cold Outreach,SmallBiz,United Kingdom,2026-02-28 21:22:39,false,2026-04-01 06:30:00
HS-001386,hallchristina1386@example.com,Gonzalez Group,lead,14,Word of Mouth,enterprise,Australia,2026-03-05 14:05:38,false,2026-04-01 06:30:00
HS-001387,parkerjoann1387@example.com,Marquez-Fletcher,marketingqualifiedlead,67,Trade Show,Mid Market,United Kingdom,2025-10-23 19:12:29,false,2026-04-01 06:30:00
HS-001388,christinebrown1388@example.com,Williams-Williams,marketingqualifiedlead,53,Cold Outreach,enterprise,United States,2026-01-16 14:29:42,false,2026-04-01 06:30:00
HS-001389,victor321389@example.com,Weaver-Thompson,lead,17,Content Download,SmallBiz,Canada,2026-03-30 16:25:57,false,2026-04-01 06:30:00
HS-001390,charris1390@example.com,"Brown, Harris and Dougherty",marketingqualifiedlead,44,PPC,smb,United States,2025-12-05 19:35:01,false,2026-04-01 06:30:00
HS-001391,sandrageorge1391@example.com,Alexander Inc,lead,31,Trade Show,SmallBiz,Canada,2026-01-28 12:55:12,false,2026-04-01 06:30:00
HS-001392,vstevenson1392@example.com,Vargas Ltd,lead,19,Paid,SmallBiz,United States,2025-11-05 06:55:34,false,2026-04-01 06:30:00
HS-001393,joshuaschneider1393@example.com,Hernandez-Dawson,lead,25,Content Download,SMB,Australia,2026-03-14 06:03:00,false,2026-04-01 06:30:00
HS-001394,meyertiffany1394@example.com,"Patterson, Smith and Jones",lead,14,inbound,smb,Germany,2026-02-18 19:27:19,false,2026-04-01 06:30:00
HS-001395,karen351395@example.com,Anderson-Wood,lead,38,outbound,smb,Australia,2026-01-08 19:22:13,false,2026-04-01 06:30:00
HS-001396,john801396@example.com,Murray-Oconnor,lead,5,Inbound,Enterprise,United Kingdom,2025-09-02 22:18:41,false,2026-04-01 06:30:00
HS-001397,lauriehorton1397@example.com,Yu Inc,marketingqualifiedlead,89,inbound,Enterprise,Germany,2025-09-29 02:34:58,false,2026-04-01 06:30:00
HS-001398,cathyjames1398@example.com,Maldonado PLC,marketingqualifiedlead,63,Inbound,smb,United Kingdom,2025-10-15 07:12:01,false,2026-04-01 06:30:00
HS-001399,isaiah011399@example.com,"Fowler, Jimenez and Burton",marketingqualifiedlead,81,inbound,SmallBiz,United States,2025-10-09 16:57:34,false,2026-04-01 06:30:00
HS-001400,mjones1400@example.com,Brooks-Hatfield,lead,5,outbound,SmallBiz,Canada,2025-12-19 13:44:04,false,2026-04-01 06:30:00
HS-001401,waltersdonald1401@example.com,"Hale, Myers and Larson",lead,17,Paid Ads,MidMarket,Germany,2025-10-22 01:04:07,false,2026-04-01 06:30:00
HS-001402,davidthompson1402@example.com,Wright and Sons,marketingqualifiedlead,41,Paid Ads,Mid-Market,United Kingdom,2025-11-16 20:27:36,false,2026-04-01 06:30:00
HS-001403,joelmiller1403@example.com,"Anderson, Roberts and Gilmore",lead,12,Referral,Strategic,Australia,2025-10-19 16:57:15,false,2026-04-01 06:30:00
HS-001404,ucollins1404@example.com,"Larsen, Hernandez and Ward",marketingqualifiedlead,61,Content,smb,Australia,2025-12-29 06:24:29,false,2026-04-01 06:30:00
HS-001405,johnthompson1405@example.com,Turner-Stout,marketingqualifiedlead,72,Event,SmallBiz,Australia,2025-09-25 18:25:47,false,2026-04-01 06:30:00
HS-001406,kevinray1406@example.com,Moore and Sons,marketingqualifiedlead,75,Paid Ads,MM,United States,2025-12-26 09:53:15,false,2026-04-01 06:30:00
HS-001407,josephharrington1407@example.com,"Webb, Romero and Morse",lead,19,Content Download,Small Business,Australia,2026-02-22 19:24:59,false,2026-04-01 06:30:00
HS-001408,tapiamichael1408@example.com,"Alvarez, Joseph and West",lead,23,Inbound,Strategic,United Kingdom,2025-09-02 13:06:16,false,2026-04-01 06:30:00
HS-001409,cjackson1409@example.com,Kane-Knox,marketingqualifiedlead,78,Outbound,smb,Canada,2025-10-27 06:27:31,false,2026-04-01 06:30:00
HS-001410,vwagner1410@example.com,Gallagher and Sons,lead,8,outbound,Mid Market,United States,2026-03-17 02:37:45,false,2026-04-01 06:30:00
HS-001411,ywolf1411@example.com,"Marks, Miller and Griffin",marketingqualifiedlead,60,Event,Small Business,United Kingdom,2026-03-23 12:28:17,false,2026-04-01 06:30:00
HS-001412,ysmith1412@example.com,"Daniels, Vance and York",marketingqualifiedlead,51,Cold Outreach,smb,Australia,2025-12-20 03:53:54,false,2026-04-01 06:30:00
HS-001413,wdickerson1413@example.com,Alvarado-Davidson,marketingqualifiedlead,89,Channel,Mid Market,United Kingdom,2025-09-27 02:37:22,false,2026-04-01 06:30:00
HS-001414,brooke281414@example.com,"Harris, Anderson and Love",marketingqualifiedlead,69,Word of Mouth,MM,Germany,2025-12-30 22:21:50,false,2026-04-01 06:30:00
HS-001415,jonathanford1415@example.com,Moore Group,marketingqualifiedlead,60,Trade Show,SmallBiz,United Kingdom,2025-10-04 20:25:39,false,2026-04-01 06:30:00
HS-001416,jcampbell1416@example.com,Sanders and Sons,lead,19,Trade Show,SmallBiz,Canada,2025-12-01 08:59:40,false,2026-04-01 06:30:00
HS-001417,ijones1417@example.com,Williams Group,lead,7,IB,Mid-Market,United Kingdom,2026-01-19 07:41:31,false,2026-04-01 06:30:00
HS-001418,mgonzalez1418@example.com,Faulkner-Casey,lead,22,Event,SMB,Australia,2025-09-17 00:19:56,false,2026-04-01 06:30:00
HS-001419,smithvincent1419@example.com,Gray-Tran,marketingqualifiedlead,85,Channel,Mid Market,Australia,2026-01-04 21:29:12,false,2026-04-01 06:30:00
HS-001420,travis661420@example.com,"Wood, Tran and Cooper",marketingqualifiedlead,62,Trade Show,SmallBiz,Australia,2025-09-19 11:31:57,false,2026-04-01 06:30:00
HS-001421,patrick491421@example.com,Davis Inc,lead,5,Trade Show,Small Business,Canada,2025-12-23 02:42:51,false,2026-04-01 06:30:00
HS-001422,ortizbenjamin1422@example.com,Gutierrez-Lopez,marketingqualifiedlead,69,inbound,Small Business,Germany,2025-10-08 21:34:44,false,2026-04-01 06:30:00
HS-001423,cruzariel1423@example.com,Gonzalez-Wilkerson,lead,30,Event,enterprise,Canada,2026-01-22 02:21:52,false,2026-04-01 06:30:00
HS-001424,kathrynkrueger1424@example.com,Spencer-Lee,marketingqualifiedlead,68,IB,SMB,Australia,2025-12-01 00:51:39,false,2026-04-01 06:30:00
HS-001425,william751425@example.com,Arnold and Sons,lead,5,inbound,SmallBiz,United Kingdom,2026-03-16 09:01:45,false,2026-04-01 06:30:00
HS-001426,curtissara1426@example.com,Byrd LLC,lead,36,IB,Mid Market,United Kingdom,2026-02-23 23:07:56,false,2026-04-01 06:30:00
HS-001427,johnjohnson1427@example.com,Jackson-Wallace,lead,7,Content,MidMarket,Germany,2026-02-21 05:45:24,false,2026-04-01 06:30:00
HS-001428,crystal021428@example.com,Lynn-Jones,lead,14,outbound,Enterprise,United Kingdom,2026-03-12 21:43:04,false,2026-04-01 06:30:00
HS-001429,catherine241429@example.com,"Levy, Franco and Hoffman",marketingqualifiedlead,55,Trade Show,SmallBiz,United Kingdom,2025-09-30 15:13:38,false,2026-04-01 06:30:00
HS-001430,carrielynn1430@example.com,Pearson and Sons,lead,13,Content,smb,Germany,2026-01-06 00:12:45,false,2026-04-01 06:30:00
HS-001431,alexanderwise1431@example.com,Marsh-Banks,lead,24,Referral,SMB,United States,2025-10-10 11:00:14,false,2026-04-01 06:30:00
HS-001432,lsanders1432@example.com,Humphrey PLC,marketingqualifiedlead,52,Outbound,Mid Market,Canada,2025-12-08 03:36:38,false,2026-04-01 06:30:00
HS-001433,stonejacob1433@example.com,Scott and Sons,lead,10,Content Download,Small Business,United Kingdom,2025-12-06 17:00:05,false,2026-04-01 06:30:00
HS-001434,bmartin1434@example.com,"Hicks, Bullock and Bailey",marketingqualifiedlead,48,inbound,SmallBiz,United Kingdom,2025-09-24 09:29:39,false,2026-04-01 06:30:00
HS-001435,heather881435@example.com,"Jones, Compton and Day",marketingqualifiedlead,53,Event,Small Business,Canada,2026-02-22 11:37:02,false,2026-04-01 06:30:00
HS-001436,uwillis1436@example.com,"Marsh, Spears and Yang",marketingqualifiedlead,89,Outbound,smb,Australia,2026-01-29 08:13:15,false,2026-04-01 06:30:00
HS-001437,ugoodwin1437@example.com,Byrd-Holloway,lead,21,inbound,MidMarket,Germany,2026-03-15 23:49:17,false,2026-04-01 06:30:00
HS-001438,rodriguezashley1438@example.com,Little Inc,marketingqualifiedlead,68,outbound,Mid Market,United States,2025-12-20 07:53:22,false,2026-04-01 06:30:00
HS-001439,lisa431439@example.com,Fuentes Group,marketingqualifiedlead,43,Cold Outreach,enterprise,Germany,2026-03-15 16:07:56,false,2026-04-01 06:30:00
HS-001440,ahale1440@example.com,Smith-Noble,lead,31,Event,SMB,Canada,2025-09-18 12:57:33,false,2026-04-01 06:30:00
HS-001441,lisasmith1441@example.com,Hicks-Martinez,lead,5,inbound,Strategic,Australia,2025-10-11 21:22:10,false,2026-04-01 06:30:00
HS-001442,ayalarobert1442@example.com,"Adams, Hodge and Duke",lead,38,Inbound,smb,Australia,2025-11-02 23:54:26,false,2026-04-01 06:30:00
HS-001443,upena1443@example.com,Gray Ltd,marketingqualifiedlead,61,Paid Ads,SMB,United States,2026-01-29 18:30:00,false,2026-04-01 06:30:00
HS-001444,xjackson1444@example.com,"Brown, Hurst and Blevins",lead,20,Referral,Mid Market,United States,2025-09-06 06:14:54,false,2026-04-01 06:30:00
HS-001445,janegonzalez1445@example.com,Goodwin Ltd,marketingqualifiedlead,86,Trade Show,SMB,Canada,2025-09-02 12:13:56,false,2026-04-01 06:30:00
HS-001446,waynerodriguez1446@example.com,Hill Inc,marketingqualifiedlead,77,inbound,smb,Canada,2025-11-25 02:50:26,false,2026-04-01 06:30:00
HS-001447,jacobbrown1447@example.com,Barnes PLC,marketingqualifiedlead,85,Cold Outreach,enterprise,Canada,2026-03-08 00:45:00,false,2026-04-01 06:30:00
HS-001448,lisalee1448@example.com,"Bell, Campbell and Ryan",marketingqualifiedlead,63,Word of Mouth,Small Business,Australia,2025-12-18 03:03:34,false,2026-04-01 06:30:00
HS-001449,nalexander1449@example.com,Berry-Mckinney,lead,19,Cold Outreach,Small Business,Australia,2026-03-22 16:39:28,false,2026-04-01 06:30:00
HS-001450,oneillgabriel1450@example.com,Miller-Mccall,lead,16,Outbound,Mid-Market,United States,2025-09-17 02:34:07,false,2026-04-01 06:30:00
HS-001451,christopher141451@example.com,Moore and Sons,lead,31,Cold Outreach,Mid Market,United States,2026-03-10 04:31:32,false,2026-04-01 06:30:00
HS-001452,petersonbrenda1452@example.com,"Cruz, Richmond and Edwards",lead,14,Paid Ads,smb,Australia,2026-03-13 03:05:38,false,2026-04-01 06:30:00
HS-001453,wwashington1453@example.com,Blackwell LLC,lead,32,Paid,MM,Australia,2025-10-25 23:16:46,false,2026-04-01 06:30:00
HS-001454,smithjoseph1454@example.com,Carlson-Smith,lead,19,Paid,SMB,Canada,2025-11-04 17:33:12,false,2026-04-01 06:30:00
HS-001455,ortegakristina1455@example.com,Harris-Carson,lead,7,Cold Outreach,smb,Canada,2026-03-11 23:46:40,false,2026-04-01 06:30:00
HS-001456,davisalexa1456@example.com,Kelly-Norman,lead,8,Partner,smb,Canada,2026-01-17 22:24:33,false,2026-04-01 06:30:00
HS-001457,bennettabigail1457@example.com,Phelps LLC,marketingqualifiedlead,77,PPC,Small Business,United States,2025-09-15 08:43:13,false,2026-04-01 06:30:00
HS-001458,sarah751458@example.com,"Jennings, Smith and Fisher",lead,6,Trade Show,Small Business,United States,2025-09-19 00:51:46,false,2026-04-01 06:30:00
HS-001459,rrogers1459@example.com,Gregory-Watkins,lead,25,Paid,Small Business,United Kingdom,2026-03-12 20:35:08,false,2026-04-01 06:30:00
HS-001460,yvonne351460@example.com,"Rodgers, Jefferson and Johnson",lead,37,IB,Mid-Market,United Kingdom,2025-12-24 07:10:33,false,2026-04-01 06:30:00
HS-001461,dgray1461@example.com,"Rodriguez, Brennan and Garrison",marketingqualifiedlead,52,Inbound,Enterprise,Australia,2025-09-21 06:31:17,false,2026-04-01 06:30:00
HS-001462,morgan101462@example.com,Huang-Foster,lead,34,Content Download,SmallBiz,United Kingdom,2025-11-02 01:10:29,false,2026-04-01 06:30:00
HS-001463,zharrell1463@example.com,Johnson Ltd,lead,27,IB,Small Business,Germany,2025-10-09 00:36:01,false,2026-04-01 06:30:00
HS-001464,anthonymartinez1464@example.com,Marquez Inc,lead,15,outbound,MidMarket,Canada,2026-02-22 22:06:31,false,2026-04-01 06:30:00
HS-001465,stephanie351465@example.com,"Brown, Hayes and Clark",lead,30,inbound,Small Business,Australia,2025-10-03 18:37:18,false,2026-04-01 06:30:00
HS-001466,qmontgomery1466@example.com,"Owens, Koch and Jimenez",lead,24,Trade Show,smb,United Kingdom,2025-12-23 13:41:30,false,2026-04-01 06:30:00
HS-001467,qrobertson1467@example.com,Mitchell-Jordan,marketingqualifiedlead,57,Outbound,enterprise,Germany,2025-11-11 17:22:25,false,2026-04-01 06:30:00
HS-001468,aaronlittle1468@example.com,Gonzalez-Taylor,lead,11,Outbound,SMB,United Kingdom,2025-12-05 07:23:23,false,2026-04-01 06:30:00
HS-001469,allen501469@example.com,Salas-Fitzgerald,marketingqualifiedlead,87,IB,smb,Germany,2025-11-05 20:54:51,false,2026-04-01 06:30:00
HS-001470,erica391470@example.com,Armstrong and Sons,lead,21,Cold Outreach,Small Business,Germany,2026-03-08 02:42:44,false,2026-04-01 06:30:00
HS-001471,nross1471@example.com,Allen Inc,lead,34,Inbound,Mid-Market,United States,2026-03-16 19:32:00,false,2026-04-01 06:30:00
HS-001472,baileysheila1472@example.com,"Daniels, Vance and York",lead,28,PPC,smb,Australia,2026-03-01 05:19:13,false,2026-04-01 06:30:00
HS-001473,shatfield1473@example.com,"Price, Long and Wilson",marketingqualifiedlead,82,outbound,MidMarket,United States,2025-08-28 05:32:50,false,2026-04-01 06:30:00
HS-001474,navarrokelly1474@example.com,"Lynch, Evans and Rodriguez",lead,34,PPC,Small Business,United States,2026-01-14 12:34:00,false,2026-04-01 06:30:00
HS-001475,jenniferkane1475@example.com,"Wallace, Smith and Cooper",marketingqualifiedlead,68,Content Download,SMB,United States,2026-01-15 17:45:06,false,2026-04-01 06:30:00
HS-001476,andersonlaura1476@example.com,Stevens-Robinson,lead,22,Paid Ads,SmallBiz,Canada,2025-12-08 14:51:18,false,2026-04-01 06:30:00
HS-001477,marisa871477@example.com,Scott and Sons,lead,23,Cold Outreach,Small Business,United Kingdom,2025-11-09 19:48:51,false,2026-04-01 06:30:00
HS-001478,peggyfriedman1478@example.com,Perez Ltd,marketingqualifiedlead,72,Outbound,SmallBiz,Canada,2025-11-05 06:21:41,false,2026-04-01 06:30:00
HS-001479,pbates1479@example.com,Berry-Mckinney,lead,31,Event,SmallBiz,Australia,2025-12-20 22:05:56,false,2026-04-01 06:30:00
HS-001480,jasonmullins1480@example.com,"Hensley, Powell and David",lead,14,Event,Small Business,United States,2025-12-20 05:08:39,false,2026-04-01 06:30:00
HS-001481,garciavictoria1481@example.com,"James, Stewart and Higgins",marketingqualifiedlead,63,inbound,Enterprise,Australia,2025-09-24 05:09:58,false,2026-04-01 06:30:00
HS-001482,martinsarah1482@example.com,Acosta Inc,lead,10,Inbound,Small Business,Australia,2026-03-29 15:59:22,false,2026-04-01 06:30:00
HS-001483,omiranda1483@example.com,Andersen Group,lead,17,Paid Ads,Small Business,Germany,2026-02-15 14:20:48,false,2026-04-01 06:30:00
HS-001484,elizabeth121484@example.com,Barnes Inc,marketingqualifiedlead,77,outbound,enterprise,Canada,2025-12-18 03:30:31,false,2026-04-01 06:30:00
HS-001485,sdavis1485@example.com,"Howard, Townsend and Hayes",marketingqualifiedlead,44,Content,Small Business,United States,2025-10-08 01:22:34,false,2026-04-01 06:30:00
HS-001486,monica991486@example.com,Stokes Group,marketingqualifiedlead,59,Referral,Strategic,Australia,2025-12-27 09:39:05,false,2026-04-01 06:30:00
HS-001487,schneidernicholas1487@example.com,Green-Carter,marketingqualifiedlead,64,Inbound,Small Business,Australia,2025-10-12 15:58:33,false,2026-04-01 06:30:00
HS-001488,yvaldez1488@example.com,"Obrien, Taylor and Rivas",lead,35,IB,MM,Canada,2026-01-31 16:23:37,false,2026-04-01 06:30:00
HS-001489,ostokes1489@example.com,Stanley PLC,marketingqualifiedlead,50,Word of Mouth,smb,Canada,2025-09-26 11:58:27,false,2026-04-01 06:30:00
HS-001490,darrell111490@example.com,Marquez-Fletcher,marketingqualifiedlead,79,Paid,Mid Market,United Kingdom,2025-09-26 05:16:51,false,2026-04-01 06:30:00
HS-001491,petersonbrittany1491@example.com,"Walters, Davenport and Becker",lead,38,Event,SmallBiz,Australia,2025-10-02 12:13:19,false,2026-04-01 06:30:00
HS-001492,juliewilson1492@example.com,Todd-Pham,lead,23,Trade Show,SmallBiz,Australia,2025-09-03 00:15:15,false,2026-04-01 06:30:00
HS-001492D,juliewilson1492@example.com,Todd-Pham,lead,23,Trade Show,SmallBiz,Australia,2025-09-03 00:15:15,false,2026-04-01 06:30:00
HS-001493,david561493@example.com,Vargas-Snyder,marketingqualifiedlead,70,outbound,SmallBiz,United States,2025-10-15 03:47:35,false,2026-04-01 06:30:00
HS-001494,collinsbrittany1494@example.com,Wright Group,marketingqualifiedlead,55,Content,SmallBiz,Germany,2025-10-18 16:33:33,false,2026-04-01 06:30:00
HS-001495,melaniewhitney1495@example.com,Johnson-Spencer,marketingqualifiedlead,77,Trade Show,smb,United States,2025-12-25 08:03:36,false,2026-04-01 06:30:00
HS-001496,kelsey281496@example.com,Bryant-Brown,lead,36,Trade Show,SmallBiz,Germany,2025-10-02 10:14:40,false,2026-04-01 06:30:00
HS-001497,danielsmith1497@example.com,"Jacobson, Singleton and King",lead,13,Channel,SMB,United Kingdom,2025-10-09 14:15:49,false,2026-04-01 06:30:00
HS-001498,sstewart1498@example.com,"Griffith, Mitchell and Pugh",marketingqualifiedlead,82,Paid,smb,Australia,2026-03-01 21:52:06,false,2026-04-01 06:30:00
HS-001499,vincentbryant1499@example.com,"Becker, Taylor and Davis",lead,37,Partner,SMB,Germany,2025-10-22 17:50:24,false,2026-04-01 06:30:00
HS-001500,dustin091500@example.com,Miller Ltd,marketingqualifiedlead,69,IB,SMB,United Kingdom,2026-01-02 17:42:35,false,2026-04-01 06:30:00
HS-001501,kyle141501@example.com,"Ramirez, Strickland and Washington",marketingqualifiedlead,82,outbound,Mid-Market,United Kingdom,2025-10-30 20:57:29,false,2026-04-01 06:30:00
HS-001502,nwelch1502@example.com,Herman-Walker,lead,20,inbound,Small Business,Canada,2026-02-01 10:37:12,false,2026-04-01 06:30:00
HS-001503,ycarter1503@example.com,Anderson-Wood,lead,24,Event,SMB,Australia,2025-09-19 08:16:14,false,2026-04-01 06:30:00
HS-001504,zavalamason1504@example.com,Parker Ltd,lead,22,Inbound,SMB,United Kingdom,2026-03-13 08:25:37,false,2026-04-01 06:30:00
HS-001505,melaniemichael1505@example.com,"Branch, Torres and Oliver",marketingqualifiedlead,63,Event,Mid Market,Germany,2025-09-19 19:50:23,false,2026-04-01 06:30:00
HS-001506,isabellawilliams1506@example.com,"Moore, Hopkins and Le",marketingqualifiedlead,54,Paid Ads,smb,Germany,2026-01-01 06:46:52,false,2026-04-01 06:30:00
HS-001507,melissaluna1507@example.com,"Foster, Garcia and Turner",marketingqualifiedlead,51,outbound,Small Business,Germany,2025-10-08 22:29:48,false,2026-04-01 06:30:00
HS-001508,tracey201508@example.com,"Hicks, Bullock and Bailey",lead,7,Partner,SmallBiz,United Kingdom,2025-11-23 00:20:03,false,2026-04-01 06:30:00
HS-001509,rrogers1509@arcline.com,Davis Inc,marketingqualifiedlead,82,inbound,smb,Canada,2025-12-17 23:23:14,true,2026-04-01 06:30:00
HS-001510,wmooney1510@example.com,Adkins LLC,marketingqualifiedlead,82,Inbound,SmallBiz,Australia,2025-12-15 08:35:14,false,2026-04-01 06:30:00
HS-001511,hmyers1511@example.com,"Levy, Franco and Hoffman",lead,27,IB,Small Business,United Kingdom,2026-02-01 12:48:07,false,2026-04-01 06:30:00
HS-001512,justin381512@example.com,Thompson PLC,lead,6,Cold Outreach,SMB,Germany,2026-02-23 09:06:03,false,2026-04-01 06:30:00
HS-001513,udavis1513@example.com,"Steele, Williams and Preston",marketingqualifiedlead,67,Trade Show,SmallBiz,United States,2026-01-17 21:23:43,false,2026-04-01 06:30:00
HS-001514,hornjenna1514@example.com,"Harper, Smith and Buchanan",lead,7,Cold Outreach,Mid-Market,United States,2025-10-15 03:48:17,false,2026-04-01 06:30:00
HS-001515,kpena1515@example.com,Figueroa Inc,lead,24,Outbound,smb,Canada,2025-10-09 06:55:33,false,2026-04-01 06:30:00
HS-001516,scottolson1516@example.com,Richardson Ltd,marketingqualifiedlead,44,Paid,SMB,Germany,2025-09-23 05:05:19,false,2026-04-01 06:30:00
HS-001517,jasonbrock1517@example.com,Edwards-Scott,lead,34,outbound,Mid-Market,Germany,2025-12-11 14:51:18,false,2026-04-01 06:30:00
HS-001518,jillsmith1518@example.com,Williams PLC,marketingqualifiedlead,60,inbound,smb,Australia,2025-09-09 19:59:16,false,2026-04-01 06:30:00
HS-001519,gregoryvanessa1519@example.com,Smith LLC,marketingqualifiedlead,71,inbound,SMB,Germany,2026-01-15 21:39:35,false,2026-04-01 06:30:00
HS-001520,nicholasmcgrath1520@arcline.com,Richardson Ltd,marketingqualifiedlead,47,inbound,SMB,Germany,2025-09-23 00:16:05,true,2026-04-01 06:30:00
HS-001521,saradavis1521@example.com,Castillo-Harrington,lead,18,Trade Show,smb,Canada,2025-10-14 00:46:51,false,2026-04-01 06:30:00
HS-001522,dwhite1522@example.com,"Watson, Smith and Morris",marketingqualifiedlead,44,inbound,SmallBiz,United States,2026-03-04 11:07:01,false,2026-04-01 06:30:00
HS-001523,bairddebra1523@example.com,"Contreras, Miller and Cooper",marketingqualifiedlead,58,inbound,ENT,United Kingdom,2026-02-17 17:33:45,false,2026-04-01 06:30:00
HS-001524,obooker1524@example.com,"Watson, Anderson and Brown",lead,26,outbound,SMB,Canada,2026-03-15 20:10:45,false,2026-04-01 06:30:00
HS-001525,hsanchez1525@example.com,Flowers LLC,lead,38,Inbound,SmallBiz,Australia,2025-12-21 13:04:31,false,2026-04-01 06:30:00
HS-001526,randyturner1526@example.com,Gross-Valencia,lead,6,outbound,smb,Canada,2025-09-20 08:57:52,false,2026-04-01 06:30:00
HS-001527,denisebennett1527@example.com,"Arnold, Cooper and Monroe",lead,7,outbound,SMB,Canada,2025-12-09 05:40:26,false,2026-04-01 06:30:00
HS-001528,stricklandmichelle1528@example.com,"Larsen, Hernandez and Ward",marketingqualifiedlead,83,Inbound,SmallBiz,Australia,2025-11-22 07:54:01,false,2026-04-01 06:30:00
HS-001529,phill1529@example.com,"Miller, Ramos and Coleman",marketingqualifiedlead,47,Channel,Mid-Market,United Kingdom,2025-10-04 12:40:15,false,2026-04-01 06:30:00
HS-001530,hrichardson1530@example.com,"Hurst, Freeman and Nelson",lead,28,Paid,smb,Canada,2026-02-13 10:12:14,false,2026-04-01 06:30:00
HS-001531,millertracy1531@example.com,Thompson-Joyce,marketingqualifiedlead,67,Outbound,smb,Germany,2025-12-30 16:53:12,false,2026-04-01 06:30:00
HS-001532,andrewberry1532@example.com,"Rivera, Martinez and Richardson",marketingqualifiedlead,81,Inbound,smb,United Kingdom,2026-01-22 12:23:11,false,2026-04-01 06:30:00
HS-001533,vhill1533@example.com,Adkins LLC,marketingqualifiedlead,82,outbound,Small Business,Australia,2026-02-04 15:18:04,false,2026-04-01 06:30:00
HS-001534,bauerherbert1534@example.com,"Ochoa, Taylor and Brady",lead,7,Content,MidMarket,United Kingdom,2025-09-19 02:11:36,false,2026-04-01 06:30:00
HS-001535,scooke1535@example.com,"Smith, Gilmore and Johnston",lead,9,outbound,smb,United Kingdom,2025-09-07 22:10:31,false,2026-04-01 06:30:00
HS-001536,ievans1536@example.com,"Davis, George and Nguyen",marketingqualifiedlead,55,Inbound,Small Business,Germany,2026-03-15 06:32:14,false,2026-04-01 06:30:00
HS-001537,nguyenjennifer1537@example.com,Hines-Berry,lead,10,IB,SMB,Canada,2025-09-29 13:07:30,false,2026-04-01 06:30:00
HS-001538,richardhaynes1538@example.com,"Kennedy, Johnson and Lucas",marketingqualifiedlead,88,Word of Mouth,Small Business,Canada,2025-11-25 18:55:29,false,2026-04-01 06:30:00
HS-001539,ihawkins1539@example.com,Spencer-Garcia,lead,10,Outbound,Mid-Market,United States,2025-10-20 17:44:51,false,2026-04-01 06:30:00
HS-001540,lbrown1540@example.com,"Mcpherson, Anderson and Knapp",lead,16,Event,SmallBiz,Canada,2025-10-01 09:01:08,false,2026-04-01 06:30:00
HS-001541,molinajared1541@example.com,Lam-Elliott,lead,9,Partner,MM,United Kingdom,2026-01-08 05:14:33,false,2026-04-01 06:30:00
HS-001542,whitecarol1542@example.com,Byrd LLC,lead,37,inbound,MM,United Kingdom,2025-12-26 06:56:11,false,2026-04-01 06:30:00
HS-001543,adamwest1543@example.com,Stokes and Sons,lead,6,Content,MidMarket,Canada,2026-02-25 18:35:13,false,2026-04-01 06:30:00
HS-001544,david291544@example.com,Wallace-Martinez,lead,32,Partner,Strategic,Australia,2025-11-30 10:12:06,false,2026-04-01 06:30:00
HS-001545,denisemiller1545@example.com,Peterson-Beard,marketingqualifiedlead,69,Content Download,Mid-Market,United Kingdom,2025-12-07 04:23:30,false,2026-04-01 06:30:00
HS-001546,melissa011546@example.com,Kelley-Anderson,marketingqualifiedlead,68,Content Download,SmallBiz,Germany,2025-09-23 07:06:17,false,2026-04-01 06:30:00
HS-001547,huntermichael1547@example.com,"Estrada, Williams and Foster",marketingqualifiedlead,82,Content Download,Small Business,Australia,2025-12-24 23:19:54,false,2026-04-01 06:30:00
HS-001548,rodneylandry1548@example.com,Moore-Collins,lead,38,IB,Small Business,Australia,2026-02-05 04:01:45,false,2026-04-01 06:30:00
HS-001549,wrightbrandon1549@example.com,King-Miller,marketingqualifiedlead,67,IB,SmallBiz,United Kingdom,2026-02-21 19:27:18,false,2026-04-01 06:30:00
HS-001550,donna721550@example.com,Russell Group,marketingqualifiedlead,63,IB,Mid-Market,United States,2026-01-12 10:07:58,false,2026-04-01 06:30:00
HS-001551,hneal1551@example.com,Stokes Group,marketingqualifiedlead,73,Paid Ads,ENT,Australia,2026-02-24 02:54:45,false,2026-04-01 06:30:00
HS-001552,catherine831552@example.com,Brown Group,marketingqualifiedlead,52,Event,Mid-Market,United States,2026-01-14 13:02:40,false,2026-04-01 06:30:00
HS-001553,batesbradley1553@example.com,"Stewart, Mann and Hoffman",marketingqualifiedlead,47,Inbound,SMB,Germany,2026-03-20 17:39:38,false,2026-04-01 06:30:00
HS-001554,lopezkevin1554@example.com,Jones Inc,marketingqualifiedlead,59,Word of Mouth,Small Business,Australia,2025-10-15 04:43:14,false,2026-04-01 06:30:00
HS-001555,susanguzman1555@example.com,"Ochoa, Taylor and Brady",marketingqualifiedlead,69,Channel,MM,United Kingdom,2025-10-07 19:28:22,false,2026-04-01 06:30:00
HS-001556,brittanyramirez1556@example.com,"Mcdaniel, Bentley and Mclaughlin",lead,20,Cold Outreach,Strategic,United Kingdom,2025-11-08 19:29:38,false,2026-04-01 06:30:00
HS-001557,qjones1557@example.com,Moran-Cox,lead,20,Content,enterprise,Germany,2026-03-07 00:07:09,false,2026-04-01 06:30:00
HS-001558,patrick261558@example.com,Bowers-Hayes,lead,10,inbound,Small Business,Australia,2025-09-15 02:20:17,false,2026-04-01 06:30:00
HS-001559,qmiller1559@example.com,"Perez, Hayes and Lloyd",marketingqualifiedlead,60,Paid Ads,SmallBiz,Germany,2025-09-29 04:39:39,false,2026-04-01 06:30:00
HS-001560,jbentley1560@example.com,Whitney PLC,marketingqualifiedlead,51,Cold Outreach,Enterprise,United Kingdom,2025-10-17 22:20:12,false,2026-04-01 06:30:00
HS-001561,chadoconnor1561@example.com,Brooks-Hatfield,lead,15,inbound,SMB,Canada,2026-02-22 06:20:17,false,2026-04-01 06:30:00
HS-001562,jenniferelliott1562@example.com,Young-Molina,lead,16,Paid,smb,United Kingdom,2025-12-17 16:42:29,false,2026-04-01 06:30:00
HS-001563,roberthernandez1563@example.com,Taylor and Sons,marketingqualifiedlead,62,Inbound,Small Business,Australia,2026-01-01 01:01:27,false,2026-04-01 06:30:00
HS-001564,mgray1564@example.com,Larson-Holloway,marketingqualifiedlead,73,Outbound,smb,Canada,2026-01-08 22:45:12,false,2026-04-01 06:30:00
HS-001565,chrismartinez1565@example.com,Johnson-Williams,lead,21,Cold Outreach,Mid-Market,United Kingdom,2026-03-20 19:40:33,false,2026-04-01 06:30:00
HS-001566,suttonrichard1566@example.com,Davis-Gregory,marketingqualifiedlead,83,Event,Small Business,Germany,2025-11-13 06:54:03,false,2026-04-01 06:30:00
HS-001567,danielle551567@example.com,Herman-Walker,marketingqualifiedlead,53,Channel,smb,Canada,2026-03-17 02:26:21,false,2026-04-01 06:30:00
HS-001567D,danielle551567@example.com,Herman-Walker,marketingqualifiedlead,53,Channel,smb,Canada,2026-03-17 02:26:21,false,2026-04-01 06:30:00
HS-001568,dustin341568@example.com,"Herrera, Jensen and Ramirez",lead,14,PPC,enterprise,Canada,2026-02-22 07:25:01,false,2026-04-01 06:30:00
HS-001569,garciatiffany1569@example.com,"Evans, David and Hendrix",lead,37,PPC,Mid Market,Canada,2025-11-03 05:55:45,false,2026-04-01 06:30:00
HS-001570,nicholasgarcia1570@example.com,"Bryan, Smith and Booth",lead,5,outbound,SMB,Australia,2025-10-13 10:40:45,false,2026-04-01 06:30:00
HS-001571,thompsonjessica1571@example.com,Williams Inc,marketingqualifiedlead,71,Inbound,MidMarket,Canada,2025-09-22 06:10:18,false,2026-04-01 06:30:00
HS-001572,brianna711572@example.com,Chapman and Sons,marketingqualifiedlead,88,Word of Mouth,Small Business,Canada,2025-10-07 16:32:31,false,2026-04-01 06:30:00
HS-001573,jackie481573@example.com,"Brown, Romero and Collins",lead,27,Content Download,Strategic,Australia,2026-01-24 00:48:01,false,2026-04-01 06:30:00
HS-001574,catherine021574@example.com,"Calderon, Williams and Bennett",marketingqualifiedlead,60,Event,MidMarket,United States,2026-01-30 04:29:53,false,2026-04-01 06:30:00
HS-001575,stacey621575@example.com,Bryant Group,lead,31,Content Download,smb,Canada,2026-01-20 22:05:26,false,2026-04-01 06:30:00
HS-001576,linda881576@example.com,Waller-Chavez,lead,28,inbound,MM,Australia,2026-01-25 15:58:56,false,2026-04-01 06:30:00
HS-001577,iwoods1577@example.com,"Williams, Johnson and Wright",lead,25,Content Download,smb,Canada,2025-11-06 05:00:49,false,2026-04-01 06:30:00
HS-001578,albert821578@example.com,Foster Inc,lead,38,outbound,Strategic,Australia,2026-03-10 12:40:59,false,2026-04-01 06:30:00
HS-001579,douglasbradley1579@example.com,"Walsh, Wu and Hart",marketingqualifiedlead,74,Inbound,smb,Germany,2025-12-19 14:54:17,false,2026-04-01 06:30:00
HS-001580,brian531580@example.com,Contreras-Mckinney,lead,39,Outbound,smb,United Kingdom,2026-03-25 17:04:57,false,2026-04-01 06:30:00
HS-001581,lmann1581@example.com,Allen Inc,marketingqualifiedlead,58,outbound,Mid Market,United States,2025-10-13 18:33:00,false,2026-04-01 06:30:00
HS-001582,zandersen1582@example.com,"Jones, Scott and Rodriguez",lead,31,Inbound,Mid Market,Australia,2025-11-10 06:55:52,false,2026-04-01 06:30:00
HS-001583,rshaw1583@example.com,Alvarado-Davidson,lead,10,Content,MM,United Kingdom,2026-02-22 17:57:16,false,2026-04-01 06:30:00
HS-001584,tmeyer1584@example.com,"Walker, Hernandez and Baker",marketingqualifiedlead,58,IB,smb,Canada,2026-02-15 12:03:40,false,2026-04-01 06:30:00
HS-001585,kevinhodge1585@example.com,Fox-Edwards,lead,23,Outbound,MM,Australia,2025-09-12 06:18:37,false,2026-04-01 06:30:00
HS-001586,richard511586@example.com,Ortiz Ltd,marketingqualifiedlead,87,Inbound,SmallBiz,United Kingdom,2025-12-08 23:26:38,false,2026-04-01 06:30:00
HS-001587,jonesjohn1587@example.com,Butler and Sons,marketingqualifiedlead,49,Outbound,MidMarket,United Kingdom,2025-09-27 07:19:20,false,2026-04-01 06:30:00
HS-001588,martinbrian1588@example.com,Brennan-Johnson,lead,12,Outbound,SmallBiz,Australia,2025-09-11 19:24:02,false,2026-04-01 06:30:00
HS-001589,angela701589@example.com,"Wilson, Pena and Rich",lead,36,Content,Mid-Market,Germany,2025-11-10 13:08:18,false,2026-04-01 06:30:00
HS-001590,urhodes1590@example.com,Lopez Group,lead,25,IB,Small Business,United States,2025-09-06 15:45:36,false,2026-04-01 06:30:00
HS-001591,timothyrobertson1591@example.com,Frank-Bradley,lead,28,Outbound,Small Business,United Kingdom,2025-09-22 09:12:44,false,2026-04-01 06:30:00
HS-001592,sullivanchristina1592@example.com,Boone-Simmons,lead,15,IB,Mid-Market,Canada,2025-09-02 15:07:20,false,2026-04-01 06:30:00
HS-001593,kleinjacqueline1593@example.com,Whitney PLC,lead,24,outbound,enterprise,United Kingdom,2025-11-23 17:31:52,false,2026-04-01 06:30:00
HS-001594,john891594@example.com,Gross-Valencia,lead,23,Content Download,smb,Canada,2025-11-16 02:28:15,false,2026-04-01 06:30:00
HS-001595,lawsontami1595@example.com,"West, Henderson and Ramirez",lead,27,IB,SmallBiz,Germany,2025-10-10 16:32:36,false,2026-04-01 06:30:00
HS-001596,gregoryrichardson1596@example.com,"Anderson, Jones and Reyes",marketingqualifiedlead,88,IB,SmallBiz,Germany,2026-03-26 21:03:51,false,2026-04-01 06:30:00
HS-001597,williefarley1597@example.com,Little Inc,lead,16,Trade Show,Mid-Market,United States,2025-10-25 21:35:12,false,2026-04-01 06:30:00
HS-001598,ksimpson1598@example.com,"Watson, Anderson and Brown",marketingqualifiedlead,64,Paid,SmallBiz,Canada,2026-01-14 06:32:54,false,2026-04-01 06:30:00
HS-001599,tara531599@example.com,Patton-Jenkins,lead,15,Inbound,Small Business,United States,2025-09-16 15:04:42,false,2026-04-01 06:30:00
HS-001600,robertstimothy1600@example.com,Sellers-Riddle,lead,8,Outbound,smb,Germany,2025-12-07 18:38:25,false,2026-04-01 06:30:00
HS-001601,jason961601@example.com,Cline-Ayala,marketingqualifiedlead,57,PPC,Mid-Market,Australia,2025-10-01 17:33:09,false,2026-04-01 06:30:00
HS-001602,sandrahickman1602@example.com,Cole Group,lead,11,Word of Mouth,Strategic,United Kingdom,2025-09-04 20:20:17,false,2026-04-01 06:30:00
HS-001603,wallspatricia1603@example.com,"Long, Anderson and Irwin",lead,10,Content,smb,Australia,2025-11-28 14:33:50,false,2026-04-01 06:30:00
HS-001604,abrown1604@example.com,"Mcdonald, Lee and Rodriguez",lead,25,Inbound,SMB,Canada,2025-12-03 15:30:06,false,2026-04-01 06:30:00
HS-001605,wmurphy1605@arcline.com,Burch-Montoya,marketingqualifiedlead,71,inbound,Enterprise,United States,2025-11-25 18:41:10,true,2026-04-01 06:30:00
HS-001606,smithpamela1606@example.com,"Anderson, Roberts and Gilmore",marketingqualifiedlead,65,inbound,enterprise,Australia,2025-10-24 01:41:57,false,2026-04-01 06:30:00
HS-001607,richardsmith1607@example.com,Huang-Foster,lead,29,Outbound,Small Business,United Kingdom,2026-02-03 04:48:36,false,2026-04-01 06:30:00
HS-001608,fvasquez1608@example.com,Johnston and Sons,lead,38,Outbound,SmallBiz,United Kingdom,2025-10-04 06:28:35,false,2026-04-01 06:30:00
HS-001609,robertgentry1609@example.com,"Morris, Campbell and Owens",marketingqualifiedlead,72,outbound,Small Business,Canada,2026-03-06 18:33:20,false,2026-04-01 06:30:00
HS-001610,moorediane1610@example.com,Huang-Foster,lead,13,Cold Outreach,SmallBiz,United Kingdom,2026-02-19 05:14:18,false,2026-04-01 06:30:00
HS-001611,thomasbrooks1611@example.com,Lopez-Williams,lead,28,Outbound,smb,Australia,2025-10-20 06:18:57,false,2026-04-01 06:30:00
HS-001612,ross281612@example.com,"Morris, Thompson and Williams",marketingqualifiedlead,61,inbound,smb,Germany,2025-09-30 22:28:13,false,2026-04-01 06:30:00
HS-001613,daniel771613@example.com,"Hurst, Freeman and Nelson",lead,27,Outbound,SMB,Canada,2026-02-09 13:46:53,false,2026-04-01 06:30:00
HS-001614,donaldburgess1614@example.com,"Adams, Quinn and Watson",marketingqualifiedlead,88,outbound,MidMarket,United Kingdom,2026-02-20 18:46:38,false,2026-04-01 06:30:00
HS-001615,howardmonica1615@example.com,Williams Group,marketingqualifiedlead,65,Partner,smb,Germany,2025-12-25 23:50:03,false,2026-04-01 06:30:00
HS-001616,danielmitchell1616@example.com,"Harris, Anderson and Love",lead,10,IB,Mid Market,Germany,2025-09-20 23:29:18,false,2026-04-01 06:30:00
HS-001617,ralphmanning1617@example.com,"Carroll, Sullivan and Bass",lead,6,inbound,Mid Market,Germany,2026-03-01 15:22:25,false,2026-04-01 06:30:00
HS-001618,martinjames1618@example.com,"Harvey, Davis and Crane",marketingqualifiedlead,56,Inbound,smb,Germany,2025-11-26 13:47:04,false,2026-04-01 06:30:00
HS-001619,rmoyer1619@example.com,"Rivera, Martinez and Richardson",lead,32,inbound,SmallBiz,United Kingdom,2025-10-18 13:58:16,false,2026-04-01 06:30:00
HS-001620,fisherandrea1620@example.com,"Lee, Rhodes and Sims",lead,24,IB,SMB,Canada,2025-10-13 06:37:31,false,2026-04-01 06:30:00
HS-001621,markduran1621@example.com,Thomas-Huffman,marketingqualifiedlead,87,Content,SmallBiz,Germany,2025-10-13 05:59:30,false,2026-04-01 06:30:00
HS-001622,vshaw1622@example.com,"Franco, Wiley and Tapia",lead,37,Outbound,SmallBiz,Canada,2025-12-14 06:29:25,false,2026-04-01 06:30:00
HS-001623,ganderson1623@example.com,Jones PLC,marketingqualifiedlead,82,outbound,Mid Market,Canada,2025-09-06 04:58:05,false,2026-04-01 06:30:00
HS-001624,martinezmaurice1624@example.com,Bennett-Velasquez,lead,32,Cold Outreach,ENT,Australia,2025-11-20 18:55:13,false,2026-04-01 06:30:00
HS-001625,saundersjoel1625@example.com,"Smith, Schroeder and Oconnor",marketingqualifiedlead,69,Outbound,Small Business,Canada,2025-09-10 11:26:53,false,2026-04-01 06:30:00
HS-001626,russell901626@example.com,Wright PLC,lead,28,Word of Mouth,Mid Market,United States,2025-09-29 19:17:06,false,2026-04-01 06:30:00
HS-001627,scastillo1627@example.com,"Harrison, Franco and Rocha",lead,24,Content Download,Small Business,United States,2026-03-26 03:30:52,false,2026-04-01 06:30:00
HS-001628,bmiller1628@example.com,Castillo-Harrington,lead,23,Cold Outreach,SmallBiz,Canada,2025-12-27 21:04:56,false,2026-04-01 06:30:00
HS-001629,christinadaniel1629@example.com,Bush-Reynolds,lead,31,outbound,SMB,Germany,2025-10-24 00:20:01,false,2026-04-01 06:30:00
HS-001630,johnwang1630@example.com,Collins Group,lead,26,IB,Small Business,United States,2025-10-19 16:44:38,false,2026-04-01 06:30:00
HS-001631,virginia361631@example.com,Rasmussen LLC,marketingqualifiedlead,64,Word of Mouth,SmallBiz,United Kingdom,2026-02-17 02:38:56,false,2026-04-01 06:30:00
HS-001632,thomaspatton1632@example.com,Warner-Gibson,marketingqualifiedlead,68,IB,SMB,United Kingdom,2026-01-15 05:34:18,false,2026-04-01 06:30:00
HS-001633,hayneswayne1633@example.com,Alexander-Jordan,marketingqualifiedlead,83,outbound,SMB,Canada,2025-08-27 09:11:42,false,2026-04-01 06:30:00
HS-001634,jacobbond1634@example.com,Ford-Spencer,lead,24,Content Download,smb,United States,2026-02-24 21:45:12,false,2026-04-01 06:30:00
HS-001635,jeromeanderson1635@example.com,Mendez-Mayer,marketingqualifiedlead,53,Event,Mid-Market,United Kingdom,2026-03-11 01:56:27,false,2026-04-01 06:30:00
HS-001636,hilljames1636@example.com,Ferrell-Henry,marketingqualifiedlead,61,outbound,ENT,Germany,2025-11-06 07:30:52,false,2026-04-01 06:30:00
HS-001637,ronaldjensen1637@example.com,Solis-West,lead,27,Channel,smb,United States,2025-11-25 03:05:25,false,2026-04-01 06:30:00
HS-001638,linomar1638@example.com,"Guerrero, Peck and Coleman",marketingqualifiedlead,47,Event,Small Business,Germany,2025-09-13 20:53:23,false,2026-04-01 06:30:00
HS-001639,isabel331639@example.com,Reynolds Ltd,lead,37,Cold Outreach,SMB,Germany,2025-11-22 07:04:30,false,2026-04-01 06:30:00
HS-001640,ronald081640@example.com,"Lloyd, Mckinney and Collins",lead,11,Inbound,SmallBiz,Germany,2026-01-28 05:03:06,false,2026-04-01 06:30:00
HS-001641,tschneider1641@example.com,Lopez Group,lead,34,inbound,SMB,United States,2025-12-15 02:26:15,false,2026-04-01 06:30:00
HS-001642,adamsjuan1642@example.com,King-Martinez,marketingqualifiedlead,51,Event,MidMarket,Canada,2025-10-26 23:01:35,false,2026-04-01 06:30:00
HS-001643,jennifer351643@example.com,Osborne LLC,lead,18,Outbound,Small Business,United Kingdom,2025-09-15 20:33:27,false,2026-04-01 06:30:00
HS-001644,whiteaaron1644@example.com,Perry-Davis,lead,36,Paid,SmallBiz,Australia,2026-03-21 01:36:56,false,2026-04-01 06:30:00
HS-001645,jason741645@example.com,Martinez Inc,lead,31,outbound,SMB,United States,2025-11-04 18:13:09,false,2026-04-01 06:30:00
HS-001646,jordanjohnny1646@example.com,"Ellis, Marks and Buchanan",marketingqualifiedlead,86,Channel,SmallBiz,Australia,2025-11-30 09:51:15,false,2026-04-01 06:30:00
HS-001647,tcox1647@example.com,Li PLC,lead,31,IB,SmallBiz,United States,2025-09-22 14:29:38,false,2026-04-01 06:30:00
HS-001648,davisalexander1648@example.com,Gilbert PLC,lead,28,outbound,SmallBiz,Australia,2025-11-19 12:29:48,false,2026-04-01 06:30:00
HS-001649,markfigueroa1649@example.com,Anderson-Reyes,lead,32,IB,Small Business,Australia,2026-01-31 05:40:08,false,2026-04-01 06:30:00
HS-001650,julia981650@example.com,Haynes-Moss,marketingqualifiedlead,75,PPC,ENT,United Kingdom,2025-12-11 17:11:54,false,2026-04-01 06:30:00
HS-001651,john431651@example.com,Osborn-Cochran,lead,33,inbound,MM,Canada,2026-02-20 17:55:09,false,2026-04-01 06:30:00
HS-001652,gmiller1652@example.com,Gilbert PLC,marketingqualifiedlead,74,Outbound,Small Business,Australia,2026-01-16 17:48:02,false,2026-04-01 06:30:00
HS-001653,crystalguzman1653@example.com,Schultz Inc,marketingqualifiedlead,79,IB,MidMarket,United Kingdom,2025-10-04 08:38:02,false,2026-04-01 06:30:00
HS-001654,willisrhonda1654@example.com,"Anderson, Jones and Reyes",marketingqualifiedlead,81,Outbound,smb,Germany,2025-11-17 02:40:46,false,2026-04-01 06:30:00
HS-001655,jamesgriffin1655@example.com,Smith and Sons,marketingqualifiedlead,71,Event,MM,United States,2025-12-01 09:07:33,false,2026-04-01 06:30:00
HS-001656,jonesamy1656@example.com,Waller-Chavez,lead,31,Channel,MM,Australia,2026-01-08 21:16:05,false,2026-04-01 06:30:00
HS-001657,kevin731657@example.com,"Joyce, Wilson and Lam",marketingqualifiedlead,56,outbound,SMB,Germany,2025-08-30 19:30:13,false,2026-04-01 06:30:00
HS-001658,bradleylee1658@example.com,Taylor PLC,lead,27,inbound,SmallBiz,United Kingdom,2025-12-21 13:22:42,false,2026-04-01 06:30:00
HS-001659,patricia851659@example.com,"James, Taylor and Turner",marketingqualifiedlead,69,IB,Mid Market,United States,2025-09-11 03:10:12,false,2026-04-01 06:30:00
HS-001660,shane161660@example.com,Walker-Flores,marketingqualifiedlead,61,IB,SMB,Canada,2026-01-08 18:41:19,false,2026-04-01 06:30:00
HS-001661,webbalexandra1661@example.com,Conner-Yu,lead,19,Cold Outreach,Small Business,United Kingdom,2025-10-19 12:52:10,false,2026-04-01 06:30:00
HS-001662,jacksonjoshua1662@example.com,Finley Inc,lead,34,Event,MM,Australia,2025-10-09 00:13:28,false,2026-04-01 06:30:00
HS-001663,keithsosa1663@example.com,Cook-Hines,lead,19,Partner,Mid-Market,United States,2025-11-02 10:17:46,false,2026-04-01 06:30:00
HS-001664,bauerheather1664@example.com,"Davis, George and Nguyen",marketingqualifiedlead,65,Inbound,SMB,Germany,2026-03-12 21:03:33,false,2026-04-01 06:30:00
HS-001665,isimpson1665@example.com,"Alvarado, Miller and Patterson",marketingqualifiedlead,70,Outbound,SMB,United Kingdom,2025-11-23 17:56:23,false,2026-04-01 06:30:00
HS-001666,martinkaren1666@example.com,"Stewart, Mann and Hoffman",marketingqualifiedlead,90,Content Download,smb,Germany,2025-08-26 11:05:18,false,2026-04-01 06:30:00
HS-001667,yhart1667@example.com,Abbott Ltd,marketingqualifiedlead,73,Event,Strategic,Canada,2025-12-24 16:25:51,false,2026-04-01 06:30:00
HS-001668,nlawson1668@example.com,Wheeler Group,marketingqualifiedlead,80,Partner,SMB,Germany,2026-01-31 16:54:53,false,2026-04-01 06:30:00
HS-001669,adamarmstrong1669@example.com,Abbott Ltd,lead,28,Outbound,ENT,Canada,2026-02-28 18:23:26,false,2026-04-01 06:30:00
HS-001670,suarezkrystal1670@example.com,Mendez-Mayer,lead,21,Channel,Mid Market,United Kingdom,2026-03-04 21:46:56,false,2026-04-01 06:30:00
HS-001671,ugordon1671@example.com,Ellis-Lawrence,lead,21,outbound,smb,United States,2026-01-14 14:50:28,false,2026-04-01 06:30:00
HS-001672,kevin341672@example.com,Welch-Hogan,marketingqualifiedlead,68,outbound,SMB,Australia,2025-11-18 19:15:28,false,2026-04-01 06:30:00
HS-001673,andrea231673@example.com,"Kim, Gonzales and Mills",marketingqualifiedlead,81,PPC,Small Business,Canada,2025-09-30 16:22:50,false,2026-04-01 06:30:00
HS-001674,fergusonkelly1674@example.com,Graham Group,marketingqualifiedlead,60,Inbound,SmallBiz,Germany,2025-09-10 12:01:13,false,2026-04-01 06:30:00
HS-001675,sheriramirez1675@example.com,Salas-Fitzgerald,lead,19,inbound,smb,Germany,2026-02-15 05:21:08,false,2026-04-01 06:30:00
HS-001676,josephgibbs1676@example.com,"Herrera, Jensen and Ramirez",lead,9,Event,enterprise,Canada,2025-12-14 09:55:54,false,2026-04-01 06:30:00
HS-001677,veronicaclark1677@example.com,Ballard Ltd,marketingqualifiedlead,52,outbound,Mid-Market,United States,2025-10-05 01:58:44,false,2026-04-01 06:30:00
HS-001678,smithmichael1678@example.com,"Newton, Moore and Perry",lead,9,PPC,smb,Australia,2025-12-31 17:53:47,false,2026-04-01 06:30:00
HS-001679,mark841679@example.com,Mccann-Ramos,lead,35,Content,enterprise,United States,2025-12-27 11:45:09,false,2026-04-01 06:30:00
HS-001680,rickycarr1680@example.com,"Rios, Walker and Wright",lead,30,Cold Outreach,MM,Australia,2025-09-07 20:06:25,false,2026-04-01 06:30:00
HS-001681,tracie051681@example.com,Phillips LLC,lead,18,outbound,smb,Australia,2025-10-06 06:47:20,false,2026-04-01 06:30:00
HS-001682,jessicaramirez1682@example.com,Lee-Wright,marketingqualifiedlead,49,inbound,SmallBiz,Canada,2026-02-18 07:30:23,false,2026-04-01 06:30:00
HS-001683,teresa891683@example.com,"Alvarez, Joseph and West",lead,36,Cold Outreach,Strategic,United Kingdom,2026-03-03 07:09:21,false,2026-04-01 06:30:00
HS-001684,sharphailey1684@example.com,May-Turner,marketingqualifiedlead,75,Inbound,SMB,Germany,2025-11-13 07:26:25,false,2026-04-01 06:30:00
HS-001685,molly981685@example.com,Williams Group,marketingqualifiedlead,77,inbound,MM,United Kingdom,2025-09-25 11:35:38,false,2026-04-01 06:30:00
HS-001686,lisawalker1686@example.com,Henderson Ltd,marketingqualifiedlead,86,Cold Outreach,Small Business,Germany,2025-12-30 14:19:06,false,2026-04-01 06:30:00
HS-001687,james621687@example.com,"Howard, Silva and Hall",lead,22,inbound,smb,United Kingdom,2025-10-27 00:01:23,false,2026-04-01 06:30:00
HS-001688,uhall1688@example.com,Jones-Young,lead,34,outbound,smb,Canada,2025-10-15 23:42:17,false,2026-04-01 06:30:00
HS-001689,erichardson1689@example.com,Smith-Bell,marketingqualifiedlead,74,Event,SMB,Australia,2025-08-27 20:18:03,false,2026-04-01 06:30:00
HS-001690,crawfordstephen1690@example.com,Williams Inc,marketingqualifiedlead,77,Content Download,Small Business,United Kingdom,2026-01-28 00:51:54,false,2026-04-01 06:30:00
HS-001691,jacobhenry1691@example.com,Vargas PLC,marketingqualifiedlead,50,Referral,Mid Market,United States,2026-02-17 07:09:34,false,2026-04-01 06:30:00
HS-001692,deborahsmith1692@example.com,Stewart Ltd,marketingqualifiedlead,49,Content Download,SMB,Germany,2025-09-10 05:10:32,false,2026-04-01 06:30:00
HS-001693,nicoleroth1693@example.com,"Li, Craig and Drake",marketingqualifiedlead,62,Cold Outreach,MM,United States,2025-11-12 19:57:32,false,2026-04-01 06:30:00
HS-001694,chadjones1694@example.com,Robertson-Ramirez,marketingqualifiedlead,41,IB,smb,Canada,2026-02-26 01:57:17,false,2026-04-01 06:30:00
HS-001695,spencerbrewer1695@example.com,"Davis, Stanley and Wright",marketingqualifiedlead,45,Content,MM,Canada,2025-11-14 16:11:48,false,2026-04-01 06:30:00
HS-001696,hgarcia1696@example.com,Hernandez Group,marketingqualifiedlead,84,PPC,SMB,Australia,2025-12-28 19:47:03,false,2026-04-01 06:30:00
HS-001697,jessicamorton1697@example.com,Marshall-Elliott,marketingqualifiedlead,77,Partner,MidMarket,Australia,2026-01-24 08:19:32,false,2026-04-01 06:30:00
HS-001698,grayandrew1698@example.com,"Rodriguez, Prince and Vasquez",lead,15,Trade Show,Mid-Market,United Kingdom,2025-10-30 21:04:44,false,2026-04-01 06:30:00
HS-001699,hinesdeanna1699@example.com,"Mueller, Stevenson and Sanchez",lead,7,inbound,SmallBiz,Germany,2025-09-26 20:05:01,false,2026-04-01 06:30:00
HS-001700,andersonkayla1700@example.com,"Foster, Garcia and Turner",lead,15,Inbound,Small Business,Germany,2025-09-01 05:10:23,false,2026-04-01 06:30:00
HS-001701,douglas901701@example.com,Carter LLC,marketingqualifiedlead,74,IB,SMB,United States,2025-09-09 18:24:13,false,2026-04-01 06:30:00
HS-001702,rosariodaniel1702@example.com,Ramirez-Stephenson,lead,34,IB,Small Business,Australia,2025-10-29 03:26:18,false,2026-04-01 06:30:00
HS-001703,melissa131703@example.com,Harvey-Allen,lead,20,Outbound,MM,Canada,2025-11-28 20:26:51,false,2026-04-01 06:30:00
HS-001704,timothyhart1704@example.com,"Morrison, Russo and Lopez",lead,6,outbound,MM,Canada,2025-11-04 00:41:30,false,2026-04-01 06:30:00
HS-001705,tochoa1705@example.com,Lewis Inc,lead,27,Paid,MM,United Kingdom,2026-02-25 03:22:46,false,2026-04-01 06:30:00
HS-001706,timothy301706@example.com,Bailey-Cook,marketingqualifiedlead,78,IB,Mid-Market,United States,2025-09-23 00:40:15,false,2026-04-01 06:30:00
HS-001707,courtney101707@example.com,Turner-Sharp,marketingqualifiedlead,57,IB,Mid-Market,United States,2025-11-06 03:57:50,false,2026-04-01 06:30:00
HS-001708,garciakenneth1708@example.com,Holmes-Mcintyre,lead,23,Channel,Mid Market,United States,2026-03-29 21:29:55,false,2026-04-01 06:30:00
HS-001709,othomas1709@example.com,Warner-Gibson,marketingqualifiedlead,42,Trade Show,Small Business,United Kingdom,2026-03-03 03:34:45,false,2026-04-01 06:30:00
HS-001710,perezpaul1710@example.com,Powell LLC,marketingqualifiedlead,52,outbound,SMB,United Kingdom,2026-03-16 00:43:46,false,2026-04-01 06:30:00
HS-001711,diana361711@example.com,"Branch, Torres and Oliver",lead,12,Content Download,Mid Market,Germany,2025-11-14 14:42:28,false,2026-04-01 06:30:00
HS-001712,vasquezvicki1712@example.com,"Andrews, Higgins and Carter",lead,18,inbound,Small Business,Germany,2025-11-27 20:17:56,false,2026-04-01 06:30:00
HS-001713,cristiansosa1713@example.com,Johnson LLC,marketingqualifiedlead,54,IB,smb,United States,2026-01-06 12:10:58,false,2026-04-01 06:30:00
HS-001714,charles511714@example.com,Hudson-Sanchez,marketingqualifiedlead,51,IB,smb,Germany,2026-01-14 06:04:57,false,2026-04-01 06:30:00
HS-001715,sandra101715@example.com,Erickson and Sons,marketingqualifiedlead,90,inbound,Small Business,Australia,2025-11-07 11:56:00,false,2026-04-01 06:30:00
HS-001716,gregorymoreno1716@example.com,Torres-Pope,lead,29,IB,MM,Germany,2025-10-26 06:10:37,false,2026-04-01 06:30:00
HS-001717,erinhernandez1717@example.com,"Flores, Mckenzie and Duncan",marketingqualifiedlead,87,Inbound,SmallBiz,Germany,2025-09-19 23:13:25,false,2026-04-01 06:30:00
HS-001718,colleen451718@example.com,Bishop-Goodwin,lead,10,Inbound,Mid Market,Australia,2026-03-29 09:12:17,false,2026-04-01 06:30:00
HS-001719,nelsonvictor1719@arcline.com,Kelly-Norman,lead,38,Word of Mouth,SmallBiz,Canada,2025-10-05 01:53:43,true,2026-04-01 06:30:00
HS-001720,sarah101720@example.com,Williams-Campbell,lead,37,Outbound,smb,Germany,2025-09-13 10:25:31,false,2026-04-01 06:30:00
HS-001721,kimberlythomas1721@example.com,Cline-Ayala,marketingqualifiedlead,40,PPC,Mid Market,Australia,2026-01-19 20:51:48,false,2026-04-01 06:30:00
HS-001722,petergriffith1722@example.com,Edwards-Williams,marketingqualifiedlead,89,inbound,ENT,United States,2025-09-06 18:36:31,false,2026-04-01 06:30:00
HS-001723,hbriggs1723@example.com,"Mccann, Taylor and Flores",marketingqualifiedlead,44,Outbound,SmallBiz,United Kingdom,2025-10-20 20:27:07,false,2026-04-01 06:30:00
HS-001724,rmoyer1724@example.com,Fields Inc,lead,37,Outbound,SmallBiz,United Kingdom,2025-11-11 01:07:59,false,2026-04-01 06:30:00
HS-001725,christophercooley1725@example.com,Carter LLC,lead,8,IB,Small Business,United States,2025-12-22 19:08:31,false,2026-04-01 06:30:00
HS-001726,katrinagomez1726@example.com,West-Wilson,marketingqualifiedlead,59,IB,SmallBiz,Canada,2025-12-23 15:01:24,false,2026-04-01 06:30:00
HS-001727,scoleman1727@example.com,"Ellison, Arias and Thompson",lead,37,Event,Small Business,Australia,2025-10-26 15:05:06,false,2026-04-01 06:30:00
HS-001728,oguzman1728@arcline.com,Duran LLC,marketingqualifiedlead,72,IB,smb,Germany,2025-12-16 23:01:25,true,2026-04-01 06:30:00
HS-001729,devon361729@example.com,"Morrison, Hebert and Rogers",marketingqualifiedlead,78,inbound,MidMarket,Australia,2026-02-07 07:48:44,false,2026-04-01 06:30:00
HS-001730,idunn1730@example.com,Hickman-Evans,lead,12,Event,Mid-Market,Australia,2026-02-26 07:04:03,false,2026-04-01 06:30:00
HS-001731,opatel1731@example.com,"Ramsey, Mason and Mccann",marketingqualifiedlead,72,inbound,Small Business,Australia,2025-09-22 12:04:46,false,2026-04-01 06:30:00
HS-001732,tmiller1732@example.com,"Martinez, Richardson and Curry",lead,39,Content,SMB,United States,2025-10-22 05:44:25,false,2026-04-01 06:30:00
HS-001733,xrose1733@example.com,"Harris, Anderson and Love",marketingqualifiedlead,73,inbound,Mid-Market,Germany,2025-09-25 13:59:53,false,2026-04-01 06:30:00
HS-001734,jacquelineyoung1734@example.com,Stein-Silva,marketingqualifiedlead,58,inbound,Small Business,Canada,2025-11-29 12:57:42,false,2026-04-01 06:30:00
HS-001735,harrismelissa1735@example.com,"Woods, Calhoun and Schmidt",marketingqualifiedlead,79,Event,MM,Australia,2026-02-15 16:50:53,false,2026-04-01 06:30:00
HS-001736,angela211736@example.com,"Davis, Rodriguez and Andrews",lead,30,inbound,SmallBiz,Canada,2025-12-27 10:07:02,false,2026-04-01 06:30:00
HS-001737,pruittmichael1737@example.com,"Mcmillan, Fischer and Gonzalez",lead,34,Content,smb,Canada,2026-02-20 00:02:17,false,2026-04-01 06:30:00
HS-001738,kenneththomas1738@example.com,Jones-Bradley,marketingqualifiedlead,70,Channel,SmallBiz,United States,2025-11-06 23:32:05,false,2026-04-01 06:30:00
HS-001739,osanchez1739@example.com,Mann Inc,marketingqualifiedlead,86,Trade Show,enterprise,United States,2025-11-08 18:26:53,false,2026-04-01 06:30:00
HS-001740,burgessdavid1740@example.com,Li Inc,lead,36,inbound,Enterprise,Germany,2025-11-02 07:38:45,false,2026-04-01 06:30:00
HS-001741,nicholasjohnson1741@example.com,Riggs PLC,marketingqualifiedlead,49,Outbound,smb,United Kingdom,2026-03-22 00:55:43,false,2026-04-01 06:30:00
HS-001742,swatson1742@example.com,Wilson-Jones,marketingqualifiedlead,52,Inbound,SmallBiz,Canada,2026-01-10 00:37:56,false,2026-04-01 06:30:00
HS-001743,batescharles1743@example.com,"Stuart, Brooks and Vance",lead,29,outbound,Mid Market,Australia,2026-01-20 04:21:56,false,2026-04-01 06:30:00
HS-001744,anthonydiaz1744@example.com,"Barnes, Jackson and Gutierrez",marketingqualifiedlead,55,Outbound,SmallBiz,Germany,2025-09-19 22:23:38,false,2026-04-01 06:30:00
HS-001745,sanchezalexander1745@example.com,"Evans, David and Hendrix",lead,26,inbound,Mid Market,Canada,2026-02-21 21:01:48,false,2026-04-01 06:30:00
HS-001746,lhernandez1746@example.com,Gregory-Watkins,marketingqualifiedlead,87,IB,Small Business,United Kingdom,2025-10-21 01:27:51,false,2026-04-01 06:30:00
HS-001747,vmanning1747@example.com,Miller Inc,lead,8,inbound,MM,United Kingdom,2026-03-27 00:52:54,false,2026-04-01 06:30:00
HS-001748,theodore571748@example.com,"Smith, Crawford and Reed",marketingqualifiedlead,64,Cold Outreach,SMB,United Kingdom,2026-01-06 15:58:40,false,2026-04-01 06:30:00
HS-001749,mitchelleric1749@example.com,Hines-Berry,marketingqualifiedlead,56,IB,SmallBiz,Canada,2025-12-30 19:11:06,false,2026-04-01 06:30:00
HS-001750,munozglenn1750@example.com,"Anderson, Roberts and Gilmore",lead,38,Cold Outreach,Enterprise,Australia,2026-01-16 04:51:15,false,2026-04-01 06:30:00
HS-001751,alexwall1751@example.com,Vargas PLC,marketingqualifiedlead,53,Inbound,MidMarket,United States,2025-10-16 16:24:51,false,2026-04-01 06:30:00
HS-001752,qspencer1752@example.com,"Reyes, Chase and Jenkins",lead,37,Paid Ads,MidMarket,United Kingdom,2026-03-07 11:40:29,false,2026-04-01 06:30:00
HS-001753,jenna621753@example.com,Williams Ltd,marketingqualifiedlead,89,IB,enterprise,Germany,2026-03-19 17:11:47,false,2026-04-01 06:30:00
HS-001754,teresa861754@example.com,"Wilson, Sweeney and Wong",lead,37,Content Download,Small Business,Germany,2025-09-23 18:14:23,false,2026-04-01 06:30:00
HS-001755,juliamorales1755@example.com,"Burns, Nolan and Griffin",marketingqualifiedlead,87,outbound,Small Business,Canada,2025-12-12 16:11:50,false,2026-04-01 06:30:00
HS-001756,robinsonisaiah1756@example.com,Williams LLC,lead,36,PPC,Small Business,Germany,2025-10-02 19:54:25,false,2026-04-01 06:30:00
HS-001757,velasqueztaylor1757@example.com,Boone-Davis,marketingqualifiedlead,55,Partner,Small Business,United Kingdom,2025-10-22 15:20:34,false,2026-04-01 06:30:00
HS-001758,denise661758@example.com,Johnston and Sons,marketingqualifiedlead,56,Channel,SmallBiz,United Kingdom,2026-02-13 17:09:42,false,2026-04-01 06:30:00
HS-001759,brianwatson1759@example.com,Blevins-Ballard,lead,19,Paid,Mid-Market,Canada,2025-10-28 06:45:13,false,2026-04-01 06:30:00
HS-001760,glee1760@example.com,"Fitzpatrick, Rivera and Smith",lead,11,Inbound,MM,Germany,2026-02-11 17:29:25,false,2026-04-01 06:30:00
HS-001761,millercarrie1761@example.com,"Williams, Mccoy and Cook",marketingqualifiedlead,47,outbound,smb,Canada,2025-11-04 01:47:57,false,2026-04-01 06:30:00
HS-001762,anthony421762@example.com,Reed Inc,lead,28,Trade Show,ENT,Germany,2025-10-12 12:59:14,false,2026-04-01 06:30:00
HS-001763,jonescarla1763@example.com,Brooks Ltd,marketingqualifiedlead,74,Inbound,Small Business,Canada,2025-10-11 14:05:26,false,2026-04-01 06:30:00
HS-001764,jacob301764@example.com,Hayes Ltd,lead,21,outbound,SmallBiz,United States,2026-01-17 06:14:32,false,2026-04-01 06:30:00
HS-001765,josephdavila1765@example.com,Garcia LLC,marketingqualifiedlead,41,Outbound,SmallBiz,United States,2026-01-14 08:52:22,false,2026-04-01 06:30:00
HS-001766,elliottkristy1766@example.com,Peck-Anderson,lead,29,inbound,Mid Market,Canada,2025-09-22 04:31:32,false,2026-04-01 06:30:00
HS-001767,williamschristopher1767@example.com,"Powell, Deleon and Warren",marketingqualifiedlead,63,outbound,smb,United Kingdom,2025-12-27 21:59:38,false,2026-04-01 06:30:00
HS-001768,alan541768@example.com,Williams-Hughes,lead,39,Content Download,SmallBiz,United Kingdom,2025-10-11 13:17:12,false,2026-04-01 06:30:00
HS-001769,uporter1769@example.com,"White, Davis and Anderson",lead,5,IB,MM,United States,2025-10-09 17:52:41,false,2026-04-01 06:30:00
HS-001770,iswanson1770@example.com,"Sanchez, Wheeler and Harvey",lead,9,IB,Enterprise,Australia,2025-09-28 16:37:53,false,2026-04-01 06:30:00
HS-001771,riverapeggy1771@example.com,Arroyo LLC,lead,34,Outbound,SMB,United States,2026-01-16 12:03:20,false,2026-04-01 06:30:00
HS-001772,shawkimberly1772@example.com,"Richardson, Edwards and Ramirez",lead,33,Outbound,SMB,Canada,2025-10-31 15:18:56,false,2026-04-01 06:30:00
HS-001773,matthewspatrick1773@example.com,Dawson Inc,marketingqualifiedlead,81,inbound,SmallBiz,Canada,2025-09-21 20:16:19,false,2026-04-01 06:30:00
HS-001774,robertsedward1774@example.com,Nelson-Johnson,marketingqualifiedlead,66,Cold Outreach,Small Business,United States,2025-09-24 20:26:12,false,2026-04-01 06:30:00
HS-001775,omiller1775@example.com,"Fisher, Wilson and Brown",marketingqualifiedlead,67,Word of Mouth,Mid Market,Australia,2025-10-19 15:19:48,false,2026-04-01 06:30:00
HS-001776,cisnerosjesse1776@example.com,"Matthews, Smith and Hubbard",lead,5,Channel,Small Business,United States,2025-09-29 00:24:59,false,2026-04-01 06:30:00
HS-001777,lindseypena1777@example.com,"Lewis, Kennedy and Santana",lead,23,Trade Show,ENT,Germany,2025-12-24 08:01:16,false,2026-04-01 06:30:00
HS-001778,victoriamason1778@example.com,"Daniels, Vance and York",lead,21,Paid Ads,Small Business,Australia,2025-09-24 11:04:44,false,2026-04-01 06:30:00
HS-001779,seth251779@example.com,Diaz Inc,lead,15,Inbound,MM,Australia,2026-03-30 20:25:06,false,2026-04-01 06:30:00
HS-001780,michael601780@example.com,Jones-Soto,marketingqualifiedlead,53,Inbound,Small Business,United Kingdom,2026-01-02 11:27:18,false,2026-04-01 06:30:00
HS-001781,nallen1781@example.com,Russell Group,lead,9,Cold Outreach,MM,United States,2026-02-25 19:36:27,false,2026-04-01 06:30:00
HS-001782,rubioashley1782@example.com,Price LLC,marketingqualifiedlead,81,Inbound,Mid-Market,Canada,2025-09-27 15:40:11,false,2026-04-01 06:30:00
HS-001783,adavis1783@example.com,"Robinson, Shields and Brown",marketingqualifiedlead,63,IB,Small Business,Canada,2026-02-24 10:39:07,false,2026-04-01 06:30:00
HS-001784,katiecollins1784@example.com,Decker-Dudley,lead,20,IB,Small Business,United Kingdom,2025-09-16 07:35:02,false,2026-04-01 06:30:00
HS-001785,portershawn1785@example.com,"Steele, Williams and Preston",marketingqualifiedlead,74,Cold Outreach,smb,United States,2025-12-29 03:11:30,false,2026-04-01 06:30:00
HS-001786,sarahmartin1786@example.com,Stanley PLC,marketingqualifiedlead,41,PPC,SMB,Canada,2026-01-18 04:19:01,false,2026-04-01 06:30:00
HS-001787,barbara511787@example.com,Taylor Inc,lead,8,inbound,ENT,Canada,2026-02-04 17:15:39,false,2026-04-01 06:30:00
HS-001788,whitekelsey1788@example.com,Pena LLC,marketingqualifiedlead,88,Inbound,smb,United States,2025-11-27 22:42:14,false,2026-04-01 06:30:00
HS-001789,valerie471789@example.com,Levy-Lewis,lead,21,Inbound,MidMarket,United States,2025-09-28 08:15:20,false,2026-04-01 06:30:00
HS-001790,shelbybonilla1790@example.com,Taylor and Sons,lead,36,Content Download,MidMarket,Australia,2025-10-12 14:00:18,false,2026-04-01 06:30:00
HS-001791,swilliams1791@example.com,Love-Garcia,lead,17,IB,SmallBiz,United States,2025-12-08 10:23:13,false,2026-04-01 06:30:00
HS-001792,nortiz1792@example.com,Moran-Cox,lead,20,outbound,enterprise,Germany,2026-02-21 03:37:19,false,2026-04-01 06:30:00
HS-001793,scotthunt1793@example.com,Hull Ltd,lead,18,IB,Small Business,United Kingdom,2025-12-02 22:15:19,false,2026-04-01 06:30:00
HS-001794,nathaniel681794@example.com,Reid Group,lead,6,Partner,Enterprise,Australia,2025-11-28 11:17:28,false,2026-04-01 06:30:00
HS-001795,rbaker1795@example.com,Rowe Group,marketingqualifiedlead,52,outbound,smb,Canada,2026-02-04 04:26:41,false,2026-04-01 06:30:00
HS-001796,oliverdawn1796@example.com,"Rivera, Martinez and Richardson",marketingqualifiedlead,59,Outbound,SMB,United Kingdom,2025-09-26 16:55:13,false,2026-04-01 06:30:00
HS-001797,hollycastro1797@example.com,Harris-Walters,lead,39,Inbound,SmallBiz,Australia,2025-09-22 12:45:35,false,2026-04-01 06:30:00
HS-001798,melissaroberts1798@example.com,Miller Inc,marketingqualifiedlead,73,Cold Outreach,Mid-Market,United Kingdom,2026-03-18 04:02:36,false,2026-04-01 06:30:00
HS-001799,ashleynash1799@example.com,Moore and Sons,marketingqualifiedlead,76,Inbound,Mid Market,United States,2025-08-28 08:31:25,false,2026-04-01 06:30:00
HS-001800,paulford1800@example.com,Brock-Mcdonald,marketingqualifiedlead,66,Event,SmallBiz,Australia,2025-11-06 09:20:24,false,2026-04-01 06:30:00
HS-001801,baileytaylor1801@example.com,Herman-Walker,lead,26,Paid Ads,smb,Canada,2026-02-12 18:23:20,false,2026-04-01 06:30:00
HS-001802,lrodriguez1802@example.com,Donovan-Perez,marketingqualifiedlead,76,Cold Outreach,MidMarket,Germany,2026-03-13 16:28:52,false,2026-04-01 06:30:00
HS-001803,lowerysandra1803@example.com,Schultz Inc,marketingqualifiedlead,64,Cold Outreach,Mid Market,United Kingdom,2025-12-01 14:06:17,false,2026-04-01 06:30:00
HS-001804,vgonzalez1804@example.com,Vargas PLC,marketingqualifiedlead,74,Outbound,Mid-Market,United States,2026-03-18 22:52:59,false,2026-04-01 06:30:00
HS-001805,stewartwendy1805@example.com,"Higgins, Strickland and Martin",lead,23,Event,smb,Australia,2025-11-15 10:48:58,false,2026-04-01 06:30:00
HS-001806,vlewis1806@example.com,"Burke, Martinez and Riggs",lead,39,Cold Outreach,Mid Market,United Kingdom,2026-02-17 06:24:24,false,2026-04-01 06:30:00
HS-001807,dwilson1807@example.com,Suarez LLC,lead,25,PPC,smb,Australia,2026-03-01 16:48:09,false,2026-04-01 06:30:00
HS-001808,gardnerstacy1808@example.com,Davis Inc,lead,35,Content Download,smb,Canada,2025-10-26 13:05:59,false,2026-04-01 06:30:00
HS-001809,danielleflores1809@example.com,Robertson-Hays,marketingqualifiedlead,66,Event,SmallBiz,United States,2025-11-16 18:40:09,false,2026-04-01 06:30:00
HS-001810,huertakim1810@example.com,Goodwin Ltd,marketingqualifiedlead,47,Content Download,smb,Canada,2026-02-09 00:54:45,false,2026-04-01 06:30:00
HS-001811,mayermichael1811@example.com,Cruz-Allen,marketingqualifiedlead,69,IB,MidMarket,Germany,2025-09-02 14:03:12,false,2026-04-01 06:30:00
HS-001812,nirwin1812@example.com,"Sullivan, Palmer and Brady",lead,33,outbound,SmallBiz,Canada,2026-02-12 06:51:38,false,2026-04-01 06:30:00
HS-001813,lewisandrew1813@example.com,Walker Ltd,marketingqualifiedlead,84,Event,smb,Australia,2025-10-04 04:56:47,false,2026-04-01 06:30:00
HS-001814,onelson1814@example.com,"Frey, Santos and Johnson",marketingqualifiedlead,44,IB,Small Business,United States,2025-10-07 19:23:47,false,2026-04-01 06:30:00
HS-001815,christopherjones1815@example.com,Russell Group,lead,17,Event,MidMarket,United States,2026-02-03 08:36:13,false,2026-04-01 06:30:00
HS-001816,tmiller1816@example.com,"Smith, Rodriguez and Anderson",lead,20,Content,MidMarket,United States,2025-10-10 13:17:49,false,2026-04-01 06:30:00
HS-001817,hsavage1817@example.com,"Rivera, Martinez and Richardson",marketingqualifiedlead,71,Inbound,SMB,United Kingdom,2025-11-27 09:21:56,false,2026-04-01 06:30:00
HS-001818,elizabethgreen1818@example.com,"Osborn, Gaines and Davis",lead,18,Outbound,SmallBiz,United States,2025-10-23 02:19:51,false,2026-04-01 06:30:00
HS-001819,davisrachel1819@example.com,Davis-Lewis,marketingqualifiedlead,61,inbound,MM,Australia,2026-03-06 00:30:36,false,2026-04-01 06:30:00
HS-001820,tabitha421820@example.com,Huang-Foster,lead,28,IB,Small Business,United Kingdom,2025-09-24 09:34:28,false,2026-04-01 06:30:00
HS-001821,michaelbarnes1821@example.com,"Howard, Townsend and Hayes",lead,10,Inbound,SMB,United States,2026-01-28 01:49:59,false,2026-04-01 06:30:00
HS-001822,ynichols1822@example.com,Kane PLC,marketingqualifiedlead,73,Event,Small Business,United States,2025-09-06 12:27:26,false,2026-04-01 06:30:00
HS-001822D,ynichols1822@example.com,Kane PLC,marketingqualifiedlead,73,Event,Small Business,United States,2025-09-06 12:27:26,false,2026-04-01 06:30:00
HS-001823,tammykim1823@example.com,Gilbert PLC,lead,19,Trade Show,Small Business,Australia,2025-12-26 06:49:31,false,2026-04-01 06:30:00
HS-001824,jmorrow1824@example.com,"Howard, Townsend and Hayes",marketingqualifiedlead,41,Inbound,SmallBiz,United States,2025-11-12 02:37:08,false,2026-04-01 06:30:00
HS-001825,christiancontreras1825@example.com,Moody-Taylor,lead,28,inbound,Mid-Market,Canada,2025-10-17 07:52:00,false,2026-04-01 06:30:00
HS-001826,mariodowns1826@example.com,Salas-Fitzgerald,marketingqualifiedlead,68,Outbound,Small Business,Germany,2025-09-25 23:00:23,false,2026-04-01 06:30:00
HS-001827,alexis721827@example.com,Harper and Sons,marketingqualifiedlead,54,Word of Mouth,SMB,United States,2026-02-21 09:37:03,false,2026-04-01 06:30:00
HS-001828,hlin1828@example.com,"Daniels, Adkins and Brown",marketingqualifiedlead,74,Partner,SMB,United States,2025-09-17 07:10:05,false,2026-04-01 06:30:00
HS-001829,ubaker1829@example.com,Kerr-Evans,lead,24,Trade Show,Small Business,United States,2025-12-15 20:30:40,false,2026-04-01 06:30:00
HS-001830,mcneilsherry1830@example.com,Mayo Ltd,lead,10,Outbound,Small Business,Australia,2025-11-03 23:51:52,false,2026-04-01 06:30:00
HS-001831,cynthiafowler1831@example.com,Campbell-Clark,lead,14,IB,SmallBiz,Germany,2026-02-02 18:38:15,false,2026-04-01 06:30:00
HS-001832,johnsonjulie1832@example.com,"Miller, Lucas and Williams",marketingqualifiedlead,85,IB,Enterprise,United Kingdom,2026-02-03 11:08:31,false,2026-04-01 06:30:00
HS-001833,robertpayne1833@example.com,Reed Group,lead,22,Outbound,MidMarket,United States,2025-10-22 13:30:56,false,2026-04-01 06:30:00
HS-001834,carolynrobinson1834@example.com,"Fry, Myers and Gamble",marketingqualifiedlead,45,Content,Mid Market,Germany,2026-01-24 08:09:54,false,2026-04-01 06:30:00
HS-001835,stephaniebonilla1835@example.com,Duran Group,marketingqualifiedlead,78,IB,MM,United States,2025-09-18 18:51:26,false,2026-04-01 06:30:00
HS-001836,woodmichael1836@example.com,Garner-Thornton,marketingqualifiedlead,76,Inbound,MidMarket,United Kingdom,2025-10-08 13:27:41,false,2026-04-01 06:30:00
HS-001837,peggy811837@example.com,"Fitzpatrick, Rivera and Smith",marketingqualifiedlead,82,Partner,Mid Market,Germany,2026-02-21 23:37:35,false,2026-04-01 06:30:00
HS-001838,dbanks1838@example.com,Kane-Knox,marketingqualifiedlead,43,outbound,SMB,Canada,2025-10-10 20:45:11,false,2026-04-01 06:30:00
HS-001839,wjenkins1839@example.com,Edwards-Scott,marketingqualifiedlead,79,Cold Outreach,Mid Market,Germany,2026-02-11 12:19:44,false,2026-04-01 06:30:00
HS-001840,wmills1840@example.com,Adkins LLC,marketingqualifiedlead,57,Outbound,SMB,Australia,2026-02-05 16:21:00,false,2026-04-01 06:30:00
HS-001841,daniel271841@example.com,"Morris, Wright and Bridges",lead,22,inbound,SmallBiz,Australia,2025-12-10 10:06:06,false,2026-04-01 06:30:00
HS-001842,jbrooks1842@example.com,Small-Anderson,lead,33,Inbound,SmallBiz,United Kingdom,2025-10-10 22:26:07,false,2026-04-01 06:30:00
HS-001843,amyjames1843@example.com,Bell-Bennett,lead,25,PPC,smb,United States,2025-10-19 22:54:46,false,2026-04-01 06:30:00
HS-001844,swalters1844@example.com,Gill Ltd,marketingqualifiedlead,60,outbound,ENT,United Kingdom,2026-02-14 20:38:54,false,2026-04-01 06:30:00
HS-001845,cowanlinda1845@example.com,Wilson-Harris,marketingqualifiedlead,63,Content,Small Business,Canada,2025-11-25 18:25:59,false,2026-04-01 06:30:00
HS-001846,davisallen1846@example.com,Peterson PLC,marketingqualifiedlead,79,PPC,smb,United Kingdom,2025-09-22 16:39:56,false,2026-04-01 06:30:00
HS-001847,vgarcia1847@example.com,Rangel LLC,lead,18,Trade Show,smb,Germany,2026-03-01 23:14:43,false,2026-04-01 06:30:00
HS-001848,schultzwesley1848@example.com,"Santiago, Daniel and Rogers",lead,29,IB,MidMarket,United Kingdom,2025-11-04 18:58:09,false,2026-04-01 06:30:00
HS-001849,contrerasmelissa1849@example.com,Fields Inc,lead,39,Paid,SMB,United Kingdom,2025-09-20 10:36:43,false,2026-04-01 06:30:00
HS-001850,jeffreygibson1850@example.com,"Ferguson, Shaw and Jackson",marketingqualifiedlead,53,Word of Mouth,MM,United States,2026-02-23 23:57:16,false,2026-04-01 06:30:00
HS-001851,ewilson1851@example.com,Salazar Inc,marketingqualifiedlead,44,Cold Outreach,Mid-Market,Canada,2025-08-22 11:16:26,false,2026-04-01 06:30:00
HS-001852,belllaura1852@example.com,White-Lewis,lead,8,Cold Outreach,ENT,United Kingdom,2025-12-10 15:41:32,false,2026-04-01 06:30:00
HS-001853,pgutierrez1853@example.com,Boone-Davis,lead,38,inbound,smb,United Kingdom,2025-09-10 20:59:25,false,2026-04-01 06:30:00
HS-001854,xsmith1854@example.com,Moody-Taylor,lead,37,IB,Mid Market,Canada,2025-12-20 12:05:20,false,2026-04-01 06:30:00
HS-001855,williamadams1855@example.com,Cooper Ltd,lead,34,Event,SmallBiz,United States,2025-09-17 15:53:06,false,2026-04-01 06:30:00
HS-001856,kyle631856@example.com,Cole-Palmer,marketingqualifiedlead,56,Referral,SmallBiz,United Kingdom,2026-02-28 00:59:34,false,2026-04-01 06:30:00
HS-001857,mcculloughrobert1857@example.com,"Mcdonald, Lee and Rodriguez",marketingqualifiedlead,53,Content Download,smb,Canada,2025-11-04 18:43:09,false,2026-04-01 06:30:00
HS-001858,johnsonkrystal1858@example.com,Williamson Ltd,lead,37,Inbound,SmallBiz,Canada,2026-03-15 03:23:48,false,2026-04-01 06:30:00
HS-001859,matthew961859@example.com,Harvey-Allen,lead,22,Inbound,Mid Market,Canada,2025-12-31 16:49:40,false,2026-04-01 06:30:00
HS-001860,angelamyers1860@example.com,"Diaz, Gibbs and Smith",lead,35,Content,MM,Germany,2025-11-05 23:48:59,false,2026-04-01 06:30:00
HS-001861,zpoole1861@example.com,Johnson-Williams,lead,28,IB,MidMarket,United Kingdom,2026-03-12 22:31:16,false,2026-04-01 06:30:00
HS-001862,oanderson1862@example.com,Harrison-Alexander,marketingqualifiedlead,87,Outbound,SmallBiz,United Kingdom,2025-09-15 20:42:57,false,2026-04-01 06:30:00
HS-001863,lmadden1863@example.com,"Lewis, Kennedy and Santana",lead,18,Inbound,Strategic,Germany,2025-10-11 11:58:34,false,2026-04-01 06:30:00
HS-001863D,lmadden1863@example.com,"Lewis, Kennedy and Santana",lead,18,Inbound,Strategic,Germany,2025-10-11 11:58:34,false,2026-04-01 06:30:00
HS-001864,hstrong1864@example.com,Moon-White,marketingqualifiedlead,60,Content Download,MM,Australia,2025-09-19 13:52:24,false,2026-04-01 06:30:00
HS-001865,samuelgarcia1865@example.com,Moore Group,lead,20,Inbound,SMB,United Kingdom,2026-03-23 16:21:45,false,2026-04-01 06:30:00
HS-001866,williamwelch1866@example.com,Smith LLC,lead,15,PPC,ENT,Australia,2025-09-01 11:54:15,false,2026-04-01 06:30:00
HS-001867,ocameron1867@example.com,Kelly Group,lead,27,IB,smb,Germany,2025-12-16 08:46:28,false,2026-04-01 06:30:00
HS-001868,mary251868@example.com,"Shaw, Nelson and Martin",marketingqualifiedlead,90,IB,smb,United Kingdom,2025-10-07 23:05:21,false,2026-04-01 06:30:00
HS-001869,christopherjohnson1869@example.com,Lewis-Livingston,lead,17,Outbound,SMB,United States,2025-09-10 02:10:44,false,2026-04-01 06:30:00
HS-001870,fullerbrittney1870@example.com,Taylor and Sons,lead,37,Paid,SMB,Australia,2025-11-07 11:07:04,false,2026-04-01 06:30:00
HS-001871,montgomeryamy1871@example.com,"Carpenter, Oliver and Kennedy",marketingqualifiedlead,54,Event,SmallBiz,Australia,2025-08-26 12:11:47,false,2026-04-01 06:30:00
HS-001872,armstronganthony1872@example.com,Navarro-Munoz,marketingqualifiedlead,77,Outbound,Small Business,Germany,2025-12-05 15:44:59,false,2026-04-01 06:30:00
HS-001873,tonyawalters1873@example.com,Yu-Brooks,marketingqualifiedlead,62,Cold Outreach,Mid Market,United Kingdom,2026-02-14 15:50:12,false,2026-04-01 06:30:00
HS-001874,jacob341874@example.com,Jackson-Meza,marketingqualifiedlead,80,Outbound,Small Business,United Kingdom,2026-03-03 00:04:41,false,2026-04-01 06:30:00
HS-001874D,jacob341874@example.com,Jackson-Meza,marketingqualifiedlead,80,Outbound,Small Business,United Kingdom,2026-03-03 00:04:41,false,2026-04-01 06:30:00
HS-001875,amandasanchez1875@example.com,Parks-Pace,marketingqualifiedlead,67,Inbound,smb,Australia,2025-12-27 13:37:51,false,2026-04-01 06:30:00
HS-001876,qtownsend1876@example.com,Brooks and Sons,lead,10,inbound,MM,Australia,2025-09-15 22:24:39,false,2026-04-01 06:30:00
HS-001877,hillsavannah1877@example.com,Dawson Inc,lead,38,Content,Small Business,Canada,2025-09-16 14:56:23,false,2026-04-01 06:30:00
HS-001878,littlebeth1878@example.com,"Wilson, Sweeney and Wong",marketingqualifiedlead,71,Inbound,SMB,Germany,2026-01-09 09:48:03,false,2026-04-01 06:30:00
HS-001879,rodriguezsara1879@example.com,Sullivan PLC,lead,24,Content Download,SmallBiz,Germany,2026-01-15 14:51:19,false,2026-04-01 06:30:00
HS-001880,rodriguezjustin1880@example.com,Gibbs-Bradley,lead,9,Cold Outreach,SMB,Canada,2025-12-09 22:36:35,false,2026-04-01 06:30:00
HS-001881,christophersnyder1881@example.com,"Rios, Walker and Wright",marketingqualifiedlead,54,Inbound,Mid Market,Australia,2025-12-12 07:14:03,false,2026-04-01 06:30:00
HS-001882,roberta361882@example.com,Lee-Davis,lead,5,Paid,Strategic,Germany,2026-03-05 09:20:08,false,2026-04-01 06:30:00
HS-001883,henryandrew1883@example.com,"Chavez, Jones and Williams",lead,23,Content,smb,United Kingdom,2026-03-21 08:20:04,false,2026-04-01 06:30:00
HS-001884,tuckerconnie1884@example.com,Huang-Foster,marketingqualifiedlead,64,inbound,SMB,United Kingdom,2026-01-05 16:01:08,false,2026-04-01 06:30:00
HS-001885,gracebrooks1885@example.com,"Sanders, Ayala and Johnson",marketingqualifiedlead,83,Referral,smb,Canada,2025-09-05 12:21:30,false,2026-04-01 06:30:00
HS-001886,cynthia721886@example.com,"Edwards, Baker and Anderson",lead,19,Content,Enterprise,United States,2025-12-20 12:50:09,false,2026-04-01 06:30:00
HS-001887,kentberger1887@example.com,Flynn Group,marketingqualifiedlead,48,Event,smb,United Kingdom,2026-01-29 09:06:39,false,2026-04-01 06:30:00
HS-001888,wilsonmatthew1888@example.com,Davis Group,marketingqualifiedlead,52,Content,MidMarket,Germany,2025-11-30 02:45:14,false,2026-04-01 06:30:00
HS-001889,timothy991889@example.com,Levy-Lewis,marketingqualifiedlead,48,outbound,MidMarket,United States,2025-11-24 08:55:34,false,2026-04-01 06:30:00
HS-001889D,timothy991889@example.com,Levy-Lewis,marketingqualifiedlead,48,outbound,MidMarket,United States,2025-11-24 08:55:34,false,2026-04-01 06:30:00
HS-001890,moorejudy1890@example.com,Reynolds Ltd,marketingqualifiedlead,63,outbound,SmallBiz,Germany,2025-12-20 14:38:03,false,2026-04-01 06:30:00
HS-001891,leeanthony1891@example.com,Alexander-Jordan,lead,28,inbound,SMB,Canada,2025-10-18 10:00:58,false,2026-04-01 06:30:00
HS-001892,holmeskathleen1892@example.com,"Cox, Stark and Rodriguez",lead,26,Event,Mid-Market,Canada,2026-03-26 04:42:23,false,2026-04-01 06:30:00
HS-001893,michellewilson1893@example.com,Stewart-Bailey,marketingqualifiedlead,51,Cold Outreach,SMB,Australia,2025-12-24 09:12:54,false,2026-04-01 06:30:00
HS-001894,anthonytaylor1894@example.com,Cook and Sons,marketingqualifiedlead,83,Inbound,SmallBiz,Australia,2025-10-26 01:01:19,false,2026-04-01 06:30:00
HS-001895,lunashelby1895@example.com,"Greer, Potter and Evans",lead,16,Content Download,MM,United States,2026-02-12 20:11:41,false,2026-04-01 06:30:00
HS-001896,joshua311896@example.com,Hall-Sullivan,marketingqualifiedlead,54,IB,enterprise,Australia,2026-01-13 09:53:19,false,2026-04-01 06:30:00
HS-001897,jean471897@example.com,Trujillo PLC,marketingqualifiedlead,53,Channel,SMB,Germany,2025-08-31 17:25:39,false,2026-04-01 06:30:00
HS-001898,zgraham1898@example.com,Kim Inc,lead,22,Trade Show,Mid Market,Canada,2026-03-23 08:22:18,false,2026-04-01 06:30:00
HS-001899,johngonzalez1899@example.com,Marshall-Petersen,lead,28,Trade Show,SMB,United States,2025-11-06 05:36:12,false,2026-04-01 06:30:00
HS-001900,suzanne191900@example.com,Anderson-Bell,lead,14,inbound,Mid-Market,United States,2025-09-22 00:54:10,false,2026-04-01 06:30:00
HS-001901,gabriel371901@example.com,Gallagher and Sons,marketingqualifiedlead,73,Content,Mid Market,United States,2025-11-26 20:56:18,false,2026-04-01 06:30:00
HS-001902,bandrade1902@example.com,"Kennedy, Johnson and Lucas",marketingqualifiedlead,73,Trade Show,SMB,Canada,2025-10-13 06:59:11,false,2026-04-01 06:30:00
HS-001903,lisa911903@example.com,Miller-Orr,marketingqualifiedlead,47,Paid,ENT,United Kingdom,2025-09-30 00:48:59,false,2026-04-01 06:30:00
HS-001904,kpatterson1904@example.com,Wheeler-Austin,marketingqualifiedlead,45,Cold Outreach,MidMarket,Canada,2025-09-07 08:50:40,false,2026-04-01 06:30:00
HS-001905,nathaniel171905@example.com,Fox-Edwards,marketingqualifiedlead,71,inbound,Mid Market,Australia,2025-09-30 23:10:47,false,2026-04-01 06:30:00
HS-001906,pamelarubio1906@example.com,Scott and Sons,marketingqualifiedlead,87,Outbound,smb,United Kingdom,2026-01-31 08:51:50,false,2026-04-01 06:30:00
HS-001907,brenda491907@example.com,"West, Henderson and Ramirez",marketingqualifiedlead,66,Inbound,SmallBiz,Germany,2026-02-01 00:09:53,false,2026-04-01 06:30:00
HS-001908,raymond121908@example.com,Bean LLC,lead,36,inbound,Mid-Market,United States,2026-01-03 21:03:29,false,2026-04-01 06:30:00
HS-001909,ruben251909@example.com,"Brown, Hayes and Clark",marketingqualifiedlead,41,Trade Show,Small Business,Australia,2025-10-06 10:45:58,false,2026-04-01 06:30:00
HS-001910,charlessandoval1910@example.com,Smith and Sons,lead,28,Paid Ads,ENT,Canada,2026-02-08 20:08:18,false,2026-04-01 06:30:00
HS-001911,dustin511911@example.com,Robertson-Ramirez,lead,16,Cold Outreach,smb,Canada,2025-12-24 11:22:29,false,2026-04-01 06:30:00
HS-001912,floresalex1912@example.com,"Powers, Clements and Cox",lead,31,Cold Outreach,SMB,Canada,2026-03-15 02:29:34,false,2026-04-01 06:30:00
HS-001913,jason951913@example.com,Pruitt-Webb,lead,31,Referral,Mid-Market,United Kingdom,2026-02-05 03:40:32,false,2026-04-01 06:30:00
HS-001914,annacruz1914@example.com,Harris-Carson,lead,20,Content,smb,Canada,2026-03-08 21:16:17,false,2026-04-01 06:30:00
HS-001915,alisongarcia1915@example.com,Jones Inc,lead,18,Inbound,Strategic,United States,2026-02-23 05:37:14,false,2026-04-01 06:30:00
HS-001916,jennifer191916@example.com,Taylor PLC,marketingqualifiedlead,45,outbound,SmallBiz,United Kingdom,2026-01-15 15:58:46,false,2026-04-01 06:30:00
HS-001917,bfleming1917@example.com,Jacobson Inc,marketingqualifiedlead,68,Channel,Mid-Market,United States,2026-02-06 02:25:48,false,2026-04-01 06:30:00
HS-001918,lisa331918@example.com,Landry PLC,lead,30,Channel,Mid-Market,United Kingdom,2025-12-26 17:12:48,false,2026-04-01 06:30:00
HS-001919,langvictor1919@example.com,Miller Ltd,marketingqualifiedlead,63,outbound,Mid Market,Germany,2025-11-01 21:37:41,false,2026-04-01 06:30:00
HS-001920,robert171920@example.com,May-Turner,lead,10,Referral,Small Business,Germany,2026-02-19 18:02:02,false,2026-04-01 06:30:00
HS-001921,carolyngarza1921@example.com,Hernandez-Dawson,lead,8,Partner,SMB,Australia,2025-11-01 15:42:02,false,2026-04-01 06:30:00
HS-001922,barbaramitchell1922@example.com,Novak PLC,lead,7,Inbound,MM,United States,2025-12-23 02:31:13,false,2026-04-01 06:30:00
HS-001923,buckjustin1923@example.com,"Taylor, Wright and Davidson",lead,27,Inbound,SmallBiz,United States,2025-11-02 08:57:12,false,2026-04-01 06:30:00
HS-001924,ijohnson1924@example.com,Williams Group,marketingqualifiedlead,57,Channel,smb,Germany,2025-08-26 00:34:45,false,2026-04-01 06:30:00
HS-001925,rogersallen1925@example.com,Pena LLC,marketingqualifiedlead,88,inbound,Small Business,United States,2026-01-01 21:19:31,false,2026-04-01 06:30:00
HS-001926,zdavis1926@example.com,Byrd-Le,marketingqualifiedlead,48,Cold Outreach,smb,Australia,2025-12-19 18:34:04,false,2026-04-01 06:30:00
HS-001927,rcummings1927@example.com,Donovan-Perez,lead,29,Content,MM,Germany,2026-02-11 11:38:39,false,2026-04-01 06:30:00
HS-001928,karen611928@example.com,"Wright, Mcknight and Stephens",marketingqualifiedlead,87,Partner,Strategic,United Kingdom,2026-01-01 05:14:07,false,2026-04-01 06:30:00
HS-001929,troy061929@example.com,"Harris, Anderson and Love",marketingqualifiedlead,79,Channel,MM,Germany,2026-01-23 03:49:31,false,2026-04-01 06:30:00
HS-001930,heather771930@example.com,"Mccarthy, Evans and Mendez",lead,32,IB,SmallBiz,Germany,2025-10-14 20:53:07,false,2026-04-01 06:30:00
HS-001931,cameronsharon1931@example.com,Drake-Wolfe,lead,7,Trade Show,Strategic,Australia,2026-02-18 23:20:49,false,2026-04-01 06:30:00
HS-001932,johnsonbrandon1932@example.com,Williams PLC,lead,32,IB,SMB,Australia,2025-11-20 12:27:02,false,2026-04-01 06:30:00
HS-001933,taylorvictoria1933@example.com,"Brown, Romero and Collins",marketingqualifiedlead,88,Paid,Enterprise,Australia,2026-02-07 13:47:11,false,2026-04-01 06:30:00
HS-001934,fperez1934@example.com,Goodwin PLC,lead,12,Partner,ENT,Canada,2025-10-24 14:03:59,false,2026-04-01 06:30:00
HS-001935,jenniferburnett1935@example.com,"Gould, Marshall and Scott",lead,8,Content Download,SmallBiz,Germany,2026-01-13 15:17:44,false,2026-04-01 06:30:00
HS-001936,villamiranda1936@example.com,Byrd LLC,lead,23,Trade Show,MM,United Kingdom,2025-10-10 06:02:53,false,2026-04-01 06:30:00
HS-001937,nicole011937@example.com,Sandoval-Cunningham,marketingqualifiedlead,55,Trade Show,SMB,Canada,2025-11-27 22:15:50,false,2026-04-01 06:30:00
HS-001938,valentinecharles1938@example.com,Sutton-Abbott,lead,36,Paid Ads,SMB,Australia,2025-12-27 03:44:21,false,2026-04-01 06:30:00
HS-001939,hailey641939@example.com,"West, Henderson and Ramirez",marketingqualifiedlead,90,Paid Ads,SMB,Germany,2025-08-22 05:09:09,false,2026-04-01 06:30:00
HS-001940,sarasilva1940@example.com,Combs PLC,lead,23,Outbound,MidMarket,Australia,2025-10-09 13:38:05,false,2026-04-01 06:30:00
HS-001941,martinezmichelle1941@example.com,Cruz-Allen,marketingqualifiedlead,62,Content Download,Mid Market,Germany,2025-12-17 02:08:50,false,2026-04-01 06:30:00
HS-001942,qwalsh1942@example.com,Pearson and Sons,marketingqualifiedlead,65,Inbound,SMB,Germany,2025-10-15 23:18:20,false,2026-04-01 06:30:00
HS-001943,boydjohn1943@arcline.com,"Lee, Horton and Snyder",marketingqualifiedlead,75,Partner,enterprise,Germany,2025-11-22 04:45:23,true,2026-04-01 06:30:00
HS-001944,rstanley1944@example.com,"Wilson, Sweeney and Wong",marketingqualifiedlead,90,inbound,SMB,Germany,2026-01-01 08:30:00,false,2026-04-01 06:30:00
HS-001945,kendra731945@example.com,Rowe Group,marketingqualifiedlead,88,Cold Outreach,Small Business,Canada,2026-01-17 06:14:40,false,2026-04-01 06:30:00
HS-001946,bakerkenneth1946@example.com,Gonzalez-Wilkerson,marketingqualifiedlead,59,outbound,Strategic,Canada,2026-01-25 21:35:51,false,2026-04-01 06:30:00
HS-001947,gomezmary1947@example.com,King-Smith,lead,13,Event,Mid-Market,United Kingdom,2026-03-09 11:09:28,false,2026-04-01 06:30:00
HS-001948,donnamoss1948@example.com,Barnes PLC,lead,20,Outbound,Strategic,Canada,2026-02-12 11:51:43,false,2026-04-01 06:30:00
HS-001949,heatherjones1949@example.com,"Patel, Erickson and Evans",marketingqualifiedlead,55,Event,Strategic,Canada,2025-12-22 03:19:48,false,2026-04-01 06:30:00
HS-001950,abrown1950@example.com,Manning Group,lead,34,IB,MM,United Kingdom,2025-10-12 04:55:02,false,2026-04-01 06:30:00
HS-001951,taylorcruz1951@example.com,Ellis-Lawrence,marketingqualifiedlead,57,Inbound,Small Business,United States,2025-12-22 10:08:56,false,2026-04-01 06:30:00
HS-001952,ngarcia1952@example.com,Fuentes Group,lead,27,Event,ENT,Germany,2025-10-28 05:06:18,false,2026-04-01 06:30:00
HS-001953,kathleen471953@example.com,Brennan-Johnson,lead,34,inbound,smb,Australia,2026-01-24 04:43:44,false,2026-04-01 06:30:00
HS-001954,melaniegarcia1954@example.com,Owens-Russell,marketingqualifiedlead,85,outbound,SMB,Germany,2026-01-18 21:25:33,false,2026-04-01 06:30:00
HS-001955,jefferycox1955@example.com,Murphy PLC,lead,20,Content Download,SMB,United States,2026-03-02 04:59:37,false,2026-04-01 06:30:00
HS-001956,gparrish1956@example.com,Brock-Mcdonald,marketingqualifiedlead,87,Cold Outreach,SmallBiz,Australia,2025-09-26 12:07:04,false,2026-04-01 06:30:00
HS-001957,kimberlylopez1957@example.com,Thomas and Sons,lead,13,outbound,MM,United Kingdom,2025-12-10 07:14:27,false,2026-04-01 06:30:00
HS-001958,rodney491958@example.com,Wagner-King,marketingqualifiedlead,65,outbound,SMB,Australia,2026-01-16 02:53:10,false,2026-04-01 06:30:00
HS-001959,thomasnancy1959@example.com,"Williams, Mccoy and Cook",marketingqualifiedlead,79,Content Download,SMB,Canada,2026-02-18 22:39:18,false,2026-04-01 06:30:00
HS-001960,allenpatricia1960@example.com,Mcgee-Smith,lead,20,outbound,SMB,Germany,2025-12-18 08:40:22,false,2026-04-01 06:30:00
HS-001961,josephalvarez1961@example.com,Ruiz Ltd,marketingqualifiedlead,72,inbound,MM,United States,2026-01-25 12:57:47,false,2026-04-01 06:30:00
HS-001962,hbell1962@arcline.com,Carter Inc,lead,22,Paid,Small Business,Australia,2025-10-23 23:57:40,true,2026-04-01 06:30:00
HS-001963,gomezjason1963@example.com,Holt and Sons,marketingqualifiedlead,51,Paid,Mid Market,United States,2025-10-07 10:31:08,false,2026-04-01 06:30:00
HS-001964,gshaw1964@example.com,Harris-Carson,lead,7,Inbound,smb,Canada,2026-02-25 13:33:27,false,2026-04-01 06:30:00
HS-001965,brian451965@example.com,"Ashley, Allen and Sanchez",lead,31,Partner,smb,Germany,2025-09-08 04:06:19,false,2026-04-01 06:30:00
HS-001966,williamspatrick1966@example.com,Schmidt PLC,lead,9,Channel,Mid-Market,United States,2025-09-28 00:00:03,false,2026-04-01 06:30:00
HS-001967,mlee1967@example.com,Young-Allen,lead,26,Channel,Small Business,Australia,2026-02-21 02:03:46,false,2026-04-01 06:30:00
HS-001968,rthompson1968@example.com,Gonzalez-Gonzalez,marketingqualifiedlead,45,Outbound,ENT,United Kingdom,2026-02-04 19:45:36,false,2026-04-01 06:30:00
HS-001968D,rthompson1968@example.com,Gonzalez-Gonzalez,marketingqualifiedlead,45,Outbound,ENT,United Kingdom,2026-02-04 19:45:36,false,2026-04-01 06:30:00
HS-001969,gstone1969@example.com,Jones-Hensley,lead,25,IB,SMB,Australia,2025-12-02 17:51:51,false,2026-04-01 06:30:00
HS-001970,lucassusan1970@example.com,"Mueller, Stevenson and Sanchez",lead,14,Inbound,Small Business,Germany,2026-03-08 12:02:42,false,2026-04-01 06:30:00
HS-001971,dariusjacobson1971@example.com,"Brandt, Carter and Boyd",lead,25,IB,SMB,Australia,2025-11-19 13:36:43,false,2026-04-01 06:30:00
HS-001972,john811972@example.com,Vargas Ltd,marketingqualifiedlead,87,Paid Ads,SMB,United States,2025-09-16 17:55:56,false,2026-04-01 06:30:00
HS-001973,jeremy961973@example.com,Johnson-Rogers,lead,15,outbound,SmallBiz,United States,2026-03-29 16:31:52,false,2026-04-01 06:30:00
HS-001974,olong1974@example.com,Morton-Chase,marketingqualifiedlead,79,IB,smb,United States,2026-01-08 20:03:41,false,2026-04-01 06:30:00
HS-001975,tyler231975@example.com,Evans-Jones,marketingqualifiedlead,69,Referral,smb,Australia,2025-10-02 16:25:46,false,2026-04-01 06:30:00
HS-001976,dana941976@example.com,Mckee-Lee,marketingqualifiedlead,81,Trade Show,MidMarket,United Kingdom,2026-03-13 19:28:30,false,2026-04-01 06:30:00
HS-001977,daviswesley1977@example.com,"Carrillo, Vaughn and Fowler",lead,19,Cold Outreach,SmallBiz,United Kingdom,2025-10-15 03:07:34,false,2026-04-01 06:30:00
HS-001978,sstevenson1978@example.com,"Sanders, Ayala and Johnson",lead,26,Trade Show,SMB,Canada,2026-01-15 21:15:09,false,2026-04-01 06:30:00
HS-001979,georgemaldonado1979@example.com,Yu-Brooks,marketingqualifiedlead,44,Content,Mid Market,United Kingdom,2025-12-29 13:13:47,false,2026-04-01 06:30:00
HS-001980,jacobyoder1980@example.com,Barnes Inc,lead,36,Channel,Strategic,Canada,2026-02-22 15:35:55,false,2026-04-01 06:30:00
HS-001981,suzannewade1981@example.com,Moore-Bass,lead,17,Channel,Small Business,Australia,2025-11-11 02:19:58,false,2026-04-01 06:30:00
HS-001981D,suzannewade1981@example.com,Moore-Bass,lead,17,Channel,Small Business,Australia,2025-11-11 02:19:58,false,2026-04-01 06:30:00
HS-001982,lcook1982@example.com,"Thompson, Moore and Castro",lead,6,outbound,Mid-Market,Australia,2025-09-07 18:42:55,false,2026-04-01 06:30:00
HS-001983,nicole201983@example.com,Gay Inc,marketingqualifiedlead,49,inbound,SMB,Germany,2025-09-08 18:08:27,false,2026-04-01 06:30:00
HS-001984,tara901984@example.com,Williams-Li,lead,16,Partner,smb,Canada,2025-09-23 12:14:13,false,2026-04-01 06:30:00
HS-001985,emarks1985@example.com,Brady LLC,marketingqualifiedlead,63,Word of Mouth,Mid Market,Canada,2026-03-25 00:13:20,false,2026-04-01 06:30:00
HS-001986,williamsandre1986@example.com,Kelly-Norman,marketingqualifiedlead,67,Cold Outreach,smb,Canada,2026-03-11 18:11:29,false,2026-04-01 06:30:00
HS-001987,mary881987@example.com,"Wagner, Martinez and Dawson",marketingqualifiedlead,40,Paid Ads,Enterprise,Australia,2025-08-20 09:31:32,false,2026-04-01 06:30:00
HS-001988,karirowe1988@example.com,"Turner, Ortiz and Taylor",lead,21,inbound,ENT,Germany,2026-03-04 21:56:13,false,2026-04-01 06:30:00
HS-001989,torresjill1989@example.com,Miller-Brandt,marketingqualifiedlead,40,outbound,smb,Germany,2025-11-25 13:08:32,false,2026-04-01 06:30:00
HS-001990,whenry1990@example.com,Adkins LLC,lead,24,Word of Mouth,smb,Australia,2025-09-22 08:37:10,false,2026-04-01 06:30:00
HS-001991,elizabeth451991@example.com,Owens-Lang,lead,6,Content,Mid Market,Australia,2025-10-07 08:10:48,false,2026-04-01 06:30:00
HS-001992,wsmith1992@example.com,Mitchell-Jordan,marketingqualifiedlead,75,outbound,enterprise,Germany,2025-08-21 10:14:29,false,2026-04-01 06:30:00
HS-001993,jennifer891993@example.com,Cook-Oliver,marketingqualifiedlead,77,Cold Outreach,smb,Germany,2025-08-27 20:20:58,false,2026-04-01 06:30:00
HS-001994,rrodriguez1994@example.com,Holmes-Mcintyre,lead,9,PPC,Mid Market,United States,2025-10-22 19:06:14,false,2026-04-01 06:30:00
HS-001995,hernandezrobert1995@example.com,"Bentley, Byrd and Orr",marketingqualifiedlead,56,Event,SMB,United Kingdom,2026-02-28 09:40:32,false,2026-04-01 06:30:00
HS-001996,donnathomas1996@example.com,Smith PLC,lead,6,inbound,Strategic,Canada,2025-09-01 13:54:25,false,2026-04-01 06:30:00
HS-001997,kjohnson1997@example.com,Gonzalez-Gonzalez,marketingqualifiedlead,81,Content Download,enterprise,United Kingdom,2026-03-17 13:30:10,false,2026-04-01 06:30:00
HS-001998,vhoward1998@example.com,"Sanders, Leblanc and Maldonado",marketingqualifiedlead,88,Partner,smb,Australia,2025-11-11 07:38:38,false,2026-04-01 06:30:00
HS-001999,leestephanie1999@example.com,Campbell Inc,lead,18,Paid Ads,MidMarket,Canada,2025-09-25 00:52:49,false,2026-04-01 06:30:00
HS-002000,sheppardnatalie2000@example.com,"Hall, Hinton and Phillips",lead,5,Word of Mouth,smb,Germany,2025-11-20 05:10:19,false,2026-04-01 06:30:00
HS-002001,harcher2001@example.com,Garcia and Sons,marketingqualifiedlead,55,Word of Mouth,Small Business,Canada,2025-12-28 19:31:01,false,2026-04-01 06:30:00
HS-002002,josephshelton2002@arcline.com,"Huber, Hill and Weber",marketingqualifiedlead,76,PPC,SmallBiz,Germany,2025-11-17 06:08:20,true,2026-04-01 06:30:00
HS-002003,peter642003@example.com,"Pugh, Henderson and Moon",marketingqualifiedlead,59,Content Download,SMB,United Kingdom,2026-01-31 03:14:17,false,2026-04-01 06:30:00
HS-002004,james982004@example.com,"Matthews, Smith and Hubbard",marketingqualifiedlead,73,Outbound,SmallBiz,United States,2026-02-08 21:24:44,false,2026-04-01 06:30:00
HS-002005,mary162005@example.com,Harvey-Allen,lead,20,Content Download,MM,Canada,2025-11-14 07:09:54,false,2026-04-01 06:30:00
HS-002006,yknight2006@example.com,Torres and Sons,lead,39,Outbound,Mid Market,Australia,2026-02-20 14:13:39,false,2026-04-01 06:30:00
HS-002007,keith072007@example.com,Wallace-Martinez,lead,20,Content Download,Strategic,Australia,2025-11-07 10:36:12,false,2026-04-01 06:30:00
HS-002008,stevenhernandez2008@example.com,"Duran, Obrien and Gibbs",marketingqualifiedlead,49,IB,Small Business,Canada,2025-09-19 18:17:21,false,2026-04-01 06:30:00
HS-002009,cindy242009@example.com,"Robinson, Shields and Brown",marketingqualifiedlead,56,IB,Small Business,Canada,2025-11-13 04:13:27,false,2026-04-01 06:30:00
HS-002010,zroberts2010@example.com,Wagner-King,marketingqualifiedlead,56,outbound,SMB,Australia,2025-12-18 21:14:25,false,2026-04-01 06:30:00
HS-002011,alexis032011@example.com,"James, Taylor and Turner",lead,8,Content,MM,United States,2026-01-17 10:30:23,false,2026-04-01 06:30:00
HS-002012,margaret102012@example.com,Rangel LLC,lead,6,Content,SMB,Germany,2026-03-02 16:27:53,false,2026-04-01 06:30:00
HS-002013,btorres2013@example.com,Thomas and Sons,lead,20,outbound,Mid Market,United Kingdom,2026-03-10 01:33:48,false,2026-04-01 06:30:00
HS-002014,donna002014@example.com,Payne-Lowe,lead,28,Channel,SmallBiz,United States,2026-03-07 04:12:15,false,2026-04-01 06:30:00
HS-002015,devin482015@example.com,Spence PLC,marketingqualifiedlead,50,outbound,smb,United States,2026-02-11 03:51:23,false,2026-04-01 06:30:00
HS-002015D,devin482015@example.com,Spence PLC,marketingqualifiedlead,50,outbound,smb,United States,2026-02-11 03:51:23,false,2026-04-01 06:30:00
HS-002016,stephaniereeves2016@example.com,Werner-Carter,marketingqualifiedlead,78,Cold Outreach,Mid Market,United States,2025-12-08 16:51:11,false,2026-04-01 06:30:00
HS-002017,wendygonzalez2017@example.com,"Turner, Riggs and Roman",marketingqualifiedlead,79,Cold Outreach,MM,United Kingdom,2026-01-19 06:41:00,false,2026-04-01 06:30:00
HS-002018,carterantonio2018@example.com,Jackson-Lawson,marketingqualifiedlead,73,Event,Small Business,Australia,2025-12-27 07:03:08,false,2026-04-01 06:30:00
HS-002019,john662019@example.com,Johnson-Wood,lead,31,Event,Mid-Market,United States,2026-02-22 22:48:15,false,2026-04-01 06:30:00
HS-002020,grasmussen2020@example.com,Bryant-Brown,marketingqualifiedlead,65,outbound,SMB,Germany,2026-03-14 20:21:13,false,2026-04-01 06:30:00
HS-002021,samantha942021@example.com,Gomez and Sons,marketingqualifiedlead,73,PPC,Mid Market,Germany,2026-02-15 14:19:59,false,2026-04-01 06:30:00
HS-002022,anneshelton2022@example.com,Miller PLC,lead,13,Content Download,ENT,Canada,2025-11-04 11:38:53,false,2026-04-01 06:30:00
HS-002023,linda232023@example.com,Davis PLC,lead,6,Content,MM,United States,2025-12-01 08:23:16,false,2026-04-01 06:30:00
HS-002024,derek832024@example.com,Ferrell-Henry,marketingqualifiedlead,83,Outbound,Strategic,Germany,2025-09-14 03:33:10,false,2026-04-01 06:30:00
HS-002025,kevin492025@example.com,Parsons-Hall,lead,15,IB,MidMarket,Germany,2025-11-09 16:21:24,false,2026-04-01 06:30:00
HS-002026,ygardner2026@example.com,"Terrell, Byrd and Ross",marketingqualifiedlead,48,inbound,SMB,Australia,2026-01-11 20:43:54,false,2026-04-01 06:30:00
HS-002027,hdavis2027@example.com,"Jones, Cummings and Conway",lead,27,Referral,Mid-Market,Canada,2026-01-08 18:06:19,false,2026-04-01 06:30:00
HS-002028,gbenson2028@example.com,White-Lewis,lead,8,Outbound,Enterprise,United Kingdom,2025-10-02 23:02:23,false,2026-04-01 06:30:00
HS-002029,taylor672029@example.com,Hooper PLC,lead,17,Partner,MidMarket,Canada,2026-01-07 12:55:07,false,2026-04-01 06:30:00
HS-002030,dali2030@example.com,"Hale, Myers and Larson",lead,14,Trade Show,Mid-Market,Germany,2026-01-29 16:51:36,false,2026-04-01 06:30:00
HS-002031,gainesanthony2031@example.com,Randall PLC,lead,17,IB,Mid Market,Germany,2026-02-13 02:42:32,false,2026-04-01 06:30:00
HS-002032,idavis2032@example.com,"Phillips, Spence and Barrett",marketingqualifiedlead,87,PPC,smb,United States,2026-03-16 10:16:59,false,2026-04-01 06:30:00
HS-002033,kristin982033@example.com,Chavez PLC,lead,27,Inbound,SMB,United Kingdom,2025-09-05 17:49:03,false,2026-04-01 06:30:00
HS-002034,david892034@example.com,Manning Group,marketingqualifiedlead,61,Inbound,Mid Market,United Kingdom,2025-12-25 13:24:28,false,2026-04-01 06:30:00
HS-002034D,david892034@example.com,Manning Group,marketingqualifiedlead,61,Inbound,Mid Market,United Kingdom,2025-12-25 13:24:28,false,2026-04-01 06:30:00
HS-002035,brian622035@example.com,"Chang, Ayers and Buckley",marketingqualifiedlead,90,PPC,MidMarket,United States,2026-01-27 07:23:20,false,2026-04-01 06:30:00
HS-002036,dsantiago2036@example.com,Miller PLC,lead,30,Event,Strategic,Canada,2025-12-31 16:38:50,false,2026-04-01 06:30:00
HS-002037,fcombs2037@example.com,Harvey PLC,lead,24,Content,Small Business,United States,2025-10-28 10:04:01,false,2026-04-01 06:30:00
HS-002038,nelsonvalerie2038@example.com,Morton-Chase,lead,7,Trade Show,SmallBiz,United States,2025-12-16 09:04:53,false,2026-04-01 06:30:00
HS-002039,cookconnor2039@example.com,Torres Group,lead,14,Inbound,Mid-Market,Germany,2025-09-22 07:29:38,false,2026-04-01 06:30:00
HS-002040,ariana502040@example.com,"Bentley, Byrd and Orr",lead,14,outbound,smb,United Kingdom,2026-01-05 03:53:34,false,2026-04-01 06:30:00
HS-002041,yangemily2041@example.com,Mccarthy Inc,lead,21,Cold Outreach,Small Business,United States,2025-10-06 17:18:25,false,2026-04-01 06:30:00
HS-002042,mileszachary2042@example.com,Mora-White,lead,12,Trade Show,Small Business,Australia,2026-02-01 03:43:07,false,2026-04-01 06:30:00
HS-002043,rtaylor2043@example.com,"Richardson, Edwards and Ramirez",marketingqualifiedlead,82,Paid,SMB,Canada,2026-02-10 16:58:37,false,2026-04-01 06:30:00
HS-002044,kevincollins2044@example.com,Young-Allen,lead,26,IB,smb,Australia,2025-11-29 16:13:55,false,2026-04-01 06:30:00
HS-002045,shaffercindy2045@example.com,Miller Ltd,lead,17,IB,Mid Market,Germany,2026-02-22 07:00:24,false,2026-04-01 06:30:00
HS-002046,dannysmith2046@example.com,Brooks and Sons,marketingqualifiedlead,51,Referral,Mid-Market,Australia,2026-01-23 05:06:20,false,2026-04-01 06:30:00
HS-002047,meyerjohn2047@example.com,"Adams, Christian and Rivas",lead,13,Trade Show,Strategic,United Kingdom,2025-11-10 10:24:47,false,2026-04-01 06:30:00
HS-002048,wellsmarissa2048@example.com,"Gregory, Kim and Martinez",marketingqualifiedlead,50,Partner,Small Business,Germany,2025-12-18 08:45:05,false,2026-04-01 06:30:00
HS-002049,hmyers2049@example.com,Rios-Padilla,marketingqualifiedlead,53,Event,Mid Market,Australia,2026-01-10 09:53:33,false,2026-04-01 06:30:00
HS-002050,richard232050@example.com,"Le, Lewis and Hayes",lead,8,IB,SmallBiz,Australia,2025-12-07 21:13:51,false,2026-04-01 06:30:00
HS-002051,lorraine792051@example.com,"Patel, Erickson and Evans",marketingqualifiedlead,66,Content Download,Enterprise,Canada,2025-12-08 19:06:08,false,2026-04-01 06:30:00
HS-002052,reynoldsdaisy2052@example.com,King-Martinez,marketingqualifiedlead,51,Cold Outreach,MM,Canada,2025-11-30 14:10:40,false,2026-04-01 06:30:00
HS-002053,donaldgarner2053@example.com,Marshall-Petersen,marketingqualifiedlead,75,inbound,Small Business,United States,2025-08-29 18:55:56,false,2026-04-01 06:30:00
HS-002054,georgeharmon2054@example.com,"Brown, Valdez and Lucas",lead,35,Cold Outreach,Small Business,Canada,2026-02-02 05:24:37,false,2026-04-01 06:30:00
HS-002055,thomasroberts2055@example.com,"Jones, Scott and Rodriguez",marketingqualifiedlead,64,Content Download,Mid-Market,Australia,2025-08-31 21:18:50,false,2026-04-01 06:30:00
HS-002056,haleytrevor2056@example.com,Ruiz Ltd,lead,23,outbound,Mid-Market,United States,2025-10-23 23:07:41,false,2026-04-01 06:30:00
HS-002057,peter172057@example.com,Davis Group,marketingqualifiedlead,54,Outbound,MidMarket,Germany,2025-12-09 11:57:52,false,2026-04-01 06:30:00
HS-002058,jli2058@example.com,"Garcia, Humphrey and Baker",marketingqualifiedlead,66,outbound,Mid Market,United Kingdom,2025-11-10 22:00:48,false,2026-04-01 06:30:00
HS-002059,campbelldavid2059@example.com,"Khan, Pena and Ruiz",lead,28,PPC,SmallBiz,Australia,2026-01-18 07:04:43,false,2026-04-01 06:30:00
HS-002060,tsmith2060@example.com,Lopez-Williams,lead,37,Outbound,SmallBiz,Australia,2025-12-08 01:01:06,false,2026-04-01 06:30:00
HS-002061,brewerpatricia2061@example.com,"Davis, Stanley and Wright",lead,30,inbound,MM,Canada,2025-09-17 08:59:56,false,2026-04-01 06:30:00
HS-002062,wwilliams2062@example.com,Russell Group,lead,22,Inbound,MidMarket,United States,2026-01-30 16:40:05,false,2026-04-01 06:30:00
HS-002063,taylorsharp2063@example.com,Watson Group,marketingqualifiedlead,75,inbound,SMB,Canada,2025-09-01 10:53:04,false,2026-04-01 06:30:00
HS-002064,albert252064@example.com,"Johnson, Jimenez and Phillips",marketingqualifiedlead,43,Paid,Small Business,United Kingdom,2025-10-01 20:56:16,false,2026-04-01 06:30:00
HS-002065,michaelmccarthy2065@example.com,Moore-Bass,marketingqualifiedlead,79,Cold Outreach,Small Business,Australia,2025-10-02 08:38:51,false,2026-04-01 06:30:00
HS-002066,lpalmer2066@example.com,Jacobson Inc,marketingqualifiedlead,79,Trade Show,Mid Market,United States,2025-12-25 23:19:15,false,2026-04-01 06:30:00
HS-002067,michaelball2067@example.com,Murray-Oconnor,lead,27,Paid Ads,Strategic,United Kingdom,2026-02-22 16:08:50,false,2026-04-01 06:30:00
HS-002068,stephen242068@example.com,Brennan-Johnson,marketingqualifiedlead,54,PPC,smb,Australia,2026-01-03 23:21:33,false,2026-04-01 06:30:00
HS-002069,sandra172069@example.com,Levy-May,marketingqualifiedlead,76,Paid,smb,United Kingdom,2026-02-23 04:23:17,false,2026-04-01 06:30:00
HS-002070,mestes2070@arcline.com,Abbott Ltd,lead,26,Content,ENT,Canada,2026-03-10 18:29:33,true,2026-04-01 06:30:00
HS-002071,barbarapennington2071@example.com,Thompson Ltd,lead,22,Content,SMB,United Kingdom,2026-01-19 13:57:58,false,2026-04-01 06:30:00
HS-002072,david592072@example.com,Atkinson LLC,lead,23,Paid Ads,SmallBiz,Canada,2025-11-11 11:07:52,false,2026-04-01 06:30:00
HS-002072D,david592072@example.com,Atkinson LLC,lead,23,Paid Ads,SmallBiz,Canada,2025-11-11 11:07:52,false,2026-04-01 06:30:00
HS-002073,breanna612073@example.com,"Holder, Young and Hendricks",marketingqualifiedlead,62,inbound,MidMarket,Canada,2026-01-17 20:27:00,false,2026-04-01 06:30:00
HS-002074,johnsonjessica2074@example.com,"Robinson, Huang and Osborne",lead,23,Content,SMB,Australia,2025-10-31 10:34:38,false,2026-04-01 06:30:00
HS-002075,colinrodriguez2075@arcline.com,Duran LLC,lead,16,Referral,smb,Germany,2025-09-21 01:38:59,true,2026-04-01 06:30:00
HS-002076,omorris2076@example.com,Robinson-Lee,marketingqualifiedlead,50,Cold Outreach,smb,United Kingdom,2026-01-08 01:15:17,false,2026-04-01 06:30:00
HS-002077,danielgilmore2077@example.com,Warner-Phillips,marketingqualifiedlead,49,Paid Ads,Mid-Market,Australia,2026-02-07 22:12:03,false,2026-04-01 06:30:00
HS-002078,acampos2078@example.com,Roberts-Sullivan,marketingqualifiedlead,42,Referral,Small Business,Germany,2026-02-07 20:24:08,false,2026-04-01 06:30:00
HS-002079,brownjohn2079@example.com,"Wise, Conley and Stephenson",marketingqualifiedlead,42,Referral,Small Business,Australia,2026-03-23 10:46:07,false,2026-04-01 06:30:00
HS-002080,bradfordcharles2080@example.com,"Ellis, Marks and Buchanan",lead,9,Paid Ads,SMB,Australia,2026-03-10 01:05:07,false,2026-04-01 06:30:00
HS-002081,catherine022081@example.com,Maldonado PLC,lead,11,Inbound,SmallBiz,United Kingdom,2025-10-11 23:02:56,false,2026-04-01 06:30:00
HS-002082,daniel762082@example.com,King-Miller,marketingqualifiedlead,73,outbound,Small Business,United Kingdom,2026-01-28 18:28:09,false,2026-04-01 06:30:00
HS-002083,vanessaberry2083@example.com,Sullivan-Doyle,lead,16,outbound,Mid Market,Germany,2025-09-05 03:51:38,false,2026-04-01 06:30:00
HS-002084,jameshenry2084@example.com,Stein-Silva,marketingqualifiedlead,85,IB,smb,Canada,2026-03-26 04:18:37,false,2026-04-01 06:30:00
HS-002085,jeremiah262085@example.com,Ruiz-Jacobson,lead,20,Word of Mouth,Mid-Market,Canada,2026-02-24 04:33:15,false,2026-04-01 06:30:00
HS-002086,christopherjohnson2086@example.com,Boyle-Smith,marketingqualifiedlead,70,Trade Show,SMB,Germany,2026-02-21 15:50:25,false,2026-04-01 06:30:00
HS-002087,harrislisa2087@example.com,"Jones, Mcmahon and Spence",lead,30,Trade Show,Enterprise,United States,2026-03-15 09:43:12,false,2026-04-01 06:30:00
HS-002088,wardricky2088@example.com,Watson Group,marketingqualifiedlead,71,Event,SMB,Canada,2025-10-13 08:58:18,false,2026-04-01 06:30:00
HS-002089,petersonfaith2089@example.com,Cole Group,lead,34,Paid,ENT,United Kingdom,2025-09-24 14:58:48,false,2026-04-01 06:30:00
HS-002090,nlee2090@example.com,Lynn-Jones,lead,13,Cold Outreach,Strategic,United Kingdom,2025-09-22 17:05:45,false,2026-04-01 06:30:00
HS-002091,wmason2091@example.com,"Branch, Torres and Oliver",marketingqualifiedlead,66,Content,MidMarket,Germany,2025-09-23 04:09:11,false,2026-04-01 06:30:00
HS-002092,lauriegonzales2092@example.com,Blackwell LLC,marketingqualifiedlead,83,IB,Mid Market,Australia,2025-12-28 14:59:48,false,2026-04-01 06:30:00
HS-002093,ksawyer2093@example.com,Hays-Daniels,marketingqualifiedlead,70,inbound,Mid-Market,Germany,2026-01-19 20:55:26,false,2026-04-01 06:30:00
HS-002094,martinezzachary2094@example.com,"Perez, Hayes and Lloyd",lead,11,inbound,Small Business,Germany,2025-09-06 20:36:38,false,2026-04-01 06:30:00
HS-002094D,martinezzachary2094@example.com,"Perez, Hayes and Lloyd",lead,11,inbound,Small Business,Germany,2025-09-06 20:36:38,false,2026-04-01 06:30:00
HS-002095,wilsonjerry2095@example.com,Decker-Dudley,marketingqualifiedlead,55,inbound,smb,United Kingdom,2025-09-09 03:06:16,false,2026-04-01 06:30:00
HS-002096,andrew442096@example.com,"Price, Carlson and Andrews",lead,24,outbound,MM,Germany,2026-03-30 16:36:02,false,2026-04-01 06:30:00
HS-002097,ewarner2097@example.com,Bruce-Williamson,marketingqualifiedlead,85,IB,Strategic,United States,2025-12-08 11:33:13,false,2026-04-01 06:30:00
HS-002098,tammyjones2098@example.com,Arroyo LLC,marketingqualifiedlead,78,Content,Small Business,United States,2025-11-09 12:55:52,false,2026-04-01 06:30:00
HS-002099,melissafrederick2099@example.com,"Hall, Hinton and Phillips",marketingqualifiedlead,71,Inbound,SmallBiz,Germany,2026-01-21 21:58:18,false,2026-04-01 06:30:00
HS-002100,reginald082100@example.com,Jackson-Meza,lead,39,Referral,SMB,United Kingdom,2026-01-06 22:03:16,false,2026-04-01 06:30:00
HS-002101,aguilarsharon2101@example.com,"Harrison, Franco and Rocha",marketingqualifiedlead,62,inbound,smb,United States,2026-03-01 11:47:01,false,2026-04-01 06:30:00
HS-002102,denise052102@example.com,Fisher-Washington,lead,34,Content,ENT,United Kingdom,2026-02-11 01:12:27,false,2026-04-01 06:30:00
HS-002103,vgreen2103@example.com,Walsh LLC,lead,5,Trade Show,Small Business,Canada,2025-11-30 20:23:57,false,2026-04-01 06:30:00
HS-002104,tayloramy2104@example.com,Decker-Dudley,lead,7,inbound,Small Business,United Kingdom,2026-01-11 11:41:28,false,2026-04-01 06:30:00
HS-002105,sandra032105@example.com,Vargas PLC,marketingqualifiedlead,80,Outbound,MidMarket,United States,2025-08-31 22:32:38,false,2026-04-01 06:30:00
HS-002106,kjones2106@example.com,"Webb, Romero and Morse",marketingqualifiedlead,53,Cold Outreach,SMB,Australia,2026-02-27 23:06:19,false,2026-04-01 06:30:00
HS-002107,reedchad2107@example.com,Holmes-Mcintyre,marketingqualifiedlead,79,Cold Outreach,MidMarket,United States,2025-10-18 08:23:34,false,2026-04-01 06:30:00
HS-002108,ngeorge2108@example.com,"Adams, Quinn and Watson",marketingqualifiedlead,89,Cold Outreach,MM,United Kingdom,2025-12-12 18:37:39,false,2026-04-01 06:30:00
HS-002109,claytimothy2109@example.com,Rangel LLC,lead,12,IB,SmallBiz,Germany,2025-12-19 01:53:02,false,2026-04-01 06:30:00
HS-002110,josephwilliams2110@example.com,Wells Inc,lead,21,outbound,MidMarket,Canada,2025-11-14 12:02:52,false,2026-04-01 06:30:00
HS-002111,crawfordjeffrey2111@example.com,Hernandez Inc,lead,9,IB,Mid Market,United Kingdom,2026-03-20 05:56:29,false,2026-04-01 06:30:00
HS-002112,ryan432112@example.com,Sanchez Ltd,marketingqualifiedlead,81,Paid,Enterprise,United States,2026-01-23 09:49:40,false,2026-04-01 06:30:00
HS-002113,velazquezanthony2113@example.com,Curry-Barker,lead,5,outbound,Strategic,Germany,2025-10-16 04:19:44,false,2026-04-01 06:30:00
HS-002114,amandadalton2114@example.com,"Arnold, Cooper and Monroe",lead,34,Cold Outreach,SmallBiz,Canada,2026-02-18 16:12:14,false,2026-04-01 06:30:00
HS-002115,tranbrett2115@example.com,Mendoza Group,lead,38,Content,SmallBiz,United Kingdom,2026-01-25 03:37:55,false,2026-04-01 06:30:00
HS-002116,bdominguez2116@example.com,Faulkner-Casey,lead,22,outbound,Small Business,Australia,2025-11-21 23:30:29,false,2026-04-01 06:30:00
HS-002117,hdunn2117@example.com,Boyle-Smith,lead,34,Channel,SMB,Germany,2025-09-10 00:14:23,false,2026-04-01 06:30:00
HS-002118,nwilson2118@example.com,Turner-Sharp,marketingqualifiedlead,65,inbound,MM,United States,2026-01-18 20:20:49,false,2026-04-01 06:30:00
HS-002119,michael562119@example.com,Miller-Montgomery,lead,19,Channel,SMB,United States,2026-02-19 16:21:23,false,2026-04-01 06:30:00
HS-002120,allenchristopher2120@example.com,Nelson-Cruz,marketingqualifiedlead,56,Content,Enterprise,Germany,2025-10-08 15:46:51,false,2026-04-01 06:30:00
HS-002121,perezjulie2121@example.com,"Martin, Preston and Moore",lead,7,Trade Show,enterprise,United Kingdom,2025-10-29 07:50:02,false,2026-04-01 06:30:00
HS-002122,ritteralexis2122@example.com,King-Smith,lead,39,Cold Outreach,Mid Market,United Kingdom,2026-02-04 21:17:53,false,2026-04-01 06:30:00
HS-002123,lisajones2123@example.com,Alexander-Jordan,marketingqualifiedlead,79,Event,smb,Canada,2025-10-27 19:50:02,false,2026-04-01 06:30:00
HS-002124,samuelcampbell2124@example.com,Wagner-King,lead,39,Referral,smb,Australia,2026-03-04 19:42:52,false,2026-04-01 06:30:00
HS-002125,michael342125@example.com,"Mueller, Stevenson and Sanchez",marketingqualifiedlead,69,IB,smb,Germany,2025-10-23 09:29:49,false,2026-04-01 06:30:00
HS-002126,catherinemendoza2126@example.com,Morse PLC,lead,15,Inbound,SmallBiz,Australia,2026-02-23 18:47:41,false,2026-04-01 06:30:00
HS-002127,douglascharles2127@example.com,Bright-Francis,marketingqualifiedlead,70,Inbound,Small Business,United States,2025-11-18 08:41:33,false,2026-04-01 06:30:00
HS-002128,troymoss2128@example.com,Collier-Gillespie,lead,33,Trade Show,enterprise,Australia,2026-01-13 05:45:43,false,2026-04-01 06:30:00
HS-002129,priscilla372129@example.com,Cook and Sons,marketingqualifiedlead,69,Content Download,SmallBiz,Australia,2026-01-13 18:15:33,false,2026-04-01 06:30:00
HS-002130,shelly842130@example.com,"Fowler, Jimenez and Burton",lead,20,Cold Outreach,SmallBiz,United States,2025-09-14 08:29:26,false,2026-04-01 06:30:00
HS-002131,alisonadams2131@example.com,Miller Group,marketingqualifiedlead,87,Content,Small Business,Australia,2025-10-24 18:39:41,false,2026-04-01 06:30:00
HS-002132,brownrachel2132@example.com,Stafford Inc,lead,19,Referral,SmallBiz,Australia,2025-11-26 00:12:10,false,2026-04-01 06:30:00
HS-002133,nramirez2133@example.com,"Lucas, Parker and Alexander",marketingqualifiedlead,66,Paid Ads,Mid Market,Canada,2026-01-10 20:01:58,false,2026-04-01 06:30:00
HS-002134,maureenmeyer2134@example.com,Taylor and Sons,marketingqualifiedlead,50,Partner,smb,Australia,2025-10-08 11:19:18,false,2026-04-01 06:30:00
HS-002135,judy312135@example.com,Bishop-Goodwin,lead,8,Partner,Mid-Market,Australia,2026-03-08 20:06:08,false,2026-04-01 06:30:00
HS-002136,jenny202136@example.com,Bowers-Hayes,lead,12,Outbound,smb,Australia,2026-01-28 03:44:52,false,2026-04-01 06:30:00
HS-002137,hollysantos2137@example.com,Burgess Group,lead,13,Outbound,SmallBiz,United States,2025-12-10 12:36:49,false,2026-04-01 06:30:00
HS-002138,bbenton2138@example.com,Burns-Ray,lead,24,Inbound,Mid-Market,United Kingdom,2025-09-23 08:57:25,false,2026-04-01 06:30:00
HS-002139,rhuff2139@example.com,"Perez, Hall and Garcia",lead,23,Outbound,ENT,Canada,2025-12-18 23:40:18,false,2026-04-01 06:30:00
HS-002140,brianna412140@example.com,"Flores, Butler and Hernandez",lead,22,Cold Outreach,Small Business,Germany,2025-09-02 04:18:31,false,2026-04-01 06:30:00
HS-002141,ramirezchelsea2141@example.com,King-Miller,lead,29,Trade Show,smb,United Kingdom,2025-09-25 16:31:25,false,2026-04-01 06:30:00
HS-002142,ysmith2142@example.com,"Beard, Peters and Black",marketingqualifiedlead,77,outbound,MidMarket,United States,2026-01-08 20:59:03,false,2026-04-01 06:30:00
HS-002143,owallace2143@example.com,Reed Group,lead,33,Trade Show,Mid Market,United States,2026-03-13 20:49:05,false,2026-04-01 06:30:00
HS-002144,nicolaskeller2144@example.com,Ramirez and Sons,marketingqualifiedlead,85,inbound,smb,Germany,2025-09-08 04:39:28,false,2026-04-01 06:30:00
HS-002145,guerreroanthony2145@example.com,Marsh-Banks,lead,6,IB,SMB,United States,2025-09-14 19:36:51,false,2026-04-01 06:30:00
HS-002145D,guerreroanthony2145@example.com,Marsh-Banks,lead,6,IB,SMB,United States,2025-09-14 19:36:51,false,2026-04-01 06:30:00
HS-002146,sharon952146@example.com,Ross LLC,lead,37,Cold Outreach,SMB,Canada,2025-10-20 09:51:20,false,2026-04-01 06:30:00
HS-002147,lisa932147@example.com,Gomez-Jenkins,lead,31,IB,SMB,United States,2026-02-11 01:42:27,false,2026-04-01 06:30:00
HS-002148,petersonmaria2148@example.com,"Marsh, Spears and Yang",lead,11,Content,SMB,Australia,2026-01-13 16:36:26,false,2026-04-01 06:30:00
HS-002149,yglenn2149@arcline.com,Li-Thompson,marketingqualifiedlead,75,Content,MidMarket,Canada,2026-01-11 20:21:21,true,2026-04-01 06:30:00
HS-002150,aguirreangela2150@example.com,Moon-White,lead,10,Outbound,MM,Australia,2026-02-25 19:22:34,false,2026-04-01 06:30:00
HS-002151,michele872151@example.com,"Barry, Taylor and Velazquez",marketingqualifiedlead,57,outbound,Mid-Market,Canada,2025-11-22 02:28:39,false,2026-04-01 06:30:00
HS-002152,karmstrong2152@example.com,Rodriguez Inc,lead,16,Event,Mid Market,Germany,2026-01-27 10:02:16,false,2026-04-01 06:30:00
HS-002153,francisco672153@example.com,"Burgess, Grant and Watts",lead,13,Content,Mid Market,Australia,2026-01-12 17:59:05,false,2026-04-01 06:30:00
HS-002154,davidsmith2154@example.com,Flowers LLC,lead,26,outbound,smb,Australia,2026-03-10 03:04:19,false,2026-04-01 06:30:00
HS-002155,christopher382155@example.com,Underwood-Foster,marketingqualifiedlead,67,inbound,smb,United States,2026-01-14 17:31:34,false,2026-04-01 06:30:00
HS-002156,matthew602156@example.com,"Wagner, Martinez and Dawson",lead,8,Cold Outreach,Enterprise,Australia,2026-01-05 11:04:54,false,2026-04-01 06:30:00
HS-002157,michael492157@example.com,Harris-Barker,lead,17,Cold Outreach,SmallBiz,Australia,2025-12-02 23:13:13,false,2026-04-01 06:30:00
HS-002158,martinezashley2158@example.com,"Gregory, Kim and Martinez",lead,11,inbound,Small Business,Germany,2025-09-30 15:36:57,false,2026-04-01 06:30:00
HS-002159,mary272159@example.com,Moore-Ayala,marketingqualifiedlead,42,Paid Ads,Mid Market,United States,2026-02-14 17:09:21,false,2026-04-01 06:30:00
HS-002160,asmith2160@example.com,"Ellis, Marks and Buchanan",lead,6,outbound,SMB,Australia,2025-12-04 13:12:16,false,2026-04-01 06:30:00
HS-002161,wjohnson2161@example.com,"Daniels, Vance and York",lead,16,outbound,Small Business,Australia,2025-09-09 12:56:35,false,2026-04-01 06:30:00
HS-002162,jlittle2162@example.com,Garcia Ltd,lead,36,Event,Mid Market,United Kingdom,2026-01-12 12:30:36,false,2026-04-01 06:30:00
HS-002163,rickyriley2163@example.com,Moran-Cox,lead,16,IB,ENT,Germany,2026-03-13 04:40:33,false,2026-04-01 06:30:00
HS-002164,hillcheryl2164@example.com,"Fernandez, Kim and George",marketingqualifiedlead,85,Content Download,smb,Canada,2025-11-02 15:15:32,false,2026-04-01 06:30:00
HS-002165,stephanie722165@example.com,Adams Ltd,marketingqualifiedlead,82,Cold Outreach,SmallBiz,Canada,2025-09-19 17:09:52,false,2026-04-01 06:30:00
HS-002166,katie442166@example.com,"Rivera, Campos and Taylor",marketingqualifiedlead,52,outbound,Mid-Market,Germany,2025-08-28 16:47:48,false,2026-04-01 06:30:00
HS-002167,omartinez2167@example.com,"Harris, Edwards and Oconnell",lead,12,Outbound,SmallBiz,United Kingdom,2025-11-04 14:50:54,false,2026-04-01 06:30:00
HS-002168,dylanwilliamson2168@example.com,Taylor PLC,marketingqualifiedlead,66,outbound,Small Business,Canada,2025-10-16 18:47:08,false,2026-04-01 06:30:00
HS-002169,halldiamond2169@example.com,Williams PLC,marketingqualifiedlead,55,Cold Outreach,Enterprise,United Kingdom,2026-01-02 17:07:12,false,2026-04-01 06:30:00
HS-002170,gabriellevalencia2170@example.com,Figueroa-Malone,lead,16,inbound,MM,Australia,2026-01-01 12:45:44,false,2026-04-01 06:30:00
HS-002171,bobby302171@example.com,Bennett Group,marketingqualifiedlead,54,outbound,Small Business,Canada,2026-01-05 02:57:55,false,2026-04-01 06:30:00
HS-002172,theresa052172@example.com,Levy-May,marketingqualifiedlead,52,outbound,smb,United Kingdom,2025-09-25 19:16:41,false,2026-04-01 06:30:00
HS-002173,burkemichael2173@example.com,Barnes PLC,lead,26,Event,ENT,Canada,2026-02-16 07:24:01,false,2026-04-01 06:30:00
HS-002174,hunterdaniel2174@example.com,"Morris, Wright and Bridges",marketingqualifiedlead,69,Inbound,Small Business,Australia,2026-01-04 16:47:45,false,2026-04-01 06:30:00
HS-002175,youngmark2175@example.com,Owens-Holmes,lead,8,Cold Outreach,Small Business,Germany,2026-03-13 11:14:25,false,2026-04-01 06:30:00
HS-002176,maria612176@example.com,Love-Garcia,lead,23,Event,Small Business,United States,2026-01-19 07:50:32,false,2026-04-01 06:30:00
HS-002177,jliu2177@example.com,Wells-Hernandez,marketingqualifiedlead,48,Event,SMB,Australia,2025-10-27 09:33:54,false,2026-04-01 06:30:00
HS-002178,nguyenkristin2178@example.com,Anderson Group,lead,11,Paid,MidMarket,United Kingdom,2026-01-23 15:01:28,false,2026-04-01 06:30:00
HS-002179,theresa572179@example.com,Thompson PLC,lead,28,Inbound,SmallBiz,Germany,2026-03-14 20:45:54,false,2026-04-01 06:30:00
HS-002180,christy252180@example.com,Wolf-Harris,marketingqualifiedlead,41,Cold Outreach,smb,United Kingdom,2025-12-18 15:27:57,false,2026-04-01 06:30:00
HS-002181,carteredward2181@example.com,"Le, Lewis and Hayes",lead,23,Referral,SmallBiz,Australia,2025-10-07 20:09:19,false,2026-04-01 06:30:00
HS-002182,rodriguezjason2182@example.com,"Jimenez, Glass and Stone",lead,8,Cold Outreach,Strategic,Australia,2025-09-01 23:27:29,false,2026-04-01 06:30:00
HS-002183,william892183@example.com,Gonzalez Group,lead,17,Outbound,Enterprise,Australia,2026-03-06 01:10:19,false,2026-04-01 06:30:00
HS-002184,shelby692184@example.com,Bell-Bennett,marketingqualifiedlead,67,Content Download,Small Business,United States,2025-11-02 02:56:12,false,2026-04-01 06:30:00
HS-002185,sandovaledward2185@example.com,"Gregory, White and James",lead,21,Paid Ads,SmallBiz,Germany,2025-10-18 16:49:02,false,2026-04-01 06:30:00
HS-002186,friedmansusan2186@example.com,Atkinson LLC,lead,13,Content,SmallBiz,Canada,2025-11-21 17:46:32,false,2026-04-01 06:30:00
HS-002187,arianacuevas2187@example.com,Gomez and Sons,lead,36,Referral,MM,Germany,2026-01-02 13:19:50,false,2026-04-01 06:30:00
HS-002188,hryan2188@example.com,Ware and Sons,marketingqualifiedlead,81,Cold Outreach,SmallBiz,Germany,2025-10-03 20:16:27,false,2026-04-01 06:30:00
HS-002189,lawsondonna2189@example.com,Reid Group,marketingqualifiedlead,55,Outbound,Strategic,Australia,2025-08-22 07:47:11,false,2026-04-01 06:30:00
HS-002190,mstewart2190@example.com,Fisher-Washington,lead,22,Outbound,ENT,United Kingdom,2025-11-06 19:41:02,false,2026-04-01 06:30:00
HS-002191,rhonda532191@example.com,Williams-Berg,lead,39,inbound,SmallBiz,United Kingdom,2026-02-05 03:07:53,false,2026-04-01 06:30:00
HS-002192,jerry512192@example.com,"Barnett, Rogers and Snyder",lead,18,outbound,MidMarket,Australia,2025-12-08 02:57:26,false,2026-04-01 06:30:00
HS-002193,seanrosario2193@example.com,Smith and Sons,marketingqualifiedlead,42,inbound,enterprise,Canada,2026-02-22 19:30:13,false,2026-04-01 06:30:00
HS-002194,wcox2194@example.com,Williams-Brown,lead,21,inbound,Small Business,Germany,2025-10-09 15:56:03,false,2026-04-01 06:30:00
HS-002195,melendezdenise2195@example.com,"Nelson, Morton and Medina",lead,26,Cold Outreach,SmallBiz,Germany,2025-11-22 05:19:22,false,2026-04-01 06:30:00
HS-002196,shanebarnes2196@example.com,Hernandez-Davis,marketingqualifiedlead,79,Inbound,SMB,United States,2026-01-23 06:18:16,false,2026-04-01 06:30:00
HS-002197,sarasanchez2197@example.com,Jackson-Meza,lead,39,Event,Small Business,United Kingdom,2025-10-30 13:22:38,false,2026-04-01 06:30:00
HS-002198,qcraig2198@example.com,Ellis-Lawrence,marketingqualifiedlead,78,inbound,SMB,United States,2025-10-20 04:21:51,false,2026-04-01 06:30:00
HS-002199,catherineflynn2199@example.com,Stewart Ltd,marketingqualifiedlead,56,outbound,smb,Germany,2025-12-17 19:15:45,false,2026-04-01 06:30:00
HS-002199D,catherineflynn2199@example.com,Stewart Ltd,marketingqualifiedlead,56,outbound,smb,Germany,2025-12-17 19:15:45,false,2026-04-01 06:30:00
HS-002200,lee162200@example.com,"Kim, Gonzales and Mills",marketingqualifiedlead,90,Content Download,Small Business,Canada,2026-02-28 20:43:57,false,2026-04-01 06:30:00
HS-002201,jwagner2201@example.com,"Diaz, Anderson and Browning",marketingqualifiedlead,79,Outbound,SmallBiz,Germany,2026-01-28 07:14:09,false,2026-04-01 06:30:00
HS-002202,xchen2202@example.com,Moore and Sons,marketingqualifiedlead,50,IB,Mid-Market,United States,2026-02-04 09:31:52,false,2026-04-01 06:30:00
HS-002203,rachelwalter2203@example.com,Harvey-Allen,lead,6,outbound,MM,Canada,2025-12-04 19:58:31,false,2026-04-01 06:30:00
HS-002204,jacksonrobert2204@example.com,Morales and Sons,marketingqualifiedlead,66,inbound,SmallBiz,United Kingdom,2026-03-25 09:10:59,false,2026-04-01 06:30:00
HS-002205,inewton2205@example.com,Landry Ltd,marketingqualifiedlead,57,IB,Mid Market,United States,2025-09-06 17:41:45,false,2026-04-01 06:30:00
HS-002206,bassandrew2206@example.com,Walker LLC,marketingqualifiedlead,90,Inbound,smb,Germany,2025-11-15 21:51:50,false,2026-04-01 06:30:00
HS-002207,veronicaanderson2207@example.com,Smith-Frost,marketingqualifiedlead,88,Outbound,SmallBiz,Australia,2026-01-31 16:16:00,false,2026-04-01 06:30:00
HS-002208,wstrong2208@example.com,Wilcox-Robertson,marketingqualifiedlead,69,Outbound,SMB,United Kingdom,2026-01-18 01:06:26,false,2026-04-01 06:30:00
HS-002209,richardhawkins2209@example.com,"Moore, Price and Ward",marketingqualifiedlead,69,Event,MM,Canada,2025-11-27 20:59:34,false,2026-04-01 06:30:00
HS-002210,david592210@example.com,"Harrison, Franco and Rocha",marketingqualifiedlead,89,Inbound,SmallBiz,United States,2025-09-27 08:00:35,false,2026-04-01 06:30:00
HS-002211,mcknightbrandon2211@example.com,Smith and Sons,lead,23,inbound,MM,United States,2025-09-17 07:25:05,false,2026-04-01 06:30:00
HS-002212,stephanie672212@example.com,Edwards Group,lead,16,Trade Show,MidMarket,United Kingdom,2026-01-14 00:30:42,false,2026-04-01 06:30:00
HS-002213,eroberts2213@example.com,"Foster, Garcia and Turner",lead,14,Content Download,Small Business,Germany,2025-11-19 11:53:14,false,2026-04-01 06:30:00
HS-002214,jessicacummings2214@example.com,Tran-Silva,marketingqualifiedlead,53,Outbound,smb,United States,2025-12-21 02:58:22,false,2026-04-01 06:30:00
HS-002215,hernandezalan2215@example.com,Holt and Sons,marketingqualifiedlead,77,outbound,MM,United States,2025-11-11 03:39:12,false,2026-04-01 06:30:00
HS-002216,emily762216@example.com,"Patterson, Smith and Jones",lead,37,PPC,smb,Germany,2026-01-12 04:21:44,false,2026-04-01 06:30:00
HS-002217,samuel892217@example.com,Alvarez-Kim,marketingqualifiedlead,80,Content Download,SMB,Germany,2025-08-29 13:38:05,false,2026-04-01 06:30:00
HS-002218,shirley132218@example.com,Smith-Grimes,marketingqualifiedlead,76,Word of Mouth,Small Business,United States,2026-01-16 07:34:40,false,2026-04-01 06:30:00
HS-002219,trevor092219@example.com,Hill Group,marketingqualifiedlead,71,Word of Mouth,Mid-Market,Canada,2026-01-21 12:39:01,false,2026-04-01 06:30:00
HS-002220,ymitchell2220@example.com,Robinson-Brock,lead,24,Paid Ads,Mid Market,Germany,2025-10-14 18:51:27,false,2026-04-01 06:30:00
HS-002221,katherine202221@example.com,"Fitzpatrick, Rivera and Smith",lead,33,IB,MidMarket,Germany,2025-09-22 19:06:27,false,2026-04-01 06:30:00
HS-002222,russellramirez2222@example.com,Chandler-Edwards,lead,6,Inbound,SMB,United States,2026-02-01 04:40:22,false,2026-04-01 06:30:00
HS-002223,cory422223@example.com,"Choi, Garcia and Farmer",marketingqualifiedlead,54,Cold Outreach,Small Business,United Kingdom,2025-10-29 21:23:18,false,2026-04-01 06:30:00
HS-002224,robertstommy2224@example.com,Burch-Montoya,lead,7,inbound,Strategic,United States,2025-11-20 09:44:15,false,2026-04-01 06:30:00
HS-002225,nicoleroberts2225@example.com,Walker PLC,marketingqualifiedlead,71,outbound,Small Business,United Kingdom,2025-12-31 06:39:18,false,2026-04-01 06:30:00
HS-002226,vanessa132226@example.com,"Bentley, Byrd and Orr",lead,9,Partner,Small Business,United Kingdom,2026-03-24 12:23:45,false,2026-04-01 06:30:00
HS-002227,donald382227@example.com,"Moore, Henderson and Bennett",marketingqualifiedlead,67,Referral,SMB,Canada,2025-09-05 06:54:43,false,2026-04-01 06:30:00
HS-002228,anthonyorr2228@example.com,Powell-Montgomery,lead,17,Partner,Mid Market,United Kingdom,2026-01-29 11:26:56,false,2026-04-01 06:30:00
HS-002228D,anthonyorr2228@example.com,Powell-Montgomery,lead,17,Partner,Mid Market,United Kingdom,2026-01-29 11:26:56,false,2026-04-01 06:30:00
HS-002229,adamwall2229@example.com,"Bernard, Warren and Combs",marketingqualifiedlead,74,Partner,SMB,Australia,2025-09-29 03:14:57,false,2026-04-01 06:30:00
HS-002230,woodjuan2230@example.com,Petersen PLC,lead,9,outbound,SmallBiz,Germany,2025-09-05 13:19:51,false,2026-04-01 06:30:00
HS-002231,hdennis2231@example.com,Rangel LLC,marketingqualifiedlead,70,Channel,Small Business,Germany,2026-01-31 14:26:11,false,2026-04-01 06:30:00
HS-002232,mariahphillips2232@example.com,Collier-Gillespie,lead,10,Trade Show,ENT,Australia,2025-10-28 21:35:45,false,2026-04-01 06:30:00
HS-002233,moransamantha2233@example.com,Fuentes Group,lead,6,inbound,Strategic,Germany,2025-09-15 13:16:13,false,2026-04-01 06:30:00
HS-002234,wallaceryan2234@example.com,Ferrell-Henry,lead,13,Inbound,enterprise,Germany,2026-01-25 17:16:04,false,2026-04-01 06:30:00
HS-002235,christopher242235@example.com,Avila LLC,lead,35,Content,smb,Australia,2025-11-28 09:24:53,false,2026-04-01 06:30:00
HS-002236,schmittlinda2236@example.com,"Robinson, Huang and Osborne",marketingqualifiedlead,77,Inbound,Small Business,Australia,2026-02-22 16:27:30,false,2026-04-01 06:30:00
HS-002237,jessicamurphy2237@example.com,Gomez-Jenkins,marketingqualifiedlead,80,Inbound,Small Business,United States,2025-12-17 16:17:18,false,2026-04-01 06:30:00
HS-002238,joshua812238@example.com,Wilson-Malone,marketingqualifiedlead,78,Inbound,MM,Australia,2025-12-28 21:02:13,false,2026-04-01 06:30:00
HS-002239,patricia062239@example.com,Nichols-Mitchell,lead,33,Content,Mid Market,Germany,2025-12-09 20:47:46,false,2026-04-01 06:30:00
HS-002240,randolphlaura2240@example.com,"Moore, Henderson and Bennett",lead,16,Event,Small Business,Canada,2026-01-31 14:40:12,false,2026-04-01 06:30:00
HS-002241,james802241@example.com,Rodriguez-Johnson,marketingqualifiedlead,55,Outbound,Small Business,Canada,2025-09-17 11:57:35,false,2026-04-01 06:30:00
HS-002242,sanchezbrenda2242@example.com,Holland Group,lead,20,Paid,SmallBiz,United States,2026-03-14 22:44:30,false,2026-04-01 06:30:00
HS-002243,emilybaker2243@example.com,Moore Group,marketingqualifiedlead,71,Trade Show,smb,United Kingdom,2025-09-27 16:23:13,false,2026-04-01 06:30:00
HS-002244,toddlopez2244@example.com,Buchanan LLC,lead,32,Outbound,Small Business,United States,2026-03-28 17:22:20,false,2026-04-01 06:30:00
HS-002245,mcampbell2245@example.com,"Proctor, Burton and Crawford",marketingqualifiedlead,78,Trade Show,ENT,Canada,2026-01-09 17:27:18,false,2026-04-01 06:30:00
HS-002246,tapiamercedes2246@example.com,"Kim, Gonzales and Mills",lead,37,IB,smb,Canada,2026-03-27 13:18:12,false,2026-04-01 06:30:00
HS-002247,aaronjones2247@example.com,"Chan, Floyd and Dillon",marketingqualifiedlead,60,Channel,SmallBiz,Germany,2025-11-03 04:45:59,false,2026-04-01 06:30:00
HS-002248,jenniferwilliams2248@example.com,Guerrero Inc,lead,28,Paid,Small Business,United States,2025-09-08 09:24:41,false,2026-04-01 06:30:00
HS-002249,christina932249@example.com,Miller-Mccall,marketingqualifiedlead,57,outbound,MidMarket,United States,2026-03-09 00:23:01,false,2026-04-01 06:30:00
HS-002250,todd242250@example.com,Williams-Moses,lead,13,IB,Mid Market,Canada,2025-09-30 11:34:44,false,2026-04-01 06:30:00
HS-002251,nancycontreras2251@example.com,Ali PLC,marketingqualifiedlead,66,Inbound,SmallBiz,Canada,2025-11-06 23:14:04,false,2026-04-01 06:30:00
HS-002252,zrobles2252@example.com,Donaldson and Sons,lead,6,Paid,MidMarket,Germany,2025-11-06 12:21:12,false,2026-04-01 06:30:00
HS-002253,amy412253@example.com,Gray Ltd,lead,29,Inbound,SmallBiz,United States,2025-09-20 09:16:33,false,2026-04-01 06:30:00
HS-002254,danielibarra2254@example.com,Thompson-Harrell,lead,39,Outbound,SmallBiz,Germany,2026-02-28 09:46:47,false,2026-04-01 06:30:00
HS-002255,robert752255@example.com,"Khan, Pena and Ruiz",marketingqualifiedlead,71,inbound,Small Business,Australia,2025-10-03 08:18:32,false,2026-04-01 06:30:00
HS-002256,elainewilson2256@example.com,"Newton, Ortiz and King",marketingqualifiedlead,81,Inbound,smb,Australia,2025-10-26 11:33:40,false,2026-04-01 06:30:00
HS-002257,qhuber2257@example.com,"Morrison, Russo and Lopez",marketingqualifiedlead,50,Event,MM,Canada,2026-02-23 18:54:01,false,2026-04-01 06:30:00
HS-002258,baileyraymond2258@example.com,Johnson Ltd,marketingqualifiedlead,44,Cold Outreach,smb,Germany,2026-03-10 14:32:10,false,2026-04-01 06:30:00
HS-002259,kimwebb2259@example.com,Jacobson Inc,marketingqualifiedlead,63,Inbound,MM,United States,2026-02-02 12:47:04,false,2026-04-01 06:30:00
HS-002260,rburke2260@example.com,Gay Inc,marketingqualifiedlead,90,Inbound,SmallBiz,Germany,2026-01-10 04:34:11,false,2026-04-01 06:30:00
HS-002261,anthonyadams2261@example.com,Miller Ltd,marketingqualifiedlead,87,inbound,SmallBiz,United Kingdom,2026-01-30 01:58:37,false,2026-04-01 06:30:00
HS-002262,pamelapatton2262@example.com,"Graham, Olsen and Costa",lead,36,inbound,smb,Australia,2025-11-13 13:23:07,false,2026-04-01 06:30:00
HS-002263,hartmarcus2263@example.com,Johnson-Wood,marketingqualifiedlead,81,Content Download,MidMarket,United States,2025-11-01 17:58:40,false,2026-04-01 06:30:00
HS-002264,robert762264@example.com,"Rodriguez, Brennan and Garrison",lead,34,Word of Mouth,enterprise,Australia,2025-09-28 04:12:09,false,2026-04-01 06:30:00
HS-002265,dgreen2265@example.com,Morgan LLC,marketingqualifiedlead,82,Trade Show,SmallBiz,Germany,2026-01-27 22:03:48,false,2026-04-01 06:30:00
HS-002266,todd352266@example.com,Hernandez PLC,marketingqualifiedlead,84,inbound,SMB,Canada,2025-12-15 21:50:20,false,2026-04-01 06:30:00
HS-002267,parkerrobert2267@example.com,Lewis Inc,lead,39,inbound,Mid-Market,United Kingdom,2026-03-18 08:08:24,false,2026-04-01 06:30:00
HS-002268,amandachan2268@example.com,"Evans, Stewart and Walton",lead,15,Outbound,SMB,United States,2025-12-30 05:25:24,false,2026-04-01 06:30:00
HS-002269,gouldchristina2269@example.com,Roberts-Landry,lead,14,Trade Show,smb,Germany,2026-01-28 18:09:07,false,2026-04-01 06:30:00
HS-002270,david802270@example.com,Allen-Allen,marketingqualifiedlead,57,Event,smb,United States,2025-12-22 10:39:47,false,2026-04-01 06:30:00
HS-002270D,david802270@example.com,Allen-Allen,marketingqualifiedlead,57,Event,smb,United States,2025-12-22 10:39:47,false,2026-04-01 06:30:00
HS-002271,langchristopher2271@example.com,Martin-Taylor,marketingqualifiedlead,45,Outbound,SMB,United States,2025-09-26 13:34:30,false,2026-04-01 06:30:00
HS-002272,rhonda812272@example.com,Hickman-Evans,marketingqualifiedlead,55,Content Download,Mid Market,Australia,2025-12-03 11:42:40,false,2026-04-01 06:30:00
HS-002273,stonemichael2273@example.com,Graham Group,marketingqualifiedlead,73,Channel,smb,Germany,2025-09-25 17:16:34,false,2026-04-01 06:30:00
HS-002274,traciemassey2274@example.com,Johnson-Wood,marketingqualifiedlead,55,Outbound,MM,United States,2025-09-23 23:30:32,false,2026-04-01 06:30:00
HS-002275,oheath2275@example.com,Dominguez Ltd,lead,32,IB,Mid-Market,Canada,2026-01-09 19:11:59,false,2026-04-01 06:30:00
HS-002276,laurie552276@example.com,Garcia LLC,marketingqualifiedlead,75,IB,smb,United States,2025-08-31 11:44:31,false,2026-04-01 06:30:00
HS-002277,ulewis2277@example.com,Marshall-Petersen,marketingqualifiedlead,42,Content,SMB,United States,2026-02-10 08:13:59,false,2026-04-01 06:30:00
HS-002278,shelbyjohnson2278@example.com,"Perez, Hayes and Lloyd",lead,21,IB,Small Business,Germany,2025-09-28 13:14:49,false,2026-04-01 06:30:00
HS-002279,fischeralisha2279@example.com,Drake-Wolfe,lead,37,IB,Enterprise,Australia,2026-03-24 19:48:58,false,2026-04-01 06:30:00
HS-002280,cmoody2280@example.com,Thompson-Joyce,lead,30,PPC,Small Business,Germany,2026-01-16 18:58:04,false,2026-04-01 06:30:00
HS-002281,justinjohnson2281@example.com,"Proctor, Burton and Crawford",lead,5,inbound,ENT,Canada,2026-02-15 15:42:41,false,2026-04-01 06:30:00
HS-002282,arthurbrady2282@example.com,"Moore, Price and Ward",lead,31,Content Download,MidMarket,Canada,2025-09-27 19:51:31,false,2026-04-01 06:30:00
HS-002283,irios2283@example.com,Fuentes Group,marketingqualifiedlead,83,Event,ENT,Germany,2026-01-12 08:07:12,false,2026-04-01 06:30:00
HS-002284,michelle112284@example.com,"Porter, Schultz and Allen",lead,36,IB,MM,United Kingdom,2026-01-23 19:02:48,false,2026-04-01 06:30:00
HS-002285,vsmith2285@example.com,Edwards-Williams,marketingqualifiedlead,47,Cold Outreach,Strategic,United States,2025-10-19 03:57:52,false,2026-04-01 06:30:00
HS-002286,codychapman2286@example.com,"Mccarthy, Evans and Mendez",marketingqualifiedlead,48,inbound,Small Business,Germany,2025-09-12 16:28:53,false,2026-04-01 06:30:00
HS-002287,mlee2287@example.com,Zhang PLC,lead,38,Partner,SmallBiz,United States,2025-09-01 12:32:16,false,2026-04-01 06:30:00
HS-002288,kristen682288@example.com,"Brown, Valdez and Lucas",lead,31,Cold Outreach,Small Business,Canada,2025-10-23 07:35:33,false,2026-04-01 06:30:00
HS-002289,turnerstephen2289@example.com,"Huber, Hill and Weber",lead,30,Trade Show,SmallBiz,Germany,2025-10-13 07:34:47,false,2026-04-01 06:30:00
HS-002290,bakerdiana2290@example.com,Davis and Sons,lead,39,PPC,Small Business,Germany,2026-02-13 00:57:56,false,2026-04-01 06:30:00
HS-002291,bbennett2291@example.com,"Brandt, Carter and Boyd",lead,6,Channel,SmallBiz,Australia,2025-10-06 05:33:15,false,2026-04-01 06:30:00
HS-002292,walkerrichard2292@example.com,"Morales, Williams and Williams",marketingqualifiedlead,67,Content Download,Mid-Market,Germany,2025-10-06 00:31:32,false,2026-04-01 06:30:00
HS-002293,timothy882293@example.com,Buchanan LLC,marketingqualifiedlead,83,Cold Outreach,Small Business,United States,2025-10-10 02:01:28,false,2026-04-01 06:30:00
HS-002294,patrickkaiser2294@example.com,Osborn Group,lead,25,Channel,MidMarket,Canada,2026-02-04 06:35:17,false,2026-04-01 06:30:00
HS-002295,wbean2295@example.com,"Nguyen, Hill and Douglas",marketingqualifiedlead,54,Channel,SmallBiz,Canada,2026-02-10 06:47:05,false,2026-04-01 06:30:00
HS-002296,chavezbecky2296@example.com,Blake Group,marketingqualifiedlead,58,Trade Show,Small Business,Australia,2025-12-04 23:23:57,false,2026-04-01 06:30:00
HS-002297,sandersjesse2297@example.com,Taylor Inc,lead,23,outbound,ENT,Canada,2026-02-26 17:06:10,false,2026-04-01 06:30:00
HS-002298,thomas142298@arcline.com,Diaz and Sons,marketingqualifiedlead,67,Cold Outreach,smb,Germany,2025-09-06 07:03:11,true,2026-04-01 06:30:00
HS-002299,douglas112299@example.com,Baker and Sons,lead,20,Referral,enterprise,Australia,2025-09-24 02:54:22,false,2026-04-01 06:30:00
HS-002300,jaredmcmahon2300@example.com,Moody-Taylor,marketingqualifiedlead,85,Inbound,Mid Market,Canada,2025-10-29 08:59:08,false,2026-04-01 06:30:00
HS-002300D,jaredmcmahon2300@example.com,Moody-Taylor,marketingqualifiedlead,85,Inbound,Mid Market,Canada,2025-10-29 08:59:08,false,2026-04-01 06:30:00
HS-002301,christopherpowell2301@example.com,Randall PLC,lead,29,Outbound,Mid Market,Germany,2025-10-28 19:01:27,false,2026-04-01 06:30:00
HS-002302,kmills2302@example.com,Watson Group,marketingqualifiedlead,60,Trade Show,SmallBiz,Canada,2026-02-19 05:58:16,false,2026-04-01 06:30:00
HS-002303,briansnyder2303@example.com,Wise-Dean,lead,19,Referral,SMB,Australia,2026-02-01 02:40:21,false,2026-04-01 06:30:00
HS-002304,vcollins2304@example.com,"Ramsey, Hansen and Mendoza",lead,19,Partner,MM,Canada,2025-10-22 07:12:27,false,2026-04-01 06:30:00
HS-002305,benjaminbarker2305@example.com,"Lopez, Jacobs and Mason",marketingqualifiedlead,64,Content Download,enterprise,Canada,2025-11-06 18:08:22,false,2026-04-01 06:30:00
HS-002306,rsavage2306@example.com,"Farmer, Dorsey and Bell",marketingqualifiedlead,69,Inbound,smb,Australia,2026-03-09 02:12:23,false,2026-04-01 06:30:00
HS-002307,karinorton2307@example.com,Hayes LLC,lead,5,Partner,Mid Market,United Kingdom,2026-03-13 16:01:59,false,2026-04-01 06:30:00
HS-002308,pedwards2308@example.com,"Beltran, Lozano and Mcgee",lead,37,Inbound,Small Business,Australia,2026-01-09 05:09:28,false,2026-04-01 06:30:00
HS-002309,marcfletcher2309@example.com,Perry-Nixon,marketingqualifiedlead,61,Trade Show,smb,United States,2026-01-15 15:23:34,false,2026-04-01 06:30:00
HS-002310,morseronald2310@example.com,Smith-Gutierrez,marketingqualifiedlead,57,Cold Outreach,Small Business,Canada,2025-11-07 20:07:49,false,2026-04-01 06:30:00
HS-002311,bennettkatherine2311@example.com,Yu Inc,lead,28,inbound,Strategic,Germany,2025-12-11 14:38:17,false,2026-04-01 06:30:00
HS-002312,aprilmartinez2312@example.com,Bryant and Sons,marketingqualifiedlead,68,Cold Outreach,MM,United States,2025-12-11 17:45:29,false,2026-04-01 06:30:00
HS-002312D,aprilmartinez2312@example.com,Bryant and Sons,marketingqualifiedlead,68,Cold Outreach,MM,United States,2025-12-11 17:45:29,false,2026-04-01 06:30:00
HS-002313,samuelstanton2313@example.com,Goodwin PLC,lead,24,Content Download,ENT,Canada,2026-01-09 07:04:05,false,2026-04-01 06:30:00
HS-002314,mccluretyler2314@example.com,Davis-Lozano,marketingqualifiedlead,44,outbound,SMB,Canada,2025-12-23 07:35:03,false,2026-04-01 06:30:00
HS-002315,jtaylor2315@example.com,"Mccarthy, Evans and Mendez",marketingqualifiedlead,77,Cold Outreach,Small Business,Germany,2025-09-04 21:15:50,false,2026-04-01 06:30:00
HS-002316,sross2316@example.com,"Walker, Cunningham and Zuniga",marketingqualifiedlead,57,Trade Show,smb,Canada,2025-12-30 12:16:26,false,2026-04-01 06:30:00
HS-002317,grahamkelly2317@example.com,"Moore, Hopkins and Le",lead,31,outbound,SMB,Germany,2025-10-09 00:45:16,false,2026-04-01 06:30:00
HS-002318,alexandra952318@example.com,"Smith, Crawford and Reed",marketingqualifiedlead,76,IB,SmallBiz,United Kingdom,2025-12-19 23:26:56,false,2026-04-01 06:30:00
HS-002319,donaldmills2319@example.com,"Davis, Stanley and Wright",lead,9,Cold Outreach,Mid-Market,Canada,2025-11-03 07:55:40,false,2026-04-01 06:30:00
HS-002320,leahcrane2320@example.com,"Patton, Parsons and Lane",lead,34,Content,SMB,United States,2026-01-04 02:27:42,false,2026-04-01 06:30:00
HS-002321,april472321@example.com,Cook and Sons,lead,5,Trade Show,SMB,Australia,2026-03-28 00:33:06,false,2026-04-01 06:30:00
HS-002322,vclark2322@example.com,"Tanner, Wise and Johnson",lead,24,Paid Ads,Small Business,Canada,2025-10-28 12:25:44,false,2026-04-01 06:30:00
HS-002323,frankespinoza2323@example.com,Hughes Inc,marketingqualifiedlead,46,Inbound,SmallBiz,Canada,2026-03-19 19:44:21,false,2026-04-01 06:30:00
HS-002324,asmith2324@example.com,"Hernandez, Thompson and Boyd",marketingqualifiedlead,52,Outbound,smb,United Kingdom,2025-09-17 16:50:58,false,2026-04-01 06:30:00
HS-002325,edwardjones2325@example.com,Edwards Group,lead,26,IB,Mid-Market,United Kingdom,2025-10-31 06:37:29,false,2026-04-01 06:30:00
HS-002326,collinsjacob2326@example.com,Dunn-Wilson,marketingqualifiedlead,70,PPC,MM,United States,2026-02-01 11:02:48,false,2026-04-01 06:30:00
HS-002327,medinamark2327@example.com,Foster Inc,marketingqualifiedlead,47,Inbound,ENT,Australia,2026-02-22 05:31:50,false,2026-04-01 06:30:00
HS-002328,weberbrooke2328@example.com,Bennett-Velasquez,marketingqualifiedlead,75,Outbound,Enterprise,Australia,2026-03-06 05:32:45,false,2026-04-01 06:30:00
HS-002329,bellangie2329@example.com,Erickson and Sons,marketingqualifiedlead,82,outbound,Small Business,Australia,2025-10-24 19:26:30,false,2026-04-01 06:30:00
HS-002330,michaelsmith2330@example.com,Diaz-Frederick,lead,21,Outbound,MM,Australia,2025-10-03 13:21:04,false,2026-04-01 06:30:00
HS-002331,joshuahoover2331@example.com,"Hensley, Powell and David",lead,13,Word of Mouth,SMB,United States,2025-09-03 01:40:37,false,2026-04-01 06:30:00
HS-002332,tsilva2332@example.com,Chandler-Edwards,marketingqualifiedlead,89,Cold Outreach,smb,United States,2026-02-06 23:36:36,false,2026-04-01 06:30:00
HS-002333,claudia642333@example.com,"Allen, Davenport and Price",lead,22,Word of Mouth,enterprise,Australia,2026-02-03 21:39:53,false,2026-04-01 06:30:00
HS-002334,chrishernandez2334@example.com,"Richardson, Farmer and Andrews",lead,9,Paid,MidMarket,Canada,2025-11-27 18:40:46,false,2026-04-01 06:30:00
HS-002335,joshuabaker2335@example.com,"Osborn, Gaines and Davis",lead,30,IB,SmallBiz,United States,2026-02-09 02:19:15,false,2026-04-01 06:30:00
HS-002336,martinezalexa2336@example.com,Williams-Williams,marketingqualifiedlead,51,Word of Mouth,Enterprise,United States,2026-02-02 23:35:47,false,2026-04-01 06:30:00
HS-002337,xrivera2337@example.com,Kelley-Anderson,lead,33,outbound,SmallBiz,Germany,2025-09-05 22:58:28,false,2026-04-01 06:30:00
HS-002338,tammy972338@example.com,Bishop and Sons,lead,5,Trade Show,SmallBiz,Canada,2025-11-26 00:23:13,false,2026-04-01 06:30:00
HS-002339,garylogan2339@example.com,Matthews Inc,lead,25,Partner,Small Business,Canada,2025-10-04 16:17:52,false,2026-04-01 06:30:00
HS-002340,christopherpratt2340@example.com,Murray-Oconnor,marketingqualifiedlead,63,Paid,Strategic,United Kingdom,2025-10-09 18:26:36,false,2026-04-01 06:30:00
HS-002341,douglasalvarez2341@example.com,White-Estes,lead,30,Content,ENT,Germany,2025-09-18 06:11:41,false,2026-04-01 06:30:00
HS-002342,morrispaula2342@example.com,Harris-Barker,lead,10,Event,SmallBiz,Australia,2025-09-23 23:44:09,false,2026-04-01 06:30:00
HS-002343,taylorlindsay2343@example.com,Kelly Group,marketingqualifiedlead,54,inbound,smb,Germany,2025-12-01 04:03:04,false,2026-04-01 06:30:00
HS-002344,uortega2344@example.com,Rodriguez-Johnson,lead,15,outbound,SmallBiz,Canada,2025-10-23 03:23:49,false,2026-04-01 06:30:00
HS-002345,vincent132345@example.com,"Rodgers, Jefferson and Johnson",marketingqualifiedlead,60,Cold Outreach,Mid-Market,United Kingdom,2025-10-14 15:37:25,false,2026-04-01 06:30:00
HS-002346,ybennett2346@example.com,Ward and Sons,marketingqualifiedlead,41,Cold Outreach,SmallBiz,United Kingdom,2025-12-21 08:24:23,false,2026-04-01 06:30:00
HS-002347,hkelly2347@example.com,Wolf-Harris,marketingqualifiedlead,67,Trade Show,SmallBiz,United Kingdom,2025-12-15 21:00:21,false,2026-04-01 06:30:00
HS-002348,alyssa932348@example.com,Miller-Mccall,lead,31,Trade Show,MidMarket,United States,2025-09-07 21:24:11,false,2026-04-01 06:30:00
HS-002349,soniabass2349@example.com,Flynn Group,lead,18,IB,smb,United Kingdom,2026-02-11 04:46:00,false,2026-04-01 06:30:00
HS-002350,marycastro2350@example.com,"Mcpherson, Anderson and Knapp",marketingqualifiedlead,75,Paid,SmallBiz,Canada,2025-12-12 22:21:23,false,2026-04-01 06:30:00
HS-002351,qneal2351@example.com,Jones PLC,marketingqualifiedlead,61,Channel,Mid Market,Canada,2025-09-11 06:29:27,false,2026-04-01 06:30:00
HS-002352,grantryan2352@example.com,Christensen PLC,marketingqualifiedlead,83,Cold Outreach,Mid-Market,Australia,2026-01-03 14:10:19,false,2026-04-01 06:30:00
HS-002353,gregory572353@arcline.com,"Gray, Montoya and Miller",marketingqualifiedlead,43,Paid Ads,SmallBiz,Canada,2025-11-11 21:40:05,true,2026-04-01 06:30:00
HS-002354,jessica392354@example.com,"Burgess, Grant and Watts",lead,12,Cold Outreach,MM,Australia,2026-01-29 11:36:08,false,2026-04-01 06:30:00
HS-002354D,jessica392354@example.com,"Burgess, Grant and Watts",lead,12,Cold Outreach,MM,Australia,2026-01-29 11:36:08,false,2026-04-01 06:30:00
HS-002355,patrickwhite2355@example.com,Lee Group,marketingqualifiedlead,55,outbound,SMB,Australia,2025-11-12 20:34:11,false,2026-04-01 06:30:00
HS-002356,gonzalezmichael2356@example.com,Powers LLC,lead,36,Cold Outreach,enterprise,Germany,2026-02-09 07:05:59,false,2026-04-01 06:30:00
HS-002357,adamcollins2357@example.com,Williams-Williams,marketingqualifiedlead,81,Paid Ads,ENT,United States,2026-02-01 09:02:56,false,2026-04-01 06:30:00
HS-002358,bartlettruth2358@example.com,Thompson Ltd,lead,11,Content Download,SMB,United Kingdom,2026-03-08 22:14:20,false,2026-04-01 06:30:00
HS-002359,lawsonarthur2359@example.com,Howard-Jordan,lead,13,Word of Mouth,SMB,Germany,2026-03-25 13:02:33,false,2026-04-01 06:30:00
HS-002360,darlene602360@example.com,"Kennedy, Johnson and Lucas",lead,7,Inbound,Small Business,Canada,2025-10-15 00:38:08,false,2026-04-01 06:30:00
HS-002360D,darlene602360@example.com,"Kennedy, Johnson and Lucas",lead,7,Inbound,Small Business,Canada,2025-10-15 00:38:08,false,2026-04-01 06:30:00
HS-002361,joshua092361@example.com,Huang-Foster,marketingqualifiedlead,45,IB,SmallBiz,United Kingdom,2025-11-20 10:13:58,false,2026-04-01 06:30:00
HS-002362,roysara2362@example.com,Wilson-Salazar,lead,23,outbound,SmallBiz,Australia,2025-09-04 01:09:38,false,2026-04-01 06:30:00
HS-002363,ehenry2363@example.com,"Miller, Davis and Anderson",marketingqualifiedlead,40,Content Download,Small Business,Canada,2025-10-04 12:19:34,false,2026-04-01 06:30:00
HS-002364,johnsonanthony2364@example.com,Cannon Ltd,lead,8,outbound,SMB,Australia,2026-02-10 09:03:41,false,2026-04-01 06:30:00
HS-002365,janicethompson2365@example.com,Lopez-Curry,marketingqualifiedlead,88,Inbound,SmallBiz,United States,2026-03-01 13:14:27,false,2026-04-01 06:30:00
HS-002366,christopherflowers2366@example.com,Green LLC,lead,23,Content,enterprise,Canada,2026-03-16 05:57:23,false,2026-04-01 06:30:00
HS-002367,browndana2367@example.com,"Suarez, Shields and Hill",marketingqualifiedlead,74,Content Download,SMB,United States,2025-11-11 18:25:44,false,2026-04-01 06:30:00
HS-002368,edwardsmichaela2368@example.com,"Soto, Carlson and Baker",marketingqualifiedlead,54,outbound,SmallBiz,United States,2026-01-05 03:31:05,false,2026-04-01 06:30:00
HS-002369,tonya392369@example.com,"Shaw, Nelson and Martin",lead,18,IB,SMB,United Kingdom,2025-09-06 23:18:19,false,2026-04-01 06:30:00
HS-002370,cookemily2370@arcline.com,"Chavez, Jones and Williams",marketingqualifiedlead,77,Event,SMB,United Kingdom,2025-10-16 07:55:24,true,2026-04-01 06:30:00
HS-002371,rachael292371@example.com,Bennett-Velasquez,marketingqualifiedlead,54,Trade Show,enterprise,Australia,2025-11-29 05:45:25,false,2026-04-01 06:30:00
HS-002372,zachary662372@example.com,Brown Group,lead,38,Cold Outreach,Mid-Market,United States,2026-02-07 07:54:02,false,2026-04-01 06:30:00
HS-002373,brownmandy2373@example.com,Donovan-Perez,lead,27,inbound,Mid-Market,Germany,2025-11-06 00:28:19,false,2026-04-01 06:30:00
HS-002374,jessicamiller2374@example.com,"Lewis, Kennedy and Santana",lead,22,outbound,Enterprise,Germany,2026-02-14 18:45:29,false,2026-04-01 06:30:00
HS-002375,mwilliams2375@example.com,Barber-Fischer,lead,9,Referral,Small Business,United Kingdom,2025-11-19 21:21:03,false,2026-04-01 06:30:00
HS-002376,haleyortiz2376@example.com,Gomez-Jenkins,lead,16,IB,SmallBiz,United States,2026-03-23 13:25:30,false,2026-04-01 06:30:00
HS-002377,collinsann2377@example.com,Mcdonald-Bird,marketingqualifiedlead,87,Outbound,Mid-Market,United Kingdom,2026-02-21 06:50:56,false,2026-04-01 06:30:00
HS-002378,petersonashley2378@example.com,"Durham, Hopkins and Smith",lead,36,outbound,smb,United Kingdom,2026-03-27 13:18:52,false,2026-04-01 06:30:00
HS-002379,knightsteven2379@example.com,"Herrera, Jensen and Ramirez",lead,29,Event,enterprise,Canada,2026-02-04 03:58:37,false,2026-04-01 06:30:00
HS-002380,hardinian2380@example.com,"Whitney, Gould and Jones",marketingqualifiedlead,73,inbound,Small Business,Germany,2025-12-13 02:01:02,false,2026-04-01 06:30:00
HS-002381,lopezbrittany2381@example.com,Smith and Sons,lead,8,Outbound,MM,United States,2025-12-10 21:05:41,false,2026-04-01 06:30:00
HS-002382,wangkristina2382@example.com,"Nelson, Hoffman and Nelson",marketingqualifiedlead,41,Inbound,Small Business,United States,2026-01-25 19:21:26,false,2026-04-01 06:30:00
HS-002383,danastevens2383@example.com,"Matthews, Saunders and Anderson",marketingqualifiedlead,61,inbound,MM,United States,2025-11-27 06:08:20,false,2026-04-01 06:30:00
HS-002384,kylebecker2384@example.com,"Stewart, Mann and Hoffman",lead,32,outbound,SmallBiz,Germany,2025-12-18 00:29:53,false,2026-04-01 06:30:00
HS-002385,julierojas2385@example.com,Ramirez-Vasquez,lead,34,Event,Mid-Market,United Kingdom,2025-09-03 07:57:02,false,2026-04-01 06:30:00
HS-002386,brian422386@example.com,Miller Inc,marketingqualifiedlead,85,inbound,smb,Germany,2025-09-03 05:49:14,false,2026-04-01 06:30:00
HS-002386D,brian422386@example.com,Miller Inc,marketingqualifiedlead,85,inbound,smb,Germany,2025-09-03 05:49:14,false,2026-04-01 06:30:00
HS-002387,donald562387@example.com,Kelley-Anderson,marketingqualifiedlead,66,outbound,Small Business,Germany,2026-03-18 14:51:23,false,2026-04-01 06:30:00
HS-002388,marynelson2388@example.com,Baker-Wilson,lead,8,Event,MidMarket,United Kingdom,2025-09-29 05:19:14,false,2026-04-01 06:30:00
HS-002389,gregoryphillips2389@example.com,"Tanner, Hunt and Cameron",marketingqualifiedlead,43,Cold Outreach,SMB,United States,2026-03-06 20:56:01,false,2026-04-01 06:30:00
HS-002390,fbaker2390@example.com,"Becker, Wilson and Hester",marketingqualifiedlead,90,Trade Show,Strategic,United Kingdom,2025-12-16 14:46:27,false,2026-04-01 06:30:00
HS-002391,beth582391@example.com,Lee-Davis,lead,32,Content,Enterprise,Germany,2025-12-14 09:04:59,false,2026-04-01 06:30:00
HS-002392,rgallegos2392@example.com,Kramer-Shannon,lead,6,Outbound,SmallBiz,Australia,2025-09-15 09:27:07,false,2026-04-01 06:30:00
HS-002393,benjamindavenport2393@example.com,House-Glover,lead,14,Cold Outreach,Small Business,Canada,2026-01-31 13:33:52,false,2026-04-01 06:30:00
HS-002394,kmoore2394@example.com,Smith LLC,marketingqualifiedlead,73,Content,Strategic,Australia,2025-10-24 18:45:44,false,2026-04-01 06:30:00
HS-002395,victoriahamilton2395@example.com,Finley Inc,lead,15,Cold Outreach,MM,Australia,2025-10-14 17:33:59,false,2026-04-01 06:30:00
HS-002396,jared882396@example.com,Cruz-Allen,marketingqualifiedlead,66,Inbound,Mid-Market,Germany,2026-02-28 21:09:50,false,2026-04-01 06:30:00
HS-002397,christopher342397@example.com,Herman-Walker,marketingqualifiedlead,83,Event,smb,Canada,2025-11-17 09:59:46,false,2026-04-01 06:30:00
HS-002398,taylorjohnson2398@example.com,"Franco, Wiley and Tapia",lead,34,Cold Outreach,smb,Canada,2025-10-26 18:49:33,false,2026-04-01 06:30:00
HS-002399,holmescrystal2399@example.com,Brooks and Sons,lead,34,Cold Outreach,Mid Market,Australia,2025-11-08 20:45:20,false,2026-04-01 06:30:00
HS-002400,ltaylor2400@example.com,Ortiz-Hudson,marketingqualifiedlead,77,outbound,SMB,United States,2025-09-10 09:52:03,false,2026-04-01 06:30:00
HS-002401,nathan692401@example.com,Hickman-Evans,marketingqualifiedlead,57,Cold Outreach,Mid Market,Australia,2025-10-11 23:42:46,false,2026-04-01 06:30:00
HS-002402,morrisdaniel2402@example.com,Nunez-Stephens,marketingqualifiedlead,87,Event,Strategic,Canada,2025-08-31 00:18:50,false,2026-04-01 06:30:00
HS-002403,misty022403@example.com,Pearson and Sons,lead,8,outbound,smb,Germany,2025-09-22 16:58:13,false,2026-04-01 06:30:00
HS-002404,valvarez2404@example.com,"Turner, Schneider and Johnson",marketingqualifiedlead,53,inbound,smb,United States,2026-03-06 06:08:16,false,2026-04-01 06:30:00
HS-002405,lopezmichael2405@example.com,Ortiz Ltd,marketingqualifiedlead,86,Content Download,SMB,United Kingdom,2025-11-03 03:41:04,false,2026-04-01 06:30:00
HS-002406,stevenlopez2406@example.com,Lewis Ltd,lead,22,Content Download,ENT,Australia,2025-10-08 18:59:49,false,2026-04-01 06:30:00
HS-002407,gonzaleschristina2407@example.com,Harrison-Alexander,lead,16,inbound,smb,United Kingdom,2025-11-04 03:59:02,false,2026-04-01 06:30:00
HS-002408,esimon2408@example.com,"Hernandez, Thompson and Boyd",marketingqualifiedlead,67,Paid,Small Business,United Kingdom,2025-10-19 14:30:32,false,2026-04-01 06:30:00
HS-002409,johnnybrooks2409@example.com,Hayes and Sons,marketingqualifiedlead,53,Content Download,Enterprise,United States,2025-12-06 02:39:33,false,2026-04-01 06:30:00
HS-002410,timothy642410@example.com,"Sanders, Leblanc and Maldonado",marketingqualifiedlead,70,Inbound,smb,Australia,2026-03-14 08:43:44,false,2026-04-01 06:30:00
HS-002411,arellanonatalie2411@example.com,"Durham, Hopkins and Smith",marketingqualifiedlead,57,Content Download,SmallBiz,United Kingdom,2025-11-15 18:38:34,false,2026-04-01 06:30:00
HS-002412,fisherkim2412@example.com,"Garcia, Humphrey and Baker",lead,33,Partner,MidMarket,United Kingdom,2025-09-04 14:16:33,false,2026-04-01 06:30:00
HS-002413,kwatkins2413@example.com,Johnson-Doyle,lead,8,Cold Outreach,smb,Canada,2025-12-18 00:53:11,false,2026-04-01 06:30:00
HS-002414,sandratanner2414@example.com,"Bryan, Smith and Booth",marketingqualifiedlead,57,IB,SmallBiz,Australia,2026-01-01 20:34:12,false,2026-04-01 06:30:00
HS-002415,stephaniebradley2415@example.com,"Ochoa, Taylor and Brady",lead,8,Inbound,Mid-Market,United Kingdom,2025-12-26 06:51:28,false,2026-04-01 06:30:00
HS-002416,davidcook2416@example.com,"Barnes, Johnson and Schmitt",marketingqualifiedlead,67,Outbound,smb,Germany,2026-03-16 23:57:09,false,2026-04-01 06:30:00
HS-002417,wallerkyle2417@arcline.com,"Thomas, Vaughan and Copeland",lead,14,Paid Ads,SMB,Canada,2025-09-29 23:07:04,true,2026-04-01 06:30:00
HS-002418,laurieellis2418@example.com,Wagner LLC,lead,12,Channel,Mid-Market,Australia,2025-12-04 12:51:27,false,2026-04-01 06:30:00
HS-002419,stevenhopkins2419@example.com,Green-Edwards,marketingqualifiedlead,70,Partner,smb,Canada,2025-12-01 02:45:01,false,2026-04-01 06:30:00
HS-002420,nicoleturner2420@example.com,Giles Ltd,marketingqualifiedlead,83,Cold Outreach,Strategic,United States,2025-11-26 00:04:58,false,2026-04-01 06:30:00
HS-002421,lopezmichaela2421@example.com,"Andrews, Higgins and Carter",lead,14,Cold Outreach,SMB,Germany,2026-02-03 20:05:09,false,2026-04-01 06:30:00
HS-002422,pdavis2422@example.com,"Guerrero, Peck and Coleman",marketingqualifiedlead,89,Cold Outreach,smb,Germany,2026-02-27 09:11:43,false,2026-04-01 06:30:00
HS-002423,gailsingleton2423@example.com,Best-Townsend,lead,23,IB,ENT,Australia,2025-10-28 06:03:00,false,2026-04-01 06:30:00
HS-002423D,gailsingleton2423@example.com,Best-Townsend,lead,23,IB,ENT,Australia,2025-10-28 06:03:00,false,2026-04-01 06:30:00
HS-002424,adam252424@example.com,"Stewart, Mann and Hoffman",lead,35,Referral,smb,Germany,2025-11-07 07:27:50,false,2026-04-01 06:30:00
HS-002425,ruizgloria2425@example.com,"Howard, Silva and Hall",marketingqualifiedlead,77,Event,Small Business,United Kingdom,2026-03-23 14:22:50,false,2026-04-01 06:30:00
HS-002426,robertabarnett2426@example.com,Goodwin Ltd,marketingqualifiedlead,62,Content Download,smb,Canada,2026-02-12 10:20:02,false,2026-04-01 06:30:00
HS-002427,wmccarthy2427@example.com,Miller-Wright,lead,8,Content,SMB,Canada,2025-10-19 16:58:15,false,2026-04-01 06:30:00
HS-002428,hugheslucas2428@example.com,"Alvarez, Williams and Jones",lead,23,Partner,SMB,Germany,2025-10-30 20:00:06,false,2026-04-01 06:30:00
HS-002429,ricardomurphy2429@example.com,May Ltd,marketingqualifiedlead,82,Content Download,smb,Canada,2026-01-31 11:20:54,false,2026-04-01 06:30:00
HS-002430,lori692430@example.com,Moore-Ayala,lead,28,outbound,Mid-Market,United States,2025-10-11 17:28:22,false,2026-04-01 06:30:00
HS-002431,wferguson2431@example.com,"Hernandez, Martinez and Weber",marketingqualifiedlead,75,IB,SmallBiz,Germany,2026-02-26 10:01:34,false,2026-04-01 06:30:00
HS-002432,lsantiago2432@example.com,Ortiz-Hudson,marketingqualifiedlead,41,outbound,smb,United States,2025-10-23 19:38:26,false,2026-04-01 06:30:00
HS-002433,walkercharlotte2433@example.com,"Brown, Mcknight and Michael",marketingqualifiedlead,53,inbound,SmallBiz,Canada,2025-11-06 09:48:38,false,2026-04-01 06:30:00
HS-002434,mikemorgan2434@example.com,Hayes LLC,marketingqualifiedlead,54,Content,Mid Market,United Kingdom,2025-12-09 03:30:07,false,2026-04-01 06:30:00
HS-002435,bishopkaren2435@example.com,"Bentley, Lynch and Henderson",marketingqualifiedlead,65,Content,Mid Market,United States,2025-09-12 00:17:40,false,2026-04-01 06:30:00
HS-002436,brewerdevin2436@example.com,Williams Group,marketingqualifiedlead,45,Content Download,MidMarket,United Kingdom,2025-11-10 03:09:59,false,2026-04-01 06:30:00
HS-002437,bradleyturner2437@example.com,"Phillips, Spence and Barrett",marketingqualifiedlead,72,Channel,SmallBiz,United States,2026-02-13 04:44:10,false,2026-04-01 06:30:00
HS-002438,morgandestiny2438@example.com,"Fuller, Ingram and Moss",lead,18,Paid Ads,ENT,Canada,2026-03-25 03:18:22,false,2026-04-01 06:30:00
HS-002439,thernandez2439@example.com,Wise-Dean,lead,12,Content Download,SmallBiz,Australia,2025-12-20 08:04:12,false,2026-04-01 06:30:00
HS-002440,eleonard2440@example.com,Evans-Jones,marketingqualifiedlead,66,inbound,Small Business,Australia,2025-09-15 03:03:58,false,2026-04-01 06:30:00
HS-002441,greenstephanie2441@example.com,"Phillips, Spence and Barrett",lead,11,Content Download,Small Business,United States,2025-10-17 21:30:47,false,2026-04-01 06:30:00
HS-002442,frankfleming2442@example.com,Miller-Brandt,marketingqualifiedlead,63,inbound,smb,Germany,2026-03-10 14:11:29,false,2026-04-01 06:30:00
HS-002443,marshallchristopher2443@example.com,White-Lewis,marketingqualifiedlead,77,inbound,ENT,United Kingdom,2025-09-15 10:15:07,false,2026-04-01 06:30:00
HS-002444,riosrichard2444@example.com,Thornton PLC,lead,34,Trade Show,SmallBiz,Germany,2025-10-22 16:41:55,false,2026-04-01 06:30:00
HS-002445,martindavid2445@example.com,"Arroyo, Miller and Tucker",lead,23,Inbound,MM,Canada,2026-02-07 17:36:33,false,2026-04-01 06:30:00
HS-002446,aparks2446@example.com,Hernandez Inc,marketingqualifiedlead,51,Inbound,MM,United Kingdom,2026-01-09 03:05:16,false,2026-04-01 06:30:00
HS-002447,qvaldez2447@example.com,Martinez-Dudley,marketingqualifiedlead,49,outbound,MidMarket,Germany,2025-10-26 09:17:35,false,2026-04-01 06:30:00
HS-002448,dhenderson2448@example.com,Miller Inc,lead,20,Trade Show,Small Business,Germany,2025-10-27 13:32:13,false,2026-04-01 06:30:00
HS-002449,ronald192449@example.com,Marsh-Banks,lead,10,outbound,Small Business,United States,2026-01-31 03:02:04,false,2026-04-01 06:30:00
HS-002450,xshaw2450@example.com,"Harvey, Randall and Hernandez",lead,30,outbound,MidMarket,Australia,2025-10-03 21:42:32,false,2026-04-01 06:30:00
HS-002451,ijoseph2451@example.com,Garcia-Smith,marketingqualifiedlead,71,Content Download,Small Business,Australia,2026-03-02 19:51:42,false,2026-04-01 06:30:00
HS-002452,daniel262452@example.com,Owens-Holmes,marketingqualifiedlead,59,Word of Mouth,smb,Germany,2026-03-19 03:54:36,false,2026-04-01 06:30:00
HS-002453,fberg2453@example.com,Johnston and Sons,lead,18,Inbound,Small Business,United Kingdom,2026-03-13 07:30:38,false,2026-04-01 06:30:00
HS-002454,adamvaughan2454@example.com,Clark Inc,marketingqualifiedlead,79,IB,Small Business,United Kingdom,2025-08-27 02:31:11,false,2026-04-01 06:30:00
HS-002455,james972455@example.com,Nicholson-Robertson,marketingqualifiedlead,58,Outbound,Small Business,Australia,2026-01-19 02:39:47,false,2026-04-01 06:30:00
HS-002456,swilliams2456@example.com,Miller Ltd,lead,8,Content,Mid Market,Germany,2025-10-04 08:35:43,false,2026-04-01 06:30:00
HS-002457,martineztracy2457@example.com,Erickson and Sons,marketingqualifiedlead,80,inbound,smb,Australia,2026-03-08 11:56:16,false,2026-04-01 06:30:00
HS-002458,brendan952458@example.com,"Powell, Deleon and Warren",lead,17,Cold Outreach,SMB,United Kingdom,2025-10-01 02:39:56,false,2026-04-01 06:30:00
HS-002459,ronald402459@example.com,Herman-Walker,lead,33,Partner,Small Business,Canada,2025-09-22 06:42:20,false,2026-04-01 06:30:00
HS-002460,guy562460@example.com,Blake Group,marketingqualifiedlead,86,Content Download,ENT,United Kingdom,2026-01-20 21:17:22,false,2026-04-01 06:30:00
HS-002461,griffinkenneth2461@example.com,Hooper PLC,lead,32,Cold Outreach,Mid-Market,Canada,2026-02-18 11:39:49,false,2026-04-01 06:30:00
HS-002462,larsonmichael2462@example.com,Parks-Pace,marketingqualifiedlead,85,Referral,SMB,Australia,2025-10-05 23:37:43,false,2026-04-01 06:30:00
HS-002463,schmidtrandy2463@example.com,"Wheeler, Rice and Levine",marketingqualifiedlead,84,Event,SmallBiz,Canada,2025-11-15 07:04:29,false,2026-04-01 06:30:00
HS-002464,christopherdavis2464@example.com,Walsh Ltd,lead,22,inbound,smb,Germany,2026-01-02 22:53:03,false,2026-04-01 06:30:00
HS-002465,cynthiajordan2465@example.com,Blake Group,lead,6,Inbound,SMB,Australia,2026-03-04 18:34:12,false,2026-04-01 06:30:00
HS-002466,michael792466@example.com,Contreras-Mckinney,lead,11,PPC,SMB,United Kingdom,2025-09-17 13:40:27,false,2026-04-01 06:30:00
HS-002467,samanthaberger2467@example.com,Wilson-Malone,lead,21,Partner,Mid Market,Australia,2025-12-29 06:08:33,false,2026-04-01 06:30:00
HS-002468,uwilliams2468@example.com,"Chan, Floyd and Dillon",marketingqualifiedlead,40,Cold Outreach,SMB,Germany,2026-02-25 03:28:51,false,2026-04-01 06:30:00
HS-002469,benjamin912469@example.com,Hicks-Hill,marketingqualifiedlead,63,Content Download,smb,United States,2026-02-08 19:01:09,false,2026-04-01 06:30:00
HS-002470,uhunt2470@example.com,Donovan-Perez,marketingqualifiedlead,75,Word of Mouth,MidMarket,Germany,2026-02-15 21:01:30,false,2026-04-01 06:30:00
HS-002471,morgandana2471@example.com,Kirby and Sons,marketingqualifiedlead,88,IB,smb,Canada,2025-09-20 01:52:06,false,2026-04-01 06:30:00
HS-002472,roberto022472@example.com,Coleman-Bennett,lead,17,Content,Small Business,United States,2026-03-20 18:29:48,false,2026-04-01 06:30:00
HS-002472D,roberto022472@example.com,Coleman-Bennett,lead,17,Content,Small Business,United States,2026-03-20 18:29:48,false,2026-04-01 06:30:00
HS-002473,jennifer162473@example.com,Byrd-Le,marketingqualifiedlead,59,Content,SmallBiz,Australia,2026-01-22 14:08:45,false,2026-04-01 06:30:00
HS-002474,leonashley2474@example.com,Clark Inc,lead,17,Outbound,smb,United Kingdom,2025-11-21 07:08:45,false,2026-04-01 06:30:00
HS-002475,christina832475@example.com,"Bentley, Byrd and Orr",lead,5,inbound,smb,United Kingdom,2026-02-24 05:22:42,false,2026-04-01 06:30:00
HS-002476,brooksthomas2476@example.com,"Young, Contreras and Marshall",marketingqualifiedlead,56,Trade Show,MidMarket,United States,2026-02-24 13:00:41,false,2026-04-01 06:30:00
HS-002477,shill2477@example.com,Anthony-Parker,marketingqualifiedlead,73,Content,SmallBiz,Australia,2025-09-19 19:33:23,false,2026-04-01 06:30:00
HS-002478,joshuapowers2478@example.com,"Griffin, Davies and Mitchell",lead,28,outbound,Mid Market,Germany,2026-03-27 06:21:01,false,2026-04-01 06:30:00
HS-002479,rbrowning2479@example.com,Thompson-Joyce,lead,31,Channel,smb,Germany,2025-09-19 03:08:39,false,2026-04-01 06:30:00
HS-002480,joseph632480@example.com,"Boyd, Gutierrez and Hill",lead,15,IB,smb,United Kingdom,2026-01-24 12:45:10,false,2026-04-01 06:30:00
HS-002481,caseydiane2481@example.com,Coleman-Bennett,lead,34,Inbound,smb,United States,2025-10-22 21:49:06,false,2026-04-01 06:30:00
HS-002482,joseph952482@example.com,"Smith, Crawford and Reed",marketingqualifiedlead,81,Outbound,SmallBiz,United Kingdom,2025-10-05 16:59:44,false,2026-04-01 06:30:00
HS-002483,walkerandrew2483@example.com,Guerrero-Becker,marketingqualifiedlead,75,outbound,SMB,United Kingdom,2026-01-04 23:20:40,false,2026-04-01 06:30:00
HS-002484,jeffrey942484@example.com,Morton-Chase,marketingqualifiedlead,70,Content,SmallBiz,United States,2025-12-10 17:27:39,false,2026-04-01 06:30:00
HS-002485,omatthews2485@example.com,White-Estes,lead,34,Content Download,Strategic,Germany,2025-10-11 22:58:26,false,2026-04-01 06:30:00
HS-002486,amber782486@example.com,Morgan-French,marketingqualifiedlead,52,Cold Outreach,Strategic,Canada,2026-03-01 02:31:24,false,2026-04-01 06:30:00
HS-002487,cooperluis2487@example.com,"Ochoa, Taylor and Brady",marketingqualifiedlead,42,outbound,MidMarket,United Kingdom,2025-12-06 16:22:38,false,2026-04-01 06:30:00
HS-002488,vhernandez2488@example.com,Johnson Inc,marketingqualifiedlead,76,Event,smb,Canada,2026-01-13 07:16:23,false,2026-04-01 06:30:00
HS-002489,sclark2489@example.com,Landry Ltd,marketingqualifiedlead,65,Partner,Mid-Market,United States,2025-12-22 11:27:36,false,2026-04-01 06:30:00
HS-002490,emilyscott2490@arcline.com,Thomas-Huffman,lead,38,inbound,SMB,Germany,2026-01-29 19:57:22,true,2026-04-01 06:30:00
HS-002491,guerreroashley2491@example.com,Dawson Inc,lead,16,outbound,smb,Canada,2025-10-12 10:28:39,false,2026-04-01 06:30:00
HS-002492,welchanna2492@example.com,Hernandez Group,lead,9,Inbound,Small Business,Australia,2025-09-18 13:50:37,false,2026-04-01 06:30:00
HS-002493,christopher852493@example.com,"Rodriguez, Prince and Vasquez",lead,12,Content Download,Mid-Market,United Kingdom,2025-12-15 01:23:20,false,2026-04-01 06:30:00
HS-002494,kelly572494@example.com,Rios-Padilla,lead,39,Content Download,Mid-Market,Australia,2025-10-11 10:55:21,false,2026-04-01 06:30:00
HS-002495,njohnson2495@example.com,Trujillo PLC,lead,23,Referral,smb,Germany,2026-03-05 06:01:10,false,2026-04-01 06:30:00
HS-002496,claudiacunningham2496@example.com,Perez-White,lead,18,Event,Small Business,United Kingdom,2025-11-21 01:08:12,false,2026-04-01 06:30:00
HS-002497,bforbes2497@example.com,"Leach, Harris and Herrera",lead,23,IB,Small Business,United Kingdom,2025-09-21 08:46:35,false,2026-04-01 06:30:00
HS-002498,angela732498@example.com,Miller-Colon,lead,33,outbound,Mid-Market,United States,2025-12-18 23:28:42,false,2026-04-01 06:30:00
HS-002499,imorse2499@example.com,Crosby-Ramirez,marketingqualifiedlead,68,Channel,Enterprise,Australia,2026-02-02 16:50:59,false,2026-04-01 06:30:00
HS-002500,hlawson2500@example.com,Strickland-Palmer,lead,32,Cold Outreach,Small Business,Germany,2025-10-22 05:57:02,false,2026-04-01 06:30:00
HS-002501,fosterjason2501@example.com,"Lewis, Kennedy and Santana",marketingqualifiedlead,55,Trade Show,ENT,Germany,2025-09-11 14:15:54,false,2026-04-01 06:30:00
HS-002502,duncangregory2502@example.com,Hayes Ltd,marketingqualifiedlead,69,Content,SMB,United States,2026-03-08 17:58:56,false,2026-04-01 06:30:00
HS-002503,katiejoyce2503@example.com,Bell-Lane,lead,23,outbound,Strategic,Germany,2026-01-08 23:58:12,false,2026-04-01 06:30:00
HS-002504,wpierce2504@example.com,Bennett-Velasquez,lead,15,Content Download,Strategic,Australia,2026-01-15 11:17:53,false,2026-04-01 06:30:00
HS-002505,robertgreene2505@example.com,Khan LLC,lead,37,Content Download,Mid-Market,Germany,2026-01-19 20:55:29,false,2026-04-01 06:30:00
HS-002506,kaylee152506@example.com,Reid-Poole,lead,17,Partner,ENT,United States,2026-01-30 00:18:35,false,2026-04-01 06:30:00
HS-002507,zperez2507@example.com,"Lynch, Evans and Rodriguez",lead,16,Inbound,SMB,United States,2026-03-01 06:15:41,false,2026-04-01 06:30:00
HS-002508,ssherman2508@example.com,"Turner, Schneider and Johnson",lead,20,outbound,Small Business,United States,2025-09-15 19:17:49,false,2026-04-01 06:30:00
HS-002509,lmoore2509@example.com,Fuentes Group,marketingqualifiedlead,41,Trade Show,Enterprise,Germany,2025-10-29 14:21:57,false,2026-04-01 06:30:00
HS-002510,iroberts2510@example.com,Williams Group,lead,18,Outbound,Small Business,Germany,2025-12-08 16:25:28,false,2026-04-01 06:30:00
HS-002511,kathryn212511@example.com,"Harrison, Johnson and Roberts",marketingqualifiedlead,78,Inbound,Enterprise,Canada,2026-03-07 19:58:20,false,2026-04-01 06:30:00
HS-002512,acarpenter2512@example.com,Boone-Simmons,lead,35,Outbound,Mid Market,Canada,2025-11-17 23:59:21,false,2026-04-01 06:30:00
HS-002513,ojenkins2513@example.com,Hooper PLC,marketingqualifiedlead,59,Cold Outreach,Mid-Market,Canada,2025-12-12 22:24:55,false,2026-04-01 06:30:00
HS-002514,montgomerydillon2514@example.com,"Wood, Ramos and Sampson",lead,20,Outbound,Small Business,United Kingdom,2025-09-12 12:59:30,false,2026-04-01 06:30:00
HS-002515,greenejessica2515@example.com,Robinson-Brock,lead,16,inbound,Mid Market,Germany,2025-12-04 07:54:23,false,2026-04-01 06:30:00
HS-002516,nguyenjohn2516@example.com,"Cole, Glass and Cunningham",marketingqualifiedlead,63,Trade Show,MidMarket,Australia,2026-01-04 03:27:15,false,2026-04-01 06:30:00
HS-002517,xcohen2517@example.com,Castaneda-Rodriguez,marketingqualifiedlead,86,IB,smb,United States,2025-12-02 00:37:12,false,2026-04-01 06:30:00
HS-002518,paulnicole2518@example.com,Perry-Nixon,lead,11,PPC,SmallBiz,United States,2026-01-07 13:42:48,false,2026-04-01 06:30:00
HS-002519,marnold2519@example.com,"Williams, Mccoy and Cook",lead,7,inbound,smb,Canada,2025-10-05 00:03:25,false,2026-04-01 06:30:00
HS-002520,stephensharp2520@example.com,Pearson and Sons,marketingqualifiedlead,89,Event,Small Business,Germany,2025-10-10 11:29:49,false,2026-04-01 06:30:00
HS-002521,gregorygiles2521@example.com,Marquez Inc,lead,36,Content Download,Mid-Market,Canada,2025-10-04 17:22:00,false,2026-04-01 06:30:00
HS-002522,marcuscarter2522@example.com,"Morris, Thompson and Williams",marketingqualifiedlead,66,Paid Ads,SmallBiz,Germany,2025-11-02 03:30:34,false,2026-04-01 06:30:00
HS-002523,clarksteven2523@example.com,Cruz-Allen,lead,39,Inbound,MidMarket,Germany,2025-12-20 03:59:13,false,2026-04-01 06:30:00
HS-002524,gabrielawallace2524@example.com,Collins Group,lead,14,Content,SMB,United States,2026-01-31 15:19:12,false,2026-04-01 06:30:00
HS-002525,laurakaufman2525@example.com,Gray Ltd,marketingqualifiedlead,82,Referral,SMB,United States,2026-01-13 12:47:49,false,2026-04-01 06:30:00
HS-002526,laramary2526@example.com,Novak and Sons,marketingqualifiedlead,69,IB,Small Business,United States,2026-03-05 18:46:25,false,2026-04-01 06:30:00
HS-002527,johnbowen2527@example.com,Meadows PLC,marketingqualifiedlead,53,inbound,Small Business,Germany,2025-11-07 02:38:39,false,2026-04-01 06:30:00
HS-002528,smithantonio2528@example.com,"Wang, Henderson and Morales",marketingqualifiedlead,49,Outbound,Mid Market,Germany,2025-12-30 02:52:42,false,2026-04-01 06:30:00
HS-002529,ecamacho2529@example.com,"Mcmillan, Fischer and Gonzalez",marketingqualifiedlead,59,Content Download,Small Business,Canada,2025-12-03 03:58:19,false,2026-04-01 06:30:00
HS-002530,ajones2530@example.com,"Owens, Koch and Jimenez",marketingqualifiedlead,45,Outbound,smb,United Kingdom,2025-12-16 03:22:54,false,2026-04-01 06:30:00
HS-002531,nicole812531@example.com,Crosby-Ramirez,lead,38,PPC,Strategic,Australia,2026-03-06 14:44:44,false,2026-04-01 06:30:00
HS-002532,gonzalesmaria2532@example.com,Armstrong-Young,lead,33,Cold Outreach,MidMarket,United States,2025-11-22 22:24:59,false,2026-04-01 06:30:00
HS-002533,carterraymond2533@example.com,Johnson-Williams,marketingqualifiedlead,75,PPC,Mid-Market,United Kingdom,2025-09-04 22:24:47,false,2026-04-01 06:30:00
HS-002534,coxjennifer2534@example.com,"Jennings, Smith and Fisher",lead,32,Trade Show,smb,United States,2025-09-11 04:22:46,false,2026-04-01 06:30:00
HS-002535,hpatterson2535@example.com,Davis PLC,lead,38,Cold Outreach,Mid Market,United States,2026-03-26 15:40:16,false,2026-04-01 06:30:00
HS-002536,thomasjose2536@example.com,"Monroe, Chapman and Barton",marketingqualifiedlead,84,Referral,Small Business,Germany,2026-01-10 08:11:30,false,2026-04-01 06:30:00
HS-002537,bowenmichael2537@example.com,Matthews Inc,marketingqualifiedlead,45,outbound,SmallBiz,Canada,2026-01-29 23:13:47,false,2026-04-01 06:30:00
HS-002538,donald372538@example.com,Miller Group,marketingqualifiedlead,50,outbound,smb,Australia,2026-02-01 17:53:45,false,2026-04-01 06:30:00
HS-002539,josephrivera2539@example.com,Scott Ltd,marketingqualifiedlead,83,Referral,SMB,Germany,2025-11-07 17:33:51,false,2026-04-01 06:30:00
HS-002540,ellisjenna2540@example.com,Johnson-Carlson,lead,19,IB,Mid-Market,Germany,2025-10-22 02:20:26,false,2026-04-01 06:30:00
HS-002541,katherinepeterson2541@example.com,Jackson-Cortez,marketingqualifiedlead,89,Trade Show,smb,Canada,2025-10-01 13:02:06,false,2026-04-01 06:30:00
HS-002542,crivera2542@example.com,Allen Inc,lead,16,IB,Small Business,Canada,2026-02-26 22:03:42,false,2026-04-01 06:30:00
HS-002543,ashley902543@example.com,Kim Inc,lead,35,Paid Ads,Mid Market,Canada,2026-01-25 11:57:43,false,2026-04-01 06:30:00
HS-002544,earlroberts2544@example.com,"Harris, Collins and Carney",marketingqualifiedlead,89,Event,SmallBiz,Australia,2025-11-17 20:14:33,false,2026-04-01 06:30:00
HS-002545,nicoleelliott2545@example.com,Cox LLC,marketingqualifiedlead,57,Inbound,smb,Germany,2025-12-23 06:45:46,false,2026-04-01 06:30:00
HS-002546,kristopher292546@example.com,"Davis, Stanley and Wright",lead,25,IB,Mid-Market,Canada,2025-11-20 23:54:02,false,2026-04-01 06:30:00
HS-002547,thomas742547@example.com,Walker LLC,lead,37,Cold Outreach,smb,Germany,2026-01-28 05:22:04,false,2026-04-01 06:30:00
HS-002548,julianeal2548@example.com,Miller Ltd,marketingqualifiedlead,68,inbound,SmallBiz,United Kingdom,2025-10-07 05:08:01,false,2026-04-01 06:30:00
HS-002549,catherinevillarreal2549@example.com,"Lopez, Jacobs and Mason",marketingqualifiedlead,81,Inbound,ENT,Canada,2026-02-22 22:37:55,false,2026-04-01 06:30:00
HS-002550,dana032550@example.com,Williamson Ltd,lead,16,Trade Show,SMB,Canada,2026-01-17 14:15:37,false,2026-04-01 06:30:00
HS-002551,eddie042551@example.com,Bryant Group,lead,34,Partner,SMB,Canada,2025-11-07 00:29:42,false,2026-04-01 06:30:00
HS-002552,jennifer862552@example.com,"Garcia, Martin and Jenkins",marketingqualifiedlead,48,Inbound,Small Business,Germany,2026-01-28 07:17:37,false,2026-04-01 06:30:00
HS-002553,kmontgomery2553@example.com,Tran Inc,lead,10,Content Download,SMB,United States,2026-02-14 13:53:01,false,2026-04-01 06:30:00
HS-002554,dawn982554@example.com,Moore-Collins,marketingqualifiedlead,65,Trade Show,smb,Australia,2025-12-06 00:07:38,false,2026-04-01 06:30:00
HS-002555,alexandra672555@example.com,"Brown, Mcknight and Michael",marketingqualifiedlead,50,PPC,smb,Canada,2025-08-24 13:46:34,false,2026-04-01 06:30:00
HS-002556,monicaolson2556@example.com,Lewis Inc,lead,34,Paid,Mid-Market,United Kingdom,2026-03-22 01:49:39,false,2026-04-01 06:30:00
HS-002557,aprince2557@arcline.com,Patton-Jenkins,marketingqualifiedlead,53,Paid,SmallBiz,United States,2026-01-24 07:57:16,true,2026-04-01 06:30:00
HS-002558,petersonkyle2558@example.com,"Flores, Butler and Hernandez",lead,5,Content Download,smb,Germany,2025-11-30 06:00:52,false,2026-04-01 06:30:00
HS-002559,edwardfranklin2559@example.com,Vargas-Snyder,marketingqualifiedlead,68,Cold Outreach,SMB,United States,2026-01-16 09:56:53,false,2026-04-01 06:30:00
HS-002560,santosmichael2560@example.com,Hancock Inc,marketingqualifiedlead,77,Paid,Small Business,United States,2025-09-30 23:26:21,false,2026-04-01 06:30:00
HS-002561,ohudson2561@example.com,Wilcox-Robertson,lead,25,inbound,SMB,United Kingdom,2026-03-03 08:11:33,false,2026-04-01 06:30:00
HS-002562,larsenmegan2562@example.com,Moore-Collins,lead,26,Cold Outreach,SMB,Australia,2026-02-08 05:43:06,false,2026-04-01 06:30:00
HS-002563,judithcox2563@example.com,Huang-Foster,marketingqualifiedlead,88,Inbound,Small Business,United Kingdom,2026-02-06 21:04:36,false,2026-04-01 06:30:00
HS-002564,rosscorey2564@example.com,Baker-Wilson,marketingqualifiedlead,71,inbound,Mid-Market,United Kingdom,2025-11-09 18:42:30,false,2026-04-01 06:30:00
HS-002565,william482565@example.com,Sellers-Riddle,lead,28,Outbound,smb,Germany,2025-11-09 01:22:39,false,2026-04-01 06:30:00
HS-002566,wallerbrian2566@example.com,Butler and Sons,lead,32,Cold Outreach,Mid Market,United Kingdom,2025-12-25 09:10:39,false,2026-04-01 06:30:00
HS-002567,johnrobles2567@example.com,Carter LLC,lead,14,Outbound,SMB,United States,2025-11-29 00:05:29,false,2026-04-01 06:30:00
HS-002568,hannahcurtis2568@example.com,"Hill, Martinez and Rhodes",marketingqualifiedlead,79,Trade Show,SmallBiz,United States,2025-08-30 01:35:18,false,2026-04-01 06:30:00
HS-002569,jeremylove2569@example.com,Owens-Russell,marketingqualifiedlead,82,IB,SmallBiz,Germany,2025-09-03 12:16:07,false,2026-04-01 06:30:00
HS-002570,billylynch2570@example.com,Christian-Booth,lead,14,Paid,MM,Australia,2026-02-18 13:27:01,false,2026-04-01 06:30:00
HS-002571,christopher312571@example.com,"Edwards, Hines and Jimenez",lead,23,Inbound,Mid-Market,United Kingdom,2025-09-20 12:14:51,false,2026-04-01 06:30:00
HS-002572,alexandrabrown2572@example.com,Lopez Ltd,lead,36,Inbound,MM,United Kingdom,2025-12-03 02:56:28,false,2026-04-01 06:30:00
HS-002573,johngill2573@arcline.com,"Graham, Olsen and Costa",lead,6,Inbound,SMB,Australia,2026-01-29 03:21:31,true,2026-04-01 06:30:00
HS-002574,imarshall2574@example.com,Christensen PLC,lead,37,Event,Mid Market,Australia,2025-10-16 12:04:36,false,2026-04-01 06:30:00
HS-002575,florescynthia2575@example.com,Taylor and Sons,lead,7,Channel,SMB,Australia,2026-02-04 15:26:10,false,2026-04-01 06:30:00
HS-002576,timothyramos2576@example.com,Alvarez-Kim,lead,35,inbound,smb,Germany,2026-02-21 21:29:04,false,2026-04-01 06:30:00
HS-002577,igonzalez2577@example.com,"Stanton, Reid and Terry",lead,39,Inbound,Enterprise,United States,2026-02-23 05:44:01,false,2026-04-01 06:30:00
HS-002578,carmenevans2578@example.com,Wilcox-Robertson,marketingqualifiedlead,82,Referral,SmallBiz,United Kingdom,2026-02-05 16:42:16,false,2026-04-01 06:30:00
HS-002579,perkinsmichelle2579@example.com,Garcia Ltd,lead,33,Trade Show,MM,United Kingdom,2026-01-30 17:57:59,false,2026-04-01 06:30:00
HS-002580,cortezscott2580@example.com,"Smith, Gilmore and Johnston",lead,19,inbound,SmallBiz,United Kingdom,2025-10-21 16:53:22,false,2026-04-01 06:30:00
HS-002581,briannareid2581@example.com,Hull Ltd,lead,5,Channel,SMB,United Kingdom,2026-01-11 19:19:30,false,2026-04-01 06:30:00
HS-002582,qgay2582@example.com,"Ellis, Marks and Buchanan",marketingqualifiedlead,56,Content,smb,Australia,2026-02-22 01:55:58,false,2026-04-01 06:30:00
HS-002583,fguzman2583@example.com,Clark Inc,lead,23,PPC,smb,United Kingdom,2025-10-02 10:38:56,false,2026-04-01 06:30:00
HS-002584,markwebb2584@example.com,Garcia-Smith,marketingqualifiedlead,82,Event,Small Business,Australia,2025-12-29 05:40:42,false,2026-04-01 06:30:00
HS-002585,stephanie442585@example.com,"Shaw, Nelson and Martin",lead,16,Cold Outreach,SMB,United Kingdom,2026-03-23 22:21:35,false,2026-04-01 06:30:00
HS-002586,matthewbyrd2586@example.com,"Jones, Mcmahon and Spence",marketingqualifiedlead,79,PPC,Strategic,United States,2026-02-24 04:37:28,false,2026-04-01 06:30:00
HS-002587,connie122587@example.com,Miller-Brandt,lead,26,Trade Show,SMB,Germany,2026-02-23 08:27:32,false,2026-04-01 06:30:00
HS-002588,gsmith2588@example.com,"Carroll, Sullivan and Bass",marketingqualifiedlead,42,Content,MM,Germany,2026-02-22 21:32:31,false,2026-04-01 06:30:00
HS-002589,lsimpson2589@example.com,Hardy PLC,lead,29,inbound,Small Business,Australia,2026-01-05 09:24:49,false,2026-04-01 06:30:00
HS-002590,hodgesemily2590@example.com,Taylor and Sons,marketingqualifiedlead,44,Cold Outreach,SmallBiz,Australia,2026-01-30 18:04:47,false,2026-04-01 06:30:00
HS-002591,schaeferscott2591@example.com,Wilson-Jimenez,marketingqualifiedlead,85,Cold Outreach,smb,Australia,2026-01-14 11:34:47,false,2026-04-01 06:30:00
HS-002592,jamesrodriguez2592@example.com,"Morgan, Barron and Cowan",lead,13,Paid Ads,Mid Market,United States,2026-01-18 16:27:36,false,2026-04-01 06:30:00
HS-002593,jasonshaw2593@example.com,"Butler, Hernandez and Rivera",lead,7,Paid Ads,smb,United States,2025-09-14 00:34:56,false,2026-04-01 06:30:00
HS-002594,katie712594@example.com,Scott Ltd,marketingqualifiedlead,51,inbound,SmallBiz,Germany,2026-03-08 00:13:45,false,2026-04-01 06:30:00
HS-002595,sara392595@example.com,Ramirez-Bean,marketingqualifiedlead,64,Outbound,Small Business,Australia,2026-03-16 06:55:36,false,2026-04-01 06:30:00
HS-002596,mariolee2596@example.com,Li PLC,marketingqualifiedlead,76,Partner,SMB,United States,2026-03-13 06:45:20,false,2026-04-01 06:30:00
HS-002597,kfloyd2597@example.com,Rodriguez Inc,lead,21,Inbound,MidMarket,Germany,2025-09-30 15:01:29,false,2026-04-01 06:30:00
HS-002598,markblack2598@example.com,Johnson-Carlson,lead,31,Outbound,MidMarket,Germany,2025-09-15 14:20:18,false,2026-04-01 06:30:00
HS-002599,yvaldez2599@example.com,Boone-Simmons,marketingqualifiedlead,89,Cold Outreach,Mid-Market,Canada,2026-03-21 08:16:24,false,2026-04-01 06:30:00
HS-002599D,yvaldez2599@example.com,Boone-Simmons,marketingqualifiedlead,89,Cold Outreach,Mid-Market,Canada,2026-03-21 08:16:24,false,2026-04-01 06:30:00
HS-002600,rchan2600@example.com,Richards-Carson,marketingqualifiedlead,83,Outbound,MidMarket,Canada,2025-11-07 08:22:48,false,2026-04-01 06:30:00
HS-002601,sarahkennedy2601@example.com,Mckee-Lee,lead,15,inbound,MM,United Kingdom,2025-10-01 01:28:29,false,2026-04-01 06:30:00
HS-002602,nathan452602@example.com,Clark Inc,lead,27,Content,Small Business,United Kingdom,2025-11-11 14:33:52,false,2026-04-01 06:30:00
HS-002603,maria572603@example.com,Young-Martinez,marketingqualifiedlead,80,Outbound,Mid Market,Germany,2025-11-16 16:52:52,false,2026-04-01 06:30:00
HS-002604,ronald662604@example.com,Duran Group,lead,23,inbound,MM,United States,2026-01-21 19:29:28,false,2026-04-01 06:30:00
HS-002605,gillrichard2605@example.com,"Herrera, Jensen and Ramirez",marketingqualifiedlead,86,Channel,ENT,Canada,2025-09-15 14:37:59,false,2026-04-01 06:30:00
HS-002606,zgomez2606@example.com,Sheppard-Mcdaniel,marketingqualifiedlead,83,Inbound,Mid-Market,United Kingdom,2025-11-14 03:41:11,false,2026-04-01 06:30:00
HS-002607,theresawang2607@example.com,Osborne LLC,lead,35,Outbound,smb,United Kingdom,2025-11-29 01:48:35,false,2026-04-01 06:30:00
HS-002608,cardenasjames2608@example.com,Goodwin-Stokes,lead,22,Paid Ads,enterprise,United States,2026-02-26 12:53:03,false,2026-04-01 06:30:00
HS-002609,kenneth502609@example.com,Johnson-Wood,lead,36,inbound,MidMarket,United States,2026-01-10 03:18:50,false,2026-04-01 06:30:00
HS-002610,ronald652610@example.com,"Martin, Preston and Moore",lead,31,IB,ENT,United Kingdom,2026-03-16 17:31:07,false,2026-04-01 06:30:00
HS-002611,laurenwilliamson2611@example.com,"Watson, Anderson and Brown",marketingqualifiedlead,56,Partner,Small Business,Canada,2025-11-25 03:01:29,false,2026-04-01 06:30:00
HS-002612,ggates2612@example.com,Price LLC,marketingqualifiedlead,86,Event,Mid-Market,Canada,2026-02-08 22:53:50,false,2026-04-01 06:30:00
HS-002613,sanchezmark2613@example.com,Phillips LLC,marketingqualifiedlead,90,Partner,SMB,Australia,2025-10-08 22:46:10,false,2026-04-01 06:30:00
HS-002614,ldavid2614@example.com,Conner and Sons,lead,8,Content,SmallBiz,United States,2026-02-21 21:15:53,false,2026-04-01 06:30:00
HS-002615,ccrane2615@example.com,Vargas PLC,lead,25,IB,Mid-Market,United States,2025-11-02 11:05:57,false,2026-04-01 06:30:00
HS-002616,twatts2616@example.com,Wright and Sons,lead,8,Cold Outreach,MidMarket,United Kingdom,2025-12-19 04:41:19,false,2026-04-01 06:30:00
HS-002617,mwright2617@example.com,Monroe-Carpenter,marketingqualifiedlead,77,IB,MidMarket,United Kingdom,2025-12-13 20:56:10,false,2026-04-01 06:30:00
HS-002618,dbrown2618@arcline.com,"Obrien, Taylor and Rivas",lead,20,Cold Outreach,MidMarket,Canada,2026-01-30 02:25:17,true,2026-04-01 06:30:00
HS-002619,joshua572619@example.com,Scott Ltd,lead,38,Event,SmallBiz,Germany,2026-01-08 11:20:00,false,2026-04-01 06:30:00
HS-002620,daniel212620@example.com,Bishop and Sons,marketingqualifiedlead,44,Partner,SMB,Canada,2026-01-28 09:36:08,false,2026-04-01 06:30:00
HS-002621,tiffany622621@example.com,Harvey PLC,marketingqualifiedlead,58,Channel,SmallBiz,United States,2025-12-09 16:05:34,false,2026-04-01 06:30:00
HS-002622,brittanyandrews2622@example.com,Howell and Sons,marketingqualifiedlead,48,IB,Strategic,United Kingdom,2026-01-13 08:20:13,false,2026-04-01 06:30:00
HS-002623,gonzalesmark2623@example.com,Walker PLC,marketingqualifiedlead,61,Inbound,smb,United Kingdom,2025-08-31 10:48:17,false,2026-04-01 06:30:00
HS-002624,angela402624@example.com,"Edwards, Hines and Jimenez",lead,22,Cold Outreach,MM,United Kingdom,2025-12-13 22:21:30,false,2026-04-01 06:30:00
HS-002625,kelseyjones2625@example.com,Hill Inc,marketingqualifiedlead,81,Inbound,SmallBiz,Canada,2025-12-24 05:17:04,false,2026-04-01 06:30:00
HS-002626,susan572626@example.com,Ferrell-Henry,lead,32,Cold Outreach,ENT,Germany,2026-02-17 17:07:41,false,2026-04-01 06:30:00
HS-002627,jackmcdonald2627@example.com,"Lamb, Martin and Kim",marketingqualifiedlead,58,Inbound,Mid-Market,Australia,2025-11-13 02:34:09,false,2026-04-01 06:30:00
HS-002628,mcox2628@example.com,Lee-Wright,lead,5,Inbound,smb,Canada,2026-03-07 22:21:36,false,2026-04-01 06:30:00
HS-002629,jonathan022629@example.com,"Smith, Buck and Holland",lead,27,Outbound,Small Business,United States,2025-11-08 08:20:08,false,2026-04-01 06:30:00
HS-002630,mayronald2630@example.com,Williams Ltd,lead,17,Content,Enterprise,Germany,2025-09-05 11:28:25,false,2026-04-01 06:30:00
HS-002631,hyates2631@example.com,Moore-Ayala,marketingqualifiedlead,59,Outbound,Mid-Market,United States,2026-02-26 14:21:28,false,2026-04-01 06:30:00
HS-002632,durhamwilliam2632@arcline.com,Brennan-Johnson,lead,28,Event,SMB,Australia,2025-09-12 01:14:05,true,2026-04-01 06:30:00
HS-002633,knightwendy2633@example.com,Byrd-Holloway,lead,22,Inbound,MidMarket,Germany,2025-11-20 06:26:26,false,2026-04-01 06:30:00
HS-002634,kristy742634@example.com,Lee-Cooke,marketingqualifiedlead,60,outbound,SmallBiz,United Kingdom,2025-12-20 10:32:00,false,2026-04-01 06:30:00
HS-002635,cynthia192635@example.com,Lee-Wright,lead,31,Paid,Small Business,Canada,2025-09-13 22:19:57,false,2026-04-01 06:30:00
HS-002636,mccannkimberly2636@example.com,"Shields, Cochran and Adams",lead,21,PPC,SmallBiz,Australia,2026-02-27 22:24:32,false,2026-04-01 06:30:00
HS-002637,laurenmathis2637@example.com,Carter LLC,marketingqualifiedlead,76,Content,smb,United States,2026-02-22 18:25:02,false,2026-04-01 06:30:00
HS-002638,berrytaylor2638@example.com,Atkinson LLC,lead,23,Inbound,Small Business,Canada,2025-11-30 15:04:27,false,2026-04-01 06:30:00
HS-002639,karenwang2639@example.com,"Johnson, Lee and Whitaker",lead,27,Inbound,Small Business,United States,2026-01-31 14:59:54,false,2026-04-01 06:30:00
HS-002640,dmeyers2640@example.com,"Johnson, Lee and Whitaker",lead,36,Paid,SMB,United States,2025-10-26 14:58:50,false,2026-04-01 06:30:00
HS-002641,vpreston2641@example.com,"Carlson, Hooper and Wall",marketingqualifiedlead,85,outbound,smb,United Kingdom,2025-09-03 11:32:11,false,2026-04-01 06:30:00
HS-002642,debrajones2642@example.com,Smith-Ferguson,lead,11,inbound,SMB,Germany,2025-10-07 15:23:04,false,2026-04-01 06:30:00
HS-002643,shawn602643@example.com,Williams Ltd,marketingqualifiedlead,60,Inbound,Strategic,Germany,2025-09-27 22:02:30,false,2026-04-01 06:30:00
HS-002644,aandrews2644@example.com,Hernandez-Dawson,marketingqualifiedlead,48,inbound,smb,Australia,2025-09-16 01:09:43,false,2026-04-01 06:30:00
HS-002645,osmith2645@example.com,Davis PLC,lead,9,IB,Mid Market,United States,2026-02-25 03:04:25,false,2026-04-01 06:30:00
HS-002646,ronald432646@example.com,"Turner, Ortiz and Taylor",lead,8,outbound,ENT,Germany,2025-10-13 12:11:55,false,2026-04-01 06:30:00
HS-002647,amanda392647@example.com,Alvarado-Davidson,marketingqualifiedlead,77,Referral,MM,United Kingdom,2025-12-01 18:16:24,false,2026-04-01 06:30:00
HS-002648,patricia922648@example.com,Marsh-Banks,marketingqualifiedlead,57,Channel,Small Business,United States,2025-11-04 23:48:58,false,2026-04-01 06:30:00
HS-002649,kendraharris2649@example.com,Lopez Ltd,lead,39,Content Download,Mid Market,United Kingdom,2026-03-25 08:03:17,false,2026-04-01 06:30:00
HS-002650,craigferguson2650@example.com,Scott and Sons,lead,19,Content,SmallBiz,United Kingdom,2026-02-06 04:53:10,false,2026-04-01 06:30:00
HS-002651,chanamber2651@example.com,"Tapia, Vaughn and Lee",lead,39,Outbound,Small Business,Canada,2025-09-30 06:23:38,false,2026-04-01 06:30:00
HS-002652,murphyleslie2652@example.com,Hunt PLC,lead,34,Inbound,smb,Germany,2025-09-04 15:16:20,false,2026-04-01 06:30:00
HS-002653,dominiqueharris2653@example.com,Holland Group,marketingqualifiedlead,75,Inbound,Small Business,United States,2026-02-10 07:09:19,false,2026-04-01 06:30:00
HS-002654,rogernelson2654@example.com,"Ferrell, Jones and Lewis",lead,36,IB,enterprise,United Kingdom,2025-12-07 04:22:54,false,2026-04-01 06:30:00
HS-002655,kelseyjohnson2655@example.com,Schmidt PLC,marketingqualifiedlead,73,inbound,Mid Market,United States,2026-03-15 07:10:01,false,2026-04-01 06:30:00
HS-002656,ymartinez2656@example.com,Owens-Russell,lead,38,Trade Show,SMB,Germany,2026-02-18 00:32:52,false,2026-04-01 06:30:00
HS-002657,wallacejulie2657@example.com,"Johnson, Jimenez and Phillips",lead,38,Word of Mouth,smb,United Kingdom,2025-10-15 01:08:16,false,2026-04-01 06:30:00
HS-002658,omargriffin2658@example.com,"Williams, Logan and Camacho",lead,12,PPC,smb,Canada,2025-10-29 01:07:38,false,2026-04-01 06:30:00
HS-002659,xgonzalez2659@example.com,Gilbert-Bullock,lead,22,Inbound,SMB,United States,2025-11-19 02:28:43,false,2026-04-01 06:30:00
HS-002660,hlawrence2660@example.com,"Matthews, Harrington and Rodriguez",lead,5,Channel,Small Business,Germany,2025-10-11 09:39:22,false,2026-04-01 06:30:00
HS-002661,costawilliam2661@example.com,"Durham, Hopkins and Smith",lead,8,outbound,smb,United Kingdom,2025-12-22 15:54:32,false,2026-04-01 06:30:00
HS-002662,martinjason2662@example.com,"Guerrero, Peck and Coleman",lead,6,Inbound,SMB,Germany,2025-11-08 01:27:27,false,2026-04-01 06:30:00
HS-002663,wyang2663@example.com,"Greer, Potter and Evans",lead,32,inbound,Mid-Market,United States,2025-11-27 14:44:42,false,2026-04-01 06:30:00
HS-002664,robert312664@example.com,Mendez-Graham,marketingqualifiedlead,71,Content Download,SMB,Australia,2025-11-14 17:42:50,false,2026-04-01 06:30:00
HS-002665,timothy812665@example.com,Torres and Sons,lead,7,Outbound,MM,Australia,2025-12-25 07:18:11,false,2026-04-01 06:30:00
HS-002666,ysmith2666@example.com,Brown-Shaw,marketingqualifiedlead,46,IB,SmallBiz,United States,2026-02-28 03:19:05,false,2026-04-01 06:30:00
HS-002667,gross2667@example.com,Jones PLC,marketingqualifiedlead,88,Channel,Mid-Market,Canada,2025-08-24 10:25:28,false,2026-04-01 06:30:00
HS-002668,michael412668@example.com,Jackson-Wallace,marketingqualifiedlead,50,Cold Outreach,MidMarket,Germany,2026-03-12 03:55:23,false,2026-04-01 06:30:00
HS-002669,pbautista2669@example.com,"Mccall, Hanson and Alvarado",marketingqualifiedlead,51,Event,Small Business,United Kingdom,2025-11-17 12:54:29,false,2026-04-01 06:30:00
HS-002670,jerome162670@example.com,Anderson-Bailey,marketingqualifiedlead,89,outbound,SMB,United States,2025-10-23 22:24:30,false,2026-04-01 06:30:00
HS-002671,rsmith2671@example.com,Hernandez Ltd,lead,17,Referral,Strategic,Germany,2025-11-02 21:34:32,false,2026-04-01 06:30:00
HS-002672,brandon322672@example.com,"Harper, Smith and Buchanan",marketingqualifiedlead,51,Trade Show,MidMarket,United States,2025-09-04 13:24:13,false,2026-04-01 06:30:00
HS-002673,andersoneric2673@example.com,"Edwards, Baker and Anderson",lead,11,Trade Show,Strategic,United States,2026-03-03 13:35:19,false,2026-04-01 06:30:00
HS-002674,dfarmer2674@example.com,"Lloyd, Mckinney and Collins",lead,26,Event,smb,Germany,2025-09-11 22:49:06,false,2026-04-01 06:30:00
HS-002675,michelleguerrero2675@example.com,Thompson-Joyce,marketingqualifiedlead,72,outbound,Small Business,Germany,2026-03-06 15:52:54,false,2026-04-01 06:30:00
HS-002676,christina262676@example.com,"Adams, Hodge and Duke",lead,36,Content,smb,Australia,2025-11-22 18:25:14,false,2026-04-01 06:30:00
HS-002677,gregstone2677@example.com,Atkins PLC,marketingqualifiedlead,72,Event,Small Business,United Kingdom,2026-01-01 18:13:41,false,2026-04-01 06:30:00
HS-002678,judypatrick2678@example.com,"Fuller, Ingram and Moss",lead,24,Outbound,ENT,Canada,2025-10-21 03:25:30,false,2026-04-01 06:30:00
HS-002679,michaelbuckley2679@example.com,Diaz Inc,lead,33,Inbound,MM,Australia,2025-09-29 13:19:37,false,2026-04-01 06:30:00
HS-002680,anthonyharris2680@example.com,Edwards Ltd,marketingqualifiedlead,81,Content Download,Mid-Market,Australia,2025-12-11 03:08:34,false,2026-04-01 06:30:00
HS-002681,qgarrett2681@example.com,Jones Inc,marketingqualifiedlead,81,Channel,SmallBiz,United Kingdom,2026-03-25 10:59:36,false,2026-04-01 06:30:00
HS-002682,anthony052682@example.com,Gallagher and Sons,marketingqualifiedlead,73,inbound,MM,United States,2025-09-13 21:20:30,false,2026-04-01 06:30:00
HS-002683,onealaustin2683@example.com,Torres and Sons,lead,23,IB,MidMarket,Australia,2026-03-05 22:09:52,false,2026-04-01 06:30:00
HS-002684,robinwilliams2684@example.com,Martinez Inc,marketingqualifiedlead,79,inbound,smb,United States,2025-12-19 08:11:20,false,2026-04-01 06:30:00
HS-002685,ufarmer2685@example.com,Giles Ltd,marketingqualifiedlead,84,Content Download,enterprise,United States,2026-02-14 17:48:01,false,2026-04-01 06:30:00
HS-002686,ericsmith2686@arcline.com,"Morris, Campbell and Owens",lead,17,Outbound,SmallBiz,Canada,2025-11-13 04:48:44,true,2026-04-01 06:30:00
HS-002687,christophermcneil2687@example.com,Sandoval-Cunningham,marketingqualifiedlead,65,Outbound,Small Business,Canada,2025-12-02 08:24:48,false,2026-04-01 06:30:00
HS-002688,novaksteven2688@example.com,Jones PLC,lead,18,Channel,MM,Canada,2025-10-10 11:11:31,false,2026-04-01 06:30:00
HS-002689,ichase2689@example.com,"Mullen, Brewer and Hernandez",lead,37,Inbound,smb,Germany,2026-01-15 07:17:26,false,2026-04-01 06:30:00
HS-002690,mtaylor2690@example.com,"Walker, Hernandez and Baker",lead,31,Event,SMB,Canada,2025-10-04 07:54:09,false,2026-04-01 06:30:00
HS-002691,collinsterrance2691@example.com,May-Ross,marketingqualifiedlead,62,outbound,Small Business,Germany,2025-09-17 05:55:58,false,2026-04-01 06:30:00
HS-002692,david852692@example.com,"Rosales, Mitchell and Hines",marketingqualifiedlead,68,Cold Outreach,SmallBiz,Canada,2026-02-21 22:20:48,false,2026-04-01 06:30:00
HS-002693,woodskaitlyn2693@example.com,Hull Ltd,lead,20,inbound,smb,United Kingdom,2026-02-23 08:25:58,false,2026-04-01 06:30:00
HS-002694,davidrobertson2694@example.com,Boone-Davis,marketingqualifiedlead,72,IB,smb,United Kingdom,2026-01-12 23:40:01,false,2026-04-01 06:30:00
HS-002695,jeremiahmiller2695@example.com,Daugherty Ltd,lead,26,Outbound,Mid-Market,United Kingdom,2026-03-06 03:23:50,false,2026-04-01 06:30:00
HS-002696,lovejustin2696@example.com,Henry Group,marketingqualifiedlead,87,Cold Outreach,smb,United States,2025-10-19 17:25:53,false,2026-04-01 06:30:00
HS-002697,wrightjohn2697@example.com,"Gallegos, Adams and White",marketingqualifiedlead,63,Trade Show,smb,Canada,2026-01-10 06:06:18,false,2026-04-01 06:30:00
HS-002698,mark792698@example.com,White-Estes,lead,25,inbound,ENT,Germany,2025-10-29 03:58:42,false,2026-04-01 06:30:00
HS-002699,kathleen252699@example.com,Gibson-Freeman,lead,7,Content,enterprise,Germany,2025-10-22 12:09:40,false,2026-04-01 06:30:00
HS-002700,jbrooks2700@example.com,"Owen, Walker and Franklin",marketingqualifiedlead,84,Cold Outreach,smb,United States,2025-09-07 05:07:44,false,2026-04-01 06:30:00
HS-002701,adkinslauren2701@example.com,Harris-Lawson,lead,26,Outbound,smb,United States,2025-09-23 12:42:54,false,2026-04-01 06:30:00
HS-002702,bauertiffany2702@example.com,Wagner-King,lead,6,Cold Outreach,smb,Australia,2026-01-25 05:16:46,false,2026-04-01 06:30:00
HS-002703,thomasaustin2703@example.com,"Yates, Ramsey and Pittman",lead,35,Cold Outreach,Small Business,Germany,2025-11-12 18:52:40,false,2026-04-01 06:30:00
HS-002704,fernandomorris2704@example.com,"Bentley, Byrd and Orr",marketingqualifiedlead,78,Content Download,Small Business,United Kingdom,2026-01-11 02:16:36,false,2026-04-01 06:30:00
HS-002705,wwebb2705@example.com,"Moore, Hopkins and Le",lead,26,Event,smb,Germany,2026-02-14 09:06:23,false,2026-04-01 06:30:00
HS-002706,courtneymontoya2706@example.com,Lopez-Curry,lead,38,Event,Small Business,United States,2026-03-24 03:38:00,false,2026-04-01 06:30:00
HS-002707,nhayes2707@example.com,"Williams, Logan and Camacho",marketingqualifiedlead,83,Referral,SMB,Canada,2026-01-17 11:15:02,false,2026-04-01 06:30:00
HS-002708,ihowell2708@example.com,Hernandez Inc,marketingqualifiedlead,61,IB,Mid-Market,United Kingdom,2025-09-18 02:33:29,false,2026-04-01 06:30:00
HS-002709,rwilson2709@example.com,Burgess Group,marketingqualifiedlead,58,outbound,smb,United States,2025-09-12 15:19:09,false,2026-04-01 06:30:00
HS-002710,matthew242710@example.com,"Mckee, Gardner and Davenport",marketingqualifiedlead,41,IB,Small Business,United Kingdom,2025-10-29 19:34:19,false,2026-04-01 06:30:00
HS-002711,lindsay782711@example.com,"Lawson, Morris and Ramos",marketingqualifiedlead,52,IB,SmallBiz,United States,2026-02-28 22:32:32,false,2026-04-01 06:30:00
HS-002712,qalvarado2712@example.com,Hernandez PLC,lead,27,Cold Outreach,Mid-Market,Australia,2026-01-03 21:40:42,false,2026-04-01 06:30:00
HS-002713,kathryn412713@example.com,Gibbs-Bradley,marketingqualifiedlead,68,Referral,Small Business,Canada,2025-12-20 08:53:34,false,2026-04-01 06:30:00
HS-002714,ronald082714@example.com,"Jones, Mcmahon and Spence",lead,34,Cold Outreach,Enterprise,United States,2025-09-09 13:28:13,false,2026-04-01 06:30:00
HS-002715,codyhester2715@example.com,Wells Inc,marketingqualifiedlead,85,outbound,MM,Canada,2025-12-04 11:59:28,false,2026-04-01 06:30:00
HS-002716,martinezjennifer2716@example.com,Miller Group,marketingqualifiedlead,72,Outbound,smb,Australia,2025-10-15 05:29:27,false,2026-04-01 06:30:00
HS-002717,morganparker2717@example.com,"Wood, Tran and Cooper",lead,13,outbound,Small Business,Australia,2026-03-23 02:08:35,false,2026-04-01 06:30:00
HS-002718,ftran2718@example.com,Nelson-Cruz,marketingqualifiedlead,41,Paid Ads,Enterprise,Germany,2025-11-20 08:43:27,false,2026-04-01 06:30:00
HS-002719,raymondpugh2719@example.com,Ali PLC,lead,20,Cold Outreach,Small Business,Canada,2025-12-14 15:28:33,false,2026-04-01 06:30:00
HS-002720,donaldbecker2720@example.com,"Boyd, Gutierrez and Hill",lead,19,Trade Show,SMB,United Kingdom,2026-02-22 16:55:43,false,2026-04-01 06:30:00
HS-002721,gonzalezjulie2721@example.com,"Suarez, Shields and Hill",lead,15,Paid,smb,United States,2025-11-02 03:15:01,false,2026-04-01 06:30:00
HS-002722,annaschmidt2722@example.com,Reid Group,lead,27,Content Download,Enterprise,Australia,2026-03-24 07:19:51,false,2026-04-01 06:30:00
HS-002723,mcbridemichael2723@example.com,Nolan and Sons,lead,21,Partner,SMB,United States,2026-03-22 18:02:27,false,2026-04-01 06:30:00
HS-002724,heatherosborn2724@example.com,White-Estes,lead,30,Cold Outreach,Strategic,Germany,2025-12-09 02:26:55,false,2026-04-01 06:30:00
HS-002725,nicholasgarcia2725@example.com,"Clark, Guerrero and Moore",marketingqualifiedlead,65,Outbound,Enterprise,Germany,2026-01-12 12:20:08,false,2026-04-01 06:30:00
HS-002726,cynthiatrevino2726@example.com,"Smith, Garrison and Thomas",marketingqualifiedlead,64,Inbound,SmallBiz,United Kingdom,2025-12-10 12:38:56,false,2026-04-01 06:30:00
HS-002727,meganpotter2727@example.com,Rodriguez-Johnson,marketingqualifiedlead,70,IB,SMB,Canada,2026-01-04 13:26:14,false,2026-04-01 06:30:00
HS-002728,amberfriedman2728@example.com,"Ortiz, Smith and Deleon",lead,31,Content Download,Enterprise,Australia,2026-02-25 01:36:24,false,2026-04-01 06:30:00
HS-002729,rgarrison2729@example.com,Burns and Sons,lead,30,Word of Mouth,Mid-Market,Australia,2026-03-25 23:35:02,false,2026-04-01 06:30:00
HS-002730,haleystacy2730@example.com,Moore-Collins,marketingqualifiedlead,73,Outbound,SMB,Australia,2025-11-01 01:41:52,false,2026-04-01 06:30:00
HS-002731,peter862731@example.com,Marquez Inc,lead,34,Channel,MM,Canada,2025-11-10 13:09:06,false,2026-04-01 06:30:00
HS-002732,imcdonald2732@example.com,"Nguyen, Hill and Douglas",marketingqualifiedlead,69,Content Download,Small Business,Canada,2026-02-20 19:40:47,false,2026-04-01 06:30:00
HS-002733,aaron482733@example.com,"Miller, Harrell and Reese",marketingqualifiedlead,70,Outbound,Mid Market,United Kingdom,2025-09-27 06:58:25,false,2026-04-01 06:30:00
HS-002734,jason992734@example.com,"Scott, Mendoza and Harris",marketingqualifiedlead,43,PPC,SmallBiz,United Kingdom,2026-02-07 14:42:12,false,2026-04-01 06:30:00
HS-002735,brownrobert2735@example.com,Gray-Tran,marketingqualifiedlead,50,Cold Outreach,MM,Australia,2025-09-26 01:53:08,false,2026-04-01 06:30:00
HS-002736,timothymartin2736@example.com,Silva-Smith,lead,9,Content,MidMarket,Australia,2025-09-03 05:47:21,false,2026-04-01 06:30:00
HS-002737,petermoore2737@example.com,Stafford Inc,lead,16,Outbound,SMB,Australia,2025-09-11 21:38:48,false,2026-04-01 06:30:00
HS-002738,mmyers2738@example.com,Mcdonald-Bird,lead,24,PPC,Mid-Market,United Kingdom,2025-11-07 06:52:05,false,2026-04-01 06:30:00
HS-002739,maryjones2739@example.com,"Bernard, Warren and Combs",lead,16,Cold Outreach,smb,Australia,2025-11-11 15:49:33,false,2026-04-01 06:30:00
HS-002740,donald612740@example.com,Mayo Ltd,marketingqualifiedlead,70,inbound,Small Business,Australia,2026-01-08 15:01:08,false,2026-04-01 06:30:00
HS-002741,jamiethomas2741@example.com,Fernandez and Sons,marketingqualifiedlead,87,Paid Ads,MM,Germany,2025-10-09 13:50:40,false,2026-04-01 06:30:00
HS-002742,kathleen012742@example.com,Welch-Thompson,lead,24,IB,ENT,Germany,2025-12-20 22:49:17,false,2026-04-01 06:30:00
HS-002743,alexandria972743@example.com,"Hernandez, Cole and Watson",marketingqualifiedlead,66,Event,enterprise,Canada,2025-12-29 20:33:44,false,2026-04-01 06:30:00
HS-002744,donnaevans2744@example.com,Perez-White,marketingqualifiedlead,57,Inbound,SMB,United Kingdom,2025-09-22 03:16:43,false,2026-04-01 06:30:00
HS-002745,weaverchelsea2745@example.com,Hicks-Hill,marketingqualifiedlead,72,Event,SmallBiz,United States,2025-10-05 21:30:14,false,2026-04-01 06:30:00
HS-002746,chadwerner2746@example.com,Jackson-Meza,marketingqualifiedlead,72,IB,smb,United Kingdom,2026-03-07 19:01:10,false,2026-04-01 06:30:00
HS-002747,nancy062747@example.com,"Vang, Stanley and Valdez",marketingqualifiedlead,62,Channel,smb,United Kingdom,2025-11-17 00:22:49,false,2026-04-01 06:30:00
HS-002748,daniel762748@example.com,Hardy PLC,marketingqualifiedlead,41,Content Download,SmallBiz,Australia,2025-11-08 09:57:14,false,2026-04-01 06:30:00
HS-002748D,daniel762748@example.com,Hardy PLC,marketingqualifiedlead,41,Content Download,SmallBiz,Australia,2025-11-08 09:57:14,false,2026-04-01 06:30:00
HS-002749,nancyholt2749@example.com,"Lamb, Martin and Kim",lead,23,Channel,Mid-Market,Australia,2025-11-07 23:08:37,false,2026-04-01 06:30:00
HS-002749D,nancyholt2749@example.com,"Lamb, Martin and Kim",lead,23,Channel,Mid-Market,Australia,2025-11-07 23:08:37,false,2026-04-01 06:30:00
HS-002750,oblake2750@example.com,"Holder, Young and Hendricks",marketingqualifiedlead,76,Inbound,MM,Canada,2026-03-11 17:44:30,false,2026-04-01 06:30:00
HS-002751,davisjessica2751@example.com,Davis-Lozano,lead,17,IB,smb,Canada,2025-11-24 03:06:07,false,2026-04-01 06:30:00
HS-002752,john762752@example.com,Butler and Sons,marketingqualifiedlead,47,IB,MM,United Kingdom,2026-03-19 01:37:07,false,2026-04-01 06:30:00
HS-002753,gbrown2753@example.com,Sutton-Abbott,lead,27,Event,SmallBiz,Australia,2026-02-03 04:01:24,false,2026-04-01 06:30:00
HS-002754,megan442754@example.com,"Newton, Moore and Perry",lead,20,IB,SMB,Australia,2026-03-04 07:37:38,false,2026-04-01 06:30:00
HS-002755,robert452755@example.com,Wilcox-Robertson,lead,18,Content,Small Business,United Kingdom,2025-12-22 10:10:15,false,2026-04-01 06:30:00
HS-002756,smithjennifer2756@example.com,Crane Group,lead,15,Inbound,SmallBiz,Germany,2025-10-01 20:57:07,false,2026-04-01 06:30:00
HS-002757,fsanchez2757@example.com,Boyle-Smith,lead,36,Content Download,smb,Germany,2026-01-07 04:19:11,false,2026-04-01 06:30:00
HS-002758,brittanywade2758@example.com,"Pierce, Bell and Chavez",lead,11,outbound,MidMarket,Germany,2025-10-29 00:47:32,false,2026-04-01 06:30:00
HS-002759,osbornmargaret2759@example.com,Weaver-Thompson,lead,31,IB,smb,Canada,2025-12-25 09:48:23,false,2026-04-01 06:30:00
HS-002760,kcastro2760@example.com,Rowe Group,lead,27,Inbound,SMB,Canada,2025-10-19 04:32:32,false,2026-04-01 06:30:00
HS-002761,qobrien2761@example.com,Russell Group,marketingqualifiedlead,59,Inbound,Mid-Market,United States,2025-08-29 15:42:25,false,2026-04-01 06:30:00
HS-002762,gwilliams2762@example.com,Trujillo PLC,lead,24,inbound,Small Business,Germany,2025-09-10 18:52:09,false,2026-04-01 06:30:00
HS-002763,johnstondavid2763@example.com,Stewart-Bailey,lead,18,Referral,SmallBiz,Australia,2026-02-20 05:00:03,false,2026-04-01 06:30:00
HS-002764,michaelchambers2764@example.com,Taylor Inc,lead,21,Outbound,Strategic,Canada,2026-02-27 09:03:03,false,2026-04-01 06:30:00
HS-002765,tochoa2765@example.com,Lewis-Livingston,lead,15,Outbound,SmallBiz,United States,2026-01-20 17:08:23,false,2026-04-01 06:30:00
HS-002766,reedkristin2766@example.com,"Norris, Callahan and Bishop",lead,33,Cold Outreach,SmallBiz,United Kingdom,2025-11-17 07:05:42,false,2026-04-01 06:30:00
HS-002767,hberry2767@example.com,"Wise, Conley and Stephenson",marketingqualifiedlead,41,outbound,Small Business,Australia,2026-02-11 00:34:58,false,2026-04-01 06:30:00
HS-002768,bentleylisa2768@example.com,Lopez Group,marketingqualifiedlead,41,outbound,SMB,United States,2025-09-10 22:32:29,false,2026-04-01 06:30:00
HS-002769,bcaldwell2769@example.com,Dougherty-Lin,marketingqualifiedlead,62,inbound,Small Business,Canada,2026-03-02 05:07:49,false,2026-04-01 06:30:00
HS-002770,ashleyjohnson2770@example.com,Mendez-Graham,marketingqualifiedlead,80,Content Download,smb,Australia,2025-11-16 11:34:14,false,2026-04-01 06:30:00
HS-002771,corey602771@example.com,Perry-Davis,marketingqualifiedlead,59,Outbound,SMB,Australia,2025-12-22 04:47:48,false,2026-04-01 06:30:00
HS-002772,qatkinson2772@example.com,Dunn-Wilson,lead,16,PPC,Mid Market,United States,2025-11-16 07:18:46,false,2026-04-01 06:30:00
HS-002773,loretta552773@example.com,"Martinez, Richardson and Curry",lead,5,Event,Small Business,United States,2026-01-20 17:09:20,false,2026-04-01 06:30:00
HS-002774,joshuabowers2774@example.com,Gray Group,lead,9,Trade Show,Small Business,Canada,2026-02-23 18:23:54,false,2026-04-01 06:30:00
HS-002775,stephen422775@example.com,"Matthews, Smith and Hubbard",lead,5,Trade Show,smb,United States,2026-01-03 18:14:37,false,2026-04-01 06:30:00
HS-002776,angelaboyer2776@example.com,Cole-Palmer,lead,21,IB,SmallBiz,United Kingdom,2026-01-18 20:29:53,false,2026-04-01 06:30:00
HS-002777,joy522777@example.com,"Anderson, Dalton and Wilson",lead,17,inbound,smb,Germany,2025-09-25 21:24:25,false,2026-04-01 06:30:00
HS-002778,vgates2778@example.com,"Saunders, Ray and Cunningham",marketingqualifiedlead,55,inbound,MidMarket,Australia,2025-09-13 05:27:50,false,2026-04-01 06:30:00
HS-002779,christina352779@example.com,Turner-Sharp,marketingqualifiedlead,48,Content Download,MM,United States,2025-12-19 22:17:41,false,2026-04-01 06:30:00
HS-002780,craig162780@example.com,"Nelson, Hoffman and Nelson",marketingqualifiedlead,60,Inbound,SMB,United States,2026-01-17 12:05:58,false,2026-04-01 06:30:00
HS-002781,christy262781@example.com,Conner-Yu,marketingqualifiedlead,57,Cold Outreach,smb,United Kingdom,2025-11-18 03:45:26,false,2026-04-01 06:30:00
HS-002782,josephzimmerman2782@example.com,Robertson-Ramirez,lead,20,IB,Small Business,Canada,2025-11-14 22:19:39,false,2026-04-01 06:30:00
HS-002783,matthew752783@example.com,"Morrison, Hebert and Rogers",marketingqualifiedlead,70,IB,MM,Australia,2025-11-17 04:28:09,false,2026-04-01 06:30:00
HS-002784,susanmorris2784@example.com,Moon-White,lead,24,outbound,Mid-Market,Australia,2026-03-14 08:12:21,false,2026-04-01 06:30:00
HS-002785,lopezlance2785@example.com,Humphrey PLC,marketingqualifiedlead,61,outbound,Mid Market,Canada,2025-10-26 13:30:35,false,2026-04-01 06:30:00
HS-002786,katherine822786@example.com,Adams-Clayton,lead,29,Inbound,Mid Market,United States,2025-11-21 12:16:48,false,2026-04-01 06:30:00
HS-002787,emontgomery2787@example.com,Owens-Russell,marketingqualifiedlead,83,Event,smb,Germany,2026-01-07 04:18:31,false,2026-04-01 06:30:00
HS-002788,clarencedawson2788@example.com,Lewis Ltd,lead,38,Cold Outreach,ENT,Australia,2025-09-12 11:09:01,false,2026-04-01 06:30:00
HS-002789,jphelps2789@example.com,Holland Group,lead,29,outbound,Small Business,United States,2025-12-15 22:19:53,false,2026-04-01 06:30:00
HS-002790,amanda622790@example.com,Bruce-Williamson,lead,7,outbound,Enterprise,United States,2025-11-01 14:01:05,false,2026-04-01 06:30:00
HS-002791,vgarcia2791@example.com,Nicholson-Robertson,lead,13,Outbound,smb,Australia,2025-09-26 11:35:40,false,2026-04-01 06:30:00
HS-002792,christina152792@example.com,Chung-Stevens,lead,39,Channel,SMB,United States,2026-01-04 22:17:30,false,2026-04-01 06:30:00
HS-002793,scottwilliams2793@example.com,Novak PLC,lead,31,Trade Show,MM,United States,2026-03-03 22:23:35,false,2026-04-01 06:30:00
HS-002794,elizabethhill2794@example.com,Luna-Gallagher,marketingqualifiedlead,61,IB,smb,Canada,2025-09-12 14:24:10,false,2026-04-01 06:30:00
HS-002795,swalker2795@example.com,Thompson PLC,lead,18,Content Download,smb,Germany,2025-12-08 09:09:51,false,2026-04-01 06:30:00
HS-002796,johnperez2796@example.com,Zhang PLC,marketingqualifiedlead,42,Content,SmallBiz,United States,2025-11-03 10:21:27,false,2026-04-01 06:30:00
HS-002797,dustinphillips2797@example.com,"Price, Carlson and Andrews",marketingqualifiedlead,88,Content Download,Mid-Market,Germany,2026-03-06 00:10:24,false,2026-04-01 06:30:00
HS-002798,mathewstimothy2798@example.com,Warner-Gibson,lead,15,IB,SmallBiz,United Kingdom,2026-02-21 04:19:25,false,2026-04-01 06:30:00
HS-002799,jperry2799@example.com,Meadows PLC,lead,10,Channel,smb,Germany,2025-09-03 14:59:09,false,2026-04-01 06:30:00
HS-002800,robertabbott2800@example.com,"Johnson, Haynes and Meza",marketingqualifiedlead,81,Outbound,smb,United Kingdom,2025-10-29 07:38:13,false,2026-04-01 06:30:00
HS-002801,yburton2801@example.com,Gomez-Jenkins,lead,24,Channel,SmallBiz,United States,2026-03-19 03:03:37,false,2026-04-01 06:30:00
HS-002802,jasmine542802@example.com,Graham Group,marketingqualifiedlead,66,Content Download,Mid-Market,Canada,2025-11-28 19:54:51,false,2026-04-01 06:30:00
HS-002803,pwood2803@example.com,Herman-Walker,lead,13,Cold Outreach,smb,Canada,2025-11-13 09:05:34,false,2026-04-01 06:30:00
HS-002804,amber122804@example.com,Davis PLC,marketingqualifiedlead,84,inbound,Mid-Market,United States,2026-01-08 00:02:54,false,2026-04-01 06:30:00
HS-002805,michelle382805@example.com,Freeman-Chang,lead,35,Paid,smb,United Kingdom,2026-02-15 07:40:46,false,2026-04-01 06:30:00
HS-002806,colinlowery2806@example.com,Graham Group,marketingqualifiedlead,71,IB,Mid-Market,Canada,2025-12-21 05:42:00,false,2026-04-01 06:30:00
HS-002807,gnichols2807@example.com,Cox LLC,lead,13,Content,Small Business,Germany,2026-02-21 00:31:26,false,2026-04-01 06:30:00
HS-002808,jenniferrobbins2808@example.com,"Wright, Garcia and Deleon",lead,13,Content,Small Business,United Kingdom,2026-02-18 05:06:04,false,2026-04-01 06:30:00
HS-002809,stevenandrews2809@example.com,Phillips LLC,lead,15,Event,SMB,Australia,2025-09-04 20:58:09,false,2026-04-01 06:30:00
HS-002810,stevenssamuel2810@example.com,Khan LLC,lead,8,Word of Mouth,Mid Market,Germany,2026-02-19 10:40:34,false,2026-04-01 06:30:00
HS-002811,kbrown2811@example.com,"Lee, Horton and Snyder",lead,12,Referral,enterprise,Germany,2025-11-15 09:45:57,false,2026-04-01 06:30:00
HS-002812,castroangelica2812@example.com,"Johnson, Jimenez and Phillips",marketingqualifiedlead,50,inbound,smb,United Kingdom,2026-02-13 15:27:36,false,2026-04-01 06:30:00
HS-002813,huangthomas2813@example.com,Novak and Sons,lead,20,Channel,SMB,United States,2026-02-14 14:49:34,false,2026-04-01 06:30:00
HS-002814,brycegomez2814@example.com,Warner-Phillips,marketingqualifiedlead,71,Inbound,Mid-Market,Australia,2025-11-17 04:58:31,false,2026-04-01 06:30:00
HS-002815,ashley092815@example.com,Holmes-Mcintyre,lead,8,Outbound,Mid Market,United States,2026-03-24 17:43:36,false,2026-04-01 06:30:00
HS-002816,wjordan2816@example.com,Johnson and Sons,lead,6,Inbound,Small Business,United Kingdom,2026-03-01 07:42:07,false,2026-04-01 06:30:00
HS-002817,valerielewis2817@example.com,Bailey LLC,marketingqualifiedlead,65,Content Download,SMB,Canada,2026-02-15 06:15:50,false,2026-04-01 06:30:00
HS-002818,scollins2818@example.com,Baird-Sanchez,marketingqualifiedlead,78,Cold Outreach,SmallBiz,United States,2026-03-18 12:01:44,false,2026-04-01 06:30:00
HS-002819,mark982819@example.com,Parks-Pace,marketingqualifiedlead,87,Event,SmallBiz,Australia,2026-02-14 05:01:51,false,2026-04-01 06:30:00
HS-002820,ithomas2820@example.com,"Morales, Williams and Williams",marketingqualifiedlead,89,IB,Mid-Market,Germany,2025-09-19 04:45:23,false,2026-04-01 06:30:00
HS-002821,michelle902821@example.com,"Kennedy, Johnson and Lucas",lead,22,Cold Outreach,SmallBiz,Canada,2025-11-06 14:39:45,false,2026-04-01 06:30:00
HS-002822,briana192822@example.com,Chambers and Sons,lead,32,IB,ENT,United States,2025-11-22 09:50:52,false,2026-04-01 06:30:00
HS-002823,morenojessica2823@example.com,Campbell-Clark,marketingqualifiedlead,62,Referral,SMB,Germany,2025-10-09 11:38:15,false,2026-04-01 06:30:00
HS-002823D,morenojessica2823@example.com,Campbell-Clark,marketingqualifiedlead,62,Referral,SMB,Germany,2025-10-09 11:38:15,false,2026-04-01 06:30:00
HS-002824,johnguzman2824@example.com,Gomez-Jenkins,marketingqualifiedlead,59,PPC,SMB,United States,2025-09-12 06:50:40,false,2026-04-01 06:30:00
HS-002825,maryjohnson2825@example.com,"Johnson, Guzman and Mccall",marketingqualifiedlead,57,inbound,smb,Australia,2025-10-15 05:00:53,false,2026-04-01 06:30:00
HS-002825D,maryjohnson2825@example.com,"Johnson, Guzman and Mccall",marketingqualifiedlead,57,inbound,smb,Australia,2025-10-15 05:00:53,false,2026-04-01 06:30:00
HS-002826,vchandler2826@example.com,Stewart Ltd,marketingqualifiedlead,60,Event,SmallBiz,Germany,2026-03-13 21:01:09,false,2026-04-01 06:30:00
HS-002827,davisrichard2827@example.com,"Gray, Montoya and Miller",marketingqualifiedlead,65,Event,smb,Canada,2025-11-27 10:41:23,false,2026-04-01 06:30:00
HS-002828,yballard2828@example.com,"Lee, Rhodes and Sims",lead,29,IB,smb,Canada,2026-01-01 12:26:55,false,2026-04-01 06:30:00
HS-002828D,yballard2828@example.com,"Lee, Rhodes and Sims",lead,29,IB,smb,Canada,2026-01-01 12:26:55,false,2026-04-01 06:30:00
HS-002829,vtaylor2829@example.com,"Kim, Gonzales and Mills",marketingqualifiedlead,52,Trade Show,SmallBiz,Canada,2025-09-27 14:24:59,false,2026-04-01 06:30:00
HS-002830,codykelly2830@example.com,"Robinson, Jones and Welch",marketingqualifiedlead,67,Partner,Small Business,Germany,2025-10-21 02:27:45,false,2026-04-01 06:30:00
HS-002830D,codykelly2830@example.com,"Robinson, Jones and Welch",marketingqualifiedlead,67,Partner,Small Business,Germany,2025-10-21 02:27:45,false,2026-04-01 06:30:00
HS-002831,fkoch2831@example.com,Davis Ltd,lead,15,inbound,SmallBiz,United States,2026-02-16 22:37:25,false,2026-04-01 06:30:00
HS-002832,lopezrichard2832@example.com,Brown Group,lead,34,Inbound,Mid Market,United States,2025-12-16 19:32:08,false,2026-04-01 06:30:00
HS-002833,michaelholland2833@example.com,"Booker, Jones and Harrington",marketingqualifiedlead,88,IB,SMB,United States,2026-01-28 08:15:36,false,2026-04-01 06:30:00
HS-002834,morgankaren2834@example.com,"Nguyen, Hill and Douglas",lead,32,Event,SmallBiz,Canada,2025-10-14 17:08:25,false,2026-04-01 06:30:00
HS-002835,andrew902835@example.com,Lewis-Livingston,lead,39,Event,SMB,United States,2025-10-07 13:32:09,false,2026-04-01 06:30:00
HS-002836,flemingcody2836@example.com,Armstrong-Andrews,marketingqualifiedlead,72,Inbound,SMB,United Kingdom,2025-09-15 05:38:39,false,2026-04-01 06:30:00
HS-002837,stuartallison2837@example.com,"Kelley, Nguyen and Vang",lead,22,Inbound,Mid Market,United Kingdom,2025-12-19 17:04:21,false,2026-04-01 06:30:00
HS-002838,murphykevin2838@example.com,"Shields, Cochran and Adams",marketingqualifiedlead,46,IB,Small Business,Australia,2026-03-26 12:54:20,false,2026-04-01 06:30:00
HS-002839,michele232839@example.com,May Ltd,marketingqualifiedlead,64,IB,SMB,Canada,2025-09-16 21:32:26,false,2026-04-01 06:30:00
HS-002840,nwhite2840@example.com,Rivera Inc,marketingqualifiedlead,83,Content,smb,United Kingdom,2026-02-17 22:36:12,false,2026-04-01 06:30:00
HS-002841,collin292841@example.com,"Burgess, Grant and Watts",marketingqualifiedlead,78,Inbound,Mid Market,Australia,2026-03-12 16:27:07,false,2026-04-01 06:30:00
HS-002842,audrey722842@example.com,Garcia LLC,marketingqualifiedlead,65,inbound,SMB,United States,2025-12-03 14:15:03,false,2026-04-01 06:30:00
HS-002843,lisawallace2843@example.com,"Marks, Miller and Griffin",lead,15,IB,smb,United Kingdom,2025-09-20 08:56:55,false,2026-04-01 06:30:00
HS-002844,mcconnellpamela2844@example.com,Drake-Wolfe,marketingqualifiedlead,73,Outbound,Strategic,Australia,2026-01-11 21:58:55,false,2026-04-01 06:30:00
HS-002845,aguirrelarry2845@example.com,Ellis-Lawrence,marketingqualifiedlead,54,Cold Outreach,SMB,United States,2025-08-25 19:35:24,false,2026-04-01 06:30:00
HS-002846,daniel292846@example.com,Miller Inc,marketingqualifiedlead,45,Word of Mouth,SmallBiz,Germany,2025-11-24 01:58:00,false,2026-04-01 06:30:00
HS-002847,racheljimenez2847@example.com,Li PLC,lead,21,Content Download,smb,United States,2026-03-29 07:42:54,false,2026-04-01 06:30:00
HS-002848,wendymora2848@example.com,Carlson-Smith,lead,21,Trade Show,SMB,Canada,2026-02-11 23:13:13,false,2026-04-01 06:30:00
HS-002849,jmcfarland2849@example.com,"Lopez, Jacobs and Mason",lead,32,Outbound,Strategic,Canada,2025-09-05 05:27:17,false,2026-04-01 06:30:00
HS-002850,hbowers2850@example.com,Mccall-Prince,lead,13,Content,SmallBiz,Germany,2026-01-20 16:51:33,false,2026-04-01 06:30:00
HS-002851,morganmichael2851@example.com,Wilson-Jones,marketingqualifiedlead,77,Cold Outreach,SMB,Canada,2026-03-15 12:35:33,false,2026-04-01 06:30:00
HS-002852,susanhenry2852@example.com,"Thompson, Moore and Castro",lead,20,Paid Ads,MM,Australia,2026-01-21 00:30:50,false,2026-04-01 06:30:00
HS-002853,dwilliams2853@example.com,Gonzales-Harrison,lead,16,outbound,MidMarket,United Kingdom,2025-11-14 07:22:59,false,2026-04-01 06:30:00
HS-002854,qcochran2854@example.com,Terry-Martinez,marketingqualifiedlead,79,inbound,Strategic,Germany,2025-12-24 11:58:03,false,2026-04-01 06:30:00
HS-002855,abbottchristopher2855@example.com,Davis PLC,lead,38,Inbound,Mid Market,United States,2026-01-07 11:02:37,false,2026-04-01 06:30:00
HS-002856,rhonda992856@example.com,Humphrey-Baker,marketingqualifiedlead,69,PPC,ENT,Germany,2026-02-01 21:38:28,false,2026-04-01 06:30:00
HS-002857,psherman2857@example.com,"Patton, Parsons and Lane",marketingqualifiedlead,55,Channel,smb,United States,2026-03-02 03:23:01,false,2026-04-01 06:30:00
HS-002858,justintaylor2858@example.com,Barton-Chapman,marketingqualifiedlead,86,IB,SMB,Australia,2025-08-25 23:47:12,false,2026-04-01 06:30:00
HS-002859,kellysims2859@example.com,"Terry, Williams and Huff",marketingqualifiedlead,80,Inbound,smb,United States,2026-02-05 05:07:54,false,2026-04-01 06:30:00
HS-002860,fgraham2860@example.com,"Pollard, Simpson and Johnson",lead,31,Trade Show,smb,United States,2025-12-16 22:28:53,false,2026-04-01 06:30:00
HS-002861,gjohnson2861@example.com,Gomez-Jenkins,marketingqualifiedlead,83,Paid,smb,United States,2025-09-14 15:50:50,false,2026-04-01 06:30:00
HS-002862,anna962862@example.com,"Washington, Ryan and Cummings",marketingqualifiedlead,51,Event,Mid Market,Australia,2025-10-04 20:20:43,false,2026-04-01 06:30:00
HS-002863,tyler402863@example.com,"Suarez, Shields and Hill",marketingqualifiedlead,72,Inbound,SmallBiz,United States,2025-09-10 08:47:45,false,2026-04-01 06:30:00
HS-002864,lopezchristopher2864@example.com,Mendez PLC,lead,20,Partner,Small Business,Germany,2025-09-23 00:02:34,false,2026-04-01 06:30:00
HS-002865,daniellestevenson2865@example.com,"Brown, Hurst and Blevins",lead,39,outbound,Mid Market,United States,2026-02-13 02:51:05,false,2026-04-01 06:30:00
HS-002866,williamskevin2866@example.com,Reid Group,lead,15,Cold Outreach,Enterprise,Australia,2026-02-10 21:56:28,false,2026-04-01 06:30:00
HS-002867,michaelmedina2867@example.com,Hardy PLC,marketingqualifiedlead,60,outbound,smb,Australia,2025-09-21 18:46:57,false,2026-04-01 06:30:00
HS-002868,hrodgers2868@example.com,White LLC,lead,13,Cold Outreach,SMB,Germany,2025-09-17 02:33:49,false,2026-04-01 06:30:00
HS-002869,williammaldonado2869@example.com,Foster-Mclaughlin,marketingqualifiedlead,40,Inbound,enterprise,United Kingdom,2026-01-16 04:54:26,false,2026-04-01 06:30:00
HS-002870,lozanocorey2870@example.com,Marshall-Perez,lead,30,Content,SmallBiz,Germany,2025-10-11 01:13:27,false,2026-04-01 06:30:00
HS-002871,patriciajoseph2871@example.com,Jones Inc,marketingqualifiedlead,57,Channel,SMB,United Kingdom,2025-12-05 15:45:51,false,2026-04-01 06:30:00
HS-002872,kleintyler2872@example.com,May Ltd,lead,11,PPC,Small Business,Canada,2025-10-26 10:27:50,false,2026-04-01 06:30:00
HS-002873,williamspatrick2873@example.com,"Hall, Hansen and Barnett",lead,25,outbound,smb,Australia,2025-10-13 17:21:10,false,2026-04-01 06:30:00
HS-002874,glassadam2874@example.com,Parks-Pace,marketingqualifiedlead,41,Paid,SmallBiz,Australia,2025-10-26 23:32:08,false,2026-04-01 06:30:00
HS-002875,donnaherman2875@example.com,Adams PLC,lead,13,Outbound,Small Business,United Kingdom,2025-12-02 01:18:51,false,2026-04-01 06:30:00
HS-002876,tracey632876@example.com,Allen-Allen,lead,10,PPC,SmallBiz,United States,2025-12-16 23:25:02,false,2026-04-01 06:30:00
HS-002876D,tracey632876@example.com,Allen-Allen,lead,10,PPC,SmallBiz,United States,2025-12-16 23:25:02,false,2026-04-01 06:30:00
HS-002877,samantha602877@example.com,"Bell, Campbell and Ryan",marketingqualifiedlead,69,Outbound,SmallBiz,Australia,2025-12-10 04:48:24,false,2026-04-01 06:30:00
HS-002878,donaldsanchez2878@example.com,Larson-Holloway,marketingqualifiedlead,62,outbound,smb,Canada,2025-12-27 13:23:57,false,2026-04-01 06:30:00
HS-002879,nicole692879@example.com,"Ochoa, Taylor and Brady",lead,31,inbound,Mid Market,United Kingdom,2025-12-12 10:50:11,false,2026-04-01 06:30:00
HS-002880,jamie462880@example.com,Burns-Ray,lead,17,PPC,MM,United Kingdom,2026-02-16 22:54:01,false,2026-04-01 06:30:00
HS-002881,perryrobert2881@example.com,Hicks-Hill,marketingqualifiedlead,80,Trade Show,SmallBiz,United States,2026-01-10 19:26:19,false,2026-04-01 06:30:00
HS-002882,megan372882@example.com,Moreno-Gutierrez,marketingqualifiedlead,65,Word of Mouth,Small Business,Germany,2026-02-22 23:05:21,false,2026-04-01 06:30:00
HS-002883,carol602883@example.com,Holmes-Mcintyre,lead,24,Content,MM,United States,2026-02-14 10:02:29,false,2026-04-01 06:30:00
HS-002884,sanderson2884@example.com,Richardson Ltd,lead,21,Paid,Small Business,Germany,2026-02-23 12:38:45,false,2026-04-01 06:30:00
HS-002885,chadwilson2885@example.com,Walker-Jones,lead,13,Outbound,Mid Market,Germany,2026-03-18 14:38:29,false,2026-04-01 06:30:00
HS-002886,rachelfreeman2886@example.com,"Monroe, Chapman and Barton",marketingqualifiedlead,56,Partner,SMB,Germany,2026-02-01 06:41:45,false,2026-04-01 06:30:00
HS-002887,amandajackson2887@example.com,Salas-Fitzgerald,lead,11,IB,SMB,Germany,2025-09-24 07:55:10,false,2026-04-01 06:30:00
HS-002888,stephanie642888@example.com,"Bentley, Byrd and Orr",lead,19,Content Download,smb,United Kingdom,2026-03-09 22:51:11,false,2026-04-01 06:30:00
HS-002889,justin942889@example.com,"Chavez, Jones and Williams",lead,28,Inbound,smb,United Kingdom,2025-09-14 16:06:00,false,2026-04-01 06:30:00
HS-002890,juarezralph2890@example.com,Donaldson and Sons,marketingqualifiedlead,58,Outbound,Mid Market,Germany,2025-11-27 22:31:48,false,2026-04-01 06:30:00
HS-002891,stephaniepeters2891@example.com,Contreras-Mckinney,marketingqualifiedlead,72,Outbound,SmallBiz,United Kingdom,2025-12-22 09:51:49,false,2026-04-01 06:30:00
HS-002892,hgonzalez2892@arcline.com,"Rios, Walker and Wright",lead,6,inbound,Mid-Market,Australia,2026-01-30 04:30:36,true,2026-04-01 06:30:00
HS-002893,harrisondaniel2893@example.com,Chambers and Sons,marketingqualifiedlead,83,Content Download,enterprise,United States,2025-10-14 00:17:09,false,2026-04-01 06:30:00
HS-002894,benjaminhughes2894@arcline.com,"Hurst, Freeman and Nelson",lead,21,Event,Small Business,Canada,2026-03-17 14:43:34,true,2026-04-01 06:30:00
HS-002895,farmerlindsay2895@example.com,Miller Inc,lead,28,Outbound,Mid Market,United Kingdom,2026-03-12 20:31:24,false,2026-04-01 06:30:00
HS-002896,ryanwood2896@example.com,Zhang PLC,marketingqualifiedlead,60,Cold Outreach,Small Business,United States,2026-02-27 00:13:53,false,2026-04-01 06:30:00
HS-002897,scotthammond2897@example.com,Stewart Ltd,lead,13,Cold Outreach,SmallBiz,Germany,2025-10-24 09:56:05,false,2026-04-01 06:30:00
HS-002898,kaylahardy2898@example.com,"White, Davis and Anderson",lead,20,Event,MidMarket,United States,2026-01-04 17:27:03,false,2026-04-01 06:30:00
HS-002899,carrollstacy2899@example.com,Miller-Orr,lead,35,Cold Outreach,enterprise,United Kingdom,2026-03-20 03:32:59,false,2026-04-01 06:30:00
HS-002900,michele422900@example.com,Morales and Sons,marketingqualifiedlead,68,Inbound,smb,United Kingdom,2025-09-05 04:12:35,false,2026-04-01 06:30:00
HS-002901,steven062901@example.com,Hall-Sullivan,marketingqualifiedlead,48,inbound,enterprise,Australia,2025-09-17 08:07:21,false,2026-04-01 06:30:00
HS-002902,shernandez2902@example.com,"Evans, Jackson and Sandoval",lead,19,inbound,Small Business,Australia,2025-09-23 23:27:34,false,2026-04-01 06:30:00
HS-002903,perezcourtney2903@example.com,Kirby and Sons,marketingqualifiedlead,84,outbound,Small Business,Canada,2025-11-25 13:24:31,false,2026-04-01 06:30:00
HS-002904,diane702904@example.com,"Price, Long and Wilson",lead,21,Channel,Mid-Market,United States,2026-01-16 05:18:48,false,2026-04-01 06:30:00
HS-002905,pjones2905@example.com,Schmitt PLC,lead,25,IB,smb,United States,2025-09-28 18:53:59,false,2026-04-01 06:30:00
HS-002906,angela282906@example.com,"Butler, Beck and Miller",lead,25,Partner,smb,Australia,2025-09-28 03:40:55,false,2026-04-01 06:30:00
HS-002907,brian162907@example.com,Lopez-Reid,lead,21,Inbound,Small Business,United Kingdom,2025-11-30 21:32:17,false,2026-04-01 06:30:00
HS-002908,montgomerygeoffrey2908@example.com,Guerra Ltd,marketingqualifiedlead,73,Cold Outreach,Mid-Market,United States,2026-02-20 06:58:46,false,2026-04-01 06:30:00
HS-002909,mitchell212909@example.com,Estrada-Nolan,marketingqualifiedlead,72,Outbound,Strategic,Germany,2025-12-21 03:21:13,false,2026-04-01 06:30:00
HS-002910,adamsmith2910@example.com,"Burns, Nolan and Griffin",marketingqualifiedlead,86,Cold Outreach,SMB,Canada,2026-02-12 05:11:09,false,2026-04-01 06:30:00
HS-002911,cervanteskayla2911@example.com,Williams LLC,lead,31,Content,smb,Germany,2025-11-01 09:00:33,false,2026-04-01 06:30:00
HS-002912,vincentkathleen2912@example.com,Lopez-Martinez,marketingqualifiedlead,55,Outbound,MM,Canada,2026-03-11 04:53:19,false,2026-04-01 06:30:00
HS-002913,elliottcharles2913@example.com,Moore Group,marketingqualifiedlead,56,Event,smb,Germany,2025-09-08 23:55:43,false,2026-04-01 06:30:00
HS-002914,ppineda2914@example.com,"Robinson, Jones and Welch",marketingqualifiedlead,55,Channel,smb,Germany,2026-02-28 08:01:41,false,2026-04-01 06:30:00
HS-002915,ncampbell2915@example.com,Stevens-Robinson,lead,20,Outbound,Small Business,Canada,2026-03-20 02:21:31,false,2026-04-01 06:30:00
HS-002916,vcole2916@example.com,Hunt PLC,marketingqualifiedlead,49,Partner,smb,Germany,2026-01-11 00:54:30,false,2026-04-01 06:30:00
HS-002917,feliciasalazar2917@example.com,"Ellis, Marks and Buchanan",lead,36,IB,SmallBiz,Australia,2025-10-06 02:38:51,false,2026-04-01 06:30:00
HS-002918,tina772918@example.com,Cordova Group,marketingqualifiedlead,55,outbound,Small Business,Australia,2026-02-01 09:39:14,false,2026-04-01 06:30:00
HS-002919,shawnsuarez2919@example.com,"Wood, Tran and Cooper",marketingqualifiedlead,70,Event,SMB,Australia,2025-10-17 14:48:15,false,2026-04-01 06:30:00
HS-002920,drewwalsh2920@example.com,"Chang, Ayers and Buckley",marketingqualifiedlead,83,Partner,MidMarket,United States,2025-10-08 19:04:38,false,2026-04-01 06:30:00
HS-002921,sylviaprice2921@example.com,May-Ross,lead,13,inbound,SmallBiz,Germany,2026-03-05 14:13:43,false,2026-04-01 06:30:00
HS-002922,nicole502922@example.com,Morgan-Schwartz,marketingqualifiedlead,55,Partner,smb,United States,2025-08-27 00:24:58,false,2026-04-01 06:30:00
HS-002923,jtrujillo2923@example.com,Ross LLC,lead,12,IB,SMB,Canada,2025-11-11 13:09:13,false,2026-04-01 06:30:00
HS-002924,stevensjennifer2924@example.com,"Gutierrez, Avila and Perez",lead,35,Inbound,smb,Canada,2025-11-25 05:08:05,false,2026-04-01 06:30:00
HS-002925,vanessamartinez2925@example.com,"Graham, Olsen and Costa",lead,35,Content Download,Small Business,Australia,2026-01-02 18:11:51,false,2026-04-01 06:30:00
HS-002926,jared662926@example.com,Miller-Montgomery,lead,5,Partner,SmallBiz,United States,2025-11-18 01:16:18,false,2026-04-01 06:30:00
HS-002927,cmurray2927@example.com,"Howard, Townsend and Hayes",lead,19,Referral,Small Business,United States,2026-03-28 05:45:34,false,2026-04-01 06:30:00
HS-002928,dfarley2928@example.com,"Clark, Salinas and Guerra",lead,38,Channel,smb,United Kingdom,2026-01-19 06:23:33,false,2026-04-01 06:30:00
HS-002929,matthew622929@example.com,"Pierce, Bell and Chavez",marketingqualifiedlead,74,Event,MM,Germany,2025-08-15 01:58:04,false,2026-04-01 06:30:00
HS-002930,johnmarquez2930@example.com,Jones LLC,lead,38,Paid Ads,SMB,United States,2025-12-16 08:15:59,false,2026-04-01 06:30:00
HS-002931,stacydaniel2931@example.com,Ortiz-Morgan,lead,14,Inbound,smb,Australia,2026-02-13 00:41:53,false,2026-04-01 06:30:00
HS-002932,rachel862932@example.com,Herman-Walker,lead,33,inbound,smb,Canada,2025-09-24 00:02:35,false,2026-04-01 06:30:00
HS-002933,dawn362933@example.com,King-Smith,marketingqualifiedlead,87,IB,MM,United Kingdom,2025-11-05 21:55:27,false,2026-04-01 06:30:00
HS-002934,theodoredaniels2934@example.com,Vargas-Snyder,lead,38,Outbound,SmallBiz,United States,2025-11-13 02:43:40,false,2026-04-01 06:30:00
HS-002935,xevans2935@example.com,Wilson-Salazar,lead,21,Cold Outreach,SMB,Australia,2026-03-25 16:42:18,false,2026-04-01 06:30:00
HS-002936,nwilliams2936@example.com,Sellers-Riddle,lead,20,Content Download,SmallBiz,Germany,2026-02-20 09:50:43,false,2026-04-01 06:30:00
HS-002937,andrea262937@example.com,Harvey-Allen,lead,39,Event,MidMarket,Canada,2025-10-05 10:43:36,false,2026-04-01 06:30:00
HS-002938,cwhite2938@example.com,Barnes Inc,lead,26,Paid,Enterprise,Canada,2026-01-12 14:16:39,false,2026-04-01 06:30:00
HS-002939,bensonpaul2939@example.com,Miller Group,marketingqualifiedlead,69,Inbound,smb,Australia,2025-09-28 04:30:48,false,2026-04-01 06:30:00
HS-002940,joshuareese2940@example.com,"Robinson, Fox and Smith",marketingqualifiedlead,85,outbound,SMB,Germany,2026-03-24 16:03:34,false,2026-04-01 06:30:00
HS-002941,danielleandrews2941@example.com,"Harris, Collins and Carney",lead,18,Content,Small Business,Australia,2025-12-26 07:24:38,false,2026-04-01 06:30:00
HS-002942,edwardstewart2942@example.com,"White, Davis and Anderson",lead,28,Content,MM,United States,2026-01-18 04:17:45,false,2026-04-01 06:30:00
HS-002943,mirandaanderson2943@example.com,"Tanner, Hunt and Cameron",marketingqualifiedlead,65,IB,SmallBiz,United States,2025-11-20 13:27:22,false,2026-04-01 06:30:00
HS-002944,wstewart2944@example.com,Boone-Davis,lead,27,Trade Show,SMB,United Kingdom,2026-02-26 23:14:03,false,2026-04-01 06:30:00
HS-002945,lowekristin2945@example.com,Schmitt PLC,lead,31,Outbound,smb,United States,2026-01-11 18:37:48,false,2026-04-01 06:30:00
HS-002946,smithsamantha2946@example.com,Morse PLC,marketingqualifiedlead,77,Trade Show,SMB,Australia,2026-01-26 20:31:42,false,2026-04-01 06:30:00
HS-002947,riverachristopher2947@example.com,White Ltd,lead,10,IB,Small Business,United States,2025-12-15 01:12:24,false,2026-04-01 06:30:00
HS-002948,james232948@example.com,"Beard, Peters and Black",lead,16,Cold Outreach,Mid Market,United States,2025-11-29 07:24:08,false,2026-04-01 06:30:00
HS-002949,mary592949@example.com,"Bartlett, Brown and Martinez",lead,5,Outbound,SmallBiz,United Kingdom,2026-02-16 02:28:47,false,2026-04-01 06:30:00
HS-002950,brandy772950@example.com,Wright Ltd,lead,10,Cold Outreach,Mid-Market,Germany,2025-11-11 12:17:53,false,2026-04-01 06:30:00
HS-002951,jane442951@example.com,Levy-May,lead,9,Partner,Small Business,United Kingdom,2025-12-06 08:34:12,false,2026-04-01 06:30:00
HS-002952,langernest2952@example.com,Wheeler PLC,marketingqualifiedlead,56,IB,Mid-Market,Canada,2025-10-05 03:53:12,false,2026-04-01 06:30:00
HS-002953,frankwilson2953@example.com,"Howard, Silva and Hall",marketingqualifiedlead,82,Inbound,Small Business,United Kingdom,2026-03-11 20:33:46,false,2026-04-01 06:30:00
HS-002954,jmoore2954@example.com,"Johnson, Jimenez and Phillips",lead,9,inbound,smb,United Kingdom,2025-10-15 18:32:56,false,2026-04-01 06:30:00
HS-002955,rgraves2955@example.com,Marshall-Elliott,lead,17,Trade Show,Mid Market,Australia,2026-03-03 15:11:11,false,2026-04-01 06:30:00
HS-002956,theresabeck2956@example.com,Suarez LLC,marketingqualifiedlead,70,inbound,SMB,Australia,2026-01-17 17:23:15,false,2026-04-01 06:30:00
HS-002957,reginadavis2957@example.com,Silva-Smith,marketingqualifiedlead,57,outbound,Mid-Market,Australia,2025-09-19 04:24:05,false,2026-04-01 06:30:00
HS-002958,taylorparker2958@example.com,Humphrey-Baker,lead,28,Outbound,ENT,Germany,2026-02-26 10:39:00,false,2026-04-01 06:30:00
HS-002959,xwoods2959@example.com,"Brandt, Carter and Boyd",lead,14,IB,smb,Australia,2025-10-26 20:48:23,false,2026-04-01 06:30:00
HS-002960,willisvanessa2960@example.com,Hernandez PLC,marketingqualifiedlead,84,Paid,MidMarket,Australia,2025-12-13 14:40:22,false,2026-04-01 06:30:00
HS-002961,sarah992961@example.com,"Bentley, Lynch and Henderson",marketingqualifiedlead,77,Content,MM,United States,2025-10-24 07:05:36,false,2026-04-01 06:30:00
HS-002962,sethsmith2962@example.com,"Adams, Hodge and Duke",marketingqualifiedlead,77,Partner,SMB,Australia,2026-02-13 13:59:44,false,2026-04-01 06:30:00
HS-002963,kpotts2963@example.com,Weaver-Thompson,lead,6,Paid,Small Business,Canada,2026-03-26 18:18:57,false,2026-04-01 06:30:00
HS-002964,nicole152964@example.com,Holt and Sons,lead,35,Inbound,Mid-Market,United States,2025-11-13 16:28:48,false,2026-04-01 06:30:00
HS-002965,thompsonclaire2965@example.com,Brown Group,lead,23,Partner,MidMarket,United States,2025-10-17 14:54:31,false,2026-04-01 06:30:00
HS-002966,hrangel2966@example.com,Johnson-Wood,marketingqualifiedlead,51,Cold Outreach,Mid Market,United States,2025-10-09 01:00:59,false,2026-04-01 06:30:00
HS-002967,suzanneflores2967@example.com,"Patterson, Smith and Jones",lead,11,Outbound,SMB,Germany,2025-09-27 07:51:27,false,2026-04-01 06:30:00
HS-002968,gomeztonya2968@example.com,Gray Group,lead,26,IB,SMB,Canada,2025-11-07 23:22:22,false,2026-04-01 06:30:00
HS-002969,lsmith2969@example.com,"Washington, Hardy and Bray",lead,19,Partner,smb,Australia,2026-01-22 14:43:22,false,2026-04-01 06:30:00
HS-002969D,lsmith2969@example.com,"Washington, Hardy and Bray",lead,19,Partner,smb,Australia,2026-01-22 14:43:22,false,2026-04-01 06:30:00
HS-002970,xfrey2970@example.com,"Howard, Townsend and Hayes",lead,15,outbound,Small Business,United States,2025-10-09 19:22:31,false,2026-04-01 06:30:00
HS-002971,james482971@example.com,Lam-Elliott,lead,30,Content Download,MM,United Kingdom,2025-11-12 17:13:40,false,2026-04-01 06:30:00
HS-002972,burnsrebecca2972@example.com,"Brown, Dunlap and Moore",lead,11,Event,Small Business,Canada,2026-02-12 06:38:19,false,2026-04-01 06:30:00
HS-002973,banksjackie2973@example.com,"White, Davis and Anderson",marketingqualifiedlead,65,Content,Mid-Market,United States,2025-12-27 00:37:01,false,2026-04-01 06:30:00
HS-002974,shane652974@example.com,"Brown, Howard and Smith",marketingqualifiedlead,86,Outbound,MidMarket,United States,2026-01-26 15:13:04,false,2026-04-01 06:30:00
HS-002975,nelsonwanda2975@example.com,"Powers, Clements and Cox",marketingqualifiedlead,74,Channel,smb,Canada,2025-11-21 23:50:17,false,2026-04-01 06:30:00
HS-002976,vhopkins2976@example.com,Owens-Holmes,marketingqualifiedlead,80,Word of Mouth,SMB,Germany,2025-11-10 20:28:31,false,2026-04-01 06:30:00
HS-002977,andersontiffany2977@example.com,"Newton, Ortiz and King",marketingqualifiedlead,52,Event,SMB,Australia,2026-02-09 17:31:12,false,2026-04-01 06:30:00
HS-002978,navarroandrew2978@example.com,Martin-Taylor,lead,17,Inbound,Small Business,United States,2026-02-14 18:45:08,false,2026-04-01 06:30:00
HS-002979,egonzalez2979@example.com,Nolan and Sons,marketingqualifiedlead,79,Content Download,smb,United States,2025-11-06 18:35:17,false,2026-04-01 06:30:00
HS-002980,sprice2980@example.com,"Evans, Hayden and Vaughn",lead,33,Outbound,Small Business,United States,2026-01-05 09:37:50,false,2026-04-01 06:30:00
HS-002981,heidi552981@example.com,Turner-Sharp,lead,11,outbound,Mid-Market,United States,2026-02-07 19:22:30,false,2026-04-01 06:30:00
HS-002982,vrussell2982@example.com,Finley Inc,lead,22,Outbound,Mid-Market,Australia,2025-09-09 11:31:10,false,2026-04-01 06:30:00
HS-002983,sherriball2983@example.com,"Robinson, Fox and Smith",lead,29,Outbound,SmallBiz,Germany,2025-11-26 21:04:54,false,2026-04-01 06:30:00
HS-002984,tracyadams2984@example.com,"Wood, Hunter and Peterson",marketingqualifiedlead,90,outbound,smb,Australia,2025-12-16 20:03:14,false,2026-04-01 06:30:00
HS-002985,fsellers2985@example.com,Wise-Dean,lead,28,Content,SMB,Australia,2025-10-17 10:04:49,false,2026-04-01 06:30:00
HS-002986,michelle102986@example.com,"Porter, Schultz and Allen",marketingqualifiedlead,42,Content,Mid-Market,United Kingdom,2025-10-04 14:26:27,false,2026-04-01 06:30:00
HS-002987,lindarodriguez2987@example.com,Smith and Sons,marketingqualifiedlead,71,Channel,Enterprise,Canada,2025-10-27 00:50:14,false,2026-04-01 06:30:00
HS-002988,thompsoncalvin2988@example.com,Duran Group,marketingqualifiedlead,76,Paid Ads,MidMarket,United States,2026-02-18 09:49:12,false,2026-04-01 06:30:00
HS-002989,kimberlyshields2989@example.com,Vaughn-Williams,lead,36,Content,Small Business,United Kingdom,2026-02-01 02:11:22,false,2026-04-01 06:30:00
HS-002990,sharpjill2990@example.com,"Brown, Dunlap and Moore",lead,12,Event,smb,Canada,2025-09-03 22:22:04,false,2026-04-01 06:30:00
HS-002991,molly912991@example.com,"Ellis, Marks and Buchanan",marketingqualifiedlead,70,Trade Show,Small Business,Australia,2025-10-09 03:30:26,false,2026-04-01 06:30:00
HS-002992,brandisheppard2992@example.com,"Sanchez, Wheeler and Harvey",lead,33,Cold Outreach,Strategic,Australia,2025-12-21 01:23:06,false,2026-04-01 06:30:00
HS-002993,vwelch2993@example.com,Giles Ltd,lead,25,IB,Enterprise,United States,2026-02-18 10:07:22,false,2026-04-01 06:30:00
HS-002994,salazarbrian2994@example.com,Lewis Inc,marketingqualifiedlead,79,Trade Show,MidMarket,United Kingdom,2026-03-03 21:52:44,false,2026-04-01 06:30:00
HS-002995,jamesreese2995@example.com,Johnston and Sons,marketingqualifiedlead,80,Inbound,SmallBiz,United Kingdom,2025-10-10 06:59:29,false,2026-04-01 06:30:00
HS-002996,lopezjennifer2996@example.com,"Martinez, Richardson and Curry",marketingqualifiedlead,80,Partner,Small Business,United States,2026-02-23 02:11:18,false,2026-04-01 06:30:00
HS-002997,smithlatasha2997@example.com,Hudson-Sanchez,lead,27,inbound,smb,Germany,2026-01-18 21:30:27,false,2026-04-01 06:30:00
HS-002998,jasonlove2998@example.com,"Harvey, Davis and Crane",marketingqualifiedlead,86,Trade Show,Small Business,Germany,2025-11-16 21:19:48,false,2026-04-01 06:30:00
HS-002999,hflores2999@example.com,"Gregory, Kim and Martinez",lead,28,Trade Show,SMB,Germany,2026-02-05 08:42:55,false,2026-04-01 06:30:00
HS-003000,thomasgonzalez3000@example.com,Li Inc,lead,24,Referral,enterprise,Germany,2025-11-05 17:30:00,false,2026-04-01 06:30:00
HS-003001,ljacobs3001@example.com,Kerr-Evans,marketingqualifiedlead,59,Trade Show,smb,United States,2025-10-28 03:00:36,false,2026-04-01 06:30:00
HS-003002,rroberts3002@example.com,Powers LLC,lead,11,IB,enterprise,Germany,2025-10-26 16:00:34,false,2026-04-01 06:30:00
HS-003003,ramoswilliam3003@example.com,Whitney PLC,marketingqualifiedlead,67,Paid Ads,Strategic,United Kingdom,2026-03-05 22:58:06,false,2026-04-01 06:30:00
HS-003004,thompsonjames3004@example.com,Barron and Sons,marketingqualifiedlead,51,Content,Small Business,Germany,2026-03-06 07:04:23,false,2026-04-01 06:30:00
HS-003005,nataliejohnston3005@example.com,Holmes-Mcintyre,marketingqualifiedlead,59,Trade Show,Mid-Market,United States,2026-02-05 06:42:44,false,2026-04-01 06:30:00
HS-003006,hollywarner3006@example.com,Lopez-Reid,marketingqualifiedlead,81,Content Download,smb,United Kingdom,2025-08-29 14:15:40,false,2026-04-01 06:30:00
HS-003007,lopezmelinda3007@example.com,"James, Stewart and Higgins",marketingqualifiedlead,66,outbound,ENT,Australia,2025-12-26 15:54:34,false,2026-04-01 06:30:00
HS-003008,franciscoreid3008@example.com,"Burns, Nolan and Griffin",lead,10,Cold Outreach,Small Business,Canada,2026-01-22 12:32:04,false,2026-04-01 06:30:00
HS-003009,carolyn843009@example.com,"Mcpherson, Anderson and Knapp",marketingqualifiedlead,50,Outbound,SMB,Canada,2025-11-01 19:51:13,false,2026-04-01 06:30:00
HS-003010,ronaldsummers3010@example.com,Mcneil Group,marketingqualifiedlead,85,Partner,smb,United Kingdom,2025-08-28 18:16:01,false,2026-04-01 06:30:00
HS-003011,alyssapena3011@example.com,"Wheeler, Rice and Levine",marketingqualifiedlead,90,Content,Small Business,Canada,2026-01-13 02:21:39,false,2026-04-01 06:30:00
HS-003012,juan213012@example.com,Gray Ltd,lead,39,Cold Outreach,Small Business,United States,2025-11-27 07:49:30,false,2026-04-01 06:30:00
HS-003013,brownmax3013@example.com,Gilbert PLC,lead,11,Outbound,Mid-Market,Canada,2025-10-02 09:38:45,false,2026-04-01 06:30:00
HS-003014,harveylisa3014@example.com,Davis Ltd,lead,19,outbound,smb,United States,2026-02-22 00:52:05,false,2026-04-01 06:30:00
HS-003015,craigrachel3015@example.com,Donovan-Perez,marketingqualifiedlead,46,IB,MidMarket,Germany,2025-12-08 03:25:41,false,2026-04-01 06:30:00
HS-003016,vsmith3016@example.com,Cortez LLC,marketingqualifiedlead,56,IB,Small Business,United Kingdom,2025-09-18 09:07:16,false,2026-04-01 06:30:00
HS-003017,floreskelsey3017@example.com,"Contreras, Miller and Cooper",marketingqualifiedlead,87,Word of Mouth,Enterprise,United Kingdom,2025-11-14 02:39:45,false,2026-04-01 06:30:00
HS-003018,helen913018@example.com,Carr-Huffman,lead,12,Event,SMB,Germany,2025-12-17 20:53:53,false,2026-04-01 06:30:00
HS-003019,jessica573019@example.com,Kramer-Lane,lead,33,outbound,smb,Australia,2026-01-07 23:54:47,false,2026-04-01 06:30:00
HS-003020,judy753020@example.com,Hayes and Sons,marketingqualifiedlead,44,outbound,enterprise,United States,2025-10-14 04:56:31,false,2026-04-01 06:30:00
HS-003021,fevans3021@example.com,"Lucas, Parker and Alexander",lead,25,Cold Outreach,MM,Canada,2025-09-11 15:37:24,false,2026-04-01 06:30:00
HS-003022,amy333022@example.com,"Pena, Cohen and Scott",lead,23,Trade Show,Mid Market,Canada,2026-02-16 05:29:53,false,2026-04-01 06:30:00
HS-003023,bradgomez3023@example.com,Henry Group,lead,12,Content,Small Business,United States,2025-11-10 17:44:48,false,2026-04-01 06:30:00
HS-003024,uhobbs3024@example.com,Ellis-Lawrence,marketingqualifiedlead,44,Inbound,Small Business,United States,2025-11-28 19:05:20,false,2026-04-01 06:30:00
HS-003025,dford3025@example.com,Ferrell-Henry,marketingqualifiedlead,90,Inbound,Strategic,Germany,2025-12-28 18:45:53,false,2026-04-01 06:30:00
HS-003026,vhernandez3026@example.com,"Marks, Stone and Watts",marketingqualifiedlead,68,Inbound,smb,Australia,2025-10-22 02:19:53,false,2026-04-01 06:30:00
HS-003027,bbarnes3027@example.com,"Mckinney, Graves and Thompson",lead,24,inbound,smb,United States,2026-01-06 00:47:00,false,2026-04-01 06:30:00
HS-003028,kristinajames3028@example.com,Willis and Sons,marketingqualifiedlead,78,PPC,SmallBiz,Canada,2025-09-27 22:04:24,false,2026-04-01 06:30:00
HS-003029,reginaldsmith3029@example.com,Boone-Davis,marketingqualifiedlead,75,Content,SMB,United Kingdom,2025-12-12 21:39:21,false,2026-04-01 06:30:00
HS-003030,edwardshah3030@example.com,"Diaz, Gibbs and Smith",lead,37,Paid Ads,Mid Market,Germany,2026-03-30 05:38:01,false,2026-04-01 06:30:00
HS-003031,codymyers3031@example.com,Davis and Sons,lead,31,Inbound,smb,Germany,2025-12-08 04:31:29,false,2026-04-01 06:30:00
HS-003032,josephgonzalez3032@example.com,Anderson Group,marketingqualifiedlead,71,Inbound,MidMarket,Australia,2025-12-10 13:09:13,false,2026-04-01 06:30:00
HS-003033,tmyers3033@example.com,"Matthews, Saunders and Anderson",marketingqualifiedlead,57,Cold Outreach,Mid-Market,United States,2025-10-31 01:19:31,false,2026-04-01 06:30:00
HS-003034,jeremy793034@example.com,Hill Group,marketingqualifiedlead,62,Partner,Mid Market,Canada,2025-08-23 05:51:35,false,2026-04-01 06:30:00
HS-003035,kreynolds3035@example.com,"Harris, Collins and Carney",lead,33,Outbound,SmallBiz,Australia,2025-09-01 22:16:59,false,2026-04-01 06:30:00
HS-003036,dcosta3036@example.com,Guerrero-Becker,lead,17,Cold Outreach,SMB,United Kingdom,2026-03-08 12:40:51,false,2026-04-01 06:30:00
HS-003037,suzanne153037@example.com,"Perez, Hayes and Lloyd",marketingqualifiedlead,44,Event,smb,Germany,2025-12-20 15:23:38,false,2026-04-01 06:30:00
HS-003038,jfranklin3038@example.com,Flowers LLC,marketingqualifiedlead,65,inbound,SmallBiz,Australia,2026-01-12 16:59:40,false,2026-04-01 06:30:00
HS-003039,aprilsnyder3039@example.com,"Turner, Ortiz and Taylor",marketingqualifiedlead,66,Word of Mouth,Strategic,Germany,2025-08-30 05:26:13,false,2026-04-01 06:30:00
HS-003040,robertsmith3040@example.com,Crane Group,marketingqualifiedlead,65,inbound,Small Business,Germany,2026-03-17 09:54:31,false,2026-04-01 06:30:00
HS-003041,crystal543041@example.com,Higgins-Smith,marketingqualifiedlead,71,IB,SMB,Australia,2025-12-12 07:18:56,false,2026-04-01 06:30:00
HS-003042,mcarr3042@example.com,Bell-Bennett,marketingqualifiedlead,54,Channel,smb,United States,2026-02-18 02:45:32,false,2026-04-01 06:30:00
HS-003043,alyssapeterson3043@example.com,Hooper PLC,lead,31,outbound,MidMarket,Canada,2025-10-11 10:44:42,false,2026-04-01 06:30:00
HS-003044,lindsay253044@example.com,Coffey-Phillips,lead,31,Cold Outreach,Mid-Market,United Kingdom,2026-01-02 10:43:06,false,2026-04-01 06:30:00
HS-003045,cbrown3045@example.com,"Stanley, Tucker and Lee",lead,15,Event,MidMarket,Canada,2025-11-14 23:42:21,false,2026-04-01 06:30:00
HS-003046,robert353046@example.com,"Burgess, Grant and Watts",lead,5,Outbound,Mid Market,Australia,2026-01-07 13:40:57,false,2026-04-01 06:30:00
HS-003047,reneeorr3047@example.com,"Garcia, Humphrey and Baker",marketingqualifiedlead,71,Content Download,MM,United Kingdom,2025-11-14 10:45:10,false,2026-04-01 06:30:00
HS-003048,jbuchanan3048@example.com,"Thomas, Ford and Brown",lead,24,Cold Outreach,SmallBiz,United States,2025-10-14 00:22:32,false,2026-04-01 06:30:00
HS-003049,barbara533049@example.com,"Holland, Murphy and Kline",lead,14,Paid Ads,SMB,Australia,2025-09-10 21:54:36,false,2026-04-01 06:30:00
HS-003050,tammyharrington3050@example.com,Walton LLC,marketingqualifiedlead,77,IB,Mid-Market,United States,2025-11-22 02:01:36,false,2026-04-01 06:30:00
HS-003051,jeanlynch3051@example.com,Powell-Montgomery,marketingqualifiedlead,54,outbound,Mid-Market,United Kingdom,2025-11-12 11:34:10,false,2026-04-01 06:30:00
HS-003052,tracyharrison3052@example.com,Li-Thompson,marketingqualifiedlead,51,Inbound,MidMarket,Canada,2026-02-11 19:24:55,false,2026-04-01 06:30:00
HS-003053,edwardsnicole3053@example.com,"Mueller, Knight and Hodge",marketingqualifiedlead,46,outbound,SMB,United Kingdom,2025-08-30 22:22:08,false,2026-04-01 06:30:00
HS-003054,nchristensen3054@example.com,Graham Group,lead,36,Outbound,MM,Canada,2026-01-06 16:49:35,false,2026-04-01 06:30:00
HS-003055,christopher773055@example.com,Lam LLC,marketingqualifiedlead,74,IB,MM,United Kingdom,2025-10-13 15:11:38,false,2026-04-01 06:30:00
HS-003056,carl633056@example.com,"Harper, Smith and Buchanan",marketingqualifiedlead,62,Content,Mid-Market,United States,2026-02-16 21:34:54,false,2026-04-01 06:30:00
HS-003057,jennifer503057@example.com,Gibson-Freeman,lead,6,IB,ENT,Germany,2025-12-09 11:33:25,false,2026-04-01 06:30:00
HS-003058,owright3058@example.com,Perry-Nixon,marketingqualifiedlead,72,Word of Mouth,smb,United States,2025-10-18 06:07:09,false,2026-04-01 06:30:00
HS-003059,murphymallory3059@example.com,Best-Townsend,lead,35,inbound,enterprise,Australia,2026-03-10 14:40:06,false,2026-04-01 06:30:00
HS-003060,yhoffman3060@example.com,Thompson Ltd,lead,6,inbound,SmallBiz,United Kingdom,2025-09-11 07:21:30,false,2026-04-01 06:30:00
HS-003061,sue753061@example.com,"Greer, Potter and Evans",marketingqualifiedlead,77,inbound,MidMarket,United States,2025-11-06 16:34:55,false,2026-04-01 06:30:00
HS-003062,madisonbrewer3062@example.com,Whitney PLC,lead,9,Content Download,Strategic,United Kingdom,2026-03-06 17:16:40,false,2026-04-01 06:30:00
HS-003063,phillipsbruce3063@example.com,"Newton, Ortiz and King",marketingqualifiedlead,79,Channel,SmallBiz,Australia,2026-02-14 23:27:09,false,2026-04-01 06:30:00
HS-003064,alexandragordon3064@example.com,Santana-Byrd,lead,7,inbound,smb,Canada,2025-11-01 05:49:15,false,2026-04-01 06:30:00
HS-003065,krystalhenderson3065@example.com,"Schmidt, Hansen and Stewart",lead,16,Inbound,Small Business,United States,2025-12-14 07:54:09,false,2026-04-01 06:30:00
HS-003066,evansjames3066@example.com,"Pierce, Bell and Chavez",lead,9,Paid,Mid Market,Germany,2026-01-21 03:17:33,false,2026-04-01 06:30:00
HS-003067,anthony613067@example.com,"Choi, Garcia and Farmer",marketingqualifiedlead,75,Event,smb,United Kingdom,2025-11-27 02:49:45,false,2026-04-01 06:30:00
HS-003068,steven273068@example.com,Hunter PLC,lead,12,Content Download,MM,Germany,2025-12-09 14:49:30,false,2026-04-01 06:30:00
HS-003069,mpeters3069@example.com,Ortiz Ltd,marketingqualifiedlead,53,outbound,smb,United Kingdom,2025-12-30 13:18:19,false,2026-04-01 06:30:00
HS-003070,gblake3070@example.com,Matthews Inc,marketingqualifiedlead,79,Content,Small Business,Canada,2025-12-13 02:40:37,false,2026-04-01 06:30:00
HS-003071,stephen393071@example.com,Chavez-Hall,lead,17,inbound,MidMarket,United Kingdom,2026-03-16 00:44:29,false,2026-04-01 06:30:00
HS-003072,lmitchell3072@example.com,"Martin, Preston and Moore",lead,39,Event,Enterprise,United Kingdom,2026-01-01 07:08:10,false,2026-04-01 06:30:00
HS-003073,marcussmith3073@example.com,"Choi, Garcia and Farmer",marketingqualifiedlead,87,Outbound,Small Business,United Kingdom,2025-09-06 08:14:32,false,2026-04-01 06:30:00
HS-003074,parrishangela3074@example.com,Sullivan PLC,lead,25,Inbound,SMB,Germany,2025-11-04 21:21:27,false,2026-04-01 06:30:00
HS-003075,donald683075@example.com,"Holland, Murphy and Kline",marketingqualifiedlead,69,Partner,smb,Australia,2025-09-09 21:43:32,false,2026-04-01 06:30:00
HS-003076,fullerdebbie3076@example.com,"Branch, Torres and Oliver",lead,11,inbound,MM,Germany,2026-02-02 21:54:12,false,2026-04-01 06:30:00
HS-003077,nthompson3077@example.com,Smith-Ferguson,marketingqualifiedlead,75,Inbound,Small Business,Germany,2025-11-29 02:59:30,false,2026-04-01 06:30:00
HS-003078,schneidermario3078@example.com,"Turner, Schneider and Johnson",marketingqualifiedlead,87,IB,smb,United States,2025-10-21 00:08:24,false,2026-04-01 06:30:00
HS-003079,warebrian3079@example.com,"Barnes, Johnson and Schmitt",lead,33,Trade Show,smb,Germany,2026-01-08 09:01:25,false,2026-04-01 06:30:00
HS-003080,tylermcintosh3080@example.com,Payne-Lowe,marketingqualifiedlead,90,Inbound,SMB,United States,2026-03-15 03:54:45,false,2026-04-01 06:30:00
HS-003081,edwardmills3081@example.com,Garcia-Smith,marketingqualifiedlead,90,Content Download,smb,Australia,2025-08-28 09:01:04,false,2026-04-01 06:30:00
HS-003082,christopherward3082@example.com,Underwood-Foster,lead,20,Outbound,Small Business,United States,2025-11-25 16:33:46,false,2026-04-01 06:30:00
HS-003083,matthew653083@example.com,Johnson LLC,marketingqualifiedlead,56,outbound,SMB,United States,2025-10-24 01:05:31,false,2026-04-01 06:30:00
HS-003084,vasquezamy3084@example.com,Garner-Thornton,marketingqualifiedlead,50,Outbound,Mid Market,United Kingdom,2025-09-13 12:29:58,false,2026-04-01 06:30:00
HS-003085,zmay3085@example.com,Williams PLC,lead,10,inbound,Strategic,United Kingdom,2026-01-15 17:54:15,false,2026-04-01 06:30:00
HS-003086,amydavis3086@example.com,"Rios, Walker and Wright",lead,26,Paid Ads,Mid-Market,Australia,2025-10-11 18:28:14,false,2026-04-01 06:30:00
HS-003087,shanewilson3087@example.com,Gomez and Sons,lead,5,Content Download,Mid Market,Germany,2025-12-10 12:53:05,false,2026-04-01 06:30:00
HS-003088,jeremy083088@example.com,Smith and Sons,marketingqualifiedlead,45,Inbound,Strategic,Canada,2025-12-14 11:53:34,false,2026-04-01 06:30:00
HS-003088D,jeremy083088@example.com,Smith and Sons,marketingqualifiedlead,45,Inbound,Strategic,Canada,2025-12-14 11:53:34,false,2026-04-01 06:30:00
HS-003089,williamsmegan3089@example.com,"Wang, Henderson and Morales",lead,9,Channel,MM,Germany,2025-09-10 06:22:24,false,2026-04-01 06:30:00
HS-003090,timothywilliams3090@example.com,Rios-Padilla,marketingqualifiedlead,77,outbound,MidMarket,Australia,2025-11-26 05:24:20,false,2026-04-01 06:30:00
HS-003091,stephaniebest3091@example.com,"Ramirez, Strickland and Washington",marketingqualifiedlead,68,inbound,Mid-Market,United Kingdom,2026-03-02 16:57:46,false,2026-04-01 06:30:00
HS-003092,vincentmorris3092@example.com,Green-Wright,lead,15,Content Download,SmallBiz,United Kingdom,2025-12-16 07:07:07,false,2026-04-01 06:30:00
HS-003093,wsmith3093@example.com,"Diaz, Anderson and Browning",marketingqualifiedlead,71,Inbound,SmallBiz,Germany,2026-02-06 08:59:53,false,2026-04-01 06:30:00
HS-003094,travis683094@example.com,"Jimenez, Glass and Stone",marketingqualifiedlead,64,Inbound,Strategic,Australia,2026-01-19 03:06:58,false,2026-04-01 06:30:00
HS-003095,williamsbrittany3095@example.com,"Newton, Ortiz and King",lead,9,Paid,Small Business,Australia,2026-03-18 15:51:17,false,2026-04-01 06:30:00
HS-003096,jeromehenry3096@example.com,Wilson Ltd,lead,5,IB,smb,United Kingdom,2025-12-13 20:36:15,false,2026-04-01 06:30:00
HS-003097,jacqueline953097@example.com,Marshall-Petersen,marketingqualifiedlead,40,IB,SmallBiz,United States,2025-10-07 07:47:58,false,2026-04-01 06:30:00
HS-003098,randyhernandez3098@example.com,"Stanley, Tucker and Lee",lead,22,Referral,MM,Canada,2025-11-18 13:38:32,false,2026-04-01 06:30:00
HS-003099,hermanjulie3099@example.com,"Hernandez, Cuevas and Webb",marketingqualifiedlead,54,IB,SMB,Australia,2026-01-03 13:01:31,false,2026-04-01 06:30:00
HS-003100,joseph583100@example.com,Williams Group,marketingqualifiedlead,69,Cold Outreach,Mid-Market,United Kingdom,2025-10-25 23:53:34,false,2026-04-01 06:30:00
HS-003101,mmoore3101@example.com,"Baker, Clark and Armstrong",lead,28,PPC,enterprise,United Kingdom,2026-03-16 18:17:24,false,2026-04-01 06:30:00
HS-003102,matthew543102@example.com,"Flores, Mckenzie and Duncan",lead,18,IB,smb,Germany,2026-01-29 03:33:43,false,2026-04-01 06:30:00
HS-003103,swilson3103@example.com,White-Morales,lead,7,Content Download,MM,Canada,2025-09-27 02:46:01,false,2026-04-01 06:30:00
HS-003104,mjohnson3104@example.com,Simon Ltd,lead,26,Cold Outreach,SmallBiz,United States,2026-02-25 22:33:21,false,2026-04-01 06:30:00
HS-003105,hharris3105@example.com,"Reyes, Chase and Jenkins",lead,35,outbound,Mid-Market,United Kingdom,2025-10-03 12:58:52,false,2026-04-01 06:30:00
HS-003106,hughesdaniel3106@example.com,Alvarado-Davidson,marketingqualifiedlead,77,Inbound,Mid Market,United Kingdom,2025-12-22 12:29:27,false,2026-04-01 06:30:00
HS-003107,jameshudson3107@example.com,Mayo Ltd,lead,38,Cold Outreach,SmallBiz,Australia,2026-02-15 03:21:17,false,2026-04-01 06:30:00
HS-003108,marissa393108@example.com,Rivera LLC,lead,20,Outbound,Small Business,United Kingdom,2025-10-12 16:39:05,false,2026-04-01 06:30:00
HS-003109,michael033109@example.com,Bartlett-Sloan,lead,12,IB,SMB,Canada,2025-12-13 00:01:07,false,2026-04-01 06:30:00
HS-003110,jay043110@example.com,"Mckinney, Graves and Thompson",lead,11,Content Download,Small Business,United States,2025-11-29 07:30:04,false,2026-04-01 06:30:00
HS-003110D,jay043110@example.com,"Mckinney, Graves and Thompson",lead,11,Content Download,Small Business,United States,2025-11-29 07:30:04,false,2026-04-01 06:30:00
HS-003111,robinsonhenry3111@example.com,"Buchanan, Walker and Chapman",marketingqualifiedlead,78,Inbound,ENT,Australia,2025-09-10 07:00:39,false,2026-04-01 06:30:00
HS-003112,jamie653112@example.com,Weaver-Thompson,marketingqualifiedlead,83,inbound,SmallBiz,Canada,2025-10-21 21:22:17,false,2026-04-01 06:30:00
HS-003113,mjoyce3113@example.com,"Morales, Thomas and Schultz",lead,32,Word of Mouth,Small Business,Australia,2025-11-20 13:11:09,false,2026-04-01 06:30:00
HS-003114,samanthacastillo3114@example.com,May-Turner,lead,7,IB,SMB,Germany,2025-12-27 20:04:32,false,2026-04-01 06:30:00
HS-003115,laura313115@example.com,"Lynch, Evans and Rodriguez",lead,18,Word of Mouth,smb,United States,2026-03-02 21:07:33,false,2026-04-01 06:30:00
HS-003116,wilkersonmelissa3116@example.com,"Rodriguez, Allen and Martinez",marketingqualifiedlead,53,outbound,SmallBiz,Germany,2026-03-07 18:59:19,false,2026-04-01 06:30:00
HS-003117,vincentstacey3117@example.com,Morgan-Lopez,marketingqualifiedlead,49,inbound,smb,United Kingdom,2026-03-08 09:54:36,false,2026-04-01 06:30:00
HS-003118,turnerpatrick3118@example.com,Gomez and Sons,marketingqualifiedlead,53,Outbound,Mid-Market,Germany,2025-09-29 01:40:23,false,2026-04-01 06:30:00
HS-003119,coltonrichardson3119@example.com,"Jones, Compton and Day",marketingqualifiedlead,41,outbound,smb,Canada,2025-08-23 17:45:59,false,2026-04-01 06:30:00
HS-003120,tashaharmon3120@example.com,Morgan LLC,marketingqualifiedlead,90,Paid Ads,SmallBiz,Germany,2026-03-13 02:57:14,false,2026-04-01 06:30:00
HS-003121,charles603121@example.com,Glover-Chan,marketingqualifiedlead,57,outbound,MidMarket,United Kingdom,2025-11-27 11:47:33,false,2026-04-01 06:30:00
HS-003122,kaylee143122@example.com,Perez-White,lead,16,Content,SmallBiz,United Kingdom,2026-02-22 20:04:41,false,2026-04-01 06:30:00
HS-003123,joseconrad3123@example.com,Shaw Inc,marketingqualifiedlead,56,Channel,Mid-Market,Germany,2025-11-05 09:35:01,false,2026-04-01 06:30:00
HS-003124,davidfields3124@example.com,Walker Ltd,lead,17,Event,SMB,Australia,2026-01-03 02:05:00,false,2026-04-01 06:30:00
HS-003125,beardsarah3125@example.com,Hernandez PLC,marketingqualifiedlead,51,outbound,smb,Canada,2025-12-28 08:52:52,false,2026-04-01 06:30:00
HS-003126,alexismiller3126@example.com,Rasmussen LLC,lead,10,inbound,Small Business,United Kingdom,2025-10-06 13:26:17,false,2026-04-01 06:30:00
HS-003127,spencertanner3127@example.com,Clark Ltd,marketingqualifiedlead,80,Paid Ads,SmallBiz,United Kingdom,2025-10-10 19:35:50,false,2026-04-01 06:30:00
HS-003128,joseph973128@example.com,"Acosta, Garcia and Moreno",lead,6,Inbound,smb,Germany,2025-11-30 12:56:54,false,2026-04-01 06:30:00
HS-003129,simoneric3129@example.com,Dawson Inc,marketingqualifiedlead,55,Paid,Small Business,Canada,2026-02-15 16:48:09,false,2026-04-01 06:30:00
HS-003129D,simoneric3129@example.com,Dawson Inc,marketingqualifiedlead,55,Paid,Small Business,Canada,2026-02-15 16:48:09,false,2026-04-01 06:30:00
HS-003130,sandersnicholas3130@example.com,Combs Ltd,marketingqualifiedlead,41,Cold Outreach,smb,Canada,2025-12-08 19:55:12,false,2026-04-01 06:30:00
HS-003131,jimenezmaria3131@example.com,Rose-Fowler,lead,19,outbound,Mid Market,United Kingdom,2026-02-09 10:14:36,false,2026-04-01 06:30:00
HS-003132,athompson3132@example.com,"Miller, Ramos and Coleman",marketingqualifiedlead,90,inbound,MM,United Kingdom,2025-10-07 08:59:22,false,2026-04-01 06:30:00
HS-003133,douglassusan3133@example.com,Peck-Anderson,lead,35,Inbound,Mid Market,Canada,2025-09-29 17:47:15,false,2026-04-01 06:30:00
HS-003134,jennifer733134@example.com,Salas-Fitzgerald,marketingqualifiedlead,51,IB,Small Business,Germany,2025-12-04 15:42:56,false,2026-04-01 06:30:00
HS-003135,andrew433135@example.com,"Jones, Mcmahon and Spence",marketingqualifiedlead,45,Referral,enterprise,United States,2026-03-02 22:23:34,false,2026-04-01 06:30:00
HS-003136,hannahpatrick3136@example.com,Stokes and Sons,lead,16,Content Download,Mid Market,Canada,2025-09-18 04:47:08,false,2026-04-01 06:30:00
HS-003137,russomary3137@example.com,"Alvarado, Miller and Patterson",marketingqualifiedlead,55,IB,SmallBiz,United Kingdom,2025-10-03 19:29:16,false,2026-04-01 06:30:00
HS-003138,shansen3138@example.com,"Sparks, Jackson and Miller",lead,35,IB,Small Business,Australia,2025-11-17 22:13:25,false,2026-04-01 06:30:00
HS-003139,tconner3139@example.com,Jones-Fox,lead,22,Cold Outreach,smb,Germany,2025-12-05 22:37:41,false,2026-04-01 06:30:00
HS-003140,mitchellchristopher3140@example.com,Haynes-Moss,marketingqualifiedlead,43,Inbound,ENT,United Kingdom,2026-03-06 10:56:14,false,2026-04-01 06:30:00
HS-003141,stephen783141@example.com,"Lawson, Morris and Ramos",marketingqualifiedlead,41,outbound,SmallBiz,United States,2026-01-30 15:13:46,false,2026-04-01 06:30:00
HS-003142,nathanielwinters3142@example.com,"Reyes, Chase and Jenkins",lead,24,Referral,Mid Market,United Kingdom,2026-03-21 07:25:27,false,2026-04-01 06:30:00
HS-003143,malikfowler3143@example.com,Morgan LLC,lead,15,Content,SMB,Germany,2025-11-22 01:13:02,false,2026-04-01 06:30:00
HS-003144,zthompson3144@example.com,Cordova Group,marketingqualifiedlead,66,inbound,SmallBiz,Australia,2025-08-22 07:12:12,false,2026-04-01 06:30:00
HS-003145,taylor543145@example.com,"Bernard, Warren and Combs",marketingqualifiedlead,73,Paid Ads,smb,Australia,2025-10-12 11:55:21,false,2026-04-01 06:30:00
HS-003146,lisawalton3146@example.com,Brown Group,lead,5,Inbound,Mid-Market,United States,2025-10-24 00:34:19,false,2026-04-01 06:30:00
HS-003147,alowe3147@example.com,Williams-Brown,marketingqualifiedlead,85,Trade Show,Small Business,Germany,2026-01-08 07:40:26,false,2026-04-01 06:30:00
HS-003148,susan193148@example.com,Mayo Ltd,marketingqualifiedlead,50,Content,SmallBiz,Australia,2025-10-18 18:55:49,false,2026-04-01 06:30:00
HS-003149,nicole553149@example.com,"Torres, Brown and Williams",marketingqualifiedlead,77,IB,SmallBiz,United States,2025-10-25 05:33:26,false,2026-04-01 06:30:00
HS-003150,ihayes3150@example.com,Green LLC,marketingqualifiedlead,86,IB,Small Business,Germany,2025-10-22 15:40:26,false,2026-04-01 06:30:00
HS-003151,pamelacooper3151@example.com,Nichols-Mitchell,lead,11,Inbound,Mid-Market,Germany,2025-09-14 23:52:53,false,2026-04-01 06:30:00
HS-003152,carolfernandez3152@example.com,"Woods, Calhoun and Schmidt",lead,20,Content Download,Mid-Market,Australia,2025-11-05 16:35:19,false,2026-04-01 06:30:00
HS-003153,melissaberry3153@example.com,Turner-Sharp,marketingqualifiedlead,69,outbound,MidMarket,United States,2025-11-01 08:51:23,false,2026-04-01 06:30:00
HS-003154,makaylasanders3154@example.com,Lopez-Martinez,lead,12,IB,Mid Market,Canada,2025-10-24 06:19:40,false,2026-04-01 06:30:00
HS-003155,ggilmore3155@example.com,Roberts-Landry,marketingqualifiedlead,87,Content Download,smb,Germany,2025-09-08 11:56:38,false,2026-04-01 06:30:00
HS-003156,stonebarbara3156@example.com,Rivera LLC,marketingqualifiedlead,77,Inbound,Small Business,United Kingdom,2025-10-31 04:15:32,false,2026-04-01 06:30:00
HS-003157,sarah233157@example.com,"Moore, Price and Ward",lead,21,Inbound,MidMarket,Canada,2025-11-05 06:54:51,false,2026-04-01 06:30:00
HS-003158,tracy553158@example.com,"Price, Carlson and Andrews",lead,26,outbound,MM,Germany,2025-11-09 15:43:54,false,2026-04-01 06:30:00
HS-003159,zmills3159@example.com,Lopez Group,lead,27,Outbound,SmallBiz,United States,2026-03-15 06:21:27,false,2026-04-01 06:30:00
HS-003160,barbarabrady3160@example.com,"Gray, Montoya and Miller",marketingqualifiedlead,64,Channel,Small Business,Canada,2025-12-28 23:09:28,false,2026-04-01 06:30:00
HS-003161,perezdawn3161@example.com,"Matthews, Harrington and Rodriguez",marketingqualifiedlead,86,Trade Show,SmallBiz,Germany,2026-03-19 18:48:20,false,2026-04-01 06:30:00
HS-003162,marywoodard3162@example.com,Williams Ltd,marketingqualifiedlead,77,IB,MM,Australia,2025-08-24 03:02:45,false,2026-04-01 06:30:00
HS-003163,jenniferbarry3163@example.com,"Morales, Thomas and Schultz",marketingqualifiedlead,41,Cold Outreach,SmallBiz,Australia,2025-08-26 19:23:30,false,2026-04-01 06:30:00
HS-003164,simpsonruth3164@example.com,"Miller, Hernandez and Reyes",marketingqualifiedlead,79,inbound,smb,United Kingdom,2026-02-14 16:51:03,false,2026-04-01 06:30:00
HS-003165,john643165@example.com,Miller-Brandt,marketingqualifiedlead,85,inbound,SmallBiz,Germany,2026-03-12 08:29:33,false,2026-04-01 06:30:00
HS-003166,amberdavis3166@example.com,Johnson and Sons,marketingqualifiedlead,86,Paid,SmallBiz,United Kingdom,2026-01-29 02:08:32,false,2026-04-01 06:30:00
HS-003167,andrewjohnson3167@example.com,Curry-Barker,marketingqualifiedlead,75,Content Download,enterprise,Germany,2025-09-19 13:09:06,false,2026-04-01 06:30:00
HS-003168,clarkmaria3168@example.com,"Richardson, Farmer and Andrews",lead,24,PPC,Mid Market,Canada,2026-01-21 10:37:07,false,2026-04-01 06:30:00
HS-003169,jonesshaun3169@example.com,Bryant-Meyer,lead,28,Inbound,SMB,Canada,2025-10-14 19:06:16,false,2026-04-01 06:30:00
HS-003170,hendersonmichael3170@example.com,"Harrison, Johnson and Roberts",marketingqualifiedlead,61,Inbound,Strategic,Canada,2025-12-07 08:24:33,false,2026-04-01 06:30:00
HS-003171,msmith3171@example.com,Bryant Group,lead,19,Paid Ads,smb,Canada,2025-11-14 07:08:39,false,2026-04-01 06:30:00
HS-003172,matthew533172@example.com,"Cox, Stark and Rodriguez",marketingqualifiedlead,65,Inbound,Mid-Market,Canada,2025-09-06 05:10:15,false,2026-04-01 06:30:00
HS-003173,roy973173@example.com,Davis-Gregory,marketingqualifiedlead,89,Paid Ads,SmallBiz,Germany,2025-11-23 17:19:08,false,2026-04-01 06:30:00
HS-003174,sheltontiffany3174@example.com,Hudson-Sanchez,lead,36,Trade Show,SmallBiz,Germany,2026-02-03 19:48:10,false,2026-04-01 06:30:00
HS-003175,bflores3175@example.com,"Parker, Ortiz and Powell",lead,26,Content,SMB,Australia,2026-02-02 16:09:26,false,2026-04-01 06:30:00
HS-003176,jackie683176@example.com,"Erickson, Armstrong and Lee",lead,15,outbound,ENT,Canada,2025-11-13 10:43:48,false,2026-04-01 06:30:00
HS-003177,hendersonbrenda3177@example.com,"Hill, Martinez and Rhodes",marketingqualifiedlead,71,IB,Small Business,United States,2026-02-05 05:34:32,false,2026-04-01 06:30:00
HS-003178,stacy703178@example.com,King-Miller,lead,27,IB,SMB,United Kingdom,2026-01-11 12:50:59,false,2026-04-01 06:30:00
HS-003179,fjohnson3179@example.com,"Morris, Thompson and Williams",marketingqualifiedlead,58,Inbound,SmallBiz,Germany,2026-02-09 19:20:15,false,2026-04-01 06:30:00
HS-003180,wellsamy3180@example.com,Bishop-Goodwin,marketingqualifiedlead,48,IB,Mid-Market,Australia,2026-03-02 00:19:12,false,2026-04-01 06:30:00
HS-003181,sanchezmaria3181@example.com,"Butler, Beck and Miller",lead,6,Cold Outreach,SMB,Australia,2025-09-18 07:16:42,false,2026-04-01 06:30:00
HS-003182,gibsonkaitlyn3182@example.com,"Harrison, Johnson and Roberts",marketingqualifiedlead,43,outbound,Enterprise,Canada,2026-01-17 05:03:46,false,2026-04-01 06:30:00
HS-003183,cassandraharrison3183@example.com,"Owen, Walker and Franklin",lead,36,IB,SmallBiz,United States,2025-10-30 06:54:08,false,2026-04-01 06:30:00
HS-003184,kyle733184@example.com,Morton-Chase,marketingqualifiedlead,64,Cold Outreach,Small Business,United States,2025-10-08 13:28:11,false,2026-04-01 06:30:00
HS-003185,rdavis3185@example.com,Harris-Lawson,marketingqualifiedlead,64,Cold Outreach,Small Business,United States,2025-10-12 18:12:47,false,2026-04-01 06:30:00
HS-003186,brittneyleonard3186@example.com,"Griffith, Mitchell and Pugh",marketingqualifiedlead,63,outbound,SMB,Australia,2025-08-28 05:05:23,false,2026-04-01 06:30:00
HS-003187,wallssean3187@example.com,Taylor and Sons,lead,28,Partner,Mid-Market,Australia,2026-03-03 14:43:50,false,2026-04-01 06:30:00
HS-003188,steventerry3188@example.com,"Hurst, Freeman and Nelson",lead,18,Content Download,smb,Canada,2026-02-01 01:14:31,false,2026-04-01 06:30:00
HS-003189,isolis3189@example.com,Mccall-Prince,marketingqualifiedlead,53,Channel,smb,Germany,2025-09-28 11:39:59,false,2026-04-01 06:30:00
HS-003190,kingdavid3190@example.com,"Holmes, Williams and Wright",marketingqualifiedlead,68,Word of Mouth,SmallBiz,United States,2025-11-19 00:01:28,false,2026-04-01 06:30:00
HS-003190D,kingdavid3190@example.com,"Holmes, Williams and Wright",marketingqualifiedlead,68,Word of Mouth,SmallBiz,United States,2025-11-19 00:01:28,false,2026-04-01 06:30:00
HS-003191,cthompson3191@example.com,"Parker, Ortiz and Powell",marketingqualifiedlead,90,Content Download,Small Business,Australia,2025-11-07 12:43:20,false,2026-04-01 06:30:00
HS-003192,melissa043192@example.com,Gray-Tran,marketingqualifiedlead,79,Paid,MM,Australia,2025-11-22 01:52:07,false,2026-04-01 06:30:00
HS-003193,ronald213193@example.com,Marshall-Elliott,marketingqualifiedlead,58,Channel,MidMarket,Australia,2026-01-20 19:17:47,false,2026-04-01 06:30:00
HS-003194,timothywright3194@example.com,"Harvey, Randall and Hernandez",marketingqualifiedlead,78,IB,Mid-Market,Australia,2026-01-31 04:21:59,false,2026-04-01 06:30:00
HS-003195,zparsons3195@example.com,"Frey, Santos and Johnson",marketingqualifiedlead,62,Content Download,smb,United States,2025-12-24 18:43:11,false,2026-04-01 06:30:00
HS-003196,kelseywilliams3196@example.com,"Brown, Romero and Collins",lead,39,Paid Ads,Strategic,Australia,2025-11-20 14:25:51,false,2026-04-01 06:30:00
HS-003197,jeffreyglenn3197@example.com,Jackson-Lawson,lead,18,PPC,SMB,Australia,2025-10-13 22:03:39,false,2026-04-01 06:30:00
HS-003198,cperez3198@example.com,"Calderon, Williams and Bennett",marketingqualifiedlead,86,Inbound,Mid Market,United States,2025-10-25 03:31:28,false,2026-04-01 06:30:00
HS-003199,garciadonald3199@example.com,"Fisher, Wilson and Brown",marketingqualifiedlead,69,Inbound,Mid-Market,Australia,2025-08-23 23:28:17,false,2026-04-01 06:30:00
HS-003200,kimmichael3200@example.com,Giles Ltd,marketingqualifiedlead,46,Inbound,Strategic,United States,2026-03-11 05:07:56,false,2026-04-01 06:30:00
HS-003201,hsmith3201@example.com,Salazar-Ball,lead,23,Outbound,Mid Market,Canada,2026-02-19 17:59:25,false,2026-04-01 06:30:00
HS-003202,cynthia163202@example.com,"Bryan, Smith and Booth",marketingqualifiedlead,75,Cold Outreach,SMB,Australia,2026-03-14 21:46:13,false,2026-04-01 06:30:00
HS-003203,bjohnson3203@example.com,Mendez PLC,marketingqualifiedlead,70,inbound,smb,Germany,2025-11-24 04:51:57,false,2026-04-01 06:30:00
HS-003204,fjones3204@example.com,Adams-Butler,lead,21,IB,Mid Market,United Kingdom,2026-01-24 01:37:46,false,2026-04-01 06:30:00
HS-003205,natalie573205@example.com,Moody-Taylor,marketingqualifiedlead,80,Content Download,MidMarket,Canada,2025-09-17 12:43:36,false,2026-04-01 06:30:00
HS-003206,phunter3206@example.com,"Wood, Ramos and Sampson",lead,14,Content,Small Business,United Kingdom,2025-11-16 04:08:03,false,2026-04-01 06:30:00
HS-003207,davidmartin3207@example.com,Collier-Gillespie,marketingqualifiedlead,51,Referral,ENT,Australia,2025-10-28 16:13:39,false,2026-04-01 06:30:00
HS-003208,elizabethgriffin3208@example.com,"Gould, Marshall and Scott",marketingqualifiedlead,51,Word of Mouth,SMB,Germany,2025-09-06 21:12:56,false,2026-04-01 06:30:00
HS-003209,angela713209@example.com,"Beltran, Lozano and Mcgee",lead,38,Outbound,SmallBiz,Australia,2026-01-02 11:06:23,false,2026-04-01 06:30:00
HS-003210,brandiwilson3210@example.com,"Tanner, Wise and Johnson",marketingqualifiedlead,74,Trade Show,smb,Canada,2026-02-15 04:34:19,false,2026-04-01 06:30:00
HS-003211,halldylan3211@example.com,"Woods, Calhoun and Schmidt",marketingqualifiedlead,46,Inbound,MM,Australia,2025-12-30 15:47:11,false,2026-04-01 06:30:00
HS-003212,juliemyers3212@example.com,Griffin Group,marketingqualifiedlead,68,IB,SMB,United States,2026-01-25 07:40:25,false,2026-04-01 06:30:00
HS-003213,brian013213@example.com,Berry-Mckinney,marketingqualifiedlead,47,inbound,SmallBiz,Australia,2025-12-01 23:15:28,false,2026-04-01 06:30:00
HS-003214,brenda043214@example.com,Thomas-Huffman,marketingqualifiedlead,59,Partner,SMB,Germany,2026-01-23 01:20:55,false,2026-04-01 06:30:00
HS-003215,luissanchez3215@example.com,"Garcia, Humphrey and Baker",lead,5,Outbound,Mid-Market,United Kingdom,2026-03-06 08:56:33,false,2026-04-01 06:30:00
HS-003216,msolis3216@example.com,Curry Inc,marketingqualifiedlead,84,Outbound,MidMarket,United States,2026-02-07 10:58:22,false,2026-04-01 06:30:00
HS-003217,nmendoza3217@example.com,"Phillips, Spence and Barrett",marketingqualifiedlead,51,inbound,SmallBiz,United States,2025-11-25 07:36:37,false,2026-04-01 06:30:00
HS-003218,thompsonangela3218@example.com,Kim Inc,marketingqualifiedlead,52,Paid Ads,Mid-Market,Canada,2026-01-04 05:54:34,false,2026-04-01 06:30:00
HS-003219,thomasdavid3219@example.com,Castaneda-Rodriguez,marketingqualifiedlead,58,Event,SmallBiz,United States,2025-12-20 09:02:41,false,2026-04-01 06:30:00
HS-003220,michellejones3220@example.com,Harvey PLC,marketingqualifiedlead,86,Inbound,smb,United States,2025-09-16 09:05:39,false,2026-04-01 06:30:00
HS-003221,knightjohn3221@example.com,"Brown, Schneider and Moore",lead,15,Outbound,enterprise,United States,2025-12-03 16:17:47,false,2026-04-01 06:30:00
HS-003222,xfranco3222@example.com,Schultz Inc,marketingqualifiedlead,82,IB,Mid Market,United Kingdom,2025-09-08 14:13:18,false,2026-04-01 06:30:00
HS-003223,mariarussell3223@example.com,Morgan-French,lead,7,inbound,Enterprise,Canada,2025-11-29 18:30:35,false,2026-04-01 06:30:00
HS-003224,uwilliams3224@example.com,"Levy, Franco and Hoffman",lead,12,inbound,SmallBiz,United Kingdom,2025-12-10 03:19:41,false,2026-04-01 06:30:00
HS-003225,qjohnson3225@example.com,"Evans, Jackson and Sandoval",marketingqualifiedlead,79,outbound,smb,Australia,2025-12-22 20:01:45,false,2026-04-01 06:30:00
HS-003226,peter933226@example.com,Avila LLC,marketingqualifiedlead,65,Inbound,smb,Australia,2025-12-11 22:05:08,false,2026-04-01 06:30:00
HS-003227,timothyavery3227@example.com,Arnold-Gates,lead,33,Paid Ads,SMB,United States,2025-09-09 11:00:07,false,2026-04-01 06:30:00
HS-003228,wlucas3228@example.com,Terry-Martinez,lead,10,outbound,ENT,Germany,2026-01-15 06:57:25,false,2026-04-01 06:30:00
HS-003229,johnboyd3229@example.com,Todd-Pham,marketingqualifiedlead,89,IB,SmallBiz,Australia,2026-02-25 09:36:57,false,2026-04-01 06:30:00
HS-003230,bmejia3230@example.com,Bennett Group,marketingqualifiedlead,78,PPC,SMB,Canada,2025-11-18 17:11:55,false,2026-04-01 06:30:00
HS-003231,butleranna3231@example.com,Stokes and Sons,lead,38,outbound,Mid-Market,Canada,2026-03-27 19:31:44,false,2026-04-01 06:30:00
HS-003232,kendrawilliams3232@example.com,Gilbert PLC,marketingqualifiedlead,68,outbound,SMB,Australia,2026-01-08 19:38:14,false,2026-04-01 06:30:00
HS-003233,phillip753233@example.com,Bartlett-Sloan,marketingqualifiedlead,63,IB,SMB,Canada,2026-01-13 13:19:14,false,2026-04-01 06:30:00
HS-003234,mary953234@example.com,Figueroa PLC,lead,32,Referral,MM,Canada,2025-10-10 18:30:12,false,2026-04-01 06:30:00
HS-003235,melissa783235@example.com,"Brown, Dunlap and Moore",marketingqualifiedlead,86,Paid Ads,SMB,Canada,2025-09-17 14:04:38,false,2026-04-01 06:30:00
HS-003236,shughes3236@example.com,Brady LLC,marketingqualifiedlead,59,Cold Outreach,MidMarket,Canada,2026-01-06 11:42:55,false,2026-04-01 06:30:00
HS-003237,taylordavis3237@example.com,Garcia Ltd,lead,23,IB,MidMarket,United Kingdom,2026-01-07 01:54:58,false,2026-04-01 06:30:00
HS-003238,ihester3238@example.com,Williams-Williams,lead,39,IB,ENT,United States,2025-10-19 15:36:59,false,2026-04-01 06:30:00
HS-003239,kingjoseph3239@example.com,"Monroe, Chapman and Barton",marketingqualifiedlead,62,Content,SMB,Germany,2026-01-17 10:46:25,false,2026-04-01 06:30:00
HS-003240,nancy983240@example.com,Silva-Smith,marketingqualifiedlead,86,Content Download,MM,Australia,2025-10-26 19:07:08,false,2026-04-01 06:30:00
HS-003241,lawrencebullock3241@example.com,Roberts-Landry,marketingqualifiedlead,50,Outbound,SmallBiz,Germany,2026-01-04 02:17:54,false,2026-04-01 06:30:00
HS-003242,ashleebailey3242@example.com,Gonzalez-Taylor,lead,31,Content,Small Business,United Kingdom,2025-09-26 21:05:38,false,2026-04-01 06:30:00
HS-003242D,ashleebailey3242@example.com,Gonzalez-Taylor,lead,31,Content,Small Business,United Kingdom,2025-09-26 21:05:38,false,2026-04-01 06:30:00
HS-003243,james583243@example.com,"Hurst, Freeman and Nelson",marketingqualifiedlead,86,Paid Ads,Small Business,Canada,2026-03-02 16:24:52,false,2026-04-01 06:30:00
HS-003244,mramirez3244@example.com,Boone LLC,lead,15,Event,SmallBiz,United Kingdom,2025-10-16 19:00:09,false,2026-04-01 06:30:00
HS-003245,msantiago3245@example.com,"Saunders, Ray and Cunningham",marketingqualifiedlead,63,IB,MidMarket,Australia,2025-11-17 04:42:34,false,2026-04-01 06:30:00
HS-003246,leahbarker3246@example.com,"Tanner, Hunt and Cameron",marketingqualifiedlead,50,Outbound,Small Business,United States,2026-03-18 04:07:36,false,2026-04-01 06:30:00
HS-003247,gloriaward3247@example.com,Mendez PLC,marketingqualifiedlead,81,Trade Show,Small Business,Germany,2025-10-14 01:23:06,false,2026-04-01 06:30:00
HS-003248,james793248@example.com,"Morales, Williams and Williams",marketingqualifiedlead,85,Inbound,Mid-Market,Germany,2025-11-24 22:24:45,false,2026-04-01 06:30:00
HS-003249,davidsharp3249@example.com,Ortiz-Morgan,lead,34,Content Download,SMB,Australia,2026-03-13 19:47:45,false,2026-04-01 06:30:00
HS-003250,danielle393250@example.com,Mann Inc,marketingqualifiedlead,56,inbound,enterprise,United States,2025-11-24 05:08:44,false,2026-04-01 06:30:00
HS-003251,isaac753251@example.com,Harris-Barker,marketingqualifiedlead,54,Inbound,SMB,Australia,2025-08-26 10:38:07,false,2026-04-01 06:30:00
HS-003252,peterlove3252@example.com,"Butler, Beck and Miller",marketingqualifiedlead,42,Partner,smb,Australia,2026-02-27 23:01:59,false,2026-04-01 06:30:00
HS-003253,jmedina3253@example.com,Strickland-Palmer,lead,17,Event,smb,Germany,2025-12-28 13:49:15,false,2026-04-01 06:30:00
HS-003254,catherine413254@example.com,Mendez Ltd,lead,28,Cold Outreach,MidMarket,Canada,2026-03-14 09:01:13,false,2026-04-01 06:30:00
HS-003255,zli3255@example.com,Williams-Berg,marketingqualifiedlead,69,Partner,smb,United Kingdom,2025-11-16 15:37:38,false,2026-04-01 06:30:00
HS-003256,joneslisa3256@example.com,White-Preston,lead,16,Content Download,SMB,Australia,2026-01-27 04:08:44,false,2026-04-01 06:30:00
HS-003257,sarah783257@example.com,"Wise, Conley and Stephenson",marketingqualifiedlead,84,Content,SMB,Australia,2025-09-27 16:41:07,false,2026-04-01 06:30:00
HS-003258,william633258@example.com,Thompson Ltd,marketingqualifiedlead,50,Inbound,Small Business,Canada,2025-12-19 12:01:26,false,2026-04-01 06:30:00
HS-003259,brent673259@example.com,"Chan, Floyd and Dillon",lead,30,outbound,SMB,Germany,2025-11-21 01:13:23,false,2026-04-01 06:30:00
HS-003260,alvarezpaul3260@example.com,Miller-Orr,marketingqualifiedlead,72,Inbound,ENT,United Kingdom,2026-03-05 08:57:14,false,2026-04-01 06:30:00
HS-003261,taylordavid3261@example.com,Wagner LLC,marketingqualifiedlead,63,Trade Show,MidMarket,Australia,2026-01-23 04:22:41,false,2026-04-01 06:30:00
HS-003262,williamschad3262@example.com,Matthews Inc,lead,12,Cold Outreach,Small Business,Canada,2026-02-07 08:02:32,false,2026-04-01 06:30:00
HS-003263,dunnjoseph3263@example.com,Chapman and Sons,marketingqualifiedlead,53,Referral,SmallBiz,Canada,2026-02-02 19:49:10,false,2026-04-01 06:30:00
HS-003264,frostgloria3264@example.com,Smith-Bell,lead,27,outbound,Small Business,Australia,2026-02-20 05:19:25,false,2026-04-01 06:30:00
HS-003265,billkeller3265@example.com,Murphy PLC,marketingqualifiedlead,52,Partner,Small Business,United States,2026-03-09 00:35:28,false,2026-04-01 06:30:00
HS-003266,smithmatthew3266@example.com,Hays-Daniels,marketingqualifiedlead,73,Outbound,MM,Germany,2025-10-30 04:48:50,false,2026-04-01 06:30:00
HS-003267,justin333267@example.com,Kelley-Anderson,marketingqualifiedlead,69,inbound,smb,Germany,2025-10-02 00:54:54,false,2026-04-01 06:30:00
HS-003268,christineduncan3268@example.com,Atkinson LLC,marketingqualifiedlead,71,Trade Show,Small Business,Canada,2025-09-02 10:02:55,false,2026-04-01 06:30:00
HS-003269,sarah533269@example.com,"Cole, Glass and Cunningham",lead,6,Outbound,MidMarket,Australia,2026-01-07 10:09:20,false,2026-04-01 06:30:00
HS-003270,andrewsilva3270@example.com,"Winters, Newman and Brown",lead,32,Content Download,SmallBiz,Canada,2025-10-17 06:56:05,false,2026-04-01 06:30:00
HS-003271,georgeburch3271@example.com,"Pierce, Bell and Chavez",marketingqualifiedlead,68,Partner,MidMarket,Germany,2026-03-09 22:16:18,false,2026-04-01 06:30:00
HS-003272,nharris3272@example.com,Bowen Group,lead,34,Paid Ads,SmallBiz,United Kingdom,2025-12-27 00:58:11,false,2026-04-01 06:30:00
HS-003273,bestchristopher3273@example.com,Fernandez and Sons,marketingqualifiedlead,42,Inbound,MidMarket,Germany,2026-01-24 16:35:57,false,2026-04-01 06:30:00
HS-003274,lisa113274@example.com,"Robinson, Jones and Henderson",lead,38,Content,Strategic,Canada,2025-12-27 09:02:41,false,2026-04-01 06:30:00
HS-003275,meganwalker3275@example.com,Bates-Anderson,marketingqualifiedlead,65,Content,Small Business,Canada,2025-10-24 20:16:29,false,2026-04-01 06:30:00
HS-003276,llynch3276@example.com,Humphrey-Baker,lead,16,IB,ENT,Germany,2025-11-16 12:57:20,false,2026-04-01 06:30:00
HS-003277,joshuasmith3277@example.com,Holt and Sons,lead,35,Referral,Mid-Market,United States,2025-11-02 19:33:43,false,2026-04-01 06:30:00
HS-003278,ryan963278@example.com,Davis PLC,lead,23,Event,MidMarket,United States,2025-11-30 05:25:17,false,2026-04-01 06:30:00
HS-003279,glewis3279@example.com,Wilson-Jimenez,lead,33,Inbound,SmallBiz,Australia,2025-09-24 02:17:44,false,2026-04-01 06:30:00
HS-003280,ortizsean3280@example.com,Cortez LLC,lead,12,Outbound,Small Business,United Kingdom,2025-11-02 14:16:58,false,2026-04-01 06:30:00
HS-003281,jocelyncruz3281@example.com,Hines-Berry,lead,14,Inbound,smb,Canada,2025-11-01 05:06:10,false,2026-04-01 06:30:00
HS-003282,wjohnson3282@example.com,"Miller, Murphy and Craig",lead,19,Content,SMB,Canada,2026-02-17 13:31:43,false,2026-04-01 06:30:00
HS-003283,jamie763283@example.com,Parker Ltd,lead,31,outbound,Mid-Market,United Kingdom,2025-11-25 10:02:54,false,2026-04-01 06:30:00
HS-003284,marc783284@example.com,Lee-Wright,lead,37,IB,SmallBiz,Canada,2025-11-22 14:45:00,false,2026-04-01 06:30:00
HS-003285,mmassey3285@example.com,"Sanford, Rivera and Garcia",lead,25,outbound,smb,United States,2026-01-21 21:51:55,false,2026-04-01 06:30:00
HS-003286,nathanwarner3286@example.com,"Cole, Glass and Cunningham",lead,24,Channel,MM,Australia,2025-10-30 09:01:25,false,2026-04-01 06:30:00
HS-003287,zjackson3287@example.com,Armstrong-Andrews,marketingqualifiedlead,55,Outbound,Small Business,United Kingdom,2025-09-13 12:23:41,false,2026-04-01 06:30:00
HS-003288,jefferygomez3288@example.com,Nelson-Cruz,marketingqualifiedlead,76,Word of Mouth,Strategic,Germany,2025-11-19 11:32:35,false,2026-04-01 06:30:00
HS-003289,john433289@example.com,Jones-Hensley,marketingqualifiedlead,49,Cold Outreach,smb,Australia,2026-03-02 18:08:38,false,2026-04-01 06:30:00
HS-003290,eburke3290@example.com,Ruiz Ltd,lead,27,Cold Outreach,MM,United States,2025-10-31 11:27:54,false,2026-04-01 06:30:00
HS-003291,parksanna3291@example.com,"Duran, Obrien and Gibbs",lead,10,Cold Outreach,smb,Canada,2025-11-07 11:29:11,false,2026-04-01 06:30:00
HS-003292,chavezlauren3292@example.com,"Sanders, Ayala and Johnson",lead,33,Content,SmallBiz,Canada,2025-10-22 06:26:44,false,2026-04-01 06:30:00
HS-003293,xarmstrong3293@example.com,Mann Inc,marketingqualifiedlead,65,Partner,enterprise,United States,2025-10-09 14:59:27,false,2026-04-01 06:30:00
HS-003294,bsmith3294@example.com,"Barry, Taylor and Velazquez",marketingqualifiedlead,81,Event,Mid-Market,Canada,2025-12-15 11:10:32,false,2026-04-01 06:30:00
HS-003295,fblankenship3295@example.com,Torres-Pope,marketingqualifiedlead,53,Cold Outreach,MM,Germany,2025-11-12 22:21:27,false,2026-04-01 06:30:00
HS-003296,oscott3296@example.com,Branch and Sons,lead,19,Cold Outreach,Small Business,United States,2025-11-16 23:46:35,false,2026-04-01 06:30:00
HS-003297,michael473297@example.com,"Fry, Myers and Gamble",lead,7,Outbound,MidMarket,Germany,2025-12-23 00:42:36,false,2026-04-01 06:30:00
HS-003298,garynash3298@example.com,Durham-Shaw,marketingqualifiedlead,78,IB,Small Business,Germany,2026-02-24 23:22:40,false,2026-04-01 06:30:00
HS-003299,meghanwerner3299@example.com,Curry Inc,marketingqualifiedlead,44,Inbound,MidMarket,United States,2025-11-13 00:52:36,false,2026-04-01 06:30:00
HS-003300,brandon313300@example.com,"Jones, Compton and Day",lead,18,inbound,SmallBiz,Canada,2026-02-14 14:27:24,false,2026-04-01 06:30:00
HS-003301,christopherdominguez3301@example.com,"Griffith, Mitchell and Pugh",lead,34,Inbound,Small Business,Australia,2025-09-24 18:47:56,false,2026-04-01 06:30:00
HS-003302,wrightalicia3302@example.com,Baird-Sanchez,lead,7,inbound,smb,United States,2025-12-14 18:35:13,false,2026-04-01 06:30:00
HS-003303,shawn423303@example.com,Hull Ltd,marketingqualifiedlead,63,Inbound,smb,United Kingdom,2025-12-06 00:16:45,false,2026-04-01 06:30:00
HS-003304,lramirez3304@example.com,Stewart Ltd,lead,16,Partner,SmallBiz,Germany,2025-11-20 02:36:08,false,2026-04-01 06:30:00
HS-003305,robertjackson3305@example.com,"Burke, Martinez and Riggs",marketingqualifiedlead,55,Inbound,Mid Market,United Kingdom,2025-09-23 06:08:21,false,2026-04-01 06:30:00
HS-003306,hallchristopher3306@example.com,Castro-Harvey,lead,26,Paid Ads,SmallBiz,United States,2025-11-28 16:55:19,false,2026-04-01 06:30:00
HS-003307,armstrongkrista3307@example.com,Lam LLC,marketingqualifiedlead,69,IB,MidMarket,United Kingdom,2026-03-20 00:23:52,false,2026-04-01 06:30:00
HS-003308,keithharrison3308@example.com,Kane PLC,lead,30,Outbound,smb,United States,2025-09-02 08:23:53,false,2026-04-01 06:30:00
HS-003309,pjacobson3309@example.com,"Byrd, Oliver and Martinez",lead,32,outbound,MM,United Kingdom,2026-03-24 09:53:50,false,2026-04-01 06:30:00
HS-003310,mortonjames3310@example.com,"Johnson, Guzman and Mccall",lead,35,Cold Outreach,SMB,Australia,2025-12-28 03:24:27,false,2026-04-01 06:30:00
HS-003311,jonescraig3311@example.com,Wilson-Jimenez,marketingqualifiedlead,82,IB,smb,Australia,2025-11-11 21:14:26,false,2026-04-01 06:30:00
HS-003312,amandamaxwell3312@example.com,"Edwards, Rodgers and Davis",lead,38,Event,MM,United Kingdom,2025-09-16 05:39:32,false,2026-04-01 06:30:00
HS-003313,jennifer283313@example.com,"Rivera, Martinez and Richardson",lead,30,Paid,smb,United Kingdom,2025-09-28 05:06:45,false,2026-04-01 06:30:00
HS-003314,johnsmith3314@example.com,Wood LLC,marketingqualifiedlead,88,Outbound,Small Business,Australia,2025-08-20 17:26:49,false,2026-04-01 06:30:00
HS-003315,katiepalmer3315@example.com,Dominguez Ltd,marketingqualifiedlead,78,Content Download,MM,Canada,2025-12-24 06:57:54,false,2026-04-01 06:30:00
HS-003316,masonpatricia3316@example.com,"Barnes, Johnson and Schmitt",lead,14,Paid Ads,Small Business,Germany,2025-12-20 17:53:15,false,2026-04-01 06:30:00
HS-003317,dtaylor3317@example.com,Conner and Sons,marketingqualifiedlead,70,Content Download,smb,United States,2025-11-03 20:26:47,false,2026-04-01 06:30:00
HS-003318,imoore3318@example.com,"Chan, Lewis and Walker",lead,31,Inbound,MidMarket,Australia,2026-01-08 17:27:14,false,2026-04-01 06:30:00
HS-003319,michelleflowers3319@example.com,Campbell-Clark,lead,12,IB,SmallBiz,Germany,2026-02-01 01:20:45,false,2026-04-01 06:30:00
HS-003320,steven723320@example.com,Wright and Sons,marketingqualifiedlead,44,PPC,Mid-Market,United Kingdom,2025-08-11 21:32:43,false,2026-04-01 06:30:00
HS-003321,reevesfernando3321@example.com,Andrade-Mendoza,lead,14,PPC,Mid Market,United States,2025-09-05 06:19:19,false,2026-04-01 06:30:00
HS-003322,jonesnicholas3322@example.com,"Robinson, Jones and Welch",lead,9,PPC,SMB,Germany,2025-10-11 04:37:38,false,2026-04-01 06:30:00
HS-003323,mitchellallison3323@example.com,Crane Group,marketingqualifiedlead,70,Outbound,Small Business,Germany,2025-09-09 00:27:59,false,2026-04-01 06:30:00
HS-003324,zbyrd3324@example.com,Shaw-Carr,lead,17,Inbound,SMB,Germany,2026-01-25 07:28:07,false,2026-04-01 06:30:00
HS-003325,doneal3325@example.com,Miller-Wright,marketingqualifiedlead,70,outbound,Small Business,Canada,2025-10-04 19:05:05,false,2026-04-01 06:30:00
HS-003326,kristin963326@example.com,Cline-Ayala,lead,18,IB,MM,Australia,2025-12-22 17:32:00,false,2026-04-01 06:30:00
HS-003327,alexandra623327@example.com,Ward and Sons,marketingqualifiedlead,45,IB,SMB,United Kingdom,2025-10-25 10:27:47,false,2026-04-01 06:30:00
HS-003328,cmartinez3328@example.com,"Foster, Garcia and Turner",lead,39,Outbound,SMB,Germany,2025-10-24 06:06:02,false,2026-04-01 06:30:00
HS-003329,charlesvang3329@example.com,Alvarado-Davidson,lead,18,Inbound,Mid-Market,United Kingdom,2026-02-12 17:59:35,false,2026-04-01 06:30:00
HS-003330,darrell663330@example.com,Jackson-Cortez,marketingqualifiedlead,58,inbound,SmallBiz,Canada,2025-10-15 19:53:32,false,2026-04-01 06:30:00
HS-003331,bevans3331@example.com,Hull Ltd,marketingqualifiedlead,76,inbound,SMB,United Kingdom,2026-02-07 23:25:43,false,2026-04-01 06:30:00
HS-003332,tony033332@example.com,Wood LLC,marketingqualifiedlead,55,Trade Show,SmallBiz,Australia,2026-02-08 10:05:29,false,2026-04-01 06:30:00
HS-003333,whampton3333@example.com,"Branch, Torres and Oliver",lead,10,Outbound,Mid-Market,Germany,2026-03-15 12:15:58,false,2026-04-01 06:30:00
HS-003334,shannongarza3334@example.com,Jones-Hensley,lead,28,Channel,SmallBiz,Australia,2025-11-05 14:23:04,false,2026-04-01 06:30:00
HS-003335,deborahturner3335@example.com,Nunez-Stephens,lead,23,Event,Enterprise,Canada,2026-02-19 22:26:54,false,2026-04-01 06:30:00
HS-003336,douglaslester3336@example.com,Donovan-Harris,marketingqualifiedlead,54,Content Download,SMB,Germany,2025-11-22 14:40:15,false,2026-04-01 06:30:00
HS-003337,zking3337@example.com,"Walker, Hernandez and Baker",marketingqualifiedlead,80,Inbound,smb,Canada,2025-11-26 15:12:12,false,2026-04-01 06:30:00
HS-003338,xmarquez3338@example.com,Boone-Davis,lead,22,Outbound,SMB,United Kingdom,2026-02-10 08:00:15,false,2026-04-01 06:30:00
HS-003339,stevenperry3339@example.com,"Mccarthy, Evans and Mendez",lead,35,Outbound,SmallBiz,Germany,2026-01-30 02:07:48,false,2026-04-01 06:30:00
HS-003340,sanchezdustin3340@example.com,Barton-Chapman,lead,13,Outbound,SMB,Australia,2025-10-20 05:00:53,false,2026-04-01 06:30:00
HS-003341,phillipsbrian3341@example.com,King-Smith,lead,11,Content Download,Mid-Market,United Kingdom,2025-10-05 15:11:34,false,2026-04-01 06:30:00
HS-003342,pblankenship3342@example.com,"Marks, Miller and Griffin",marketingqualifiedlead,78,inbound,smb,United Kingdom,2026-01-16 02:49:34,false,2026-04-01 06:30:00
HS-003343,smiller3343@example.com,"Fitzpatrick, Rivera and Smith",lead,20,Cold Outreach,Mid Market,Germany,2025-12-03 06:43:19,false,2026-04-01 06:30:00
HS-003344,lori873344@example.com,Murray-Oconnor,marketingqualifiedlead,63,Event,Enterprise,United Kingdom,2025-09-29 06:05:15,false,2026-04-01 06:30:00
HS-003345,villamisty3345@example.com,"Jones, Mcmahon and Spence",lead,34,IB,Enterprise,United States,2026-02-15 20:20:35,false,2026-04-01 06:30:00
HS-003346,vjones3346@example.com,Mendez-Graham,lead,27,Trade Show,SMB,Australia,2026-03-20 15:33:48,false,2026-04-01 06:30:00
HS-003347,kylehunter3347@example.com,Thornton PLC,marketingqualifiedlead,81,Partner,SMB,Germany,2025-08-26 13:36:22,false,2026-04-01 06:30:00
HS-003348,gaydustin3348@example.com,Carter-Neal,marketingqualifiedlead,69,Paid,Mid-Market,Germany,2026-01-11 10:30:19,false,2026-04-01 06:30:00
HS-003349,brian833349@example.com,Nelson-Brown,lead,5,Partner,smb,United States,2026-03-03 00:15:43,false,2026-04-01 06:30:00
HS-003350,andrew653350@example.com,"Butler, Beck and Miller",marketingqualifiedlead,63,Inbound,SmallBiz,Australia,2026-01-19 21:13:23,false,2026-04-01 06:30:00
HS-003351,ureed3351@example.com,"Jimenez, Glass and Stone",marketingqualifiedlead,57,PPC,Enterprise,Australia,2026-01-26 08:37:36,false,2026-04-01 06:30:00
HS-003352,micheal893352@example.com,Buchanan LLC,lead,19,IB,Small Business,United States,2025-11-01 04:19:26,false,2026-04-01 06:30:00
HS-003353,stephensonkatherine3353@example.com,Walton LLC,marketingqualifiedlead,78,Paid Ads,MM,United States,2025-11-20 11:10:21,false,2026-04-01 06:30:00
HS-003354,cgallagher3354@arcline.com,"Harrison, Franco and Rocha",lead,10,outbound,SMB,United States,2025-10-20 14:53:01,true,2026-04-01 06:30:00
HS-003355,lutzeric3355@example.com,Kelly-Norman,marketingqualifiedlead,64,outbound,smb,Canada,2025-12-28 17:30:28,false,2026-04-01 06:30:00
HS-003356,trivera3356@example.com,Arnold and Sons,lead,11,inbound,SMB,United Kingdom,2025-10-05 11:29:15,false,2026-04-01 06:30:00
HS-003357,osimon3357@example.com,"Boyd, Gutierrez and Hill",marketingqualifiedlead,52,Inbound,Small Business,United Kingdom,2026-02-17 11:11:46,false,2026-04-01 06:30:00
HS-003358,douglas313358@example.com,Hancock Inc,lead,17,Partner,SmallBiz,United States,2026-01-17 16:05:40,false,2026-04-01 06:30:00
HS-003359,ohill3359@example.com,Torres and Sons,lead,29,Outbound,Mid-Market,Australia,2026-03-04 12:59:21,false,2026-04-01 06:30:00
HS-003359D,ohill3359@example.com,Torres and Sons,lead,29,Outbound,Mid-Market,Australia,2026-03-04 12:59:21,false,2026-04-01 06:30:00
HS-003360,williamsalexander3360@example.com,Bailey LLC,lead,34,Channel,Small Business,Canada,2026-03-23 00:20:52,false,2026-04-01 06:30:00
HS-003361,jameshudson3361@example.com,Mendez and Sons,marketingqualifiedlead,72,Outbound,Mid-Market,Germany,2026-02-26 03:58:04,false,2026-04-01 06:30:00
HS-003362,jlloyd3362@example.com,"Ramsey, Mason and Mccann",lead,34,Content,Small Business,Australia,2026-02-06 23:46:34,false,2026-04-01 06:30:00
HS-003363,qpayne3363@example.com,Holt-Torres,marketingqualifiedlead,85,Event,MM,Australia,2025-10-19 12:50:43,false,2026-04-01 06:30:00
HS-003364,aaronjones3364@example.com,"Davis, Stanley and Wright",lead,17,Event,MidMarket,Canada,2025-10-28 23:58:32,false,2026-04-01 06:30:00
HS-003365,bakertimothy3365@example.com,"Hurst, Freeman and Nelson",lead,9,Paid,SMB,Canada,2025-11-05 13:38:10,false,2026-04-01 06:30:00
HS-003366,robinsonrose3366@example.com,Mitchell-Jordan,marketingqualifiedlead,78,Word of Mouth,Enterprise,Germany,2025-10-08 03:58:20,false,2026-04-01 06:30:00
HS-003367,sandysnyder3367@example.com,Alexander Inc,marketingqualifiedlead,55,Outbound,SmallBiz,Canada,2025-12-21 02:15:52,false,2026-04-01 06:30:00
HS-003368,caldwelllisa3368@example.com,"Davis, George and Nguyen",marketingqualifiedlead,89,Content Download,Small Business,Germany,2025-09-11 11:13:26,false,2026-04-01 06:30:00
HS-003369,christina573369@example.com,"Evans, David and Hendrix",marketingqualifiedlead,57,Inbound,MM,Canada,2025-11-22 06:41:43,false,2026-04-01 06:30:00
HS-003370,barbara853370@example.com,Thompson Ltd,marketingqualifiedlead,53,Event,Small Business,United Kingdom,2025-12-30 12:44:53,false,2026-04-01 06:30:00
HS-003371,alison983371@example.com,"Wagner, Martinez and Dawson",lead,28,Trade Show,ENT,Australia,2026-02-27 11:02:05,false,2026-04-01 06:30:00
HS-003372,linda333372@example.com,Goodwin Ltd,lead,15,IB,SMB,Canada,2025-09-26 14:02:44,false,2026-04-01 06:30:00
HS-003373,hamiltonjoseph3373@example.com,Rowe Group,lead,36,Content Download,Small Business,Canada,2025-10-22 12:13:47,false,2026-04-01 06:30:00
HS-003374,victor603374@example.com,"Matthews, Saunders and Anderson",marketingqualifiedlead,81,Trade Show,Mid-Market,United States,2026-02-27 17:04:09,false,2026-04-01 06:30:00
HS-003375,laurie413375@example.com,Morales Inc,marketingqualifiedlead,67,Partner,smb,United Kingdom,2026-02-22 21:12:29,false,2026-04-01 06:30:00
HS-003376,angelarichard3376@example.com,"Johnson, Guzman and Mccall",lead,7,Word of Mouth,SmallBiz,Australia,2025-11-20 12:04:54,false,2026-04-01 06:30:00
HS-003377,nicolewright3377@example.com,"Alvarez, Williams and Jones",marketingqualifiedlead,76,Word of Mouth,SMB,Germany,2025-10-29 03:33:09,false,2026-04-01 06:30:00
HS-003378,saraterry3378@example.com,"Howard, Silva and Hall",lead,26,Referral,SmallBiz,United Kingdom,2025-10-15 03:39:10,false,2026-04-01 06:30:00
HS-003379,robert663379@example.com,Branch and Sons,lead,30,Content Download,Small Business,United States,2026-02-08 03:50:30,false,2026-04-01 06:30:00
HS-003380,kerry323380@example.com,Perry-Nixon,lead,31,Referral,smb,United States,2025-11-06 10:24:24,false,2026-04-01 06:30:00
HS-003381,qfry3381@example.com,"Powers, Brennan and Sanchez",marketingqualifiedlead,78,Referral,SMB,Canada,2025-09-04 11:32:08,false,2026-04-01 06:30:00
HS-003382,hamptonsara3382@example.com,"Perez, Hall and Garcia",lead,37,outbound,Strategic,Canada,2026-02-16 02:50:01,false,2026-04-01 06:30:00
HS-003383,grahamlisa3383@example.com,Miller Inc,marketingqualifiedlead,85,inbound,SmallBiz,Germany,2025-12-16 21:09:02,false,2026-04-01 06:30:00
HS-003384,robertgood3384@example.com,"Moon, Farmer and Hill",lead,38,outbound,SMB,United Kingdom,2026-02-10 22:04:30,false,2026-04-01 06:30:00
HS-003385,sharon143385@example.com,"Wilson, Pena and Rich",marketingqualifiedlead,57,outbound,Mid Market,Germany,2025-09-08 09:11:50,false,2026-04-01 06:30:00
HS-003386,tommycuevas3386@example.com,Hardy-Hansen,lead,31,Event,MidMarket,Canada,2026-02-26 16:19:50,false,2026-04-01 06:30:00
HS-003387,zchapman3387@example.com,"Jones, Scott and Rodriguez",lead,15,Word of Mouth,Mid-Market,Australia,2025-12-23 12:42:45,false,2026-04-01 06:30:00
HS-003388,satkinson3388@example.com,"Martin, Preston and Moore",marketingqualifiedlead,50,Channel,Enterprise,United Kingdom,2025-11-04 19:51:21,false,2026-04-01 06:30:00
HS-003389,cherylmartin3389@example.com,"Khan, Pena and Ruiz",marketingqualifiedlead,46,Inbound,Small Business,Australia,2025-12-06 19:25:09,false,2026-04-01 06:30:00
HS-003390,carlywatkins3390@example.com,Fox-Edwards,marketingqualifiedlead,60,Inbound,MidMarket,Australia,2026-01-25 16:43:12,false,2026-04-01 06:30:00
HS-003391,garciachristopher3391@example.com,"Washington, Lynch and Johnson",lead,8,outbound,SmallBiz,Germany,2025-12-07 05:04:48,false,2026-04-01 06:30:00
HS-003392,hernandezroy3392@example.com,"Gallegos, Adams and White",lead,8,Outbound,smb,Canada,2025-10-12 15:27:55,false,2026-04-01 06:30:00
HS-003393,michaellaura3393@example.com,Ruiz Ltd,marketingqualifiedlead,47,Cold Outreach,Small Business,United Kingdom,2025-09-14 21:44:15,false,2026-04-01 06:30:00
HS-003394,victoriasmith3394@example.com,Ware and Sons,lead,17,Outbound,smb,Germany,2026-03-12 16:07:22,false,2026-04-01 06:30:00
HS-003395,antoniocarter3395@example.com,Acosta Inc,lead,11,inbound,SMB,Australia,2026-02-01 17:00:48,false,2026-04-01 06:30:00
HS-003396,erika593396@example.com,Khan LLC,lead,34,Cold Outreach,MM,Germany,2025-10-30 14:34:47,false,2026-04-01 06:30:00
HS-003397,williamspatricia3397@example.com,Kerr-Evans,lead,20,Content,SMB,United States,2025-10-23 06:47:06,false,2026-04-01 06:30:00
HS-003398,craig913398@example.com,Byrd-Holloway,marketingqualifiedlead,57,PPC,Mid Market,Germany,2025-12-14 16:26:17,false,2026-04-01 06:30:00
HS-003399,mendezlori3399@example.com,"Powers, Clements and Cox",lead,18,Outbound,Small Business,Canada,2026-03-20 09:14:56,false,2026-04-01 06:30:00
HS-003400,kristineprince3400@example.com,"Jimenez, Glass and Stone",marketingqualifiedlead,54,inbound,ENT,Australia,2026-01-10 22:41:32,false,2026-04-01 06:30:00
HS-003401,lrodriguez3401@example.com,Baxter Inc,marketingqualifiedlead,53,Channel,Small Business,United Kingdom,2025-11-11 10:50:32,false,2026-04-01 06:30:00
HS-003402,christina813402@example.com,"Morgan, Sherman and Williams",marketingqualifiedlead,41,Paid,MM,United States,2025-10-28 05:21:17,false,2026-04-01 06:30:00
HS-003403,dillon793403@example.com,"Carter, Garcia and Murphy",marketingqualifiedlead,45,Word of Mouth,Mid-Market,United States,2025-10-06 22:00:26,false,2026-04-01 06:30:00
HS-003404,eric813404@example.com,Shaw Inc,lead,17,Event,Mid-Market,Germany,2025-12-20 19:57:16,false,2026-04-01 06:30:00
HS-003405,sobrien3405@example.com,"Sanchez, Wheeler and Harvey",lead,39,Cold Outreach,enterprise,Australia,2025-09-23 09:41:20,false,2026-04-01 06:30:00
HS-003406,antonio523406@example.com,Ortiz-Hudson,marketingqualifiedlead,80,Inbound,Small Business,United States,2025-12-02 18:10:43,false,2026-04-01 06:30:00
HS-003406D,antonio523406@example.com,Ortiz-Hudson,marketingqualifiedlead,80,Inbound,Small Business,United States,2025-12-02 18:10:43,false,2026-04-01 06:30:00
HS-003407,wpatrick3407@example.com,Hoffman Ltd,marketingqualifiedlead,77,Inbound,SMB,Australia,2025-09-11 06:07:03,false,2026-04-01 06:30:00
HS-003408,kelly663408@example.com,Mcgee-Smith,lead,7,Paid Ads,SMB,Germany,2026-01-27 12:33:24,false,2026-04-01 06:30:00
HS-003409,lauraboone3409@example.com,Gonzalez-Wilkerson,marketingqualifiedlead,46,Event,Enterprise,Canada,2025-11-25 05:23:53,false,2026-04-01 06:30:00
HS-003410,jason723410@example.com,Moore-Dawson,lead,18,inbound,smb,United States,2026-01-31 22:38:25,false,2026-04-01 06:30:00
HS-003411,benjaminbrown3411@example.com,"Lloyd, Mckinney and Collins",lead,36,inbound,SmallBiz,Germany,2026-02-17 13:05:32,false,2026-04-01 06:30:00
HS-003412,hernandezwhitney3412@arcline.com,"Fowler, Jimenez and Burton",lead,29,PPC,Small Business,United States,2026-01-21 18:50:36,true,2026-04-01 06:30:00
HS-003413,edwardjones3413@example.com,"Ramirez, Strickland and Washington",marketingqualifiedlead,45,Cold Outreach,MM,United Kingdom,2025-10-25 22:07:15,false,2026-04-01 06:30:00
HS-003414,gwendolyn933414@example.com,Jones-Fox,lead,20,Outbound,Small Business,Germany,2026-02-15 16:26:56,false,2026-04-01 06:30:00
HS-003415,hgraham3415@example.com,Taylor PLC,lead,29,inbound,Small Business,Canada,2026-03-20 19:32:24,false,2026-04-01 06:30:00
HS-003416,sharon373416@example.com,"Johnson, Jimenez and Phillips",lead,18,Outbound,SMB,United Kingdom,2025-12-13 22:32:03,false,2026-04-01 06:30:00
HS-003417,diazpeter3417@example.com,Rivera LLC,lead,10,outbound,SmallBiz,United Kingdom,2026-01-12 11:31:07,false,2026-04-01 06:30:00
HS-003418,carl043418@example.com,"Ortiz, Smith and Deleon",lead,12,Cold Outreach,Enterprise,Australia,2026-01-01 10:26:39,false,2026-04-01 06:30:00
HS-003419,flopez3419@example.com,Donaldson and Sons,marketingqualifiedlead,60,Event,Mid Market,Germany,2025-11-09 22:56:01,false,2026-04-01 06:30:00
HS-003420,zbarrett3420@example.com,Morris-Brewer,lead,32,IB,smb,United States,2025-11-15 17:27:47,false,2026-04-01 06:30:00
HS-003421,shannon563421@example.com,"Higgins, Strickland and Martin",lead,17,Inbound,smb,Australia,2026-03-16 20:35:16,false,2026-04-01 06:30:00
HS-003422,susan923422@example.com,"Mccall, Hanson and Alvarado",lead,14,outbound,SmallBiz,United Kingdom,2025-11-18 11:55:17,false,2026-04-01 06:30:00
HS-003423,boothfrank3423@example.com,Fisher-Eaton,marketingqualifiedlead,82,Cold Outreach,SMB,United Kingdom,2025-08-31 03:07:42,false,2026-04-01 06:30:00
HS-003424,robert753424@example.com,"Baker, Clark and Armstrong",marketingqualifiedlead,88,Inbound,enterprise,United Kingdom,2025-12-07 16:05:44,false,2026-04-01 06:30:00
HS-003425,bobbytaylor3425@example.com,Tran Ltd,lead,11,Inbound,smb,United States,2026-03-10 01:55:40,false,2026-04-01 06:30:00
HS-003426,mkrueger3426@example.com,Davis PLC,marketingqualifiedlead,49,Trade Show,MM,United States,2026-02-19 07:30:22,false,2026-04-01 06:30:00
HS-003427,roberttownsend3427@example.com,Smith-Oneill,marketingqualifiedlead,65,Referral,SmallBiz,Germany,2025-09-10 02:34:47,false,2026-04-01 06:30:00
HS-003428,jennifer953428@example.com,"Wood, Tran and Cooper",lead,23,Outbound,smb,Australia,2026-01-09 08:14:28,false,2026-04-01 06:30:00
HS-003429,aaron783429@example.com,"Ellison, Arias and Thompson",marketingqualifiedlead,49,inbound,smb,Australia,2025-10-07 20:15:08,false,2026-04-01 06:30:00
HS-003430,jasoncook3430@example.com,Walker LLC,marketingqualifiedlead,74,Outbound,Small Business,Germany,2025-10-20 13:37:21,false,2026-04-01 06:30:00
HS-003431,alyssa893431@example.com,Stokes and Sons,marketingqualifiedlead,78,Trade Show,Mid-Market,Canada,2026-03-13 11:47:44,false,2026-04-01 06:30:00
HS-003432,ryandodson3432@example.com,"Wood, Tran and Cooper",marketingqualifiedlead,89,Cold Outreach,SmallBiz,Australia,2026-03-14 18:17:21,false,2026-04-01 06:30:00
HS-003433,gibsonjennifer3433@example.com,Barnes Inc,lead,33,Paid,ENT,Canada,2025-10-06 22:20:23,false,2026-04-01 06:30:00
HS-003434,amber703434@example.com,Reed Group,marketingqualifiedlead,90,Channel,MidMarket,Australia,2025-10-04 20:55:52,false,2026-04-01 06:30:00
HS-003435,marvin693435@example.com,White Ltd,marketingqualifiedlead,65,Partner,SmallBiz,United States,2025-11-29 07:05:15,false,2026-04-01 06:30:00
HS-003436,wellsnatalie3436@example.com,"Soto, Carlson and Baker",marketingqualifiedlead,71,Content,Small Business,United States,2025-11-13 21:50:57,false,2026-04-01 06:30:00
HS-003437,msloan3437@example.com,Russell-Daniels,marketingqualifiedlead,65,inbound,SmallBiz,Canada,2026-02-10 02:59:18,false,2026-04-01 06:30:00
HS-003438,sandradavenport3438@example.com,Kirby and Sons,marketingqualifiedlead,52,Cold Outreach,SmallBiz,Canada,2025-09-11 14:13:06,false,2026-04-01 06:30:00
HS-003439,shannonevans3439@example.com,Davis Ltd,marketingqualifiedlead,86,Cold Outreach,SMB,United States,2026-03-25 21:51:40,false,2026-04-01 06:30:00
HS-003440,montoyaelizabeth3440@example.com,Marshall-Elliott,lead,25,Cold Outreach,MM,Australia,2026-01-12 21:56:57,false,2026-04-01 06:30:00
HS-003441,ralph083441@example.com,Lee Group,lead,13,Cold Outreach,Small Business,Australia,2026-01-11 11:47:50,false,2026-04-01 06:30:00
HS-003442,billycrane3442@example.com,Hays-Daniels,lead,38,Paid,MM,Germany,2025-11-26 06:43:56,false,2026-04-01 06:30:00
HS-003443,aallen3443@example.com,"Estrada, Williams and Foster",marketingqualifiedlead,52,PPC,SmallBiz,Australia,2025-12-12 10:49:17,false,2026-04-01 06:30:00
HS-003444,ewilliams3444@example.com,Bowers-Hayes,marketingqualifiedlead,55,Paid Ads,SmallBiz,Australia,2025-12-19 13:51:21,false,2026-04-01 06:30:00
HS-003445,amanda863445@example.com,"Smith, Montoya and Evans",marketingqualifiedlead,85,Cold Outreach,SMB,Canada,2026-02-14 22:23:53,false,2026-04-01 06:30:00
HS-003446,shawstephanie3446@example.com,"Johnson, Haynes and Meza",lead,21,inbound,Small Business,United Kingdom,2025-12-24 17:15:11,false,2026-04-01 06:30:00
HS-003447,kayla073447@example.com,Trujillo PLC,lead,31,Partner,SmallBiz,Germany,2025-09-06 10:26:46,false,2026-04-01 06:30:00
HS-003448,amandatran3448@example.com,White-Green,lead,20,Inbound,SMB,United Kingdom,2025-09-13 10:28:17,false,2026-04-01 06:30:00
HS-003449,wyattsara3449@example.com,Marshall-Elliott,lead,13,IB,MidMarket,Australia,2026-01-29 20:00:12,false,2026-04-01 06:30:00
HS-003450,vcastro3450@example.com,Lopez Ltd,marketingqualifiedlead,53,Channel,MidMarket,United Kingdom,2026-03-08 07:07:55,false,2026-04-01 06:30:00
HS-003451,amygonzalez3451@example.com,"Wright, Mcknight and Stephens",lead,29,PPC,Strategic,United Kingdom,2025-09-11 12:38:53,false,2026-04-01 06:30:00
HS-003452,pmiller3452@example.com,"Farmer, Dorsey and Bell",lead,19,Content Download,Small Business,Australia,2025-09-09 01:23:14,false,2026-04-01 06:30:00
HS-003453,staceysmith3453@example.com,Sheppard-Mcdaniel,lead,31,Content,Mid-Market,United Kingdom,2025-11-03 07:58:30,false,2026-04-01 06:30:00
HS-003454,sarahsimon3454@example.com,Wood LLC,marketingqualifiedlead,50,Content Download,SmallBiz,Australia,2025-10-22 13:20:20,false,2026-04-01 06:30:00
HS-003455,dianepowers3455@example.com,"Stewart, Mann and Hoffman",lead,10,IB,smb,Germany,2025-12-17 15:39:28,false,2026-04-01 06:30:00
HS-003456,bmartin3456@example.com,Crosby-Ramirez,lead,17,Content,Enterprise,Australia,2025-11-17 22:51:27,false,2026-04-01 06:30:00
HS-003457,jessicaward3457@example.com,Griffin Group,lead,8,outbound,smb,United States,2026-02-08 14:37:33,false,2026-04-01 06:30:00
HS-003458,kyle883458@example.com,"Walker, Hernandez and Baker",marketingqualifiedlead,68,Paid,SMB,Canada,2025-11-10 07:48:40,false,2026-04-01 06:30:00
HS-003459,joneseric3459@example.com,"Alvarez, Joseph and West",lead,33,Inbound,Enterprise,United Kingdom,2026-03-28 05:50:31,false,2026-04-01 06:30:00
HS-003459D,joneseric3459@example.com,"Alvarez, Joseph and West",lead,33,Inbound,Enterprise,United Kingdom,2026-03-28 05:50:31,false,2026-04-01 06:30:00
HS-003460,farrellaaron3460@example.com,Fox-Edwards,marketingqualifiedlead,54,Paid,Mid Market,Australia,2026-02-17 13:28:14,false,2026-04-01 06:30:00
HS-003461,camerontownsend3461@example.com,"Duran, Obrien and Gibbs",lead,23,outbound,SmallBiz,Canada,2025-09-28 16:55:25,false,2026-04-01 06:30:00
HS-003462,tammy173462@example.com,"Edwards, Rodgers and Davis",lead,17,IB,MidMarket,United Kingdom,2026-02-08 11:27:09,false,2026-04-01 06:30:00
HS-003463,david873463@example.com,"Anderson, Jones and Reyes",marketingqualifiedlead,52,Content,SMB,Germany,2025-09-22 06:55:59,false,2026-04-01 06:30:00
HS-003464,olsonchristina3464@example.com,Guerrero Inc,lead,30,Event,smb,United States,2025-11-01 18:10:47,false,2026-04-01 06:30:00
HS-003465,kellychristopher3465@example.com,"Turner, Riggs and Roman",marketingqualifiedlead,48,Content,MidMarket,United Kingdom,2025-10-22 17:14:16,false,2026-04-01 06:30:00
HS-003466,paullopez3466@example.com,"Fernandez, Guerrero and Evans",marketingqualifiedlead,81,Word of Mouth,MM,Canada,2026-02-25 10:15:34,false,2026-04-01 06:30:00
HS-003467,jessica913467@example.com,Arnold and Sons,marketingqualifiedlead,64,Inbound,Small Business,United Kingdom,2026-02-20 02:04:49,false,2026-04-01 06:30:00
HS-003468,martinmatthew3468@example.com,Moran-Cox,marketingqualifiedlead,77,Content Download,Enterprise,Germany,2026-03-08 20:04:33,false,2026-04-01 06:30:00
HS-003469,timothymiddleton3469@example.com,Russell Group,lead,28,IB,MM,United States,2025-12-26 07:19:56,false,2026-04-01 06:30:00
HS-003470,anthony663470@example.com,Chavez-Hall,marketingqualifiedlead,56,Outbound,Mid-Market,United Kingdom,2026-02-02 21:58:43,false,2026-04-01 06:30:00
HS-003471,aguirrekimberly3471@example.com,"Allen, Davenport and Price",marketingqualifiedlead,67,PPC,enterprise,Australia,2025-11-30 05:51:55,false,2026-04-01 06:30:00
HS-003472,mlewis3472@example.com,"Long, Anderson and Irwin",marketingqualifiedlead,55,Outbound,Small Business,Australia,2025-11-25 05:34:09,false,2026-04-01 06:30:00
HS-003473,vayala3473@example.com,Collier-Gillespie,lead,39,Partner,ENT,Australia,2026-01-20 14:01:55,false,2026-04-01 06:30:00
HS-003474,cherryjulie3474@example.com,Silva-Smith,lead,28,PPC,MM,Australia,2026-01-14 10:09:27,false,2026-04-01 06:30:00
HS-003475,dgrant3475@example.com,Bryant Group,marketingqualifiedlead,73,Content Download,smb,Canada,2026-03-03 16:10:31,false,2026-04-01 06:30:00
HS-003476,xmorris3476@example.com,Young-Martinez,lead,36,IB,MM,Germany,2025-09-19 06:43:44,false,2026-04-01 06:30:00
HS-003477,racheljohnson3477@example.com,Bryant-Meyer,marketingqualifiedlead,81,IB,SMB,Canada,2026-03-02 06:16:11,false,2026-04-01 06:30:00
HS-003478,adamkelly3478@example.com,Coleman-Bennett,marketingqualifiedlead,83,Outbound,smb,United States,2026-03-19 06:17:13,false,2026-04-01 06:30:00
HS-003478D,adamkelly3478@example.com,Coleman-Bennett,marketingqualifiedlead,83,Outbound,smb,United States,2026-03-19 06:17:13,false,2026-04-01 06:30:00
HS-003479,deborah603479@example.com,Burns and Sons,marketingqualifiedlead,47,outbound,Mid Market,Australia,2026-02-05 10:01:28,false,2026-04-01 06:30:00
HS-003480,michelle123480@example.com,"Bradford, Salinas and Kelly",lead,34,Inbound,SmallBiz,Germany,2026-01-04 12:06:28,false,2026-04-01 06:30:00
HS-003481,wheeleranna3481@example.com,Davis Ltd,lead,17,Trade Show,SMB,United States,2026-03-12 02:06:31,false,2026-04-01 06:30:00
HS-003482,watkinsthomas3482@example.com,Newton and Sons,marketingqualifiedlead,83,Word of Mouth,Small Business,United Kingdom,2026-03-05 05:25:26,false,2026-04-01 06:30:00
HS-003483,david053483@example.com,Duran Group,marketingqualifiedlead,69,Outbound,MidMarket,United States,2025-10-08 07:03:51,false,2026-04-01 06:30:00
HS-003484,larryshort3484@example.com,Reed LLC,marketingqualifiedlead,48,outbound,Small Business,Germany,2026-03-13 17:15:08,false,2026-04-01 06:30:00
HS-003485,benjamin103485@example.com,"Griffith, Mitchell and Pugh",marketingqualifiedlead,84,Cold Outreach,Small Business,Australia,2026-03-16 13:55:40,false,2026-04-01 06:30:00
HS-003486,elizabeth243486@example.com,Atkinson LLC,marketingqualifiedlead,64,Outbound,SmallBiz,Canada,2025-08-29 21:38:35,false,2026-04-01 06:30:00
HS-003487,rkidd3487@example.com,Alvarez-Kim,lead,27,Outbound,SMB,Germany,2025-12-23 13:43:38,false,2026-04-01 06:30:00
HS-003488,melissa183488@example.com,"Adkins, Wright and Murray",marketingqualifiedlead,73,inbound,smb,Australia,2026-03-09 16:40:26,false,2026-04-01 06:30:00
HS-003488D,melissa183488@example.com,"Adkins, Wright and Murray",marketingqualifiedlead,73,inbound,smb,Australia,2026-03-09 16:40:26,false,2026-04-01 06:30:00
HS-003489,charles443489@example.com,"Downs, Morris and Maddox",marketingqualifiedlead,87,Outbound,Small Business,United States,2026-02-11 17:29:32,false,2026-04-01 06:30:00
HS-003490,sjohnson3490@example.com,"Norris, Callahan and Bishop",lead,28,Channel,SmallBiz,United Kingdom,2025-11-18 22:09:38,false,2026-04-01 06:30:00
HS-003491,jack123491@example.com,Mitchell and Sons,lead,36,outbound,SMB,United States,2026-01-22 18:16:15,false,2026-04-01 06:30:00
HS-003492,coxcody3492@example.com,Johnson Inc,marketingqualifiedlead,69,inbound,SMB,Canada,2026-03-08 11:09:39,false,2026-04-01 06:30:00
HS-003493,katrina513493@example.com,Gonzalez-Taylor,marketingqualifiedlead,58,Inbound,SmallBiz,United Kingdom,2026-02-16 01:28:13,false,2026-04-01 06:30:00
HS-003494,barbaraaguilar3494@example.com,"Higgins, Strickland and Martin",lead,39,Content,smb,Australia,2025-09-22 14:32:20,false,2026-04-01 06:30:00
HS-003495,halljoshua3495@example.com,"Hartman, Romero and Smith",marketingqualifiedlead,80,Trade Show,SmallBiz,Canada,2025-11-27 09:01:28,false,2026-04-01 06:30:00
HS-003496,cainana3496@example.com,Powell-Sanford,lead,11,Trade Show,Small Business,United Kingdom,2025-11-19 23:04:27,false,2026-04-01 06:30:00
HS-003497,rebecca413497@example.com,Li PLC,lead,14,Outbound,Small Business,United States,2025-09-09 06:31:25,false,2026-04-01 06:30:00
HS-003498,cgoodwin3498@example.com,"Phillips, Spence and Barrett",marketingqualifiedlead,40,IB,smb,United States,2026-02-27 13:02:27,false,2026-04-01 06:30:00
HS-003499,samantha613499@example.com,"Martinez, Richardson and Curry",lead,39,Outbound,SMB,United States,2025-10-18 11:36:19,false,2026-04-01 06:30:00
HS-003500,joseph023500@example.com,Evans-Jones,marketingqualifiedlead,42,Cold Outreach,smb,Australia,2025-12-03 16:10:33,false,2026-04-01 06:30:00
HS-003501,davisshirley3501@example.com,Oconnor PLC,lead,35,Trade Show,Mid Market,Germany,2026-03-13 13:36:30,false,2026-04-01 06:30:00
HS-003502,rodriguezthomas3502@example.com,Welch-Thompson,lead,17,Event,Enterprise,Germany,2026-02-21 08:55:48,false,2026-04-01 06:30:00
HS-003503,zpacheco3503@example.com,Miller Ltd,marketingqualifiedlead,60,Referral,SmallBiz,United Kingdom,2025-12-05 11:17:57,false,2026-04-01 06:30:00
HS-003504,bakerbrittany3504@example.com,Wheeler-Austin,lead,16,Paid Ads,MM,Canada,2025-12-30 11:26:11,false,2026-04-01 06:30:00
HS-003505,christopherjackson3505@example.com,"Schmidt, Hansen and Stewart",marketingqualifiedlead,59,Trade Show,SmallBiz,United States,2025-11-25 00:44:39,false,2026-04-01 06:30:00
HS-003506,mccoyandre3506@example.com,Smith LLC,lead,25,inbound,SMB,Germany,2025-11-22 04:19:16,false,2026-04-01 06:30:00
HS-003507,jessicamartinez3507@example.com,"Martin, Preston and Moore",lead,16,PPC,Enterprise,United Kingdom,2025-12-17 08:47:39,false,2026-04-01 06:30:00
HS-003508,veronicasmith3508@example.com,Taylor Inc,lead,32,outbound,ENT,Canada,2025-11-03 21:27:38,false,2026-04-01 06:30:00
HS-003509,barbara373509@example.com,Wilson Ltd,lead,11,IB,Small Business,United Kingdom,2025-11-14 23:32:38,false,2026-04-01 06:30:00
HS-003510,brianclark3510@example.com,Miller Group,lead,28,Content,Enterprise,United States,2026-02-15 22:51:48,false,2026-04-01 06:30:00
HS-003511,hlee3511@example.com,Reyes Group,marketingqualifiedlead,84,Cold Outreach,Small Business,United Kingdom,2026-03-19 17:21:09,false,2026-04-01 06:30:00
HS-003511D,hlee3511@example.com,Reyes Group,marketingqualifiedlead,84,Cold Outreach,Small Business,United Kingdom,2026-03-19 17:21:09,false,2026-04-01 06:30:00
HS-003512,max693512@example.com,Goodwin Ltd,lead,26,Paid Ads,Small Business,Canada,2025-11-29 16:38:03,false,2026-04-01 06:30:00
HS-003513,sbartlett3513@example.com,Turner-Stout,marketingqualifiedlead,83,inbound,smb,Australia,2026-01-03 14:28:20,false,2026-04-01 06:30:00
HS-003514,john163514@example.com,"Garcia, Martin and Jenkins",marketingqualifiedlead,63,Cold Outreach,Small Business,Germany,2025-11-28 08:59:11,false,2026-04-01 06:30:00
HS-003515,deborah703515@example.com,Ellis-Lawrence,lead,38,outbound,SMB,United States,2026-02-20 04:38:26,false,2026-04-01 06:30:00
HS-003516,sullivanjames3516@example.com,Whitney PLC,marketingqualifiedlead,78,Inbound,Strategic,United Kingdom,2025-09-07 21:34:59,false,2026-04-01 06:30:00
HS-003517,hayley923517@example.com,Thomas-Jackson,marketingqualifiedlead,71,Inbound,smb,Germany,2025-10-17 05:24:24,false,2026-04-01 06:30:00
HS-003518,coffeyjohn3518@example.com,"Sullivan, Palmer and Brady",lead,34,IB,SmallBiz,Canada,2025-11-06 09:07:22,false,2026-04-01 06:30:00
HS-003519,halljohn3519@example.com,Anthony-Parker,lead,8,Paid,SmallBiz,Australia,2026-03-01 11:21:28,false,2026-04-01 06:30:00
HS-003520,simongabriella3520@example.com,"Chan, Lewis and Walker",marketingqualifiedlead,75,IB,MidMarket,Australia,2026-01-09 03:27:49,false,2026-04-01 06:30:00
HS-003521,tammyhill3521@example.com,Li PLC,marketingqualifiedlead,42,Content Download,smb,United States,2026-03-08 13:30:23,false,2026-04-01 06:30:00
HS-003522,andrewsdenise3522@example.com,Collins Group,lead,10,Content Download,SmallBiz,United States,2026-03-20 20:23:26,false,2026-04-01 06:30:00
HS-003523,greeralexander3523@example.com,Carlson-Smith,lead,36,Content,smb,Canada,2025-11-13 05:02:12,false,2026-04-01 06:30:00
HS-003524,petersonsergio3524@example.com,Welch-Thompson,lead,12,Content Download,ENT,Germany,2025-10-27 16:42:48,false,2026-04-01 06:30:00
HS-003525,jenniferfloyd3525@example.com,Williams PLC,marketingqualifiedlead,75,inbound,SMB,Australia,2026-01-24 13:43:30,false,2026-04-01 06:30:00
HS-003526,mark663526@example.com,"Whitney, Gould and Jones",lead,17,Inbound,smb,Germany,2026-01-03 17:55:35,false,2026-04-01 06:30:00
HS-003527,scott323527@example.com,Rivera LLC,lead,37,outbound,SmallBiz,United Kingdom,2025-10-11 08:02:18,false,2026-04-01 06:30:00
HS-003528,paullopez3528@example.com,Peterson-Beard,marketingqualifiedlead,67,IB,MM,United Kingdom,2025-09-26 00:04:50,false,2026-04-01 06:30:00
HS-003529,tracyavery3529@example.com,Herrera Group,lead,34,Inbound,Small Business,Germany,2025-09-30 05:59:26,false,2026-04-01 06:30:00
HS-003530,awilliams3530@example.com,Haynes-Moss,marketingqualifiedlead,44,Referral,Strategic,United Kingdom,2025-09-21 02:04:27,false,2026-04-01 06:30:00
HS-003531,dford3531@example.com,"Butler, Hernandez and Rivera",lead,9,outbound,Small Business,United States,2026-01-30 23:25:14,false,2026-04-01 06:30:00
HS-003532,goodmanalice3532@example.com,"Scott, Mendoza and Harris",lead,31,Channel,smb,United Kingdom,2026-01-02 16:19:54,false,2026-04-01 06:30:00
HS-003533,robertkeith3533@example.com,"Austin, Day and Johnson",marketingqualifiedlead,84,Inbound,MM,Canada,2025-11-19 07:20:19,false,2026-04-01 06:30:00
HS-003534,justinthompson3534@example.com,"Sanders, Leblanc and Maldonado",lead,28,IB,Small Business,Australia,2025-09-13 12:40:53,false,2026-04-01 06:30:00
HS-003535,kennedykathryn3535@example.com,Stokes Group,lead,16,Trade Show,ENT,Australia,2026-03-09 15:07:17,false,2026-04-01 06:30:00
HS-003536,willismichael3536@example.com,Mendez-Graham,lead,32,Inbound,SmallBiz,Australia,2026-03-14 13:43:24,false,2026-04-01 06:30:00
HS-003537,shannonbarker3537@example.com,"Matthews, Smith and Hubbard",marketingqualifiedlead,57,Outbound,SMB,United States,2026-02-11 16:28:00,false,2026-04-01 06:30:00
HS-003538,mary643538@example.com,"Bentley, Lynch and Henderson",lead,37,Event,Mid-Market,United States,2026-03-22 07:41:26,false,2026-04-01 06:30:00
HS-003539,timothykim3539@example.com,Richardson-Walker,marketingqualifiedlead,86,Paid Ads,smb,Australia,2025-08-29 07:50:19,false,2026-04-01 06:30:00
HS-003540,andreyoung3540@example.com,"Beard, Peters and Black",lead,30,Trade Show,Mid Market,United States,2025-09-21 16:01:26,false,2026-04-01 06:30:00
HS-003541,jcruz3541@example.com,"Morrison, Russo and Lopez",marketingqualifiedlead,61,inbound,MM,Canada,2026-01-02 12:43:27,false,2026-04-01 06:30:00
HS-003542,danielgriffith3542@example.com,"Farmer, Dorsey and Bell",marketingqualifiedlead,86,inbound,smb,Australia,2025-08-24 20:12:51,false,2026-04-01 06:30:00
HS-003543,hannah483543@arcline.com,Bartlett-Sloan,lead,7,Cold Outreach,Small Business,Canada,2026-03-27 01:23:22,true,2026-04-01 06:30:00
HS-003544,julie013544@example.com,Mendoza Group,lead,29,Event,SMB,United Kingdom,2025-12-24 11:54:00,false,2026-04-01 06:30:00
HS-003545,allenjustin3545@example.com,"Bartlett, Brown and Martinez",lead,7,Inbound,Small Business,United Kingdom,2025-10-05 03:56:28,false,2026-04-01 06:30:00
HS-003546,katherinebarnett3546@example.com,"Martin, Rose and Obrien",lead,8,Cold Outreach,Mid Market,United Kingdom,2025-11-27 01:06:34,false,2026-04-01 06:30:00
HS-003547,courtneymadden3547@example.com,Miller Inc,lead,7,Word of Mouth,SmallBiz,Germany,2026-03-11 17:28:03,false,2026-04-01 06:30:00
HS-003548,hernandezandrew3548@example.com,"Burke, Martinez and Riggs",lead,39,Outbound,MM,United Kingdom,2025-10-03 06:19:39,false,2026-04-01 06:30:00
HS-003549,abradley3549@example.com,Ware and Sons,lead,13,Paid,smb,Germany,2025-11-10 00:45:02,false,2026-04-01 06:30:00
HS-003550,glee3550@example.com,"Jones, Cummings and Conway",marketingqualifiedlead,51,Cold Outreach,MidMarket,Canada,2026-01-19 18:46:44,false,2026-04-01 06:30:00
HS-003551,jennifer643551@example.com,Sanders and Sons,lead,22,Content,SMB,Canada,2026-01-30 23:43:29,false,2026-04-01 06:30:00
HS-003552,brenda693552@example.com,"Carrillo, Vaughn and Fowler",marketingqualifiedlead,46,inbound,smb,United Kingdom,2026-01-10 12:43:31,false,2026-04-01 06:30:00
HS-003553,cody793553@example.com,Hunter-Fuller,lead,34,Inbound,Strategic,Germany,2025-09-20 20:58:22,false,2026-04-01 06:30:00
HS-003554,pamelanguyen3554@example.com,White-Lewis,lead,38,Inbound,enterprise,United Kingdom,2026-01-20 11:34:31,false,2026-04-01 06:30:00
HS-003555,michael383555@example.com,"Holder, Young and Hendricks",marketingqualifiedlead,85,Word of Mouth,MM,Canada,2025-10-11 09:05:19,false,2026-04-01 06:30:00
HS-003556,trevor683556@example.com,"Fry, Hobbs and Buck",lead,27,Content,smb,United Kingdom,2025-12-30 20:18:21,false,2026-04-01 06:30:00
HS-003557,norrisdakota3557@example.com,Curry-Barker,marketingqualifiedlead,55,Inbound,ENT,Germany,2026-02-11 22:44:07,false,2026-04-01 06:30:00
HS-003558,jessedelacruz3558@example.com,Curry-Barker,lead,22,Cold Outreach,Enterprise,Germany,2026-03-16 12:31:38,false,2026-04-01 06:30:00
HS-003559,stuartnichols3559@example.com,Boone LLC,lead,14,Partner,smb,United Kingdom,2025-12-15 21:00:53,false,2026-04-01 06:30:00
HS-003560,garciaveronica3560@example.com,Castillo-Harrington,lead,25,outbound,Small Business,Canada,2025-12-31 23:34:33,false,2026-04-01 06:30:00
HS-003561,ohiggins3561@example.com,"Ward, Porter and Bradley",lead,33,Trade Show,enterprise,United States,2026-02-11 12:41:37,false,2026-04-01 06:30:00
HS-003562,jefferydavis3562@example.com,Taylor-Ayala,lead,26,Referral,MM,United Kingdom,2025-12-07 11:04:10,false,2026-04-01 06:30:00
HS-003563,alexander963563@example.com,"Fry, Hobbs and Buck",marketingqualifiedlead,53,Event,Small Business,United Kingdom,2026-02-26 19:09:29,false,2026-04-01 06:30:00
HS-003564,esparzadawn3564@example.com,Smith LLC,lead,30,Outbound,Small Business,Germany,2026-03-11 06:09:32,false,2026-04-01 06:30:00
HS-003565,forozco3565@example.com,Wright-Grimes,marketingqualifiedlead,48,Outbound,enterprise,Germany,2025-11-25 20:27:38,false,2026-04-01 06:30:00
HS-003566,sandra913566@example.com,"Williams, Logan and Camacho",lead,11,outbound,Small Business,Canada,2025-12-21 14:13:00,false,2026-04-01 06:30:00
HS-003567,trujillokylie3567@example.com,Donovan-Perez,marketingqualifiedlead,40,PPC,Mid-Market,Germany,2026-03-23 15:37:20,false,2026-04-01 06:30:00
HS-003568,bradleybarker3568@example.com,Harrison-Alexander,marketingqualifiedlead,60,Inbound,Small Business,United Kingdom,2025-09-05 13:36:58,false,2026-04-01 06:30:00
HS-003569,dianedominguez3569@example.com,Schmitt PLC,marketingqualifiedlead,62,Word of Mouth,Small Business,United States,2026-01-08 17:13:28,false,2026-04-01 06:30:00
HS-003570,howetracy3570@example.com,"Brooks, Lam and Hayes",marketingqualifiedlead,64,Cold Outreach,Small Business,Australia,2025-12-01 17:39:53,false,2026-04-01 06:30:00
HS-003571,lauraclay3571@example.com,Price LLC,lead,19,Channel,MidMarket,Canada,2026-03-20 16:46:02,false,2026-04-01 06:30:00
HS-003572,davisbrandi3572@example.com,"Rivera, Martinez and Richardson",lead,37,Cold Outreach,smb,United Kingdom,2025-09-13 02:21:46,false,2026-04-01 06:30:00
HS-003573,aaron553573@example.com,Wilson-Harris,marketingqualifiedlead,51,inbound,SMB,Canada,2025-11-03 11:34:25,false,2026-04-01 06:30:00
HS-003574,khawkins3574@example.com,Adkins LLC,lead,14,Inbound,smb,Australia,2026-01-18 14:32:30,false,2026-04-01 06:30:00
HS-003575,rodgerstina3575@example.com,Matthews Inc,lead,14,Content Download,Small Business,Canada,2025-09-18 09:29:13,false,2026-04-01 06:30:00
HS-003576,contrerasjames3576@example.com,Alexander Inc,marketingqualifiedlead,51,Inbound,SmallBiz,Canada,2026-03-09 04:28:17,false,2026-04-01 06:30:00
HS-003577,jimwilliams3577@example.com,Hernandez-Jones,lead,35,Outbound,enterprise,Germany,2025-10-10 13:47:59,false,2026-04-01 06:30:00
HS-003578,jamesclark3578@example.com,Young-Allen,lead,8,Partner,Small Business,Australia,2025-11-29 18:25:48,false,2026-04-01 06:30:00
HS-003579,kennethbrown3579@example.com,"Shelton, Peters and Williams",marketingqualifiedlead,87,Partner,enterprise,Australia,2025-12-30 02:04:14,false,2026-04-01 06:30:00
HS-003580,iperez3580@example.com,Alexander Inc,lead,34,Event,smb,Canada,2025-09-02 10:08:23,false,2026-04-01 06:30:00
HS-003581,wilsonrhonda3581@example.com,"Sanford, Rivera and Garcia",lead,23,Trade Show,SmallBiz,United States,2025-09-23 09:22:37,false,2026-04-01 06:30:00
HS-003582,michaelsherman3582@example.com,Phillips LLC,lead,22,Partner,Small Business,Australia,2026-02-26 00:13:52,false,2026-04-01 06:30:00
HS-003583,mary623583@example.com,"Johnson, Lee and Whitaker",marketingqualifiedlead,58,Outbound,smb,United States,2025-11-27 14:13:30,false,2026-04-01 06:30:00
HS-003584,basserik3584@example.com,Lee-Wright,marketingqualifiedlead,85,Content,Small Business,Canada,2025-09-22 07:34:28,false,2026-04-01 06:30:00
HS-003585,xsmith3585@example.com,"Barry, Taylor and Velazquez",marketingqualifiedlead,54,Inbound,MidMarket,Canada,2026-02-03 22:40:35,false,2026-04-01 06:30:00
HS-003586,patelgabrielle3586@example.com,Rodriguez and Sons,lead,30,Outbound,SmallBiz,Canada,2026-03-26 22:54:17,false,2026-04-01 06:30:00
HS-003587,wrodriguez3587@example.com,Bishop and Sons,lead,20,Cold Outreach,SmallBiz,Canada,2026-03-06 07:46:17,false,2026-04-01 06:30:00
HS-003588,jasonhernandez3588@example.com,Davis Group,lead,7,Content Download,MM,Germany,2026-03-07 10:58:52,false,2026-04-01 06:30:00
HS-003589,hamiltonholly3589@example.com,"Greer, Potter and Evans",lead,34,inbound,MidMarket,United States,2026-01-09 13:08:55,false,2026-04-01 06:30:00
HS-003590,josephmeyer3590@example.com,Rivera and Sons,marketingqualifiedlead,90,Content Download,SMB,Australia,2026-02-12 22:54:32,false,2026-04-01 06:30:00
HS-003590D,josephmeyer3590@example.com,Rivera and Sons,marketingqualifiedlead,90,Content Download,SMB,Australia,2026-02-12 22:54:32,false,2026-04-01 06:30:00
HS-003591,olivia293591@example.com,Terry-Martinez,lead,34,IB,Enterprise,Germany,2026-03-16 16:09:26,false,2026-04-01 06:30:00
HS-003592,stephaniecoleman3592@example.com,Baird-Sanchez,lead,20,inbound,smb,United States,2025-09-25 23:08:01,false,2026-04-01 06:30:00
HS-003593,qramirez3593@example.com,Smith PLC,marketingqualifiedlead,78,Paid Ads,ENT,Canada,2025-12-31 08:10:12,false,2026-04-01 06:30:00
HS-003594,sarayates3594@example.com,"Robinson, Jones and Welch",marketingqualifiedlead,72,Content,SmallBiz,Germany,2025-09-23 00:09:18,false,2026-04-01 06:30:00
HS-003595,gonzalezkenneth3595@example.com,Morse PLC,lead,19,IB,Small Business,Australia,2025-12-14 04:53:08,false,2026-04-01 06:30:00
HS-003596,lho3596@example.com,Holt and Sons,lead,19,IB,Mid-Market,United States,2025-11-15 22:16:50,false,2026-04-01 06:30:00
HS-003597,hogandavid3597@example.com,Parks-Pace,lead,25,Content Download,smb,Australia,2025-12-12 02:33:12,false,2026-04-01 06:30:00
HS-003598,hallisabella3598@example.com,"Huber, Hill and Weber",lead,6,Cold Outreach,Small Business,Germany,2026-03-20 01:04:53,false,2026-04-01 06:30:00
HS-003599,castroralph3599@example.com,Bates-Anderson,marketingqualifiedlead,51,outbound,SmallBiz,Canada,2025-10-27 19:22:29,false,2026-04-01 06:30:00
HS-003600,brianwhite3600@example.com,Wilcox-Robertson,lead,17,Partner,SmallBiz,United Kingdom,2025-10-08 15:04:28,false,2026-04-01 06:30:00
HS-003601,laurenallen3601@example.com,"Carpenter, Oliver and Kennedy",lead,37,outbound,smb,Australia,2026-03-27 17:53:28,false,2026-04-01 06:30:00
HS-003602,romerocatherine3602@example.com,"Scott, Mendoza and Harris",lead,15,Trade Show,SmallBiz,United Kingdom,2025-12-19 07:38:05,false,2026-04-01 06:30:00
HS-003603,allenandrea3603@example.com,Lopez-Curry,marketingqualifiedlead,67,Inbound,smb,United States,2025-12-25 18:23:53,false,2026-04-01 06:30:00
HS-003604,alicia143604@example.com,"Rodgers, Jefferson and Johnson",marketingqualifiedlead,87,Channel,Mid-Market,United Kingdom,2025-12-14 20:56:19,false,2026-04-01 06:30:00
HS-003605,martin223605@example.com,Terry-Bowen,lead,18,outbound,ENT,Germany,2025-12-26 02:27:51,false,2026-04-01 06:30:00
HS-003606,pattersonmelissa3606@example.com,Chambers and Sons,lead,36,Event,Enterprise,United States,2025-12-20 10:05:24,false,2026-04-01 06:30:00
HS-003607,donaldtyler3607@example.com,Williams-Berg,lead,24,Cold Outreach,SMB,United Kingdom,2025-10-18 08:21:56,false,2026-04-01 06:30:00
HS-003608,holmescolleen3608@example.com,Hicks-Hill,marketingqualifiedlead,72,IB,Small Business,United States,2026-01-31 04:22:28,false,2026-04-01 06:30:00
HS-003609,hendersoncynthia3609@example.com,Alvarez-Kim,lead,28,outbound,SmallBiz,Germany,2025-10-10 04:20:01,false,2026-04-01 06:30:00
HS-003610,rojasmarc3610@example.com,Jones-Fox,marketingqualifiedlead,79,Content,SmallBiz,Germany,2025-12-09 16:17:18,false,2026-04-01 06:30:00
HS-003611,erinhaney3611@example.com,Moran-Cox,marketingqualifiedlead,60,Outbound,Enterprise,Germany,2025-12-11 18:41:38,false,2026-04-01 06:30:00
HS-003612,anthony003612@example.com,Boyle-Smith,lead,20,Referral,Small Business,Germany,2026-01-30 09:32:17,false,2026-04-01 06:30:00
HS-003613,royjennifer3613@example.com,"Henderson, Cox and Cox",marketingqualifiedlead,67,inbound,Mid Market,United States,2026-02-17 23:58:13,false,2026-04-01 06:30:00
HS-003614,morriskatherine3614@example.com,Powell-Sanford,lead,37,Word of Mouth,Small Business,United Kingdom,2025-09-13 08:52:41,false,2026-04-01 06:30:00
HS-003615,millerjames3615@example.com,Spence PLC,lead,36,Cold Outreach,Small Business,United States,2026-01-08 15:37:22,false,2026-04-01 06:30:00
HS-003616,gonzalespatricia3616@example.com,Cunningham-Barton,marketingqualifiedlead,60,IB,SMB,Germany,2025-12-30 14:37:51,false,2026-04-01 06:30:00
HS-003617,brian903617@example.com,Anthony-Parker,marketingqualifiedlead,63,Event,Small Business,Australia,2026-01-27 05:11:20,false,2026-04-01 06:30:00
HS-003618,vanessaedwards3618@example.com,"Anderson, Roberts and Gilmore",lead,22,Outbound,ENT,Australia,2025-10-12 16:49:33,false,2026-04-01 06:30:00
HS-003619,nortonwilliam3619@example.com,"Stanley, Tucker and Lee",marketingqualifiedlead,52,Cold Outreach,MidMarket,Canada,2026-01-23 15:51:48,false,2026-04-01 06:30:00
HS-003620,karen423620@example.com,"Avery, Horton and Fernandez",lead,15,inbound,Mid Market,Canada,2026-03-18 00:34:22,false,2026-04-01 06:30:00
HS-003621,gardnerdylan3621@example.com,"Estrada, Williams and Foster",marketingqualifiedlead,62,Word of Mouth,Small Business,Australia,2026-01-07 06:35:52,false,2026-04-01 06:30:00
HS-003622,hmitchell3622@example.com,Meadows PLC,marketingqualifiedlead,51,PPC,SMB,Germany,2025-10-23 15:30:33,false,2026-04-01 06:30:00
HS-003623,hernandezmadison3623@example.com,Mueller-Boyd,lead,36,Inbound,smb,United Kingdom,2025-12-18 14:17:00,false,2026-04-01 06:30:00
HS-003624,walter053624@example.com,Hoffman Ltd,marketingqualifiedlead,57,Partner,SMB,Australia,2025-10-07 11:00:43,false,2026-04-01 06:30:00
HS-003625,gharrison3625@example.com,Decker-Dudley,marketingqualifiedlead,70,IB,SMB,United Kingdom,2025-09-11 20:43:58,false,2026-04-01 06:30:00
HS-003626,cmcdonald3626@example.com,"Carlson, Hooper and Wall",lead,25,Outbound,Small Business,United Kingdom,2026-02-23 08:14:24,false,2026-04-01 06:30:00
HS-003627,smithjose3627@example.com,Daugherty Ltd,lead,5,Paid,Mid Market,United Kingdom,2025-12-18 13:50:50,false,2026-04-01 06:30:00
HS-003628,nicholasfields3628@example.com,Sheppard-Mcdaniel,marketingqualifiedlead,83,PPC,Mid Market,United Kingdom,2026-03-13 19:41:17,false,2026-04-01 06:30:00
HS-003629,wardzachary3629@example.com,Christensen PLC,marketingqualifiedlead,59,Inbound,Mid-Market,Australia,2025-10-26 03:22:41,false,2026-04-01 06:30:00
HS-003630,richardhart3630@example.com,Lopez-Reid,marketingqualifiedlead,84,Cold Outreach,smb,United Kingdom,2026-01-06 15:15:41,false,2026-04-01 06:30:00
HS-003631,robertsalinas3631@example.com,Diaz Inc,lead,7,PPC,Mid-Market,Australia,2026-03-06 14:32:56,false,2026-04-01 06:30:00
HS-003632,vickiwood3632@example.com,Rivera LLC,marketingqualifiedlead,68,inbound,smb,United Kingdom,2026-02-02 05:06:40,false,2026-04-01 06:30:00
HS-003633,diazlorraine3633@example.com,Hughes Inc,marketingqualifiedlead,56,Partner,smb,Canada,2025-11-06 14:58:48,false,2026-04-01 06:30:00
HS-003634,jblair3634@example.com,Sheppard LLC,lead,21,Content,Small Business,Canada,2025-11-26 13:24:56,false,2026-04-01 06:30:00
HS-003635,weberbrian3635@example.com,Richardson-Walker,lead,36,outbound,smb,Australia,2026-03-10 20:10:27,false,2026-04-01 06:30:00
HS-003636,johnguzman3636@example.com,Williams-Brown,marketingqualifiedlead,80,Content,smb,Germany,2025-11-19 18:39:31,false,2026-04-01 06:30:00
HS-003637,ymontgomery3637@example.com,"Brandt, Carter and Boyd",marketingqualifiedlead,40,inbound,smb,Australia,2026-02-03 22:58:02,false,2026-04-01 06:30:00
HS-003638,bartonkimberly3638@example.com,Smith-Gutierrez,marketingqualifiedlead,79,inbound,Small Business,Canada,2025-11-03 02:44:50,false,2026-04-01 06:30:00
HS-003639,davidbrown3639@example.com,Rodriguez Inc,marketingqualifiedlead,74,Paid,MidMarket,Germany,2025-10-22 15:40:24,false,2026-04-01 06:30:00
HS-003640,hebertmichelle3640@example.com,Jones-Hensley,lead,27,Paid,Small Business,Australia,2025-12-17 12:56:42,false,2026-04-01 06:30:00
HS-003641,mary183641@example.com,"Choi, Garcia and Farmer",lead,28,Inbound,SmallBiz,United Kingdom,2025-11-02 00:22:00,false,2026-04-01 06:30:00
HS-003642,greenjessica3642@example.com,Bryant Group,marketingqualifiedlead,43,Trade Show,Small Business,Canada,2025-11-01 06:53:50,false,2026-04-01 06:30:00
HS-003643,amywells3643@example.com,"Garcia, Humphrey and Baker",lead,10,outbound,MidMarket,United Kingdom,2026-03-21 04:42:51,false,2026-04-01 06:30:00
HS-003644,zacharygray3644@example.com,Sheppard-Jordan,marketingqualifiedlead,70,Cold Outreach,Small Business,Australia,2025-09-19 05:33:13,false,2026-04-01 06:30:00
HS-003645,allisonbrown3645@example.com,"Moore, Henderson and Bennett",marketingqualifiedlead,44,Content Download,SmallBiz,Canada,2026-01-19 19:50:02,false,2026-04-01 06:30:00
HS-003646,john123646@example.com,Kelly Group,marketingqualifiedlead,42,Content,SmallBiz,Germany,2026-03-17 13:33:41,false,2026-04-01 06:30:00
HS-003647,smontgomery3647@example.com,Yu-Brooks,lead,29,Cold Outreach,Mid Market,United Kingdom,2025-10-21 14:51:38,false,2026-04-01 06:30:00
HS-003648,aimeebrewer3648@example.com,Taylor and Sons,lead,25,Cold Outreach,Mid-Market,Australia,2026-02-17 07:28:04,false,2026-04-01 06:30:00
HS-003649,rickey203649@example.com,Wright PLC,lead,7,IB,MM,United States,2025-12-02 11:19:41,false,2026-04-01 06:30:00
HS-003650,natashaavila3650@example.com,"Holmes, Williams and Wright",marketingqualifiedlead,77,Referral,smb,United States,2026-03-10 15:02:59,false,2026-04-01 06:30:00
HS-003651,michealhardy3651@example.com,"Walker, Hernandez and Baker",marketingqualifiedlead,69,Trade Show,smb,Canada,2026-02-28 11:30:01,false,2026-04-01 06:30:00
HS-003652,tlewis3652@example.com,Williams Inc,marketingqualifiedlead,75,Channel,Mid-Market,Australia,2025-12-14 02:20:48,false,2026-04-01 06:30:00
HS-003653,christopher063653@example.com,Anderson-Bell,lead,30,Outbound,Mid Market,United States,2025-10-06 09:09:13,false,2026-04-01 06:30:00
HS-003654,sonia623654@example.com,Parks-Pace,marketingqualifiedlead,40,Channel,SMB,Australia,2026-03-13 10:39:15,false,2026-04-01 06:30:00
HS-003655,sophia543655@example.com,Davis Inc,lead,32,Channel,smb,Canada,2025-12-20 09:12:46,false,2026-04-01 06:30:00
HS-003656,lopezkristina3656@example.com,Harris-Barker,marketingqualifiedlead,89,Event,smb,Australia,2026-01-09 10:04:31,false,2026-04-01 06:30:00
HS-003657,matthew243657@example.com,Wheeler-Austin,marketingqualifiedlead,50,IB,MidMarket,Canada,2026-01-15 02:42:11,false,2026-04-01 06:30:00
HS-003658,susanpruitt3658@example.com,Mcdaniel Group,lead,10,IB,SmallBiz,Germany,2025-10-02 11:20:58,false,2026-04-01 06:30:00
HS-003659,barnettterry3659@example.com,Torres Group,marketingqualifiedlead,46,Content Download,MM,Germany,2025-08-29 04:28:54,false,2026-04-01 06:30:00
HS-003660,robert443660@example.com,Jones and Sons,marketingqualifiedlead,56,Content Download,Small Business,Australia,2025-12-21 02:06:58,false,2026-04-01 06:30:00
HS-003661,ingramjessica3661@example.com,Diaz Inc,lead,7,IB,MM,Australia,2025-10-21 15:48:55,false,2026-04-01 06:30:00
HS-003662,john883662@example.com,"Burke, Martinez and Riggs",lead,22,Content,MM,United Kingdom,2026-01-23 01:14:29,false,2026-04-01 06:30:00
HS-003663,mariahill3663@example.com,Davis Group,marketingqualifiedlead,68,inbound,Mid-Market,Germany,2025-11-27 04:08:18,false,2026-04-01 06:30:00
HS-003664,stevendecker3664@example.com,Wright-Davis,lead,22,Content Download,smb,United Kingdom,2026-03-22 12:24:53,false,2026-04-01 06:30:00
HS-003665,nunezmatthew3665@example.com,"Powers, Brennan and Sanchez",marketingqualifiedlead,52,IB,Small Business,Canada,2026-01-24 23:55:18,false,2026-04-01 06:30:00
HS-003666,gloria043666@example.com,Blake Group,marketingqualifiedlead,75,Channel,SMB,Australia,2026-02-16 16:53:18,false,2026-04-01 06:30:00
HS-003667,jamesrobinson3667@example.com,Foster Inc,lead,35,Event,ENT,Australia,2025-10-26 08:19:13,false,2026-04-01 06:30:00
HS-003668,james843668@example.com,Williamson Ltd,lead,29,Paid,SMB,Canada,2026-02-17 21:17:28,false,2026-04-01 06:30:00
HS-003669,nicole163669@example.com,Perry-Davis,lead,9,outbound,smb,Australia,2026-02-27 02:43:30,false,2026-04-01 06:30:00
HS-003670,lindsayshaffer3670@example.com,"Gray, Montoya and Miller",marketingqualifiedlead,59,Inbound,Small Business,Canada,2025-09-03 20:33:21,false,2026-04-01 06:30:00
HS-003671,daviscarol3671@example.com,"Walker, Cunningham and Zuniga",marketingqualifiedlead,45,Partner,SmallBiz,Canada,2026-02-11 18:58:01,false,2026-04-01 06:30:00
HS-003672,ygriffith3672@example.com,Lam-Elliott,marketingqualifiedlead,70,Outbound,Mid-Market,United Kingdom,2026-01-16 23:44:09,false,2026-04-01 06:30:00
HS-003673,stephenscatherine3673@example.com,"Lee, Horton and Snyder",marketingqualifiedlead,56,Cold Outreach,enterprise,Germany,2026-02-17 12:19:40,false,2026-04-01 06:30:00
HS-003674,johndavis3674@example.com,Moran-Cox,marketingqualifiedlead,86,Trade Show,enterprise,Germany,2025-12-15 12:24:03,false,2026-04-01 06:30:00
HS-003675,travistaylor3675@example.com,Erickson and Sons,marketingqualifiedlead,57,Paid,Small Business,Australia,2025-11-21 09:59:03,false,2026-04-01 06:30:00
HS-003676,yvonne063676@example.com,Moore Group,marketingqualifiedlead,70,Content,SMB,United Kingdom,2025-11-07 11:22:02,false,2026-04-01 06:30:00
HS-003677,cummingsstephanie3677@example.com,Walton LLC,marketingqualifiedlead,84,Channel,MM,United States,2026-03-07 23:15:27,false,2026-04-01 06:30:00
HS-003678,uchang3678@example.com,Gomez and Sons,marketingqualifiedlead,49,Inbound,MM,Germany,2026-02-15 19:50:08,false,2026-04-01 06:30:00
HS-003679,gdavis3679@example.com,Kramer-Lane,lead,11,Partner,smb,Australia,2025-12-18 15:48:36,false,2026-04-01 06:30:00
HS-003680,umaxwell3680@example.com,Moore and Sons,marketingqualifiedlead,61,Content,MidMarket,United States,2025-11-17 20:48:48,false,2026-04-01 06:30:00
HS-003681,smithjack3681@example.com,"Wright, Mcknight and Stephens",lead,36,inbound,enterprise,United Kingdom,2025-11-02 08:20:25,false,2026-04-01 06:30:00
HS-003681D,smithjack3681@example.com,"Wright, Mcknight and Stephens",lead,36,inbound,enterprise,United Kingdom,2025-11-02 08:20:25,false,2026-04-01 06:30:00
HS-003682,osbornanthony3682@example.com,"Wise, Conley and Stephenson",lead,15,inbound,SmallBiz,Australia,2025-10-16 15:59:41,false,2026-04-01 06:30:00
HS-003683,cookrobert3683@example.com,Davis Inc,lead,7,Content Download,smb,Canada,2026-01-15 15:54:02,false,2026-04-01 06:30:00
HS-003684,marywarren3684@example.com,Johnston and Sons,marketingqualifiedlead,82,Cold Outreach,Small Business,United Kingdom,2026-02-07 21:15:01,false,2026-04-01 06:30:00
HS-003685,sancheznicholas3685@example.com,Spencer-Lee,lead,19,Inbound,smb,Australia,2026-01-04 22:31:06,false,2026-04-01 06:30:00
HS-003686,fwalsh3686@example.com,"Brown, Harris and Dougherty",lead,30,outbound,smb,United States,2026-03-30 21:57:32,false,2026-04-01 06:30:00
HS-003687,jessica913687@example.com,Mccarthy Inc,marketingqualifiedlead,59,Partner,Small Business,United States,2025-12-18 18:28:14,false,2026-04-01 06:30:00
HS-003688,nrangel3688@example.com,Hernandez-Dawson,marketingqualifiedlead,83,Outbound,Small Business,Australia,2025-10-28 16:50:57,false,2026-04-01 06:30:00
HS-003689,peterlynch3689@example.com,Williams Ltd,marketingqualifiedlead,85,Trade Show,Strategic,Germany,2026-02-03 06:06:45,false,2026-04-01 06:30:00
HS-003690,dennis013690@example.com,"Smith, Schroeder and Oconnor",marketingqualifiedlead,50,Inbound,Small Business,Canada,2026-02-07 07:45:57,false,2026-04-01 06:30:00
HS-003691,cassandra183691@example.com,Goodwin-Stokes,lead,23,Content Download,ENT,United States,2026-02-24 13:24:23,false,2026-04-01 06:30:00
HS-003692,daniel433692@example.com,Smith-Gutierrez,marketingqualifiedlead,52,inbound,smb,Canada,2026-01-21 10:07:51,false,2026-04-01 06:30:00
HS-003693,randywoods3693@example.com,Perez LLC,lead,29,inbound,SmallBiz,United States,2025-10-11 14:05:50,false,2026-04-01 06:30:00
HS-003694,williskatherine3694@example.com,Gomez and Sons,lead,20,Outbound,Mid-Market,Germany,2025-09-17 23:48:42,false,2026-04-01 06:30:00
HS-003695,ulee3695@example.com,Allen Inc,marketingqualifiedlead,79,inbound,Small Business,Canada,2025-10-22 10:09:47,false,2026-04-01 06:30:00
HS-003696,shellyobrien3696@example.com,"Joyce, Wilson and Lam",lead,24,outbound,SMB,Germany,2025-12-19 00:58:34,false,2026-04-01 06:30:00
HS-003697,charleshayes3697@example.com,Hickman Ltd,marketingqualifiedlead,47,Inbound,SmallBiz,Canada,2026-03-17 05:47:09,false,2026-04-01 06:30:00
HS-003698,matthew113698@example.com,"Evans, David and Hendrix",marketingqualifiedlead,52,Paid,Mid Market,Canada,2026-01-02 05:08:20,false,2026-04-01 06:30:00
HS-003699,sarah423699@example.com,Hall LLC,marketingqualifiedlead,40,outbound,Mid-Market,United Kingdom,2025-09-29 15:04:31,false,2026-04-01 06:30:00
HS-003700,cshepard3700@example.com,Smith-Grimes,marketingqualifiedlead,79,Word of Mouth,smb,United States,2025-12-16 22:07:50,false,2026-04-01 06:30:00
HS-003701,crystal533701@example.com,Hickman-Evans,marketingqualifiedlead,69,inbound,MidMarket,Australia,2025-12-31 18:50:29,false,2026-04-01 06:30:00
HS-003702,bwalls3702@example.com,Reynolds Ltd,lead,18,Paid,SmallBiz,Germany,2026-01-22 15:06:27,false,2026-04-01 06:30:00
HS-003703,vburch3703@arcline.com,Gallagher and Sons,lead,15,Paid,MM,United States,2026-02-17 05:31:42,true,2026-04-01 06:30:00
HS-003704,stonecody3704@example.com,Rogers LLC,lead,7,Trade Show,MidMarket,Germany,2025-11-18 14:08:22,false,2026-04-01 06:30:00
HS-003705,ronaldbradford3705@example.com,Small-Anderson,lead,20,inbound,smb,United Kingdom,2025-12-29 12:26:23,false,2026-04-01 06:30:00
HS-003706,acevedonancy3706@example.com,"Arroyo, Miller and Tucker",marketingqualifiedlead,44,inbound,MidMarket,Canada,2025-10-13 15:58:46,false,2026-04-01 06:30:00
HS-003707,meyerjames3707@example.com,"Levy, Franco and Hoffman",marketingqualifiedlead,66,Partner,SMB,United Kingdom,2025-10-30 11:29:03,false,2026-04-01 06:30:00
HS-003708,msanders3708@example.com,"Marsh, Spears and Yang",lead,21,outbound,Small Business,Australia,2025-11-11 17:33:54,false,2026-04-01 06:30:00
HS-003709,meyerskathryn3709@example.com,Nicholson-Robertson,lead,25,Paid Ads,SmallBiz,Australia,2025-10-21 09:19:16,false,2026-04-01 06:30:00
HS-003710,dmoore3710@example.com,Glover-Chan,marketingqualifiedlead,82,Cold Outreach,Mid-Market,United Kingdom,2025-10-03 15:19:31,false,2026-04-01 06:30:00
HS-003711,floresjulie3711@example.com,"Booker, Jones and Harrington",marketingqualifiedlead,50,inbound,SMB,United States,2026-03-03 05:10:51,false,2026-04-01 06:30:00
HS-003712,cisneroskatrina3712@example.com,Rodriguez Inc,marketingqualifiedlead,77,Cold Outreach,MidMarket,Germany,2026-01-11 17:31:52,false,2026-04-01 06:30:00
HS-003713,priscilla503713@example.com,Moore-Ayala,lead,8,outbound,Mid-Market,United States,2026-03-14 06:14:12,false,2026-04-01 06:30:00
HS-003714,lhicks3714@example.com,Wilson-Jones,lead,34,Cold Outreach,smb,Canada,2025-12-31 18:01:10,false,2026-04-01 06:30:00
HS-003715,farmstrong3715@example.com,Rodriguez-Hall,marketingqualifiedlead,90,Cold Outreach,SMB,Germany,2025-11-01 10:41:07,false,2026-04-01 06:30:00
HS-003716,jcoleman3716@example.com,"Morrison, Russo and Lopez",lead,31,Channel,Mid-Market,Canada,2025-09-06 19:02:50,false,2026-04-01 06:30:00
HS-003717,christineriggs3717@example.com,Brennan-Johnson,marketingqualifiedlead,58,Cold Outreach,smb,Australia,2025-10-06 12:28:03,false,2026-04-01 06:30:00
HS-003718,kelly013718@example.com,Riggs PLC,lead,24,outbound,SmallBiz,United Kingdom,2025-10-01 12:46:26,false,2026-04-01 06:30:00
HS-003719,kevinspencer3719@example.com,"Nguyen, Hill and Douglas",marketingqualifiedlead,60,Event,SmallBiz,Canada,2026-03-02 15:10:07,false,2026-04-01 06:30:00
HS-003720,vdeleon3720@example.com,Smith-Oneill,marketingqualifiedlead,80,Content,smb,Germany,2025-12-16 16:07:06,false,2026-04-01 06:30:00
HS-003720D,vdeleon3720@example.com,Smith-Oneill,marketingqualifiedlead,80,Content,smb,Germany,2025-12-16 16:07:06,false,2026-04-01 06:30:00
HS-003721,john883721@example.com,Young-Allen,lead,25,inbound,Small Business,Australia,2026-03-06 03:28:30,false,2026-04-01 06:30:00
HS-003722,ricklewis3722@example.com,Humphrey PLC,marketingqualifiedlead,55,inbound,MM,Canada,2025-12-22 15:59:31,false,2026-04-01 06:30:00
HS-003723,christina103723@example.com,Nolan-Flynn,lead,23,Cold Outreach,enterprise,United States,2026-02-27 05:29:08,false,2026-04-01 06:30:00
HS-003724,estradashannon3724@example.com,"Phillips, Spence and Barrett",lead,38,Outbound,SmallBiz,United States,2025-11-10 17:06:53,false,2026-04-01 06:30:00
HS-003725,obrienbrandon3725@example.com,Reyes Group,marketingqualifiedlead,87,Outbound,Small Business,United Kingdom,2026-02-09 08:19:34,false,2026-04-01 06:30:00
HS-003726,victoria913726@example.com,Figueroa Inc,marketingqualifiedlead,87,Content,Small Business,Canada,2025-12-05 22:45:34,false,2026-04-01 06:30:00
HS-003727,justin203727@example.com,Wilson-Jimenez,lead,5,IB,SmallBiz,Australia,2026-03-26 22:35:07,false,2026-04-01 06:30:00
HS-003728,lbraun3728@example.com,"Shelton, Peters and Williams",lead,26,Paid,Strategic,Australia,2025-11-27 01:40:38,false,2026-04-01 06:30:00
HS-003729,richardharper3729@example.com,Williams Inc,lead,27,Cold Outreach,MM,Australia,2026-01-06 06:34:10,false,2026-04-01 06:30:00
HS-003730,kwang3730@example.com,Tran-Silva,lead,21,Trade Show,Small Business,United States,2026-01-30 12:33:14,false,2026-04-01 06:30:00
HS-003731,qkane3731@example.com,Roberts-Sullivan,lead,39,Cold Outreach,SMB,Germany,2025-10-13 15:19:44,false,2026-04-01 06:30:00
HS-003732,maria993732@example.com,"Ortiz, Smith and Deleon",lead,37,Paid,Enterprise,Australia,2026-02-13 13:16:57,false,2026-04-01 06:30:00
HS-003733,hdavis3733@example.com,"Jones, Scott and Rodriguez",lead,22,Content Download,Mid-Market,Australia,2025-10-22 00:53:42,false,2026-04-01 06:30:00
HS-003734,dustin593734@example.com,Allen-Allen,lead,15,inbound,Small Business,United States,2026-03-04 06:44:22,false,2026-04-01 06:30:00
HS-003735,kwalsh3735@example.com,Sullivan PLC,marketingqualifiedlead,89,Outbound,SmallBiz,Germany,2025-12-28 18:28:46,false,2026-04-01 06:30:00
HS-003736,dylancunningham3736@example.com,"Norris, Callahan and Bishop",marketingqualifiedlead,65,outbound,Small Business,United Kingdom,2026-02-16 07:53:44,false,2026-04-01 06:30:00
HS-003737,andrew843737@example.com,"Bradford, Salinas and Kelly",marketingqualifiedlead,47,Inbound,SmallBiz,Germany,2025-11-29 11:32:09,false,2026-04-01 06:30:00
HS-003738,stephaniezamora3738@example.com,Williams Inc,lead,38,outbound,Mid-Market,Australia,2026-01-02 05:02:23,false,2026-04-01 06:30:00
HS-003739,lopezkimberly3739@example.com,Blevins-Ballard,marketingqualifiedlead,84,IB,Mid-Market,Canada,2025-11-15 16:39:05,false,2026-04-01 06:30:00
HS-003740,kellythomas3740@example.com,"Sparks, Jackson and Miller",lead,20,Inbound,SmallBiz,Australia,2025-10-17 20:46:32,false,2026-04-01 06:30:00
HS-003741,jpowell3741@example.com,Fisher-Washington,marketingqualifiedlead,84,Inbound,enterprise,United Kingdom,2026-01-06 10:05:29,false,2026-04-01 06:30:00
HS-003742,russellholly3742@example.com,Adams-Clayton,marketingqualifiedlead,87,IB,Mid-Market,United States,2025-12-25 04:13:36,false,2026-04-01 06:30:00
HS-003743,omoore3743@example.com,Nicholson-Robertson,lead,23,Inbound,SmallBiz,Australia,2026-02-20 05:12:50,false,2026-04-01 06:30:00
HS-003744,bryantrobert3744@example.com,"Diaz, Anderson and Browning",marketingqualifiedlead,64,Paid Ads,SMB,Germany,2025-12-12 17:16:31,false,2026-04-01 06:30:00
HS-003745,maygordon3745@example.com,Hawkins-Hunt,lead,17,PPC,SmallBiz,Canada,2025-11-13 16:03:38,false,2026-04-01 06:30:00
HS-003746,kylehahn3746@example.com,Brennan-Johnson,lead,17,Inbound,SmallBiz,Australia,2025-11-21 20:24:22,false,2026-04-01 06:30:00
HS-003747,abigailrobinson3747@example.com,"Ramsey, Whitney and Coffey",lead,33,Paid Ads,SmallBiz,Australia,2026-01-09 02:16:32,false,2026-04-01 06:30:00
HS-003748,debra823748@example.com,"Hicks, Bullock and Bailey",marketingqualifiedlead,80,Channel,SmallBiz,United Kingdom,2025-12-13 02:18:07,false,2026-04-01 06:30:00
HS-003749,hufftina3749@example.com,Giles Ltd,lead,38,Trade Show,ENT,United States,2026-01-17 11:38:57,false,2026-04-01 06:30:00
HS-003750,merrittsusan3750@example.com,"Lloyd, Mckinney and Collins",marketingqualifiedlead,60,outbound,SMB,Germany,2025-11-17 15:03:54,false,2026-04-01 06:30:00
HS-003751,jarvisrachel3751@example.com,Osborn-Cochran,lead,6,Content,Mid Market,Canada,2026-03-10 23:03:24,false,2026-04-01 06:30:00
HS-003752,jpeterson3752@example.com,"Turner, Riggs and Roman",lead,8,Cold Outreach,MM,United Kingdom,2025-12-18 04:46:24,false,2026-04-01 06:30:00
HS-003753,richardhines3753@example.com,Henderson-Bernard,lead,24,IB,Small Business,United Kingdom,2026-03-24 02:42:55,false,2026-04-01 06:30:00
HS-003754,ryanadams3754@example.com,Wilcox-Robertson,lead,27,Cold Outreach,Small Business,United Kingdom,2025-12-12 02:54:38,false,2026-04-01 06:30:00
HS-003755,wberry3755@example.com,Baker and Sons,lead,7,inbound,Enterprise,Australia,2025-11-06 23:29:43,false,2026-04-01 06:30:00
HS-003756,nmccoy3756@example.com,Thompson-Harrell,marketingqualifiedlead,81,Cold Outreach,Small Business,Germany,2025-11-14 06:26:47,false,2026-04-01 06:30:00
HS-003757,hoffmanlindsey3757@example.com,Williams Inc,lead,24,Cold Outreach,SMB,United Kingdom,2025-09-09 07:01:24,false,2026-04-01 06:30:00
HS-003758,powersgina3758@example.com,Hernandez-Dawson,lead,29,Channel,Small Business,Australia,2026-02-22 13:05:18,false,2026-04-01 06:30:00
HS-003759,katieaguirre3759@example.com,Ruiz-Jacobson,lead,13,Cold Outreach,MM,Canada,2025-09-07 04:11:22,false,2026-04-01 06:30:00
HS-003760,ashley143760@example.com,Lam LLC,marketingqualifiedlead,78,Trade Show,Mid Market,United Kingdom,2025-12-14 06:01:39,false,2026-04-01 06:30:00
HS-003761,kimberlyross3761@example.com,"Moon, Farmer and Hill",marketingqualifiedlead,82,Channel,SmallBiz,United Kingdom,2025-11-10 21:32:31,false,2026-04-01 06:30:00
HS-003762,johnhogan3762@example.com,Thornton PLC,lead,13,inbound,SmallBiz,Germany,2025-09-06 16:22:49,false,2026-04-01 06:30:00
HS-003763,melissa403763@example.com,"Johnson, Lee and Whitaker",lead,34,outbound,smb,United States,2025-09-15 15:49:10,false,2026-04-01 06:30:00
HS-003764,wallfrank3764@example.com,Moreno-Gutierrez,lead,16,Content Download,SMB,Germany,2026-02-25 11:58:44,false,2026-04-01 06:30:00
HS-003764D,wallfrank3764@example.com,Moreno-Gutierrez,lead,16,Content Download,SMB,Germany,2026-02-25 11:58:44,false,2026-04-01 06:30:00
HS-003765,aaroncontreras3765@example.com,"Daniels, Vance and York",marketingqualifiedlead,52,Cold Outreach,SMB,Australia,2026-01-24 01:06:09,false,2026-04-01 06:30:00
HS-003766,yburke3766@example.com,Ruiz Ltd,marketingqualifiedlead,68,Paid,smb,United Kingdom,2026-02-27 23:29:34,false,2026-04-01 06:30:00
HS-003767,murillodarryl3767@example.com,Smith PLC,marketingqualifiedlead,74,Outbound,enterprise,Canada,2026-03-15 12:35:40,false,2026-04-01 06:30:00
HS-003768,egordon3768@example.com,"Hensley, Powell and David",marketingqualifiedlead,80,Referral,SmallBiz,United States,2025-09-27 08:03:10,false,2026-04-01 06:30:00
HS-003769,barnettlisa3769@example.com,Wheeler Group,lead,38,Word of Mouth,smb,Germany,2026-02-02 20:18:47,false,2026-04-01 06:30:00
HS-003770,madison003770@example.com,Reyes Group,marketingqualifiedlead,58,Content Download,smb,United Kingdom,2025-10-16 04:54:30,false,2026-04-01 06:30:00
HS-003771,brooksbrian3771@example.com,Kramer-Lane,lead,6,outbound,SmallBiz,Australia,2025-12-13 04:05:22,false,2026-04-01 06:30:00
HS-003772,christopher913772@example.com,Buchanan LLC,lead,10,IB,SmallBiz,United States,2026-01-05 00:16:04,false,2026-04-01 06:30:00
HS-003773,brian623773@example.com,"Flores, Mckenzie and Duncan",lead,21,Channel,SmallBiz,Germany,2026-03-28 20:37:25,false,2026-04-01 06:30:00
HS-003774,monicaavery3774@example.com,Marshall-Elliott,lead,16,Cold Outreach,Mid-Market,Australia,2026-01-29 01:13:22,false,2026-04-01 06:30:00
HS-003775,dsims3775@example.com,"Fitzpatrick, Rivera and Smith",marketingqualifiedlead,84,Word of Mouth,MidMarket,Germany,2025-11-09 07:46:46,false,2026-04-01 06:30:00
HS-003776,jeffrey443776@example.com,Erickson and Sons,lead,6,Content,Small Business,Australia,2025-10-25 03:56:30,false,2026-04-01 06:30:00
HS-003777,huangscott3777@example.com,Little Inc,lead,5,IB,Mid-Market,United States,2026-02-24 07:46:15,false,2026-04-01 06:30:00
HS-003778,peter073778@example.com,"Lucas, Parker and Alexander",lead,34,IB,MidMarket,Canada,2026-01-31 23:35:35,false,2026-04-01 06:30:00
HS-003779,jessicahines3779@example.com,"Cole, Glass and Cunningham",lead,36,Outbound,Mid-Market,Australia,2025-10-09 08:26:46,false,2026-04-01 06:30:00
HS-003780,mpowers3780@example.com,Gregory-Watkins,lead,18,Word of Mouth,smb,United Kingdom,2026-02-05 19:08:47,false,2026-04-01 06:30:00
HS-003781,melvinpeters3781@example.com,Cline-Ayala,marketingqualifiedlead,44,Content Download,MM,Australia,2026-02-21 16:35:56,false,2026-04-01 06:30:00
HS-003782,reesetravis3782@example.com,Hays-Daniels,lead,5,Cold Outreach,MM,Germany,2025-12-05 08:07:48,false,2026-04-01 06:30:00
HS-003783,dlivingston3783@example.com,Higgins-Smith,marketingqualifiedlead,54,IB,SMB,Australia,2026-03-15 08:51:22,false,2026-04-01 06:30:00
HS-003784,arianarandolph3784@example.com,Young-Molina,lead,18,Content Download,SmallBiz,United Kingdom,2025-10-11 14:42:44,false,2026-04-01 06:30:00
HS-003785,hammondjoseph3785@example.com,Ramirez and Sons,marketingqualifiedlead,77,Content,SMB,Germany,2025-11-02 10:12:59,false,2026-04-01 06:30:00
HS-003786,rzuniga3786@example.com,"Barnett, Rogers and Snyder",lead,19,Channel,MidMarket,Australia,2025-12-22 22:46:09,false,2026-04-01 06:30:00
HS-003787,carlos333787@example.com,Benton Group,marketingqualifiedlead,78,outbound,SmallBiz,Germany,2026-03-21 15:53:08,false,2026-04-01 06:30:00
HS-003788,shawndavis3788@example.com,Hunter PLC,lead,39,Cold Outreach,MidMarket,Germany,2026-02-17 05:14:51,false,2026-04-01 06:30:00
HS-003789,stephanieedwards3789@example.com,Young Ltd,marketingqualifiedlead,89,outbound,SMB,Australia,2025-11-13 10:46:37,false,2026-04-01 06:30:00
HS-003790,jamesmoon3790@example.com,Mcdaniel Group,lead,17,Content Download,SMB,Germany,2025-11-13 23:52:32,false,2026-04-01 06:30:00
HS-003791,irodriguez3791@example.com,"Cook, Wells and Bryant",marketingqualifiedlead,76,Cold Outreach,Mid-Market,United States,2025-10-10 00:57:30,false,2026-04-01 06:30:00
HS-003792,marshalljamie3792@example.com,Sutton-Abbott,marketingqualifiedlead,54,Partner,Small Business,Australia,2025-10-30 03:23:12,false,2026-04-01 06:30:00
HS-003793,erikamiller3793@example.com,Berry-Mckinney,lead,24,Paid Ads,SMB,Australia,2025-12-05 22:42:44,false,2026-04-01 06:30:00
HS-003794,aaronrodriguez3794@example.com,"Hernandez, Cuevas and Webb",lead,14,Cold Outreach,Small Business,Australia,2026-01-24 14:28:31,false,2026-04-01 06:30:00
HS-003795,gyoung3795@example.com,"Suarez, Shields and Hill",marketingqualifiedlead,78,Partner,SMB,United States,2026-02-11 05:37:02,false,2026-04-01 06:30:00
HS-003796,david783796@example.com,Ray PLC,marketingqualifiedlead,70,Content Download,MidMarket,United Kingdom,2025-11-12 19:32:29,false,2026-04-01 06:30:00
HS-003797,nicholas333797@example.com,Willis and Sons,marketingqualifiedlead,63,Cold Outreach,SMB,Canada,2026-01-01 01:14:37,false,2026-04-01 06:30:00
HS-003798,qjones3798@example.com,Williams Ltd,lead,13,IB,Enterprise,Germany,2025-11-15 23:06:01,false,2026-04-01 06:30:00
HS-003799,kurt903799@example.com,"Reeves, Parks and Little",lead,16,outbound,Small Business,Canada,2026-01-11 15:19:21,false,2026-04-01 06:30:00
HS-003800,michellemorris3800@example.com,Moreno-Gutierrez,lead,33,outbound,SmallBiz,Germany,2025-11-17 14:00:21,false,2026-04-01 06:30:00
HS-003801,michellecarter3801@example.com,Moore Group,marketingqualifiedlead,82,Cold Outreach,Small Business,United Kingdom,2025-09-05 12:34:07,false,2026-04-01 06:30:00
HS-003802,dudleycody3802@example.com,Thompson-James,lead,17,inbound,smb,Australia,2025-10-04 06:47:07,false,2026-04-01 06:30:00
HS-003803,justin033803@example.com,Ford-Spencer,marketingqualifiedlead,58,Content Download,smb,United States,2025-11-10 00:27:00,false,2026-04-01 06:30:00
HS-003804,qharris3804@example.com,Barber-Fischer,lead,36,Inbound,Small Business,United Kingdom,2026-01-14 14:58:51,false,2026-04-01 06:30:00
HS-003805,rossamanda3805@example.com,Clark Ltd,lead,10,Content,smb,United Kingdom,2026-02-15 08:34:58,false,2026-04-01 06:30:00
HS-003806,rebeccafigueroa3806@example.com,"Lynch, Evans and Rodriguez",marketingqualifiedlead,90,Outbound,SmallBiz,United States,2025-11-27 23:54:49,false,2026-04-01 06:30:00
HS-003807,kcontreras3807@example.com,Oconnor PLC,lead,38,outbound,Mid Market,Germany,2026-01-02 17:53:36,false,2026-04-01 06:30:00
HS-003808,charlesflowers3808@example.com,Wright PLC,marketingqualifiedlead,53,Content,Mid Market,United States,2026-02-15 06:54:01,false,2026-04-01 06:30:00
HS-003809,humphreypatricia3809@example.com,Phillips LLC,marketingqualifiedlead,57,Inbound,SmallBiz,Australia,2025-09-08 00:20:55,false,2026-04-01 06:30:00
HS-003810,curtislee3810@example.com,Walker PLC,marketingqualifiedlead,61,Cold Outreach,smb,United Kingdom,2025-11-24 02:24:39,false,2026-04-01 06:30:00
HS-003811,ijackson3811@example.com,Donovan-Perez,marketingqualifiedlead,87,Event,MM,Germany,2025-08-21 01:14:19,false,2026-04-01 06:30:00
HS-003812,jessica793812@example.com,Bishop and Sons,marketingqualifiedlead,78,Content,Small Business,Canada,2025-10-23 18:13:17,false,2026-04-01 06:30:00
HS-003813,bhall3813@example.com,Johnston-Odonnell,lead,24,Inbound,MM,United Kingdom,2025-09-10 14:58:48,false,2026-04-01 06:30:00
HS-003814,nancyryan3814@example.com,"Sparks, Jackson and Miller",marketingqualifiedlead,42,inbound,smb,Australia,2026-03-11 01:10:32,false,2026-04-01 06:30:00
HS-003815,charlesgregory3815@example.com,Weaver-Thompson,marketingqualifiedlead,50,Inbound,Small Business,Canada,2026-01-28 20:30:17,false,2026-04-01 06:30:00
HS-003816,ricky533816@example.com,Smith-Bell,lead,8,outbound,SmallBiz,Australia,2026-03-10 10:58:10,false,2026-04-01 06:30:00
HS-003817,bmoyer3817@example.com,"Fernandez, Guerrero and Evans",lead,22,Partner,Mid Market,Canada,2025-12-04 22:21:59,false,2026-04-01 06:30:00
HS-003818,lfloyd3818@example.com,Williams Group,marketingqualifiedlead,63,Word of Mouth,Mid Market,United Kingdom,2025-08-30 08:58:08,false,2026-04-01 06:30:00
HS-003819,hpowell3819@example.com,Bell-Lewis,marketingqualifiedlead,59,IB,MM,Germany,2025-09-13 13:47:29,false,2026-04-01 06:30:00
HS-003820,dmendoza3820@example.com,"Brown, Hayes and Clark",marketingqualifiedlead,81,Channel,SmallBiz,Australia,2026-01-11 22:11:38,false,2026-04-01 06:30:00
HS-003821,fvalencia3821@example.com,"Ward, Porter and Bradley",marketingqualifiedlead,40,Paid Ads,Enterprise,United States,2025-09-01 00:34:07,false,2026-04-01 06:30:00
HS-003822,rachelholmes3822@example.com,Perry-Davis,lead,13,outbound,SmallBiz,Australia,2026-01-23 03:08:32,false,2026-04-01 06:30:00
HS-003823,michellesmith3823@example.com,Powell-Montgomery,marketingqualifiedlead,67,Inbound,MidMarket,United Kingdom,2026-02-10 16:08:04,false,2026-04-01 06:30:00
HS-003824,bennettdouglas3824@example.com,Rivera LLC,marketingqualifiedlead,55,Content Download,smb,United Kingdom,2025-10-29 22:19:47,false,2026-04-01 06:30:00
HS-003825,henrysoto3825@example.com,Rowe Group,marketingqualifiedlead,62,Inbound,SmallBiz,Canada,2025-12-15 08:51:43,false,2026-04-01 06:30:00
HS-003826,emily163826@example.com,Ramirez-Bean,lead,8,IB,SmallBiz,Australia,2025-09-03 07:34:49,false,2026-04-01 06:30:00
HS-003827,alexis583827@example.com,Hayes and Sons,marketingqualifiedlead,89,Content Download,Strategic,United States,2026-01-06 17:35:01,false,2026-04-01 06:30:00
HS-003828,rgiles3828@example.com,Duran Group,lead,14,inbound,Mid-Market,United States,2026-01-28 17:22:21,false,2026-04-01 06:30:00
HS-003829,richard213829@example.com,"Hoffman, Santiago and Jenkins",marketingqualifiedlead,46,Event,SMB,Canada,2025-09-02 16:23:00,false,2026-04-01 06:30:00
HS-003830,charlesduncan3830@example.com,"Mckee, Gardner and Davenport",marketingqualifiedlead,60,outbound,smb,United Kingdom,2026-01-28 11:19:50,false,2026-04-01 06:30:00
HS-003831,ashley793831@example.com,Fuentes Group,marketingqualifiedlead,68,Cold Outreach,enterprise,Germany,2025-12-18 01:55:06,false,2026-04-01 06:30:00
HS-003832,grantamanda3832@arcline.com,Marshall-Perez,lead,15,outbound,Small Business,Germany,2025-12-22 05:31:41,true,2026-04-01 06:30:00
HS-003833,joe993833@example.com,"Gray, Hall and Murray",lead,5,Outbound,Mid-Market,Australia,2026-01-21 14:01:41,false,2026-04-01 06:30:00
HS-003834,krista023834@example.com,King-Smith,marketingqualifiedlead,81,IB,MM,United Kingdom,2026-03-02 12:36:14,false,2026-04-01 06:30:00
HS-003835,patriciajohnson3835@example.com,Jones Inc,lead,12,Event,Small Business,United Kingdom,2026-01-17 22:21:02,false,2026-04-01 06:30:00
HS-003836,lauren933836@example.com,Williamson Ltd,marketingqualifiedlead,67,Paid,smb,Canada,2025-10-29 00:18:23,false,2026-04-01 06:30:00
HS-003837,mproctor3837@example.com,Mcneil Group,marketingqualifiedlead,61,Channel,Small Business,United Kingdom,2025-11-24 03:44:59,false,2026-04-01 06:30:00
HS-003838,william423838@example.com,Osborn-Cochran,lead,31,Content Download,MM,Canada,2025-11-20 08:31:43,false,2026-04-01 06:30:00
HS-003839,nicole593839@example.com,Davis-Gregory,marketingqualifiedlead,43,inbound,smb,Germany,2025-11-24 14:00:11,false,2026-04-01 06:30:00
HS-003840,hollandjustin3840@example.com,"Evans, David and Hendrix",marketingqualifiedlead,72,Word of Mouth,MM,Canada,2025-11-20 14:58:07,false,2026-04-01 06:30:00
HS-003841,ggarrett3841@example.com,Short-Garcia,lead,35,Content Download,MidMarket,Australia,2026-01-27 16:04:08,false,2026-04-01 06:30:00
HS-003842,wrivers3842@example.com,"Bell, Campbell and Ryan",marketingqualifiedlead,89,Cold Outreach,SmallBiz,Australia,2026-03-25 05:10:01,false,2026-04-01 06:30:00
HS-003843,dominguezscott3843@example.com,Cline-Ayala,lead,18,Inbound,MidMarket,Australia,2025-12-13 05:37:45,false,2026-04-01 06:30:00
HS-003844,sandra383844@example.com,Wilcox-Robertson,lead,30,Paid,SmallBiz,United Kingdom,2025-11-08 01:20:27,false,2026-04-01 06:30:00
HS-003845,ewest3845@example.com,"Harris, Collins and Carney",marketingqualifiedlead,56,Cold Outreach,Small Business,Australia,2025-09-22 05:26:06,false,2026-04-01 06:30:00
HS-003846,amberstanton3846@example.com,"Harris, Edwards and Oconnell",lead,29,IB,smb,United Kingdom,2026-03-30 04:39:23,false,2026-04-01 06:30:00
HS-003847,anthonygilbert3847@example.com,Curry-Barker,marketingqualifiedlead,65,Trade Show,ENT,Germany,2025-12-03 04:37:37,false,2026-04-01 06:30:00
HS-003848,omar193848@example.com,Davis PLC,lead,8,Cold Outreach,MidMarket,United States,2026-03-27 02:54:19,false,2026-04-01 06:30:00
HS-003849,ballelizabeth3849@example.com,"Barnes, Jackson and Gutierrez",lead,24,inbound,Small Business,Germany,2025-12-02 07:14:27,false,2026-04-01 06:30:00
HS-003850,isimpson3850@example.com,Sutton-Abbott,lead,33,IB,smb,Australia,2025-09-24 00:45:57,false,2026-04-01 06:30:00
HS-003851,jcruz3851@example.com,"Valentine, Joyce and Murray",lead,24,Content,Small Business,United States,2025-10-12 12:21:08,false,2026-04-01 06:30:00
HS-003852,twagner3852@example.com,Pruitt-Webb,lead,26,Cold Outreach,MidMarket,United Kingdom,2026-02-25 14:26:05,false,2026-04-01 06:30:00
HS-003853,maryanderson3853@example.com,Stokes Group,marketingqualifiedlead,71,Paid Ads,Enterprise,Australia,2026-01-30 11:49:55,false,2026-04-01 06:30:00
HS-003854,troybrady3854@example.com,"Miller, Harrell and Reese",lead,6,Trade Show,MM,United Kingdom,2025-12-19 09:19:37,false,2026-04-01 06:30:00
HS-003855,erin063855@example.com,Green LLC,marketingqualifiedlead,62,IB,Enterprise,Canada,2026-02-02 10:13:01,false,2026-04-01 06:30:00
HS-003856,faithsparks3856@example.com,Fuentes Group,lead,5,Channel,Enterprise,Germany,2026-02-24 16:49:20,false,2026-04-01 06:30:00
HS-003857,brett403857@example.com,Abbott Ltd,lead,23,Content,Enterprise,Canada,2026-02-24 18:36:30,false,2026-04-01 06:30:00
HS-003858,karla663858@example.com,Landry PLC,lead,13,Paid,Mid-Market,United Kingdom,2025-10-05 16:13:51,false,2026-04-01 06:30:00
HS-003859,gina903859@example.com,"Valentine, Joyce and Murray",marketingqualifiedlead,72,Inbound,smb,United States,2025-12-26 15:51:26,false,2026-04-01 06:30:00
HS-003860,nunezgary3860@example.com,Strickland-Palmer,lead,38,Cold Outreach,Small Business,Germany,2025-09-17 12:47:29,false,2026-04-01 06:30:00
HS-003861,kimberlycooper3861@example.com,"Holmes, Williams and Wright",lead,39,Cold Outreach,Small Business,United States,2026-03-28 07:47:28,false,2026-04-01 06:30:00
HS-003862,joseph283862@example.com,Stein-Silva,lead,21,Word of Mouth,smb,Canada,2025-09-01 23:42:13,false,2026-04-01 06:30:00
HS-003863,zmurray3863@example.com,"Adams, Hodge and Duke",lead,30,IB,Small Business,Australia,2026-02-28 05:20:56,false,2026-04-01 06:30:00
HS-003864,donaldserrano3864@example.com,Rodriguez Inc,lead,27,Paid Ads,MidMarket,Germany,2026-02-02 15:20:58,false,2026-04-01 06:30:00
HS-003865,jacob323865@example.com,Harvey PLC,marketingqualifiedlead,83,Inbound,Small Business,United States,2026-02-23 10:11:24,false,2026-04-01 06:30:00
HS-003866,kristine333866@example.com,"Burgess, Grant and Watts",lead,21,Inbound,Mid Market,Australia,2025-12-02 01:40:27,false,2026-04-01 06:30:00
HS-003867,petersonfrank3867@example.com,Thompson-Harrell,lead,18,Inbound,SMB,Germany,2025-09-18 12:52:07,false,2026-04-01 06:30:00
HS-003868,cohensabrina3868@example.com,Aguirre LLC,marketingqualifiedlead,62,Inbound,SMB,Canada,2025-09-28 16:35:13,false,2026-04-01 06:30:00
HS-003869,amandamorgan3869@example.com,Conner-Yu,marketingqualifiedlead,63,IB,SMB,United Kingdom,2025-12-28 08:53:48,false,2026-04-01 06:30:00
HS-003870,vthompson3870@example.com,White-Morales,marketingqualifiedlead,40,Event,Mid-Market,Canada,2025-11-29 11:08:31,false,2026-04-01 06:30:00
HS-003871,kjackson3871@example.com,"Rivera, Martinez and Richardson",marketingqualifiedlead,83,inbound,SmallBiz,United Kingdom,2026-02-05 19:11:47,false,2026-04-01 06:30:00
HS-003872,richardlawrence3872@example.com,Li-Thompson,lead,24,outbound,Mid Market,Canada,2026-01-02 01:32:31,false,2026-04-01 06:30:00
HS-003873,matthewfranklin3873@example.com,"Matthews, Harrington and Rodriguez",lead,37,IB,SMB,Germany,2026-03-03 06:00:33,false,2026-04-01 06:30:00
HS-003874,curtis813874@example.com,Gibson-Freeman,marketingqualifiedlead,90,Outbound,ENT,Germany,2026-02-24 01:39:33,false,2026-04-01 06:30:00
HS-003875,bwood3875@example.com,Osborn-Cochran,marketingqualifiedlead,62,Outbound,MidMarket,Canada,2025-12-26 17:36:51,false,2026-04-01 06:30:00
HS-003876,ystone3876@example.com,Wilson-Malone,lead,12,Content Download,Mid Market,Australia,2025-12-07 14:29:36,false,2026-04-01 06:30:00
HS-003877,alexis573877@example.com,"Brown, Schneider and Moore",lead,32,Partner,Strategic,United States,2026-02-15 03:33:06,false,2026-04-01 06:30:00
HS-003878,mallory303878@example.com,"Gutierrez, Avila and Perez",marketingqualifiedlead,50,outbound,Small Business,Canada,2025-09-28 14:31:02,false,2026-04-01 06:30:00
HS-003879,kristopherhanson3879@example.com,Reynolds Ltd,marketingqualifiedlead,53,Inbound,SMB,Germany,2026-02-22 17:47:27,false,2026-04-01 06:30:00
HS-003880,housedaniel3880@example.com,"Cox, Stark and Rodriguez",marketingqualifiedlead,61,Cold Outreach,MidMarket,Canada,2025-12-21 20:19:24,false,2026-04-01 06:30:00
HS-003881,kgeorge3881@example.com,"Brown, Schneider and Moore",marketingqualifiedlead,49,Cold Outreach,ENT,United States,2026-01-03 21:53:32,false,2026-04-01 06:30:00
HS-003882,gonzalezmarissa3882@example.com,Lopez-Curry,lead,16,inbound,Small Business,United States,2025-11-02 00:01:35,false,2026-04-01 06:30:00
HS-003883,brandi403883@example.com,"Edwards, Hines and Jimenez",lead,12,Word of Mouth,Mid-Market,United Kingdom,2025-12-28 13:32:40,false,2026-04-01 06:30:00
HS-003884,robersonjason3884@example.com,Stokes and Sons,marketingqualifiedlead,42,outbound,Mid Market,Canada,2025-10-18 14:23:54,false,2026-04-01 06:30:00
HS-003885,christopher473885@example.com,Bailey-Cook,lead,11,IB,Mid Market,United States,2026-02-02 08:58:14,false,2026-04-01 06:30:00
HS-003886,murphymark3886@example.com,Gallagher and Sons,lead,7,Content,MidMarket,United States,2025-10-01 14:33:27,false,2026-04-01 06:30:00
HS-003887,robinsonglenn3887@example.com,Chavez-Hall,marketingqualifiedlead,53,Content Download,Mid-Market,United Kingdom,2025-09-22 07:33:38,false,2026-04-01 06:30:00
HS-003888,lisaalvarez3888@example.com,Baird-Sanchez,lead,7,inbound,SMB,United States,2026-02-09 22:31:19,false,2026-04-01 06:30:00
HS-003889,allenronald3889@example.com,"Turner, Riggs and Roman",lead,12,Referral,Mid-Market,United Kingdom,2025-12-19 17:22:35,false,2026-04-01 06:30:00
HS-003890,brandon943890@example.com,Li Inc,lead,23,Outbound,Strategic,Germany,2026-02-07 07:13:53,false,2026-04-01 06:30:00
HS-003891,heidischneider3891@example.com,Reed Group,lead,24,Inbound,MidMarket,Australia,2025-12-17 06:52:44,false,2026-04-01 06:30:00
HS-003892,campbellkayla3892@example.com,"Jones, Mcmahon and Spence",marketingqualifiedlead,49,PPC,Enterprise,United States,2025-12-23 13:47:52,false,2026-04-01 06:30:00
HS-003893,johnsonmichael3893@example.com,Hancock Inc,lead,11,Inbound,SMB,United States,2026-02-25 17:17:56,false,2026-04-01 06:30:00
HS-003894,hreyes3894@example.com,"Ramos, Nelson and Fischer",lead,30,Outbound,Small Business,Germany,2025-09-06 11:22:06,false,2026-04-01 06:30:00
HS-003895,hortonalexandra3895@example.com,Edwards-Williams,marketingqualifiedlead,80,IB,enterprise,United States,2025-09-11 18:16:33,false,2026-04-01 06:30:00
HS-003896,jacobsmary3896@example.com,Salas-Fitzgerald,lead,10,Referral,Small Business,Germany,2026-03-25 14:04:54,false,2026-04-01 06:30:00
HS-003897,xsmith3897@example.com,Finley Inc,lead,21,Content Download,Mid Market,Australia,2025-11-06 01:00:42,false,2026-04-01 06:30:00
HS-003898,jimmypalmer3898@example.com,"Brandt, Carter and Boyd",lead,22,Content,SmallBiz,Australia,2025-12-21 20:19:15,false,2026-04-01 06:30:00
HS-003899,richard253899@example.com,Cox LLC,marketingqualifiedlead,85,Outbound,SMB,Germany,2025-11-04 04:48:20,false,2026-04-01 06:30:00
HS-003900,ubutler3900@example.com,"Richardson, Farmer and Andrews",marketingqualifiedlead,89,inbound,Mid Market,Canada,2025-10-08 15:02:17,false,2026-04-01 06:30:00
HS-003901,csparks3901@example.com,Donovan-Harris,marketingqualifiedlead,70,IB,SMB,Germany,2025-12-16 12:19:10,false,2026-04-01 06:30:00
HS-003902,kramirez3902@example.com,Green-Ewing,marketingqualifiedlead,55,IB,smb,United States,2025-11-30 04:31:48,false,2026-04-01 06:30:00
HS-003903,trevormorgan3903@example.com,Marquez-Fletcher,marketingqualifiedlead,83,Cold Outreach,Mid Market,United Kingdom,2026-03-02 14:32:49,false,2026-04-01 06:30:00
HS-003904,tonya483904@example.com,Davis and Sons,lead,6,Cold Outreach,SmallBiz,United States,2025-12-15 08:39:40,false,2026-04-01 06:30:00
HS-003905,jessica653905@example.com,Burgess Group,lead,29,Paid Ads,SMB,United States,2025-10-08 12:59:12,false,2026-04-01 06:30:00
HS-003906,kristin943906@example.com,Hull Ltd,marketingqualifiedlead,46,Inbound,Small Business,United Kingdom,2025-09-13 18:16:44,false,2026-04-01 06:30:00
HS-003907,waynetorres3907@example.com,"Pierce, Bell and Chavez",marketingqualifiedlead,76,IB,Mid-Market,Germany,2025-12-04 15:51:32,false,2026-04-01 06:30:00
HS-003908,poncelisa3908@example.com,"Griffin, Davies and Mitchell",marketingqualifiedlead,52,Event,Mid Market,Germany,2026-03-07 16:12:43,false,2026-04-01 06:30:00
HS-003909,bduke3909@example.com,Marshall-Peterson,lead,11,Channel,Mid-Market,Canada,2025-09-28 04:00:10,false,2026-04-01 06:30:00
HS-003910,sarahsmith3910@example.com,"Harrison, Johnson and Roberts",marketingqualifiedlead,48,Content,ENT,Canada,2026-01-30 06:19:25,false,2026-04-01 06:30:00
HS-003911,williamslaurie3911@example.com,"Kennedy, Johnson and Lucas",marketingqualifiedlead,88,IB,Small Business,Canada,2026-03-17 22:24:30,false,2026-04-01 06:30:00
HS-003912,danielle933912@example.com,"Fry, Hobbs and Buck",marketingqualifiedlead,59,Outbound,Small Business,United Kingdom,2025-10-26 14:42:16,false,2026-04-01 06:30:00
HS-003913,mullendavid3913@example.com,"Anderson, Dalton and Wilson",marketingqualifiedlead,53,Channel,SMB,Germany,2026-01-10 07:31:49,false,2026-04-01 06:30:00
HS-003914,lloydmiranda3914@example.com,Jones and Sons,marketingqualifiedlead,63,inbound,SmallBiz,Australia,2026-01-20 05:50:48,false,2026-04-01 06:30:00
HS-003915,clarkmario3915@example.com,"Ramsey, Hansen and Mendoza",lead,19,outbound,MM,Canada,2025-11-20 10:36:22,false,2026-04-01 06:30:00
HS-003916,njohnson3916@example.com,Blackwell LLC,lead,32,Paid,MM,Australia,2026-02-13 21:31:48,false,2026-04-01 06:30:00
HS-003917,lpeters3917@example.com,Monroe-Carpenter,lead,5,outbound,Mid Market,United Kingdom,2026-01-29 13:48:19,false,2026-04-01 06:30:00
HS-003918,campbelljustin3918@example.com,Jones PLC,lead,8,Referral,MM,Canada,2025-09-04 21:46:20,false,2026-04-01 06:30:00
HS-003919,ncruz3919@example.com,"Price, Long and Wilson",lead,10,inbound,Mid Market,United States,2025-11-04 01:12:04,false,2026-04-01 06:30:00
HS-003920,sthomas3920@example.com,"Calderon, Williams and Bennett",marketingqualifiedlead,41,Content Download,Mid Market,United States,2026-01-26 22:32:04,false,2026-04-01 06:30:00
HS-003921,rodneynolan3921@example.com,Barton-Chapman,marketingqualifiedlead,82,Channel,SmallBiz,Australia,2025-09-19 17:06:05,false,2026-04-01 06:30:00
HS-003922,sball3922@example.com,Li PLC,lead,24,Channel,SMB,United States,2026-02-25 14:23:46,false,2026-04-01 06:30:00
HS-003923,ahernandez3923@example.com,"Morris, Campbell and Owens",lead,33,Content Download,SMB,Canada,2025-10-14 08:38:37,false,2026-04-01 06:30:00
HS-003924,michaelrobertson3924@example.com,Durham-Shaw,marketingqualifiedlead,49,outbound,SMB,Germany,2026-01-29 14:05:03,false,2026-04-01 06:30:00
HS-003925,samantharoberts3925@example.com,Welch-Hogan,marketingqualifiedlead,68,Inbound,smb,Australia,2025-12-05 08:23:28,false,2026-04-01 06:30:00
HS-003926,foxlinda3926@example.com,"Estrada, Williams and Foster",marketingqualifiedlead,71,Content,smb,Australia,2025-09-24 21:47:56,false,2026-04-01 06:30:00
HS-003927,jasminemorton3927@example.com,Ruiz Ltd,marketingqualifiedlead,50,Word of Mouth,smb,United Kingdom,2026-03-17 03:45:20,false,2026-04-01 06:30:00
HS-003928,mclaughlinjames3928@example.com,Meadows PLC,marketingqualifiedlead,77,Inbound,smb,Germany,2026-02-21 18:35:10,false,2026-04-01 06:30:00
HS-003929,martinezcatherine3929@example.com,Roberts-Sullivan,marketingqualifiedlead,72,Word of Mouth,Small Business,Germany,2026-01-02 07:04:21,false,2026-04-01 06:30:00
HS-003930,simsclaire3930@example.com,Gutierrez Group,lead,21,inbound,ENT,Australia,2025-09-08 12:21:22,false,2026-04-01 06:30:00
HS-003931,bennettalan3931@example.com,Figueroa-Malone,lead,9,Content Download,MidMarket,Australia,2026-02-01 09:48:42,false,2026-04-01 06:30:00
HS-003932,stonerobert3932@example.com,Wilson-Jones,marketingqualifiedlead,67,Paid Ads,SMB,Canada,2025-11-12 01:31:26,false,2026-04-01 06:30:00
HS-003933,tmoore3933@example.com,Davis-Lewis,marketingqualifiedlead,72,inbound,MM,Australia,2025-09-30 18:18:57,false,2026-04-01 06:30:00
HS-003934,icooper3934@example.com,Johnson and Sons,lead,36,Trade Show,Small Business,United Kingdom,2026-03-27 12:49:14,false,2026-04-01 06:30:00
HS-003935,katiepowell3935@example.com,Goodwin-Stokes,lead,35,IB,Enterprise,United States,2026-03-04 08:42:49,false,2026-04-01 06:30:00
HS-003936,ortegagregory3936@example.com,"Fuller, Ingram and Moss",marketingqualifiedlead,45,PPC,enterprise,Canada,2025-09-01 01:20:11,false,2026-04-01 06:30:00
HS-003937,rachelcastillo3937@example.com,Aguirre LLC,marketingqualifiedlead,83,inbound,SMB,Canada,2026-02-17 22:35:16,false,2026-04-01 06:30:00
HS-003938,jorge583938@example.com,Wright-Davis,lead,37,inbound,SMB,United Kingdom,2025-09-23 18:27:46,false,2026-04-01 06:30:00
HS-003939,timothy623939@example.com,"Reeves, Parks and Little",marketingqualifiedlead,76,outbound,Small Business,Canada,2025-10-21 23:37:38,false,2026-04-01 06:30:00
HS-003940,nguyenchristine3940@example.com,Pearson and Sons,marketingqualifiedlead,77,Outbound,Small Business,Germany,2025-10-06 00:12:45,false,2026-04-01 06:30:00
HS-003941,qreyes3941@example.com,Arroyo LLC,marketingqualifiedlead,56,Outbound,Small Business,United States,2025-12-28 10:28:35,false,2026-04-01 06:30:00
HS-003942,jessicalong3942@example.com,Burns-Ray,marketingqualifiedlead,40,PPC,MidMarket,United Kingdom,2025-09-12 14:15:36,false,2026-04-01 06:30:00
HS-003943,jenniferhorne3943@example.com,Young-Allen,lead,9,PPC,smb,Australia,2025-10-25 21:24:38,false,2026-04-01 06:30:00
HS-003944,dthompson3944@example.com,Kelly Group,marketingqualifiedlead,77,Outbound,SMB,Germany,2025-11-13 13:51:20,false,2026-04-01 06:30:00
HS-003945,jamescobb3945@example.com,Brown-Hernandez,lead,20,IB,SMB,United States,2026-03-16 22:38:30,false,2026-04-01 06:30:00
HS-003946,sararios3946@example.com,"Flores, Mckenzie and Duncan",marketingqualifiedlead,49,Content Download,Small Business,Germany,2025-12-06 04:56:45,false,2026-04-01 06:30:00
HS-003947,suehowe3947@example.com,Powers LLC,marketingqualifiedlead,69,outbound,enterprise,Germany,2025-09-10 20:42:16,false,2026-04-01 06:30:00
HS-003948,hunter293948@example.com,Russell Group,marketingqualifiedlead,79,Event,Mid Market,United States,2025-11-22 18:32:19,false,2026-04-01 06:30:00
HS-003949,joycekeith3949@example.com,"Rosales, Mitchell and Hines",marketingqualifiedlead,68,Paid Ads,smb,Canada,2025-11-16 01:13:15,false,2026-04-01 06:30:00
HS-003950,oconnorlauren3950@example.com,Ruiz Ltd,lead,17,Channel,Mid Market,United States,2026-02-15 01:03:01,false,2026-04-01 06:30:00
HS-003951,bowmanjoel3951@example.com,"Fisher, Payne and Thompson",lead,35,PPC,Small Business,Germany,2025-09-01 20:13:54,false,2026-04-01 06:30:00
HS-003952,joeljackson3952@example.com,Ewing-Mendoza,lead,23,Inbound,Mid-Market,Germany,2025-10-04 12:16:16,false,2026-04-01 06:30:00
HS-003953,jacqueline393953@example.com,"Fitzpatrick, Rivera and Smith",lead,6,Trade Show,MM,Germany,2026-02-10 23:19:19,false,2026-04-01 06:30:00
HS-003954,lukecase3954@example.com,Jones-Soto,marketingqualifiedlead,41,Content Download,smb,United Kingdom,2025-10-01 20:58:39,false,2026-04-01 06:30:00
HS-003955,robert773955@example.com,"Holder, Young and Hendricks",marketingqualifiedlead,76,Cold Outreach,Mid Market,Canada,2026-02-12 12:44:11,false,2026-04-01 06:30:00
HS-003956,zrobinson3956@example.com,"Hernandez, Martinez and Weber",lead,15,Cold Outreach,SmallBiz,Germany,2025-12-19 14:28:15,false,2026-04-01 06:30:00
HS-003957,broberts3957@example.com,Marshall-Perez,lead,16,Outbound,SmallBiz,Germany,2026-03-28 05:30:13,false,2026-04-01 06:30:00
HS-003958,jose493958@example.com,"Wilson, Pena and Rich",marketingqualifiedlead,77,Content Download,MidMarket,Germany,2026-02-20 03:05:21,false,2026-04-01 06:30:00
HS-003959,ucarr3959@example.com,"Hernandez, Jenkins and Parks",lead,25,Content,Small Business,Australia,2026-03-19 14:21:23,false,2026-04-01 06:30:00
HS-003960,whitesean3960@example.com,Adams-Clayton,marketingqualifiedlead,58,Inbound,MidMarket,United States,2025-11-18 12:30:09,false,2026-04-01 06:30:00
HS-003961,ksmith3961@example.com,"Barnes, Jackson and Gutierrez",marketingqualifiedlead,71,inbound,smb,Germany,2025-08-11 00:32:07,false,2026-04-01 06:30:00
HS-003962,scottmartin3962@example.com,"Tran, Jordan and Williams",marketingqualifiedlead,89,outbound,Mid Market,Canada,2026-01-10 15:00:37,false,2026-04-01 06:30:00
HS-003963,john973963@example.com,Trujillo PLC,lead,8,Event,Small Business,Germany,2026-03-11 17:04:59,false,2026-04-01 06:30:00
HS-003964,nhiggins3964@example.com,"Austin, Day and Johnson",marketingqualifiedlead,80,outbound,MidMarket,Canada,2025-10-27 16:11:59,false,2026-04-01 06:30:00
HS-003965,uzimmerman3965@example.com,Bruce-Williamson,marketingqualifiedlead,61,Event,Enterprise,United States,2026-01-23 15:52:10,false,2026-04-01 06:30:00
HS-003966,bethanygrant3966@example.com,Sanders-Espinoza,lead,30,Partner,SMB,Australia,2026-03-12 07:09:54,false,2026-04-01 06:30:00
HS-003967,davidjohnson3967@example.com,Garner-Thornton,marketingqualifiedlead,75,Content,MM,United Kingdom,2025-11-11 17:22:04,false,2026-04-01 06:30:00
HS-003968,taylormichael3968@example.com,Hicks-Hill,lead,14,Partner,SMB,United States,2026-03-12 15:46:51,false,2026-04-01 06:30:00
HS-003969,kelleyglen3969@example.com,"Mullen, Brewer and Hernandez",marketingqualifiedlead,50,Referral,smb,Germany,2025-10-02 06:06:54,false,2026-04-01 06:30:00
HS-003970,bakerangela3970@example.com,Rodriguez-Johnson,lead,11,IB,SmallBiz,Canada,2026-01-21 19:59:52,false,2026-04-01 06:30:00
HS-003971,gstone3971@example.com,Gay Inc,marketingqualifiedlead,84,outbound,Small Business,Germany,2026-02-26 02:12:01,false,2026-04-01 06:30:00
HS-003972,nbailey3972@example.com,"Ashley, Allen and Sanchez",marketingqualifiedlead,41,outbound,SmallBiz,Germany,2025-09-20 15:36:56,false,2026-04-01 06:30:00
HS-003973,elizabeth523973@example.com,Burns-Ray,lead,34,Content,Mid-Market,United Kingdom,2025-11-04 09:09:23,false,2026-04-01 06:30:00
HS-003974,danafoster3974@example.com,"Henderson, Cox and Cox",marketingqualifiedlead,68,Content,MM,United States,2025-12-05 15:04:43,false,2026-04-01 06:30:00
HS-003975,lindseysandra3975@example.com,Pearson and Sons,marketingqualifiedlead,66,Paid Ads,Small Business,Germany,2025-11-25 06:26:55,false,2026-04-01 06:30:00
HS-003976,harrisjoshua3976@example.com,"Bell, Campbell and Ryan",lead,9,inbound,SmallBiz,Australia,2026-03-29 13:42:33,false,2026-04-01 06:30:00
HS-003977,joel613977@example.com,"Harris, Collins and Carney",marketingqualifiedlead,63,Content Download,SmallBiz,Australia,2026-01-16 07:08:59,false,2026-04-01 06:30:00
HS-003978,daniel153978@example.com,Henry Group,marketingqualifiedlead,75,inbound,SmallBiz,United States,2026-03-09 18:00:21,false,2026-04-01 06:30:00
HS-003979,stephaniewiggins3979@example.com,"Ashley, Allen and Sanchez",lead,6,inbound,SMB,Germany,2025-09-06 19:35:27,false,2026-04-01 06:30:00
HS-003980,johnsonedward3980@example.com,Gonzales Inc,marketingqualifiedlead,54,Event,Small Business,United Kingdom,2025-12-02 08:17:20,false,2026-04-01 06:30:00
HS-003981,kimberlyblair3981@example.com,Burgess-Thompson,lead,29,IB,SmallBiz,United Kingdom,2026-02-12 08:38:48,false,2026-04-01 06:30:00
HS-003982,elizabeth143982@example.com,Pena LLC,marketingqualifiedlead,59,Cold Outreach,SmallBiz,United States,2025-11-15 22:19:55,false,2026-04-01 06:30:00
HS-003983,timothyvaldez3983@example.com,Goodwin Ltd,lead,10,Inbound,Small Business,Canada,2025-09-23 09:56:30,false,2026-04-01 06:30:00
HS-003984,brianmorrow3984@example.com,Medina-Navarro,marketingqualifiedlead,90,IB,MidMarket,United States,2026-01-30 15:38:00,false,2026-04-01 06:30:00
HS-003985,rayvictoria3985@example.com,"Robinson, Fox and Smith",lead,6,Content,SmallBiz,Germany,2025-11-16 15:38:24,false,2026-04-01 06:30:00
HS-003986,clarkbrittney3986@example.com,"Pollard, Simpson and Johnson",lead,15,Outbound,Small Business,United States,2025-11-20 03:49:46,false,2026-04-01 06:30:00
HS-003987,franklindarius3987@example.com,Johnson LLC,lead,23,inbound,smb,United States,2026-03-20 08:57:50,false,2026-04-01 06:30:00
HS-003988,jwilliams3988@example.com,Smith-Grimes,marketingqualifiedlead,83,Inbound,SmallBiz,United States,2026-02-23 05:11:32,false,2026-04-01 06:30:00
HS-003989,darrellmoore3989@example.com,Johnson-Carlson,lead,36,Channel,Mid Market,Germany,2025-12-13 06:03:33,false,2026-04-01 06:30:00
HS-003990,wortiz3990@example.com,Morales and Sons,marketingqualifiedlead,73,Content Download,SmallBiz,United Kingdom,2026-01-15 03:24:23,false,2026-04-01 06:30:00
HS-003991,brianobrien3991@example.com,Henderson-Bernard,marketingqualifiedlead,83,outbound,Small Business,United Kingdom,2025-11-04 09:49:00,false,2026-04-01 06:30:00
HS-003992,wilsonpatrick3992@example.com,Ferrell-Henry,lead,15,outbound,Strategic,Germany,2025-10-01 06:16:08,false,2026-04-01 06:30:00
HS-003993,andersonhenry3993@example.com,Osborn Group,marketingqualifiedlead,40,Referral,MM,Canada,2026-01-23 17:59:53,false,2026-04-01 06:30:00
HS-003994,williamsonanthony3994@example.com,"Terrell, Byrd and Ross",lead,14,Outbound,smb,Australia,2025-12-07 19:11:09,false,2026-04-01 06:30:00
HS-003995,jenniferstanley3995@example.com,Terry-Martinez,lead,6,IB,Enterprise,Germany,2025-09-25 02:08:07,false,2026-04-01 06:30:00
HS-003996,mrandolph3996@example.com,Fisher-Washington,marketingqualifiedlead,52,Outbound,enterprise,United Kingdom,2026-01-09 09:25:34,false,2026-04-01 06:30:00
HS-003997,benjaminarmstrong3997@example.com,Brooks Ltd,marketingqualifiedlead,81,inbound,SmallBiz,Canada,2025-09-19 21:46:25,false,2026-04-01 06:30:00
HS-003998,njames3998@example.com,Smith LLC,lead,21,Content Download,smb,Germany,2026-01-02 05:37:15,false,2026-04-01 06:30:00
HS-003999,guerrerostanley3999@example.com,Sullivan PLC,lead,23,Channel,SmallBiz,Germany,2026-03-25 05:17:55,false,2026-04-01 06:30:00
HS-004000,kimberly124000@example.com,Matthews Inc,marketingqualifiedlead,41,IB,smb,Canada,2025-12-26 10:46:47,false,2026-04-01 06:30:00
HS-004001,gregory144001@example.com,Bell-Bennett,lead,24,Content,Small Business,United States,2025-10-19 11:41:53,false,2026-04-01 06:30:00
HS-004002,clarkefelicia4002@example.com,Williams Inc,lead,11,Channel,MidMarket,Canada,2025-11-13 18:18:41,false,2026-04-01 06:30:00
HS-004003,sandraheath4003@example.com,Salas-Fitzgerald,marketingqualifiedlead,85,Referral,smb,Germany,2025-08-31 11:24:10,false,2026-04-01 06:30:00
HS-004004,tina294004@example.com,Edwards Group,marketingqualifiedlead,79,Event,MidMarket,United Kingdom,2025-12-20 20:38:31,false,2026-04-01 06:30:00
HS-004005,nicholas094005@example.com,"Avery, Horton and Fernandez",lead,28,Referral,MidMarket,Canada,2026-02-19 04:06:47,false,2026-04-01 06:30:00
HS-004006,jackierichardson4006@example.com,"Downs, Morris and Maddox",lead,12,Content,smb,United States,2025-11-27 02:30:46,false,2026-04-01 06:30:00
HS-004007,jennifer104007@example.com,"Chan, Floyd and Dillon",marketingqualifiedlead,69,Inbound,smb,Germany,2025-10-14 15:56:34,false,2026-04-01 06:30:00
HS-004008,jennifercarroll4008@example.com,"Fry, Myers and Gamble",marketingqualifiedlead,68,inbound,MM,Germany,2026-02-07 04:35:13,false,2026-04-01 06:30:00
HS-004009,david974009@example.com,Wagner LLC,marketingqualifiedlead,82,IB,Mid-Market,Australia,2025-12-14 14:43:56,false,2026-04-01 06:30:00
HS-004010,frankjeremy4010@example.com,Russell Group,marketingqualifiedlead,62,Paid Ads,Mid Market,United States,2026-02-06 16:09:58,false,2026-04-01 06:30:00
HS-004011,rwilson4011@example.com,Kim Inc,marketingqualifiedlead,83,outbound,MM,Canada,2026-02-24 05:56:37,false,2026-04-01 06:30:00
HS-004012,rodneyhoward4012@example.com,"Hall, Hinton and Phillips",lead,38,Paid Ads,SMB,Germany,2025-10-16 00:31:38,false,2026-04-01 06:30:00
HS-004013,amber644013@example.com,"Woods, Calhoun and Schmidt",lead,25,Channel,Mid-Market,Australia,2026-03-02 15:18:28,false,2026-04-01 06:30:00
HS-004014,jasonjohnson4014@example.com,Castaneda-Rodriguez,lead,6,Word of Mouth,SMB,United States,2026-03-27 00:13:40,false,2026-04-01 06:30:00
HS-004015,beasleykimberly4015@example.com,Marsh-Banks,lead,9,Outbound,SmallBiz,United States,2026-02-18 02:20:16,false,2026-04-01 06:30:00
HS-004016,thomastimothy4016@example.com,Henry Group,lead,13,Inbound,smb,United States,2025-12-03 10:52:48,false,2026-04-01 06:30:00
HS-004017,hendersonmichael4017@example.com,Wilson-Salazar,marketingqualifiedlead,69,Content,Small Business,Australia,2026-01-31 18:46:48,false,2026-04-01 06:30:00
HS-004018,timothygrant4018@example.com,Ford-Spencer,marketingqualifiedlead,71,Inbound,Small Business,United States,2025-12-06 02:49:21,false,2026-04-01 06:30:00
HS-004019,bruce994019@example.com,"Steele, Williams and Preston",marketingqualifiedlead,68,inbound,Small Business,United States,2025-12-17 13:10:18,false,2026-04-01 06:30:00
HS-004020,ramosjennifer4020@example.com,"Mcdonald, Lee and Rodriguez",marketingqualifiedlead,51,outbound,smb,Canada,2026-02-01 14:19:49,false,2026-04-01 06:30:00
HS-004021,reynoldsmichelle4021@example.com,Thompson-James,lead,38,Channel,SMB,Australia,2025-09-06 15:51:13,false,2026-04-01 06:30:00
HS-004022,gutierrezdavid4022@example.com,Hernandez-Jones,lead,34,inbound,Enterprise,Germany,2025-12-05 16:16:02,false,2026-04-01 06:30:00
HS-004023,amanda154023@example.com,Marsh-Banks,lead,8,Cold Outreach,Small Business,United States,2025-12-28 05:45:13,false,2026-04-01 06:30:00
HS-004024,jose204024@example.com,"Powers, Brennan and Sanchez",lead,19,Trade Show,SMB,Canada,2025-11-29 10:22:22,false,2026-04-01 06:30:00
HS-004025,jacquelinedelacruz4025@example.com,"Downs, Morris and Maddox",lead,34,Outbound,SMB,United States,2026-03-18 22:46:32,false,2026-04-01 06:30:00
HS-004026,wrightdavid4026@example.com,"Bell, Campbell and Ryan",marketingqualifiedlead,64,Content Download,SMB,Australia,2026-02-26 21:22:52,false,2026-04-01 06:30:00
HS-004027,rebecca674027@example.com,"Brown, Hayes and Clark",marketingqualifiedlead,51,IB,Small Business,Australia,2025-12-10 00:03:13,false,2026-04-01 06:30:00
HS-004028,yrichardson4028@example.com,Monroe-Carpenter,lead,11,Word of Mouth,Mid Market,United Kingdom,2025-11-12 08:20:03,false,2026-04-01 06:30:00
HS-004029,cindy574029@example.com,Wilcox-Robertson,marketingqualifiedlead,81,Paid,Small Business,United Kingdom,2025-12-04 07:12:33,false,2026-04-01 06:30:00
HS-004030,nathan624030@example.com,Faulkner-Casey,lead,39,Channel,SMB,Australia,2025-11-04 15:00:40,false,2026-04-01 06:30:00
HS-004031,johnskinner4031@example.com,"Powers, Brennan and Sanchez",marketingqualifiedlead,68,Word of Mouth,SMB,Canada,2025-09-10 14:01:51,false,2026-04-01 06:30:00
HS-004032,maryking4032@example.com,"Sparks, Jackson and Miller",marketingqualifiedlead,55,Partner,SmallBiz,Australia,2025-12-22 15:52:56,false,2026-04-01 06:30:00
HS-004033,csmith4033@example.com,Mccann-Ramos,marketingqualifiedlead,82,Content,Strategic,United States,2026-01-02 15:53:30,false,2026-04-01 06:30:00
HS-004034,hammondlaura4034@example.com,"Walsh, Wu and Hart",marketingqualifiedlead,54,Cold Outreach,Small Business,Germany,2025-12-31 22:35:45,false,2026-04-01 06:30:00
HS-004035,williamsanthony4035@example.com,"Owen, Walker and Franklin",marketingqualifiedlead,63,Partner,SmallBiz,United States,2026-02-17 20:16:57,false,2026-04-01 06:30:00
HS-004036,gspencer4036@example.com,Sheppard LLC,marketingqualifiedlead,82,inbound,Small Business,Canada,2026-03-07 11:22:50,false,2026-04-01 06:30:00
HS-004037,wross4037@example.com,Baker-Wilson,marketingqualifiedlead,41,Paid,MidMarket,United Kingdom,2026-02-22 08:35:27,false,2026-04-01 06:30:00
HS-004038,burnsrodney4038@example.com,Ward and Sons,marketingqualifiedlead,40,Referral,SmallBiz,United Kingdom,2026-02-14 20:03:42,false,2026-04-01 06:30:00
HS-004039,stephenszachary4039@example.com,Lynn-Jones,marketingqualifiedlead,62,Content Download,Enterprise,United Kingdom,2025-12-25 08:02:51,false,2026-04-01 06:30:00
HS-004040,seth294040@example.com,Gilbert PLC,lead,14,Inbound,Mid Market,Canada,2026-01-29 12:26:07,false,2026-04-01 06:30:00
HS-004041,oneilldaniel4041@example.com,Bean LLC,lead,34,Channel,MM,United States,2026-01-02 01:03:12,false,2026-04-01 06:30:00
HS-004042,janet714042@example.com,Martinez Inc,lead,31,Content Download,Small Business,United States,2025-10-20 09:27:28,false,2026-04-01 06:30:00
HS-004043,williamortiz4043@example.com,Johnson and Sons,lead,31,outbound,SmallBiz,United Kingdom,2026-01-28 03:25:56,false,2026-04-01 06:30:00
HS-004044,wrightsteven4044@example.com,"Yang, Wilson and Zimmerman",marketingqualifiedlead,86,Inbound,Small Business,Germany,2025-11-19 11:56:38,false,2026-04-01 06:30:00
HS-004045,martinnovak4045@example.com,"Mendoza, Jenkins and Ortiz",marketingqualifiedlead,63,Trade Show,Small Business,United Kingdom,2026-01-22 08:28:18,false,2026-04-01 06:30:00
HS-004046,michael844046@example.com,Robinson-Brock,lead,25,Trade Show,Mid-Market,Germany,2025-10-23 14:02:48,false,2026-04-01 06:30:00
HS-004047,zevans4047@example.com,Lyons-Bender,marketingqualifiedlead,75,Cold Outreach,smb,United Kingdom,2025-10-15 08:24:32,false,2026-04-01 06:30:00
HS-004048,tthompson4048@example.com,"Ochoa, Taylor and Brady",lead,37,Paid Ads,Mid Market,United Kingdom,2025-11-02 14:30:47,false,2026-04-01 06:30:00
HS-004049,angelcunningham4049@example.com,Figueroa-Malone,lead,5,Cold Outreach,Mid Market,Australia,2026-02-16 20:53:24,false,2026-04-01 06:30:00
HS-004050,michaelvillarreal4050@example.com,Santana-Byrd,marketingqualifiedlead,70,Cold Outreach,smb,Canada,2025-10-12 01:06:10,false,2026-04-01 06:30:00
HS-004051,sean694051@example.com,Young Ltd,lead,18,Inbound,SMB,Australia,2026-01-10 20:29:06,false,2026-04-01 06:30:00
HS-004052,tyler314052@example.com,Fernandez and Sons,marketingqualifiedlead,40,IB,Mid Market,Germany,2026-02-01 12:22:14,false,2026-04-01 06:30:00
HS-004053,cookyvonne4053@example.com,Mccarthy Inc,marketingqualifiedlead,88,inbound,smb,United States,2025-09-17 12:31:14,false,2026-04-01 06:30:00
HS-004054,catherinemoore4054@example.com,Cook and Sons,lead,39,Outbound,SmallBiz,Australia,2025-09-22 09:09:05,false,2026-04-01 06:30:00
HS-004055,bweeks4055@example.com,Reynolds Ltd,lead,23,outbound,SmallBiz,Germany,2026-02-17 01:01:27,false,2026-04-01 06:30:00
HS-004056,jkim4056@example.com,Williams PLC,lead,13,Outbound,Strategic,United Kingdom,2026-02-20 12:05:34,false,2026-04-01 06:30:00
HS-004057,gomezcaleb4057@example.com,"Walker, Hernandez and Baker",lead,26,Content,SMB,Canada,2025-12-17 18:34:29,false,2026-04-01 06:30:00
HS-004058,mariahlyons4058@example.com,Brown-Shaw,lead,25,Cold Outreach,SMB,United States,2025-11-16 09:39:37,false,2026-04-01 06:30:00
HS-004059,dsmith4059@example.com,Lewis Inc,lead,14,outbound,Mid Market,United Kingdom,2025-12-07 14:27:41,false,2026-04-01 06:30:00
HS-004060,richard614060@example.com,Lewis-Murphy,lead,20,Paid,SmallBiz,Canada,2025-12-29 05:08:24,false,2026-04-01 06:30:00
HS-004061,tammy904061@example.com,Thomas and Sons,marketingqualifiedlead,78,Paid Ads,Mid-Market,United Kingdom,2025-10-26 15:09:35,false,2026-04-01 06:30:00
HS-004062,popebrent4062@example.com,"Fry, Hobbs and Buck",marketingqualifiedlead,74,Channel,SmallBiz,United Kingdom,2026-01-17 08:19:36,false,2026-04-01 06:30:00
HS-004063,hestrada4063@example.com,Bruce-Williamson,marketingqualifiedlead,77,Trade Show,Strategic,United States,2025-11-06 16:33:48,false,2026-04-01 06:30:00
HS-004063D,hestrada4063@example.com,Bruce-Williamson,marketingqualifiedlead,77,Trade Show,Strategic,United States,2025-11-06 16:33:48,false,2026-04-01 06:30:00
HS-004064,benjamin494064@example.com,Smith-Bell,lead,24,outbound,smb,Australia,2025-12-16 16:17:31,false,2026-04-01 06:30:00
HS-004065,amydavid4065@example.com,Russell Group,lead,33,Channel,MM,United States,2026-03-20 20:36:29,false,2026-04-01 06:30:00
HS-004066,hooveranna4066@example.com,"Fuller, Ingram and Moss",marketingqualifiedlead,79,Referral,ENT,Canada,2025-12-15 14:29:12,false,2026-04-01 06:30:00
HS-004066D,hooveranna4066@example.com,"Fuller, Ingram and Moss",marketingqualifiedlead,79,Referral,ENT,Canada,2025-12-15 14:29:12,false,2026-04-01 06:30:00
HS-004067,audrey534067@example.com,Burns-Ray,lead,36,outbound,MM,United Kingdom,2026-03-23 12:23:13,false,2026-04-01 06:30:00
HS-004068,stewartgeorge4068@example.com,Morales Inc,lead,39,Cold Outreach,Small Business,United Kingdom,2025-11-06 08:28:46,false,2026-04-01 06:30:00
HS-004069,cheryl804069@example.com,Maldonado PLC,lead,26,inbound,Small Business,United Kingdom,2026-01-22 16:16:07,false,2026-04-01 06:30:00
HS-004070,deborah974070@example.com,Jackson-Meza,marketingqualifiedlead,63,Trade Show,SmallBiz,United Kingdom,2026-01-13 21:41:29,false,2026-04-01 06:30:00
HS-004071,hlogan4071@example.com,Burgess Group,marketingqualifiedlead,60,Inbound,SmallBiz,United States,2025-11-13 02:50:49,false,2026-04-01 06:30:00
HS-004072,pfowler4072@example.com,Sanders and Sons,marketingqualifiedlead,53,IB,SMB,Canada,2026-02-17 16:09:06,false,2026-04-01 06:30:00
HS-004072D,pfowler4072@example.com,Sanders and Sons,marketingqualifiedlead,53,IB,SMB,Canada,2026-02-17 16:09:06,false,2026-04-01 06:30:00
HS-004073,gonzalezbrittany4073@example.com,Ramirez-Stephenson,lead,34,Event,SMB,Australia,2025-12-09 00:13:21,false,2026-04-01 06:30:00
HS-004074,cervantespatrick4074@example.com,Watson Group,marketingqualifiedlead,64,PPC,Small Business,Canada,2026-03-16 10:57:18,false,2026-04-01 06:30:00
HS-004075,curtis614075@example.com,Rowe Group,lead,9,IB,smb,Canada,2025-11-04 17:35:57,false,2026-04-01 06:30:00
HS-004075D,curtis614075@example.com,Rowe Group,lead,9,IB,smb,Canada,2025-11-04 17:35:57,false,2026-04-01 06:30:00
HS-004076,javiermitchell4076@example.com,Smith-Grimes,lead,31,inbound,smb,United States,2025-09-10 06:51:41,false,2026-04-01 06:30:00
HS-004077,washingtonashley4077@example.com,Cunningham-Barton,marketingqualifiedlead,73,outbound,smb,Germany,2025-09-19 19:08:03,false,2026-04-01 06:30:00
HS-004078,jesusthompson4078@example.com,Higgins-Smith,lead,14,Referral,SmallBiz,Australia,2026-02-21 01:35:26,false,2026-04-01 06:30:00
HS-004079,samuel384079@example.com,"Harvey, Randall and Hernandez",marketingqualifiedlead,80,inbound,Mid Market,Australia,2025-12-13 23:14:03,false,2026-04-01 06:30:00
HS-004080,brandi194080@example.com,Owens-Lang,marketingqualifiedlead,53,Inbound,MM,Australia,2025-09-21 12:23:30,false,2026-04-01 06:30:00
HS-004081,eroman4081@example.com,Pena LLC,lead,39,Cold Outreach,SmallBiz,United States,2025-12-12 11:43:06,false,2026-04-01 06:30:00
HS-004082,frederick624082@example.com,Dougherty-Lin,lead,16,inbound,SmallBiz,Canada,2026-02-21 21:06:10,false,2026-04-01 06:30:00
HS-004083,lewisbrent4083@arcline.com,"Beard, Peters and Black",marketingqualifiedlead,54,Cold Outreach,MidMarket,United States,2025-11-21 09:24:36,true,2026-04-01 06:30:00
HS-004084,iweiss4084@example.com,"Miller, Murphy and Craig",marketingqualifiedlead,54,Referral,SmallBiz,Canada,2025-11-11 18:01:32,false,2026-04-01 06:30:00
HS-004085,danieljenkins4085@example.com,"Phillips, Spence and Barrett",lead,14,inbound,SmallBiz,United States,2025-12-24 03:05:23,false,2026-04-01 06:30:00
HS-004086,donnahopkins4086@example.com,"Ramirez, Strickland and Washington",lead,23,Trade Show,MidMarket,United Kingdom,2026-01-13 12:19:43,false,2026-04-01 06:30:00
HS-004087,cody814087@example.com,"Lopez, Jacobs and Mason",lead,19,IB,Strategic,Canada,2025-12-08 16:03:21,false,2026-04-01 06:30:00
HS-004088,mikemiles4088@example.com,Riggs PLC,marketingqualifiedlead,72,outbound,Small Business,United Kingdom,2026-02-18 19:31:03,false,2026-04-01 06:30:00
HS-004089,hlester4089@example.com,"Wood, Hunter and Peterson",lead,14,Word of Mouth,SMB,Australia,2026-02-12 07:37:55,false,2026-04-01 06:30:00
HS-004090,daughertysydney4090@example.com,"Fowler, Jimenez and Burton",marketingqualifiedlead,45,inbound,SMB,United States,2026-01-24 20:14:39,false,2026-04-01 06:30:00
HS-004091,sarah804091@example.com,"Lamb, Martin and Kim",lead,24,IB,MidMarket,Australia,2026-01-17 01:14:04,false,2026-04-01 06:30:00
HS-004092,wallersarah4092@example.com,"Levy, Franco and Hoffman",marketingqualifiedlead,65,Paid Ads,smb,United Kingdom,2026-02-25 02:42:52,false,2026-04-01 06:30:00
HS-004093,kevin224093@example.com,Jones PLC,marketingqualifiedlead,48,Trade Show,Mid-Market,Canada,2026-03-07 04:42:26,false,2026-04-01 06:30:00
HS-004094,hayesnicole4094@example.com,"Le, Lewis and Hayes",marketingqualifiedlead,83,Inbound,SmallBiz,Australia,2025-10-15 21:46:47,false,2026-04-01 06:30:00
HS-004095,alejandra394095@example.com,"Edwards, Rodgers and Davis",lead,12,IB,Mid Market,United Kingdom,2025-10-20 06:49:00,false,2026-04-01 06:30:00
HS-004096,xcompton4096@example.com,Marsh-Banks,marketingqualifiedlead,69,Word of Mouth,SMB,United States,2025-11-27 23:36:40,false,2026-04-01 06:30:00
HS-004097,irandolph4097@example.com,Donovan-Perez,marketingqualifiedlead,56,Trade Show,MidMarket,Germany,2026-01-01 07:38:18,false,2026-04-01 06:30:00
HS-004098,bryanjohnson4098@example.com,Turner-Stout,lead,19,outbound,Small Business,Australia,2025-10-25 01:28:05,false,2026-04-01 06:30:00
HS-004099,barnesluke4099@example.com,Shaw-Carr,marketingqualifiedlead,66,Content Download,Small Business,Germany,2026-02-12 00:36:28,false,2026-04-01 06:30:00
HS-004100,poolehector4100@example.com,Fisher-Washington,lead,23,Channel,ENT,United Kingdom,2026-01-03 13:22:21,false,2026-04-01 06:30:00
HS-004101,omarmiller4101@example.com,Byrd-Holloway,lead,19,Outbound,Mid-Market,Germany,2025-09-21 17:55:58,false,2026-04-01 06:30:00
HS-004102,pdavis4102@example.com,White-Morales,lead,26,outbound,Mid Market,Canada,2025-10-12 10:45:56,false,2026-04-01 06:30:00
HS-004103,villawilliam4103@example.com,Novak PLC,marketingqualifiedlead,88,Content,MM,United States,2025-11-26 19:23:10,false,2026-04-01 06:30:00
HS-004104,lcraig4104@example.com,Marquez-Fletcher,marketingqualifiedlead,51,outbound,MM,United Kingdom,2025-10-18 06:38:28,false,2026-04-01 06:30:00
HS-004105,lacey964105@arcline.com,Williams Ltd,lead,27,Channel,Strategic,Germany,2025-09-09 23:49:59,true,2026-04-01 06:30:00
HS-004106,stevengoodwin4106@example.com,Hoover-Campbell,lead,10,inbound,Mid Market,Canada,2026-01-11 19:31:23,false,2026-04-01 06:30:00
HS-004107,dbeck4107@example.com,Foster Inc,lead,14,Channel,Strategic,Australia,2026-02-20 08:41:47,false,2026-04-01 06:30:00
HS-004108,bradley534108@example.com,"Beltran, Lozano and Mcgee",marketingqualifiedlead,56,inbound,SmallBiz,Australia,2025-09-28 01:28:59,false,2026-04-01 06:30:00
HS-004109,greenkrystal4109@example.com,Anderson Group,lead,30,Word of Mouth,Mid Market,United Kingdom,2025-10-29 23:40:12,false,2026-04-01 06:30:00
HS-004110,brodriguez4110@example.com,Ford-Spencer,marketingqualifiedlead,56,Referral,SMB,United States,2026-01-13 18:52:18,false,2026-04-01 06:30:00
HS-004111,snyderandrea4111@example.com,"Turner, Schneider and Johnson",lead,18,Content Download,SMB,United States,2026-01-15 01:22:30,false,2026-04-01 06:30:00
HS-004112,gregorymitchell4112@example.com,"Flores, Butler and Hernandez",lead,18,Inbound,SMB,Germany,2025-11-19 23:15:52,false,2026-04-01 06:30:00
HS-004113,mathewbennett4113@example.com,Kelly-Norman,marketingqualifiedlead,73,Inbound,Small Business,Canada,2025-08-27 22:21:41,false,2026-04-01 06:30:00
HS-004114,maxwellsteve4114@example.com,"Brandt, Carter and Boyd",marketingqualifiedlead,90,Cold Outreach,SmallBiz,Australia,2025-09-30 20:39:32,false,2026-04-01 06:30:00
HS-004115,owhite4115@example.com,Ortiz Ltd,lead,8,Channel,Small Business,United Kingdom,2025-10-19 23:56:04,false,2026-04-01 06:30:00
HS-004116,dyersara4116@example.com,Mcgee-Smith,marketingqualifiedlead,89,Paid,Small Business,Germany,2025-10-09 17:55:18,false,2026-04-01 06:30:00
HS-004117,mary664117@example.com,Johnston and Sons,marketingqualifiedlead,55,PPC,Small Business,United Kingdom,2026-01-27 11:03:03,false,2026-04-01 06:30:00
HS-004118,jenniferwalls4118@example.com,Medina-Navarro,marketingqualifiedlead,85,inbound,Mid-Market,United States,2026-01-01 06:22:56,false,2026-04-01 06:30:00
HS-004119,cjohnson4119@example.com,Benton Group,marketingqualifiedlead,72,Content Download,Small Business,Germany,2025-12-26 18:43:32,false,2026-04-01 06:30:00
HS-004120,edward704120@example.com,Harvey-Allen,lead,26,Inbound,Mid Market,Canada,2026-03-30 13:15:01,false,2026-04-01 06:30:00
HS-004121,anngarcia4121@example.com,Hudson-Sanchez,lead,24,Trade Show,Small Business,Germany,2026-01-21 19:12:35,false,2026-04-01 06:30:00
HS-004121D,anngarcia4121@example.com,Hudson-Sanchez,lead,24,Trade Show,Small Business,Germany,2026-01-21 19:12:35,false,2026-04-01 06:30:00
HS-004122,ernestmahoney4122@example.com,"Andrade, Gordon and Cruz",lead,33,Content Download,Mid-Market,United States,2026-03-18 05:56:36,false,2026-04-01 06:30:00
HS-004123,margaretrussell4123@example.com,Williams-Berg,lead,32,Content Download,Small Business,United Kingdom,2025-10-10 18:16:57,false,2026-04-01 06:30:00
HS-004124,aaronponce4124@example.com,"Patel, Erickson and Evans",lead,37,Trade Show,Strategic,Canada,2026-02-08 04:31:04,false,2026-04-01 06:30:00
HS-004125,josephross4125@example.com,"Matthews, Harrington and Rodriguez",lead,27,Event,Small Business,Germany,2025-11-13 13:38:52,false,2026-04-01 06:30:00
HS-004126,christinabeard4126@example.com,"Brown, Hurst and Blevins",marketingqualifiedlead,53,Cold Outreach,MidMarket,United States,2025-10-31 05:38:47,false,2026-04-01 06:30:00
HS-004127,tracifoster4127@example.com,"Soto, Carlson and Baker",marketingqualifiedlead,82,Paid Ads,smb,United States,2025-10-13 10:10:34,false,2026-04-01 06:30:00
HS-004128,vickimullins4128@example.com,Gilbert PLC,marketingqualifiedlead,89,Cold Outreach,MM,Canada,2026-02-10 17:55:57,false,2026-04-01 06:30:00
HS-004129,eguzman4129@example.com,"Mcmillan, Fischer and Gonzalez",marketingqualifiedlead,77,Paid Ads,smb,Canada,2025-10-24 13:08:30,false,2026-04-01 06:30:00
HS-004130,ejohnson4130@example.com,Bryant Group,lead,23,Inbound,smb,Canada,2026-01-10 16:31:59,false,2026-04-01 06:30:00
HS-004131,evansjason4131@example.com,Hernandez-Jones,lead,33,PPC,Strategic,Germany,2025-10-04 22:07:34,false,2026-04-01 06:30:00
HS-004132,williskatherine4132@example.com,Russell Group,lead,26,Paid Ads,Mid Market,United States,2026-01-29 23:00:18,false,2026-04-01 06:30:00
HS-004133,michaelcampos4133@arcline.com,Lewis Ltd,lead,37,IB,enterprise,Australia,2026-01-10 01:06:50,true,2026-04-01 06:30:00
HS-004134,yolandamarks4134@example.com,"Mitchell, Nelson and Flores",marketingqualifiedlead,68,Cold Outreach,Strategic,United Kingdom,2025-08-30 16:57:06,false,2026-04-01 06:30:00
HS-004135,nrodriguez4135@example.com,"Kennedy, Johnson and Lucas",lead,24,Paid Ads,SmallBiz,Canada,2025-11-27 06:43:38,false,2026-04-01 06:30:00
HS-004136,acortez4136@example.com,Smith-Bell,marketingqualifiedlead,85,Outbound,smb,Australia,2025-10-07 12:57:36,false,2026-04-01 06:30:00
HS-004137,jacob304137@example.com,Flowers LLC,lead,21,IB,SMB,Australia,2026-01-14 08:07:14,false,2026-04-01 06:30:00
HS-004138,manuel814138@example.com,Davis Ltd,marketingqualifiedlead,66,Content,SmallBiz,United States,2025-10-14 03:40:05,false,2026-04-01 06:30:00
HS-004139,scook4139@example.com,Barnes Inc,marketingqualifiedlead,54,outbound,Enterprise,Canada,2026-01-28 22:52:42,false,2026-04-01 06:30:00
HS-004140,kentmichael4140@example.com,Miller Group,lead,20,Inbound,enterprise,United States,2026-02-22 11:30:32,false,2026-04-01 06:30:00
HS-004141,karen724141@example.com,Strickland-Shaw,lead,20,Trade Show,MM,Germany,2026-02-14 23:02:17,false,2026-04-01 06:30:00
HS-004142,david164142@example.com,Marquez-Fletcher,marketingqualifiedlead,73,Trade Show,MM,United Kingdom,2026-01-08 04:56:07,false,2026-04-01 06:30:00
HS-004143,debra344143@example.com,Johnson LLC,lead,23,Inbound,SmallBiz,United States,2026-03-14 20:57:28,false,2026-04-01 06:30:00
HS-004144,anthony964144@example.com,"Porter, Schultz and Allen",lead,39,Content Download,Mid Market,United Kingdom,2026-02-12 14:05:49,false,2026-04-01 06:30:00
HS-004145,ebruce4145@example.com,Chavez PLC,marketingqualifiedlead,62,Outbound,SMB,United Kingdom,2025-12-23 16:21:24,false,2026-04-01 06:30:00
HS-004146,vmosley4146@example.com,Lewis Ltd,marketingqualifiedlead,71,Partner,enterprise,Australia,2026-01-11 10:17:17,false,2026-04-01 06:30:00
HS-004147,bartondavid4147@example.com,Oconnor PLC,lead,21,Inbound,MM,Germany,2025-10-17 11:31:19,false,2026-04-01 06:30:00
HS-004148,brooke984148@example.com,Jones Inc,marketingqualifiedlead,66,Trade Show,ENT,United States,2025-11-18 06:40:14,false,2026-04-01 06:30:00
HS-004149,paynestephanie4149@example.com,Stafford Inc,marketingqualifiedlead,68,inbound,SmallBiz,Australia,2026-02-04 02:03:37,false,2026-04-01 06:30:00
HS-004150,clinesteven4150@example.com,"Webb, Romero and Morse",marketingqualifiedlead,83,Outbound,SMB,Australia,2025-09-12 18:39:49,false,2026-04-01 06:30:00
HS-004151,collinmiller4151@example.com,Smith PLC,lead,22,outbound,SMB,Canada,2025-11-30 02:18:56,false,2026-04-01 06:30:00
HS-004152,robert134152@example.com,Taylor and Sons,marketingqualifiedlead,88,Content Download,Small Business,Australia,2026-03-18 03:45:49,false,2026-04-01 06:30:00
HS-004153,cindy664153@example.com,Durham-Shaw,lead,15,Paid,Small Business,Germany,2025-11-22 14:15:36,false,2026-04-01 06:30:00
HS-004154,amy984154@example.com,Miller Group,marketingqualifiedlead,55,PPC,SmallBiz,Australia,2025-08-21 15:43:34,false,2026-04-01 06:30:00
HS-004155,hollyperkins4155@example.com,Patton-Jenkins,marketingqualifiedlead,53,Trade Show,SMB,United States,2025-12-12 20:39:34,false,2026-04-01 06:30:00
HS-004156,gcollins4156@example.com,"Wood, Hunter and Peterson",lead,25,Event,smb,Australia,2025-09-05 07:21:23,false,2026-04-01 06:30:00
HS-004157,sbradley4157@example.com,Gonzalez-Gonzalez,lead,8,Paid Ads,enterprise,United Kingdom,2025-10-12 23:21:50,false,2026-04-01 06:30:00
HS-004158,murphybrianna4158@example.com,Williams PLC,lead,10,Partner,SMB,Australia,2025-10-18 22:24:33,false,2026-04-01 06:30:00
HS-004159,linda014159@example.com,Underwood-Foster,marketingqualifiedlead,80,Content,smb,United States,2025-11-09 12:40:54,false,2026-04-01 06:30:00
HS-004160,austinjennifer4160@example.com,Bailey LLC,marketingqualifiedlead,87,Word of Mouth,Small Business,Canada,2025-10-09 12:56:30,false,2026-04-01 06:30:00
HS-004161,brianmcdaniel4161@example.com,Bailey-Cook,lead,27,Inbound,Mid Market,United States,2025-10-21 13:35:19,false,2026-04-01 06:30:00
HS-004162,pvang4162@example.com,"Hartman, Romero and Smith",marketingqualifiedlead,66,Referral,smb,Canada,2026-01-26 14:02:32,false,2026-04-01 06:30:00
HS-004163,csmall4163@example.com,Atkinson LLC,lead,38,Content Download,SMB,Canada,2026-03-16 01:41:11,false,2026-04-01 06:30:00
HS-004164,daniel714164@example.com,Baker and Sons,lead,13,Event,ENT,Australia,2025-12-09 02:08:26,false,2026-04-01 06:30:00
HS-004165,dvega4165@example.com,"Mcdonald, Lee and Rodriguez",lead,20,inbound,Small Business,Canada,2025-10-11 13:18:06,false,2026-04-01 06:30:00
HS-004166,marissamedina4166@example.com,Ware and Sons,marketingqualifiedlead,68,Content Download,SmallBiz,Germany,2025-12-10 19:05:11,false,2026-04-01 06:30:00
HS-004167,uclark4167@example.com,"Choi, Garcia and Farmer",marketingqualifiedlead,71,Word of Mouth,SmallBiz,United Kingdom,2026-01-29 07:45:10,false,2026-04-01 06:30:00
HS-004167D,uclark4167@example.com,"Choi, Garcia and Farmer",marketingqualifiedlead,71,Word of Mouth,SmallBiz,United Kingdom,2026-01-29 07:45:10,false,2026-04-01 06:30:00
HS-004168,robertfletcher4168@example.com,Moore and Sons,marketingqualifiedlead,47,inbound,MM,United States,2025-11-22 23:33:19,false,2026-04-01 06:30:00
HS-004169,craigriley4169@example.com,Perez-White,marketingqualifiedlead,45,PPC,SmallBiz,United Kingdom,2025-11-20 23:55:54,false,2026-04-01 06:30:00
HS-004170,nathan064170@example.com,Owens-Holmes,lead,20,inbound,SmallBiz,Germany,2025-11-13 01:11:05,false,2026-04-01 06:30:00
HS-004171,bsmith4171@arcline.com,"Estrada, Williams and Foster",marketingqualifiedlead,52,Outbound,SmallBiz,Australia,2025-10-18 21:15:29,true,2026-04-01 06:30:00
HS-004172,lindsay484172@example.com,Holmes-Mcintyre,lead,27,Cold Outreach,MidMarket,United States,2025-10-17 20:43:36,false,2026-04-01 06:30:00
HS-004173,harold464173@example.com,Bryant and Sons,lead,12,Inbound,MidMarket,United States,2025-12-25 03:56:38,false,2026-04-01 06:30:00
HS-004174,rfleming4174@example.com,Davis PLC,lead,21,inbound,Mid-Market,United States,2026-01-12 00:18:31,false,2026-04-01 06:30:00
HS-004175,areynolds4175@example.com,"Adams, Quinn and Watson",marketingqualifiedlead,75,Outbound,MidMarket,United Kingdom,2026-03-06 16:33:27,false,2026-04-01 06:30:00
HS-004176,murphyryan4176@example.com,Miller Inc,marketingqualifiedlead,83,outbound,SmallBiz,Germany,2025-10-02 12:50:04,false,2026-04-01 06:30:00
HS-004177,alexisgibbs4177@example.com,"Hill, Martinez and Rhodes",lead,14,PPC,SMB,United States,2026-03-05 11:41:03,false,2026-04-01 06:30:00
HS-004178,leroy574178@example.com,Faulkner-Casey,marketingqualifiedlead,59,Content Download,Small Business,Australia,2025-09-24 01:27:37,false,2026-04-01 06:30:00
HS-004179,bmorgan4179@example.com,"Yang, Wilson and Zimmerman",marketingqualifiedlead,71,PPC,SmallBiz,Germany,2026-02-24 01:11:57,false,2026-04-01 06:30:00
HS-004180,tpatton4180@example.com,Hawkins-Hunt,lead,30,Channel,SmallBiz,Canada,2026-01-20 23:47:31,false,2026-04-01 06:30:00
HS-004181,tami384181@example.com,Byrd-Holloway,marketingqualifiedlead,78,Content Download,Mid-Market,Germany,2026-01-16 04:32:16,false,2026-04-01 06:30:00
HS-004182,colemanjohn4182@example.com,"Fry, Hobbs and Buck",lead,29,outbound,smb,United Kingdom,2025-11-07 09:32:43,false,2026-04-01 06:30:00
HS-004183,jonathan664183@example.com,Phillips LLC,lead,22,Trade Show,SmallBiz,Australia,2025-09-12 18:58:45,false,2026-04-01 06:30:00
HS-004184,melissalopez4184@example.com,"Robinson, Jones and Henderson",lead,19,outbound,enterprise,Canada,2026-03-11 23:39:46,false,2026-04-01 06:30:00
HS-004185,srogers4185@example.com,Jones-Fox,lead,37,Event,smb,Germany,2025-11-18 02:43:26,false,2026-04-01 06:30:00
HS-004186,rodriguezcynthia4186@example.com,Morales Inc,lead,28,IB,Small Business,United Kingdom,2026-03-15 10:27:45,false,2026-04-01 06:30:00
HS-004187,jeremy004187@example.com,Smith LLC,marketingqualifiedlead,79,PPC,Mid Market,Australia,2025-12-15 11:00:19,false,2026-04-01 06:30:00
HS-004188,lmartin4188@example.com,"Monroe, Chapman and Barton",marketingqualifiedlead,74,Content,SmallBiz,Germany,2025-12-02 00:36:42,false,2026-04-01 06:30:00
HS-004189,thompsonkelly4189@example.com,Frank-Bradley,lead,15,inbound,smb,United Kingdom,2025-09-16 03:26:23,false,2026-04-01 06:30:00
HS-004190,epatterson4190@example.com,Morton-Chase,marketingqualifiedlead,76,Outbound,Small Business,United States,2025-11-15 11:03:10,false,2026-04-01 06:30:00
HS-004191,icollins4191@example.com,Smith-Gutierrez,lead,33,IB,SMB,Canada,2025-09-21 20:28:17,false,2026-04-01 06:30:00
HS-004192,christina604192@example.com,Tran Inc,marketingqualifiedlead,90,Inbound,Small Business,United States,2026-02-15 06:58:21,false,2026-04-01 06:30:00
HS-004193,millerjuan4193@example.com,"Austin, Day and Johnson",marketingqualifiedlead,61,IB,Mid-Market,Canada,2026-03-06 09:57:18,false,2026-04-01 06:30:00
HS-004194,davisrenee4194@example.com,Torres-Pope,lead,24,PPC,MidMarket,Germany,2025-10-19 13:54:51,false,2026-04-01 06:30:00
HS-004195,amanda864195@example.com,"Smith, Crawford and Reed",marketingqualifiedlead,46,inbound,SmallBiz,United Kingdom,2025-10-03 11:02:56,false,2026-04-01 06:30:00
HS-004196,smithrebecca4196@example.com,"Ramirez, Strickland and Washington",lead,13,IB,Mid Market,United Kingdom,2025-12-27 06:18:05,false,2026-04-01 06:30:00
HS-004197,rodriguezbrianna4197@example.com,Hickman Ltd,marketingqualifiedlead,59,Partner,SmallBiz,Canada,2025-10-14 18:16:25,false,2026-04-01 06:30:00
HS-004198,folson4198@example.com,"Lamb, Martin and Kim",lead,15,Cold Outreach,MM,Australia,2026-01-03 07:26:12,false,2026-04-01 06:30:00
HS-004199,jamesmiller4199@example.com,"Wood, Tran and Cooper",lead,13,Trade Show,SmallBiz,Australia,2025-09-03 02:34:43,false,2026-04-01 06:30:00
HS-004200,scott044200@example.com,Mcdowell-Smith,lead,26,Outbound,SmallBiz,Germany,2025-11-08 13:23:31,false,2026-04-01 06:30:00
HS-004201,ttaylor4201@arcline.com,Davis-Lewis,marketingqualifiedlead,74,IB,MidMarket,Australia,2025-09-12 01:18:14,true,2026-04-01 06:30:00
HS-004202,ksparks4202@example.com,Brown-Shaw,marketingqualifiedlead,74,Inbound,Small Business,United States,2026-01-17 22:52:29,false,2026-04-01 06:30:00
HS-004203,ujones4203@example.com,Williamson Ltd,lead,36,Cold Outreach,smb,Canada,2025-11-16 06:02:17,false,2026-04-01 06:30:00
HS-004203D,ujones4203@example.com,Williamson Ltd,lead,36,Cold Outreach,smb,Canada,2025-11-16 06:02:17,false,2026-04-01 06:30:00
HS-004204,calhounbrian4204@example.com,Jacobson Inc,lead,27,Content Download,Mid-Market,United States,2026-02-14 12:07:42,false,2026-04-01 06:30:00
HS-004205,jeremy754205@example.com,Weaver-Thompson,lead,28,Paid,SmallBiz,Canada,2025-12-13 20:37:15,false,2026-04-01 06:30:00
HS-004206,russellhorton4206@example.com,Smith-Grimes,marketingqualifiedlead,59,outbound,SmallBiz,United States,2025-09-09 21:03:23,false,2026-04-01 06:30:00
HS-004207,idelacruz4207@example.com,"Terrell, Byrd and Ross",marketingqualifiedlead,55,Paid Ads,SmallBiz,Australia,2025-11-08 09:34:50,false,2026-04-01 06:30:00
HS-004208,murraymichael4208@example.com,"Flores, Mckenzie and Duncan",marketingqualifiedlead,89,Content Download,Small Business,Germany,2025-09-22 15:01:29,false,2026-04-01 06:30:00
HS-004209,miguelbaker4209@example.com,Burgess-Thompson,marketingqualifiedlead,61,Cold Outreach,SMB,United Kingdom,2025-11-26 08:12:10,false,2026-04-01 06:30:00
HS-004210,kylemartinez4210@example.com,Mendoza Group,marketingqualifiedlead,81,Content Download,SmallBiz,United Kingdom,2025-10-11 14:22:16,false,2026-04-01 06:30:00
HS-004211,wesleyjohns4211@example.com,"Davis, Rodriguez and Andrews",marketingqualifiedlead,77,IB,SmallBiz,Canada,2025-12-21 20:12:31,false,2026-04-01 06:30:00
HS-004212,laura404212@example.com,Miller-Montgomery,marketingqualifiedlead,75,inbound,Small Business,United States,2026-03-13 03:20:27,false,2026-04-01 06:30:00
HS-004213,loweruben4213@example.com,Yu-Brooks,lead,33,Inbound,Mid Market,United Kingdom,2025-10-01 02:31:37,false,2026-04-01 06:30:00
HS-004214,denise474214@example.com,"Daniels, Vance and York",lead,27,Trade Show,SMB,Australia,2025-10-25 05:13:16,false,2026-04-01 06:30:00
HS-004215,jodi314215@example.com,"Saunders, Ray and Cunningham",marketingqualifiedlead,67,Cold Outreach,MM,Australia,2026-02-14 05:31:17,false,2026-04-01 06:30:00
HS-004216,taylorjames4216@example.com,Chambers-Parker,marketingqualifiedlead,49,Paid,Small Business,Australia,2026-01-07 07:49:46,false,2026-04-01 06:30:00
HS-004217,imitchell4217@example.com,Newton and Sons,marketingqualifiedlead,58,Inbound,SMB,United Kingdom,2025-11-10 15:10:48,false,2026-04-01 06:30:00
HS-004218,nfleming4218@example.com,Jones Inc,marketingqualifiedlead,42,IB,smb,United Kingdom,2025-10-13 21:02:56,false,2026-04-01 06:30:00
HS-004219,hayesrachel4219@example.com,Lopez-Reid,marketingqualifiedlead,44,inbound,smb,United Kingdom,2025-12-09 11:44:26,false,2026-04-01 06:30:00
HS-004220,pduran4220@example.com,Anderson Group,marketingqualifiedlead,90,Inbound,Mid Market,Australia,2026-03-13 20:18:13,false,2026-04-01 06:30:00
HS-004221,deanna274221@example.com,Bush-Vaughn,marketingqualifiedlead,62,Channel,smb,United Kingdom,2025-12-18 15:17:58,false,2026-04-01 06:30:00
HS-004222,anthonydillon4222@example.com,"Rodriguez, Allen and Martinez",lead,21,Channel,Small Business,Germany,2026-01-26 21:19:10,false,2026-04-01 06:30:00
HS-004223,ecohen4223@example.com,Collins Group,marketingqualifiedlead,86,Cold Outreach,SmallBiz,United States,2025-09-08 12:16:33,false,2026-04-01 06:30:00
HS-004224,agomez4224@example.com,"Sanchez, Wheeler and Harvey",lead,10,Content,ENT,Australia,2026-02-24 18:50:07,false,2026-04-01 06:30:00
HS-004225,soliscarlos4225@example.com,"Morrison, Hebert and Rogers",lead,23,IB,Mid Market,Australia,2025-10-03 06:26:00,false,2026-04-01 06:30:00
HS-004226,crivers4226@example.com,"Tran, Jordan and Williams",lead,32,IB,MM,Canada,2025-11-30 21:10:13,false,2026-04-01 06:30:00
HS-004227,mark304227@example.com,Young-Walter,marketingqualifiedlead,65,Inbound,SMB,Australia,2025-12-05 17:05:17,false,2026-04-01 06:30:00
HS-004228,ylynch4228@example.com,"Wheeler, Rice and Levine",lead,9,Trade Show,SMB,Canada,2025-12-30 12:06:42,false,2026-04-01 06:30:00
HS-004228D,ylynch4228@example.com,"Wheeler, Rice and Levine",lead,9,Trade Show,SMB,Canada,2025-12-30 12:06:42,false,2026-04-01 06:30:00
HS-004229,markgardner4229@example.com,Atkins PLC,marketingqualifiedlead,80,Inbound,Small Business,United Kingdom,2026-01-17 22:08:31,false,2026-04-01 06:30:00
HS-004230,josephenglish4230@example.com,Tran Group,lead,7,Paid Ads,Mid-Market,United States,2026-01-04 14:39:15,false,2026-04-01 06:30:00
HS-004231,melanie404231@example.com,"Ashley, Nielsen and Sellers",marketingqualifiedlead,66,Outbound,SmallBiz,Australia,2026-02-19 23:36:56,false,2026-04-01 06:30:00
HS-004232,hodgemichelle4232@example.com,"Edwards, Rodgers and Davis",marketingqualifiedlead,62,Partner,MM,United Kingdom,2025-12-28 23:09:34,false,2026-04-01 06:30:00
HS-004233,robertsonjennifer4233@example.com,Stewart-Bailey,lead,23,Trade Show,smb,Australia,2025-09-24 08:13:23,false,2026-04-01 06:30:00
HS-004234,galexander4234@example.com,Davis LLC,marketingqualifiedlead,74,outbound,SMB,Australia,2025-11-23 11:25:07,false,2026-04-01 06:30:00
HS-004235,willie164235@example.com,Hernandez Inc,lead,13,inbound,Mid-Market,United Kingdom,2026-01-22 15:14:38,false,2026-04-01 06:30:00
HS-004236,vanessa444236@example.com,"Carrillo, Vaughn and Fowler",lead,5,Paid,SMB,United Kingdom,2025-12-13 19:45:35,false,2026-04-01 06:30:00
HS-004237,sabrina544237@example.com,Alvarez-Kim,marketingqualifiedlead,87,Referral,smb,Germany,2026-02-25 17:29:12,false,2026-04-01 06:30:00
HS-004238,ronald834238@example.com,Wilson-Jones,lead,37,IB,Small Business,Canada,2025-09-20 13:32:33,false,2026-04-01 06:30:00
HS-004239,haley794239@example.com,"Kennedy, Johnson and Lucas",lead,28,Cold Outreach,smb,Canada,2025-09-03 05:16:22,false,2026-04-01 06:30:00
HS-004240,shannonmueller4240@example.com,Castaneda-Ashley,lead,6,Cold Outreach,smb,United Kingdom,2026-03-08 20:35:54,false,2026-04-01 06:30:00
HS-004241,smithgina4241@example.com,"Ashley, Allen and Sanchez",lead,34,Cold Outreach,SMB,Germany,2026-01-02 17:41:14,false,2026-04-01 06:30:00
HS-004242,john914242@example.com,Baker-Wilson,lead,16,Cold Outreach,MM,United Kingdom,2026-02-23 04:12:59,false,2026-04-01 06:30:00
HS-004243,amandahorne4243@example.com,Mcgee-Smith,lead,31,Word of Mouth,smb,Germany,2026-02-06 18:02:05,false,2026-04-01 06:30:00
HS-004244,morgan694244@example.com,"Jones, Compton and Day",lead,37,Content,SmallBiz,Canada,2025-11-13 09:25:50,false,2026-04-01 06:30:00
HS-004245,hmcneil4245@example.com,Harris-Walters,marketingqualifiedlead,86,Trade Show,Small Business,Australia,2026-02-09 14:10:20,false,2026-04-01 06:30:00
HS-004246,nicoleduran4246@example.com,"Sanford, Rivera and Garcia",marketingqualifiedlead,81,Cold Outreach,SMB,United States,2025-09-30 15:38:31,false,2026-04-01 06:30:00
HS-004247,torrestricia4247@example.com,"Hoffman, Santiago and Jenkins",marketingqualifiedlead,83,Content,SmallBiz,Canada,2026-03-18 13:45:01,false,2026-04-01 06:30:00
HS-004248,iriley4248@example.com,"Williams, Castillo and Warren",lead,14,Cold Outreach,SMB,Canada,2025-09-01 21:02:32,false,2026-04-01 06:30:00
HS-004249,cgarcia4249@example.com,Fernandez and Sons,marketingqualifiedlead,89,Outbound,MidMarket,Germany,2025-09-23 15:41:36,false,2026-04-01 06:30:00
HS-004250,jonhall4250@example.com,Taylor and Sons,lead,16,outbound,Mid-Market,Australia,2025-09-07 04:27:38,false,2026-04-01 06:30:00
HS-004251,hensleyvalerie4251@example.com,Ford-Spencer,lead,8,inbound,SMB,United States,2025-12-03 04:26:05,false,2026-04-01 06:30:00
HS-004252,lpage4252@example.com,"Hartman, Romero and Smith",marketingqualifiedlead,73,Inbound,smb,Canada,2026-03-11 19:35:39,false,2026-04-01 06:30:00
HS-004253,david384253@example.com,Daugherty Ltd,lead,26,inbound,Mid Market,United Kingdom,2025-12-13 00:06:53,false,2026-04-01 06:30:00
HS-004254,brittanymartin4254@example.com,Willis and Sons,marketingqualifiedlead,67,Content Download,smb,Canada,2025-10-24 21:34:02,false,2026-04-01 06:30:00
HS-004255,johnsparks4255@example.com,Miller Ltd,lead,6,Content,MM,Germany,2026-03-18 16:06:01,false,2026-04-01 06:30:00
HS-004256,theresagalloway4256@example.com,"Walker, Cunningham and Zuniga",lead,35,Trade Show,SMB,Canada,2026-01-29 17:50:36,false,2026-04-01 06:30:00
HS-004257,kjohnson4257@example.com,Mckinney-Wallace,lead,22,IB,SmallBiz,Germany,2025-10-02 03:27:57,false,2026-04-01 06:30:00
HS-004258,tonyaholmes4258@example.com,May Ltd,marketingqualifiedlead,44,Trade Show,smb,Canada,2025-10-24 10:05:33,false,2026-04-01 06:30:00
HS-004259,josephangela4259@example.com,"Morales, Thomas and Schultz",lead,9,Event,SmallBiz,Australia,2026-02-03 23:14:47,false,2026-04-01 06:30:00
HS-004260,garymartinez4260@example.com,Mayo Ltd,lead,35,Inbound,Small Business,Australia,2026-01-04 05:26:05,false,2026-04-01 06:30:00
HS-004261,smithjerry4261@example.com,Tran-Silva,marketingqualifiedlead,72,Content Download,smb,United States,2025-10-08 13:13:35,false,2026-04-01 06:30:00
HS-004262,smithheather4262@example.com,Boone-Simmons,lead,35,Cold Outreach,MM,Canada,2025-10-15 08:55:00,false,2026-04-01 06:30:00
HS-004263,ymurray4263@example.com,May-Turner,marketingqualifiedlead,67,outbound,SMB,Germany,2025-10-10 17:24:37,false,2026-04-01 06:30:00
HS-004264,williamsanthony4264@example.com,Thompson-Joyce,lead,26,Inbound,smb,Germany,2025-12-01 08:38:47,false,2026-04-01 06:30:00
HS-004265,hespinoza4265@example.com,Haynes-Watson,lead,12,Channel,smb,Germany,2025-12-12 07:19:01,false,2026-04-01 06:30:00
HS-004266,kelleylisa4266@example.com,"Thomas, Murray and King",marketingqualifiedlead,69,Content Download,Small Business,Canada,2025-11-24 08:41:41,false,2026-04-01 06:30:00
HS-004267,nathanrobles4267@example.com,"Stanley, Tucker and Lee",lead,22,Paid,MM,Canada,2025-10-18 07:23:27,false,2026-04-01 06:30:00
HS-004268,bryan384268@example.com,Diaz and Sons,lead,11,Content Download,Small Business,Germany,2025-12-26 14:47:00,false,2026-04-01 06:30:00
HS-004269,sarah314269@example.com,"Chavez, Jones and Williams",marketingqualifiedlead,75,Inbound,Small Business,United Kingdom,2025-09-16 12:42:09,false,2026-04-01 06:30:00
HS-004270,hartmanjoshua4270@example.com,Patton-Jenkins,marketingqualifiedlead,74,Paid,Small Business,United States,2026-02-11 07:00:34,false,2026-04-01 06:30:00
HS-004271,jamesparker4271@example.com,Owens-Holmes,marketingqualifiedlead,68,Paid Ads,smb,Germany,2026-01-11 08:46:36,false,2026-04-01 06:30:00
HS-004272,marilyn104272@example.com,"Arnold, Cooper and Monroe",lead,8,IB,smb,Canada,2026-02-07 05:37:06,false,2026-04-01 06:30:00
HS-004273,gonzalezkendra4273@example.com,Taylor PLC,lead,25,Trade Show,SMB,United Kingdom,2025-11-26 10:54:23,false,2026-04-01 06:30:00
HS-004274,bryantkaren4274@example.com,Carter LLC,marketingqualifiedlead,64,Paid,Small Business,United States,2025-12-18 06:51:16,false,2026-04-01 06:30:00
HS-004275,adamroth4275@example.com,Mendez-Mayer,lead,19,Paid Ads,Mid Market,United Kingdom,2025-09-22 05:13:37,false,2026-04-01 06:30:00
HS-004276,sherry964276@example.com,Bailey-Cook,marketingqualifiedlead,65,Content,MidMarket,United States,2025-12-16 18:43:31,false,2026-04-01 06:30:00
HS-004277,vflowers4277@example.com,Stevens PLC,lead,37,Event,Small Business,Australia,2026-02-12 00:58:34,false,2026-04-01 06:30:00
HS-004278,leachbrandon4278@example.com,Adkins LLC,marketingqualifiedlead,58,inbound,smb,Australia,2025-11-25 11:01:09,false,2026-04-01 06:30:00
HS-004279,qcompton4279@example.com,"Sullivan, Palmer and Brady",lead,23,Channel,Small Business,Canada,2025-11-11 03:19:39,false,2026-04-01 06:30:00
HS-004280,fhenderson4280@example.com,Goodwin-Stokes,lead,39,Partner,ENT,United States,2026-01-25 21:15:58,false,2026-04-01 06:30:00
HS-004281,smithdeborah4281@example.com,Marshall-Elliott,lead,6,Cold Outreach,MidMarket,Australia,2026-01-03 01:28:22,false,2026-04-01 06:30:00
HS-004282,kerry114282@example.com,Lopez Group,marketingqualifiedlead,52,outbound,Small Business,United States,2026-01-29 00:58:33,false,2026-04-01 06:30:00
HS-004283,valeriesmith4283@example.com,Davis PLC,marketingqualifiedlead,40,inbound,MidMarket,United States,2025-10-14 07:20:18,false,2026-04-01 06:30:00
HS-004284,gweaver4284@example.com,Guerra Ltd,marketingqualifiedlead,87,Content Download,Mid-Market,United States,2026-02-10 01:24:47,false,2026-04-01 06:30:00
HS-004285,lmendez4285@example.com,Mcneil Group,lead,23,Paid Ads,SmallBiz,United Kingdom,2025-10-14 18:41:58,false,2026-04-01 06:30:00
HS-004286,kelsey704286@example.com,Davis Inc,marketingqualifiedlead,76,Paid,SMB,Canada,2026-03-20 16:47:24,false,2026-04-01 06:30:00
HS-004287,richardsonanna4287@example.com,Wilkerson-Arias,marketingqualifiedlead,54,inbound,MM,United Kingdom,2026-01-21 13:17:04,false,2026-04-01 06:30:00
HS-004288,russellkelley4288@example.com,Rodriguez and Sons,lead,21,Inbound,Small Business,Canada,2025-10-25 12:10:07,false,2026-04-01 06:30:00
HS-004289,angela684289@example.com,Martin Group,marketingqualifiedlead,80,Content,Small Business,United States,2026-03-17 06:40:00,false,2026-04-01 06:30:00
HS-004290,mmoore4290@example.com,Sutton-Abbott,lead,7,inbound,SmallBiz,Australia,2025-11-22 07:00:13,false,2026-04-01 06:30:00
HS-004291,hglover4291@example.com,"Brown, Mcknight and Michael",lead,5,inbound,SmallBiz,Canada,2025-12-16 04:04:54,false,2026-04-01 06:30:00
HS-004292,ambergrant4292@example.com,"Butler, Beck and Miller",marketingqualifiedlead,65,Cold Outreach,SmallBiz,Australia,2025-12-23 16:35:31,false,2026-04-01 06:30:00
HS-004293,kennedywanda4293@example.com,White-Lewis,lead,26,Inbound,Strategic,United Kingdom,2026-03-17 12:09:13,false,2026-04-01 06:30:00
HS-004294,eharrington4294@example.com,White-Morales,marketingqualifiedlead,50,IB,MidMarket,Canada,2025-10-05 23:26:06,false,2026-04-01 06:30:00
HS-004295,anthony964295@example.com,"Wagner, Simpson and Cohen",lead,29,inbound,Mid-Market,United Kingdom,2025-10-22 02:48:54,false,2026-04-01 06:30:00
HS-004296,michaelanthony4296@example.com,"Huber, Hill and Weber",lead,5,Referral,Small Business,Germany,2025-11-03 12:18:58,false,2026-04-01 06:30:00
HS-004297,bmosley4297@example.com,Williams-Li,lead,35,Outbound,smb,Canada,2026-03-28 07:05:03,false,2026-04-01 06:30:00
HS-004298,davidharding4298@example.com,Parks-Pace,marketingqualifiedlead,82,Outbound,SMB,Australia,2025-10-10 16:13:29,false,2026-04-01 06:30:00
HS-004299,ryanmiles4299@example.com,Davis and Sons,marketingqualifiedlead,86,inbound,Small Business,Germany,2026-02-25 20:18:13,false,2026-04-01 06:30:00
HS-004300,shawn894300@example.com,"Brown, Romero and Collins",marketingqualifiedlead,89,outbound,ENT,Australia,2025-11-26 14:12:27,false,2026-04-01 06:30:00
HS-004301,omarturner4301@example.com,Garcia and Sons,lead,24,Outbound,SMB,Canada,2025-11-22 06:26:47,false,2026-04-01 06:30:00
HS-004302,tranadam4302@example.com,Welch-Thompson,marketingqualifiedlead,60,Inbound,enterprise,Germany,2025-10-22 12:58:59,false,2026-04-01 06:30:00
HS-004303,sarah174303@example.com,"Bartlett, Brown and Martinez",marketingqualifiedlead,80,Content,SMB,United Kingdom,2025-12-14 10:53:22,false,2026-04-01 06:30:00
HS-004304,matthew514304@example.com,Tran Inc,marketingqualifiedlead,56,PPC,Small Business,United States,2025-11-20 02:16:10,false,2026-04-01 06:30:00
HS-004305,stucker4305@example.com,Tran Group,marketingqualifiedlead,70,inbound,Mid Market,United States,2026-02-03 12:27:24,false,2026-04-01 06:30:00
HS-004306,lambertdevin4306@example.com,Thomas and Sons,lead,23,Outbound,MM,United Kingdom,2026-02-08 20:21:16,false,2026-04-01 06:30:00
HS-004307,paul214307@example.com,Williams Inc,lead,17,Event,Mid Market,Australia,2025-12-10 22:52:08,false,2026-04-01 06:30:00
HS-004308,weaverlaura4308@example.com,Rivera and Sons,lead,22,Outbound,smb,Australia,2025-09-01 02:18:17,false,2026-04-01 06:30:00
HS-004309,juanfranklin4309@example.com,Dunn-Wilson,marketingqualifiedlead,48,Paid,Mid Market,United States,2026-02-23 23:40:56,false,2026-04-01 06:30:00
HS-004310,bcase4310@example.com,Kerr-Evans,lead,25,Event,SMB,United States,2026-03-26 10:51:03,false,2026-04-01 06:30:00
HS-004311,gregory294311@example.com,Williams-Moses,lead,23,Content,MM,Canada,2026-01-28 05:00:48,false,2026-04-01 06:30:00
HS-004312,lcook4312@example.com,"Proctor, Burton and Crawford",marketingqualifiedlead,40,outbound,ENT,Canada,2025-09-05 19:53:53,false,2026-04-01 06:30:00
HS-004313,colelisa4313@example.com,Lewis-Murphy,marketingqualifiedlead,74,outbound,smb,Canada,2025-12-04 09:39:23,false,2026-04-01 06:30:00
HS-004314,jennifer544314@example.com,"Robinson, Shields and Brown",lead,34,IB,SMB,Canada,2025-09-27 04:35:27,false,2026-04-01 06:30:00
HS-004315,danielspencer4315@example.com,Moore-Bass,lead,33,Channel,SMB,Australia,2025-12-28 20:48:04,false,2026-04-01 06:30:00
HS-004316,nathan054316@example.com,"Estrada, Williams and Foster",marketingqualifiedlead,54,Inbound,SMB,Australia,2025-12-02 00:03:16,false,2026-04-01 06:30:00
HS-004317,ichan4317@example.com,Johnson-Doyle,marketingqualifiedlead,55,Trade Show,smb,Canada,2025-10-10 12:35:32,false,2026-04-01 06:30:00
HS-004318,kirkdonald4318@example.com,Gonzalez-Taylor,lead,33,Paid Ads,SMB,United Kingdom,2025-11-16 09:40:03,false,2026-04-01 06:30:00
HS-004319,tyler094319@example.com,Cole Group,lead,9,outbound,Enterprise,United Kingdom,2026-03-18 00:24:20,false,2026-04-01 06:30:00
HS-004320,hurleybrandon4320@example.com,Ruiz Ltd,marketingqualifiedlead,76,IB,Mid-Market,United States,2025-12-17 03:25:02,false,2026-04-01 06:30:00
HS-004321,trobinson4321@example.com,Waller-Chavez,lead,6,Outbound,Mid Market,Australia,2025-10-19 03:12:57,false,2026-04-01 06:30:00
HS-004322,robert074322@example.com,Goodwin PLC,lead,18,PPC,enterprise,Canada,2025-12-01 23:41:21,false,2026-04-01 06:30:00
HS-004323,jasontaylor4323@example.com,Jackson-Cortez,lead,38,Channel,SMB,Canada,2026-01-28 20:02:59,false,2026-04-01 06:30:00
HS-004324,gbraun4324@example.com,Lee-Cooke,lead,15,Event,SMB,United Kingdom,2025-12-15 02:12:49,false,2026-04-01 06:30:00
HS-004325,samanthacarr4325@example.com,"Bentley, Lynch and Henderson",lead,28,Content Download,Mid-Market,United States,2025-12-18 09:14:33,false,2026-04-01 06:30:00
HS-004326,adam174326@example.com,Hernandez-Davis,marketingqualifiedlead,65,IB,Small Business,United States,2026-02-07 14:17:05,false,2026-04-01 06:30:00
HS-004327,eugenegreen4327@example.com,"Walker, Hernandez and Baker",marketingqualifiedlead,89,Event,smb,Canada,2025-10-17 04:50:41,false,2026-04-01 06:30:00
HS-004328,iallen4328@example.com,Castro-Harvey,lead,39,Paid Ads,smb,United States,2026-03-11 10:35:43,false,2026-04-01 06:30:00
HS-004329,ijones4329@example.com,Mendez Ltd,marketingqualifiedlead,70,Channel,Mid Market,Canada,2025-11-29 07:17:38,false,2026-04-01 06:30:00
HS-004330,adam104330@example.com,Diaz-Ball,marketingqualifiedlead,82,Event,Mid Market,Germany,2026-01-28 10:09:18,false,2026-04-01 06:30:00
HS-004331,sherry014331@example.com,Jackson-Wallace,marketingqualifiedlead,44,IB,MM,Germany,2025-11-02 03:13:24,false,2026-04-01 06:30:00
HS-004332,andrewstheresa4332@example.com,Davis LLC,marketingqualifiedlead,57,Inbound,smb,Australia,2025-11-19 20:07:31,false,2026-04-01 06:30:00
HS-004333,meganblackwell4333@example.com,Stafford Inc,lead,10,Outbound,smb,Australia,2025-09-08 12:38:18,false,2026-04-01 06:30:00
HS-004334,zavaladiane4334@example.com,Crosby-Ramirez,marketingqualifiedlead,68,inbound,enterprise,Australia,2026-03-10 09:57:27,false,2026-04-01 06:30:00
HS-004335,jacob104335@example.com,Walker LLC,lead,10,Inbound,SMB,Germany,2025-09-18 07:24:13,false,2026-04-01 06:30:00
HS-004336,jeremy704336@example.com,Smith-Bell,lead,31,PPC,smb,Australia,2026-02-01 00:47:07,false,2026-04-01 06:30:00
HS-004337,jamesjohnson4337@example.com,Dean-Jimenez,marketingqualifiedlead,69,Outbound,SMB,Australia,2025-10-12 13:12:00,false,2026-04-01 06:30:00
HS-004338,pachecobrittney4338@example.com,"Walsh, Wu and Hart",lead,25,Cold Outreach,SMB,Germany,2026-02-19 20:59:50,false,2026-04-01 06:30:00
HS-004339,smithtimothy4339@example.com,White-Lewis,lead,34,outbound,Strategic,United Kingdom,2026-01-23 21:10:28,false,2026-04-01 06:30:00
HS-004340,wileyaudrey4340@example.com,"Carter, Garcia and Murphy",lead,16,Content Download,Mid-Market,United States,2026-01-11 14:30:48,false,2026-04-01 06:30:00
HS-004341,anna544341@example.com,Stevens PLC,marketingqualifiedlead,40,Outbound,Small Business,Australia,2026-01-22 12:01:21,false,2026-04-01 06:30:00
HS-004342,lisathomas4342@example.com,"Morrison, Hebert and Rogers",marketingqualifiedlead,86,inbound,MM,Australia,2025-11-09 01:53:36,false,2026-04-01 06:30:00
HS-004343,jgutierrez4343@example.com,"Mcmillan, Fischer and Gonzalez",lead,22,inbound,Small Business,Canada,2026-02-16 11:10:15,false,2026-04-01 06:30:00
HS-004344,michellejenkins4344@example.com,Moon-White,lead,9,Cold Outreach,MidMarket,Australia,2026-03-12 19:20:43,false,2026-04-01 06:30:00
HS-004345,brookeramirez4345@example.com,"Gray, Hall and Murray",marketingqualifiedlead,58,Referral,Mid-Market,Australia,2025-08-19 14:09:22,false,2026-04-01 06:30:00
HS-004346,amiranda4346@example.com,"Daniels, Vance and York",marketingqualifiedlead,59,Trade Show,SMB,Australia,2026-01-16 01:56:21,false,2026-04-01 06:30:00
HS-004347,chunglaura4347@example.com,Ferrell-Henry,lead,22,Outbound,Enterprise,Germany,2026-03-07 02:44:49,false,2026-04-01 06:30:00
HS-004348,tiffanyharris4348@example.com,Benton Group,marketingqualifiedlead,85,Content Download,SMB,Germany,2025-10-31 03:35:40,false,2026-04-01 06:30:00
HS-004349,lisa134349@example.com,Campbell-Clark,marketingqualifiedlead,72,outbound,smb,Germany,2026-03-08 21:14:56,false,2026-04-01 06:30:00
HS-004350,johnsonmartin4350@example.com,Perez Ltd,marketingqualifiedlead,51,Outbound,SmallBiz,Canada,2025-10-19 00:02:49,false,2026-04-01 06:30:00
HS-004351,michaelhoffman4351@example.com,Ross LLC,lead,33,inbound,SMB,Canada,2025-11-11 13:28:59,false,2026-04-01 06:30:00
HS-004352,lwalker4352@example.com,"Davis, Stanley and Wright",lead,25,Inbound,Mid-Market,Canada,2025-09-11 20:35:07,false,2026-04-01 06:30:00
HS-004353,mcdonaldkenneth4353@example.com,Parsons-Hall,marketingqualifiedlead,77,Inbound,MM,Germany,2026-01-28 07:03:23,false,2026-04-01 06:30:00
HS-004354,samuel834354@example.com,Duran LLC,lead,36,Content,SmallBiz,Germany,2025-11-20 03:47:02,false,2026-04-01 06:30:00
HS-004355,monica264355@example.com,"Powers, Clements and Cox",lead,29,Inbound,SmallBiz,Canada,2025-09-13 20:54:20,false,2026-04-01 06:30:00
HS-004356,sullivanjoshua4356@example.com,White-Green,lead,7,inbound,smb,United Kingdom,2025-10-03 07:54:54,false,2026-04-01 06:30:00
HS-004357,bwilliams4357@example.com,"Moore, Henderson and Bennett",marketingqualifiedlead,56,Content Download,smb,Canada,2025-10-21 01:41:37,false,2026-04-01 06:30:00
HS-004358,jlee4358@example.com,Oconnor PLC,marketingqualifiedlead,62,Event,MidMarket,Germany,2025-10-05 22:16:13,false,2026-04-01 06:30:00
HS-004359,veronicadavies4359@example.com,Flowers LLC,marketingqualifiedlead,62,Content,SMB,Australia,2025-11-15 03:56:52,false,2026-04-01 06:30:00
HS-004360,sarah834360@example.com,Gutierrez Group,marketingqualifiedlead,58,IB,enterprise,Australia,2025-11-04 21:15:32,false,2026-04-01 06:30:00
HS-004361,tammy534361@example.com,Ortiz-Morgan,marketingqualifiedlead,52,IB,Small Business,Australia,2026-03-15 19:05:44,false,2026-04-01 06:30:00
HS-004362,zmorse4362@example.com,Clark Inc,marketingqualifiedlead,61,outbound,SmallBiz,United Kingdom,2026-01-07 18:08:29,false,2026-04-01 06:30:00
HS-004363,richard284363@example.com,"Flores, Butler and Hernandez",lead,28,Inbound,SMB,Germany,2026-01-15 20:46:52,false,2026-04-01 06:30:00
HS-004364,riverabrian4364@example.com,Reyes Group,marketingqualifiedlead,51,Word of Mouth,SMB,United Kingdom,2025-10-05 01:58:16,false,2026-04-01 06:30:00
HS-004365,tmcintosh4365@example.com,"Miller, Davis and Anderson",lead,11,outbound,SMB,Canada,2025-11-20 03:42:11,false,2026-04-01 06:30:00
HS-004366,longshane4366@example.com,Barton-Chapman,lead,5,Channel,SmallBiz,Australia,2026-03-23 08:27:44,false,2026-04-01 06:30:00
HS-004367,michael564367@example.com,"Cole, Glass and Cunningham",lead,5,Paid,MidMarket,Australia,2026-02-25 03:38:38,false,2026-04-01 06:30:00
HS-004368,jamiewhite4368@example.com,Wood LLC,lead,38,Paid,SmallBiz,Australia,2026-03-04 16:40:14,false,2026-04-01 06:30:00
HS-004369,wheeleramber4369@example.com,"Brown, Hurst and Blevins",lead,19,outbound,MM,United States,2026-02-15 15:39:16,false,2026-04-01 06:30:00
HS-004370,rachel514370@example.com,Russell Group,lead,13,outbound,MM,United States,2025-10-31 09:57:40,false,2026-04-01 06:30:00
HS-004371,snyderholly4371@example.com,"Martinez, Cline and Wright",lead,5,Word of Mouth,smb,United States,2025-10-23 03:33:10,false,2026-04-01 06:30:00
HS-004372,wadecarol4372@example.com,"Clark, Guerrero and Moore",marketingqualifiedlead,57,inbound,enterprise,Germany,2025-12-06 16:19:19,false,2026-04-01 06:30:00
HS-004373,corymiller4373@example.com,Estrada-Nolan,marketingqualifiedlead,61,inbound,Enterprise,Germany,2025-10-29 20:07:45,false,2026-04-01 06:30:00
HS-004374,fordwilliam4374@example.com,Kane PLC,marketingqualifiedlead,86,PPC,SMB,United States,2025-11-08 18:22:25,false,2026-04-01 06:30:00
HS-004375,rdavis4375@example.com,Todd-Pham,marketingqualifiedlead,43,Event,smb,Australia,2025-10-10 21:31:41,false,2026-04-01 06:30:00
HS-004376,thomaslinda4376@example.com,"Stewart, Mann and Hoffman",lead,10,Referral,smb,Germany,2025-10-04 03:30:13,false,2026-04-01 06:30:00
HS-004377,dfleming4377@example.com,"Marsh, Spears and Yang",marketingqualifiedlead,62,Event,smb,Australia,2025-10-02 09:44:51,false,2026-04-01 06:30:00
HS-004378,garyjohnson4378@example.com,"Wright, Mcknight and Stephens",lead,32,Inbound,Enterprise,United Kingdom,2025-10-28 08:39:34,false,2026-04-01 06:30:00
HS-004379,samantha544379@example.com,Taylor and Sons,marketingqualifiedlead,55,Channel,smb,Australia,2026-03-04 01:49:09,false,2026-04-01 06:30:00
HS-004380,flemingwhitney4380@example.com,Williams Inc,marketingqualifiedlead,73,IB,MidMarket,Australia,2025-12-15 03:42:09,false,2026-04-01 06:30:00
HS-004381,estradaian4381@example.com,"Stewart, Mann and Hoffman",lead,14,Outbound,SMB,Germany,2025-12-07 20:42:42,false,2026-04-01 06:30:00
HS-004382,kristen954382@example.com,"Pena, Cohen and Scott",marketingqualifiedlead,68,Cold Outreach,Mid Market,Canada,2025-12-28 16:59:53,false,2026-04-01 06:30:00
HS-004383,smithmichelle4383@example.com,"Holder, Young and Hendricks",lead,30,IB,Mid Market,Canada,2026-03-20 20:32:25,false,2026-04-01 06:30:00
HS-004384,millerdaniel4384@example.com,"Graham, Olsen and Costa",marketingqualifiedlead,52,Inbound,smb,Australia,2025-12-13 19:37:03,false,2026-04-01 06:30:00
HS-004385,michellearias4385@example.com,Sullivan PLC,marketingqualifiedlead,87,Content,Small Business,Germany,2025-09-26 14:50:17,false,2026-04-01 06:30:00
HS-004386,tammy944386@example.com,Herrera Group,lead,18,Inbound,Small Business,Germany,2025-12-30 21:51:30,false,2026-04-01 06:30:00
HS-004387,nschultz4387@example.com,Powell LLC,lead,17,Inbound,smb,United Kingdom,2026-02-15 05:59:47,false,2026-04-01 06:30:00
HS-004388,antonio404388@example.com,"Thompson, Moore and Castro",lead,28,outbound,Mid-Market,Australia,2026-02-14 04:19:52,false,2026-04-01 06:30:00
HS-004389,cgarcia4389@example.com,Newton and Sons,lead,37,Cold Outreach,SMB,United Kingdom,2025-11-19 23:42:36,false,2026-04-01 06:30:00
HS-004390,meganford4390@example.com,"Ortiz, Smith and Deleon",lead,18,Word of Mouth,Strategic,Australia,2026-01-25 09:41:05,false,2026-04-01 06:30:00
HS-004391,galvanjeanette4391@example.com,Walker-Flores,lead,6,Event,Small Business,Canada,2025-12-10 16:50:44,false,2026-04-01 06:30:00
HS-004392,dawn314392@example.com,Rogers LLC,marketingqualifiedlead,90,PPC,MM,Germany,2026-02-03 22:10:06,false,2026-04-01 06:30:00
HS-004393,smithphilip4393@example.com,Lopez-Curry,lead,30,Cold Outreach,smb,United States,2026-03-07 17:49:33,false,2026-04-01 06:30:00
HS-004394,taramejia4394@example.com,Davis PLC,marketingqualifiedlead,68,IB,MM,United States,2026-03-02 17:19:15,false,2026-04-01 06:30:00
HS-004395,harrisphyllis4395@example.com,"Ortega, Jackson and Salazar",lead,24,Outbound,SMB,Australia,2025-09-05 15:21:02,false,2026-04-01 06:30:00
HS-004396,smithmichael4396@example.com,Morgan LLC,marketingqualifiedlead,84,Content Download,smb,Germany,2025-11-28 09:43:28,false,2026-04-01 06:30:00
HS-004397,johnsross4397@example.com,Davis PLC,lead,35,Paid,Mid Market,United States,2026-03-28 17:52:01,false,2026-04-01 06:30:00
HS-004398,caleb844398@example.com,"Robinson, Shields and Brown",marketingqualifiedlead,72,Inbound,Small Business,Canada,2025-08-31 05:52:43,false,2026-04-01 06:30:00
HS-004399,mosesveronica4399@example.com,"Howard, Townsend and Hayes",lead,24,Channel,smb,United States,2026-02-02 06:06:49,false,2026-04-01 06:30:00
HS-004400,nicole924400@example.com,"Rivera, Johnson and Wiley",marketingqualifiedlead,49,IB,MM,Canada,2026-02-03 23:54:09,false,2026-04-01 06:30:00
HS-004401,michael354401@example.com,Warner-Gibson,lead,19,Cold Outreach,smb,United Kingdom,2025-09-13 19:43:51,false,2026-04-01 06:30:00
HS-004402,dwayne564402@example.com,"Lucas, Parker and Alexander",lead,38,Inbound,MM,Canada,2025-09-29 11:04:00,false,2026-04-01 06:30:00
HS-004403,johnsonrick4403@example.com,"Santiago, Daniel and Rogers",lead,30,Paid,Mid-Market,United Kingdom,2026-02-27 01:52:10,false,2026-04-01 06:30:00
HS-004404,khudson4404@example.com,"Morris, Wright and Bridges",marketingqualifiedlead,62,IB,smb,Australia,2025-09-23 23:13:24,false,2026-04-01 06:30:00
HS-004405,schneiderraymond4405@example.com,Spencer-Lee,marketingqualifiedlead,56,Content,SmallBiz,Australia,2025-12-17 18:53:24,false,2026-04-01 06:30:00
HS-004406,jhahn4406@example.com,Arnold and Sons,marketingqualifiedlead,48,Outbound,smb,United Kingdom,2025-12-21 16:12:34,false,2026-04-01 06:30:00
HS-004407,jonespaul4407@example.com,Boyle-Smith,marketingqualifiedlead,68,outbound,SMB,Germany,2025-11-16 15:59:23,false,2026-04-01 06:30:00
HS-004408,cwoods4408@example.com,Stewart-Bailey,marketingqualifiedlead,71,Content Download,smb,Australia,2026-01-06 18:44:56,false,2026-04-01 06:30:00
HS-004409,wendymason4409@example.com,"Garcia, Martin and Jenkins",lead,9,Content,SmallBiz,Germany,2026-01-19 10:39:39,false,2026-04-01 06:30:00
HS-004410,jenniferhuber4410@example.com,Ewing-Mendoza,lead,35,Cold Outreach,Mid Market,Germany,2025-09-19 12:43:50,false,2026-04-01 06:30:00
HS-004411,ashleyroberts4411@example.com,"Turner, Ortiz and Taylor",marketingqualifiedlead,88,IB,Strategic,Germany,2025-08-25 19:46:26,false,2026-04-01 06:30:00
HS-004412,michelle004412@example.com,Bowen Group,lead,28,Content,smb,United Kingdom,2025-09-05 06:57:11,false,2026-04-01 06:30:00
HS-004413,yhenry4413@example.com,Hunt PLC,lead,11,Content,SmallBiz,Germany,2026-01-28 08:18:52,false,2026-04-01 06:30:00
HS-004414,matthewsmith4414@example.com,Turner-Stout,lead,29,IB,Small Business,Australia,2026-01-07 19:24:01,false,2026-04-01 06:30:00
HS-004415,cynthiapoole4415@example.com,"Soto, Carlson and Baker",lead,18,Paid Ads,SMB,United States,2026-01-20 00:16:36,false,2026-04-01 06:30:00
HS-004416,snydertricia4416@example.com,Fisher-Washington,lead,21,Partner,Enterprise,United Kingdom,2026-02-28 03:25:53,false,2026-04-01 06:30:00
HS-004417,jonathan624417@example.com,Mitchell and Sons,marketingqualifiedlead,89,inbound,SmallBiz,United States,2025-12-24 17:55:05,false,2026-04-01 06:30:00
HS-004418,daniel844418@example.com,Hernandez PLC,lead,19,outbound,smb,Canada,2026-01-05 16:13:04,false,2026-04-01 06:30:00
HS-004419,brandiburton4419@example.com,Scott Ltd,marketingqualifiedlead,75,outbound,smb,Germany,2026-02-20 12:42:32,false,2026-04-01 06:30:00
HS-004420,jefferywalker4420@example.com,Byrd LLC,lead,16,Inbound,Mid Market,United Kingdom,2025-09-29 07:18:22,false,2026-04-01 06:30:00
HS-004421,melissa104421@example.com,"Stanton, Reid and Terry",lead,13,inbound,Strategic,United States,2026-03-21 13:27:27,false,2026-04-01 06:30:00
HS-004422,duncandawn4422@example.com,Lam LLC,marketingqualifiedlead,85,Inbound,MidMarket,United Kingdom,2025-12-14 06:19:11,false,2026-04-01 06:30:00
HS-004423,ccombs4423@example.com,"Rivera, Johnson and Wiley",marketingqualifiedlead,58,Outbound,Mid-Market,Canada,2025-11-24 06:55:27,false,2026-04-01 06:30:00
HS-004424,john884424@example.com,"Jackson, Miller and Robertson",marketingqualifiedlead,76,Referral,SmallBiz,Australia,2025-11-02 13:41:53,false,2026-04-01 06:30:00
HS-004425,pdixon4425@example.com,Green-Ewing,lead,30,IB,smb,United States,2025-11-29 19:48:05,false,2026-04-01 06:30:00
HS-004426,hernandezrebecca4426@example.com,"Andrade, Gordon and Cruz",marketingqualifiedlead,62,Word of Mouth,MM,United States,2025-10-01 05:48:29,false,2026-04-01 06:30:00
HS-004427,cruzscott4427@example.com,Thomas-Jackson,lead,16,Cold Outreach,Small Business,Germany,2025-12-26 21:17:45,false,2026-04-01 06:30:00
HS-004428,christinasmith4428@example.com,Levy-May,lead,13,Content Download,Small Business,United Kingdom,2025-12-18 04:29:17,false,2026-04-01 06:30:00
HS-004429,susan754429@example.com,"Greer, Potter and Evans",lead,37,Event,MM,United States,2025-09-18 10:00:07,false,2026-04-01 06:30:00
HS-004430,kmorris4430@example.com,Smith-Frost,lead,27,Content,SmallBiz,Australia,2026-03-27 08:45:16,false,2026-04-01 06:30:00
HS-004431,christopherwatkins4431@example.com,Marshall-Perez,lead,8,outbound,smb,Germany,2025-12-11 17:31:54,false,2026-04-01 06:30:00
HS-004432,zcollins4432@example.com,Cline-Ayala,marketingqualifiedlead,74,PPC,Mid Market,Australia,2025-09-19 21:21:41,false,2026-04-01 06:30:00
HS-004433,hallmegan4433@example.com,"Gould, Marshall and Scott",marketingqualifiedlead,82,Trade Show,SmallBiz,Germany,2026-01-03 03:37:58,false,2026-04-01 06:30:00
HS-004434,llambert4434@example.com,"Diaz, Anderson and Browning",marketingqualifiedlead,89,Inbound,Small Business,Germany,2025-12-15 04:18:46,false,2026-04-01 06:30:00
HS-004435,dyerdonald4435@example.com,Carlson-Smith,marketingqualifiedlead,87,Paid,Small Business,Canada,2025-12-03 15:06:35,false,2026-04-01 06:30:00
HS-004436,michael214436@example.com,"Porter, Schultz and Allen",lead,10,Referral,Mid Market,United Kingdom,2025-10-23 06:03:37,false,2026-04-01 06:30:00
HS-004437,steven704437@example.com,Rose-Fowler,lead,32,inbound,MM,United Kingdom,2025-11-22 21:46:43,false,2026-04-01 06:30:00
HS-004438,aaronwallace4438@example.com,Larson-Holloway,marketingqualifiedlead,42,Event,Small Business,Canada,2025-09-13 16:38:12,false,2026-04-01 06:30:00
HS-004439,owenmeagan4439@example.com,Gutierrez Group,marketingqualifiedlead,44,Paid Ads,enterprise,Australia,2025-08-23 14:50:51,false,2026-04-01 06:30:00
HS-004440,jenniferpierce4440@example.com,Dixon Inc,marketingqualifiedlead,62,Inbound,SmallBiz,Canada,2025-09-26 10:50:51,false,2026-04-01 06:30:00
HS-004441,jaimegraves4441@example.com,"Brown, Hurst and Blevins",lead,36,Partner,Mid Market,United States,2025-10-31 04:30:19,false,2026-04-01 06:30:00
HS-004442,coreypope4442@example.com,"Larsen, Hernandez and Ward",lead,39,Outbound,Small Business,Australia,2026-02-28 03:44:44,false,2026-04-01 06:30:00
HS-004442D,coreypope4442@example.com,"Larsen, Hernandez and Ward",lead,39,Outbound,Small Business,Australia,2026-02-28 03:44:44,false,2026-04-01 06:30:00
HS-004443,carlosmeadows4443@example.com,Garcia LLC,marketingqualifiedlead,86,Partner,SMB,United States,2026-01-13 10:33:43,false,2026-04-01 06:30:00
HS-004444,boydrenee4444@example.com,Simon Ltd,lead,18,Channel,SMB,United States,2025-11-03 19:50:25,false,2026-04-01 06:30:00
HS-004445,parksariana4445@example.com,Nolan-Flynn,lead,30,Content Download,ENT,United States,2026-03-23 12:01:30,false,2026-04-01 06:30:00
HS-004446,hrodriguez4446@example.com,Stevens PLC,lead,29,Paid,SmallBiz,Australia,2026-03-20 14:10:44,false,2026-04-01 06:30:00
HS-004447,xlewis4447@example.com,"Gregory, White and James",lead,23,Trade Show,smb,Germany,2025-09-09 14:43:13,false,2026-04-01 06:30:00
HS-004448,andrea194448@example.com,Powers LLC,lead,37,Content Download,Strategic,Germany,2025-09-26 08:12:11,false,2026-04-01 06:30:00
HS-004449,ashley774449@example.com,Atkins PLC,marketingqualifiedlead,84,Referral,smb,United Kingdom,2025-10-12 02:54:12,false,2026-04-01 06:30:00
HS-004449D,ashley774449@example.com,Atkins PLC,marketingqualifiedlead,84,Referral,smb,United Kingdom,2025-10-12 02:54:12,false,2026-04-01 06:30:00
HS-004450,janedavis4450@example.com,Bryant-Meyer,marketingqualifiedlead,68,Event,smb,Canada,2026-01-02 18:56:37,false,2026-04-01 06:30:00
HS-004451,fletcherkaren4451@example.com,Sanders-Espinoza,marketingqualifiedlead,85,inbound,SMB,Australia,2025-09-19 03:33:26,false,2026-04-01 06:30:00
HS-004452,sally784452@example.com,Taylor and Sons,lead,13,Content Download,Mid-Market,Australia,2025-11-07 20:10:01,false,2026-04-01 06:30:00
HS-004453,carloswerner4453@example.com,"Morris, Campbell and Owens",lead,22,Partner,SMB,Canada,2025-09-18 18:42:21,false,2026-04-01 06:30:00
HS-004454,williamperkins4454@example.com,"Fry, Myers and Gamble",marketingqualifiedlead,81,Word of Mouth,Mid Market,Germany,2026-02-06 11:26:47,false,2026-04-01 06:30:00
HS-004455,lindahill4455@example.com,"Williams, Castillo and Warren",lead,39,inbound,smb,Canada,2026-03-16 06:22:12,false,2026-04-01 06:30:00
HS-004456,michelle184456@example.com,"Garcia, Humphrey and Baker",lead,23,Referral,MidMarket,United Kingdom,2025-10-29 15:47:58,false,2026-04-01 06:30:00
HS-004457,garywebster4457@example.com,Perez-White,lead,17,Outbound,SMB,United Kingdom,2025-12-23 22:28:18,false,2026-04-01 06:30:00
HS-004458,aaronthompson4458@example.com,Terry-Bowen,marketingqualifiedlead,71,Referral,Strategic,Germany,2025-12-25 04:31:18,false,2026-04-01 06:30:00
HS-004459,christinaherrera4459@example.com,"Carter, Garcia and Murphy",lead,37,Outbound,MM,United States,2026-03-07 22:01:28,false,2026-04-01 06:30:00
HS-004460,derekdougherty4460@example.com,Walsh LLC,lead,31,Channel,SMB,Canada,2025-11-07 07:52:14,false,2026-04-01 06:30:00
HS-004461,kingjoshua4461@example.com,"Pierce, Bell and Chavez",marketingqualifiedlead,85,Content,MidMarket,Germany,2026-01-29 10:44:28,false,2026-04-01 06:30:00
HS-004462,parcher4462@example.com,Lam LLC,marketingqualifiedlead,75,Content,MidMarket,United Kingdom,2025-12-11 08:19:31,false,2026-04-01 06:30:00
HS-004463,jessicamiddleton4463@example.com,"Bryan, Smith and Booth",lead,14,inbound,Small Business,Australia,2025-09-18 15:35:02,false,2026-04-01 06:30:00
HS-004464,jonesterri4464@example.com,Hill Inc,lead,33,inbound,Small Business,Canada,2025-10-14 01:07:25,false,2026-04-01 06:30:00
HS-004465,barbara304465@example.com,Hernandez-Jones,lead,15,Word of Mouth,enterprise,Germany,2025-11-26 17:09:27,false,2026-04-01 06:30:00
HS-004466,jillnavarro4466@example.com,"Cook, Wells and Bryant",lead,15,Cold Outreach,Mid-Market,United States,2026-02-14 08:30:00,false,2026-04-01 06:30:00
HS-004467,barryclark4467@example.com,"Matthews, Saunders and Anderson",lead,16,IB,Mid-Market,United States,2025-12-07 07:43:59,false,2026-04-01 06:30:00
HS-004468,hilljennifer4468@example.com,Diaz Inc,lead,17,outbound,MidMarket,Australia,2025-12-01 12:15:42,false,2026-04-01 06:30:00
HS-004469,jefferyanderson4469@example.com,Sheppard-Jordan,lead,34,Cold Outreach,smb,Australia,2025-11-05 16:51:21,false,2026-04-01 06:30:00
HS-004470,ijimenez4470@example.com,Watson PLC,marketingqualifiedlead,65,outbound,Enterprise,United Kingdom,2025-11-24 23:09:17,false,2026-04-01 06:30:00
HS-004471,sanchezjennifer4471@example.com,"Diaz, Gibbs and Smith",lead,34,Content Download,Mid Market,Germany,2026-01-06 10:10:15,false,2026-04-01 06:30:00
HS-004472,roachkatherine4472@example.com,Bruce-Williamson,marketingqualifiedlead,54,inbound,enterprise,United States,2025-11-02 14:29:55,false,2026-04-01 06:30:00
HS-004473,butlerolivia4473@example.com,Adams Ltd,marketingqualifiedlead,69,Outbound,smb,Canada,2025-09-22 02:11:44,false,2026-04-01 06:30:00
HS-004474,mking4474@example.com,Lopez-Reid,lead,26,Channel,smb,United Kingdom,2026-02-18 09:15:15,false,2026-04-01 06:30:00
HS-004475,flemingmallory4475@example.com,Jackson-Meza,lead,19,Inbound,Small Business,United Kingdom,2025-12-28 07:02:28,false,2026-04-01 06:30:00
HS-004476,jennifer934476@example.com,Williams-Cook,marketingqualifiedlead,75,Content Download,SMB,Australia,2025-08-30 20:02:46,false,2026-04-01 06:30:00
HS-004477,wbryant4477@example.com,Cole-Palmer,lead,27,inbound,SmallBiz,United Kingdom,2026-01-08 22:40:46,false,2026-04-01 06:30:00
HS-004478,gleach4478@example.com,"Walsh, Wu and Hart",marketingqualifiedlead,82,IB,SmallBiz,Germany,2026-01-05 19:59:04,false,2026-04-01 06:30:00
HS-004479,davidjones4479@example.com,"Smith, Rodriguez and Anderson",marketingqualifiedlead,63,Cold Outreach,MM,United States,2025-12-18 16:57:52,false,2026-04-01 06:30:00
HS-004480,pearsonvicki4480@example.com,Moody-Taylor,lead,6,Content Download,MidMarket,Canada,2025-11-11 11:41:03,false,2026-04-01 06:30:00
HS-004480D,pearsonvicki4480@example.com,Moody-Taylor,lead,6,Content Download,MidMarket,Canada,2025-11-11 11:41:03,false,2026-04-01 06:30:00
HS-004481,perrynicole4481@example.com,Stewart-Bailey,marketingqualifiedlead,87,Word of Mouth,Small Business,Australia,2025-12-20 20:55:49,false,2026-04-01 06:30:00
HS-004482,harrisonnicholas4482@example.com,Navarro-Munoz,lead,35,Channel,SmallBiz,Germany,2026-03-20 07:00:19,false,2026-04-01 06:30:00
HS-004483,valenciaerik4483@example.com,"Hensley, Powell and David",marketingqualifiedlead,75,Outbound,SMB,United States,2025-09-11 05:55:59,false,2026-04-01 06:30:00
HS-004484,davidglover4484@example.com,Miller-Colon,lead,13,Outbound,MM,United States,2026-01-14 08:05:45,false,2026-04-01 06:30:00
HS-004485,john844485@example.com,"Price, Carlson and Andrews",lead,33,Content,Mid Market,Germany,2026-03-17 18:35:21,false,2026-04-01 06:30:00
HS-004486,harveyphilip4486@example.com,Fields Inc,lead,36,Channel,SmallBiz,United Kingdom,2026-02-19 19:41:41,false,2026-04-01 06:30:00
HS-004487,ashleysolis4487@example.com,"Jones, Compton and Day",marketingqualifiedlead,75,IB,Small Business,Canada,2025-10-04 01:18:46,false,2026-04-01 06:30:00
HS-004488,sheilabarnes4488@example.com,"Booker, Jones and Harrington",lead,29,Cold Outreach,smb,United States,2025-11-06 15:12:25,false,2026-04-01 06:30:00
HS-004489,masonmichael4489@example.com,Vaughn-Williams,lead,25,IB,smb,United Kingdom,2025-10-30 15:37:26,false,2026-04-01 06:30:00
HS-004490,tanya664490@example.com,Mendez PLC,lead,27,IB,smb,Germany,2025-10-27 02:32:05,false,2026-04-01 06:30:00
HS-004491,cfinley4491@example.com,"Carroll, Sullivan and Bass",lead,36,Content,MidMarket,Germany,2025-09-09 00:57:52,false,2026-04-01 06:30:00
HS-004492,zhall4492@example.com,Lewis Ltd,lead,35,Inbound,enterprise,Australia,2026-03-06 16:36:30,false,2026-04-01 06:30:00
HS-004493,christopherhunt4493@example.com,Hicks-Hill,lead,25,IB,SmallBiz,United States,2025-11-08 02:10:40,false,2026-04-01 06:30:00
HS-004494,dcox4494@example.com,Paul-Kline,lead,7,Inbound,Mid-Market,Canada,2025-11-30 01:43:23,false,2026-04-01 06:30:00
HS-004495,bianca444495@example.com,Lopez-Williams,marketingqualifiedlead,64,Inbound,SmallBiz,Australia,2026-02-20 20:13:47,false,2026-04-01 06:30:00
HS-004496,alexanderryan4496@example.com,"Adams, Hodge and Duke",marketingqualifiedlead,59,Word of Mouth,Small Business,Australia,2025-10-30 06:20:28,false,2026-04-01 06:30:00
HS-004496D,alexanderryan4496@example.com,"Adams, Hodge and Duke",marketingqualifiedlead,59,Word of Mouth,Small Business,Australia,2025-10-30 06:20:28,false,2026-04-01 06:30:00
HS-004497,gailjacobs4497@example.com,Foster Inc,lead,14,Outbound,Strategic,Australia,2025-09-21 19:37:48,false,2026-04-01 06:30:00
HS-004498,jenniferbradley4498@example.com,"Harper, Smith and Buchanan",marketingqualifiedlead,76,Partner,Mid-Market,United States,2025-09-25 01:41:51,false,2026-04-01 06:30:00
HS-004499,alan964499@example.com,"Rodgers, Jefferson and Johnson",marketingqualifiedlead,69,Cold Outreach,MM,United Kingdom,2025-09-13 02:56:35,false,2026-04-01 06:30:00
HS-004500,shawnanderson4500@example.com,"Richardson, Farmer and Andrews",marketingqualifiedlead,51,Event,MM,Canada,2025-09-01 14:11:08,false,2026-04-01 06:30:00
HS-004501,paulhamilton4501@example.com,Ward and Sons,lead,31,outbound,smb,United Kingdom,2026-03-22 23:45:53,false,2026-04-01 06:30:00
HS-004502,davistanya4502@example.com,Orr Group,lead,15,Trade Show,SmallBiz,Australia,2025-10-13 17:59:56,false,2026-04-01 06:30:00
HS-004503,javier624503@example.com,Rivera and Sons,marketingqualifiedlead,44,Inbound,SMB,Australia,2025-12-24 09:09:11,false,2026-04-01 06:30:00
HS-004504,shelley854504@example.com,"Booker, Jones and Harrington",marketingqualifiedlead,69,IB,SmallBiz,United States,2025-12-04 14:36:14,false,2026-04-01 06:30:00
HS-004505,emily184505@example.com,Silva-Smith,marketingqualifiedlead,76,Outbound,Mid Market,Australia,2026-02-17 13:30:24,false,2026-04-01 06:30:00
HS-004506,fergusontrevor4506@example.com,Davis and Sons,marketingqualifiedlead,40,outbound,smb,Canada,2025-09-08 13:16:51,false,2026-04-01 06:30:00
HS-004507,singhsarah4507@example.com,Miller Ltd,marketingqualifiedlead,74,Paid,Mid Market,Germany,2025-12-26 22:26:18,false,2026-04-01 06:30:00
HS-004508,danielleramsey4508@example.com,Gray Ltd,lead,28,Cold Outreach,SMB,United States,2026-01-26 14:17:49,false,2026-04-01 06:30:00
HS-004509,barrettashley4509@example.com,Gonzales Inc,marketingqualifiedlead,82,IB,SMB,United Kingdom,2025-12-05 23:41:12,false,2026-04-01 06:30:00
HS-004510,mbaker4510@example.com,Moore-Collins,lead,18,inbound,smb,Australia,2025-10-26 23:06:34,false,2026-04-01 06:30:00
HS-004510D,mbaker4510@example.com,Moore-Collins,lead,18,inbound,smb,Australia,2025-10-26 23:06:34,false,2026-04-01 06:30:00
HS-004511,linda244511@example.com,Robinson-Lee,marketingqualifiedlead,52,Paid,SmallBiz,United Kingdom,2026-01-24 18:13:45,false,2026-04-01 06:30:00
HS-004512,ldickson4512@example.com,"Chavez, Jones and Williams",lead,8,Content Download,SmallBiz,United Kingdom,2026-02-27 11:40:58,false,2026-04-01 06:30:00
HS-004513,elizabeth584513@example.com,Morris-Brewer,lead,32,Paid,Small Business,United States,2026-03-28 13:24:06,false,2026-04-01 06:30:00
HS-004514,jeffreygreen4514@example.com,Williams-Hughes,lead,29,Cold Outreach,smb,United Kingdom,2025-10-15 10:51:47,false,2026-04-01 06:30:00
HS-004515,stacyjohnson4515@example.com,"Gutierrez, Avila and Perez",lead,29,Partner,SMB,Canada,2026-03-13 11:32:30,false,2026-04-01 06:30:00
HS-004516,chrismccarthy4516@example.com,"Moore, Henderson and Bennett",marketingqualifiedlead,70,inbound,Small Business,Canada,2025-12-16 05:18:14,false,2026-04-01 06:30:00
HS-004517,melinda874517@example.com,Henderson Ltd,marketingqualifiedlead,67,Outbound,Small Business,Germany,2025-12-19 21:09:10,false,2026-04-01 06:30:00
HS-004518,ujohnson4518@example.com,Paul-Kline,marketingqualifiedlead,68,Inbound,Mid-Market,Canada,2025-10-22 18:38:10,false,2026-04-01 06:30:00
HS-004519,mitchell764519@example.com,Dawson Inc,marketingqualifiedlead,78,IB,SMB,Canada,2026-02-22 05:35:36,false,2026-04-01 06:30:00
HS-004520,victor764520@example.com,"Moon, Farmer and Hill",marketingqualifiedlead,49,Partner,smb,United Kingdom,2026-02-05 06:18:37,false,2026-04-01 06:30:00
HS-004521,jennifer534521@example.com,Fields Inc,marketingqualifiedlead,57,Partner,smb,United Kingdom,2025-09-23 18:33:03,false,2026-04-01 06:30:00
HS-004522,tammy654522@example.com,Frank-Bradley,marketingqualifiedlead,68,outbound,SmallBiz,United Kingdom,2026-02-02 19:21:20,false,2026-04-01 06:30:00
HS-004523,rritter4523@example.com,"Evans, Hernandez and Cannon",lead,25,Content Download,SmallBiz,Australia,2026-01-16 08:19:40,false,2026-04-01 06:30:00
HS-004524,uhughes4524@example.com,Giles Ltd,lead,10,Outbound,Enterprise,United States,2026-02-12 01:31:07,false,2026-04-01 06:30:00
HS-004525,erivers4525@example.com,"Mckinney, Graves and Thompson",lead,15,Content,Small Business,United States,2025-12-26 19:14:03,false,2026-04-01 06:30:00
HS-004526,rclark4526@example.com,Garcia-Jennings,lead,6,Outbound,Mid-Market,Canada,2025-11-26 10:56:25,false,2026-04-01 06:30:00
HS-004527,christiancooper4527@example.com,"Wagner, Martinez and Dawson",lead,37,Trade Show,Enterprise,Australia,2026-02-16 22:49:42,false,2026-04-01 06:30:00
HS-004528,andrew094528@example.com,Reed Inc,lead,34,Content Download,enterprise,Germany,2026-01-08 13:41:31,false,2026-04-01 06:30:00
HS-004529,sara944529@example.com,Clark Ltd,marketingqualifiedlead,58,Partner,Small Business,United Kingdom,2026-02-26 22:13:13,false,2026-04-01 06:30:00
HS-004530,briggsjacob4530@example.com,Tran Group,marketingqualifiedlead,45,outbound,Mid-Market,United States,2025-09-10 09:36:23,false,2026-04-01 06:30:00
HS-004531,ucarlson4531@example.com,"Parker, Ortiz and Powell",marketingqualifiedlead,78,Paid Ads,SMB,Australia,2026-03-07 05:07:01,false,2026-04-01 06:30:00
HS-004532,barbara644532@example.com,Payne-Lowe,marketingqualifiedlead,64,Content,Small Business,United States,2025-08-22 15:36:16,false,2026-04-01 06:30:00
HS-004533,pwhite4533@example.com,Dunn-Wilson,marketingqualifiedlead,45,Word of Mouth,MM,United States,2025-08-19 18:52:55,false,2026-04-01 06:30:00
HS-004534,chaveztina4534@example.com,"Brown, Dunlap and Moore",lead,22,Paid,SMB,Canada,2026-01-14 05:47:04,false,2026-04-01 06:30:00
HS-004535,johnfrank4535@example.com,Miller Inc,marketingqualifiedlead,56,IB,smb,Germany,2025-10-10 03:08:53,false,2026-04-01 06:30:00
HS-004535D,johnfrank4535@example.com,Miller Inc,marketingqualifiedlead,56,IB,smb,Germany,2025-10-10 03:08:53,false,2026-04-01 06:30:00
HS-004536,bakerpaul4536@example.com,Perez LLC,marketingqualifiedlead,77,Channel,SmallBiz,United States,2026-01-07 05:49:45,false,2026-04-01 06:30:00
HS-004537,brian484537@example.com,Monroe-Carpenter,lead,31,inbound,Mid Market,United Kingdom,2025-11-27 19:54:09,false,2026-04-01 06:30:00
HS-004538,johnmerritt4538@example.com,Curry Inc,lead,10,Content Download,Mid Market,United States,2025-10-30 21:54:36,false,2026-04-01 06:30:00
HS-004539,tvelasquez4539@example.com,"Evans, Hayden and Vaughn",marketingqualifiedlead,74,Word of Mouth,SMB,United States,2025-10-28 23:45:58,false,2026-04-01 06:30:00
HS-004540,olivia304540@example.com,Wright-Grimes,lead,13,PPC,Enterprise,Germany,2026-02-28 00:21:32,false,2026-04-01 06:30:00
HS-004541,oknight4541@example.com,"Patterson, Smith and Jones",lead,10,Content Download,SMB,Germany,2025-10-17 15:48:02,false,2026-04-01 06:30:00
HS-004542,rperez4542@example.com,Stafford Inc,lead,26,Inbound,smb,Australia,2026-02-03 04:31:59,false,2026-04-01 06:30:00
HS-004543,johnsondebbie4543@example.com,"Santiago, Daniel and Rogers",lead,35,Outbound,MidMarket,United Kingdom,2026-03-21 05:11:04,false,2026-04-01 06:30:00
HS-004544,simpsonalyssa4544@example.com,"Bentley, Lynch and Henderson",lead,26,Cold Outreach,Mid-Market,United States,2025-09-22 07:09:15,false,2026-04-01 06:30:00
HS-004545,samantha214545@example.com,Daugherty Ltd,lead,8,outbound,Mid-Market,United Kingdom,2025-09-28 08:30:07,false,2026-04-01 06:30:00
HS-004546,richardsonana4546@example.com,Ferrell-Henry,marketingqualifiedlead,81,IB,Enterprise,Germany,2025-12-15 17:14:27,false,2026-04-01 06:30:00
HS-004547,hendricksangela4547@example.com,"Jones, Cummings and Conway",marketingqualifiedlead,85,Inbound,MM,Canada,2025-11-21 17:53:37,false,2026-04-01 06:30:00
HS-004548,eric544548@example.com,Mitchell-Jordan,lead,38,Paid Ads,Enterprise,Germany,2025-11-08 05:12:15,false,2026-04-01 06:30:00
HS-004549,ryanbullock4549@example.com,"Fernandez, Guerrero and Evans",lead,21,Content Download,Mid-Market,Canada,2026-02-16 03:13:20,false,2026-04-01 06:30:00
HS-004550,rgreen4550@example.com,"Shields, Cochran and Adams",lead,7,Outbound,SmallBiz,Australia,2025-11-19 03:36:05,false,2026-04-01 06:30:00
HS-004551,fwilliams4551@example.com,Schmitt PLC,lead,11,Event,SmallBiz,United States,2025-12-07 13:50:55,false,2026-04-01 06:30:00
HS-004552,dawnmartin4552@example.com,Mason Ltd,lead,5,Content Download,Strategic,Australia,2026-02-27 02:14:23,false,2026-04-01 06:30:00
HS-004553,holtrobert4553@example.com,Marshall-Peterson,lead,23,Channel,Mid Market,Canada,2026-03-25 22:17:09,false,2026-04-01 06:30:00
HS-004554,nancy234554@example.com,Clay Group,lead,15,Cold Outreach,smb,Canada,2025-11-15 19:52:46,false,2026-04-01 06:30:00
HS-004555,iford4555@example.com,Watson Ltd,lead,36,Event,smb,United Kingdom,2026-03-06 11:33:54,false,2026-04-01 06:30:00
HS-004556,uross4556@example.com,Little Inc,lead,20,Content Download,Mid-Market,United States,2025-12-18 20:06:28,false,2026-04-01 06:30:00
HS-004556D,uross4556@example.com,Little Inc,lead,20,Content Download,Mid-Market,United States,2025-12-18 20:06:28,false,2026-04-01 06:30:00
HS-004557,dlopez4557@example.com,Harrison-Alexander,lead,28,outbound,Small Business,United Kingdom,2026-03-08 03:44:51,false,2026-04-01 06:30:00
HS-004558,rodriguezrhonda4558@example.com,Ramirez and Sons,lead,21,Inbound,smb,Germany,2026-01-14 18:20:06,false,2026-04-01 06:30:00
HS-004559,buckleycrystal4559@example.com,"Robinson, Jones and Henderson",lead,38,inbound,Strategic,Canada,2026-03-06 08:48:40,false,2026-04-01 06:30:00
HS-004560,lisa784560@example.com,Harris-Carson,lead,32,Paid Ads,SmallBiz,Canada,2026-01-19 00:14:35,false,2026-04-01 06:30:00
HS-004561,johnsonsharon4561@example.com,"Pierce, Bell and Chavez",marketingqualifiedlead,62,inbound,Mid Market,Germany,2026-01-25 21:56:43,false,2026-04-01 06:30:00
HS-004562,debra004562@example.com,Christensen PLC,marketingqualifiedlead,67,Event,MidMarket,Australia,2025-11-03 19:46:19,false,2026-04-01 06:30:00
HS-004562D,debra004562@example.com,Christensen PLC,marketingqualifiedlead,67,Event,MidMarket,Australia,2025-11-03 19:46:19,false,2026-04-01 06:30:00
HS-004563,mccalltimothy4563@example.com,"Avery, Horton and Fernandez",marketingqualifiedlead,80,Trade Show,Mid Market,Canada,2025-09-14 06:39:22,false,2026-04-01 06:30:00
HS-004564,jessicajones4564@example.com,Mora-White,lead,30,Trade Show,smb,Australia,2026-01-15 04:35:18,false,2026-04-01 06:30:00
HS-004565,luisbates4565@example.com,"Johnston, Sanchez and Kennedy",lead,13,outbound,Enterprise,Australia,2026-01-10 07:39:02,false,2026-04-01 06:30:00
HS-004566,davidjohnson4566@example.com,Morales and Sons,marketingqualifiedlead,83,outbound,SmallBiz,United Kingdom,2025-09-01 20:20:47,false,2026-04-01 06:30:00
HS-004566D,davidjohnson4566@example.com,Morales and Sons,marketingqualifiedlead,83,outbound,SmallBiz,United Kingdom,2025-09-01 20:20:47,false,2026-04-01 06:30:00
HS-004567,jeremy914567@example.com,Haynes-Watson,lead,22,Cold Outreach,SmallBiz,Germany,2025-10-10 00:07:02,false,2026-04-01 06:30:00
HS-004568,kathrynrice4568@example.com,Tran Group,marketingqualifiedlead,50,Event,MidMarket,United States,2025-10-27 19:28:45,false,2026-04-01 06:30:00
HS-004569,snyderfrank4569@example.com,Smith and Sons,marketingqualifiedlead,59,Paid Ads,Strategic,Canada,2025-09-21 08:38:42,false,2026-04-01 06:30:00
HS-004570,gonzalezjames4570@example.com,Allen Inc,marketingqualifiedlead,58,IB,Mid Market,United States,2026-01-05 23:05:42,false,2026-04-01 06:30:00
HS-004571,michael284571@example.com,"Wise, Conley and Stephenson",marketingqualifiedlead,66,Cold Outreach,SmallBiz,Australia,2025-12-10 04:02:52,false,2026-04-01 06:30:00
HS-004572,uthompson4572@example.com,Stafford Inc,marketingqualifiedlead,71,Event,smb,Australia,2025-12-30 10:23:21,false,2026-04-01 06:30:00
HS-004573,burkejacob4573@example.com,Donovan-Perez,marketingqualifiedlead,70,IB,MidMarket,Germany,2025-09-26 18:14:18,false,2026-04-01 06:30:00
HS-004574,wbowers4574@example.com,Levy-May,marketingqualifiedlead,70,Outbound,SmallBiz,United Kingdom,2026-02-16 23:28:56,false,2026-04-01 06:30:00
HS-004575,jenniferburch4575@example.com,Crosby-Ramirez,lead,8,Content,Strategic,Australia,2025-12-15 00:15:00,false,2026-04-01 06:30:00
HS-004576,margaret334576@example.com,"Daniels, Adkins and Brown",lead,15,Inbound,smb,United States,2025-09-29 02:29:24,false,2026-04-01 06:30:00
HS-004577,garybowman4577@example.com,Jones-Bradley,marketingqualifiedlead,70,outbound,SmallBiz,United States,2026-01-25 10:37:13,false,2026-04-01 06:30:00
HS-004578,nperez4578@example.com,Anderson-Bailey,marketingqualifiedlead,44,Cold Outreach,SMB,United States,2026-02-17 00:32:28,false,2026-04-01 06:30:00
HS-004579,patriciamorrison4579@example.com,"Moore, Hopkins and Le",marketingqualifiedlead,70,Partner,smb,Germany,2025-11-15 01:54:43,false,2026-04-01 06:30:00
HS-004580,aaroncox4580@example.com,Guerra Ltd,marketingqualifiedlead,85,Outbound,Mid Market,United States,2026-01-02 18:11:21,false,2026-04-01 06:30:00
HS-004581,yvazquez4581@example.com,Boone-Davis,lead,38,outbound,SMB,United Kingdom,2026-03-12 20:09:38,false,2026-04-01 06:30:00
HS-004582,kimberlyperez4582@example.com,Spencer-Garcia,marketingqualifiedlead,82,outbound,Mid Market,United States,2025-08-21 15:12:33,false,2026-04-01 06:30:00
HS-004583,rodneymiller4583@example.com,"Anderson, Dalton and Wilson",lead,26,inbound,SmallBiz,Germany,2025-11-01 17:40:46,false,2026-04-01 06:30:00
HS-004584,teresa764584@example.com,Burton-Brooks,marketingqualifiedlead,50,outbound,MM,United States,2025-09-20 00:54:52,false,2026-04-01 06:30:00
HS-004585,solomonandrea4585@example.com,"Taylor, Wright and Davidson",lead,35,IB,SmallBiz,United States,2025-11-21 23:20:50,false,2026-04-01 06:30:00
HS-004586,lwilliams4586@example.com,"Rosales, Mitchell and Hines",lead,21,IB,smb,Canada,2025-11-18 23:19:40,false,2026-04-01 06:30:00
HS-004587,ylawson4587@example.com,Boone-Simmons,lead,23,Inbound,Mid Market,Canada,2026-02-20 07:39:01,false,2026-04-01 06:30:00
HS-004588,duranlindsay4588@example.com,"Phillips, Spence and Barrett",lead,12,Inbound,SmallBiz,United States,2026-01-04 14:06:44,false,2026-04-01 06:30:00
HS-004589,patrickgarcia4589@example.com,"Tanner, Hunt and Cameron",lead,16,PPC,SmallBiz,United States,2026-03-26 21:14:45,false,2026-04-01 06:30:00
HS-004590,zmartinez4590@example.com,Howard-Jordan,lead,12,outbound,Small Business,Germany,2025-09-10 03:34:41,false,2026-04-01 06:30:00
HS-004591,gomezmegan4591@example.com,Johnston-Hines,marketingqualifiedlead,63,Outbound,MM,United States,2025-11-14 05:38:22,false,2026-04-01 06:30:00
HS-004592,patriciagrant4592@example.com,Ruiz-Jacobson,marketingqualifiedlead,78,Content Download,MidMarket,Canada,2026-02-24 12:34:44,false,2026-04-01 06:30:00
HS-004593,janicestuart4593@example.com,"Sanford, Rivera and Garcia",marketingqualifiedlead,71,Outbound,smb,United States,2025-11-02 14:00:23,false,2026-04-01 06:30:00
HS-004594,owade4594@example.com,"White, Davis and Anderson",marketingqualifiedlead,57,Referral,Mid-Market,United States,2025-12-06 20:04:56,false,2026-04-01 06:30:00
HS-004595,wleblanc4595@example.com,Gilbert PLC,marketingqualifiedlead,83,outbound,Mid-Market,Canada,2026-02-16 22:37:17,false,2026-04-01 06:30:00
HS-004596,amanda464596@example.com,"Hernandez, Thompson and Boyd",marketingqualifiedlead,71,Content Download,Small Business,United Kingdom,2025-10-25 09:56:04,false,2026-04-01 06:30:00
HS-004597,cgonzalez4597@example.com,Curry Inc,marketingqualifiedlead,87,Content,MM,United States,2026-02-12 11:42:47,false,2026-04-01 06:30:00
HS-004598,david334598@example.com,Barnes PLC,lead,7,Inbound,Strategic,Canada,2026-03-12 11:45:34,false,2026-04-01 06:30:00
HS-004599,donaldmartin4599@example.com,"Smith, Montoya and Evans",lead,39,Content Download,SMB,Canada,2025-09-12 05:03:30,false,2026-04-01 06:30:00
HS-004600,walterskaren4600@example.com,Morgan-Schwartz,lead,28,Cold Outreach,SMB,United States,2025-11-14 04:36:06,false,2026-04-01 06:30:00
HS-004601,jon254601@example.com,Murphy PLC,lead,38,Cold Outreach,smb,United States,2026-02-18 02:15:13,false,2026-04-01 06:30:00
HS-004602,jenniferortega4602@example.com,"Jones, Mcmahon and Spence",marketingqualifiedlead,76,IB,Strategic,United States,2025-08-15 16:47:01,false,2026-04-01 06:30:00
HS-004603,gregorymullen4603@example.com,Hicks-Hill,lead,16,Content Download,smb,United States,2025-12-10 23:57:46,false,2026-04-01 06:30:00
HS-004604,lbrown4604@example.com,"Morgan, Bradshaw and Williams",marketingqualifiedlead,63,Partner,SmallBiz,Germany,2025-08-28 03:20:30,false,2026-04-01 06:30:00
HS-004605,jason064605@example.com,Hickman Ltd,lead,18,Inbound,SMB,Canada,2025-10-14 19:18:49,false,2026-04-01 06:30:00
HS-004606,marissareid4606@example.com,"Hensley, Powell and David",lead,39,Word of Mouth,SMB,United States,2026-03-20 08:05:59,false,2026-04-01 06:30:00
HS-004607,plin4607@example.com,Sanchez Ltd,marketingqualifiedlead,87,Outbound,Strategic,United States,2025-09-11 13:47:50,false,2026-04-01 06:30:00
HS-004608,wyattdanny4608@example.com,"Smith, Buck and Holland",marketingqualifiedlead,72,Content,SmallBiz,United States,2026-01-20 22:37:49,false,2026-04-01 06:30:00
HS-004609,nelsongabriela4609@example.com,Fields Inc,marketingqualifiedlead,53,Cold Outreach,SmallBiz,United Kingdom,2025-11-07 12:29:32,false,2026-04-01 06:30:00
HS-004610,phill4610@example.com,Mckee-Lee,lead,7,Content,MidMarket,United Kingdom,2026-02-08 12:55:32,false,2026-04-01 06:30:00
HS-004611,washingtonleslie4611@example.com,"Wallace, Smith and Cooper",lead,17,Content Download,Small Business,United States,2025-11-15 18:02:52,false,2026-04-01 06:30:00
HS-004612,kelsey854612@example.com,Simon Ltd,lead,11,Partner,SMB,United States,2025-11-27 19:37:14,false,2026-04-01 06:30:00
HS-004613,alexanderkeller4613@example.com,Kramer-Lane,marketingqualifiedlead,88,Channel,SMB,Australia,2025-11-06 09:36:07,false,2026-04-01 06:30:00
HS-004614,kimthompson4614@example.com,"Carlson, Hooper and Wall",lead,28,Channel,smb,United Kingdom,2025-10-27 06:24:25,false,2026-04-01 06:30:00
HS-004615,hicksjustin4615@example.com,Bell-Lane,lead,37,inbound,Strategic,Germany,2026-03-15 06:54:26,false,2026-04-01 06:30:00
HS-004616,uperez4616@example.com,Kirby and Sons,lead,30,PPC,SMB,Canada,2025-12-25 00:58:14,false,2026-04-01 06:30:00
HS-004617,ysandoval4617@example.com,Levy-May,lead,5,Word of Mouth,Small Business,United Kingdom,2025-10-15 11:24:28,false,2026-04-01 06:30:00
HS-004618,edwardsjoshua4618@example.com,Duran Group,lead,14,Cold Outreach,Mid-Market,United States,2025-12-01 03:26:00,false,2026-04-01 06:30:00
HS-004619,uwilliams4619@example.com,Wright and Sons,lead,36,Event,MM,United Kingdom,2025-11-05 08:19:08,false,2026-04-01 06:30:00
HS-004620,ashley214620@example.com,Donovan-Harris,lead,27,Inbound,Small Business,Germany,2025-11-03 02:48:26,false,2026-04-01 06:30:00
HS-004621,christopher414621@example.com,"Morrison, Russo and Lopez",marketingqualifiedlead,84,Content,Mid Market,Canada,2026-01-12 14:01:46,false,2026-04-01 06:30:00
HS-004622,knightsamantha4622@example.com,Lopez-Curry,marketingqualifiedlead,55,Cold Outreach,smb,United States,2026-03-15 00:44:34,false,2026-04-01 06:30:00
HS-004623,mark404623@example.com,Anderson-Bell,lead,16,inbound,Mid-Market,United States,2025-10-11 20:15:39,false,2026-04-01 06:30:00
HS-004624,johnstonnicholas4624@example.com,Bishop-Goodwin,lead,25,PPC,Mid Market,Australia,2025-09-05 13:27:57,false,2026-04-01 06:30:00
HS-004625,brittanyhayes4625@example.com,Morse PLC,marketingqualifiedlead,85,outbound,Small Business,Australia,2026-01-05 10:06:30,false,2026-04-01 06:30:00
HS-004626,lhoward4626@example.com,"Ferrell, Jones and Lewis",marketingqualifiedlead,81,Paid,enterprise,United Kingdom,2026-02-21 20:18:10,false,2026-04-01 06:30:00
HS-004627,woodsaaron4627@example.com,Davis Ltd,lead,22,Cold Outreach,smb,United States,2026-01-16 22:39:28,false,2026-04-01 06:30:00
HS-004628,andrewjackson4628@example.com,Bailey LLC,lead,22,Content Download,smb,Canada,2025-09-08 23:18:29,false,2026-04-01 06:30:00
HS-004629,elizabethjones4629@example.com,"Mullen, Brewer and Hernandez",marketingqualifiedlead,55,Trade Show,smb,Germany,2025-11-14 23:18:33,false,2026-04-01 06:30:00
HS-004630,udavis4630@example.com,"Gray, Montoya and Miller",lead,12,outbound,SmallBiz,Canada,2026-01-06 00:27:29,false,2026-04-01 06:30:00
HS-004631,hernandezcharles4631@example.com,Mcdaniel Group,marketingqualifiedlead,84,Cold Outreach,Small Business,Germany,2025-11-15 20:38:43,false,2026-04-01 06:30:00
HS-004632,ashleywalton4632@example.com,"Norris, Callahan and Bishop",marketingqualifiedlead,46,Trade Show,smb,United Kingdom,2026-01-18 14:20:25,false,2026-04-01 06:30:00
HS-004633,nbullock4633@example.com,Williams Ltd,lead,37,Content,Mid Market,Australia,2026-02-09 16:09:12,false,2026-04-01 06:30:00
HS-004634,kford4634@example.com,"Morrison, Russo and Lopez",lead,23,Referral,MM,Canada,2025-09-23 20:10:25,false,2026-04-01 06:30:00
HS-004635,ksullivan4635@example.com,White Ltd,lead,34,IB,Small Business,United States,2025-11-18 10:47:53,false,2026-04-01 06:30:00
HS-004636,klewis4636@example.com,"Barnett, Rogers and Snyder",lead,35,outbound,MM,Australia,2025-09-28 06:37:15,false,2026-04-01 06:30:00
HS-004637,ehenry4637@example.com,Combs Ltd,marketingqualifiedlead,83,Content Download,Small Business,Canada,2025-10-26 17:33:15,false,2026-04-01 06:30:00
HS-004638,christopherguzman4638@example.com,Sutton-Abbott,lead,27,Partner,SmallBiz,Australia,2025-12-27 11:58:07,false,2026-04-01 06:30:00
HS-004639,davidpearson4639@example.com,Taylor PLC,lead,29,PPC,SMB,Canada,2025-10-22 16:20:11,false,2026-04-01 06:30:00
HS-004640,stevensmatthew4640@example.com,"Anderson, Roberts and Gilmore",marketingqualifiedlead,65,outbound,ENT,Australia,2026-02-06 18:29:30,false,2026-04-01 06:30:00
HS-004641,awong4641@example.com,Mendez-Graham,lead,10,Cold Outreach,smb,Australia,2025-09-16 03:36:55,false,2026-04-01 06:30:00
HS-004642,john394642@example.com,Alvarado-Davidson,marketingqualifiedlead,52,Referral,Mid Market,United Kingdom,2026-02-22 13:24:19,false,2026-04-01 06:30:00
HS-004642D,john394642@example.com,Alvarado-Davidson,marketingqualifiedlead,52,Referral,Mid Market,United Kingdom,2026-02-22 13:24:19,false,2026-04-01 06:30:00
HS-004643,james914643@example.com,"Lee, Horton and Snyder",lead,29,Event,Strategic,Germany,2025-10-27 17:10:48,false,2026-04-01 06:30:00
HS-004644,mmurphy4644@example.com,Cortez LLC,marketingqualifiedlead,41,inbound,SmallBiz,United Kingdom,2026-03-19 11:35:36,false,2026-04-01 06:30:00
HS-004645,mckayemily4645@example.com,Dougherty-Lin,marketingqualifiedlead,81,Inbound,SMB,Canada,2026-02-12 21:08:04,false,2026-04-01 06:30:00
HS-004646,hunter124646@example.com,Stewart-Bailey,marketingqualifiedlead,75,Cold Outreach,smb,Australia,2026-03-12 20:40:33,false,2026-04-01 06:30:00
HS-004647,moorebrenda4647@example.com,Terry-Bowen,lead,30,IB,enterprise,Germany,2025-12-29 09:55:52,false,2026-04-01 06:30:00
HS-004648,megan574648@example.com,"Rivera, Martinez and Richardson",marketingqualifiedlead,80,Cold Outreach,SmallBiz,United Kingdom,2025-10-17 06:14:05,false,2026-04-01 06:30:00
HS-004649,snelson4649@example.com,Hernandez Group,lead,21,inbound,SmallBiz,Australia,2026-01-10 16:30:12,false,2026-04-01 06:30:00
HS-004650,smarsh4650@example.com,Larson-Holloway,marketingqualifiedlead,56,Referral,SmallBiz,Canada,2025-12-22 23:39:22,false,2026-04-01 06:30:00
HS-004651,dsmith4651@example.com,Edwards Group,marketingqualifiedlead,86,Content Download,Mid-Market,United Kingdom,2025-11-15 22:19:11,false,2026-04-01 06:30:00
HS-004652,taylortammy4652@example.com,"Rivera, Martinez and Richardson",lead,32,Cold Outreach,SmallBiz,United Kingdom,2026-01-14 15:14:42,false,2026-04-01 06:30:00
HS-004653,tfoster4653@example.com,"Harper, Smith and Buchanan",lead,13,Referral,MM,United States,2025-10-28 03:50:46,false,2026-04-01 06:30:00
HS-004654,tcrawford4654@example.com,Fisher-Eaton,lead,28,Partner,Small Business,United Kingdom,2026-03-02 21:49:16,false,2026-04-01 06:30:00
HS-004655,twatkins4655@example.com,Sutton-Abbott,lead,15,Outbound,smb,Australia,2026-02-18 07:05:03,false,2026-04-01 06:30:00
HS-004656,barnesjames4656@example.com,Green LLC,lead,21,Content,Enterprise,Canada,2026-01-17 16:18:49,false,2026-04-01 06:30:00
HS-004657,ronald044657@example.com,Taylor and Sons,lead,34,Content Download,Small Business,Australia,2025-11-27 18:03:46,false,2026-04-01 06:30:00
HS-004658,antonio634658@example.com,Adams-Clayton,lead,25,Paid,Mid Market,United States,2026-01-17 06:21:35,false,2026-04-01 06:30:00
HS-004659,leroy374659@example.com,Johnston-Odonnell,marketingqualifiedlead,73,Channel,MM,United Kingdom,2025-09-04 19:03:41,false,2026-04-01 06:30:00
HS-004660,benjaminstevenson4660@example.com,Gutierrez Group,marketingqualifiedlead,43,Word of Mouth,Strategic,Australia,2026-01-02 05:48:31,false,2026-04-01 06:30:00
HS-004661,annette924661@example.com,"Conner, Li and Santiago",lead,38,Content,smb,Australia,2026-01-13 16:40:05,false,2026-04-01 06:30:00
HS-004662,halexander4662@example.com,Cook-Oliver,marketingqualifiedlead,83,PPC,Small Business,Germany,2025-11-11 23:41:56,false,2026-04-01 06:30:00
HS-004663,derrick634663@example.com,Torres-Pope,lead,29,Outbound,MidMarket,Germany,2025-09-05 02:29:10,false,2026-04-01 06:30:00
HS-004664,jamie594664@example.com,"Martinez, Richardson and Curry",lead,27,IB,SMB,United States,2025-09-23 06:42:56,false,2026-04-01 06:30:00
HS-004665,lball4665@example.com,"Miller, Ramos and Coleman",lead,39,inbound,MM,United Kingdom,2025-10-05 17:45:06,false,2026-04-01 06:30:00
HS-004666,michael284666@example.com,Foster-Mclaughlin,marketingqualifiedlead,65,Content,enterprise,United Kingdom,2026-01-13 17:06:53,false,2026-04-01 06:30:00
HS-004667,stevencraig4667@example.com,Schultz Inc,marketingqualifiedlead,78,Referral,MidMarket,United Kingdom,2025-11-26 00:10:29,false,2026-04-01 06:30:00
HS-004668,fevans4668@example.com,"Larsen, Hernandez and Ward",marketingqualifiedlead,61,Outbound,smb,Australia,2025-10-16 16:12:35,false,2026-04-01 06:30:00
HS-004669,christina894669@example.com,Crosby-Ramirez,marketingqualifiedlead,67,Content,Strategic,Australia,2025-08-29 12:02:54,false,2026-04-01 06:30:00
HS-004670,cheryl544670@example.com,Holmes-Mcintyre,marketingqualifiedlead,60,Trade Show,MM,United States,2026-03-20 00:04:29,false,2026-04-01 06:30:00
HS-004671,psandoval4671@example.com,Williams-Berg,lead,14,inbound,Small Business,United Kingdom,2025-12-01 05:19:45,false,2026-04-01 06:30:00
HS-004672,teresa444672@example.com,"Martin, Rose and Obrien",marketingqualifiedlead,59,Outbound,MM,United Kingdom,2025-12-19 09:44:43,false,2026-04-01 06:30:00
HS-004673,kylescott4673@example.com,Li PLC,lead,16,Outbound,SmallBiz,United States,2025-10-24 12:22:13,false,2026-04-01 06:30:00
HS-004674,connerkevin4674@example.com,Chandler-Edwards,marketingqualifiedlead,61,inbound,smb,United States,2025-12-10 19:35:53,false,2026-04-01 06:30:00
HS-004674D,connerkevin4674@example.com,Chandler-Edwards,marketingqualifiedlead,61,inbound,smb,United States,2025-12-10 19:35:53,false,2026-04-01 06:30:00
HS-004675,fostersarah4675@example.com,Ramirez and Sons,lead,31,outbound,Small Business,Germany,2025-11-25 12:29:28,false,2026-04-01 06:30:00
HS-004676,karensanchez4676@example.com,King-Smith,marketingqualifiedlead,53,outbound,MM,United Kingdom,2026-03-03 16:05:42,false,2026-04-01 06:30:00
HS-004677,joshua744677@example.com,Ray PLC,lead,16,Inbound,MM,United Kingdom,2025-09-05 09:33:18,false,2026-04-01 06:30:00
HS-004678,baileynelson4678@example.com,Anderson-Wood,marketingqualifiedlead,63,inbound,Small Business,Australia,2025-12-18 01:14:50,false,2026-04-01 06:30:00
HS-004679,hbaker4679@example.com,Haynes-Watson,lead,10,Paid,SMB,Germany,2026-03-20 00:29:34,false,2026-04-01 06:30:00
HS-004680,dustinwilliams4680@example.com,Martin Group,marketingqualifiedlead,53,IB,SMB,United States,2026-02-21 06:09:04,false,2026-04-01 06:30:00
HS-004681,vincent294681@example.com,"Sanders, Ayala and Johnson",marketingqualifiedlead,49,Content,Small Business,Canada,2025-11-15 15:49:47,false,2026-04-01 06:30:00
HS-004682,ncummings4682@example.com,King-Martinez,lead,31,Inbound,Mid-Market,Canada,2026-01-27 15:18:37,false,2026-04-01 06:30:00
HS-004683,cory214683@example.com,Rose-Fowler,lead,31,Outbound,Mid Market,United Kingdom,2025-12-20 03:57:41,false,2026-04-01 06:30:00
HS-004684,cuevaskathleen4684@example.com,Wilcox-Robertson,marketingqualifiedlead,81,PPC,Small Business,United Kingdom,2026-02-14 05:23:00,false,2026-04-01 06:30:00
HS-004685,sanderson4685@example.com,"Kelley, Nguyen and Vang",lead,19,Referral,MM,United Kingdom,2026-02-16 18:05:18,false,2026-04-01 06:30:00
HS-004686,dariusmendoza4686@example.com,"Webb, Romero and Morse",lead,16,IB,SmallBiz,Australia,2025-09-25 04:36:42,false,2026-04-01 06:30:00
HS-004687,mendozakevin4687@example.com,Gilbert-Bullock,lead,11,Cold Outreach,Small Business,United States,2025-09-09 02:18:42,false,2026-04-01 06:30:00
HS-004688,james654688@example.com,"Stanley, Tucker and Lee",lead,21,Outbound,MidMarket,Canada,2026-02-17 06:42:25,false,2026-04-01 06:30:00
HS-004689,thomas924689@example.com,"Erickson, Armstrong and Lee",lead,20,Outbound,enterprise,Canada,2025-10-29 00:26:49,false,2026-04-01 06:30:00
HS-004690,benjaminsmith4690@example.com,Campbell Inc,marketingqualifiedlead,79,outbound,Mid Market,Canada,2026-01-10 17:27:57,false,2026-04-01 06:30:00
HS-004691,joshua644691@example.com,Faulkner-Grant,marketingqualifiedlead,71,Inbound,Small Business,Canada,2026-02-28 11:51:04,false,2026-04-01 06:30:00
HS-004692,jhickman4692@example.com,Hernandez Group,lead,37,Paid Ads,smb,Australia,2026-01-11 22:03:32,false,2026-04-01 06:30:00
HS-004693,ashleymorrow4693@example.com,"Morrison, Hebert and Rogers",marketingqualifiedlead,64,inbound,Mid-Market,Australia,2026-02-07 13:33:53,false,2026-04-01 06:30:00
HS-004694,phyllisbaxter4694@example.com,Burch-Montoya,marketingqualifiedlead,81,Cold Outreach,Enterprise,United States,2025-09-07 05:30:30,false,2026-04-01 06:30:00
HS-004695,taylordanny4695@example.com,Thompson-James,marketingqualifiedlead,68,Event,smb,Australia,2025-12-27 00:29:43,false,2026-04-01 06:30:00
HS-004696,zcook4696@example.com,"Carroll, Sullivan and Bass",lead,32,Trade Show,Mid Market,Germany,2025-09-14 21:38:00,false,2026-04-01 06:30:00
HS-004697,allison964697@example.com,Parks-Pace,marketingqualifiedlead,57,Inbound,smb,Australia,2026-02-15 17:53:43,false,2026-04-01 06:30:00
HS-004698,markrogers4698@example.com,"Yates, Ramsey and Pittman",lead,15,IB,Small Business,Germany,2025-11-23 05:14:08,false,2026-04-01 06:30:00
HS-004699,jmaynard4699@example.com,David-Powers,marketingqualifiedlead,67,Outbound,smb,Germany,2026-03-06 02:12:45,false,2026-04-01 06:30:00
HS-004700,farellano4700@example.com,"Thomas, Murray and King",marketingqualifiedlead,87,IB,SMB,Canada,2026-02-09 16:51:58,false,2026-04-01 06:30:00
HS-004701,sherylgreen4701@example.com,Lee-Wright,lead,25,Inbound,SMB,Canada,2026-03-28 11:48:41,false,2026-04-01 06:30:00
HS-004702,angela344702@example.com,"West, Henderson and Ramirez",lead,23,outbound,Small Business,Germany,2026-01-08 00:20:55,false,2026-04-01 06:30:00
HS-004703,randy314703@example.com,Haynes-Watson,lead,24,PPC,Small Business,Germany,2025-12-21 11:21:11,false,2026-04-01 06:30:00
HS-004704,walkeramber4704@example.com,Arroyo LLC,marketingqualifiedlead,82,Cold Outreach,SmallBiz,United States,2026-01-09 08:53:37,false,2026-04-01 06:30:00
HS-004705,brandon344705@example.com,"Allen, Armstrong and Graves",lead,29,inbound,SmallBiz,Australia,2025-10-05 12:45:03,false,2026-04-01 06:30:00
HS-004706,jamesrussell4706@example.com,Armstrong and Sons,marketingqualifiedlead,77,Cold Outreach,smb,Germany,2026-01-20 04:13:42,false,2026-04-01 06:30:00
HS-004707,arthurwright4707@example.com,King-Miller,marketingqualifiedlead,80,Referral,SmallBiz,United Kingdom,2025-12-19 00:56:04,false,2026-04-01 06:30:00
HS-004708,stephen244708@example.com,Davis-Gregory,marketingqualifiedlead,70,Event,SMB,Germany,2026-03-13 17:09:36,false,2026-04-01 06:30:00
HS-004709,gclark4709@example.com,"Matthews, Harrington and Rodriguez",marketingqualifiedlead,55,Outbound,Small Business,Germany,2026-02-06 22:35:34,false,2026-04-01 06:30:00
HS-004710,turnerelizabeth4710@example.com,Gonzalez Group,marketingqualifiedlead,57,Content,Strategic,Australia,2025-08-24 20:04:00,false,2026-04-01 06:30:00
HS-004711,sgordon4711@example.com,Cole LLC,marketingqualifiedlead,84,Content Download,Small Business,Canada,2025-09-23 09:39:02,false,2026-04-01 06:30:00
HS-004711D,sgordon4711@example.com,Cole LLC,marketingqualifiedlead,84,Content Download,Small Business,Canada,2025-09-23 09:39:02,false,2026-04-01 06:30:00
HS-004712,iharrington4712@example.com,Hall LLC,marketingqualifiedlead,69,Outbound,MidMarket,United Kingdom,2025-09-29 11:33:03,false,2026-04-01 06:30:00
HS-004713,johnsonlacey4713@example.com,"Holmes, Williams and Wright",marketingqualifiedlead,66,Event,SMB,United States,2026-03-17 00:53:50,false,2026-04-01 06:30:00
HS-004714,jennifer294714@example.com,Salazar Inc,lead,10,Paid,MidMarket,Canada,2025-10-16 22:38:55,false,2026-04-01 06:30:00
HS-004715,patrick904715@example.com,"Hall, Baker and Moody",marketingqualifiedlead,53,Inbound,SMB,Australia,2025-10-30 23:49:49,false,2026-04-01 06:30:00
HS-004716,oliviavaldez4716@example.com,Allen Inc,lead,16,Content Download,Small Business,Canada,2026-01-08 18:21:14,false,2026-04-01 06:30:00
HS-004717,skim4717@arcline.com,Stanley PLC,marketingqualifiedlead,50,Cold Outreach,smb,Canada,2025-12-23 21:21:59,true,2026-04-01 06:30:00
HS-004718,owensjacob4718@example.com,Strickland-Palmer,lead,8,Channel,smb,Germany,2026-02-20 10:50:28,false,2026-04-01 06:30:00
HS-004719,turnermckenzie4719@example.com,Chambers and Sons,marketingqualifiedlead,75,Inbound,enterprise,United States,2025-12-25 02:10:19,false,2026-04-01 06:30:00
HS-004719D,turnermckenzie4719@example.com,Chambers and Sons,marketingqualifiedlead,75,Inbound,enterprise,United States,2025-12-25 02:10:19,false,2026-04-01 06:30:00
HS-004720,mooreamanda4720@example.com,"Brennan, Wallace and Benson",lead,25,Cold Outreach,SmallBiz,Australia,2025-12-21 21:39:18,false,2026-04-01 06:30:00
HS-004721,stacey224721@example.com,"Stuart, Brooks and Vance",marketingqualifiedlead,54,Cold Outreach,Mid Market,Australia,2025-10-25 20:32:34,false,2026-04-01 06:30:00
HS-004722,robert524722@example.com,Wilson-Malone,lead,33,Outbound,Mid Market,Australia,2025-12-07 06:25:52,false,2026-04-01 06:30:00
HS-004723,uwalton4723@example.com,Perez-White,marketingqualifiedlead,79,Outbound,SmallBiz,United Kingdom,2025-11-23 16:38:00,false,2026-04-01 06:30:00
HS-004724,jamesanderson4724@example.com,"Rivera, Martinez and Richardson",lead,9,inbound,SMB,United Kingdom,2025-10-29 22:22:06,false,2026-04-01 06:30:00
HS-004725,cindyhall4725@example.com,Gomez-Jenkins,marketingqualifiedlead,79,Word of Mouth,Small Business,United States,2026-03-17 11:29:14,false,2026-04-01 06:30:00
HS-004726,allenrivera4726@example.com,Moran-Cox,lead,30,Cold Outreach,Strategic,Germany,2026-02-26 08:40:35,false,2026-04-01 06:30:00
HS-004727,lewisnatalie4727@example.com,Contreras-Mckinney,marketingqualifiedlead,69,Cold Outreach,smb,United Kingdom,2025-11-13 00:40:52,false,2026-04-01 06:30:00
HS-004728,andrewgonzalez4728@example.com,"Contreras, Miller and Cooper",lead,34,Paid Ads,enterprise,United Kingdom,2025-09-11 10:41:01,false,2026-04-01 06:30:00
HS-004729,emcdonald4729@example.com,Harvey PLC,lead,30,Outbound,smb,United States,2026-01-13 10:10:31,false,2026-04-01 06:30:00
HS-004730,santiagoronald4730@example.com,Webster Inc,lead,5,inbound,smb,United States,2026-03-05 12:24:57,false,2026-04-01 06:30:00
HS-004731,adiaz4731@example.com,Garcia Ltd,marketingqualifiedlead,83,Paid Ads,MidMarket,United Kingdom,2025-09-04 10:35:39,false,2026-04-01 06:30:00
HS-004732,jchase4732@example.com,"Mueller, Stevenson and Sanchez",marketingqualifiedlead,53,Cold Outreach,SMB,Germany,2025-12-07 02:28:50,false,2026-04-01 06:30:00
HS-004733,wlynch4733@example.com,Reed LLC,lead,28,Outbound,SmallBiz,Germany,2025-10-04 11:58:24,false,2026-04-01 06:30:00
HS-004734,john024734@example.com,May-Ross,marketingqualifiedlead,70,inbound,smb,Germany,2025-09-22 22:06:23,false,2026-04-01 06:30:00
HS-004735,darlene304735@example.com,"Morris, Campbell and Owens",marketingqualifiedlead,77,Cold Outreach,SMB,Canada,2026-01-11 02:14:21,false,2026-04-01 06:30:00
HS-004736,davidgilbert4736@example.com,"Ramsey, Whitney and Coffey",marketingqualifiedlead,50,PPC,smb,Australia,2025-11-16 19:25:17,false,2026-04-01 06:30:00
HS-004737,jessicahawkins4737@example.com,Cook-Oliver,marketingqualifiedlead,63,Event,SMB,Germany,2026-01-19 14:36:02,false,2026-04-01 06:30:00
HS-004737D,jessicahawkins4737@example.com,Cook-Oliver,marketingqualifiedlead,63,Event,SMB,Germany,2026-01-19 14:36:02,false,2026-04-01 06:30:00
HS-004738,lisa234738@example.com,Ramirez-Bean,lead,31,Outbound,SmallBiz,Australia,2025-12-22 01:56:46,false,2026-04-01 06:30:00
HS-004739,robinsonjennifer4739@example.com,"Anderson, Dalton and Wilson",lead,32,Content,Small Business,Germany,2026-03-23 12:55:33,false,2026-04-01 06:30:00
HS-004740,brandonfernandez4740@example.com,"Mcmillan, Fischer and Gonzalez",marketingqualifiedlead,82,Content Download,SMB,Canada,2026-03-01 17:38:51,false,2026-04-01 06:30:00
HS-004741,zjones4741@example.com,"Martin, Preston and Moore",lead,35,outbound,Strategic,United Kingdom,2025-09-20 18:10:54,false,2026-04-01 06:30:00
HS-004742,davisjennifer4742@example.com,"Johnson, Miller and King",marketingqualifiedlead,85,Word of Mouth,smb,Canada,2025-12-15 13:41:38,false,2026-04-01 06:30:00
HS-004743,dorothyanderson4743@example.com,Durham-Shaw,lead,21,Outbound,smb,Germany,2026-02-07 03:36:05,false,2026-04-01 06:30:00
HS-004744,ibarrabrian4744@example.com,Green-Ewing,lead,37,Content,SmallBiz,United States,2025-11-05 15:51:54,false,2026-04-01 06:30:00
HS-004745,qhendricks4745@example.com,"Edwards, Hines and Jimenez",marketingqualifiedlead,53,Inbound,Mid Market,United Kingdom,2025-09-01 08:23:20,false,2026-04-01 06:30:00
HS-004746,gblair4746@example.com,"Hernandez, Martinez and Weber",marketingqualifiedlead,67,Channel,SmallBiz,Germany,2026-01-22 00:33:15,false,2026-04-01 06:30:00
HS-004747,smay4747@example.com,Burns-Ray,lead,31,IB,MidMarket,United Kingdom,2026-02-23 10:42:04,false,2026-04-01 06:30:00
HS-004748,qmorris4748@example.com,Lopez-Williams,marketingqualifiedlead,68,Referral,smb,Australia,2025-09-08 06:06:32,false,2026-04-01 06:30:00
HS-004749,yrodriguez4749@example.com,Diaz and Sons,lead,33,Event,Small Business,Germany,2025-11-13 00:11:22,false,2026-04-01 06:30:00
HS-004750,sarawilliams4750@example.com,Baxter Inc,marketingqualifiedlead,61,outbound,Small Business,United Kingdom,2026-01-17 19:07:32,false,2026-04-01 06:30:00
HS-004751,danielle384751@example.com,"Tapia, Vaughn and Lee",marketingqualifiedlead,73,Paid,smb,Canada,2026-01-06 21:55:30,false,2026-04-01 06:30:00
HS-004752,rmoore4752@example.com,"Jackson, Miller and Robertson",lead,16,Channel,Small Business,Australia,2026-02-12 02:07:50,false,2026-04-01 06:30:00
HS-004753,vfuller4753@example.com,Davis Ltd,marketingqualifiedlead,83,Cold Outreach,smb,United States,2025-12-13 05:07:44,false,2026-04-01 06:30:00
HS-004754,whitelevi4754@example.com,House-Glover,marketingqualifiedlead,86,IB,smb,Canada,2025-11-28 01:47:40,false,2026-04-01 06:30:00
HS-004755,langbrenda4755@example.com,Williams-Berg,lead,32,PPC,Small Business,United Kingdom,2025-12-31 10:57:03,false,2026-04-01 06:30:00
HS-004756,paul844756@example.com,Walker-Jones,lead,13,IB,MM,Germany,2025-12-07 22:23:07,false,2026-04-01 06:30:00
HS-004757,robin234757@example.com,"Diaz, Gibbs and Smith",marketingqualifiedlead,87,Paid Ads,MM,Germany,2025-11-15 07:16:17,false,2026-04-01 06:30:00
HS-004758,mwright4758@example.com,White-Morales,lead,16,inbound,MM,Canada,2025-10-08 05:54:28,false,2026-04-01 06:30:00
HS-004759,eberry4759@example.com,"Torres, Brown and Williams",marketingqualifiedlead,69,Inbound,SmallBiz,United States,2025-11-16 22:39:51,false,2026-04-01 06:30:00
HS-004760,corymiller4760@example.com,"Robinson, Huang and Osborne",marketingqualifiedlead,41,Cold Outreach,smb,Australia,2026-03-12 22:31:14,false,2026-04-01 06:30:00
HS-004761,wilsonstephen4761@example.com,Lopez Ltd,lead,31,Cold Outreach,MM,United Kingdom,2026-01-30 04:45:38,false,2026-04-01 06:30:00
HS-004762,youngmichael4762@example.com,"Bentley, Lynch and Henderson",marketingqualifiedlead,90,Cold Outreach,MM,United States,2025-10-16 09:59:34,false,2026-04-01 06:30:00
HS-004763,vaguirre4763@example.com,Elliott-Hernandez,lead,20,Content,Mid-Market,Canada,2025-12-01 20:13:35,false,2026-04-01 06:30:00
HS-004763D,vaguirre4763@example.com,Elliott-Hernandez,lead,20,Content,Mid-Market,Canada,2025-12-01 20:13:35,false,2026-04-01 06:30:00
HS-004764,caldwellpatricia4764@example.com,"Johnson, Guzman and Mccall",marketingqualifiedlead,55,Inbound,Small Business,Australia,2026-02-17 18:27:21,false,2026-04-01 06:30:00
HS-004764D,caldwellpatricia4764@example.com,"Johnson, Guzman and Mccall",marketingqualifiedlead,55,Inbound,Small Business,Australia,2026-02-17 18:27:21,false,2026-04-01 06:30:00
HS-004765,gibsonbrandon4765@example.com,"Butler, Beck and Miller",marketingqualifiedlead,63,Referral,SmallBiz,Australia,2026-03-01 22:26:35,false,2026-04-01 06:30:00
HS-004766,ccarter4766@example.com,Hoffman Ltd,lead,27,Event,SmallBiz,Australia,2025-09-24 09:39:53,false,2026-04-01 06:30:00
HS-004767,carmengomez4767@example.com,Harris-Carson,lead,5,Inbound,smb,Canada,2025-10-04 13:34:24,false,2026-04-01 06:30:00
HS-004768,heather294768@example.com,Hancock Inc,marketingqualifiedlead,51,Outbound,Small Business,United States,2026-03-15 07:58:43,false,2026-04-01 06:30:00
HS-004769,jill174769@example.com,Aguilar LLC,marketingqualifiedlead,48,outbound,SMB,United Kingdom,2026-02-05 10:47:26,false,2026-04-01 06:30:00
HS-004770,thompsondouglas4770@example.com,Roberts-Landry,marketingqualifiedlead,90,Outbound,smb,Germany,2026-01-15 08:34:22,false,2026-04-01 06:30:00
HS-004771,vdougherty4771@example.com,Monroe-Carpenter,lead,7,IB,Mid-Market,United Kingdom,2026-03-16 15:58:31,false,2026-04-01 06:30:00
HS-004772,john874772@example.com,Arroyo LLC,lead,6,Event,SmallBiz,United States,2025-10-05 15:42:26,false,2026-04-01 06:30:00
HS-004773,frankward4773@example.com,Baker-Wilson,lead,24,Inbound,MM,United Kingdom,2025-12-26 08:08:41,false,2026-04-01 06:30:00
HS-004774,edward164774@example.com,"Edwards, Hines and Jimenez",lead,17,PPC,MM,United Kingdom,2025-09-18 04:08:09,false,2026-04-01 06:30:00
HS-004775,nicholasflores4775@example.com,"Lopez, Jacobs and Mason",lead,22,inbound,enterprise,Canada,2026-02-24 10:28:06,false,2026-04-01 06:30:00
HS-004776,brittany634776@example.com,Davis PLC,marketingqualifiedlead,60,inbound,MM,United States,2025-12-24 09:15:35,false,2026-04-01 06:30:00
HS-004777,jodysmith4777@example.com,Kelley-Anderson,lead,27,Partner,SMB,Germany,2025-11-16 04:06:06,false,2026-04-01 06:30:00
HS-004778,jamesroberts4778@example.com,"Miller, Lucas and Williams",marketingqualifiedlead,66,Content,Enterprise,United Kingdom,2025-11-10 23:39:30,false,2026-04-01 06:30:00
HS-004779,scott044779@example.com,Wilson Ltd,marketingqualifiedlead,64,Inbound,Small Business,United Kingdom,2026-02-10 10:39:12,false,2026-04-01 06:30:00
HS-004780,lromero4780@example.com,Baker and Sons,lead,33,inbound,Enterprise,Australia,2025-10-09 20:10:36,false,2026-04-01 06:30:00
HS-004781,alexander704781@example.com,"Price, Long and Wilson",marketingqualifiedlead,54,Content Download,MidMarket,United States,2025-11-03 00:22:25,false,2026-04-01 06:30:00
HS-004782,alexbrooks4782@example.com,"Thomas, Ford and Brown",lead,13,Outbound,SmallBiz,United States,2025-11-24 19:47:25,false,2026-04-01 06:30:00
HS-004783,rcannon4783@example.com,Williams Ltd,marketingqualifiedlead,80,Inbound,MM,Australia,2025-12-12 06:42:35,false,2026-04-01 06:30:00
HS-004783D,rcannon4783@example.com,Williams Ltd,marketingqualifiedlead,80,Inbound,MM,Australia,2025-12-12 06:42:35,false,2026-04-01 06:30:00
HS-004784,charles534784@example.com,"Gregory, White and James",marketingqualifiedlead,88,Word of Mouth,SMB,Germany,2025-11-06 20:25:06,false,2026-04-01 06:30:00
HS-004785,ncrawford4785@example.com,"Morales, Thomas and Schultz",lead,32,IB,smb,Australia,2026-01-30 04:23:42,false,2026-04-01 06:30:00
HS-004786,raywalters4786@example.com,"Simmons, Meadows and Griffin",lead,22,outbound,Mid Market,Australia,2026-02-28 16:31:12,false,2026-04-01 06:30:00
HS-004787,ernestrich4787@example.com,Landry Ltd,lead,30,Inbound,MidMarket,United States,2025-12-19 10:43:20,false,2026-04-01 06:30:00
HS-004788,robert424788@example.com,Russell-Daniels,lead,35,Event,Small Business,Canada,2026-03-26 15:52:26,false,2026-04-01 06:30:00
HS-004789,emorse4789@example.com,Dominguez Ltd,lead,10,IB,MidMarket,Canada,2025-09-02 09:34:33,false,2026-04-01 06:30:00
HS-004789D,emorse4789@example.com,Dominguez Ltd,lead,10,IB,MidMarket,Canada,2025-09-02 09:34:33,false,2026-04-01 06:30:00
HS-004790,laura254790@example.com,Davis PLC,marketingqualifiedlead,77,Content,Mid Market,United States,2025-12-07 15:10:10,false,2026-04-01 06:30:00
HS-004791,andresmiller4791@example.com,Spencer-Garcia,marketingqualifiedlead,69,outbound,Mid Market,United States,2026-01-06 05:24:24,false,2026-04-01 06:30:00
HS-004792,fbailey4792@example.com,Wilson-Jimenez,marketingqualifiedlead,70,Inbound,SmallBiz,Australia,2026-03-17 07:13:02,false,2026-04-01 06:30:00
HS-004793,lisaanderson4793@example.com,Hill Group,marketingqualifiedlead,88,Cold Outreach,Mid-Market,Canada,2025-11-13 18:57:38,false,2026-04-01 06:30:00
HS-004794,ashley224794@example.com,"Howard, Silva and Hall",lead,19,Partner,SmallBiz,United Kingdom,2026-03-09 15:11:55,false,2026-04-01 06:30:00
HS-004795,daryl564795@example.com,"Walsh, Wu and Hart",marketingqualifiedlead,90,inbound,SmallBiz,Germany,2025-08-30 13:55:27,false,2026-04-01 06:30:00
HS-004796,bobbyvargas4796@example.com,"Chan, Lewis and Walker",marketingqualifiedlead,69,PPC,Mid Market,Australia,2026-02-12 10:58:09,false,2026-04-01 06:30:00
HS-004797,katherine964797@example.com,Hernandez PLC,lead,12,Cold Outreach,SMB,Canada,2025-10-11 11:25:21,false,2026-04-01 06:30:00
HS-004798,ryanford4798@example.com,Byrd-Holloway,lead,19,Inbound,MidMarket,Germany,2025-12-09 10:24:09,false,2026-04-01 06:30:00
HS-004799,debbiejackson4799@example.com,"Newton, Moore and Perry",marketingqualifiedlead,85,outbound,SMB,Australia,2026-01-28 01:55:49,false,2026-04-01 06:30:00
HS-004800,elizabeth204800@example.com,Burns-Ray,lead,33,Content,Mid Market,United Kingdom,2026-03-25 19:24:08,false,2026-04-01 06:30:00
HS-004801,vbennett4801@example.com,"Estrada, Williams and Foster",marketingqualifiedlead,45,inbound,SMB,Australia,2026-03-14 06:45:41,false,2026-04-01 06:30:00
HS-004802,cindy084802@example.com,Carter LLC,lead,38,IB,SmallBiz,United States,2025-09-07 23:53:50,false,2026-04-01 06:30:00
HS-004803,colton314803@example.com,Small-Anderson,lead,26,Partner,SMB,United Kingdom,2025-09-03 21:52:48,false,2026-04-01 06:30:00
HS-004804,dianawolf4804@example.com,Weaver-Thompson,marketingqualifiedlead,54,Trade Show,SmallBiz,Canada,2025-09-25 06:21:39,false,2026-04-01 06:30:00
HS-004805,williamsaudrey4805@example.com,Miller-Brandt,marketingqualifiedlead,64,outbound,SMB,Germany,2026-02-18 14:00:05,false,2026-04-01 06:30:00
HS-004806,janetmoore4806@example.com,Matthews Inc,lead,29,Content,Small Business,Canada,2025-12-02 08:49:39,false,2026-04-01 06:30:00
HS-004807,thompsonedwin4807@example.com,"Monroe, Chapman and Barton",marketingqualifiedlead,78,Trade Show,smb,Germany,2025-11-30 17:37:59,false,2026-04-01 06:30:00
HS-004808,kimberlywatson4808@arcline.com,Coffey-Phillips,marketingqualifiedlead,84,Inbound,Mid-Market,United Kingdom,2026-02-06 08:27:33,true,2026-04-01 06:30:00
HS-004809,william154809@example.com,Gonzales Inc,marketingqualifiedlead,54,Outbound,smb,United Kingdom,2025-09-18 00:49:52,false,2026-04-01 06:30:00
HS-004810,mollystephens4810@example.com,Anderson-Bell,marketingqualifiedlead,72,Content Download,MidMarket,United States,2026-02-02 03:27:58,false,2026-04-01 06:30:00
HS-004811,tesparza4811@example.com,Gray Ltd,marketingqualifiedlead,44,Cold Outreach,SmallBiz,United States,2025-12-27 20:58:36,false,2026-04-01 06:30:00
HS-004812,garciabrandi4812@example.com,Murphy PLC,marketingqualifiedlead,44,IB,smb,United States,2025-11-27 00:56:27,false,2026-04-01 06:30:00
HS-004813,jose804813@example.com,Jones-Soto,lead,28,Outbound,SmallBiz,United Kingdom,2026-02-28 17:50:36,false,2026-04-01 06:30:00
HS-004814,tparker4814@example.com,"Alvarado, Miller and Patterson",lead,23,outbound,Small Business,United Kingdom,2025-10-27 00:27:53,false,2026-04-01 06:30:00
HS-004815,marynunez4815@example.com,Jones Inc,lead,31,Inbound,Enterprise,United States,2025-12-06 04:30:25,false,2026-04-01 06:30:00
HS-004816,nortongregory4816@example.com,Wilson-Salazar,marketingqualifiedlead,62,Event,SmallBiz,Australia,2026-03-10 21:15:53,false,2026-04-01 06:30:00
HS-004817,hramos4817@example.com,Smith-Grimes,lead,35,IB,smb,United States,2026-03-04 19:29:30,false,2026-04-01 06:30:00
HS-004818,usanchez4818@example.com,Gomez and Sons,marketingqualifiedlead,64,Trade Show,Mid-Market,Germany,2026-02-27 14:26:11,false,2026-04-01 06:30:00
HS-004819,kimberly664819@example.com,Reyes Group,marketingqualifiedlead,64,Trade Show,Small Business,United Kingdom,2025-10-20 18:20:46,false,2026-04-01 06:30:00
HS-004820,sonya644820@example.com,"Durham, Hopkins and Smith",marketingqualifiedlead,55,Partner,Small Business,United Kingdom,2025-12-27 16:44:19,false,2026-04-01 06:30:00
HS-004821,larsonjennifer4821@example.com,Garcia-Lozano,lead,6,Outbound,Enterprise,United Kingdom,2026-03-10 01:47:56,false,2026-04-01 06:30:00
HS-004822,kennethwhite4822@example.com,Brooks and Sons,lead,7,Word of Mouth,Mid-Market,Australia,2026-02-19 15:54:17,false,2026-04-01 06:30:00
HS-004823,jennifergraham4823@example.com,"Newton, Moore and Perry",marketingqualifiedlead,65,IB,Small Business,Australia,2026-03-01 20:55:58,false,2026-04-01 06:30:00
HS-004824,haroldlee4824@example.com,"Perez, Hall and Garcia",lead,19,Referral,enterprise,Canada,2025-09-29 09:25:13,false,2026-04-01 06:30:00
HS-004825,torrescaleb4825@example.com,Cook-Oliver,marketingqualifiedlead,51,Word of Mouth,SMB,Germany,2025-11-07 22:28:50,false,2026-04-01 06:30:00
HS-004826,frank484826@example.com,Andersen Group,marketingqualifiedlead,63,Inbound,smb,Germany,2026-03-08 06:53:36,false,2026-04-01 06:30:00
HS-004827,laurarodriguez4827@example.com,Stevens-Robinson,lead,28,IB,smb,Canada,2025-10-12 22:20:21,false,2026-04-01 06:30:00
HS-004828,kpace4828@example.com,Small-Anderson,marketingqualifiedlead,85,Content Download,SmallBiz,United Kingdom,2025-12-29 06:53:00,false,2026-04-01 06:30:00
HS-004829,davismichelle4829@example.com,Smith-Lewis,lead,30,inbound,Mid Market,Canada,2026-01-05 11:45:40,false,2026-04-01 06:30:00
HS-004830,whernandez4830@example.com,Kerr-Evans,marketingqualifiedlead,80,IB,SMB,United States,2025-09-17 23:34:44,false,2026-04-01 06:30:00
HS-004831,mchapman4831@example.com,"Pollard, Simpson and Johnson",lead,38,Word of Mouth,smb,United States,2026-02-28 13:18:55,false,2026-04-01 06:30:00
HS-004832,barbara814832@example.com,Smith PLC,lead,34,IB,Small Business,Canada,2025-11-29 05:16:48,false,2026-04-01 06:30:00
HS-004833,williegonzalez4833@example.com,Kramer-Lane,marketingqualifiedlead,65,inbound,Small Business,Australia,2025-10-12 08:51:52,false,2026-04-01 06:30:00
HS-004834,brownnancy4834@example.com,Castro-Harvey,marketingqualifiedlead,53,outbound,SMB,United States,2026-01-22 07:10:28,false,2026-04-01 06:30:00
HS-004835,vortiz4835@example.com,Wright Ltd,marketingqualifiedlead,43,Content,Mid Market,Germany,2025-12-04 08:02:09,false,2026-04-01 06:30:00
HS-004836,jasminbrown4836@example.com,Williams PLC,lead,37,Inbound,Enterprise,United Kingdom,2025-10-17 00:26:15,false,2026-04-01 06:30:00
HS-004837,sharon284837@example.com,Miller Group,lead,35,Trade Show,Enterprise,United States,2026-01-11 20:00:24,false,2026-04-01 06:30:00
HS-004838,james634838@example.com,Boone-Davis,marketingqualifiedlead,90,IB,smb,United Kingdom,2025-09-08 09:27:56,false,2026-04-01 06:30:00
HS-004839,smithcrystal4839@example.com,Whitney PLC,lead,20,Content,Strategic,United Kingdom,2026-02-04 01:52:31,false,2026-04-01 06:30:00
HS-004840,lisa434840@example.com,May-Turner,marketingqualifiedlead,57,inbound,SMB,Germany,2025-10-18 19:39:41,false,2026-04-01 06:30:00
HS-004841,andreasmith4841@example.com,"Lopez, Jacobs and Mason",lead,24,inbound,ENT,Canada,2025-12-08 17:11:19,false,2026-04-01 06:30:00
HS-004842,angela264842@example.com,"Bryan, Smith and Booth",marketingqualifiedlead,72,Paid Ads,smb,Australia,2025-12-17 16:43:17,false,2026-04-01 06:30:00
HS-004843,donnacunningham4843@example.com,"Ashley, Allen and Sanchez",marketingqualifiedlead,87,Outbound,smb,Germany,2025-12-01 22:55:21,false,2026-04-01 06:30:00
HS-004844,brownraymond4844@example.com,Faulkner-Grant,lead,7,inbound,SMB,Canada,2026-01-18 04:46:42,false,2026-04-01 06:30:00
HS-004845,dmartin4845@example.com,"Gray, Montoya and Miller",lead,23,Inbound,SMB,Canada,2025-12-11 05:31:32,false,2026-04-01 06:30:00
HS-004846,omahoney4846@example.com,"Beard, Peters and Black",lead,7,Inbound,Mid-Market,United States,2026-03-30 00:07:33,false,2026-04-01 06:30:00
HS-004847,meganhaney4847@example.com,Miller Ltd,marketingqualifiedlead,77,Outbound,Small Business,United Kingdom,2025-12-19 22:56:19,false,2026-04-01 06:30:00
HS-004848,nicolemason4848@example.com,Hudson-Sanchez,lead,22,IB,smb,Germany,2025-10-10 13:43:02,false,2026-04-01 06:30:00
HS-004849,nnunez4849@example.com,Davis Group,lead,30,Content,Mid-Market,Germany,2025-10-07 07:00:48,false,2026-04-01 06:30:00
HS-004850,lisarussell4850@example.com,"Walker, Hernandez and Baker",lead,31,inbound,SmallBiz,Canada,2025-09-02 15:26:23,false,2026-04-01 06:30:00
HS-004851,wagnercynthia4851@example.com,Miller-Colon,lead,20,IB,Mid-Market,United States,2025-10-15 06:51:35,false,2026-04-01 06:30:00
HS-004852,dthompson4852@example.com,"Patterson, Smith and Jones",lead,35,inbound,Small Business,Germany,2025-09-30 13:24:26,false,2026-04-01 06:30:00
HS-004853,wrightandrea4853@example.com,"Graham, Olsen and Costa",lead,26,IB,SmallBiz,Australia,2025-11-11 06:50:47,false,2026-04-01 06:30:00
HS-004854,smithcharles4854@example.com,Foster-Williams,marketingqualifiedlead,90,Inbound,smb,United States,2025-10-29 16:01:15,false,2026-04-01 06:30:00
HS-004855,elizabethmoody4855@example.com,"Davis, George and Nguyen",marketingqualifiedlead,48,Paid,smb,Germany,2026-02-09 05:55:22,false,2026-04-01 06:30:00
HS-004856,rachellove4856@example.com,Powell LLC,marketingqualifiedlead,85,Referral,SMB,United Kingdom,2025-09-05 05:00:18,false,2026-04-01 06:30:00
HS-004857,coryfernandez4857@example.com,"Bryan, Smith and Booth",marketingqualifiedlead,80,outbound,SMB,Australia,2026-02-09 21:08:15,false,2026-04-01 06:30:00
HS-004858,michaellopez4858@example.com,Todd-Pham,lead,25,Paid,Small Business,Australia,2025-11-07 05:30:02,false,2026-04-01 06:30:00
HS-004859,ricemark4859@example.com,Edwards Group,lead,12,Event,MM,United Kingdom,2025-12-16 12:10:19,false,2026-04-01 06:30:00
HS-004860,sullivanpaula4860@example.com,Small-Anderson,lead,39,IB,SMB,United Kingdom,2025-12-31 03:18:09,false,2026-04-01 06:30:00
HS-004861,pcruz4861@example.com,"Buchanan, Walker and Chapman",lead,20,Cold Outreach,Enterprise,Australia,2026-03-22 05:15:18,false,2026-04-01 06:30:00
HS-004862,hendersoncrystal4862@example.com,"Austin, Day and Johnson",marketingqualifiedlead,74,IB,Mid-Market,Canada,2026-01-30 13:15:01,false,2026-04-01 06:30:00
HS-004863,margaret204863@example.com,Wagner-King,marketingqualifiedlead,61,Partner,SmallBiz,Australia,2025-12-27 04:44:37,false,2026-04-01 06:30:00
HS-004864,chaselisa4864@example.com,Williams-Williams,lead,20,IB,Enterprise,United States,2025-11-21 17:04:10,false,2026-04-01 06:30:00
HS-004865,kaylahowell4865@example.com,Welch-Hogan,marketingqualifiedlead,69,Event,smb,Australia,2025-09-16 04:59:30,false,2026-04-01 06:30:00
HS-004866,alawson4866@example.com,Conner and Sons,lead,10,Trade Show,SmallBiz,United States,2025-11-11 01:41:10,false,2026-04-01 06:30:00
HS-004867,murraywesley4867@example.com,"Ochoa, Garcia and Sandoval",marketingqualifiedlead,82,inbound,SmallBiz,Germany,2025-11-07 10:58:41,false,2026-04-01 06:30:00
HS-004868,gomezbrittney4868@example.com,"Vang, Stanley and Valdez",marketingqualifiedlead,42,outbound,SMB,United Kingdom,2025-12-18 18:36:20,false,2026-04-01 06:30:00
HS-004869,amberevans4869@example.com,Gomez-Jenkins,lead,32,Cold Outreach,SMB,United States,2026-02-08 02:40:27,false,2026-04-01 06:30:00
HS-004870,rthompson4870@example.com,Bishop-Goodwin,marketingqualifiedlead,76,IB,Mid-Market,Australia,2025-10-30 06:44:35,false,2026-04-01 06:30:00
HS-004871,ewinglynn4871@example.com,"Booker, Jones and Harrington",lead,34,inbound,SmallBiz,United States,2026-03-24 02:56:10,false,2026-04-01 06:30:00
HS-004872,jacquelinebennett4872@example.com,"Smith, Gilmore and Johnston",marketingqualifiedlead,54,Channel,Small Business,United Kingdom,2026-02-05 15:52:30,false,2026-04-01 06:30:00
HS-004873,wferguson4873@example.com,Brady LLC,marketingqualifiedlead,66,Content,Mid Market,Canada,2025-09-28 13:49:07,false,2026-04-01 06:30:00
HS-004874,cherylgomez4874@example.com,Whitney PLC,marketingqualifiedlead,67,Outbound,ENT,United Kingdom,2025-10-23 22:45:43,false,2026-04-01 06:30:00
HS-004875,taylorshane4875@example.com,Oconnor PLC,marketingqualifiedlead,55,Word of Mouth,MM,Germany,2025-10-17 02:23:19,false,2026-04-01 06:30:00
HS-004876,christina994876@example.com,Evans-Jones,marketingqualifiedlead,68,Outbound,SmallBiz,Australia,2025-10-08 03:07:20,false,2026-04-01 06:30:00
HS-004877,matthewwalker4877@example.com,"Adams, Christian and Rivas",marketingqualifiedlead,49,Partner,enterprise,United Kingdom,2025-12-02 08:16:12,false,2026-04-01 06:30:00
HS-004878,emily074878@example.com,Walton LLC,lead,15,Cold Outreach,Mid Market,United States,2025-09-24 06:18:07,false,2026-04-01 06:30:00
HS-004879,olivia994879@example.com,"Hernandez, Cole and Watson",lead,18,outbound,Strategic,Canada,2025-12-17 03:24:58,false,2026-04-01 06:30:00
HS-004880,wallacecourtney4880@example.com,Castillo-Harrington,lead,23,inbound,SmallBiz,Canada,2025-10-18 18:20:59,false,2026-04-01 06:30:00
HS-004881,kathyjenkins4881@example.com,Foster Inc,marketingqualifiedlead,68,outbound,enterprise,Australia,2025-10-14 12:01:20,false,2026-04-01 06:30:00
HS-004882,bryan794882@example.com,Petersen PLC,marketingqualifiedlead,81,Inbound,SmallBiz,Germany,2026-01-27 11:10:55,false,2026-04-01 06:30:00
HS-004883,jwashington4883@example.com,Alexander-Jordan,lead,5,IB,smb,Canada,2025-10-01 20:39:52,false,2026-04-01 06:30:00
HS-004884,trancaitlin4884@example.com,"Evans, Hernandez and Cannon",marketingqualifiedlead,47,IB,SMB,Australia,2025-10-20 12:34:29,false,2026-04-01 06:30:00
HS-004885,gina744885@example.com,Marshall-Elliott,marketingqualifiedlead,71,Inbound,MidMarket,Australia,2025-09-25 01:10:02,false,2026-04-01 06:30:00
HS-004886,gina944886@example.com,Hall LLC,lead,21,Channel,Mid-Market,United Kingdom,2026-03-26 19:52:20,false,2026-04-01 06:30:00
HS-004887,ghill4887@example.com,Hunt PLC,marketingqualifiedlead,89,Paid,SMB,Germany,2025-12-26 14:29:01,false,2026-04-01 06:30:00
HS-004888,leahpham4888@example.com,Moore and Sons,lead,17,outbound,Mid-Market,United States,2025-09-22 11:13:23,false,2026-04-01 06:30:00
HS-004889,daniel734889@example.com,"Butler, Hernandez and Rivera",marketingqualifiedlead,89,Inbound,SmallBiz,United States,2025-10-07 00:44:47,false,2026-04-01 06:30:00
HS-004890,mary854890@example.com,Nolan-Flynn,lead,38,Cold Outreach,Enterprise,United States,2026-01-13 16:16:21,false,2026-04-01 06:30:00
HS-004891,raymondperkins4891@example.com,"Howard, Silva and Hall",marketingqualifiedlead,51,inbound,smb,United Kingdom,2026-03-17 14:55:38,false,2026-04-01 06:30:00
HS-004892,osbornkelly4892@example.com,Li PLC,lead,11,inbound,SmallBiz,United States,2025-10-30 02:03:04,false,2026-04-01 06:30:00
HS-004893,bakerleslie4893@example.com,Wright PLC,lead,9,Content,MidMarket,United States,2026-03-14 02:55:41,false,2026-04-01 06:30:00
HS-004894,elizabethrobertson4894@example.com,Solis-West,marketingqualifiedlead,60,Cold Outreach,SMB,United States,2026-02-01 22:23:06,false,2026-04-01 06:30:00
HS-004895,uliu4895@example.com,Faulkner-Grant,lead,16,Channel,SMB,Canada,2026-01-03 02:50:43,false,2026-04-01 06:30:00
HS-004896,davidclay4896@example.com,Owens-Russell,marketingqualifiedlead,82,Partner,SmallBiz,Germany,2025-10-24 17:26:06,false,2026-04-01 06:30:00
HS-004897,martindonald4897@example.com,"Griffith, Mitchell and Pugh",marketingqualifiedlead,47,Paid Ads,SmallBiz,Australia,2025-10-03 01:15:50,false,2026-04-01 06:30:00
HS-004898,zwilliams4898@example.com,Garner-Thornton,marketingqualifiedlead,42,IB,MidMarket,United Kingdom,2025-11-01 15:31:57,false,2026-04-01 06:30:00
HS-004899,angela004899@example.com,Strickland-Shaw,marketingqualifiedlead,90,outbound,Mid Market,Germany,2025-10-31 04:34:13,false,2026-04-01 06:30:00
HS-004900,josephbass4900@example.com,Martin-Taylor,lead,32,inbound,Small Business,United States,2025-09-23 22:01:53,false,2026-04-01 06:30:00
HS-004901,abigail304901@example.com,Moore-Collins,marketingqualifiedlead,73,Cold Outreach,Small Business,Australia,2026-02-11 12:35:42,false,2026-04-01 06:30:00
HS-004902,nancyballard4902@example.com,"Osborn, Gaines and Davis",lead,14,Cold Outreach,Small Business,United States,2025-10-27 00:33:23,false,2026-04-01 06:30:00
HS-004903,timothy884903@example.com,Coffey-Phillips,lead,25,outbound,Mid Market,United Kingdom,2026-02-04 06:20:35,false,2026-04-01 06:30:00
HS-004904,christinedoyle4904@example.com,"Taylor, Wright and Davidson",marketingqualifiedlead,76,outbound,SMB,United States,2026-01-21 12:13:01,false,2026-04-01 06:30:00
HS-004905,martha184905@example.com,"Lloyd, Mckinney and Collins",lead,33,IB,smb,Germany,2025-12-17 14:32:27,false,2026-04-01 06:30:00
HS-004906,robert304906@example.com,Fernandez and Sons,lead,32,Content,MM,Germany,2026-02-17 07:19:58,false,2026-04-01 06:30:00
HS-004907,sarawest4907@example.com,Miller-Mccall,marketingqualifiedlead,85,Outbound,MidMarket,United States,2025-09-03 05:25:57,false,2026-04-01 06:30:00
HS-004908,rose004908@example.com,"Harris, Anderson and Love",lead,33,outbound,Mid Market,Germany,2025-12-09 12:42:02,false,2026-04-01 06:30:00
HS-004909,brandoncooper4909@example.com,Lewis-Livingston,lead,18,Event,SMB,United States,2026-01-10 22:47:20,false,2026-04-01 06:30:00
HS-004910,zwolf4910@example.com,"Andrews, Higgins and Carter",marketingqualifiedlead,52,Content,SmallBiz,Germany,2025-12-25 00:03:33,false,2026-04-01 06:30:00
HS-004911,vargasmolly4911@example.com,"Cole, Glass and Cunningham",lead,14,PPC,Mid Market,Australia,2026-03-16 05:43:25,false,2026-04-01 06:30:00
HS-004912,deanna054912@example.com,Fisher-Washington,marketingqualifiedlead,67,Inbound,enterprise,United Kingdom,2026-02-10 09:44:20,false,2026-04-01 06:30:00
HS-004913,jcarter4913@example.com,Jones-Fox,marketingqualifiedlead,47,Content,Small Business,Germany,2026-02-24 11:21:41,false,2026-04-01 06:30:00
HS-004914,katrina374914@example.com,"Shields, Cochran and Adams",marketingqualifiedlead,68,IB,Small Business,Australia,2026-02-10 20:49:52,false,2026-04-01 06:30:00
HS-004915,ryan904915@example.com,Donovan-Harris,lead,8,Content,Small Business,Germany,2025-11-13 17:54:42,false,2026-04-01 06:30:00
HS-004916,bsloan4916@example.com,Boone-Davis,marketingqualifiedlead,90,Inbound,SmallBiz,United Kingdom,2026-02-24 06:35:50,false,2026-04-01 06:30:00
HS-004917,schmidtfernando4917@example.com,"Griffith, Mitchell and Pugh",lead,21,Content,SMB,Australia,2025-11-10 03:28:34,false,2026-04-01 06:30:00
HS-004918,johnsoncrystal4918@example.com,Nolan-Flynn,marketingqualifiedlead,55,Content Download,Strategic,United States,2025-10-06 14:55:17,false,2026-04-01 06:30:00
HS-004919,ronaldoneal4919@example.com,May Ltd,lead,16,IB,smb,Canada,2026-03-01 12:01:36,false,2026-04-01 06:30:00
HS-004920,williamsjoseph4920@example.com,"Mccarthy, Evans and Mendez",lead,38,Channel,SMB,Germany,2025-09-03 21:01:24,false,2026-04-01 06:30:00
HS-004921,kevin424921@example.com,Hancock Inc,lead,18,inbound,smb,United States,2026-03-02 14:09:24,false,2026-04-01 06:30:00
HS-004922,longjoshua4922@example.com,Chung-Stevens,marketingqualifiedlead,81,IB,SMB,United States,2026-03-13 06:11:50,false,2026-04-01 06:30:00
HS-004923,stephanie864923@example.com,"Lopez, Jacobs and Mason",lead,12,Cold Outreach,Enterprise,Canada,2026-01-13 10:39:56,false,2026-04-01 06:30:00
HS-004924,fred064924@example.com,Stein-Silva,lead,17,Outbound,Small Business,Canada,2025-12-14 05:24:42,false,2026-04-01 06:30:00
HS-004925,kristinmartinez4925@example.com,"Burns, Hernandez and Ryan",marketingqualifiedlead,73,Outbound,smb,Australia,2025-12-14 04:57:35,false,2026-04-01 06:30:00
HS-004926,renee994926@example.com,"Franco, Wiley and Tapia",lead,6,Cold Outreach,smb,Canada,2025-11-20 20:05:44,false,2026-04-01 06:30:00
HS-004927,ibrennan4927@example.com,Carter Inc,lead,6,Cold Outreach,SMB,Australia,2025-10-10 08:04:38,false,2026-04-01 06:30:00
HS-004928,sarah224928@example.com,Strickland-Palmer,lead,25,IB,SMB,Germany,2026-03-24 09:26:27,false,2026-04-01 06:30:00
HS-004929,davidsmith4929@example.com,Williams Group,lead,8,Content Download,Mid-Market,United Kingdom,2026-02-22 18:15:18,false,2026-04-01 06:30:00
HS-004930,jasonreid4930@example.com,"Santiago, Daniel and Rogers",lead,13,Outbound,MM,United Kingdom,2026-02-21 14:54:32,false,2026-04-01 06:30:00
HS-004931,scott044931@example.com,Weaver-Thompson,marketingqualifiedlead,46,Inbound,smb,Canada,2025-11-28 19:42:16,false,2026-04-01 06:30:00
HS-004932,yparker4932@example.com,Jones LLC,lead,18,Inbound,smb,United States,2025-11-14 11:44:22,false,2026-04-01 06:30:00
HS-004933,amber554933@example.com,"Wilson, Sweeney and Wong",lead,38,outbound,SMB,Germany,2026-01-25 05:51:36,false,2026-04-01 06:30:00
HS-004934,carolynnguyen4934@example.com,Miller Inc,lead,16,Inbound,Small Business,Germany,2026-03-04 18:56:04,false,2026-04-01 06:30:00
HS-004935,charleslisa4935@example.com,Moran-Cox,marketingqualifiedlead,49,Trade Show,Enterprise,Germany,2026-03-11 19:31:58,false,2026-04-01 06:30:00
HS-004936,larryburns4936@example.com,Weaver-Thompson,lead,22,inbound,SMB,Canada,2025-12-21 11:17:27,false,2026-04-01 06:30:00
HS-004937,monteskarl4937@example.com,Hunter-Fuller,marketingqualifiedlead,80,Cold Outreach,enterprise,Germany,2025-09-15 12:40:15,false,2026-04-01 06:30:00
HS-004938,jeffery294938@example.com,Miller Group,marketingqualifiedlead,43,outbound,ENT,United States,2026-02-19 16:04:49,false,2026-04-01 06:30:00
HS-004939,smithjohn4939@example.com,Lewis-Murphy,lead,18,Content Download,Small Business,Canada,2026-03-21 02:07:11,false,2026-04-01 06:30:00
HS-004940,dominiquepotts4940@example.com,Osborn Group,lead,34,PPC,MM,Canada,2026-02-16 19:18:40,false,2026-04-01 06:30:00
HS-004941,noblekimberly4941@arcline.com,Hall LLC,marketingqualifiedlead,69,outbound,MidMarket,United Kingdom,2025-12-31 00:59:14,true,2026-04-01 06:30:00
HS-004942,sandrabowman4942@example.com,Bates-Anderson,marketingqualifiedlead,68,Channel,SmallBiz,Canada,2025-10-22 05:39:54,false,2026-04-01 06:30:00
HS-004943,bsimpson4943@example.com,"Holmes, Williams and Wright",marketingqualifiedlead,86,Paid Ads,Small Business,United States,2026-02-02 03:21:28,false,2026-04-01 06:30:00
HS-004944,amanda834944@example.com,Boone LLC,marketingqualifiedlead,89,Trade Show,Small Business,United Kingdom,2025-09-13 02:42:43,false,2026-04-01 06:30:00
HS-004945,angela584945@example.com,"Mcdonald, Lee and Rodriguez",lead,23,Inbound,smb,Canada,2025-09-03 10:34:31,false,2026-04-01 06:30:00
HS-004946,george944946@example.com,Davis PLC,marketingqualifiedlead,64,IB,Mid Market,United States,2026-02-14 17:53:40,false,2026-04-01 06:30:00
HS-004947,erinreed4947@example.com,Li-Thompson,lead,11,Channel,MidMarket,Canada,2026-02-03 20:27:22,false,2026-04-01 06:30:00
HS-004948,craig184948@example.com,"Davis, Alexander and Mcintyre",lead,15,Referral,Mid-Market,Germany,2026-03-15 01:09:54,false,2026-04-01 06:30:00
HS-004949,tracy914949@example.com,Moore and Sons,lead,27,Paid Ads,MidMarket,United States,2025-11-08 06:47:36,false,2026-04-01 06:30:00
HS-004950,vjones4950@example.com,Edwards-Scott,lead,15,Content,Mid-Market,Germany,2025-11-06 15:14:02,false,2026-04-01 06:30:00
HS-004951,ricedana4951@example.com,Mccall-Prince,lead,19,Inbound,smb,Germany,2025-10-22 20:45:43,false,2026-04-01 06:30:00
HS-004952,kyle144952@example.com,Giles Ltd,lead,21,Inbound,enterprise,United States,2025-09-12 14:55:19,false,2026-04-01 06:30:00
HS-004953,rgibson4953@example.com,"Flores, Harper and Chambers",marketingqualifiedlead,77,Event,SmallBiz,Germany,2026-02-10 14:30:57,false,2026-04-01 06:30:00
HS-004954,xhall4954@example.com,"Holmes, Williams and Wright",lead,22,Content,SMB,United States,2026-03-23 15:11:44,false,2026-04-01 06:30:00
HS-004955,michaelthomas4955@example.com,Wilson-Salazar,lead,22,outbound,Small Business,Australia,2025-11-24 00:29:52,false,2026-04-01 06:30:00
HS-004956,urusso4956@example.com,Hayes and Sons,lead,36,IB,Enterprise,United States,2025-11-11 19:44:38,false,2026-04-01 06:30:00
HS-004957,daniel714957@example.com,"Miller, Harrell and Reese",lead,30,Channel,Mid Market,United Kingdom,2025-11-19 06:08:50,false,2026-04-01 06:30:00
HS-004958,beverly974958@example.com,"Wood, Ramos and Sampson",marketingqualifiedlead,65,Channel,SMB,United Kingdom,2025-11-05 08:52:10,false,2026-04-01 06:30:00
HS-004959,jordanboone4959@example.com,Johnson-Carlson,marketingqualifiedlead,84,IB,Mid-Market,Germany,2026-02-05 15:52:21,false,2026-04-01 06:30:00
HS-004960,benjaminhall4960@example.com,Gay Inc,marketingqualifiedlead,58,outbound,SMB,Germany,2026-01-06 15:02:15,false,2026-04-01 06:30:00
HS-004961,walkerdavid4961@example.com,Parker Ltd,marketingqualifiedlead,42,inbound,MM,United Kingdom,2025-10-13 17:48:17,false,2026-04-01 06:30:00
HS-004962,robertrusso4962@example.com,Parker-Morrison,lead,33,inbound,Mid Market,United Kingdom,2025-11-12 03:50:05,false,2026-04-01 06:30:00
HS-004963,barkerjohn4963@arcline.com,"Richardson, Edwards and Ramirez",marketingqualifiedlead,67,Inbound,smb,Canada,2026-01-27 10:24:26,true,2026-04-01 06:30:00
HS-004964,ronaldjohnson4964@example.com,Donovan-Harris,lead,26,Inbound,SMB,Germany,2025-11-07 19:48:03,false,2026-04-01 06:30:00
HS-004965,lhunter4965@example.com,Roberts-Sullivan,lead,20,Referral,Small Business,Germany,2026-01-25 18:16:09,false,2026-04-01 06:30:00
HS-004966,gomezgrant4966@example.com,"Lynch, Evans and Rodriguez",marketingqualifiedlead,50,IB,Small Business,United States,2025-09-10 00:15:47,false,2026-04-01 06:30:00
HS-004967,sgonzalez4967@example.com,"Carlson, Hooper and Wall",lead,17,outbound,Small Business,United Kingdom,2025-12-08 19:05:57,false,2026-04-01 06:30:00
HS-004968,rwhite4968@example.com,Foster-Mclaughlin,marketingqualifiedlead,69,Paid Ads,ENT,United Kingdom,2025-10-02 12:54:09,false,2026-04-01 06:30:00
HS-004969,edwardsdavid4969@example.com,"Taylor, Porter and Moreno",lead,19,Channel,smb,Canada,2025-11-09 09:18:31,false,2026-04-01 06:30:00
HS-004970,ricky354970@example.com,Gallagher and Sons,lead,9,Partner,Mid Market,United States,2026-01-27 13:22:06,false,2026-04-01 06:30:00
HS-004971,timothyshaffer4971@example.com,"Saunders, Ray and Cunningham",lead,21,Partner,MidMarket,Australia,2026-03-12 09:40:03,false,2026-04-01 06:30:00
HS-004972,garciaanne4972@example.com,"Terry, Williams and Huff",lead,31,Channel,Small Business,United States,2026-03-15 03:00:23,false,2026-04-01 06:30:00
HS-004973,kellygina4973@example.com,"Smith, Schroeder and Oconnor",lead,7,Outbound,smb,Canada,2026-01-25 21:23:43,false,2026-04-01 06:30:00
HS-004974,kellybooth4974@example.com,Hayes Ltd,lead,34,Paid Ads,Small Business,United States,2025-12-12 04:45:21,false,2026-04-01 06:30:00
HS-004975,emiller4975@example.com,"Robinson, Jones and Welch",marketingqualifiedlead,57,Paid,smb,Germany,2025-12-06 12:37:34,false,2026-04-01 06:30:00
HS-004976,knewton4976@example.com,Weaver-Sherman,marketingqualifiedlead,75,Outbound,SMB,Australia,2026-03-21 19:15:55,false,2026-04-01 06:30:00
HS-004977,echapman4977@arcline.com,"Rios, Walker and Wright",lead,15,IB,MidMarket,Australia,2026-03-27 11:00:37,true,2026-04-01 06:30:00
HS-004978,jeffrey624978@example.com,Bush-Vaughn,marketingqualifiedlead,86,Outbound,SMB,United Kingdom,2025-10-09 20:56:05,false,2026-04-01 06:30:00
HS-004979,pamela644979@example.com,King-Smith,lead,11,Outbound,Mid Market,United Kingdom,2025-12-20 04:48:25,false,2026-04-01 06:30:00
HS-004980,brian994980@example.com,Mendez and Sons,lead,17,Outbound,MidMarket,Germany,2026-02-12 22:37:00,false,2026-04-01 06:30:00
HS-004981,norrisdaniel4981@example.com,Warner-Gibson,marketingqualifiedlead,90,Content,SMB,United Kingdom,2026-03-23 16:00:20,false,2026-04-01 06:30:00
HS-004982,timothy904982@arcline.com,Blackwell LLC,lead,12,Inbound,Mid Market,Australia,2025-10-04 02:24:20,true,2026-04-01 06:30:00
HS-004982D,timothy904982@example.com,Blackwell LLC,lead,12,Inbound,Mid Market,Australia,2025-10-04 02:24:20,false,2026-04-01 06:30:00
HS-004983,marissasutton4983@example.com,Ramirez-Stephenson,lead,24,Paid Ads,SMB,Australia,2025-11-07 11:16:44,false,2026-04-01 06:30:00
HS-004984,frank184984@example.com,Mcdonald-Bird,marketingqualifiedlead,50,outbound,Mid Market,United Kingdom,2025-11-04 12:33:43,false,2026-04-01 06:30:00
HS-004985,salvarado4985@example.com,"Garcia, Humphrey and Baker",lead,20,IB,MM,United Kingdom,2025-10-16 20:30:49,false,2026-04-01 06:30:00
HS-004986,george464986@example.com,Anderson-Wood,lead,26,Paid Ads,SMB,Australia,2025-11-21 08:09:10,false,2026-04-01 06:30:00
HS-004987,jill884987@example.com,"Lucas, Parker and Alexander",marketingqualifiedlead,86,outbound,MM,Canada,2025-11-01 19:59:54,false,2026-04-01 06:30:00
HS-004988,christine974988@example.com,"Phillips, Wagner and Jordan",marketingqualifiedlead,53,Content,Small Business,Canada,2026-01-26 00:04:33,false,2026-04-01 06:30:00
HS-004989,samuel854989@example.com,Schmitt PLC,lead,15,IB,smb,United States,2026-01-12 18:52:45,false,2026-04-01 06:30:00
HS-004990,tmurphy4990@example.com,Love-Garcia,marketingqualifiedlead,55,IB,smb,United States,2026-02-07 21:12:22,false,2026-04-01 06:30:00
HS-004991,karen284991@example.com,Mitchell-Jordan,marketingqualifiedlead,84,outbound,Strategic,Germany,2025-11-20 21:53:06,false,2026-04-01 06:30:00
HS-004992,kirbybrett4992@example.com,Osborn-Cochran,marketingqualifiedlead,78,Channel,Mid-Market,Canada,2025-12-29 18:52:00,false,2026-04-01 06:30:00
HS-004993,charlesmcgee4993@example.com,Chavez PLC,marketingqualifiedlead,51,Event,SmallBiz,United Kingdom,2025-09-18 15:41:23,false,2026-04-01 06:30:00
HS-004994,msimon4994@example.com,Ramirez Group,marketingqualifiedlead,62,PPC,Small Business,Canada,2026-03-02 13:50:34,false,2026-04-01 06:30:00
HS-004995,wilkinskevin4995@example.com,Anderson Group,lead,9,Referral,Mid-Market,Australia,2025-12-07 19:28:55,false,2026-04-01 06:30:00
HS-004996,daniellesolomon4996@example.com,"Li, Craig and Drake",marketingqualifiedlead,61,PPC,MM,United States,2026-01-29 03:20:23,false,2026-04-01 06:30:00
HS-004997,droach4997@example.com,Green LLC,lead,21,IB,Small Business,Germany,2026-02-14 06:41:09,false,2026-04-01 06:30:00
HS-004998,howekaren4998@example.com,Faulkner-Casey,lead,10,Trade Show,SmallBiz,Australia,2025-11-10 20:02:04,false,2026-04-01 06:30:00
HS-004999,ruth454999@example.com,Navarro-Munoz,lead,18,Paid Ads,Small Business,Germany,2026-02-02 01:23:08,false,2026-04-01 06:30:00
HS-005000,tylerlaura5000@example.com,Lee-Cooke,marketingqualifiedlead,74,Inbound,SMB,United Kingdom,2025-11-12 08:42:32,false,2026-04-01 06:30:00
HS-005001,ronaldhodges5001@example.com,Vargas-Snyder,marketingqualifiedlead,73,Cold Outreach,smb,United States,2025-09-09 17:20:43,false,2026-04-01 06:30:00
HS-005002,alexandramyers5002@example.com,Watson Group,marketingqualifiedlead,85,Inbound,SMB,Canada,2025-10-23 23:45:37,false,2026-04-01 06:30:00
HS-005003,millerjessica5003@example.com,Goodwin Ltd,marketingqualifiedlead,46,Word of Mouth,smb,Canada,2025-11-22 23:43:43,false,2026-04-01 06:30:00
HS-005004,clarkwesley5004@example.com,"Phillips, Thompson and Smith",marketingqualifiedlead,88,IB,MidMarket,Germany,2025-12-28 03:39:36,false,2026-04-01 06:30:00
HS-005005,hsweeney5005@example.com,Pollard and Sons,marketingqualifiedlead,80,Outbound,Mid-Market,Germany,2026-01-03 04:29:13,false,2026-04-01 06:30:00
HS-005006,lanechelsea5006@example.com,"Holland, Murphy and Kline",lead,23,outbound,SmallBiz,Australia,2026-02-12 12:17:56,false,2026-04-01 06:30:00
HS-005007,fflowers5007@example.com,Johnston-Hines,lead,20,Outbound,Mid-Market,United States,2025-09-15 14:41:07,false,2026-04-01 06:30:00
HS-005008,sierra595008@example.com,Baxter LLC,lead,11,Content Download,Mid-Market,Germany,2026-03-22 02:18:28,false,2026-04-01 06:30:00
HS-005009,clayandrew5009@example.com,Hernandez-Davis,marketingqualifiedlead,62,IB,SMB,United States,2025-10-28 11:25:40,false,2026-04-01 06:30:00
HS-005010,marthagriffin5010@example.com,"Nelson, Hoffman and Nelson",lead,19,Content Download,Small Business,United States,2025-12-05 12:57:41,false,2026-04-01 06:30:00
HS-005011,wooddylan5011@example.com,Atkinson LLC,lead,6,IB,SMB,Canada,2025-11-28 00:42:18,false,2026-04-01 06:30:00
HS-005012,lmiddleton5012@example.com,Davis and Sons,lead,24,Content Download,smb,Canada,2025-10-06 20:23:15,false,2026-04-01 06:30:00
HS-005013,jeffreymccormick5013@example.com,Reed Group,lead,36,inbound,MM,Australia,2025-12-28 05:23:00,false,2026-04-01 06:30:00
HS-005014,burtondiane5014@example.com,Griffin Group,lead,6,Content Download,Small Business,United States,2026-02-07 21:20:41,false,2026-04-01 06:30:00
HS-005015,webstersteven5015@example.com,Williams-Hughes,marketingqualifiedlead,88,Inbound,SmallBiz,United Kingdom,2026-02-14 06:55:48,false,2026-04-01 06:30:00
HS-005016,mackelizabeth5016@example.com,Hoover-Campbell,lead,36,inbound,Mid Market,Canada,2025-10-13 17:05:40,false,2026-04-01 06:30:00
HS-005017,davidfoster5017@example.com,Torres-Pope,marketingqualifiedlead,57,Cold Outreach,Mid Market,Germany,2025-11-17 01:58:35,false,2026-04-01 06:30:00
HS-005018,martinezjohn5018@example.com,Rodriguez Inc,marketingqualifiedlead,65,Channel,MidMarket,Germany,2025-10-12 02:01:25,false,2026-04-01 06:30:00
HS-005019,smithsusan5019@example.com,"Jacobson, Singleton and King",marketingqualifiedlead,79,inbound,smb,United Kingdom,2025-09-20 09:23:11,false,2026-04-01 06:30:00
HS-005020,melissarollins5020@example.com,Baxter LLC,lead,21,Content Download,Mid-Market,Germany,2025-11-15 16:47:46,false,2026-04-01 06:30:00
HS-005021,dennis555021@example.com,Robles-Swanson,lead,26,Content,Mid-Market,Australia,2026-02-15 14:07:16,false,2026-04-01 06:30:00
HS-005022,sanchezronald5022@example.com,"Griffith, Mitchell and Pugh",marketingqualifiedlead,69,Cold Outreach,smb,Australia,2026-01-15 12:04:05,false,2026-04-01 06:30:00
HS-005023,vaughnmark5023@example.com,"Thomas, Ford and Brown",lead,34,Inbound,smb,United States,2026-02-22 03:12:33,false,2026-04-01 06:30:00
HS-005024,foleyjennifer5024@example.com,"Butler, Beck and Miller",marketingqualifiedlead,74,IB,SMB,Australia,2025-11-12 18:48:59,false,2026-04-01 06:30:00
HS-005025,campbellbruce5025@example.com,Curry Inc,lead,29,Partner,MidMarket,United States,2025-11-30 06:19:06,false,2026-04-01 06:30:00
HS-005026,kevinespinoza5026@example.com,"Mitchell, Nelson and Flores",lead,35,Content,Strategic,United Kingdom,2025-12-07 06:27:58,false,2026-04-01 06:30:00
HS-005027,richardbullock5027@example.com,"Evans, Jackson and Sandoval",lead,18,Outbound,SMB,Australia,2026-01-27 01:09:40,false,2026-04-01 06:30:00
HS-005028,wharris5028@example.com,Baker-Wilson,lead,8,Trade Show,MM,United Kingdom,2026-03-28 10:55:02,false,2026-04-01 06:30:00
HS-005029,ctaylor5029@example.com,"Steele, Williams and Preston",lead,34,PPC,smb,United States,2025-09-18 16:55:04,false,2026-04-01 06:30:00
HS-005030,robinsonmichael5030@example.com,Chapman and Sons,marketingqualifiedlead,42,Content,Small Business,Canada,2025-10-01 03:05:48,false,2026-04-01 06:30:00
HS-005031,ncarroll5031@example.com,"Young, Contreras and Marshall",marketingqualifiedlead,55,IB,MidMarket,United States,2025-09-10 19:25:33,false,2026-04-01 06:30:00
HS-005032,john905032@example.com,"Owen, Walker and Franklin",marketingqualifiedlead,41,Event,smb,United States,2026-02-05 12:04:22,false,2026-04-01 06:30:00
HS-005033,simsamy5033@example.com,Henderson-Bernard,lead,31,Content,SmallBiz,United Kingdom,2026-01-22 16:45:26,false,2026-04-01 06:30:00
HS-005034,odavis5034@example.com,"James, Taylor and Turner",lead,31,Content Download,MM,United States,2025-09-15 09:21:33,false,2026-04-01 06:30:00
HS-005035,shannon315035@example.com,Lopez Ltd,lead,28,Trade Show,MidMarket,United Kingdom,2026-01-13 10:22:22,false,2026-04-01 06:30:00
HS-005036,michelle635036@example.com,"Gallegos, Adams and White",marketingqualifiedlead,48,Partner,SMB,Canada,2025-09-15 20:59:34,false,2026-04-01 06:30:00
HS-005037,wcarroll5037@example.com,Moore-Bass,lead,36,inbound,smb,Australia,2025-09-19 17:57:07,false,2026-04-01 06:30:00
HS-005038,kristy115038@example.com,"Wilson, Pena and Rich",lead,38,Cold Outreach,MidMarket,Germany,2026-01-20 00:08:36,false,2026-04-01 06:30:00
HS-005039,zroberts5039@example.com,Gonzalez-Wilkerson,marketingqualifiedlead,77,Event,Strategic,Canada,2026-01-27 14:44:51,false,2026-04-01 06:30:00
HS-005040,kellermary5040@example.com,"Valentine, Joyce and Murray",lead,21,IB,SMB,United States,2025-09-29 15:50:25,false,2026-04-01 06:30:00
HS-005041,thomaswhite5041@example.com,Davis-Lozano,lead,7,Cold Outreach,SmallBiz,Canada,2026-02-20 18:33:04,false,2026-04-01 06:30:00
HS-005042,wyattamy5042@example.com,Thomas-Jackson,lead,15,Trade Show,smb,Germany,2025-10-02 10:45:33,false,2026-04-01 06:30:00
HS-005043,pbarajas5043@example.com,Mendez-Mayer,marketingqualifiedlead,61,Word of Mouth,Mid-Market,United Kingdom,2026-02-04 14:27:57,false,2026-04-01 06:30:00
HS-005044,vortiz5044@example.com,"Lewis, Kennedy and Santana",lead,9,Inbound,Enterprise,Germany,2026-01-03 06:18:38,false,2026-04-01 06:30:00
HS-005045,kennethboyd5045@example.com,Trujillo PLC,marketingqualifiedlead,90,outbound,SMB,Germany,2025-10-04 01:40:20,false,2026-04-01 06:30:00
HS-005046,qaguirre5046@example.com,Shaw-Carr,lead,14,PPC,Small Business,Germany,2026-01-18 07:16:33,false,2026-04-01 06:30:00
HS-005047,montoyafelicia5047@example.com,Davis LLC,lead,31,inbound,SmallBiz,Australia,2025-11-12 19:10:58,false,2026-04-01 06:30:00
HS-005048,johnsondaniel5048@example.com,Stewart Ltd,marketingqualifiedlead,47,PPC,Small Business,Germany,2026-01-23 14:27:18,false,2026-04-01 06:30:00
HS-005049,uhaley5049@example.com,Cooper Ltd,lead,29,Partner,Small Business,United States,2025-10-10 09:28:03,false,2026-04-01 06:30:00
HS-005050,matthewbrennan5050@example.com,"Chan, Lewis and Walker",lead,37,Content,Mid Market,Australia,2025-10-16 03:15:37,false,2026-04-01 06:30:00
HS-005051,robert405051@example.com,"Webb, Romero and Morse",lead,7,Referral,Small Business,Australia,2025-10-19 12:28:20,false,2026-04-01 06:30:00
HS-005052,tabitha035052@example.com,Brown-Wall,lead,10,Cold Outreach,SMB,Australia,2025-12-29 22:55:16,false,2026-04-01 06:30:00
HS-005053,taylortina5053@example.com,Walker-Jones,lead,38,Content,MM,Germany,2025-11-20 03:04:03,false,2026-04-01 06:30:00
HS-005054,bakertommy5054@example.com,"Graham, Olsen and Costa",lead,28,Word of Mouth,smb,Australia,2026-03-24 06:12:47,false,2026-04-01 06:30:00
HS-005055,robertpeck5055@example.com,Brady LLC,lead,26,PPC,MM,Canada,2025-12-13 14:44:25,false,2026-04-01 06:30:00
HS-005056,bakerjonathon5056@example.com,Turner-Stout,marketingqualifiedlead,87,Outbound,SMB,Australia,2026-01-25 00:53:18,false,2026-04-01 06:30:00
HS-005057,shawn895057@example.com,"Norris, Callahan and Bishop",lead,38,IB,SmallBiz,United Kingdom,2026-03-25 22:29:07,false,2026-04-01 06:30:00
HS-005058,brittanybauer5058@example.com,Mueller-Boyd,lead,20,Content,smb,United Kingdom,2026-02-12 02:54:36,false,2026-04-01 06:30:00
HS-005059,johnstonbarbara5059@example.com,"Wallace, Smith and Cooper",marketingqualifiedlead,84,Inbound,Small Business,United States,2025-09-27 20:51:10,false,2026-04-01 06:30:00
HS-005060,barnesrichard5060@example.com,"Woodard, Herrera and Little",marketingqualifiedlead,75,Event,Small Business,United Kingdom,2025-12-27 00:20:59,false,2026-04-01 06:30:00
HS-005061,hudsonglen5061@example.com,Williams Group,lead,32,Event,MM,United Kingdom,2025-12-05 14:22:00,false,2026-04-01 06:30:00
HS-005062,sheena875062@example.com,Barton-Chapman,marketingqualifiedlead,55,Trade Show,SmallBiz,Australia,2025-10-29 02:01:40,false,2026-04-01 06:30:00
HS-005063,monica515063@example.com,"Taylor, Wright and Davidson",marketingqualifiedlead,72,Cold Outreach,SmallBiz,United States,2025-09-16 18:02:56,false,2026-04-01 06:30:00
HS-005064,mariahwang5064@example.com,Green LLC,lead,32,outbound,Small Business,Germany,2026-03-21 16:26:00,false,2026-04-01 06:30:00
HS-005065,ftaylor5065@example.com,Hall LLC,marketingqualifiedlead,49,Content Download,MidMarket,United Kingdom,2025-09-24 04:21:55,false,2026-04-01 06:30:00
HS-005066,chavezpamela5066@example.com,"Edwards, Hines and Jimenez",lead,38,Outbound,Mid-Market,United Kingdom,2025-11-05 01:17:09,false,2026-04-01 06:30:00
HS-005067,mayroger5067@example.com,"Ferguson, Shaw and Jackson",lead,24,Referral,MM,United States,2025-10-18 15:39:02,false,2026-04-01 06:30:00
HS-005068,mccormickkatherine5068@example.com,Knox-Powers,marketingqualifiedlead,66,inbound,SMB,Australia,2025-10-05 06:12:04,false,2026-04-01 06:30:00
HS-005069,kimberly035069@example.com,"Howard, Townsend and Hayes",marketingqualifiedlead,62,Content,Small Business,United States,2026-03-13 06:29:57,false,2026-04-01 06:30:00
HS-005069D,kimberly035069@example.com,"Howard, Townsend and Hayes",marketingqualifiedlead,62,Content,Small Business,United States,2026-03-13 06:29:57,false,2026-04-01 06:30:00
HS-005070,stacey985070@example.com,Warner-Gibson,lead,34,IB,SmallBiz,United Kingdom,2026-01-22 05:41:28,false,2026-04-01 06:30:00
HS-005071,hunterjamie5071@example.com,"Phillips, Wagner and Jordan",lead,5,Cold Outreach,Small Business,Canada,2025-11-23 21:55:04,false,2026-04-01 06:30:00
HS-005072,vramos5072@example.com,Stanley PLC,marketingqualifiedlead,55,Channel,SmallBiz,Canada,2026-01-27 16:59:55,false,2026-04-01 06:30:00
HS-005073,suzanne335073@arcline.com,Jones-Lin,lead,27,IB,Enterprise,Germany,2025-12-26 15:03:22,true,2026-04-01 06:30:00
HS-005074,richardjuarez5074@example.com,Taylor and Sons,lead,29,IB,SmallBiz,Australia,2026-03-08 15:27:29,false,2026-04-01 06:30:00
HS-005075,qsmith5075@example.com,"Lee, Tran and Jones",marketingqualifiedlead,84,outbound,enterprise,Germany,2025-12-28 08:18:56,false,2026-04-01 06:30:00
HS-005075D,qsmith5075@example.com,"Lee, Tran and Jones",marketingqualifiedlead,84,outbound,enterprise,Germany,2025-12-28 08:18:56,false,2026-04-01 06:30:00
HS-005076,hallalan5076@example.com,"Ashley, Nielsen and Sellers",lead,37,Outbound,smb,Australia,2025-09-18 17:30:40,false,2026-04-01 06:30:00
HS-005077,deandaniel5077@example.com,Rodriguez-Johnson,marketingqualifiedlead,68,Trade Show,SmallBiz,Canada,2025-12-28 14:53:09,false,2026-04-01 06:30:00
HS-005078,james605078@example.com,Hernandez PLC,marketingqualifiedlead,76,Event,MidMarket,Australia,2025-11-13 18:37:36,false,2026-04-01 06:30:00
HS-005079,amyfoster5079@example.com,Taylor and Sons,marketingqualifiedlead,61,Inbound,Small Business,Australia,2025-08-20 05:22:51,false,2026-04-01 06:30:00
HS-005080,joseph205080@example.com,Smith PLC,lead,23,Inbound,ENT,Canada,2025-10-15 23:15:47,false,2026-04-01 06:30:00
HS-005081,carlos235081@example.com,Garcia Ltd,lead,26,inbound,Mid-Market,United Kingdom,2025-11-24 08:01:13,false,2026-04-01 06:30:00
HS-005082,carrjennifer5082@example.com,"Avery, Horton and Fernandez",marketingqualifiedlead,73,Outbound,MidMarket,Canada,2025-11-09 13:16:38,false,2026-04-01 06:30:00
HS-005083,shannon205083@example.com,Henry Group,marketingqualifiedlead,71,Content,smb,United States,2025-12-05 08:23:15,false,2026-04-01 06:30:00
HS-005084,katherine105084@example.com,"Tran, Jordan and Williams",marketingqualifiedlead,70,Paid,Mid Market,Canada,2025-10-05 07:41:03,false,2026-04-01 06:30:00
HS-005085,zimmermantroy5085@example.com,Williams Ltd,lead,16,Inbound,MidMarket,Australia,2025-10-07 02:26:10,false,2026-04-01 06:30:00
HS-005086,cory325086@example.com,Price LLC,marketingqualifiedlead,81,Cold Outreach,MM,Canada,2026-02-20 10:26:29,false,2026-04-01 06:30:00
HS-005087,nathan385087@example.com,"Bartlett, Brown and Martinez",lead,38,Inbound,Small Business,United Kingdom,2025-09-18 09:02:00,false,2026-04-01 06:30:00
HS-005088,browntimothy5088@example.com,Osborne LLC,marketingqualifiedlead,70,IB,SmallBiz,United Kingdom,2025-12-24 07:54:25,false,2026-04-01 06:30:00
HS-005089,corey225089@example.com,Dominguez Ltd,lead,25,Content Download,Mid Market,Canada,2026-03-11 14:51:36,false,2026-04-01 06:30:00
HS-005090,amy705090@example.com,"Mccarthy, Evans and Mendez",marketingqualifiedlead,88,Cold Outreach,smb,Germany,2025-10-15 18:52:44,false,2026-04-01 06:30:00
HS-005091,yhernandez5091@example.com,"Kirby, Wheeler and Romero",marketingqualifiedlead,63,IB,MM,Australia,2026-02-19 03:28:40,false,2026-04-01 06:30:00
HS-005092,michelle965092@example.com,Richards-Carson,lead,22,Word of Mouth,Mid-Market,Canada,2026-03-21 11:52:52,false,2026-04-01 06:30:00
HS-005093,isaacbrooks5093@example.com,Davis Group,lead,16,Paid Ads,MM,Germany,2025-10-28 07:55:21,false,2026-04-01 06:30:00
HS-005094,ywilkinson5094@example.com,Maxwell Group,marketingqualifiedlead,77,inbound,Small Business,Germany,2025-11-13 07:37:51,false,2026-04-01 06:30:00
HS-005095,jacobsmith5095@example.com,Mckee-Lee,marketingqualifiedlead,71,Cold Outreach,Mid-Market,United Kingdom,2025-11-04 15:40:15,false,2026-04-01 06:30:00
HS-005096,geraldgarcia5096@example.com,"Guerrero, Peck and Coleman",marketingqualifiedlead,51,Inbound,SMB,Germany,2026-01-28 03:25:20,false,2026-04-01 06:30:00
HS-005097,johnsonkevin5097@example.com,"Beard, Peters and Black",lead,15,inbound,Mid-Market,United States,2025-10-03 09:46:23,false,2026-04-01 06:30:00
HS-005098,ygarcia5098@example.com,"Fowler, Jimenez and Burton",marketingqualifiedlead,50,Cold Outreach,SMB,United States,2025-11-12 15:54:29,false,2026-04-01 06:30:00
HS-005099,brentsmith5099@example.com,"Ferguson, Shaw and Jackson",marketingqualifiedlead,66,Trade Show,Mid-Market,United States,2026-01-03 13:01:54,false,2026-04-01 06:30:00
HS-005100,pwest5100@example.com,"Tanner, Wise and Johnson",marketingqualifiedlead,42,Word of Mouth,SmallBiz,Canada,2026-03-13 23:08:54,false,2026-04-01 06:30:00
HS-005101,brianconrad5101@example.com,Wright and Sons,marketingqualifiedlead,79,Trade Show,Mid-Market,United Kingdom,2025-09-08 03:33:28,false,2026-04-01 06:30:00
HS-005102,johnsonmatthew5102@example.com,Powers LLC,lead,15,Event,enterprise,Germany,2025-09-28 04:08:32,false,2026-04-01 06:30:00
HS-005103,peterlang5103@example.com,Diaz Inc,lead,17,Cold Outreach,Mid Market,Australia,2025-11-22 22:54:03,false,2026-04-01 06:30:00
HS-005104,chadward5104@example.com,Gray Ltd,marketingqualifiedlead,68,Word of Mouth,smb,United States,2026-01-12 23:30:15,false,2026-04-01 06:30:00
HS-005105,lmullen5105@example.com,"Owens, Koch and Jimenez",marketingqualifiedlead,90,IB,smb,United Kingdom,2025-09-30 13:25:19,false,2026-04-01 06:30:00
HS-005106,smithsteven5106@example.com,"Newton, Moore and Perry",marketingqualifiedlead,47,IB,SmallBiz,Australia,2025-10-02 17:46:40,false,2026-04-01 06:30:00
HS-005107,anthony175107@example.com,Morgan-Lopez,marketingqualifiedlead,67,IB,SMB,United Kingdom,2025-12-29 06:33:57,false,2026-04-01 06:30:00
HS-005108,derrickmoses5108@example.com,Lam LLC,lead,9,Channel,Mid Market,United Kingdom,2026-03-16 13:24:49,false,2026-04-01 06:30:00
HS-005109,johnsonsteven5109@example.com,"Sparks, Jackson and Miller",marketingqualifiedlead,55,Partner,SmallBiz,Australia,2025-11-10 15:40:25,false,2026-04-01 06:30:00
HS-005110,wdavis5110@example.com,"Kennedy, Johnson and Lucas",marketingqualifiedlead,40,Cold Outreach,SmallBiz,Canada,2025-12-04 21:56:42,false,2026-04-01 06:30:00
HS-005111,penageorge5111@example.com,Howard-Jordan,lead,33,Outbound,Small Business,Germany,2026-03-23 06:06:18,false,2026-04-01 06:30:00
HS-005112,rodriguezamber5112@example.com,Hernandez PLC,marketingqualifiedlead,50,Trade Show,Mid-Market,Australia,2025-12-01 14:41:15,false,2026-04-01 06:30:00
HS-005113,vknight5113@example.com,Marshall-Elliott,marketingqualifiedlead,70,Content Download,Mid-Market,Australia,2026-03-11 15:48:28,false,2026-04-01 06:30:00
HS-005114,pwilkerson5114@example.com,Hunter-Fuller,lead,33,IB,Enterprise,Germany,2025-09-10 04:37:16,false,2026-04-01 06:30:00
HS-005115,lsimpson5115@example.com,"Barnett, Rogers and Snyder",marketingqualifiedlead,76,inbound,MidMarket,Australia,2025-12-10 09:14:38,false,2026-04-01 06:30:00
HS-005116,johnsonmadison5116@example.com,"Harris, Anderson and Love",marketingqualifiedlead,40,Content Download,MidMarket,Germany,2025-12-09 08:00:30,false,2026-04-01 06:30:00
HS-005117,molly465117@example.com,Reed Group,lead,9,Content Download,MidMarket,United States,2026-01-15 05:26:30,false,2026-04-01 06:30:00
HS-005118,lutzdaniel5118@example.com,"Mcdonald, Lee and Rodriguez",marketingqualifiedlead,82,Partner,smb,Canada,2026-03-13 20:44:32,false,2026-04-01 06:30:00
HS-005119,amyhaney5119@example.com,Conner-Yu,lead,28,Outbound,SmallBiz,United Kingdom,2026-03-17 06:43:02,false,2026-04-01 06:30:00
HS-005120,wellsadam5120@example.com,Maxwell Group,marketingqualifiedlead,48,Inbound,SmallBiz,Germany,2026-01-07 12:24:10,false,2026-04-01 06:30:00
HS-005121,kirk605121@example.com,Oconnor PLC,lead,33,Cold Outreach,MM,Germany,2026-02-14 04:27:22,false,2026-04-01 06:30:00
HS-005122,mandymalone5122@example.com,Valentine-Holland,marketingqualifiedlead,81,Word of Mouth,Small Business,United Kingdom,2026-02-10 01:25:51,false,2026-04-01 06:30:00
HS-005123,melissa225123@example.com,Lopez-Williams,marketingqualifiedlead,84,Outbound,smb,Australia,2025-09-29 11:34:44,false,2026-04-01 06:30:00
HS-005124,douglas605124@example.com,Lynn-Jones,marketingqualifiedlead,73,Paid,Enterprise,United Kingdom,2025-10-25 06:44:24,false,2026-04-01 06:30:00
HS-005125,matthewlewis5125@example.com,Martin-Taylor,marketingqualifiedlead,88,IB,smb,United States,2026-01-15 11:30:04,false,2026-04-01 06:30:00
HS-005126,karina205126@example.com,Salas-Fitzgerald,marketingqualifiedlead,56,IB,SMB,Germany,2025-09-06 16:08:46,false,2026-04-01 06:30:00
HS-005127,kevin775127@example.com,"Cole, Pierce and Bryan",lead,19,Event,Mid Market,Germany,2025-09-12 02:53:50,false,2026-04-01 06:30:00
HS-005128,nicholasjohnson5128@example.com,White LLC,lead,10,Inbound,SMB,Germany,2025-09-04 13:50:11,false,2026-04-01 06:30:00
HS-005129,robertgarrett5129@example.com,Ramirez Group,lead,28,Content,SmallBiz,Canada,2025-12-29 12:37:56,false,2026-04-01 06:30:00
HS-005130,cody275130@example.com,Foster Inc,lead,28,Content Download,enterprise,Australia,2026-01-31 16:49:32,false,2026-04-01 06:30:00
HS-005131,dmiller5131@example.com,"Chan, Lewis and Walker",marketingqualifiedlead,81,Event,Mid-Market,Australia,2025-10-01 22:44:50,false,2026-04-01 06:30:00
HS-005132,jennifer025132@example.com,Lopez-Reid,lead,35,Outbound,SmallBiz,United Kingdom,2025-11-22 16:43:34,false,2026-04-01 06:30:00
HS-005133,stacy595133@example.com,Miller Inc,marketingqualifiedlead,69,inbound,MM,United Kingdom,2026-01-24 12:07:46,false,2026-04-01 06:30:00
HS-005134,daniel025134@example.com,"Brown, Romero and Collins",marketingqualifiedlead,68,Cold Outreach,Enterprise,Australia,2026-02-04 01:15:06,false,2026-04-01 06:30:00
HS-005135,rodriguezelizabeth5135@example.com,"Adkins, Wright and Murray",lead,13,Event,Small Business,Australia,2025-09-21 02:25:26,false,2026-04-01 06:30:00
HS-005136,stephanie895136@example.com,"Weber, Wheeler and Gonzalez",marketingqualifiedlead,62,Inbound,Mid-Market,Australia,2025-09-28 23:31:13,false,2026-04-01 06:30:00
HS-005137,jacksonrussell5137@example.com,Davis Inc,marketingqualifiedlead,53,Outbound,SmallBiz,Canada,2026-02-27 13:12:00,false,2026-04-01 06:30:00
HS-005138,sholder5138@example.com,Goodwin Ltd,marketingqualifiedlead,72,Word of Mouth,smb,Canada,2026-03-03 14:14:08,false,2026-04-01 06:30:00
HS-005139,jessica865139@example.com,Williams-Li,marketingqualifiedlead,89,Event,Small Business,Canada,2026-02-21 08:59:17,false,2026-04-01 06:30:00
HS-005140,timothy685140@example.com,Gilbert PLC,lead,35,Inbound,MM,Canada,2026-02-08 16:46:40,false,2026-04-01 06:30:00
HS-005141,dmartinez5141@example.com,Dickson-Brady,marketingqualifiedlead,58,Content,Small Business,Canada,2025-12-08 00:11:19,false,2026-04-01 06:30:00
HS-005142,akidd5142@example.com,Mendez and Sons,lead,28,Event,Mid-Market,Germany,2026-01-15 07:31:57,false,2026-04-01 06:30:00
HS-005143,larry405143@example.com,"Le, Lewis and Hayes",lead,25,Cold Outreach,Small Business,Australia,2026-02-21 08:35:38,false,2026-04-01 06:30:00
HS-005144,samuelsandoval5144@example.com,"Frey, Santos and Johnson",lead,15,Outbound,smb,United States,2025-12-08 17:05:19,false,2026-04-01 06:30:00
HS-005145,daviladaniel5145@example.com,"Smith, Rodriguez and Anderson",lead,29,inbound,MM,United States,2025-11-14 18:10:26,false,2026-04-01 06:30:00
HS-005146,henrychristine5146@example.com,"Edwards, Baker and Anderson",marketingqualifiedlead,67,Content,ENT,United States,2026-01-01 18:10:25,false,2026-04-01 06:30:00
HS-005147,christopherturner5147@example.com,Murray-Oconnor,lead,8,Content Download,ENT,United Kingdom,2026-02-16 08:35:43,false,2026-04-01 06:30:00
HS-005148,powelljillian5148@example.com,Mendez and Sons,marketingqualifiedlead,90,Paid Ads,Mid-Market,Germany,2025-11-22 07:57:18,false,2026-04-01 06:30:00
HS-005149,philliphayden5149@example.com,"Mckinney, Graves and Thompson",lead,13,outbound,smb,United States,2025-09-09 21:56:32,false,2026-04-01 06:30:00
HS-005150,marthafloyd5150@example.com,Castaneda-Rodriguez,lead,21,Outbound,Small Business,United States,2026-01-02 08:21:55,false,2026-04-01 06:30:00
HS-005151,joshuaadams5151@example.com,Johnson-Doyle,lead,16,Trade Show,Small Business,Canada,2025-12-10 22:56:34,false,2026-04-01 06:30:00
HS-005152,cnelson5152@example.com,"Hensley, Powell and David",lead,35,Word of Mouth,Small Business,United States,2025-11-01 13:09:06,false,2026-04-01 06:30:00
HS-005153,davidandrews5153@example.com,"Branch, Torres and Oliver",marketingqualifiedlead,64,Paid,Mid-Market,Germany,2025-12-13 18:58:14,false,2026-04-01 06:30:00
HS-005154,bflores5154@example.com,Wilcox-Robertson,marketingqualifiedlead,72,Cold Outreach,SmallBiz,United Kingdom,2025-11-22 13:06:47,false,2026-04-01 06:30:00
HS-005155,earlfoley5155@example.com,Green-Wright,lead,23,inbound,smb,United Kingdom,2026-01-04 17:47:32,false,2026-04-01 06:30:00
HS-005156,cameronjackson5156@example.com,Pearson and Sons,marketingqualifiedlead,50,IB,smb,Germany,2025-11-20 03:34:27,false,2026-04-01 06:30:00
HS-005157,vparks5157@example.com,"Edwards, Hines and Jimenez",marketingqualifiedlead,53,Outbound,MM,United Kingdom,2025-11-20 07:43:31,false,2026-04-01 06:30:00
HS-005158,michellehoward5158@example.com,Hernandez PLC,marketingqualifiedlead,59,Content,SmallBiz,Canada,2026-03-21 05:44:56,false,2026-04-01 06:30:00
HS-005159,aaron335159@example.com,"Clark, Salinas and Guerra",lead,33,Outbound,Small Business,United Kingdom,2026-01-16 11:36:52,false,2026-04-01 06:30:00
HS-005160,brownandrew5160@example.com,Mason Ltd,lead,31,Trade Show,Enterprise,Australia,2026-03-02 06:05:05,false,2026-04-01 06:30:00
HS-005161,swright5161@example.com,Aguirre LLC,marketingqualifiedlead,71,Cold Outreach,Small Business,Canada,2026-02-25 07:58:08,false,2026-04-01 06:30:00
HS-005162,lchavez5162@example.com,Haynes-Moss,marketingqualifiedlead,48,Inbound,enterprise,United Kingdom,2025-09-26 08:03:28,false,2026-04-01 06:30:00
HS-005163,salazaraaron5163@example.com,"Rosales, Mitchell and Hines",marketingqualifiedlead,81,outbound,SMB,Canada,2025-10-14 20:07:29,false,2026-04-01 06:30:00
HS-005164,martinezdavid5164@example.com,"Ellison, Arias and Thompson",marketingqualifiedlead,47,IB,Small Business,Australia,2025-10-08 20:57:18,false,2026-04-01 06:30:00
HS-005165,johnsonstephanie5165@example.com,"Young, Contreras and Marshall",marketingqualifiedlead,83,Content,MidMarket,United States,2025-10-04 17:13:05,false,2026-04-01 06:30:00
HS-005166,cruzkaren5166@example.com,"Tapia, Vaughn and Lee",lead,17,inbound,SmallBiz,Canada,2026-02-24 12:38:02,false,2026-04-01 06:30:00
HS-005167,loritaylor5167@example.com,"Sanders, Ayala and Johnson",lead,9,Content,SMB,Canada,2025-09-22 04:40:52,false,2026-04-01 06:30:00
HS-005168,dharris5168@example.com,Lee Group,lead,29,Word of Mouth,Small Business,Australia,2025-10-27 02:27:52,false,2026-04-01 06:30:00
HS-005169,nsingh5169@example.com,Good-Hodges,lead,39,Inbound,Mid-Market,United Kingdom,2025-10-07 14:06:12,false,2026-04-01 06:30:00
HS-005170,priceamber5170@example.com,Gomez and Sons,lead,35,IB,Mid Market,Germany,2026-02-23 01:31:27,false,2026-04-01 06:30:00
HS-005171,kevin185171@example.com,Davis-Gregory,marketingqualifiedlead,69,Outbound,SMB,Germany,2026-01-20 18:21:01,false,2026-04-01 06:30:00
HS-005172,qcastillo5172@example.com,Gilbert PLC,lead,33,Event,MidMarket,Canada,2026-01-11 04:10:30,false,2026-04-01 06:30:00
HS-005173,dsanchez5173@example.com,"Morales, Thomas and Schultz",marketingqualifiedlead,77,Trade Show,Small Business,Australia,2025-10-31 00:33:22,false,2026-04-01 06:30:00
HS-005174,morselisa5174@example.com,Levy-Lewis,marketingqualifiedlead,52,Content Download,MM,United States,2026-01-03 10:13:25,false,2026-04-01 06:30:00
HS-005175,gabrielle365175@example.com,Ross LLC,marketingqualifiedlead,54,Word of Mouth,smb,Canada,2026-01-26 02:18:37,false,2026-04-01 06:30:00
HS-005176,zamorajennifer5176@example.com,Wilson-Jones,marketingqualifiedlead,65,outbound,smb,Canada,2026-01-29 11:51:26,false,2026-04-01 06:30:00
HS-005177,stephaniemiller5177@example.com,Wolf-Harris,marketingqualifiedlead,53,Outbound,Small Business,United Kingdom,2026-01-12 18:22:48,false,2026-04-01 06:30:00
HS-005178,millschristopher5178@example.com,"Gregory, Kim and Martinez",lead,35,IB,SmallBiz,Germany,2026-02-15 19:09:32,false,2026-04-01 06:30:00
HS-005179,batesangela5179@example.com,"Walsh, Wu and Hart",marketingqualifiedlead,57,Content,Small Business,Germany,2025-12-14 20:57:34,false,2026-04-01 06:30:00
HS-005180,heather585180@example.com,"Terrell, Byrd and Ross",marketingqualifiedlead,69,Trade Show,smb,Australia,2025-12-25 04:00:44,false,2026-04-01 06:30:00
HS-005181,katherinemccarty5181@example.com,"Nelson, Hoffman and Nelson",marketingqualifiedlead,76,Cold Outreach,SMB,United States,2026-03-17 20:27:09,false,2026-04-01 06:30:00
HS-005182,edward035182@example.com,Morgan-Lopez,marketingqualifiedlead,78,Partner,Small Business,United Kingdom,2026-03-06 22:10:29,false,2026-04-01 06:30:00
HS-005183,linda015183@example.com,Haynes-Moss,marketingqualifiedlead,40,Cold Outreach,ENT,United Kingdom,2025-09-18 07:19:59,false,2026-04-01 06:30:00
HS-005184,james345184@example.com,"Ferrell, Jones and Lewis",lead,23,Cold Outreach,enterprise,United Kingdom,2026-03-19 06:07:39,false,2026-04-01 06:30:00
HS-005185,cjenkins5185@example.com,Smith-Bell,marketingqualifiedlead,45,inbound,Small Business,Australia,2026-02-05 17:20:14,false,2026-04-01 06:30:00
HS-005186,nicholas995186@example.com,Morales and Sons,marketingqualifiedlead,69,Trade Show,SmallBiz,United Kingdom,2026-03-12 13:04:43,false,2026-04-01 06:30:00
HS-005187,justin465187@example.com,"Harrison, Johnson and Roberts",marketingqualifiedlead,79,IB,enterprise,Canada,2025-12-01 14:04:58,false,2026-04-01 06:30:00
HS-005188,talexander5188@example.com,Bartlett-Sloan,marketingqualifiedlead,48,Event,smb,Canada,2025-10-04 10:01:59,false,2026-04-01 06:30:00
HS-005189,davisandrea5189@example.com,"Robinson, Fox and Smith",marketingqualifiedlead,58,Event,SMB,Germany,2025-10-08 22:16:03,false,2026-04-01 06:30:00
HS-005190,nicole025190@example.com,"Stuart, Brooks and Vance",lead,28,Outbound,Mid-Market,Australia,2025-10-12 19:52:25,false,2026-04-01 06:30:00
HS-005191,barkeredwin5191@example.com,"Holder, Young and Hendricks",marketingqualifiedlead,59,Event,MidMarket,Canada,2026-01-15 23:17:44,false,2026-04-01 06:30:00
HS-005192,denisepalmer5192@example.com,Phelps LLC,marketingqualifiedlead,78,Trade Show,SMB,United States,2025-12-04 05:29:25,false,2026-04-01 06:30:00
HS-005193,tammy265193@example.com,Valentine-Holland,lead,27,Outbound,SmallBiz,United Kingdom,2025-12-30 14:25:55,false,2026-04-01 06:30:00
HS-005194,arthurreed5194@example.com,Anderson-Wood,marketingqualifiedlead,61,Channel,smb,Australia,2026-01-21 15:29:40,false,2026-04-01 06:30:00
HS-005195,crawfordhaley5195@example.com,Jackson PLC,lead,39,Content,Small Business,Canada,2025-09-26 07:40:49,false,2026-04-01 06:30:00
HS-005196,taylorclarke5196@example.com,Lee Group,lead,13,Inbound,SmallBiz,Australia,2026-02-10 09:46:52,false,2026-04-01 06:30:00
HS-005197,dana365197@example.com,Parker Ltd,marketingqualifiedlead,90,IB,SmallBiz,United Kingdom,2026-01-14 12:04:05,false,2026-04-01 06:30:00
HS-005198,ernest355198@example.com,Adams PLC,marketingqualifiedlead,58,Channel,SMB,United Kingdom,2026-03-06 12:37:56,false,2026-04-01 06:30:00
HS-005199,ssmith5199@example.com,Burton-Brooks,marketingqualifiedlead,69,Partner,MM,United States,2026-02-09 08:53:52,false,2026-04-01 06:30:00
HS-005200,moorecody5200@example.com,Brooks Ltd,marketingqualifiedlead,58,Inbound,SmallBiz,Canada,2025-09-29 10:41:11,false,2026-04-01 06:30:00
HS-005201,andrearivera5201@example.com,Sheppard-Jordan,marketingqualifiedlead,81,Event,smb,Australia,2025-12-17 14:20:38,false,2026-04-01 06:30:00
HS-005202,parksshawna5202@example.com,"Norris, Callahan and Bishop",marketingqualifiedlead,55,inbound,Small Business,United Kingdom,2025-11-03 18:33:45,false,2026-04-01 06:30:00
HS-005202D,parksshawna5202@example.com,"Norris, Callahan and Bishop",marketingqualifiedlead,55,inbound,Small Business,United Kingdom,2025-11-03 18:33:45,false,2026-04-01 06:30:00
HS-005203,kristievillegas5203@example.com,Watson PLC,lead,27,Event,Strategic,United Kingdom,2025-10-13 19:04:51,false,2026-04-01 06:30:00
HS-005204,anne465204@arcline.com,Humphrey-Baker,marketingqualifiedlead,88,inbound,Strategic,Germany,2025-09-23 05:26:41,true,2026-04-01 06:30:00
HS-005205,warebruce5205@example.com,Ramirez Group,lead,13,Cold Outreach,SmallBiz,Canada,2026-02-02 04:09:01,false,2026-04-01 06:30:00
HS-005206,jefferybaker5206@example.com,Lopez-Williams,lead,14,inbound,SmallBiz,Australia,2026-03-26 04:10:10,false,2026-04-01 06:30:00
HS-005207,fjohnson5207@example.com,"Buchanan, Walker and Chapman",lead,12,Cold Outreach,ENT,Australia,2025-12-09 17:51:00,false,2026-04-01 06:30:00
HS-005208,annaboyd5208@example.com,Willis and Sons,marketingqualifiedlead,52,Inbound,smb,Canada,2025-12-24 09:13:27,false,2026-04-01 06:30:00
HS-005209,fmiller5209@example.com,Salazar Inc,marketingqualifiedlead,60,Cold Outreach,Mid-Market,Canada,2025-12-07 10:47:41,false,2026-04-01 06:30:00
HS-005210,jamesstrong5210@example.com,Gray Group,lead,12,Content Download,smb,Canada,2025-12-31 23:04:00,false,2026-04-01 06:30:00
HS-005211,fjones5211@example.com,Williams PLC,marketingqualifiedlead,74,Channel,ENT,United Kingdom,2025-09-10 09:22:57,false,2026-04-01 06:30:00
HS-005212,anthonyconway5212@example.com,Ward and Sons,lead,39,IB,Small Business,United Kingdom,2026-03-01 06:04:01,false,2026-04-01 06:30:00
HS-005213,alexander665213@example.com,Bruce-Gonzalez,marketingqualifiedlead,83,IB,SMB,Canada,2026-02-10 03:09:46,false,2026-04-01 06:30:00
HS-005214,jeffrey445214@example.com,Peck-Anderson,marketingqualifiedlead,50,Paid,MidMarket,Canada,2025-12-02 19:08:58,false,2026-04-01 06:30:00
HS-005215,tswanson5215@example.com,Thompson Ltd,marketingqualifiedlead,44,IB,smb,United Kingdom,2025-11-16 01:49:51,false,2026-04-01 06:30:00
HS-005216,patriciagood5216@example.com,Johnston-Odonnell,lead,15,outbound,MM,United Kingdom,2025-09-24 22:36:42,false,2026-04-01 06:30:00
HS-005217,ohuerta5217@example.com,Smith-Frost,lead,33,Event,SMB,Australia,2025-11-11 01:39:04,false,2026-04-01 06:30:00
HS-005218,patrick015218@example.com,Chambers-Parker,lead,9,Outbound,SMB,Australia,2026-03-21 08:10:12,false,2026-04-01 06:30:00
HS-005219,cookadam5219@example.com,House-Glover,marketingqualifiedlead,77,Cold Outreach,SMB,Canada,2026-03-16 04:44:45,false,2026-04-01 06:30:00
HS-005220,zball5220@example.com,Marquez-Fletcher,marketingqualifiedlead,60,IB,MM,United Kingdom,2025-08-26 01:58:18,false,2026-04-01 06:30:00
HS-005221,tamaraparker5221@example.com,"Becker, Wilson and Hester",marketingqualifiedlead,72,outbound,Strategic,United Kingdom,2026-02-04 11:19:53,false,2026-04-01 06:30:00
HS-005222,jordanbailey5222@example.com,Alexander-Jordan,lead,7,Outbound,SmallBiz,Canada,2025-12-11 03:55:01,false,2026-04-01 06:30:00
HS-005223,amiller5223@example.com,"Powell, Deleon and Warren",marketingqualifiedlead,64,Channel,SmallBiz,United Kingdom,2026-01-12 15:45:58,false,2026-04-01 06:30:00
HS-005224,frankstewart5224@example.com,"Hoffman, Santiago and Jenkins",marketingqualifiedlead,85,Paid,SMB,Canada,2025-12-30 14:34:12,false,2026-04-01 06:30:00
HS-005225,bradydavid5225@example.com,Williams-Hughes,marketingqualifiedlead,74,outbound,SMB,United Kingdom,2025-12-17 11:25:02,false,2026-04-01 06:30:00
HS-005226,lbarnett5226@example.com,King-York,marketingqualifiedlead,40,Event,Small Business,United States,2026-03-12 03:47:57,false,2026-04-01 06:30:00
HS-005227,achavez5227@example.com,Novak PLC,marketingqualifiedlead,71,Content,MidMarket,United States,2025-12-12 03:42:33,false,2026-04-01 06:30:00
HS-005228,tboone5228@example.com,Parker Ltd,lead,9,Content Download,SmallBiz,United Kingdom,2025-12-19 16:04:18,false,2026-04-01 06:30:00
HS-005229,sdonovan5229@example.com,"Clark, Guerrero and Moore",lead,33,inbound,enterprise,Germany,2025-12-08 19:20:48,false,2026-04-01 06:30:00
HS-005230,icisneros5230@example.com,Ellis-Lawrence,lead,28,Content Download,Small Business,United States,2026-02-17 13:17:23,false,2026-04-01 06:30:00
HS-005231,tonya975231@example.com,Moore-Ayala,marketingqualifiedlead,54,Cold Outreach,Mid Market,United States,2025-09-24 08:23:32,false,2026-04-01 06:30:00
HS-005232,cphelps5232@example.com,Boone-Davis,marketingqualifiedlead,72,IB,SMB,United Kingdom,2026-01-13 14:01:36,false,2026-04-01 06:30:00
HS-005233,kristy475233@example.com,"Williams, Castillo and Warren",marketingqualifiedlead,80,outbound,SMB,Canada,2025-11-20 07:30:21,false,2026-04-01 06:30:00
HS-005234,qgallegos5234@example.com,Adams-Butler,marketingqualifiedlead,42,Paid Ads,Mid-Market,United Kingdom,2026-03-17 08:52:29,false,2026-04-01 06:30:00
HS-005235,belindafowler5235@example.com,Giles Ltd,marketingqualifiedlead,68,Inbound,Enterprise,United States,2025-11-01 09:05:50,false,2026-04-01 06:30:00
HS-005236,alexis615236@example.com,Lopez-Reid,lead,24,Content,smb,United Kingdom,2026-02-19 19:48:15,false,2026-04-01 06:30:00
HS-005237,vincent745237@example.com,"Hensley, Powell and David",marketingqualifiedlead,69,outbound,SmallBiz,United States,2025-09-10 19:51:13,false,2026-04-01 06:30:00
HS-005238,davidedwards5238@example.com,Ford-Spencer,lead,19,Referral,smb,United States,2025-11-23 17:55:56,false,2026-04-01 06:30:00
HS-005239,lisa405239@example.com,"Johnson, Jimenez and Phillips",marketingqualifiedlead,71,inbound,Small Business,United Kingdom,2026-02-09 15:13:16,false,2026-04-01 06:30:00
HS-005240,jessica685240@example.com,Levy-May,marketingqualifiedlead,51,Paid,SMB,United Kingdom,2025-08-27 03:23:07,false,2026-04-01 06:30:00
HS-005241,staceyhernandez5241@example.com,Jackson-Wallace,marketingqualifiedlead,68,Trade Show,MidMarket,Germany,2025-10-03 13:44:17,false,2026-04-01 06:30:00
HS-005242,krystal645242@example.com,Wright-Davis,lead,27,Inbound,SMB,United Kingdom,2026-02-05 03:01:05,false,2026-04-01 06:30:00
HS-005243,frank495243@example.com,Pollard and Sons,lead,20,Outbound,Mid-Market,Germany,2025-12-15 20:56:43,false,2026-04-01 06:30:00
HS-005244,andreross5244@example.com,Lee-Wright,marketingqualifiedlead,65,Partner,Small Business,Canada,2025-10-05 15:05:04,false,2026-04-01 06:30:00
HS-005245,laurie115245@example.com,"Wilson, Sweeney and Wong",marketingqualifiedlead,83,Cold Outreach,smb,Germany,2025-11-27 17:30:27,false,2026-04-01 06:30:00
HS-005246,lambertcheyenne5246@example.com,"Wilson, Sweeney and Wong",marketingqualifiedlead,85,Paid,smb,Germany,2026-03-04 17:20:50,false,2026-04-01 06:30:00
HS-005247,amymiller5247@example.com,"Cruz, Richmond and Edwards",lead,37,inbound,SMB,Australia,2025-12-24 06:50:07,false,2026-04-01 06:30:00
HS-005248,stevensmith5248@example.com,"Johnson, Guzman and Mccall",marketingqualifiedlead,87,inbound,smb,Australia,2025-12-04 05:20:46,false,2026-04-01 06:30:00
HS-005249,ohall5249@example.com,Garner-Thornton,marketingqualifiedlead,85,Cold Outreach,MM,United Kingdom,2025-11-17 10:33:31,false,2026-04-01 06:30:00
HS-005250,erica485250@example.com,"Williams, Johnson and Wright",lead,23,Word of Mouth,SMB,Canada,2026-01-15 08:15:50,false,2026-04-01 06:30:00
HS-005250D,erica485250@example.com,"Williams, Johnson and Wright",lead,23,Word of Mouth,SMB,Canada,2026-01-15 08:15:50,false,2026-04-01 06:30:00
HS-005251,jenniferrice5251@example.com,Perez Ltd,marketingqualifiedlead,87,inbound,Small Business,Canada,2026-03-10 03:59:59,false,2026-04-01 06:30:00
HS-005252,brenda685252@example.com,Rogers LLC,lead,37,outbound,Mid-Market,Germany,2025-10-28 04:46:44,false,2026-04-01 06:30:00
HS-005253,kaiserrichard5253@example.com,Hardy PLC,marketingqualifiedlead,51,Content,SMB,Australia,2025-12-22 16:51:29,false,2026-04-01 06:30:00
HS-005254,reedcorey5254@example.com,Davis PLC,lead,17,IB,Mid Market,United States,2025-12-07 11:38:12,false,2026-04-01 06:30:00
HS-005255,kaiserhunter5255@example.com,"Taylor, Wright and Davidson",lead,13,Content Download,SMB,United States,2025-11-08 07:35:14,false,2026-04-01 06:30:00
HS-005256,lisawatson5256@example.com,Wilson-Harris,marketingqualifiedlead,42,inbound,SmallBiz,Canada,2025-12-17 12:34:46,false,2026-04-01 06:30:00
HS-005257,dianaramirez5257@example.com,Watson Ltd,lead,30,Cold Outreach,smb,United Kingdom,2025-11-25 11:08:58,false,2026-04-01 06:30:00
HS-005258,johnjohnson5258@example.com,"Jones, Compton and Day",marketingqualifiedlead,85,Content Download,smb,Canada,2025-08-29 13:46:14,false,2026-04-01 06:30:00
HS-005259,nwilliams5259@example.com,Kerr-Evans,lead,20,Trade Show,smb,United States,2025-10-29 13:17:43,false,2026-04-01 06:30:00
HS-005260,psmith5260@example.com,"Wheeler, Rice and Levine",lead,39,outbound,Small Business,Canada,2025-10-06 10:02:08,false,2026-04-01 06:30:00
HS-005261,tthomas5261@example.com,"Mckee, Gardner and Davenport",lead,16,Content,Small Business,United Kingdom,2025-11-05 10:21:09,false,2026-04-01 06:30:00
HS-005262,dbrown5262@example.com,"Byrd, Oliver and Martinez",marketingqualifiedlead,89,Inbound,Mid-Market,United Kingdom,2025-09-09 00:00:50,false,2026-04-01 06:30:00
HS-005263,frankkey5263@example.com,Patton-Jenkins,marketingqualifiedlead,47,Inbound,SmallBiz,United States,2026-01-25 11:05:36,false,2026-04-01 06:30:00
HS-005264,danielgriffin5264@example.com,"Sanders, Ayala and Johnson",marketingqualifiedlead,44,Content,Small Business,Canada,2026-02-28 18:31:44,false,2026-04-01 06:30:00
HS-005265,millerlindsey5265@example.com,Mendez-Mayer,marketingqualifiedlead,63,Channel,MidMarket,United Kingdom,2025-11-12 16:53:54,false,2026-04-01 06:30:00
HS-005266,maysjason5266@example.com,Parsons-Hall,marketingqualifiedlead,82,Paid,Mid-Market,Germany,2025-11-14 14:46:42,false,2026-04-01 06:30:00
HS-005267,pli5267@example.com,"Nguyen, Hill and Douglas",lead,10,Event,SmallBiz,Canada,2025-09-09 05:20:00,false,2026-04-01 06:30:00
HS-005268,christensentyler5268@example.com,Miller-Orr,lead,29,Trade Show,enterprise,United Kingdom,2025-09-14 10:50:34,false,2026-04-01 06:30:00
HS-005269,lawrencesteven5269@example.com,Lewis-Livingston,lead,15,Outbound,Small Business,United States,2025-12-28 11:56:20,false,2026-04-01 06:30:00
HS-005270,vwilliams5270@example.com,"Alvarado, Miller and Patterson",lead,30,IB,Small Business,United Kingdom,2025-12-02 15:23:47,false,2026-04-01 06:30:00
HS-005271,wilkersonkatherine5271@example.com,Hancock and Sons,marketingqualifiedlead,56,Outbound,Mid-Market,United Kingdom,2025-09-17 21:13:08,false,2026-04-01 06:30:00
HS-005272,kathleencase5272@example.com,Bass PLC,marketingqualifiedlead,72,Cold Outreach,enterprise,Australia,2026-02-04 01:59:48,false,2026-04-01 06:30:00
HS-005273,bowenjonathan5273@example.com,"Byrd, Oliver and Martinez",marketingqualifiedlead,50,Referral,Mid Market,United Kingdom,2025-11-25 03:06:11,false,2026-04-01 06:30:00
HS-005274,megan785274@example.com,Ross LLC,marketingqualifiedlead,43,Cold Outreach,smb,Canada,2026-03-20 03:31:38,false,2026-04-01 06:30:00
HS-005275,michelle015275@example.com,"Johnson, Miller and King",lead,35,Outbound,SMB,Canada,2025-10-21 19:25:50,false,2026-04-01 06:30:00
HS-005276,harrissamuel5276@example.com,"Thomas, Vaughan and Copeland",lead,24,Paid,SmallBiz,Canada,2025-12-25 18:27:54,false,2026-04-01 06:30:00
HS-005277,matthewmartin5277@example.com,Williams-Brown,lead,11,Outbound,smb,Germany,2026-03-06 08:14:51,false,2026-04-01 06:30:00
HS-005278,johnsonsandra5278@example.com,Terry-Bowen,marketingqualifiedlead,70,Channel,Enterprise,Germany,2025-10-07 09:41:09,false,2026-04-01 06:30:00
HS-005279,amills5279@example.com,Foster-Williams,lead,20,inbound,Small Business,United States,2025-10-21 09:48:42,false,2026-04-01 06:30:00
HS-005280,dtaylor5280@example.com,"Sanchez, Wheeler and Harvey",marketingqualifiedlead,53,Channel,Strategic,Australia,2025-09-18 05:44:36,false,2026-04-01 06:30:00
HS-005281,espinozataylor5281@example.com,"Tanner, Hunt and Cameron",marketingqualifiedlead,58,Inbound,Small Business,United States,2025-09-12 14:06:02,false,2026-04-01 06:30:00
HS-005282,brodriguez5282@example.com,Howell and Sons,lead,16,Content,Strategic,United Kingdom,2025-11-01 22:14:43,false,2026-04-01 06:30:00
HS-005283,maxwelltheodore5283@example.com,"Lee, Rhodes and Sims",lead,20,Outbound,Small Business,Canada,2025-10-29 14:53:46,false,2026-04-01 06:30:00
HS-005284,davidharris5284@example.com,Knox-Powers,lead,17,Event,Small Business,Australia,2026-03-02 18:22:16,false,2026-04-01 06:30:00
HS-005285,fking5285@example.com,Haynes-Moss,marketingqualifiedlead,50,Word of Mouth,ENT,United Kingdom,2025-12-02 11:41:25,false,2026-04-01 06:30:00
HS-005286,nicholstodd5286@example.com,"Reyes, Chase and Jenkins",marketingqualifiedlead,78,Event,Mid Market,United Kingdom,2025-11-20 03:09:16,false,2026-04-01 06:30:00
HS-005287,billyjohns5287@example.com,Brooks-Hatfield,marketingqualifiedlead,76,Inbound,smb,Canada,2025-12-02 17:34:54,false,2026-04-01 06:30:00
HS-005288,yoderadam5288@example.com,Davis PLC,marketingqualifiedlead,65,Paid Ads,Mid-Market,United States,2026-02-26 05:39:19,false,2026-04-01 06:30:00
HS-005289,amy855289@example.com,White-Preston,lead,20,Outbound,Small Business,Australia,2025-11-19 20:36:20,false,2026-04-01 06:30:00
HS-005290,steven805290@example.com,Adams-Sanders,marketingqualifiedlead,70,Cold Outreach,SmallBiz,United Kingdom,2025-11-02 04:58:42,false,2026-04-01 06:30:00
HS-005291,jacksonjonathan5291@example.com,Davis and Sons,marketingqualifiedlead,40,Partner,SMB,Germany,2025-11-03 13:11:59,false,2026-04-01 06:30:00
HS-005292,james235292@example.com,"Alexander, Robinson and Coleman",lead,30,Outbound,smb,Australia,2025-10-22 16:23:18,false,2026-04-01 06:30:00
HS-005293,kmaynard5293@example.com,Lopez-Curry,lead,8,inbound,smb,United States,2026-02-05 22:21:22,false,2026-04-01 06:30:00
HS-005294,myersbenjamin5294@example.com,Wright Group,lead,39,outbound,SmallBiz,Germany,2025-12-10 06:21:08,false,2026-04-01 06:30:00
HS-005295,wmorrison5295@example.com,Murphy PLC,lead,27,Trade Show,Small Business,United States,2026-01-04 00:35:10,false,2026-04-01 06:30:00
HS-005296,darnold5296@example.com,"Johnson, Lee and Whitaker",lead,28,Outbound,SMB,United States,2026-01-14 18:17:44,false,2026-04-01 06:30:00
HS-005297,raymond705297@example.com,"Webb, Romero and Morse",lead,21,Paid Ads,Small Business,Australia,2026-03-27 19:26:48,false,2026-04-01 06:30:00
HS-005298,rowen5298@example.com,"Daniels, Vance and York",marketingqualifiedlead,57,Cold Outreach,SmallBiz,Australia,2025-10-24 05:55:43,false,2026-04-01 06:30:00
HS-005299,carl915299@example.com,"Marshall, Dominguez and Welch",marketingqualifiedlead,55,inbound,smb,United Kingdom,2026-03-08 18:41:40,false,2026-04-01 06:30:00
HS-005300,belindahaas5300@example.com,Foster-Williams,lead,32,Cold Outreach,smb,United States,2025-11-28 17:56:26,false,2026-04-01 06:30:00
HS-005301,heidi215301@example.com,Maxwell Group,lead,30,Content,SMB,Germany,2026-03-21 08:31:04,false,2026-04-01 06:30:00
HS-005302,brian165302@example.com,Edwards Ltd,marketingqualifiedlead,64,Trade Show,Mid Market,Australia,2025-12-03 19:34:26,false,2026-04-01 06:30:00
HS-005303,madeline615303@example.com,Green LLC,marketingqualifiedlead,86,Content Download,SMB,Germany,2025-10-03 10:07:22,false,2026-04-01 06:30:00
HS-005304,castilloalec5304@example.com,Elliott-Hernandez,lead,38,Event,Mid Market,Canada,2025-11-08 07:57:41,false,2026-04-01 06:30:00
HS-005305,michaelkrause5305@example.com,Price LLC,marketingqualifiedlead,50,Outbound,Mid Market,Canada,2025-08-26 02:12:15,false,2026-04-01 06:30:00
HS-005306,patricia245306@example.com,Gray Group,marketingqualifiedlead,82,Event,Small Business,Canada,2026-01-09 04:29:30,false,2026-04-01 06:30:00
HS-005307,jacquelineneal5307@example.com,Green-Edwards,lead,30,inbound,SmallBiz,Canada,2025-10-20 02:26:09,false,2026-04-01 06:30:00
HS-005307D,jacquelineneal5307@example.com,Green-Edwards,lead,30,inbound,SmallBiz,Canada,2025-10-20 02:26:09,false,2026-04-01 06:30:00
HS-005308,beckyroberts5308@example.com,Campbell Inc,lead,26,Inbound,Mid-Market,Canada,2025-10-14 02:57:23,false,2026-04-01 06:30:00
HS-005309,wesley305309@example.com,Fisher-Washington,lead,31,Cold Outreach,Strategic,United Kingdom,2026-02-21 13:53:37,false,2026-04-01 06:30:00
HS-005310,turnerdaniel5310@example.com,Cole-Palmer,marketingqualifiedlead,68,Content Download,SMB,United Kingdom,2026-02-14 22:46:41,false,2026-04-01 06:30:00
HS-005311,zburke5311@example.com,"Rodriguez, Prince and Vasquez",marketingqualifiedlead,71,IB,MM,United Kingdom,2026-01-17 05:03:28,false,2026-04-01 06:30:00
HS-005312,cervantesleslie5312@example.com,"Richardson, Farmer and Andrews",lead,34,Event,Mid Market,Canada,2025-10-02 00:08:06,false,2026-04-01 06:30:00
HS-005313,brandongarcia5313@example.com,Barber-Fischer,lead,10,Inbound,Small Business,United Kingdom,2026-03-30 04:22:02,false,2026-04-01 06:30:00
HS-005314,bennettjennifer5314@example.com,Wells Inc,marketingqualifiedlead,79,Outbound,MM,Canada,2025-09-18 21:56:42,false,2026-04-01 06:30:00
HS-005314D,bennettjennifer5314@example.com,Wells Inc,marketingqualifiedlead,79,Outbound,MM,Canada,2025-09-18 21:56:42,false,2026-04-01 06:30:00
HS-005315,zwolfe5315@example.com,Morton-Chase,lead,32,Inbound,SMB,United States,2025-09-22 17:21:26,false,2026-04-01 06:30:00
HS-005316,jerryparrish5316@example.com,"Sanchez, Wheeler and Harvey",lead,23,Inbound,Strategic,Australia,2025-11-21 07:57:05,false,2026-04-01 06:30:00
HS-005317,jesse815317@example.com,Orr Group,lead,6,inbound,SmallBiz,Australia,2025-09-16 22:23:38,false,2026-04-01 06:30:00
HS-005318,smithandre5318@example.com,Abbott Ltd,marketingqualifiedlead,90,inbound,Enterprise,Canada,2025-10-20 19:03:23,false,2026-04-01 06:30:00
HS-005319,gilmorejoshua5319@example.com,"Arnold, Cooper and Monroe",lead,7,Channel,SmallBiz,Canada,2025-09-18 01:05:38,false,2026-04-01 06:30:00
HS-005320,xfisher5320@example.com,Rivera Inc,marketingqualifiedlead,67,Outbound,SmallBiz,Australia,2026-01-01 13:18:45,false,2026-04-01 06:30:00
HS-005321,tracywilkins5321@example.com,"Wang, Henderson and Morales",lead,18,Content,MidMarket,Germany,2026-03-18 17:01:54,false,2026-04-01 06:30:00
HS-005322,hfoley5322@example.com,Mora-White,lead,17,Paid Ads,Small Business,Australia,2025-09-05 05:46:59,false,2026-04-01 06:30:00
HS-005323,thomas855323@example.com,Lam-Elliott,lead,38,Cold Outreach,MM,United Kingdom,2025-10-29 06:02:55,false,2026-04-01 06:30:00
HS-005324,julie125324@example.com,Bell-Bennett,marketingqualifiedlead,66,Outbound,SMB,United States,2025-11-20 14:32:38,false,2026-04-01 06:30:00
HS-005325,bullockrebecca5325@example.com,Brock-Mcdonald,lead,21,inbound,smb,Australia,2025-11-06 21:40:32,false,2026-04-01 06:30:00
HS-005326,lindsay235326@example.com,"Rodgers, Jefferson and Johnson",marketingqualifiedlead,61,Outbound,MidMarket,United Kingdom,2025-12-08 11:46:39,false,2026-04-01 06:30:00
HS-005327,kathy785327@example.com,Weaver-Sherman,marketingqualifiedlead,57,Channel,smb,Australia,2026-02-08 06:43:40,false,2026-04-01 06:30:00
HS-005328,petersonjordan5328@example.com,Thompson Ltd,marketingqualifiedlead,57,Referral,Small Business,Canada,2026-03-23 16:16:58,false,2026-04-01 06:30:00
HS-005329,odickerson5329@example.com,Dean-Jimenez,lead,16,Inbound,Small Business,Australia,2025-12-22 14:26:31,false,2026-04-01 06:30:00
HS-005330,farmerlisa5330@example.com,Hall-Sullivan,lead,18,Word of Mouth,ENT,Australia,2026-01-19 05:03:48,false,2026-04-01 06:30:00
HS-005331,umartin5331@example.com,"Lynch, Evans and Rodriguez",marketingqualifiedlead,57,Outbound,Small Business,United States,2026-03-02 00:41:53,false,2026-04-01 06:30:00
HS-005332,ssmith5332@example.com,"Fitzpatrick, Rivera and Smith",lead,5,Referral,MM,Germany,2025-12-16 19:24:25,false,2026-04-01 06:30:00
HS-005333,ryan545333@example.com,"Harrison, Franco and Rocha",lead,22,outbound,smb,United States,2025-09-14 22:24:33,false,2026-04-01 06:30:00
HS-005334,dmejia5334@example.com,Bates LLC,marketingqualifiedlead,73,Cold Outreach,SmallBiz,Germany,2025-12-09 16:21:54,false,2026-04-01 06:30:00
HS-005335,benjaminbrown5335@arcline.com,"Taylor, Wright and Davidson",marketingqualifiedlead,65,Outbound,SmallBiz,United States,2025-12-03 16:05:22,true,2026-04-01 06:30:00
HS-005336,johnsonjames5336@example.com,Spence PLC,marketingqualifiedlead,58,Inbound,SMB,United States,2026-03-01 21:12:04,false,2026-04-01 06:30:00
HS-005337,ymartinez5337@example.com,"Mcdonald, Lee and Rodriguez",marketingqualifiedlead,82,inbound,Small Business,Canada,2026-03-13 09:54:27,false,2026-04-01 06:30:00
HS-005338,karen785338@example.com,Walker PLC,lead,27,inbound,smb,United Kingdom,2026-02-10 05:47:26,false,2026-04-01 06:30:00
HS-005339,timothysharp5339@example.com,"Patton, Parsons and Lane",lead,16,outbound,SmallBiz,United States,2025-09-28 21:48:38,false,2026-04-01 06:30:00
HS-005340,connorstewart5340@example.com,Li-Thompson,lead,29,inbound,MM,Canada,2025-10-20 13:26:49,false,2026-04-01 06:30:00
HS-005341,alyssaparsons5341@example.com,Bryant Group,marketingqualifiedlead,70,Referral,smb,Canada,2026-02-26 01:36:40,false,2026-04-01 06:30:00
HS-005342,ephillips5342@example.com,Hill Ltd,marketingqualifiedlead,78,Content Download,SMB,United States,2025-09-20 12:12:01,false,2026-04-01 06:30:00
HS-005342D,ephillips5342@example.com,Hill Ltd,marketingqualifiedlead,78,Content Download,SMB,United States,2025-09-20 12:12:01,false,2026-04-01 06:30:00
HS-005343,wesley575343@example.com,"Washington, Ryan and Cummings",marketingqualifiedlead,90,Partner,MidMarket,Australia,2025-09-12 03:14:10,false,2026-04-01 06:30:00
HS-005344,patrickmartin5344@example.com,Rangel LLC,marketingqualifiedlead,84,Outbound,SmallBiz,Germany,2025-09-03 12:08:29,false,2026-04-01 06:30:00
HS-005345,martintownsend5345@example.com,"Harvey, Randall and Hernandez",lead,25,Inbound,MidMarket,Australia,2026-03-09 09:53:47,false,2026-04-01 06:30:00
HS-005346,zjennings5346@example.com,Gibson-Freeman,marketingqualifiedlead,69,inbound,Strategic,Germany,2025-11-11 08:46:58,false,2026-04-01 06:30:00
HS-005347,patricialopez5347@example.com,Whitney PLC,marketingqualifiedlead,80,Paid,enterprise,United Kingdom,2025-12-27 02:44:39,false,2026-04-01 06:30:00
HS-005348,wendy765348@example.com,Lee-Cooke,lead,16,Paid,SMB,United Kingdom,2025-12-30 06:59:55,false,2026-04-01 06:30:00
HS-005349,aking5349@example.com,"Wilson, Pena and Rich",marketingqualifiedlead,87,Content,MM,Germany,2026-03-05 05:44:30,false,2026-04-01 06:30:00
HS-005350,ydelgado5350@example.com,Rodriguez-Hall,marketingqualifiedlead,86,Cold Outreach,Small Business,Germany,2026-03-03 08:12:50,false,2026-04-01 06:30:00
HS-005351,douglasdougherty5351@example.com,"Miller, Hernandez and Reyes",marketingqualifiedlead,75,Cold Outreach,Small Business,United Kingdom,2026-02-14 04:32:28,false,2026-04-01 06:30:00
HS-005352,sherryclark5352@example.com,"Yates, Ramsey and Pittman",marketingqualifiedlead,58,Cold Outreach,smb,Germany,2025-08-27 20:18:16,false,2026-04-01 06:30:00
HS-005353,salvarez5353@example.com,"Austin, Day and Johnson",marketingqualifiedlead,90,outbound,MidMarket,Canada,2026-03-03 23:39:19,false,2026-04-01 06:30:00
HS-005354,michaelmartinez5354@example.com,Jimenez Ltd,marketingqualifiedlead,88,Trade Show,Mid-Market,Australia,2026-01-06 18:56:52,false,2026-04-01 06:30:00
HS-005355,ebowen5355@example.com,Rodriguez and Sons,marketingqualifiedlead,55,Content Download,Small Business,Canada,2026-02-09 06:13:18,false,2026-04-01 06:30:00
HS-005356,russellemily5356@example.com,"Walker, Hernandez and Baker",lead,22,Inbound,SmallBiz,Canada,2025-09-25 19:10:36,false,2026-04-01 06:30:00
HS-005357,salinaszachary5357@example.com,Miller-Colon,marketingqualifiedlead,80,Word of Mouth,Mid-Market,United States,2026-03-03 09:38:12,false,2026-04-01 06:30:00
HS-005358,ogarza5358@example.com,Miller Ltd,marketingqualifiedlead,64,Word of Mouth,SMB,United Kingdom,2025-12-15 09:16:04,false,2026-04-01 06:30:00
HS-005359,briancook5359@example.com,Young-Walter,lead,25,Outbound,SMB,Australia,2026-03-12 04:40:14,false,2026-04-01 06:30:00
HS-005360,kimberly405360@example.com,White-Preston,lead,6,inbound,SmallBiz,Australia,2025-12-13 21:08:19,false,2026-04-01 06:30:00
HS-005361,kristina895361@example.com,Spencer-Lee,lead,13,Content,SmallBiz,Australia,2025-09-26 23:55:55,false,2026-04-01 06:30:00
HS-005362,thomaslane5362@example.com,Osborn-Cochran,lead,14,Trade Show,Mid Market,Canada,2025-10-25 12:43:30,false,2026-04-01 06:30:00
HS-005363,kruegermark5363@example.com,Harrison-Alexander,marketingqualifiedlead,69,outbound,smb,United Kingdom,2025-12-27 02:21:46,false,2026-04-01 06:30:00
HS-005364,qpatterson5364@example.com,Taylor and Sons,lead,25,Trade Show,SmallBiz,Australia,2026-02-28 11:10:54,false,2026-04-01 06:30:00
HS-005365,edwardserin5365@example.com,"Thomas, Ford and Brown",marketingqualifiedlead,87,Trade Show,smb,United States,2025-12-02 01:50:25,false,2026-04-01 06:30:00
HS-005366,robert075366@example.com,"Beltran, Lozano and Mcgee",marketingqualifiedlead,79,Trade Show,SMB,Australia,2026-02-18 14:49:45,false,2026-04-01 06:30:00
HS-005367,vporter5367@example.com,Wright and Sons,lead,20,Content,MidMarket,United Kingdom,2026-03-28 07:12:33,false,2026-04-01 06:30:00
HS-005368,jonathan615368@example.com,"Johnson, Lee and Whitaker",marketingqualifiedlead,71,inbound,Small Business,United States,2025-11-26 04:37:33,false,2026-04-01 06:30:00
HS-005369,allenkimberly5369@example.com,Parker-Morrison,marketingqualifiedlead,76,Event,MM,United Kingdom,2026-01-19 10:53:44,false,2026-04-01 06:30:00
HS-005370,dylan275370@example.com,"Ferguson, Shaw and Jackson",lead,20,outbound,Mid Market,United States,2026-01-23 17:31:55,false,2026-04-01 06:30:00
HS-005371,michellebrady5371@example.com,"Edwards, Rodgers and Davis",marketingqualifiedlead,85,Content,Mid-Market,United Kingdom,2025-08-23 06:15:46,false,2026-04-01 06:30:00
HS-005372,stanleyclark5372@example.com,"Norris, Callahan and Bishop",marketingqualifiedlead,64,Content,Small Business,United Kingdom,2025-10-06 09:46:28,false,2026-04-01 06:30:00
HS-005373,mccarthygregory5373@example.com,"Fry, Hobbs and Buck",marketingqualifiedlead,60,inbound,smb,United Kingdom,2025-12-04 23:59:26,false,2026-04-01 06:30:00
HS-005374,timothyrodriguez5374@example.com,"Johnson, Haynes and Meza",lead,38,Cold Outreach,Small Business,United Kingdom,2026-03-21 15:19:01,false,2026-04-01 06:30:00
HS-005375,huffmaria5375@example.com,Smith and Sons,marketingqualifiedlead,49,PPC,ENT,Canada,2026-02-14 01:22:19,false,2026-04-01 06:30:00
HS-005376,hsimmons5376@example.com,"Brown, Romero and Collins",lead,25,PPC,Strategic,Australia,2025-12-02 12:35:37,false,2026-04-01 06:30:00
HS-005377,krodriguez5377@example.com,"Lewis, Kennedy and Santana",lead,17,Partner,ENT,Germany,2025-11-18 08:00:35,false,2026-04-01 06:30:00
HS-005378,chaneric5378@example.com,Clay Group,marketingqualifiedlead,81,Partner,SMB,Canada,2025-12-04 01:41:54,false,2026-04-01 06:30:00
HS-005379,daniel485379@example.com,Rowe Group,marketingqualifiedlead,70,Inbound,SMB,Canada,2026-01-06 14:50:04,false,2026-04-01 06:30:00
HS-005380,oray5380@example.com,Wilson-Jones,marketingqualifiedlead,53,PPC,SmallBiz,Canada,2025-10-13 16:02:54,false,2026-04-01 06:30:00
HS-005381,brooksshelby5381@example.com,"Powell, Deleon and Warren",lead,18,Outbound,SMB,United Kingdom,2025-09-20 13:29:34,false,2026-04-01 06:30:00
HS-005382,amoses5382@example.com,Roberts-Landry,lead,25,Paid Ads,SMB,Germany,2026-02-15 19:23:25,false,2026-04-01 06:30:00
HS-005383,breannadrake5383@example.com,Ortiz-Hudson,marketingqualifiedlead,87,Event,SMB,United States,2026-03-03 03:02:41,false,2026-04-01 06:30:00
HS-005384,anthonywhite5384@example.com,"Johnson, Haynes and Meza",marketingqualifiedlead,42,Content,SmallBiz,United Kingdom,2025-10-19 08:36:20,false,2026-04-01 06:30:00
HS-005385,kcooley5385@example.com,Jones-Hensley,marketingqualifiedlead,54,Outbound,Small Business,Australia,2025-09-21 16:41:20,false,2026-04-01 06:30:00
HS-005386,davistiffany5386@example.com,"Allen, Davenport and Price",lead,33,Content,enterprise,Australia,2026-02-17 14:17:36,false,2026-04-01 06:30:00
HS-005387,jack645387@example.com,Cordova Group,lead,39,Content Download,smb,Australia,2025-09-14 03:43:56,false,2026-04-01 06:30:00
HS-005388,dpoole5388@example.com,Andersen Group,lead,7,Event,Small Business,Germany,2025-11-30 15:00:24,false,2026-04-01 06:30:00
HS-005389,epayne5389@example.com,Clay Group,marketingqualifiedlead,40,Event,smb,Canada,2025-11-28 10:41:15,false,2026-04-01 06:30:00
HS-005390,wmarshall5390@example.com,Williams-Berg,lead,21,Trade Show,smb,United Kingdom,2025-12-01 10:52:49,false,2026-04-01 06:30:00
HS-005391,dorseylinda5391@example.com,"Long, Anderson and Irwin",marketingqualifiedlead,76,IB,smb,Australia,2025-11-26 06:48:42,false,2026-04-01 06:30:00
HS-005392,rossjames5392@example.com,"Chan, Floyd and Dillon",marketingqualifiedlead,56,Referral,Small Business,Germany,2026-02-21 14:27:07,false,2026-04-01 06:30:00
HS-005393,beasleygina5393@example.com,Nolan-Flynn,marketingqualifiedlead,57,Trade Show,ENT,United States,2025-12-29 04:39:29,false,2026-04-01 06:30:00
HS-005394,carterjames5394@example.com,Adams PLC,lead,37,Trade Show,SMB,United Kingdom,2026-02-13 10:53:43,false,2026-04-01 06:30:00
HS-005395,robertellis5395@example.com,Ramirez-Bean,lead,15,PPC,SMB,Australia,2026-01-16 04:25:45,false,2026-04-01 06:30:00
HS-005396,sabrina695396@example.com,Hernandez-Jones,marketingqualifiedlead,68,Cold Outreach,Strategic,Germany,2025-09-06 04:00:08,false,2026-04-01 06:30:00
HS-005397,melissaroy5397@example.com,Welch-Hogan,marketingqualifiedlead,82,Outbound,SmallBiz,Australia,2026-02-11 22:45:15,false,2026-04-01 06:30:00
HS-005398,rmoore5398@example.com,Walker PLC,marketingqualifiedlead,85,Inbound,SmallBiz,United Kingdom,2026-01-26 19:07:08,false,2026-04-01 06:30:00
HS-005399,phamilton5399@example.com,Johnson and Sons,lead,21,Content,Small Business,United Kingdom,2025-09-12 03:37:57,false,2026-04-01 06:30:00
HS-005400,fernandezsusan5400@example.com,"Brennan, Wallace and Benson",marketingqualifiedlead,46,Content Download,smb,Australia,2026-01-05 18:11:50,false,2026-04-01 06:30:00
HS-005401,figueroakatelyn5401@example.com,Hall-Sullivan,marketingqualifiedlead,43,Outbound,ENT,Australia,2026-02-21 09:31:11,false,2026-04-01 06:30:00
HS-005402,jordan255402@example.com,"Scott, Mendoza and Harris",lead,5,Cold Outreach,SMB,United Kingdom,2026-02-02 16:36:08,false,2026-04-01 06:30:00
HS-005403,daniel935403@example.com,Cisneros and Sons,lead,17,Partner,MM,Australia,2025-11-02 22:44:46,false,2026-04-01 06:30:00
HS-005404,davidhaynes5404@example.com,Adams PLC,marketingqualifiedlead,65,Channel,Small Business,United Kingdom,2025-09-27 18:13:26,false,2026-04-01 06:30:00
HS-005405,fwhite5405@example.com,Payne-Lowe,marketingqualifiedlead,72,Event,SMB,United States,2026-01-23 22:19:06,false,2026-04-01 06:30:00
HS-005406,patriciawilson5406@example.com,Torres Group,lead,21,Inbound,MidMarket,Germany,2025-09-22 07:07:46,false,2026-04-01 06:30:00
HS-005407,pwalker5407@example.com,Stanley PLC,marketingqualifiedlead,85,Outbound,Small Business,Canada,2025-10-28 03:55:52,false,2026-04-01 06:30:00
HS-005408,evanskelsey5408@example.com,Jones-Hensley,marketingqualifiedlead,48,Cold Outreach,Small Business,Australia,2026-02-04 02:00:06,false,2026-04-01 06:30:00
HS-005409,bbrown5409@example.com,Ruiz-Jacobson,lead,32,outbound,Mid-Market,Canada,2026-02-13 12:48:23,false,2026-04-01 06:30:00
HS-005410,pchavez5410@example.com,"Wood, Ramos and Sampson",marketingqualifiedlead,66,Content,SMB,United Kingdom,2025-09-18 16:50:57,false,2026-04-01 06:30:00
HS-005411,madison725411@example.com,"Wilson, Pena and Rich",marketingqualifiedlead,66,Trade Show,Mid Market,Germany,2025-11-01 18:38:40,false,2026-04-01 06:30:00
HS-005412,michael395412@example.com,Davis Group,marketingqualifiedlead,55,Inbound,Mid-Market,Germany,2025-09-03 17:25:55,false,2026-04-01 06:30:00
HS-005413,vbaker5413@example.com,Henry Group,lead,37,PPC,SmallBiz,United States,2025-11-27 00:35:53,false,2026-04-01 06:30:00
HS-005414,andrew085414@example.com,Hernandez Inc,lead,25,PPC,MidMarket,United Kingdom,2026-01-01 01:50:48,false,2026-04-01 06:30:00
HS-005415,aturner5415@example.com,Byrd LLC,marketingqualifiedlead,53,Outbound,MM,United Kingdom,2025-11-30 15:54:46,false,2026-04-01 06:30:00
HS-005416,xgoodman5416@example.com,"Howard, Green and Hunt",lead,36,IB,Small Business,Canada,2026-02-24 19:26:02,false,2026-04-01 06:30:00
HS-005417,bmathis5417@example.com,Ellis-Lawrence,marketingqualifiedlead,57,Content,SmallBiz,United States,2026-01-25 06:18:09,false,2026-04-01 06:30:00
HS-005418,bradleysmith5418@example.com,"Brooks, Lam and Hayes",marketingqualifiedlead,79,outbound,smb,Australia,2025-09-16 12:49:26,false,2026-04-01 06:30:00
HS-005419,cunninghammegan5419@example.com,"Bernard, Warren and Combs",lead,28,Trade Show,SMB,Australia,2026-01-30 16:06:47,false,2026-04-01 06:30:00
HS-005420,brookemartin5420@example.com,"White, Davis and Anderson",marketingqualifiedlead,74,Inbound,MM,United States,2025-12-29 08:02:55,false,2026-04-01 06:30:00
HS-005421,strongkimberly5421@example.com,"Brown, Dunlap and Moore",lead,22,Trade Show,smb,Canada,2026-01-15 14:45:42,false,2026-04-01 06:30:00
HS-005422,nicole395422@example.com,Christensen PLC,marketingqualifiedlead,75,outbound,Mid-Market,Australia,2025-11-06 11:39:36,false,2026-04-01 06:30:00
HS-005423,ramirezamy5423@example.com,Davis and Sons,lead,15,IB,Small Business,United States,2025-11-09 14:28:36,false,2026-04-01 06:30:00
HS-005424,richardsglenn5424@example.com,Hawkins-Hunt,lead,14,Content Download,SmallBiz,Canada,2025-10-01 22:24:29,false,2026-04-01 06:30:00
HS-005425,michaellee5425@example.com,Smith-Ferguson,lead,32,Word of Mouth,Small Business,Germany,2025-10-05 09:23:38,false,2026-04-01 06:30:00
HS-005426,glennbernard5426@example.com,"Beltran, Lozano and Mcgee",marketingqualifiedlead,86,Referral,SmallBiz,Australia,2026-01-30 21:49:26,false,2026-04-01 06:30:00
HS-005427,michaelwilliams5427@example.com,Hughes Inc,lead,31,outbound,smb,Canada,2025-11-01 19:42:22,false,2026-04-01 06:30:00
HS-005428,rebecca555428@example.com,"Robinson, Fox and Smith",marketingqualifiedlead,51,inbound,smb,Germany,2025-09-21 20:42:12,false,2026-04-01 06:30:00
HS-005429,wilsonnicole5429@example.com,"Mccann, Taylor and Flores",marketingqualifiedlead,80,Cold Outreach,Small Business,United Kingdom,2025-09-17 13:07:16,false,2026-04-01 06:30:00
HS-005430,veronicacampbell5430@example.com,Barron and Sons,marketingqualifiedlead,41,inbound,smb,Germany,2026-01-21 20:38:00,false,2026-04-01 06:30:00
HS-005431,perezrichard5431@example.com,"Levy, Franco and Hoffman",marketingqualifiedlead,87,inbound,SmallBiz,United Kingdom,2026-02-23 02:57:52,false,2026-04-01 06:30:00
HS-005432,heather395432@example.com,White-Estes,marketingqualifiedlead,85,Cold Outreach,enterprise,Germany,2025-11-19 01:25:33,false,2026-04-01 06:30:00
HS-005433,karisanchez5433@example.com,Ward-Nelson,marketingqualifiedlead,54,PPC,Mid-Market,Australia,2026-01-16 22:47:58,false,2026-04-01 06:30:00
HS-005434,kellysanchez5434@example.com,"Kennedy, Johnson and Lucas",marketingqualifiedlead,72,Content Download,smb,Canada,2026-02-02 18:07:09,false,2026-04-01 06:30:00
HS-005435,brittanyanderson5435@example.com,Gilbert PLC,lead,38,Event,Mid Market,Canada,2026-02-15 13:30:24,false,2026-04-01 06:30:00
HS-005436,reedjulie5436@example.com,Sanders and Sons,lead,27,inbound,SMB,Canada,2025-10-04 22:22:58,false,2026-04-01 06:30:00
HS-005437,daviddecker5437@example.com,Alvarado-Davidson,marketingqualifiedlead,88,Outbound,MM,United Kingdom,2026-01-24 03:27:45,false,2026-04-01 06:30:00
HS-005438,karen125438@example.com,Gonzalez-Taylor,marketingqualifiedlead,56,Inbound,SmallBiz,United Kingdom,2025-09-04 08:14:01,false,2026-04-01 06:30:00
HS-005439,wallacemathew5439@example.com,Rivera Inc,lead,25,Referral,SMB,United Kingdom,2026-01-29 21:26:47,false,2026-04-01 06:30:00
HS-005440,nedwards5440@example.com,Ramirez-Bean,marketingqualifiedlead,67,Cold Outreach,SMB,Australia,2026-02-06 11:19:28,false,2026-04-01 06:30:00
HS-005441,stephaniewilson5441@example.com,Nunez-Stephens,lead,38,Paid Ads,ENT,Canada,2025-11-18 20:52:03,false,2026-04-01 06:30:00
HS-005442,tammymorales5442@example.com,"Bentley, Lynch and Henderson",marketingqualifiedlead,51,Trade Show,Mid-Market,United States,2025-12-22 16:02:48,false,2026-04-01 06:30:00
HS-005443,castillokyle5443@example.com,Kelley and Sons,lead,28,inbound,ENT,Germany,2025-10-12 02:27:26,false,2026-04-01 06:30:00
HS-005444,joshua105444@example.com,"Whitney, Gould and Jones",lead,36,Trade Show,SmallBiz,Germany,2026-02-18 11:23:01,false,2026-04-01 06:30:00
HS-005445,xwhite5445@example.com,"Hurst, Freeman and Nelson",lead,12,Word of Mouth,smb,Canada,2026-02-16 17:56:19,false,2026-04-01 06:30:00
HS-005446,danielle935446@example.com,"Khan, Pena and Ruiz",marketingqualifiedlead,45,Content Download,smb,Australia,2025-12-15 07:41:32,false,2026-04-01 06:30:00
HS-005447,ypeterson5447@example.com,Coffey-Phillips,marketingqualifiedlead,60,Cold Outreach,MidMarket,United Kingdom,2025-09-30 18:33:57,false,2026-04-01 06:30:00
HS-005448,willishenry5448@example.com,"Buchanan, Walker and Chapman",lead,6,Inbound,Strategic,Australia,2025-11-25 07:42:57,false,2026-04-01 06:30:00
HS-005449,ojones5449@example.com,Dougherty-Lin,lead,17,Inbound,smb,Canada,2025-11-09 06:01:49,false,2026-04-01 06:30:00
HS-005450,olsonjesse5450@example.com,Li Inc,lead,39,PPC,ENT,Germany,2025-11-21 10:24:58,false,2026-04-01 06:30:00
HS-005451,banderson5451@example.com,Phelps LLC,marketingqualifiedlead,67,inbound,smb,United States,2025-11-04 21:43:03,false,2026-04-01 06:30:00
HS-005452,thomas285452@example.com,Henry Group,marketingqualifiedlead,68,Content Download,SMB,United States,2025-10-23 07:43:33,false,2026-04-01 06:30:00
HS-005453,gking5453@example.com,"Pierce, Bell and Chavez",lead,17,outbound,Mid Market,Germany,2025-10-15 12:56:04,false,2026-04-01 06:30:00
HS-005454,jacquelinezamora5454@example.com,Hughes-Alvarado,lead,30,Channel,SmallBiz,Canada,2026-02-06 22:17:05,false,2026-04-01 06:30:00
HS-005455,zmartinez5455@example.com,"Fry, Myers and Gamble",lead,5,outbound,MidMarket,Germany,2025-09-21 23:52:29,false,2026-04-01 06:30:00
HS-005456,anthonyduncan5456@example.com,Moore Group,marketingqualifiedlead,56,outbound,SMB,Germany,2025-12-20 13:21:25,false,2026-04-01 06:30:00
HS-005457,donnasuarez5457@example.com,Daugherty Ltd,lead,13,Inbound,Mid Market,United Kingdom,2025-12-25 17:21:58,false,2026-04-01 06:30:00
HS-005458,leslie245458@example.com,Conner and Sons,marketingqualifiedlead,72,IB,Small Business,United States,2025-11-09 01:29:13,false,2026-04-01 06:30:00
HS-005459,leejanet5459@example.com,Gray Ltd,marketingqualifiedlead,57,inbound,Small Business,United States,2025-08-24 16:07:57,false,2026-04-01 06:30:00
HS-005460,gomezjerry5460@example.com,Kramer-Lane,lead,37,IB,SmallBiz,Australia,2026-03-10 14:14:58,false,2026-04-01 06:30:00
HS-005461,michael515461@example.com,Brennan-Johnson,marketingqualifiedlead,43,inbound,SmallBiz,Australia,2026-02-05 10:07:28,false,2026-04-01 06:30:00
HS-005462,jason215462@example.com,Drake-Wolfe,lead,34,Channel,Strategic,Australia,2026-03-02 02:46:14,false,2026-04-01 06:30:00
HS-005463,evanselizabeth5463@example.com,Johnson-Spencer,lead,13,IB,SmallBiz,United States,2025-10-06 16:02:02,false,2026-04-01 06:30:00
HS-005464,holmesscott5464@example.com,"Harvey, Davis and Crane",marketingqualifiedlead,53,PPC,SmallBiz,Germany,2026-03-23 00:15:27,false,2026-04-01 06:30:00
HS-005465,qlittle5465@example.com,Mcneil Group,marketingqualifiedlead,43,Event,Small Business,United Kingdom,2025-10-07 02:23:31,false,2026-04-01 06:30:00
HS-005466,ijacobs5466@example.com,"Rivera, Martinez and Richardson",marketingqualifiedlead,71,IB,smb,United Kingdom,2025-09-18 20:48:55,false,2026-04-01 06:30:00
HS-005467,heather425467@example.com,Mayo Ltd,marketingqualifiedlead,87,Content,Small Business,Australia,2026-02-06 07:55:35,false,2026-04-01 06:30:00
HS-005468,tarashaw5468@example.com,Little Inc,marketingqualifiedlead,53,Content,MidMarket,United States,2025-10-27 16:17:07,false,2026-04-01 06:30:00
HS-005469,jeanking5469@example.com,Strickland-Palmer,lead,34,Paid,Small Business,Germany,2026-03-16 02:16:58,false,2026-04-01 06:30:00
HS-005470,isabella815470@example.com,"Hernandez, Lee and Fox",lead,30,PPC,Small Business,United States,2026-03-07 09:55:53,false,2026-04-01 06:30:00
HS-005471,jillcosta5471@example.com,Pruitt-Webb,marketingqualifiedlead,87,IB,MidMarket,United Kingdom,2025-12-11 13:09:00,false,2026-04-01 06:30:00
HS-005472,kelsey775472@example.com,Davis PLC,marketingqualifiedlead,46,Content Download,Mid Market,United States,2025-12-17 12:21:32,false,2026-04-01 06:30:00
HS-005473,reynoldscynthia5473@example.com,Reed Group,lead,15,Cold Outreach,MM,United States,2026-02-06 12:52:33,false,2026-04-01 06:30:00
HS-005474,suzannegilmore5474@example.com,Bishop-Goodwin,marketingqualifiedlead,75,Channel,Mid-Market,Australia,2025-10-23 19:06:00,false,2026-04-01 06:30:00
HS-005475,briannaandersen5475@example.com,"Jennings, Smith and Fisher",marketingqualifiedlead,81,inbound,SmallBiz,United States,2025-11-08 03:18:17,false,2026-04-01 06:30:00
HS-005476,wgomez5476@example.com,Thompson-James,marketingqualifiedlead,64,Outbound,SMB,Australia,2025-10-12 00:52:35,false,2026-04-01 06:30:00
HS-005477,martintanner5477@example.com,"Matthews, Harrington and Rodriguez",lead,6,IB,SmallBiz,Germany,2025-10-25 14:27:33,false,2026-04-01 06:30:00
HS-005478,susan405478@example.com,"Mckee, Gardner and Davenport",marketingqualifiedlead,53,inbound,Small Business,United Kingdom,2025-10-30 22:07:35,false,2026-04-01 06:30:00
HS-005479,dana585479@example.com,Russell Group,marketingqualifiedlead,47,Channel,Mid-Market,United States,2026-02-07 11:43:58,false,2026-04-01 06:30:00
HS-005480,mariaweaver5480@example.com,"Thompson, Moore and Castro",marketingqualifiedlead,67,Cold Outreach,MidMarket,Australia,2025-11-22 20:53:30,false,2026-04-01 06:30:00
HS-005481,holly725481@example.com,Sheppard LLC,lead,35,outbound,SmallBiz,Canada,2026-01-16 11:03:57,false,2026-04-01 06:30:00
HS-005482,bkramer5482@example.com,"Hensley, Powell and David",marketingqualifiedlead,68,Event,smb,United States,2025-12-18 03:57:39,false,2026-04-01 06:30:00
HS-005483,raymond295483@example.com,Hughes-Alvarado,lead,38,Outbound,SmallBiz,Canada,2026-01-30 17:53:46,false,2026-04-01 06:30:00
HS-005484,michaelbradshaw5484@example.com,Allen Inc,lead,10,Content,MM,United States,2025-09-12 14:26:18,false,2026-04-01 06:30:00
HS-005485,jillian195485@example.com,Warner-Phillips,marketingqualifiedlead,43,Content Download,MidMarket,Australia,2025-10-03 06:16:32,false,2026-04-01 06:30:00
HS-005486,kjackson5486@example.com,Owens-Russell,lead,6,Referral,SMB,Germany,2025-09-20 07:46:48,false,2026-04-01 06:30:00
HS-005487,isaiahbell5487@example.com,Willis and Sons,marketingqualifiedlead,69,inbound,smb,Canada,2025-11-21 20:06:41,false,2026-04-01 06:30:00
HS-005488,fergusonmichael5488@example.com,"Carroll, Sullivan and Bass",lead,16,Content Download,Mid-Market,Germany,2026-01-15 00:58:55,false,2026-04-01 06:30:00
HS-005489,tjackson5489@example.com,Murray-Oconnor,lead,18,Content Download,Strategic,United Kingdom,2025-11-07 11:54:29,false,2026-04-01 06:30:00
HS-005490,ajackson5490@example.com,Reed Inc,marketingqualifiedlead,84,Event,Strategic,Germany,2026-02-20 21:58:00,false,2026-04-01 06:30:00
HS-005491,briannaking5491@example.com,Donovan-Harris,lead,34,Inbound,Small Business,Germany,2025-09-06 21:00:58,false,2026-04-01 06:30:00
HS-005491D,briannaking5491@example.com,Donovan-Harris,lead,34,Inbound,Small Business,Germany,2025-09-06 21:00:58,false,2026-04-01 06:30:00
HS-005492,debbiedavis5492@example.com,Young-Allen,lead,8,Content Download,Small Business,Australia,2026-03-28 14:37:51,false,2026-04-01 06:30:00
HS-005493,laurasanchez5493@example.com,Ramirez-Stephenson,marketingqualifiedlead,76,outbound,Small Business,Australia,2025-12-24 19:43:29,false,2026-04-01 06:30:00
HS-005494,christopher995494@example.com,"Matthews, Harrington and Rodriguez",lead,15,inbound,SmallBiz,Germany,2025-11-22 12:16:47,false,2026-04-01 06:30:00
HS-005495,brookefrench5495@example.com,"Harris, Collins and Carney",marketingqualifiedlead,75,Paid Ads,smb,Australia,2025-09-14 00:21:00,false,2026-04-01 06:30:00
HS-005496,sfoster5496@example.com,"Patel, Erickson and Evans",lead,27,Content,enterprise,Canada,2025-12-14 05:42:46,false,2026-04-01 06:30:00
HS-005497,awilliams5497@example.com,"Cook, Wells and Bryant",marketingqualifiedlead,48,Cold Outreach,Mid Market,United States,2025-12-09 13:00:18,false,2026-04-01 06:30:00
HS-005498,vsmith5498@example.com,"Taylor, Porter and Moreno",lead,26,Outbound,Small Business,Canada,2025-10-14 09:02:20,false,2026-04-01 06:30:00
HS-005499,mccartymichael5499@example.com,King-Miller,marketingqualifiedlead,90,Inbound,Small Business,United Kingdom,2026-03-12 08:05:56,false,2026-04-01 06:30:00
HS-005500,jacobwoods5500@example.com,Bailey LLC,lead,22,Event,SmallBiz,Canada,2026-03-10 09:43:53,false,2026-04-01 06:30:00
HS-005501,deborah035501@example.com,Stewart Ltd,lead,17,Content Download,SMB,Germany,2025-11-20 13:52:16,false,2026-04-01 06:30:00
HS-005502,williamskathleen5502@example.com,Smith-Ferguson,lead,20,IB,SmallBiz,Germany,2025-10-07 16:48:53,false,2026-04-01 06:30:00
HS-005503,johnhines5503@example.com,Baxter LLC,marketingqualifiedlead,61,outbound,MidMarket,Germany,2026-02-11 04:42:10,false,2026-04-01 06:30:00
HS-005504,dennisevans5504@example.com,Stevens PLC,marketingqualifiedlead,61,Outbound,SmallBiz,Australia,2026-02-09 18:47:36,false,2026-04-01 06:30:00
HS-005505,ldavis5505@example.com,Novak PLC,marketingqualifiedlead,89,inbound,Mid Market,United States,2025-09-08 23:54:29,false,2026-04-01 06:30:00
HS-005506,patricksmith5506@example.com,Walton LLC,lead,36,outbound,Mid Market,United States,2025-12-07 11:25:38,false,2026-04-01 06:30:00
HS-005507,barnesandrew5507@example.com,Robles-Swanson,lead,27,Content,MM,Australia,2025-10-14 07:51:07,false,2026-04-01 06:30:00
HS-005508,stevenhopkins5508@example.com,Cortez LLC,marketingqualifiedlead,89,Inbound,smb,United Kingdom,2025-12-06 00:50:48,false,2026-04-01 06:30:00
HS-005509,ricardo615509@example.com,Chambers and Sons,lead,26,Content Download,Strategic,United States,2025-12-19 12:00:11,false,2026-04-01 06:30:00
HS-005510,dguerra5510@example.com,Bennett-Velasquez,lead,18,outbound,enterprise,Australia,2025-12-13 04:25:50,false,2026-04-01 06:30:00
HS-005511,icantrell5511@example.com,Howard-Jordan,lead,10,Cold Outreach,SMB,Germany,2026-02-19 01:45:42,false,2026-04-01 06:30:00
HS-005512,tcampbell5512@example.com,"Moore, Price and Ward",marketingqualifiedlead,43,inbound,MM,Canada,2025-12-20 07:00:32,false,2026-04-01 06:30:00
HS-005513,alex955513@example.com,"Pierce, Bell and Chavez",lead,37,Channel,Mid-Market,Germany,2025-09-11 03:33:39,false,2026-04-01 06:30:00
HS-005514,stevengonzalez5514@example.com,"Carrillo, Vaughn and Fowler",marketingqualifiedlead,52,Cold Outreach,smb,United Kingdom,2026-02-10 05:19:25,false,2026-04-01 06:30:00
HS-005515,bdavis5515@example.com,Wright Ltd,lead,23,IB,MidMarket,Germany,2025-12-28 16:50:20,false,2026-04-01 06:30:00
HS-005516,meredithnunez5516@example.com,Williams Group,lead,14,Inbound,SmallBiz,Germany,2025-12-21 19:42:25,false,2026-04-01 06:30:00
HS-005517,tonyamercado5517@example.com,White-Medina,marketingqualifiedlead,77,inbound,ENT,Australia,2025-11-08 06:58:12,false,2026-04-01 06:30:00
HS-005518,pwilson5518@example.com,Durham-Shaw,marketingqualifiedlead,60,IB,Small Business,Germany,2026-03-17 05:25:44,false,2026-04-01 06:30:00
HS-005519,justin165519@example.com,Osborn-Cochran,marketingqualifiedlead,49,Content Download,Mid Market,Canada,2025-09-04 17:03:08,false,2026-04-01 06:30:00
HS-005520,derrick315520@example.com,Moreno-Gutierrez,lead,37,PPC,SMB,Germany,2026-01-09 18:40:10,false,2026-04-01 06:30:00
HS-005521,sbailey5521@example.com,"Miller, Davis and Anderson",lead,32,Partner,SMB,Canada,2025-09-01 03:18:21,false,2026-04-01 06:30:00
HS-005522,sextonjames5522@example.com,"Khan, Pena and Ruiz",lead,13,Paid,Small Business,Australia,2025-11-24 06:09:09,false,2026-04-01 06:30:00
HS-005523,stevenbarrett5523@example.com,"Austin, Day and Johnson",marketingqualifiedlead,80,Inbound,Mid-Market,Canada,2025-11-05 21:12:38,false,2026-04-01 06:30:00
HS-005524,emills5524@example.com,Reyes-Bradley,lead,15,Partner,smb,Germany,2025-11-30 09:30:18,false,2026-04-01 06:30:00
HS-005525,wshannon5525@example.com,Wright-Grimes,lead,23,Inbound,Enterprise,Germany,2025-12-13 08:56:53,false,2026-04-01 06:30:00
HS-005526,hendersonheather5526@example.com,Tran Group,marketingqualifiedlead,77,Content,MM,United States,2025-08-29 01:13:55,false,2026-04-01 06:30:00
HS-005527,cassandra295527@example.com,Shaw Inc,marketingqualifiedlead,48,Partner,Mid Market,Germany,2025-09-02 14:52:49,false,2026-04-01 06:30:00
HS-005528,fuentesnichole5528@example.com,"Carroll, Sullivan and Bass",lead,29,IB,MidMarket,Germany,2026-01-05 14:09:20,false,2026-04-01 06:30:00
HS-005529,kennedymichele5529@example.com,Davis Ltd,lead,8,Content,smb,United States,2025-12-15 13:43:20,false,2026-04-01 06:30:00
HS-005530,huntscott5530@example.com,Moore and Sons,lead,23,inbound,MM,United States,2026-02-11 12:41:08,false,2026-04-01 06:30:00
HS-005531,hufftroy5531@example.com,Pollard and Sons,lead,30,Cold Outreach,Mid Market,Germany,2025-11-09 11:53:23,false,2026-04-01 06:30:00
HS-005532,geraldterry5532@example.com,"Nguyen, Hill and Douglas",lead,37,Event,SmallBiz,Canada,2025-11-25 05:32:30,false,2026-04-01 06:30:00
HS-005533,khanjustin5533@example.com,Jones PLC,marketingqualifiedlead,87,Content,Mid Market,Canada,2025-08-27 00:48:47,false,2026-04-01 06:30:00
HS-005534,seanadams5534@example.com,Conner-Yu,marketingqualifiedlead,58,Inbound,Small Business,United Kingdom,2025-10-31 00:56:40,false,2026-04-01 06:30:00
HS-005535,christian725535@example.com,Nelson-Cruz,marketingqualifiedlead,44,Content Download,ENT,Germany,2026-03-09 15:34:20,false,2026-04-01 06:30:00
HS-005536,josephpatterson5536@example.com,"Newton, Ortiz and King",lead,33,Referral,SMB,Australia,2025-12-22 04:30:55,false,2026-04-01 06:30:00
HS-005537,laura865537@example.com,"Alvarez, Williams and Jones",marketingqualifiedlead,42,Event,SMB,Germany,2025-10-07 22:24:24,false,2026-04-01 06:30:00
HS-005538,shane025538@example.com,"Brennan, Wallace and Benson",marketingqualifiedlead,88,Event,Small Business,Australia,2025-11-19 18:22:19,false,2026-04-01 06:30:00
HS-005539,morgan855539@example.com,Hernandez-Vaughn,lead,11,IB,SmallBiz,Germany,2026-02-17 09:05:27,false,2026-04-01 06:30:00
HS-005540,nicholasjuarez5540@example.com,Morgan-Schwartz,marketingqualifiedlead,46,Paid Ads,smb,United States,2025-09-05 17:03:44,false,2026-04-01 06:30:00
HS-005541,chansen5541@example.com,Donovan-Harris,marketingqualifiedlead,65,IB,Small Business,Germany,2026-01-16 13:49:28,false,2026-04-01 06:30:00
HS-005542,haley235542@example.com,"Kirby, Wheeler and Romero",lead,21,Referral,Mid Market,Australia,2026-02-03 22:03:53,false,2026-04-01 06:30:00
HS-005543,rgross5543@example.com,Wells-Hernandez,lead,22,IB,SmallBiz,Australia,2025-10-15 06:20:12,false,2026-04-01 06:30:00
HS-005544,delgadotiffany5544@example.com,Miller-Orr,lead,27,Referral,enterprise,United Kingdom,2025-09-10 00:23:16,false,2026-04-01 06:30:00
HS-005545,larsonjeremy5545@example.com,Mccarthy Inc,lead,26,Event,SMB,United States,2026-02-28 22:37:16,false,2026-04-01 06:30:00
HS-005546,connie575546@example.com,Williams-Hughes,lead,27,PPC,SMB,United Kingdom,2025-09-25 09:56:11,false,2026-04-01 06:30:00
HS-005547,greg645547@example.com,"Greer, Potter and Evans",marketingqualifiedlead,81,inbound,MM,United States,2025-11-28 18:02:22,false,2026-04-01 06:30:00
HS-005548,manuellawrence5548@example.com,Davis Inc,lead,36,outbound,SMB,Canada,2026-01-15 03:18:55,false,2026-04-01 06:30:00
HS-005549,conleyantonio5549@example.com,"Williams, Mccoy and Cook",marketingqualifiedlead,45,Cold Outreach,smb,Canada,2026-01-01 13:37:53,false,2026-04-01 06:30:00
HS-005550,thomasjones5550@example.com,Gibbs-Bradley,marketingqualifiedlead,88,inbound,SmallBiz,Canada,2026-02-19 07:05:50,false,2026-04-01 06:30:00
HS-005551,fwilliams5551@example.com,Rivera Inc,lead,31,Inbound,smb,United Kingdom,2025-12-31 08:01:57,false,2026-04-01 06:30:00
HS-005552,smclaughlin5552@example.com,Sheppard LLC,lead,23,Outbound,Small Business,Canada,2026-01-22 20:49:04,false,2026-04-01 06:30:00
HS-005553,stanleyblanchard5553@example.com,"Cook, Wells and Bryant",marketingqualifiedlead,77,IB,Mid-Market,United States,2025-12-06 05:18:42,false,2026-04-01 06:30:00
HS-005554,joshua705554@example.com,Martin Group,marketingqualifiedlead,74,Paid,Small Business,United States,2025-11-12 17:02:07,false,2026-04-01 06:30:00
HS-005555,fluna5555@example.com,Taylor and Sons,marketingqualifiedlead,84,Outbound,SmallBiz,Australia,2025-10-27 14:37:04,false,2026-04-01 06:30:00
HS-005556,wbridges5556@example.com,Jones Inc,lead,22,Paid Ads,SMB,United Kingdom,2026-03-12 23:03:22,false,2026-04-01 06:30:00
HS-005557,ascott5557@example.com,"Morgan, Sherman and Williams",marketingqualifiedlead,52,Trade Show,Mid-Market,United States,2025-10-07 23:47:07,false,2026-04-01 06:30:00
HS-005558,yanderson5558@example.com,Garcia-Lozano,lead,26,PPC,enterprise,United Kingdom,2025-09-15 05:11:03,false,2026-04-01 06:30:00
HS-005559,richardmiddleton5559@arcline.com,Parker Ltd,marketingqualifiedlead,65,Content Download,SmallBiz,United Kingdom,2025-12-01 23:18:49,true,2026-04-01 06:30:00
HS-005560,richardsonkenneth5560@example.com,Underwood-Foster,marketingqualifiedlead,46,Trade Show,SMB,United States,2025-10-20 21:46:52,false,2026-04-01 06:30:00
HS-005561,stonelisa5561@example.com,Parks-Pace,lead,30,Word of Mouth,SmallBiz,Australia,2025-09-10 14:54:41,false,2026-04-01 06:30:00
HS-005562,maysedward5562@example.com,"Wilson, Pena and Rich",marketingqualifiedlead,66,Cold Outreach,Mid-Market,Germany,2026-01-01 12:34:25,false,2026-04-01 06:30:00
HS-005563,kmiddleton5563@example.com,Brown Group,marketingqualifiedlead,85,Inbound,Mid Market,United States,2025-12-31 01:38:38,false,2026-04-01 06:30:00
HS-005564,smithzachary5564@example.com,Nolan and Sons,lead,31,Cold Outreach,smb,United States,2026-03-21 13:47:34,false,2026-04-01 06:30:00
HS-005565,blake785565@example.com,Walsh LLC,lead,12,Content Download,smb,Canada,2025-12-13 02:17:04,false,2026-04-01 06:30:00
HS-005566,psmith5566@example.com,Wright PLC,lead,5,Cold Outreach,MidMarket,United States,2025-11-13 18:13:50,false,2026-04-01 06:30:00
HS-005567,robert605567@example.com,Hickman Ltd,marketingqualifiedlead,80,Content,smb,Canada,2025-10-25 11:14:13,false,2026-04-01 06:30:00
HS-005568,rachel335568@example.com,Faulkner-Casey,marketingqualifiedlead,67,Cold Outreach,Small Business,Australia,2025-10-03 17:50:55,false,2026-04-01 06:30:00
HS-005569,badams5569@example.com,Cook-Oliver,lead,36,Content,SMB,Germany,2025-09-30 01:00:21,false,2026-04-01 06:30:00
HS-005570,jasonsanders5570@example.com,Robinson-Brock,lead,22,Outbound,Mid Market,Germany,2025-10-17 08:06:06,false,2026-04-01 06:30:00
HS-005571,bwade5571@example.com,Allen Inc,lead,36,Inbound,SmallBiz,Canada,2025-11-08 03:02:20,false,2026-04-01 06:30:00
HS-005572,yruiz5572@example.com,Torres-Pope,marketingqualifiedlead,78,Trade Show,Mid Market,Germany,2025-11-06 11:41:24,false,2026-04-01 06:30:00
HS-005573,kelleyderek5573@example.com,"Marshall, Dominguez and Welch",lead,38,Content Download,SmallBiz,United Kingdom,2025-11-05 20:14:47,false,2026-04-01 06:30:00
HS-005574,robertbarron5574@example.com,"Greer, Potter and Evans",lead,5,outbound,Mid Market,United States,2026-02-28 02:27:23,false,2026-04-01 06:30:00
HS-005575,ppruitt5575@example.com,Sandoval-Cunningham,marketingqualifiedlead,54,Content Download,smb,Canada,2025-11-24 20:30:30,false,2026-04-01 06:30:00
HS-005576,kimberly905576@example.com,"Adams, Christian and Rivas",lead,12,Inbound,Enterprise,United Kingdom,2025-10-20 07:35:13,false,2026-04-01 06:30:00
HS-005577,gromero5577@example.com,Anthony-Parker,marketingqualifiedlead,79,Partner,SmallBiz,Australia,2025-10-05 22:22:04,false,2026-04-01 06:30:00
HS-005578,gmurphy5578@example.com,"Simmons, Meadows and Griffin",lead,9,inbound,MidMarket,Australia,2025-12-24 10:49:36,false,2026-04-01 06:30:00
HS-005579,erica065579@example.com,Morgan-Schwartz,marketingqualifiedlead,63,Cold Outreach,Small Business,United States,2025-08-30 06:04:43,false,2026-04-01 06:30:00
HS-005580,kwalton5580@example.com,"Marks, Cook and Aguilar",marketingqualifiedlead,88,Outbound,Small Business,United States,2026-02-03 06:01:31,false,2026-04-01 06:30:00
HS-005581,rharris5581@example.com,"Ochoa, Taylor and Brady",lead,10,Outbound,Mid-Market,United Kingdom,2025-12-03 09:06:33,false,2026-04-01 06:30:00
HS-005582,heathersteele5582@example.com,"Woods, Calhoun and Schmidt",marketingqualifiedlead,71,Paid,MM,Australia,2025-09-18 09:50:00,false,2026-04-01 06:30:00
HS-005583,barcher5583@example.com,Torres-Pope,lead,35,Partner,MM,Germany,2025-11-10 03:36:54,false,2026-04-01 06:30:00
HS-005584,lauren505584@example.com,Gibson-Freeman,marketingqualifiedlead,65,Paid Ads,enterprise,Germany,2025-11-20 12:07:12,false,2026-04-01 06:30:00
HS-005585,ashley215585@example.com,"Le, Lewis and Hayes",lead,6,inbound,Small Business,Australia,2026-01-03 17:10:52,false,2026-04-01 06:30:00
HS-005586,pbrown5586@example.com,Collier-Gillespie,lead,27,Outbound,Enterprise,Australia,2025-09-02 17:31:20,false,2026-04-01 06:30:00
HS-005587,whubbard5587@example.com,"Tapia, Vaughn and Lee",lead,17,Content Download,Small Business,Canada,2025-10-05 08:47:21,false,2026-04-01 06:30:00
HS-005588,gardnerrichard5588@example.com,Holmes-Mcintyre,lead,34,IB,MM,United States,2025-10-24 21:29:35,false,2026-04-01 06:30:00
HS-005589,zjohnson5589@example.com,Davis PLC,marketingqualifiedlead,69,inbound,Mid-Market,United States,2025-10-11 23:10:58,false,2026-04-01 06:30:00
HS-005590,jacobbrown5590@example.com,Navarro-Munoz,marketingqualifiedlead,82,Outbound,smb,Germany,2025-12-10 14:15:56,false,2026-04-01 06:30:00
HS-005591,moralesfrancisco5591@example.com,Bell-Lane,lead,11,outbound,Enterprise,Germany,2025-11-06 10:52:47,false,2026-04-01 06:30:00
HS-005592,wellssherry5592@example.com,Harvey-Allen,lead,30,Channel,MidMarket,Canada,2025-10-20 14:36:30,false,2026-04-01 06:30:00
HS-005593,katiehicks5593@example.com,Warner-Phillips,marketingqualifiedlead,51,IB,MidMarket,Australia,2025-10-07 14:32:55,false,2026-04-01 06:30:00
HS-005594,chambersashley5594@example.com,"Higgins, Strickland and Martin",lead,37,Cold Outreach,SmallBiz,Australia,2025-12-27 03:55:54,false,2026-04-01 06:30:00
HS-005595,tracyhoffman5595@example.com,Morse PLC,lead,33,Inbound,smb,Australia,2025-10-13 04:06:28,false,2026-04-01 06:30:00
HS-005596,xpark5596@example.com,Andersen Group,marketingqualifiedlead,42,IB,smb,Germany,2025-10-20 23:05:19,false,2026-04-01 06:30:00
HS-005597,kendrahall5597@example.com,"Weber, Wheeler and Gonzalez",marketingqualifiedlead,78,Cold Outreach,MidMarket,Australia,2025-11-20 22:12:00,false,2026-04-01 06:30:00
HS-005598,ellisrobin5598@example.com,Best-Townsend,marketingqualifiedlead,67,Outbound,ENT,Australia,2025-11-02 06:23:00,false,2026-04-01 06:30:00
HS-005599,fergusonlynn5599@example.com,Owens-Russell,lead,32,outbound,smb,Germany,2025-12-30 12:00:41,false,2026-04-01 06:30:00
HS-005600,cheryl265600@example.com,Monroe-Carpenter,marketingqualifiedlead,54,Cold Outreach,Mid Market,United Kingdom,2025-11-05 06:51:50,false,2026-04-01 06:30:00
HS-005601,eric395601@example.com,Mendez and Sons,lead,25,Event,Mid Market,Germany,2026-01-17 21:46:49,false,2026-04-01 06:30:00
HS-005602,teresamiller5602@example.com,Harrison-Alexander,lead,31,IB,SmallBiz,United Kingdom,2025-09-22 01:19:12,false,2026-04-01 06:30:00
HS-005603,susanturner5603@example.com,"Edwards, Baker and Anderson",marketingqualifiedlead,48,inbound,enterprise,United States,2026-02-02 02:23:46,false,2026-04-01 06:30:00
HS-005604,rodriguezmichael5604@example.com,"Shields, Cochran and Adams",lead,8,Inbound,Small Business,Australia,2025-09-28 16:50:14,false,2026-04-01 06:30:00
HS-005605,ycole5605@example.com,"Duran, Obrien and Gibbs",lead,10,Paid Ads,SMB,Canada,2026-01-18 21:39:02,false,2026-04-01 06:30:00
HS-005606,bryanmorgan5606@example.com,Nelson-Johnson,lead,36,outbound,SmallBiz,United States,2026-01-24 16:37:21,false,2026-04-01 06:30:00
HS-005607,xlee5607@example.com,Hernandez Ltd,lead,20,Channel,ENT,Germany,2026-02-16 08:18:50,false,2026-04-01 06:30:00
HS-005608,wendy825608@example.com,"Durham, Hopkins and Smith",marketingqualifiedlead,55,Inbound,Small Business,United Kingdom,2025-09-06 20:06:49,false,2026-04-01 06:30:00
HS-005609,jesse845609@example.com,"Fernandez, Kim and George",lead,12,inbound,Small Business,Canada,2026-01-17 02:16:44,false,2026-04-01 06:30:00
HS-005610,lisaterry5610@example.com,"Ramsey, Whitney and Coffey",marketingqualifiedlead,77,Cold Outreach,Small Business,Australia,2025-12-07 10:29:52,false,2026-04-01 06:30:00
HS-005611,owensamber5611@example.com,Flowers LLC,lead,31,Event,smb,Australia,2025-12-27 23:22:13,false,2026-04-01 06:30:00
HS-005612,aruiz5612@example.com,"Lee, Horton and Snyder",marketingqualifiedlead,73,IB,Strategic,Germany,2025-09-04 13:36:59,false,2026-04-01 06:30:00
HS-005613,pwalters5613@example.com,Hancock Inc,marketingqualifiedlead,54,Outbound,SmallBiz,United States,2025-11-01 17:23:36,false,2026-04-01 06:30:00
HS-005614,elizabeth155614@example.com,Davis Ltd,lead,20,Content,smb,United States,2025-11-22 12:41:40,false,2026-04-01 06:30:00
HS-005615,garciadebra5615@example.com,"Griffith, Mitchell and Pugh",marketingqualifiedlead,81,Event,smb,Australia,2025-10-15 14:58:28,false,2026-04-01 06:30:00
HS-005616,nicole925616@example.com,Burns-Ray,lead,24,Content Download,MM,United Kingdom,2025-12-24 22:21:50,false,2026-04-01 06:30:00
HS-005617,murphyjames5617@example.com,"Moore, Price and Ward",lead,31,outbound,Mid Market,Canada,2026-01-21 16:04:19,false,2026-04-01 06:30:00
HS-005618,hhampton5618@example.com,May-Turner,lead,34,IB,SmallBiz,Germany,2025-11-13 15:26:17,false,2026-04-01 06:30:00
HS-005618D,hhampton5618@example.com,May-Turner,lead,34,IB,SmallBiz,Germany,2025-11-13 15:26:17,false,2026-04-01 06:30:00
HS-005619,mbrown5619@example.com,Morrison-Short,marketingqualifiedlead,87,Cold Outreach,MidMarket,Germany,2026-01-26 11:59:03,false,2026-04-01 06:30:00
HS-005620,robertevans5620@example.com,Morrison Ltd,lead,37,outbound,Small Business,United States,2026-01-26 12:24:57,false,2026-04-01 06:30:00
HS-005621,nhobbs5621@example.com,"Wallace, Smith and Cooper",lead,33,Partner,SMB,United States,2026-02-11 20:54:46,false,2026-04-01 06:30:00
HS-005622,palmeramber5622@example.com,"Whitney, Gould and Jones",lead,24,inbound,SmallBiz,Germany,2026-02-12 17:02:53,false,2026-04-01 06:30:00
HS-005623,gibsonrichard5623@example.com,Green LLC,marketingqualifiedlead,40,Partner,Strategic,Canada,2025-09-09 21:50:57,false,2026-04-01 06:30:00
HS-005624,carolineperry5624@example.com,"Shelton, Peters and Williams",lead,30,Outbound,Enterprise,Australia,2026-01-06 07:03:57,false,2026-04-01 06:30:00
HS-005625,denisetownsend5625@example.com,"Brown, Hurst and Blevins",marketingqualifiedlead,53,Event,MidMarket,United States,2026-03-02 20:12:43,false,2026-04-01 06:30:00
HS-005626,megan505626@example.com,Boyle-Smith,lead,6,Event,Small Business,Germany,2026-03-12 18:39:20,false,2026-04-01 06:30:00
HS-005627,elliszachary5627@example.com,Bryant and Sons,marketingqualifiedlead,88,Content Download,MidMarket,United States,2025-12-12 11:15:39,false,2026-04-01 06:30:00
HS-005628,stephanie275628@example.com,Bruce-Williamson,lead,11,Outbound,enterprise,United States,2026-01-12 08:56:00,false,2026-04-01 06:30:00
HS-005629,christopher685629@example.com,"Ramos, Nelson and Fischer",marketingqualifiedlead,55,Outbound,SmallBiz,Germany,2025-11-14 22:56:48,false,2026-04-01 06:30:00
HS-005630,hendersonbrittany5630@example.com,"Price, Long and Wilson",lead,18,Content Download,MM,United States,2025-09-29 04:39:20,false,2026-04-01 06:30:00
HS-005631,ballnicole5631@example.com,Kirby and Sons,lead,36,Event,SMB,Canada,2026-03-29 05:18:28,false,2026-04-01 06:30:00
HS-005632,kgarrison5632@example.com,"Taylor, Porter and Moreno",marketingqualifiedlead,84,inbound,SMB,Canada,2026-01-27 13:34:56,false,2026-04-01 06:30:00
HS-005633,isullivan5633@example.com,"Davis, Alexander and Mcintyre",lead,28,Partner,MM,Germany,2025-09-03 00:41:53,false,2026-04-01 06:30:00
HS-005634,grantalyssa5634@example.com,"Morgan, Bradshaw and Williams",marketingqualifiedlead,70,Content Download,SMB,Germany,2025-08-02 09:29:04,false,2026-04-01 06:30:00
HS-005635,allendavid5635@example.com,"Anderson, Jones and Reyes",lead,11,outbound,SmallBiz,Germany,2025-12-08 05:38:36,false,2026-04-01 06:30:00
HS-005636,reidlinda5636@example.com,Drake-Wolfe,lead,13,outbound,Strategic,Australia,2025-09-24 20:08:42,false,2026-04-01 06:30:00
HS-005637,qlee5637@example.com,"Osborn, Gaines and Davis",marketingqualifiedlead,76,Inbound,SmallBiz,United States,2025-09-02 12:29:50,false,2026-04-01 06:30:00
HS-005638,joseph595638@example.com,Short-Garcia,lead,7,Outbound,Mid Market,Australia,2026-01-12 21:01:01,false,2026-04-01 06:30:00
HS-005639,lmccoy5639@example.com,Harvey PLC,lead,29,Paid,Small Business,United States,2026-02-05 07:02:56,false,2026-04-01 06:30:00
HS-005640,matthew875640@example.com,Powell LLC,lead,30,Inbound,Small Business,United Kingdom,2025-10-02 20:55:24,false,2026-04-01 06:30:00
HS-005641,milleralex5641@example.com,Smith-Bell,marketingqualifiedlead,85,inbound,SMB,Australia,2025-10-02 13:28:48,false,2026-04-01 06:30:00
HS-005642,lisa245642@example.com,Harris-Walters,marketingqualifiedlead,61,inbound,SmallBiz,Australia,2025-09-12 17:40:56,false,2026-04-01 06:30:00
HS-005643,dianebrooks5643@example.com,Lam LLC,lead,22,Paid Ads,MidMarket,United Kingdom,2026-02-21 09:09:29,false,2026-04-01 06:30:00
HS-005644,lcarlson5644@example.com,"Stuart, Brooks and Vance",marketingqualifiedlead,89,outbound,Mid Market,Australia,2025-12-28 15:07:13,false,2026-04-01 06:30:00
HS-005645,mcmillaneric5645@example.com,Simon Ltd,lead,37,Channel,SmallBiz,United States,2025-11-27 12:57:31,false,2026-04-01 06:30:00
HS-005646,stephenwright5646@example.com,Aguirre LLC,marketingqualifiedlead,90,Trade Show,Small Business,Canada,2025-08-20 16:20:47,false,2026-04-01 06:30:00
HS-005647,andreaadams5647@example.com,Moore-Collins,marketingqualifiedlead,63,Outbound,SmallBiz,Australia,2026-03-12 05:40:19,false,2026-04-01 06:30:00
HS-005648,tsullivan5648@example.com,Jones PLC,lead,19,Content,Mid Market,Canada,2025-11-05 07:57:03,false,2026-04-01 06:30:00
HS-005649,wrightnicholas5649@example.com,Jones Inc,marketingqualifiedlead,86,Event,Small Business,Australia,2025-09-06 17:28:19,false,2026-04-01 06:30:00
HS-005650,wsmith5650@example.com,Smith LLC,lead,7,outbound,MidMarket,Australia,2025-11-06 14:04:44,false,2026-04-01 06:30:00
HS-005651,john525651@example.com,Stanley PLC,marketingqualifiedlead,81,IB,SmallBiz,Canada,2026-01-19 22:42:56,false,2026-04-01 06:30:00
HS-005652,bobby535652@example.com,Diaz-Frederick,marketingqualifiedlead,58,inbound,MidMarket,Australia,2025-12-01 10:01:06,false,2026-04-01 06:30:00
HS-005653,wscott5653@example.com,Price LLC,marketingqualifiedlead,66,Content Download,smb,United States,2025-10-15 17:41:12,false,2026-04-01 06:30:00
HS-005654,graveslisa5654@example.com,Lopez-Willis,lead,6,Cold Outreach,SmallBiz,Australia,2026-03-01 03:47:25,false,2026-04-01 06:30:00
HS-005655,kimberly405655@example.com,"Conner, Li and Santiago",marketingqualifiedlead,72,Content Download,smb,Australia,2025-11-12 14:21:00,false,2026-04-01 06:30:00
HS-005656,morganwilcox5656@example.com,Blevins-Ballard,marketingqualifiedlead,64,Cold Outreach,Mid-Market,Canada,2026-03-08 12:46:19,false,2026-04-01 06:30:00
HS-005657,mary885657@example.com,Hayes Ltd,marketingqualifiedlead,72,Outbound,smb,United States,2025-12-18 11:29:31,false,2026-04-01 06:30:00
HS-005658,davidsawyer5658@example.com,Walsh LLC,marketingqualifiedlead,76,outbound,SmallBiz,Canada,2026-01-08 22:27:18,false,2026-04-01 06:30:00
HS-005659,pbolton5659@example.com,Thompson-Harrell,marketingqualifiedlead,81,Referral,smb,Germany,2026-01-06 06:21:36,false,2026-04-01 06:30:00
HS-005660,joshua665660@example.com,Collier-Gillespie,marketingqualifiedlead,50,Cold Outreach,Enterprise,Australia,2025-08-27 17:31:15,false,2026-04-01 06:30:00
HS-005661,yolandayu5661@example.com,"Chang, Ayers and Buckley",marketingqualifiedlead,69,IB,MM,United States,2025-12-04 06:47:54,false,2026-04-01 06:30:00
HS-005662,ronniejames5662@example.com,"Sanchez, Wheeler and Harvey",lead,19,Paid Ads,Strategic,Australia,2025-10-16 04:45:05,false,2026-04-01 06:30:00
HS-005663,nmunoz5663@example.com,Collins Group,marketingqualifiedlead,67,Trade Show,SMB,United States,2026-02-21 17:58:13,false,2026-04-01 06:30:00
HS-005664,ecampbell5664@example.com,"Phillips, Spence and Barrett",marketingqualifiedlead,83,inbound,smb,United States,2026-01-02 01:21:47,false,2026-04-01 06:30:00
HS-005665,nathancollins5665@example.com,"Jackson, Miller and Robertson",lead,39,Inbound,SMB,Australia,2025-12-13 11:53:13,false,2026-04-01 06:30:00
HS-005666,qfaulkner5666@example.com,Brock-Mcdonald,marketingqualifiedlead,82,Paid,smb,Australia,2025-11-13 23:39:22,false,2026-04-01 06:30:00
HS-005667,denniswilliams5667@example.com,Daugherty Ltd,marketingqualifiedlead,63,PPC,MidMarket,United Kingdom,2025-11-20 12:08:43,false,2026-04-01 06:30:00
HS-005668,jacob865668@example.com,Marshall-Elliott,lead,20,Paid Ads,Mid-Market,Australia,2025-11-06 05:11:14,false,2026-04-01 06:30:00
HS-005669,gabrieljenkins5669@example.com,"Lucas, Parker and Alexander",lead,34,Content,Mid-Market,Canada,2026-03-01 03:55:18,false,2026-04-01 06:30:00
HS-005670,alexbutler5670@example.com,"Porter, Schultz and Allen",lead,5,Content,MidMarket,United Kingdom,2025-12-14 09:53:12,false,2026-04-01 06:30:00
HS-005671,levystacy5671@example.com,Osborn Group,lead,33,Paid Ads,MM,Canada,2026-03-24 08:05:26,false,2026-04-01 06:30:00
HS-005672,wthompson5672@example.com,"Brown, Romero and Collins",marketingqualifiedlead,63,Content Download,enterprise,Australia,2025-10-25 20:48:25,false,2026-04-01 06:30:00
HS-005673,lbishop5673@example.com,Alvarez-Kim,marketingqualifiedlead,57,Inbound,SmallBiz,Germany,2026-02-03 14:23:44,false,2026-04-01 06:30:00
HS-005674,briannamclaughlin5674@example.com,Elliott-Hernandez,lead,16,Content,Mid-Market,Canada,2025-11-13 18:11:58,false,2026-04-01 06:30:00
HS-005675,jasonwalton5675@example.com,"Hicks, Bullock and Bailey",lead,28,outbound,Small Business,United Kingdom,2025-11-21 13:19:52,false,2026-04-01 06:30:00
HS-005676,zgrimes5676@example.com,"Wagner, Martinez and Dawson",marketingqualifiedlead,49,Trade Show,ENT,Australia,2026-02-26 05:56:28,false,2026-04-01 06:30:00
HS-005677,cmckinney5677@example.com,Lee Group,lead,18,Content,SMB,Australia,2026-03-20 17:58:23,false,2026-04-01 06:30:00
HS-005678,nathannorman5678@example.com,Phelps LLC,lead,18,Cold Outreach,smb,United States,2025-09-19 10:00:53,false,2026-04-01 06:30:00
HS-005679,turnerjohn5679@example.com,"Levy, Franco and Hoffman",marketingqualifiedlead,64,Channel,SMB,United Kingdom,2025-11-20 05:33:04,false,2026-04-01 06:30:00
HS-005680,brandonmeza5680@example.com,Curry-Barker,marketingqualifiedlead,58,Paid Ads,Strategic,Germany,2026-02-16 08:09:27,false,2026-04-01 06:30:00
HS-005681,paula315681@example.com,"Hale, Myers and Larson",marketingqualifiedlead,89,Channel,MidMarket,Germany,2026-01-10 08:21:35,false,2026-04-01 06:30:00
HS-005682,james835682@example.com,"Daniels, Vance and York",marketingqualifiedlead,56,Inbound,smb,Australia,2025-09-17 19:10:01,false,2026-04-01 06:30:00
HS-005683,mooredavid5683@example.com,"Morrison, Hebert and Rogers",marketingqualifiedlead,85,Word of Mouth,MidMarket,Australia,2026-02-12 19:25:45,false,2026-04-01 06:30:00
HS-005684,johnsonpenny5684@example.com,Weaver-Sherman,marketingqualifiedlead,50,IB,Small Business,Australia,2025-09-10 03:38:23,false,2026-04-01 06:30:00
HS-005685,kenneth765685@example.com,Kane-Knox,marketingqualifiedlead,53,Channel,Small Business,Canada,2026-02-20 11:55:55,false,2026-04-01 06:30:00
HS-005686,maryramsey5686@example.com,Edwards Ltd,lead,32,inbound,Mid Market,Australia,2025-12-11 21:44:10,false,2026-04-01 06:30:00
HS-005687,fryekevin5687@example.com,Taylor-Ayala,marketingqualifiedlead,74,Cold Outreach,MM,United Kingdom,2026-01-21 22:24:35,false,2026-04-01 06:30:00
HS-005688,melissaharrell5688@example.com,"Rivera, Martinez and Richardson",lead,31,Paid,SMB,United Kingdom,2025-10-07 09:49:17,false,2026-04-01 06:30:00
HS-005689,robinsondavid5689@example.com,Thompson-Harrell,marketingqualifiedlead,62,inbound,SmallBiz,Germany,2026-01-02 02:00:08,false,2026-04-01 06:30:00
HS-005690,zacharyandrews5690@example.com,Hill Inc,lead,29,Paid Ads,SmallBiz,Canada,2025-09-25 12:58:23,false,2026-04-01 06:30:00
HS-005691,edwin875691@example.com,"Valentine, Joyce and Murray",lead,33,outbound,Small Business,United States,2025-12-05 04:39:02,false,2026-04-01 06:30:00
HS-005692,antoniosalazar5692@example.com,"Reyes, Chase and Jenkins",lead,22,inbound,Mid Market,United Kingdom,2025-09-22 21:17:50,false,2026-04-01 06:30:00
HS-005693,qnewman5693@example.com,Salas-Fitzgerald,lead,8,Cold Outreach,SMB,Germany,2026-03-06 12:24:54,false,2026-04-01 06:30:00
HS-005694,vphillips5694@example.com,Allen Inc,marketingqualifiedlead,53,PPC,SMB,Canada,2025-11-13 14:37:05,false,2026-04-01 06:30:00
HS-005695,kennethsmith5695@example.com,Anthony-Parker,lead,37,Content Download,SmallBiz,Australia,2026-03-19 12:39:23,false,2026-04-01 06:30:00
HS-005696,brianwhite5696@example.com,Mason Ltd,lead,35,Outbound,Strategic,Australia,2025-10-10 21:56:35,false,2026-04-01 06:30:00
HS-005697,marie095697@example.com,Bell-Bennett,lead,17,Content,Small Business,United States,2026-03-19 01:54:23,false,2026-04-01 06:30:00
HS-005698,bholder5698@example.com,"Patton, Parsons and Lane",marketingqualifiedlead,57,Inbound,SMB,United States,2026-02-13 10:24:51,false,2026-04-01 06:30:00
HS-005699,deanjose5699@example.com,Miller Inc,marketingqualifiedlead,68,Paid,smb,Germany,2025-10-01 00:05:20,false,2026-04-01 06:30:00
HS-005700,kmartinez5700@example.com,Moore-Ayala,marketingqualifiedlead,90,Inbound,Mid-Market,United States,2025-08-28 20:44:22,false,2026-04-01 06:30:00
HS-005701,banksmeredith5701@example.com,"Wright, Mcknight and Stephens",marketingqualifiedlead,62,Content,Enterprise,United Kingdom,2025-09-01 10:26:12,false,2026-04-01 06:30:00
HS-005702,aferguson5702@example.com,Pena LLC,marketingqualifiedlead,53,Content,Small Business,United States,2026-01-09 20:02:28,false,2026-04-01 06:30:00
HS-005703,wellsmichael5703@example.com,Wise-Dean,lead,6,Word of Mouth,SMB,Australia,2025-10-09 22:01:06,false,2026-04-01 06:30:00
HS-005704,westricky5704@example.com,Marshall-Elliott,lead,18,Channel,MM,Australia,2026-01-13 20:16:26,false,2026-04-01 06:30:00
HS-005705,mayerryan5705@example.com,Stanley PLC,lead,12,Inbound,Small Business,Canada,2025-10-24 01:55:33,false,2026-04-01 06:30:00
HS-005706,tiffany245706@example.com,Donovan-Harris,marketingqualifiedlead,64,Content Download,smb,Germany,2025-11-05 19:55:54,false,2026-04-01 06:30:00
HS-005707,collinslaura5707@example.com,White-Preston,marketingqualifiedlead,54,IB,SMB,Australia,2026-02-17 05:29:16,false,2026-04-01 06:30:00
HS-005708,travis125708@example.com,Figueroa PLC,marketingqualifiedlead,71,Trade Show,Mid Market,Canada,2026-01-27 09:33:02,false,2026-04-01 06:30:00
HS-005708D,travis125708@example.com,Figueroa PLC,marketingqualifiedlead,71,Trade Show,Mid Market,Canada,2026-01-27 09:33:02,false,2026-04-01 06:30:00
HS-005709,jeremiah135709@example.com,Butler and Sons,marketingqualifiedlead,79,inbound,MidMarket,United Kingdom,2025-11-22 12:24:12,false,2026-04-01 06:30:00
HS-005710,uguerrero5710@example.com,Mason Ltd,lead,32,Cold Outreach,enterprise,Australia,2025-12-14 21:54:42,false,2026-04-01 06:30:00
HS-005711,ddavis5711@example.com,Donovan-Harris,marketingqualifiedlead,71,Referral,Small Business,Germany,2026-01-31 08:07:27,false,2026-04-01 06:30:00
HS-005712,mhenry5712@example.com,Williams Group,marketingqualifiedlead,86,Inbound,SMB,Germany,2025-12-08 17:12:24,false,2026-04-01 06:30:00
HS-005713,charlesewing5713@example.com,Pollard and Sons,marketingqualifiedlead,56,Event,MidMarket,Germany,2026-01-18 16:12:38,false,2026-04-01 06:30:00
HS-005714,bryan615714@example.com,"Whitney, Gould and Jones",lead,5,inbound,Small Business,Germany,2025-09-23 13:04:15,false,2026-04-01 06:30:00
HS-005715,tammythomas5715@example.com,"Miller, Ramos and Coleman",lead,10,Paid Ads,Mid Market,United Kingdom,2025-09-14 00:35:59,false,2026-04-01 06:30:00
HS-005716,martha995716@example.com,"Mckinney, Graves and Thompson",lead,16,inbound,Small Business,United States,2025-11-03 23:15:02,false,2026-04-01 06:30:00
HS-005717,garzazachary5717@example.com,Anderson Group,marketingqualifiedlead,86,Inbound,MM,Australia,2025-09-20 17:44:59,false,2026-04-01 06:30:00
HS-005718,jasonwilliams5718@example.com,Mckinney-Wallace,lead,15,Content,SmallBiz,Germany,2025-12-14 02:29:33,false,2026-04-01 06:30:00
HS-005719,jessica445719@example.com,Castaneda-Ashley,marketingqualifiedlead,75,IB,SMB,United Kingdom,2025-08-26 08:30:12,false,2026-04-01 06:30:00
HS-005720,melanie485720@example.com,Whitney PLC,lead,19,IB,ENT,United Kingdom,2025-11-10 12:59:33,false,2026-04-01 06:30:00
HS-005721,chantrevor5721@example.com,Jones and Sons,marketingqualifiedlead,66,Word of Mouth,smb,Australia,2026-02-15 22:30:51,false,2026-04-01 06:30:00
HS-005722,wallacesusan5722@example.com,Cook and Sons,marketingqualifiedlead,74,Trade Show,Small Business,Australia,2026-03-15 20:45:48,false,2026-04-01 06:30:00
HS-005723,xcline5723@example.com,"Kelley, Nguyen and Vang",lead,17,outbound,Mid Market,United Kingdom,2026-03-03 07:20:33,false,2026-04-01 06:30:00
HS-005724,lesliejones5724@example.com,"Booker, Jones and Harrington",marketingqualifiedlead,73,inbound,Small Business,United States,2026-01-17 16:03:40,false,2026-04-01 06:30:00
HS-005725,holtthomas5725@example.com,Burgess-Thompson,lead,20,Outbound,smb,United Kingdom,2026-01-03 17:48:26,false,2026-04-01 06:30:00
HS-005726,charles915726@example.com,Ramirez and Sons,marketingqualifiedlead,88,Referral,Small Business,Germany,2025-10-12 13:42:23,false,2026-04-01 06:30:00
HS-005727,ssoto5727@example.com,Yu Inc,marketingqualifiedlead,59,Inbound,ENT,Germany,2025-12-19 01:36:37,false,2026-04-01 06:30:00
HS-005728,christopher325728@example.com,Hall LLC,marketingqualifiedlead,82,Outbound,MM,United Kingdom,2025-09-11 03:23:36,false,2026-04-01 06:30:00
HS-005729,christian565729@example.com,Branch and Sons,lead,14,Outbound,SmallBiz,United States,2025-09-19 07:53:37,false,2026-04-01 06:30:00
HS-005730,teresajohnson5730@example.com,"Smith, Montoya and Evans",marketingqualifiedlead,72,Channel,smb,Canada,2025-11-05 02:55:14,false,2026-04-01 06:30:00
HS-005731,grantmichael5731@example.com,Wheeler Group,lead,18,Outbound,SmallBiz,Germany,2025-09-21 10:52:29,false,2026-04-01 06:30:00
HS-005731D,grantmichael5731@example.com,Wheeler Group,lead,18,Outbound,SmallBiz,Germany,2025-09-21 10:52:29,false,2026-04-01 06:30:00
HS-005732,cooperamy5732@example.com,Holden Group,marketingqualifiedlead,89,Trade Show,MM,Germany,2026-01-06 22:45:19,false,2026-04-01 06:30:00
HS-005733,daniellindsey5733@example.com,"Porter, Schultz and Allen",marketingqualifiedlead,85,Content Download,MM,United Kingdom,2025-11-05 02:42:37,false,2026-04-01 06:30:00
HS-005734,paula745734@example.com,Durham-Shaw,lead,11,Outbound,Small Business,Germany,2025-11-20 13:48:16,false,2026-04-01 06:30:00
HS-005735,jennifer965735@example.com,Elliott-Hernandez,lead,34,inbound,Mid Market,Canada,2026-02-01 02:29:54,false,2026-04-01 06:30:00
HS-005736,john165736@example.com,Reid-Poole,marketingqualifiedlead,73,outbound,Enterprise,United States,2025-12-01 01:51:20,false,2026-04-01 06:30:00
HS-005737,lucaslori5737@example.com,Martin-Ewing,lead,9,outbound,Small Business,United States,2026-02-05 12:36:06,false,2026-04-01 06:30:00
HS-005738,williamsalex5738@example.com,"Carter, Garcia and Murphy",marketingqualifiedlead,49,Event,Mid Market,United States,2025-09-01 01:16:27,false,2026-04-01 06:30:00
HS-005739,patriciaowen5739@example.com,"Nguyen, Smith and Hickman",marketingqualifiedlead,64,IB,Small Business,Canada,2025-08-25 12:26:03,false,2026-04-01 06:30:00
HS-005740,luis415740@example.com,Gill Ltd,lead,36,Cold Outreach,ENT,United Kingdom,2026-03-12 09:50:54,false,2026-04-01 06:30:00
HS-005741,traci395741@example.com,Morales and Sons,marketingqualifiedlead,90,IB,SmallBiz,United Kingdom,2025-10-29 00:01:35,false,2026-04-01 06:30:00
HS-005742,gregorybrock5742@example.com,Schmitt PLC,lead,14,outbound,Small Business,United States,2025-11-25 13:31:47,false,2026-04-01 06:30:00
HS-005743,beckerbrianna5743@example.com,Cordova Group,lead,34,outbound,SmallBiz,Australia,2025-11-14 07:51:02,false,2026-04-01 06:30:00
HS-005744,xmack5744@example.com,Cortez LLC,lead,13,PPC,smb,United Kingdom,2026-01-28 18:37:19,false,2026-04-01 06:30:00
HS-005745,allennathan5745@example.com,"Young, Contreras and Marshall",lead,17,IB,Mid-Market,United States,2025-10-15 03:31:34,false,2026-04-01 06:30:00
HS-005746,rcohen5746@example.com,Gomez and Sons,lead,27,Outbound,Mid-Market,Germany,2025-11-13 14:20:23,false,2026-04-01 06:30:00
HS-005747,kelleramanda5747@example.com,Kramer-Shannon,lead,29,Partner,SmallBiz,Australia,2025-10-11 06:43:34,false,2026-04-01 06:30:00
HS-005748,hernandezmarc5748@example.com,Smith-Gutierrez,marketingqualifiedlead,58,inbound,smb,Canada,2026-01-13 04:23:00,false,2026-04-01 06:30:00
HS-005749,christopher645749@example.com,"Martinez, Richardson and Curry",marketingqualifiedlead,60,Inbound,smb,United States,2025-10-12 04:40:16,false,2026-04-01 06:30:00
HS-005750,nfletcher5750@example.com,Johnson-Rogers,lead,9,Event,SMB,United States,2026-03-18 06:11:31,false,2026-04-01 06:30:00
HS-005751,jennifercooper5751@example.com,Hicks-Hill,marketingqualifiedlead,43,Outbound,Small Business,United States,2025-09-28 03:43:18,false,2026-04-01 06:30:00
HS-005752,danderson5752@example.com,Figueroa Inc,lead,13,Channel,SmallBiz,Canada,2025-10-30 00:19:21,false,2026-04-01 06:30:00
HS-005753,cassidymcdonald5753@example.com,Thomas and Sons,marketingqualifiedlead,63,Referral,MM,United Kingdom,2026-01-21 13:31:28,false,2026-04-01 06:30:00
HS-005754,melissa885754@example.com,"Alvarez, Williams and Jones",marketingqualifiedlead,45,outbound,SmallBiz,Germany,2026-02-06 09:11:02,false,2026-04-01 06:30:00
HS-005755,gillmary5755@example.com,"Sanchez, Wheeler and Harvey",lead,10,Outbound,Enterprise,Australia,2026-03-26 15:43:14,false,2026-04-01 06:30:00
HS-005756,uwilliams5756@example.com,"Holder, Young and Hendricks",lead,16,Word of Mouth,MidMarket,Canada,2025-09-19 07:36:21,false,2026-04-01 06:30:00
HS-005757,criddle5757@example.com,"Woods, Calhoun and Schmidt",marketingqualifiedlead,80,Inbound,Mid Market,Australia,2026-01-25 04:01:26,false,2026-04-01 06:30:00
HS-005758,blakeshelton5758@example.com,Smith and Sons,lead,38,Content,Mid-Market,United States,2025-11-16 21:11:21,false,2026-04-01 06:30:00
HS-005759,greenechristina5759@example.com,Dickson-Brady,marketingqualifiedlead,79,Word of Mouth,Small Business,Canada,2025-08-28 08:48:22,false,2026-04-01 06:30:00
HS-005760,michelle115760@example.com,Brock-Mcdonald,marketingqualifiedlead,76,Event,SmallBiz,Australia,2025-09-26 20:57:10,false,2026-04-01 06:30:00
HS-005760D,michelle115760@example.com,Brock-Mcdonald,marketingqualifiedlead,76,Event,SmallBiz,Australia,2025-09-26 20:57:10,false,2026-04-01 06:30:00
HS-005761,erinlozano5761@example.com,Anderson Group,marketingqualifiedlead,83,inbound,MM,United Kingdom,2025-10-09 11:54:27,false,2026-04-01 06:30:00
HS-005762,ggray5762@example.com,Moore-Bass,lead,8,Inbound,SMB,Australia,2026-01-29 21:14:28,false,2026-04-01 06:30:00
HS-005763,amanda855763@example.com,Gonzalez-Taylor,marketingqualifiedlead,82,Trade Show,smb,United Kingdom,2025-10-07 22:22:41,false,2026-04-01 06:30:00
HS-005764,cooperlauren5764@example.com,"Sanders, Leblanc and Maldonado",marketingqualifiedlead,57,Content,SmallBiz,Australia,2025-09-20 05:48:50,false,2026-04-01 06:30:00
HS-005765,jacobwilson5765@example.com,"Cruz, Richmond and Edwards",lead,11,outbound,SMB,Australia,2025-12-18 17:20:15,false,2026-04-01 06:30:00
HS-005766,djohnson5766@example.com,"Phillips, Spence and Barrett",marketingqualifiedlead,41,Partner,SmallBiz,United States,2025-10-08 03:17:27,false,2026-04-01 06:30:00
HS-005767,dwayneedwards5767@example.com,"Alvarez, Williams and Jones",marketingqualifiedlead,43,Outbound,smb,Germany,2025-10-06 01:31:19,false,2026-04-01 06:30:00
HS-005768,egregory5768@example.com,Hill Ltd,marketingqualifiedlead,81,Paid Ads,SMB,United States,2025-08-30 14:07:49,false,2026-04-01 06:30:00
HS-005769,xcrane5769@example.com,Osborne LLC,lead,17,Partner,SMB,United Kingdom,2025-11-20 09:51:48,false,2026-04-01 06:30:00
HS-005770,kenneth085770@example.com,"Smith, Garrison and Thomas",marketingqualifiedlead,66,outbound,SMB,United Kingdom,2026-03-15 03:56:52,false,2026-04-01 06:30:00
HS-005771,samanthawoodard5771@example.com,"Smith, Schroeder and Oconnor",lead,19,inbound,SMB,Canada,2026-03-06 06:41:24,false,2026-04-01 06:30:00
HS-005772,wallacebryan5772@example.com,"Ferguson, Shaw and Jackson",lead,22,Partner,Mid Market,United States,2025-09-01 15:42:21,false,2026-04-01 06:30:00
HS-005773,nreese5773@example.com,"Bernard, Warren and Combs",lead,18,Content Download,SMB,Australia,2025-09-05 21:30:27,false,2026-04-01 06:30:00
HS-005774,jessica945774@example.com,Smith-Grimes,marketingqualifiedlead,90,IB,SMB,United States,2025-10-08 20:35:33,false,2026-04-01 06:30:00
HS-005775,fwalter5775@example.com,"Johnson, Guzman and Mccall",lead,21,Content,SmallBiz,Australia,2026-01-27 23:13:13,false,2026-04-01 06:30:00
HS-005776,icuevas5776@example.com,"Fowler, Jimenez and Burton",lead,16,Content,Small Business,United States,2026-02-03 16:10:43,false,2026-04-01 06:30:00
HS-005777,uwhite5777@example.com,"Mccall, Hanson and Alvarado",lead,28,inbound,Small Business,United Kingdom,2025-10-18 23:45:33,false,2026-04-01 06:30:00
HS-005778,xlivingston5778@example.com,Gonzalez-Taylor,marketingqualifiedlead,74,Event,SmallBiz,United Kingdom,2026-03-11 01:59:17,false,2026-04-01 06:30:00
HS-005779,theresataylor5779@example.com,"Erickson, Armstrong and Lee",lead,13,Cold Outreach,Strategic,Canada,2025-09-03 06:31:56,false,2026-04-01 06:30:00
HS-005780,ijones5780@example.com,White-Estes,lead,38,IB,Strategic,Germany,2026-03-24 08:22:53,false,2026-04-01 06:30:00
HS-005781,allen575781@example.com,Green-Edwards,marketingqualifiedlead,84,inbound,Small Business,Canada,2025-10-23 20:42:19,false,2026-04-01 06:30:00
HS-005782,ysmith5782@example.com,"Wright, Mcknight and Stephens",lead,13,Outbound,Enterprise,United Kingdom,2025-11-14 00:24:58,false,2026-04-01 06:30:00
HS-005783,dwilliams5783@example.com,Gonzalez Group,lead,13,Trade Show,ENT,Australia,2025-11-09 18:11:46,false,2026-04-01 06:30:00
HS-005784,zyoung5784@example.com,Smith and Sons,lead,14,Content Download,Enterprise,Canada,2025-11-20 23:33:59,false,2026-04-01 06:30:00
HS-005785,aallen5785@example.com,Miller-Orr,marketingqualifiedlead,77,Inbound,enterprise,United Kingdom,2025-09-29 23:33:50,false,2026-04-01 06:30:00
HS-005786,bradley815786@example.com,Combs Ltd,lead,37,Inbound,SMB,Canada,2025-10-02 15:29:46,false,2026-04-01 06:30:00
HS-005787,aadams5787@example.com,Scott Ltd,marketingqualifiedlead,61,Content,Small Business,Germany,2025-10-29 14:04:54,false,2026-04-01 06:30:00
HS-005788,smithjavier5788@example.com,Allen Inc,lead,26,Outbound,SMB,Canada,2025-10-11 19:24:55,false,2026-04-01 06:30:00
HS-005789,vargasvanessa5789@example.com,Morales Inc,lead,17,Content,SMB,United Kingdom,2026-02-12 14:09:06,false,2026-04-01 06:30:00
HS-005790,trujillojohn5790@example.com,Boyle-Smith,lead,22,Content Download,SMB,Germany,2026-01-16 14:57:16,false,2026-04-01 06:30:00
HS-005791,thomasderek5791@example.com,Taylor and Sons,marketingqualifiedlead,87,outbound,MM,Australia,2026-02-20 16:14:39,false,2026-04-01 06:30:00
HS-005792,matthew375792@example.com,Murphy-Tran,marketingqualifiedlead,84,PPC,Small Business,United States,2025-12-14 21:05:25,false,2026-04-01 06:30:00
HS-005793,ashley955793@example.com,Chandler-Edwards,lead,27,PPC,Small Business,United States,2025-09-27 11:49:14,false,2026-04-01 06:30:00
HS-005794,meredithandrews5794@example.com,Salazar-Ball,lead,20,Referral,MM,Canada,2025-10-28 02:01:10,false,2026-04-01 06:30:00
HS-005795,tanyawilliams5795@example.com,Bowen Group,marketingqualifiedlead,63,Event,Small Business,United Kingdom,2026-01-03 08:46:05,false,2026-04-01 06:30:00
HS-005796,dwilliams5796@example.com,Adams-Butler,lead,20,Outbound,MidMarket,United Kingdom,2025-09-12 14:01:33,false,2026-04-01 06:30:00
HS-005797,samantha745797@example.com,Jones-Hensley,lead,10,Content,SMB,Australia,2026-02-17 07:05:10,false,2026-04-01 06:30:00
HS-005798,jonathan495798@example.com,"Proctor, Burton and Crawford",lead,32,Outbound,ENT,Canada,2025-11-03 09:43:24,false,2026-04-01 06:30:00
HS-005799,bradleymitchell5799@example.com,"Ochoa, Garcia and Sandoval",lead,17,outbound,SmallBiz,Germany,2025-12-07 09:44:36,false,2026-04-01 06:30:00
HS-005800,heather535800@example.com,Brown-Hernandez,marketingqualifiedlead,87,Outbound,SMB,United States,2025-11-29 05:30:39,false,2026-04-01 06:30:00
HS-005801,martinezallen5801@example.com,"Mcdaniel, Bentley and Mclaughlin",lead,27,Content,ENT,United Kingdom,2026-03-06 16:39:33,false,2026-04-01 06:30:00
HS-005802,higginscaitlin5802@example.com,Thompson Ltd,marketingqualifiedlead,59,Content,Small Business,Canada,2026-02-17 00:18:52,false,2026-04-01 06:30:00
HS-005803,crystal835803@example.com,Figueroa PLC,lead,24,inbound,Mid Market,Canada,2026-02-27 06:30:09,false,2026-04-01 06:30:00
HS-005804,olivia455804@example.com,Mason Ltd,lead,12,IB,Enterprise,Australia,2026-02-25 08:48:24,false,2026-04-01 06:30:00
HS-005805,kbaird5805@example.com,Smith PLC,marketingqualifiedlead,67,PPC,Enterprise,Canada,2025-12-10 15:27:33,false,2026-04-01 06:30:00
HS-005806,carlajennings5806@example.com,Sellers-Riddle,lead,17,Outbound,Small Business,Germany,2026-01-14 20:02:05,false,2026-04-01 06:30:00
HS-005807,davidjensen5807@example.com,Smith-Oneill,lead,6,Event,smb,Germany,2026-02-06 03:56:30,false,2026-04-01 06:30:00
HS-005808,edwardsrick5808@example.com,Little Inc,lead,19,Cold Outreach,MidMarket,United States,2026-03-22 19:44:43,false,2026-04-01 06:30:00
HS-005809,younglisa5809@example.com,Bush-Reynolds,marketingqualifiedlead,60,Inbound,smb,Germany,2025-11-27 14:24:50,false,2026-04-01 06:30:00
HS-005810,cochranmary5810@example.com,"Duran, Obrien and Gibbs",lead,11,IB,smb,Canada,2026-02-02 13:38:46,false,2026-04-01 06:30:00
HS-005811,amber075811@example.com,Gutierrez-Hawkins,lead,10,Word of Mouth,Enterprise,United States,2026-03-01 07:06:09,false,2026-04-01 06:30:00
HS-005812,phillipsmichelle5812@example.com,"Stuart, Brooks and Vance",lead,35,Paid Ads,MidMarket,Australia,2026-03-22 13:09:18,false,2026-04-01 06:30:00
HS-005813,katherinewinters5813@example.com,Smith and Sons,lead,33,inbound,Mid Market,United States,2025-11-05 15:41:09,false,2026-04-01 06:30:00
HS-005814,msmith5814@example.com,"Yang, Wilson and Zimmerman",marketingqualifiedlead,61,Outbound,smb,Germany,2025-09-27 10:01:20,false,2026-04-01 06:30:00
HS-005815,lauren155815@example.com,Powell LLC,lead,29,Word of Mouth,SMB,United Kingdom,2025-10-10 06:56:13,false,2026-04-01 06:30:00
HS-005816,anthony535816@example.com,"Kim, Gonzales and Mills",marketingqualifiedlead,83,Cold Outreach,SMB,Canada,2026-03-04 23:36:24,false,2026-04-01 06:30:00
HS-005817,jonesjerry5817@example.com,Nelson-Johnson,lead,5,Content,SmallBiz,United States,2026-02-12 01:13:12,false,2026-04-01 06:30:00
HS-005818,hendersonlisa5818@example.com,Hicks-Martinez,marketingqualifiedlead,40,Paid Ads,enterprise,Australia,2026-01-11 19:23:38,false,2026-04-01 06:30:00
HS-005819,rodney585819@example.com,"Bernard, Warren and Combs",lead,18,Partner,Small Business,Australia,2026-03-12 12:55:51,false,2026-04-01 06:30:00
HS-005820,xarmstrong5820@example.com,"Mccarthy, Evans and Mendez",marketingqualifiedlead,44,Referral,SMB,Germany,2026-01-23 22:05:56,false,2026-04-01 06:30:00
HS-005821,haroldturner5821@example.com,Faulkner-Casey,marketingqualifiedlead,68,Content Download,SMB,Australia,2025-10-29 23:54:47,false,2026-04-01 06:30:00
HS-005822,johnnguyen5822@example.com,"Chang, Ayers and Buckley",lead,39,IB,Mid Market,United States,2026-02-03 00:31:53,false,2026-04-01 06:30:00
HS-005823,dbradley5823@example.com,"Henderson, Cox and Cox",lead,8,Cold Outreach,MidMarket,United States,2025-11-06 03:05:16,false,2026-04-01 06:30:00
HS-005824,uschmitt5824@example.com,Carter Inc,marketingqualifiedlead,56,Inbound,SmallBiz,Australia,2025-11-02 20:55:53,false,2026-04-01 06:30:00
HS-005825,jason575825@example.com,Smith LLC,lead,22,inbound,Mid-Market,Australia,2025-11-23 01:40:04,false,2026-04-01 06:30:00
HS-005826,floressteve5826@example.com,White-Medina,marketingqualifiedlead,63,Content Download,Strategic,Australia,2025-12-12 03:14:12,false,2026-04-01 06:30:00
HS-005827,blakesarah5827@example.com,Miller-Brandt,marketingqualifiedlead,50,IB,SmallBiz,Germany,2025-11-04 12:07:10,false,2026-04-01 06:30:00
HS-005828,vgraham5828@example.com,"Edwards, Rodgers and Davis",lead,11,Word of Mouth,Mid-Market,United Kingdom,2026-03-03 12:42:04,false,2026-04-01 06:30:00
HS-005829,melanie695829@example.com,Taylor PLC,marketingqualifiedlead,41,Event,SmallBiz,United Kingdom,2025-11-08 04:39:51,false,2026-04-01 06:30:00
HS-005830,russellprice5830@example.com,"Miller, Harrell and Reese",lead,7,inbound,Mid-Market,United Kingdom,2026-01-26 11:11:05,false,2026-04-01 06:30:00
HS-005831,spencerjames5831@example.com,Brown-Wall,lead,31,Channel,SmallBiz,Australia,2025-11-23 18:57:50,false,2026-04-01 06:30:00
HS-005832,jennifer745832@example.com,Miller PLC,lead,15,Outbound,Enterprise,Canada,2026-01-29 18:04:27,false,2026-04-01 06:30:00
HS-005833,afoster5833@example.com,"Webb, Romero and Morse",marketingqualifiedlead,77,Content,SmallBiz,Australia,2025-11-06 01:58:03,false,2026-04-01 06:30:00
HS-005834,gloria025834@example.com,Wilson-Salazar,marketingqualifiedlead,81,Inbound,SMB,Australia,2026-02-07 22:54:05,false,2026-04-01 06:30:00
HS-005835,victoriabenson5835@example.com,Young Ltd,lead,12,Paid,smb,Australia,2025-11-12 10:23:06,false,2026-04-01 06:30:00
HS-005836,fsolis5836@example.com,"Jones, Scott and Rodriguez",lead,22,Inbound,MidMarket,Australia,2025-11-19 19:34:00,false,2026-04-01 06:30:00
HS-005837,john015837@arcline.com,Morgan-French,lead,27,Outbound,Enterprise,Canada,2025-11-20 18:00:45,true,2026-04-01 06:30:00
HS-005838,frankmorrison5838@example.com,Nichols-Mitchell,marketingqualifiedlead,64,inbound,MidMarket,Germany,2025-09-04 01:13:47,false,2026-04-01 06:30:00
HS-005839,nburns5839@example.com,"Robinson, Shields and Brown",lead,38,Inbound,smb,Canada,2025-11-03 06:11:58,false,2026-04-01 06:30:00
HS-005840,melissathomas5840@example.com,"Sanders, Leblanc and Maldonado",marketingqualifiedlead,75,Outbound,SmallBiz,Australia,2026-01-30 00:39:19,false,2026-04-01 06:30:00
HS-005841,rlewis5841@example.com,Edwards Group,marketingqualifiedlead,76,Inbound,Mid Market,United Kingdom,2026-01-10 09:32:05,false,2026-04-01 06:30:00
HS-005842,jasonmurillo5842@example.com,Ellis-Lawrence,lead,12,Outbound,SmallBiz,United States,2025-09-22 20:49:55,false,2026-04-01 06:30:00
HS-005842D,jasonmurillo5842@example.com,Ellis-Lawrence,lead,12,Outbound,SmallBiz,United States,2025-09-22 20:49:55,false,2026-04-01 06:30:00
HS-005843,croberts5843@example.com,"Pierce, Bell and Chavez",marketingqualifiedlead,82,IB,Mid-Market,Germany,2025-12-05 08:59:46,false,2026-04-01 06:30:00
HS-005844,mistydorsey5844@example.com,Gregory-Watkins,marketingqualifiedlead,69,Inbound,SmallBiz,United Kingdom,2025-11-16 10:32:34,false,2026-04-01 06:30:00
HS-005845,john265845@example.com,Castillo-Harrington,marketingqualifiedlead,84,Content,SmallBiz,Canada,2025-08-29 22:10:43,false,2026-04-01 06:30:00
HS-005846,lbennett5846@example.com,Jones Inc,marketingqualifiedlead,87,Outbound,Small Business,United Kingdom,2025-09-13 23:30:05,false,2026-04-01 06:30:00
HS-005847,jonathangonzales5847@example.com,Crosby-Ramirez,lead,24,Inbound,Strategic,Australia,2026-03-01 20:32:03,false,2026-04-01 06:30:00
HS-005848,christyfletcher5848@example.com,"Chan, Lewis and Walker",lead,7,Trade Show,Mid Market,Australia,2025-12-13 16:31:46,false,2026-04-01 06:30:00
HS-005849,jenniferdillon5849@example.com,"Marsh, Spears and Yang",marketingqualifiedlead,70,Cold Outreach,smb,Australia,2025-09-13 19:09:39,false,2026-04-01 06:30:00
HS-005850,brandonallen5850@example.com,"Brandt, Carter and Boyd",marketingqualifiedlead,67,Content Download,smb,Australia,2026-02-11 23:24:15,false,2026-04-01 06:30:00
HS-005851,andrewdavis5851@example.com,Thomas and Sons,lead,5,outbound,Mid-Market,United Kingdom,2026-02-02 10:52:44,false,2026-04-01 06:30:00
HS-005852,brownchristina5852@example.com,Conner-Yu,marketingqualifiedlead,54,Inbound,Small Business,United Kingdom,2026-03-06 00:44:51,false,2026-04-01 06:30:00
HS-005853,kathleenthompson5853@example.com,"Harvey, Davis and Crane",marketingqualifiedlead,48,Content,Small Business,Germany,2025-12-03 09:58:19,false,2026-04-01 06:30:00
HS-005854,kelly345854@example.com,Hunter PLC,lead,35,IB,Mid Market,Germany,2025-11-08 11:18:52,false,2026-04-01 06:30:00
HS-005855,mkeller5855@example.com,Anderson Group,lead,27,Outbound,MM,Australia,2026-01-30 06:00:42,false,2026-04-01 06:30:00
HS-005856,pamelasmith5856@example.com,Taylor PLC,marketingqualifiedlead,59,outbound,SMB,United Kingdom,2026-02-08 23:12:22,false,2026-04-01 06:30:00
HS-005857,urivera5857@example.com,"Contreras, Miller and Cooper",marketingqualifiedlead,89,Word of Mouth,ENT,United Kingdom,2025-12-20 20:10:46,false,2026-04-01 06:30:00
HS-005858,murphyjoseph5858@example.com,Young-Martinez,lead,6,Paid,Mid Market,Germany,2025-12-01 18:51:05,false,2026-04-01 06:30:00
HS-005859,david605859@example.com,Lyons-Bender,lead,39,Cold Outreach,SMB,United Kingdom,2026-01-09 06:52:07,false,2026-04-01 06:30:00
HS-005860,kmorris5860@example.com,"Le, Lewis and Hayes",lead,33,inbound,SmallBiz,Australia,2025-10-11 01:49:44,false,2026-04-01 06:30:00
HS-005861,harrissusan5861@example.com,"Herrera, Jensen and Ramirez",lead,14,Paid,enterprise,Canada,2026-02-07 23:32:00,false,2026-04-01 06:30:00
HS-005862,johnsonjennifer5862@example.com,"Hartman, Romero and Smith",lead,5,outbound,SMB,Canada,2026-03-14 02:37:11,false,2026-04-01 06:30:00
HS-005863,pkramer5863@example.com,Moore-Ayala,lead,12,Content Download,Mid Market,United States,2026-03-11 20:41:38,false,2026-04-01 06:30:00
HS-005864,emilylopez5864@example.com,Williams Ltd,lead,11,IB,ENT,Germany,2026-02-15 15:39:53,false,2026-04-01 06:30:00
HS-005865,uhaney5865@example.com,Ramirez-Vasquez,lead,25,Event,MM,United Kingdom,2026-01-29 09:45:23,false,2026-04-01 06:30:00
HS-005866,robinvasquez5866@example.com,Jones Inc,lead,23,outbound,ENT,United States,2025-09-03 23:05:04,false,2026-04-01 06:30:00
HS-005867,nowens5867@example.com,Ramirez-Stephenson,lead,18,Content Download,SmallBiz,Australia,2025-11-16 04:08:26,false,2026-04-01 06:30:00
HS-005868,perryjessica5868@example.com,Green-Edwards,marketingqualifiedlead,72,outbound,smb,Canada,2025-11-23 16:55:23,false,2026-04-01 06:30:00
HS-005869,friedmanrichard5869@example.com,Flowers LLC,lead,19,IB,SmallBiz,Australia,2026-01-30 22:05:35,false,2026-04-01 06:30:00
HS-005870,jessica075870@example.com,"Morales, Thomas and Schultz",lead,16,Outbound,smb,Australia,2026-01-31 09:03:37,false,2026-04-01 06:30:00
HS-005871,clarkmichael5871@example.com,"Andrade, Gordon and Cruz",lead,22,inbound,Mid Market,United States,2025-12-13 05:56:29,false,2026-04-01 06:30:00
HS-005872,nicholasjohnson5872@example.com,Rivera Inc,marketingqualifiedlead,66,IB,smb,Australia,2025-09-09 11:17:18,false,2026-04-01 06:30:00
HS-005873,gavin845873@example.com,Powers LLC,lead,30,PPC,ENT,Germany,2025-09-20 22:56:31,false,2026-04-01 06:30:00
HS-005874,crystalmiller5874@example.com,Mora-White,lead,12,Content,SMB,Australia,2026-01-25 10:14:28,false,2026-04-01 06:30:00
HS-005875,bowmankylie5875@example.com,Meadows PLC,marketingqualifiedlead,57,Inbound,SmallBiz,Germany,2025-08-23 20:43:09,false,2026-04-01 06:30:00
HS-005876,jessica275876@example.com,"Jones, Compton and Day",marketingqualifiedlead,77,Paid,smb,Canada,2025-08-21 20:07:28,false,2026-04-01 06:30:00
HS-005877,andrew675877@example.com,Wright Group,marketingqualifiedlead,71,Partner,Small Business,Germany,2026-01-12 03:39:11,false,2026-04-01 06:30:00
HS-005878,william675878@example.com,Dawson Inc,marketingqualifiedlead,47,IB,smb,Canada,2025-09-18 12:32:28,false,2026-04-01 06:30:00
HS-005879,ktaylor5879@example.com,Williams Group,marketingqualifiedlead,71,outbound,SMB,Germany,2025-11-28 16:24:43,false,2026-04-01 06:30:00
HS-005880,wilkinsonrussell5880@example.com,King-York,lead,5,Paid,SmallBiz,United States,2026-03-17 06:14:37,false,2026-04-01 06:30:00
HS-005881,alexanderwilliams5881@example.com,"Brown, Valdez and Lucas",lead,19,Content,SMB,Canada,2025-09-01 14:44:17,false,2026-04-01 06:30:00
HS-005882,glee5882@example.com,"Reeves, Parks and Little",lead,13,Channel,Small Business,Canada,2026-01-27 20:30:30,false,2026-04-01 06:30:00
HS-005883,cynthia645883@example.com,"Hernandez, Lee and Fox",marketingqualifiedlead,75,Channel,SmallBiz,United States,2025-11-18 05:45:33,false,2026-04-01 06:30:00
HS-005884,sdaniel5884@example.com,"Torres, Brown and Williams",lead,17,Outbound,SmallBiz,United States,2025-09-26 19:26:05,false,2026-04-01 06:30:00
HS-005885,madams5885@example.com,David-Powers,marketingqualifiedlead,71,Inbound,smb,Germany,2026-01-29 13:29:17,false,2026-04-01 06:30:00
HS-005886,nbrewer5886@example.com,"Shields, Cochran and Adams",lead,36,Inbound,smb,Australia,2025-11-28 08:49:02,false,2026-04-01 06:30:00
HS-005887,millsjeff5887@example.com,"Wright, Garcia and Deleon",lead,33,Outbound,smb,United Kingdom,2025-12-27 05:23:11,false,2026-04-01 06:30:00
HS-005888,igoodman5888@example.com,"Anderson, Dalton and Wilson",marketingqualifiedlead,80,outbound,SMB,Germany,2026-01-17 04:19:03,false,2026-04-01 06:30:00
HS-005889,megan915889@example.com,Jones PLC,lead,8,Content Download,MidMarket,Canada,2025-12-21 09:21:55,false,2026-04-01 06:30:00
HS-005890,carol865890@example.com,"Morgan, Bradshaw and Williams",marketingqualifiedlead,56,Outbound,SmallBiz,Germany,2025-10-24 18:42:34,false,2026-04-01 06:30:00
HS-005891,lawrencechristine5891@example.com,Edwards-Williams,lead,39,Paid Ads,Strategic,United States,2025-11-23 02:12:52,false,2026-04-01 06:30:00
HS-005892,lisa045892@example.com,"Robinson, Jones and Henderson",marketingqualifiedlead,84,PPC,Enterprise,Canada,2025-12-09 07:21:19,false,2026-04-01 06:30:00
HS-005893,douglasbutler5893@example.com,"Morales, Thomas and Schultz",marketingqualifiedlead,75,inbound,Small Business,Australia,2026-02-10 13:57:44,false,2026-04-01 06:30:00
HS-005894,iphillips5894@example.com,Miller-Orr,lead,11,inbound,Strategic,United Kingdom,2025-12-10 21:55:27,false,2026-04-01 06:30:00
HS-005895,juliehester5895@example.com,Fields Inc,lead,37,Paid Ads,SMB,United Kingdom,2025-12-23 00:27:55,false,2026-04-01 06:30:00
HS-005896,patricia125896@example.com,"Fisher, Wilson and Brown",marketingqualifiedlead,47,Cold Outreach,MidMarket,Australia,2025-11-08 07:14:06,false,2026-04-01 06:30:00
HS-005897,mooreamy5897@example.com,"Walsh, Wu and Hart",marketingqualifiedlead,42,Content Download,smb,Germany,2026-02-04 21:43:57,false,2026-04-01 06:30:00
HS-005898,guerrerorenee5898@example.com,Cline-Ayala,marketingqualifiedlead,55,Paid Ads,MM,Australia,2025-09-26 23:53:55,false,2026-04-01 06:30:00
HS-005899,christina855899@example.com,Gilbert-Bullock,lead,15,Content Download,Small Business,United States,2025-10-18 17:50:10,false,2026-04-01 06:30:00
HS-005899D,christina855899@example.com,Gilbert-Bullock,lead,15,Content Download,Small Business,United States,2025-10-18 17:50:10,false,2026-04-01 06:30:00
HS-005900,johnsmith5900@example.com,"Brown, Schneider and Moore",lead,38,PPC,enterprise,United States,2025-10-30 11:07:11,false,2026-04-01 06:30:00
HS-005901,whiteshannon5901@example.com,"Patterson, Smith and Jones",lead,9,Outbound,smb,Germany,2025-11-16 07:28:43,false,2026-04-01 06:30:00
HS-005902,derricklee5902@example.com,"Miller, Murphy and Craig",marketingqualifiedlead,87,Referral,smb,Canada,2025-09-11 18:28:16,false,2026-04-01 06:30:00
HS-005903,sheila425903@example.com,Reyes-Bradley,lead,32,Inbound,smb,Germany,2025-12-04 05:48:56,false,2026-04-01 06:30:00
HS-005904,matthewespinoza5904@example.com,"Allen, Davenport and Price",marketingqualifiedlead,53,Cold Outreach,enterprise,Australia,2025-12-08 10:32:08,false,2026-04-01 06:30:00
HS-005905,gbrown5905@example.com,Baker-Wilson,lead,22,Content,Mid Market,United Kingdom,2025-12-02 01:46:24,false,2026-04-01 06:30:00
HS-005906,reginaanderson5906@example.com,Bryant-Brown,marketingqualifiedlead,72,outbound,Small Business,Germany,2025-11-06 02:41:10,false,2026-04-01 06:30:00
HS-005907,ifox5907@example.com,Schroeder-Kramer,marketingqualifiedlead,45,Partner,Mid-Market,United States,2025-09-24 16:56:25,false,2026-04-01 06:30:00
HS-005908,qbrown5908@example.com,"Tanner, Wise and Johnson",lead,37,PPC,SMB,Canada,2025-12-21 15:28:40,false,2026-04-01 06:30:00
HS-005909,carlos805909@example.com,Sheppard-Mcdaniel,marketingqualifiedlead,61,Content,MidMarket,United Kingdom,2025-12-27 21:52:58,false,2026-04-01 06:30:00
HS-005910,uterry5910@example.com,Robles-Swanson,marketingqualifiedlead,81,outbound,Mid Market,Australia,2026-02-21 23:53:50,false,2026-04-01 06:30:00
HS-005911,heidiscott5911@example.com,"Miller, Harrell and Reese",lead,14,Inbound,MidMarket,United Kingdom,2026-02-19 03:51:16,false,2026-04-01 06:30:00
HS-005912,richard795912@example.com,Johnson-Wood,lead,11,Content Download,MM,United States,2026-02-05 18:43:40,false,2026-04-01 06:30:00
HS-005912D,richard795912@example.com,Johnson-Wood,lead,11,Content Download,MM,United States,2026-02-05 18:43:40,false,2026-04-01 06:30:00
HS-005913,peter585913@example.com,"Phillips, Thompson and Smith",lead,37,Paid,MM,Germany,2025-11-14 16:50:03,false,2026-04-01 06:30:00
HS-005914,nparks5914@example.com,Christian-Booth,marketingqualifiedlead,85,IB,MidMarket,Australia,2025-10-17 05:31:53,false,2026-04-01 06:30:00
HS-005915,ashley635915@example.com,Goodwin PLC,lead,5,Outbound,Enterprise,Canada,2025-09-05 07:43:26,false,2026-04-01 06:30:00
HS-005916,tashachase5916@example.com,Walker PLC,marketingqualifiedlead,65,inbound,SmallBiz,United Kingdom,2026-02-26 05:42:28,false,2026-04-01 06:30:00
HS-005917,zmoore5917@example.com,"Wilson, Sweeney and Wong",lead,25,Content Download,Small Business,Germany,2025-10-07 05:56:23,false,2026-04-01 06:30:00
HS-005918,williamsamy5918@example.com,"Smith, Gilmore and Johnston",lead,27,Content,SMB,United Kingdom,2025-10-06 09:34:49,false,2026-04-01 06:30:00
HS-005919,robertcruz5919@example.com,Herman-Walker,marketingqualifiedlead,83,Partner,SMB,Canada,2025-11-22 18:21:21,false,2026-04-01 06:30:00
HS-005920,adrianbarnes5920@example.com,Davis and Sons,lead,25,inbound,smb,Canada,2026-03-08 05:46:34,false,2026-04-01 06:30:00
HS-005921,rachel785921@example.com,Rodriguez-Johnson,marketingqualifiedlead,73,Content,smb,Canada,2025-09-29 04:44:20,false,2026-04-01 06:30:00
HS-005922,vtapia5922@example.com,Holland Group,marketingqualifiedlead,77,inbound,smb,United States,2026-02-25 19:14:40,false,2026-04-01 06:30:00
HS-005923,hwade5923@example.com,Donaldson and Sons,lead,29,Partner,MidMarket,Germany,2025-12-03 22:42:40,false,2026-04-01 06:30:00
HS-005924,wmorris5924@example.com,Hunter-Fuller,lead,22,outbound,ENT,Germany,2026-02-02 15:30:23,false,2026-04-01 06:30:00
HS-005924D,wmorris5924@example.com,Hunter-Fuller,lead,22,outbound,ENT,Germany,2026-02-02 15:30:23,false,2026-04-01 06:30:00
HS-005925,pamela515925@example.com,Morgan-French,lead,30,Paid Ads,Strategic,Canada,2025-09-14 08:41:30,false,2026-04-01 06:30:00
HS-005926,jonathanjordan5926@example.com,"Edwards, Hines and Jimenez",marketingqualifiedlead,80,Inbound,MidMarket,United Kingdom,2025-09-01 19:12:34,false,2026-04-01 06:30:00
HS-005927,smithpaul5927@example.com,Osborn Group,marketingqualifiedlead,58,Content,Mid-Market,Canada,2026-03-07 19:57:23,false,2026-04-01 06:30:00
HS-005928,ymorgan5928@example.com,Stanley PLC,marketingqualifiedlead,52,Trade Show,smb,Canada,2025-10-25 23:44:08,false,2026-04-01 06:30:00
HS-005929,istokes5929@example.com,Kim Inc,lead,39,Content Download,MidMarket,Canada,2026-02-05 19:59:18,false,2026-04-01 06:30:00
HS-005930,felicia515930@example.com,Bowen Group,lead,18,Event,SmallBiz,United Kingdom,2025-09-08 07:18:04,false,2026-04-01 06:30:00
HS-005930D,felicia515930@example.com,Bowen Group,lead,18,Event,SmallBiz,United Kingdom,2025-09-08 07:18:04,false,2026-04-01 06:30:00
HS-005931,qreyes5931@example.com,"Thompson, Moore and Castro",lead,37,Outbound,Mid Market,Australia,2025-12-08 03:43:04,false,2026-04-01 06:30:00
HS-005932,daniel245932@example.com,King-Martinez,marketingqualifiedlead,65,Inbound,Mid Market,Canada,2026-01-10 14:04:26,false,2026-04-01 06:30:00
HS-005933,jordan895933@example.com,Wood LLC,marketingqualifiedlead,79,Inbound,Small Business,Australia,2026-03-22 11:26:15,false,2026-04-01 06:30:00
HS-005934,afitzpatrick5934@example.com,Parker Ltd,marketingqualifiedlead,67,Cold Outreach,SmallBiz,United Kingdom,2025-12-22 17:21:57,false,2026-04-01 06:30:00
HS-005935,lauriewhitaker5935@example.com,Rose-Fowler,lead,26,IB,MM,United Kingdom,2026-02-05 22:46:38,false,2026-04-01 06:30:00
HS-005936,allisonbarr5936@example.com,Tran Ltd,lead,33,Trade Show,SMB,United States,2026-01-19 18:33:01,false,2026-04-01 06:30:00
HS-005937,xsmith5937@example.com,"Davis, George and Nguyen",marketingqualifiedlead,79,outbound,Small Business,Germany,2025-12-18 21:45:56,false,2026-04-01 06:30:00
HS-005938,maryhoover5938@example.com,Gonzalez-Taylor,marketingqualifiedlead,76,Word of Mouth,smb,United Kingdom,2025-12-27 21:20:34,false,2026-04-01 06:30:00
HS-005939,crossshawn5939@example.com,"Marks, Miller and Griffin",lead,18,outbound,SMB,United Kingdom,2025-09-22 08:58:36,false,2026-04-01 06:30:00
HS-005940,rickywilliams5940@example.com,Edwards Group,lead,18,Paid Ads,Mid Market,United Kingdom,2025-10-05 05:05:24,false,2026-04-01 06:30:00
HS-005941,lisa425941@example.com,Williams Group,lead,36,Inbound,smb,Germany,2025-09-09 22:18:44,false,2026-04-01 06:30:00
HS-005942,williamjenkins5942@example.com,"Johnston, Sanchez and Kennedy",lead,19,Content Download,enterprise,Australia,2025-10-22 22:29:01,false,2026-04-01 06:30:00
HS-005943,brandonsteele5943@example.com,Adkins LLC,lead,18,Partner,SmallBiz,Australia,2025-11-04 16:26:12,false,2026-04-01 06:30:00
HS-005944,fernandezjill5944@example.com,Chapman and Sons,marketingqualifiedlead,62,Content Download,smb,Canada,2026-01-31 06:44:38,false,2026-04-01 06:30:00
HS-005945,anthonyfranklin5945@example.com,Edwards-Scott,marketingqualifiedlead,52,Trade Show,MidMarket,Germany,2026-02-18 23:08:17,false,2026-04-01 06:30:00
HS-005946,julie345946@example.com,Arroyo LLC,lead,18,Trade Show,SmallBiz,United States,2025-11-21 14:51:25,false,2026-04-01 06:30:00
HS-005947,silvaryan5947@example.com,"Morgan, Barron and Cowan",lead,16,Paid,MM,United States,2025-12-09 00:52:07,false,2026-04-01 06:30:00
HS-005948,colonthomas5948@example.com,Medina and Sons,lead,38,outbound,Small Business,Canada,2026-03-19 22:06:25,false,2026-04-01 06:30:00
HS-005949,kparrish5949@example.com,Jackson PLC,lead,31,IB,smb,Canada,2026-01-31 22:34:18,false,2026-04-01 06:30:00
HS-005950,rtaylor5950@example.com,"Craig, Wilson and Yang",lead,39,Trade Show,SMB,Canada,2025-10-12 13:01:38,false,2026-04-01 06:30:00
HS-005951,veronica845951@example.com,Barton-Chapman,marketingqualifiedlead,63,PPC,Small Business,Australia,2025-08-22 22:51:01,false,2026-04-01 06:30:00
HS-005952,clarkpaul5952@example.com,"Sparks, Jackson and Miller",lead,7,IB,SmallBiz,Australia,2025-12-13 11:17:11,false,2026-04-01 06:30:00
HS-005953,alisha455953@example.com,"Brown, Schneider and Moore",lead,36,Inbound,ENT,United States,2026-01-31 15:26:02,false,2026-04-01 06:30:00
HS-005954,marshallmichael5954@example.com,Allen Inc,marketingqualifiedlead,40,PPC,smb,Canada,2025-09-03 07:53:55,false,2026-04-01 06:30:00
HS-005955,fwalton5955@example.com,Smith and Sons,marketingqualifiedlead,60,inbound,Mid Market,United States,2026-01-26 15:20:50,false,2026-04-01 06:30:00
HS-005956,vanessa095956@example.com,"Boyd, Gutierrez and Hill",marketingqualifiedlead,54,Outbound,SmallBiz,United Kingdom,2025-10-12 12:41:38,false,2026-04-01 06:30:00
HS-005957,tyrone395957@example.com,Ruiz Ltd,lead,17,IB,SMB,United Kingdom,2025-11-25 06:54:34,false,2026-04-01 06:30:00
HS-005958,erica595958@example.com,Reid Group,lead,9,Paid Ads,Enterprise,Australia,2026-01-02 12:07:55,false,2026-04-01 06:30:00
HS-005959,taylortoni5959@example.com,Luna-Gallagher,lead,38,Inbound,SmallBiz,Canada,2025-09-05 05:10:00,false,2026-04-01 06:30:00
HS-005960,jacksonchristina5960@example.com,Mendez and Sons,marketingqualifiedlead,65,IB,MidMarket,Germany,2026-01-30 19:19:41,false,2026-04-01 06:30:00
HS-005961,dylan035961@example.com,Wood LLC,lead,18,outbound,SmallBiz,Australia,2025-09-06 18:11:47,false,2026-04-01 06:30:00
HS-005962,gomezalyssa5962@example.com,Barber-Fischer,marketingqualifiedlead,69,Inbound,Small Business,United Kingdom,2025-12-22 21:47:25,false,2026-04-01 06:30:00
HS-005963,martinramirez5963@example.com,Barnes PLC,lead,11,Trade Show,enterprise,Canada,2026-03-18 01:55:33,false,2026-04-01 06:30:00
HS-005964,mcdonaldmegan5964@example.com,"Larsen, Hernandez and Ward",lead,25,Trade Show,SMB,Australia,2026-01-20 23:12:28,false,2026-04-01 06:30:00
HS-005965,billydavis5965@example.com,Moon-White,lead,22,outbound,MidMarket,Australia,2026-02-24 04:42:48,false,2026-04-01 06:30:00
HS-005966,eortega5966@example.com,"Zhang, Brooks and Miles",lead,33,inbound,smb,Germany,2025-12-06 06:38:05,false,2026-04-01 06:30:00
HS-005967,amanda755967@example.com,"Hicks, Bullock and Bailey",lead,13,Partner,smb,United Kingdom,2025-12-01 21:16:35,false,2026-04-01 06:30:00
HS-005968,stephanie145968@example.com,Cooper Ltd,lead,18,Inbound,SmallBiz,United States,2025-09-07 19:26:09,false,2026-04-01 06:30:00
HS-005969,palmerronald5969@example.com,Rose-Fowler,marketingqualifiedlead,84,Word of Mouth,MidMarket,United Kingdom,2025-10-03 11:34:43,false,2026-04-01 06:30:00
HS-005970,victoria825970@example.com,"Pierce, Bell and Chavez",lead,13,Event,MidMarket,Germany,2026-03-01 23:39:02,false,2026-04-01 06:30:00
HS-005971,adamboyd5971@example.com,Hernandez PLC,lead,17,Cold Outreach,Mid-Market,Australia,2025-09-02 10:47:14,false,2026-04-01 06:30:00
HS-005972,maryflores5972@example.com,Brown-Hernandez,lead,34,inbound,smb,United States,2026-02-14 06:08:21,false,2026-04-01 06:30:00
HS-005973,zhorton5973@example.com,"Alvarado, Miller and Patterson",lead,8,PPC,SMB,United Kingdom,2026-01-01 00:38:48,false,2026-04-01 06:30:00
HS-005974,daniel625974@example.com,"Parker, Ortiz and Powell",marketingqualifiedlead,64,Outbound,smb,Australia,2025-10-04 23:29:17,false,2026-04-01 06:30:00
HS-005975,deborahrobinson5975@example.com,Rodriguez Inc,lead,24,outbound,Mid-Market,Germany,2025-11-10 12:54:30,false,2026-04-01 06:30:00
HS-005976,pjohnson5976@example.com,King-Miller,lead,30,Content,Small Business,United Kingdom,2025-10-02 20:23:23,false,2026-04-01 06:30:00
HS-005977,jennifer695977@example.com,Sandoval-Cunningham,lead,27,Inbound,SmallBiz,Canada,2025-10-12 23:28:13,false,2026-04-01 06:30:00
HS-005978,gabriel675978@example.com,"Thomas, Ford and Brown",lead,19,inbound,Small Business,United States,2026-01-04 23:39:40,false,2026-04-01 06:30:00
HS-005979,sarah315979@example.com,"Guerrero, Peck and Coleman",marketingqualifiedlead,77,Paid,Small Business,Germany,2025-09-30 05:37:05,false,2026-04-01 06:30:00
HS-005980,alee5980@example.com,Burton-Brooks,marketingqualifiedlead,63,inbound,MidMarket,United States,2025-10-09 13:37:02,false,2026-04-01 06:30:00
HS-005981,lpowell5981@example.com,Brock-Mcdonald,lead,29,Paid,Small Business,Australia,2025-10-18 19:41:39,false,2026-04-01 06:30:00
HS-005982,dianemay5982@example.com,Smith and Sons,lead,15,Event,enterprise,Canada,2026-01-14 08:01:13,false,2026-04-01 06:30:00
HS-005983,watsontina5983@example.com,Hicks-Martinez,lead,10,Trade Show,ENT,Australia,2025-09-06 22:03:36,false,2026-04-01 06:30:00
HS-005984,harrisonvincent5984@example.com,Ray PLC,marketingqualifiedlead,51,Event,Mid Market,United Kingdom,2026-01-21 07:43:45,false,2026-04-01 06:30:00
HS-005985,kimberly655985@example.com,Osborn-Cochran,marketingqualifiedlead,64,outbound,Mid-Market,Canada,2025-09-22 10:36:20,false,2026-04-01 06:30:00
HS-005986,anna695986@example.com,Johnston-Odonnell,lead,17,IB,Mid Market,United Kingdom,2025-11-18 01:03:14,false,2026-04-01 06:30:00
HS-005987,mahoneysarah5987@example.com,Smith-Noble,marketingqualifiedlead,43,Trade Show,smb,Canada,2026-01-30 02:42:57,false,2026-04-01 06:30:00
HS-005988,dennishardy5988@example.com,Griffin Group,lead,30,Outbound,SmallBiz,United States,2025-10-29 13:48:44,false,2026-04-01 06:30:00
HS-005989,desireewilson5989@example.com,White Ltd,lead,24,Referral,smb,United States,2025-10-04 03:35:11,false,2026-04-01 06:30:00
HS-005990,hoopernicole5990@example.com,Curry Inc,marketingqualifiedlead,81,Inbound,MM,United States,2025-12-13 04:35:46,false,2026-04-01 06:30:00
HS-005991,thomascarey5991@example.com,"Parker, Ortiz and Powell",marketingqualifiedlead,83,inbound,SmallBiz,Australia,2025-09-20 01:11:29,false,2026-04-01 06:30:00
HS-005992,johnsonlisa5992@example.com,"Williams, Logan and Camacho",marketingqualifiedlead,61,IB,SMB,Canada,2026-01-28 07:01:49,false,2026-04-01 06:30:00
HS-005993,rstewart5993@example.com,Powell-Sanford,marketingqualifiedlead,74,PPC,smb,United Kingdom,2025-12-21 10:42:07,false,2026-04-01 06:30:00
HS-005994,jbrown5994@example.com,Garcia-Smith,lead,24,Content Download,SmallBiz,Australia,2026-01-21 04:14:41,false,2026-04-01 06:30:00
HS-005995,lisa795995@example.com,Bell-Lewis,marketingqualifiedlead,79,Inbound,Mid Market,Germany,2025-12-07 02:53:01,false,2026-04-01 06:30:00
HS-005996,jacqueline175996@example.com,Vargas PLC,marketingqualifiedlead,85,Paid Ads,MM,United States,2026-02-18 21:11:46,false,2026-04-01 06:30:00
HS-005997,ucrawford5997@example.com,"Watson, Smith and Morris",marketingqualifiedlead,86,Inbound,Small Business,United States,2025-08-31 01:47:46,false,2026-04-01 06:30:00
HS-005998,brittneyjones5998@example.com,"Chavez, Jones and Williams",lead,35,Channel,SMB,United Kingdom,2026-02-14 00:21:50,false,2026-04-01 06:30:00
HS-005999,cameronkaitlyn5999@example.com,Butler and Sons,lead,38,Word of Mouth,MM,United Kingdom,2026-01-06 22:24:01,false,2026-04-01 06:30:00
HS-006000,wpalmer6000@example.com,Davis PLC,marketingqualifiedlead,75,Paid Ads,MidMarket,United States,2025-12-22 22:52:06,false,2026-04-01 06:30:00
